rank,name,followers,er,audience_country,topic_of_influence,potential_reach,_platform,_country,_is_global,_year,category_unified,category_status,id,topic_of_influence_en
1,Rashid Khan @rashid.khan19,9100000.0,6.19,Afghanistan,Cricket Sports,2700000.0,instagram,afghanistan,False,2024,Sports,MAPPED,,
2,GYM VOGUE @thegymvogue,5100000.0,,Afghanistan,Fitness Fitness and Health,1500000.0,instagram,afghanistan,False,2024,Sports,MAPPED,,
3,Steve McCurry @stevemccurryofficial,3600000.0,1.07,Afghanistan,Art,1100000.0,instagram,afghanistan,False,2024,Lifestyle,MAPPED,,
4,د. وسيم يوسف @waseem_yousef,3300000.0,0.19,Afghanistan,Celebrities,993100.0,instagram,afghanistan,False,2024,Entertainment,MAPPED,,
5,AHMAD SAEEDI / احمد سعيدي @ahmadsaeedi1,3200000.0,1.71,Afghanistan,Music Singer Songwriting,948300.0,instagram,afghanistan,False,2024,Music,MAPPED,,
6,Shakila Mohseni @shakila.music,2200000.0,2.86,Afghanistan,Art,653100.0,instagram,afghanistan,False,2024,Lifestyle,MAPPED,,
7,𝝠𝗥𝗬𝝠𝗡𝝠 𝗦𝝠𝗬𝗘𝗘𝗗 👑 آریانا سعید @aryanasayeedofficial,1900000.0,0.35,Afghanistan,Entertainment and Music Romance and Wedding Music Singer,583700.0,instagram,afghanistan,False,2024,Beauty&Fashion,MAPPED,,
8,غزل سادات Ghazal Sadat @officialghazalsadat,1700000.0,1.82,Afghanistan,Beauty and Self Care Fashion and Accessories Modeling,511700.0,instagram,afghanistan,False,2024,Beauty&Fashion,MAPPED,,
9,GHEZAAL ENAYAT ❤️‍🔥🎙غزال عنایت @ghezaalmusic,1700000.0,0.86,Afghanistan,Entertainment and Music Music,510900.0,instagram,afghanistan,False,2024,Music,MAPPED,,
10,Rahmanullah Gurbaz @rahmanullah.gurbaz,1500000.0,8.86,Afghanistan,Sports,459600.0,instagram,afghanistan,False,2024,Sports,MAPPED,,
11,Zainab Ameeri @zainab_ameeri,1400000.0,0.79,Afghanistan,,434200.0,instagram,afghanistan,False,2024,,,,
12,ApoRed @apored,1400000.0,2.6,Afghanistan,Art,426800.0,instagram,afghanistan,False,2024,Lifestyle,MAPPED,,
13,مریم معصومی @maryammasoumi_,1400000.0,2.58,Afghanistan,Acting and Drama Celebrity Modeling,408200.0,instagram,afghanistan,False,2024,Beauty&Fashion,MAPPED,,
14,Qays Sheikh Najib @qayssheikhnajibofficial,1300000.0,1.7,Afghanistan,Acting and Drama,398000.0,instagram,afghanistan,False,2024,Entertainment,MAPPED,,
15,Ziba Ghafar @zebagulley,1100000.0,0.3,Afghanistan,Travel Food,330200.0,instagram,afghanistan,False,2024,Lifestyle,MAPPED,,
16,Fatima Esmat ف @esmatfatima,1100000.0,4.5,Afghanistan,Art Modeling,325900.0,instagram,afghanistan,False,2024,Beauty&Fashion,MAPPED,,
17,💗🇦🇫AFG_love_official🇦🇫💗 @afg_.loves,1000000.0,0.1,Afghanistan,,309400.0,instagram,afghanistan,False,2024,,,,
18,Seeta_Qasemie سیتا قاسمی🧿 @seetaqasemieofficial,1000000.0,0.68,Afghanistan,Entertainment and Music Music,304500.0,instagram,afghanistan,False,2024,Music,MAPPED,,
19,KEHINDE BANKOLE @_kehindebankole,984600.0,2.29,Afghanistan,Entertainment and Music Acting and Drama Celebrity Entertainment,295400.0,instagram,afghanistan,False,2024,Music,MAPPED,,
20,AfghanBollywood @afghanbollywood,948800.0,0.04,Afghanistan,Entertainment and Music,284600.0,instagram,afghanistan,False,2024,Music,MAPPED,,
21,AFGHAN FACE @afghanface,928700.0,0.19,Afghanistan,Entertainment and Music Photography Music News,278600.0,instagram,afghanistan,False,2024,Knowledge&Info,MAPPED,,
22,Qais Ulfat @qaisulfat,855200.0,1.22,Afghanistan,Entertainment and Music Celebrity Singer Music,256600.00000000003,instagram,afghanistan,False,2024,Music,MAPPED,,
23,Maryam Khorami مريم خُرمي @maryam.khorami,836400.0,1.6,Afghanistan,Entertainment and Music,250900.0,instagram,afghanistan,False,2024,Music,MAPPED,,
24,⃟🧿𝔒𝔣𝔣𝔦𝔠𝔦𝔞𝔩𝔪𝔬𝔷𝔥𝔡𝔞𝔥𝔣𝔭 ⃟🧿 @officialwelovemozhdah,792200.0,0.4,Afghanistan,,237700.0,instagram,afghanistan,False,2024,,,,
25,Ali @aliabdelaziz000,744400.0,1.0,Afghanistan,Fitness and Health Outdoor Activity Sports Coaching,223300.0,instagram,afghanistan,False,2024,Sports,MAPPED,,
26,Ziba Hamidi @ziba.hamidiofficial,697300.0,0.81,Afghanistan,Beauty and Self Care Music,209200.0,instagram,afghanistan,False,2024,Beauty&Fashion,MAPPED,,
27,BIG BINO🤴 @kayumbaasosie,682800.0,0.22,Afghanistan,Entertainment and Music Music Singer,204800.0,instagram,afghanistan,False,2024,Music,MAPPED,,
28,Dr.Ramsha Shafa @dr.ramshashafa,614600.0,0.4,Afghanistan,Entertainment and Music Singer Music,184400.0,instagram,afghanistan,False,2024,Music,MAPPED,,
29,ARG @arg1880,549900.0,0.76,Afghanistan,,165000.0,instagram,afghanistan,False,2024,,,,
30,Farhad Darya @farhaddaryaofficial,533000.0,0.79,Afghanistan,Entertainment and Music Singer Music Songwriting,159900.0,instagram,afghanistan,False,2024,Music,MAPPED,,
31,❤️🇦🇫afg__.love🇦🇫❤️ @afg__.love,531100.0,0.1,Afghanistan,,159300.0,instagram,afghanistan,False,2024,,,,
32,Afghanmedia1🇦🇫 @afghan_media1,504600.0,0.05,Afghanistan,,151400.0,instagram,afghanistan,False,2024,,,,
33,zahra @zahr4,483200.0,4.17,Afghanistan,,145000.0,instagram,afghanistan,False,2024,,,,
34,Afghan clips افغان کلیپ @afghan.live,476300.0,0.15,Afghanistan,,142900.0,instagram,afghanistan,False,2024,,,,
35,Afghanistan Online @afghanistan.online,470200.0,0.23,Afghanistan,,141100.0,instagram,afghanistan,False,2024,,,,
36,Frouzan M. 💄🇦🇫🇨🇦 @froartistry,465000.0,0.94,Afghanistan,Beauty and Self Care Marketing and Advertising Hair & Beauty Celebrities,139500.0,instagram,afghanistan,False,2024,Beauty&Fashion,MAPPED,,
37,اخبار افغانستان Online News @afghanistan_news____,460600.0,0.3,Afghanistan,,138200.0,instagram,afghanistan,False,2024,,,,
38,Dr Nadia Nadim @nadi9nadim,450200.0,0.84,Afghanistan,Sports Coaching Modeling,135000.0,instagram,afghanistan,False,2024,Sports,MAPPED,,
39,AF WORLD by AFLU @afluhere,441900.0,4.9,Afghanistan,Education Upskilling Business and Finance,132600.0,instagram,afghanistan,False,2024,Knowledge&Info,MAPPED,,
40,Kabul1400 @kabul1400,432700.0,0.83,Afghanistan,,129800.0,instagram,afghanistan,False,2024,,,,
41,Ariana News @ariananews.official,425100.0,0.1,Afghanistan,,127500.0,instagram,afghanistan,False,2024,,,,
42,❣️afghan__happy_offlcial🇦🇫 @afghan_happy_offlcial_2,423900.0,0.2,Afghanistan,,127200.0,instagram,afghanistan,False,2024,,,,
43,Afghan Fashion - افغان فيشن @afghan.fashions,421600.0,0.5,Afghanistan,Fashion and Accessories,126500.0,instagram,afghanistan,False,2024,Beauty&Fashion,MAPPED,,
44,Ali Hosseini @hazara_nationality90,416500.0,0.22,Afghanistan,Photography Modeling,124900.0,instagram,afghanistan,False,2024,Beauty&Fashion,MAPPED,,
45,Fatma Badran @maison.fatma,413300.0,0.19,Afghanistan,Fashion and Accessories,124000.0,instagram,afghanistan,False,2024,Beauty&Fashion,MAPPED,,
46,The Ohana Adventure @theohanaadventure,410700.0,0.93,Afghanistan,family Celebrity Acting,123200.0,instagram,afghanistan,False,2024,Entertainment,MAPPED,,
47,دختران افغانستان🇦🇫 @afghanistan.girls,404300.0,0.11,Afghanistan,,121300.0,instagram,afghanistan,False,2024,,,,
48,𝐒𝐄𝐄𝐓𝐀★سیتا @seeta_qasmie_page,395400.0,0.15,Afghanistan,,118600.0,instagram,afghanistan,False,2024,,,,
49,𝐇𝐚𝐧𝐢𝐲𝐞 𝐇𝐨𝐬𝐬𝐚𝐢𝐧𝐢 @haniyemazariofficial,393500.0,1.54,Afghanistan,,118000.0,instagram,afghanistan,False,2024,,,,
50,Dr. Abdullah Abdullah @abdullahabdullah.af,387800.0,1.12,Afghanistan,,116300.0,instagram,afghanistan,False,2024,,,,
51,Shafiqa shamel @shafiqa_shamel,386600.0,0.4,Afghanistan,Beauty and Self Care family,116000.0,instagram,afghanistan,False,2024,Beauty&Fashion,MAPPED,,
52,Fatima Rasa @fatima.rasa777,379400.0,0.4,Afghanistan,,113800.0,instagram,afghanistan,False,2024,,,,
53,deltange_watan🇦🇫 @deltange_watan,377700.0,0.3,Afghanistan,,113300.0,instagram,afghanistan,False,2024,,,,
54,Afghanistan Cricket Board @afghanistancricketboard,374200.0,34.39,Afghanistan,Sports Cricket,112200.0,instagram,afghanistan,False,2024,Sports,MAPPED,,
55,Bilal F Mohammad @alihealth_1,364000.0,9.82,Afghanistan,Fitness and Health,109200.0,instagram,afghanistan,False,2024,Sports,MAPPED,,
56,لايك بزن و بخند 😂✌️(official) @afg.joooke,359500.0,0.49,Afghanistan,,107800.0,instagram,afghanistan,False,2024,,,,
57,Afghan 🖤❤️ 💚🇦🇫 @afghan.insta_12,344900.0,0.4,Afghanistan,,103500.0,instagram,afghanistan,False,2024,,,,
58,Anil Jan @i.aniljan,343200.0,,Afghanistan,,103000.0,instagram,afghanistan,False,2024,,,,
59,Moe Shalizi @shalizi,340100.0,1.09,Afghanistan,Entertainment and Music Home and Garden Coaching Actors,102000.0,instagram,afghanistan,False,2024,Music,MAPPED,,
60,Sahar Saidi @saharariyanmusic,330700.0,0.81,Afghanistan,,99200.0,instagram,afghanistan,False,2024,,,,
61,ariana.ar.news @ariana.ar.news,330200.0,0.3,Afghanistan,,99100.0,instagram,afghanistan,False,2024,,,,
62,Afghan Saiyan .🇦🇫🔥...🎬CLIPS ♠🔵 @afghan_star_clips_,324500.0,0.1,Afghanistan,Entertainment and Music,97400.0,instagram,afghanistan,False,2024,Music,MAPPED,,
63,🕊khoshy 🕊 @khoshy_rabi,321500.0,4.5,Afghanistan,,96500.0,instagram,afghanistan,False,2024,,,,
64,Kabul Music @kabul_music,315400.0,0.22,Afghanistan,Entertainment and Music Funny Celebrity News,94600.0,instagram,afghanistan,False,2024,Knowledge&Info,MAPPED,,
65,Ali Fareedon | علي فريدون @alifareedon.official,300000.0,0.3,Afghanistan,Acting and Drama,90000.0,instagram,afghanistan,False,2024,Entertainment,MAPPED,,
66,Jawid Sharif @jawidsharifmusicofficial,293900.0,0.4,Afghanistan,Entertainment and Music,88200.0,instagram,afghanistan,False,2024,Music,MAPPED,,
67,شيمـاء رحيمـي @shaimarahimi,292200.0,0.19,Afghanistan,Entertainment and Music Fashion and Accessories Beauty and Self Care Business and Finance,87700.0,instagram,afghanistan,False,2024,Beauty&Fashion,MAPPED,,
68,Afghan▕ Turkish▕ Iranian @afghanwedding_,291000.0,0.12,Afghanistan,Romance and Wedding Parenting Marketing and Advertising Events,87300.0,instagram,afghanistan,False,2024,Beauty&Fashion,MAPPED,,
69,Najiba Faiz Queen نجيبه فيض @najiba_queen,287900.0,0.02,Afghanistan,Entertainment and Music,86400.0,instagram,afghanistan,False,2024,Music,MAPPED,,
70,افغان_طنز @afghan_tanzz,285000.0,0.1,Afghanistan,,85500.0,instagram,afghanistan,False,2024,,,,
71,Faisal Tabibzada @kingrolexx,283600.0,1.7,Afghanistan,,85100.0,instagram,afghanistan,False,2024,,,,
72,The Royal Afghan @the.royal.afghan,283500.0,0.65,Afghanistan,,85100.0,instagram,afghanistan,False,2024,,,,
73,Afghan Star 14⚡صدیقه مددگار @sadiqa_madadgar,281700.0,2.45,Afghanistan,Music,84500.0,instagram,afghanistan,False,2024,Music,MAPPED,,
74,𝗔𝘀𝗵𝗸𝗮𝗻 𝗔𝗿𝗮𝗯 | اشكان عرب @ashkan_arab,269100.0,5.94,Afghanistan,Music,80700.0,instagram,afghanistan,False,2024,Music,MAPPED,,
75,🇦🇫__ShahDokht__Afghanistan__🇦🇫 @shahdokht___afg,267700.0,0.8,Afghanistan,,80300.0,instagram,afghanistan,False,2024,,,,
76,🇦🇫فالو❤ @shakofe.afghan,265300.0,0.2,Afghanistan,,79600.0,instagram,afghanistan,False,2024,,,,
77,Mansour Sahak @mansour_sahak,263700.0,28.07,Afghanistan,,79100.0,instagram,afghanistan,False,2024,,,,
78,AFGHAN ORG @afghanorg,261500.0,0.4,Afghanistan,Entertainment and Music Funny,78400.0,instagram,afghanistan,False,2024,Music,MAPPED,,
79,The Afghan @theafghan,257200.0,13.01,Afghanistan,,77200.0,instagram,afghanistan,False,2024,,,,
80,🔱معرفي جراحان بيني👃🏼 🔱 @jarahibinii,256600.00000000003,0.06,Afghanistan,Fashion Pets,77000.0,instagram,afghanistan,False,2024,Beauty&Fashion,MAPPED,,
81,Andro 🦋 @andro121,255900.0,1.01,Afghanistan,Entertainment and Music Television,76800.0,instagram,afghanistan,False,2024,Music,MAPPED,,
82,🇦🇫 Khaisto 🇦🇫 @decent_kochai,255400.0,1.2,Afghanistan,,76600.0,instagram,afghanistan,False,2024,,,,
83,Mohammad Nabi @mohammadnabi07,252400.0,4.5,Afghanistan,Sports Education Cricket,75700.0,instagram,afghanistan,False,2024,Sports,MAPPED,,
84,Salam Afghanistan @salamafghanistan1,251900.0,0.3,Afghanistan,,75600.0,instagram,afghanistan,False,2024,,,,
85,🇦🇫 فالو کن مره🤗 @sara420afg,251200.0,0.2,Afghanistan,,75400.0,instagram,afghanistan,False,2024,,,,
86,Afghanistan 🇦🇫🕊افغانستان @afghanistan.voice,240100.0,0.2,Afghanistan,,72000.0,instagram,afghanistan,False,2024,,,,
87,Shabana Mehryar @shabana_mehryar_music,237300.0,0.4,Afghanistan,,71200.0,instagram,afghanistan,False,2024,,,,
88,Aryana Sayeed Updates @aryanasayeed.updates,236600.0,0.47,Afghanistan,Entertainment and Music Modeling Music Entertainment,71000.0,instagram,afghanistan,False,2024,Beauty&Fashion,MAPPED,,
89,Q A I S E M A D Y @qais_emady,232800.0,0.2,Afghanistan,,69800.0,instagram,afghanistan,False,2024,,,,
90,NajibaFaiz Superstarنجيبه فيض @najibafaizsuperstar,230000.0,0.01,Afghanistan,,69000.0,instagram,afghanistan,False,2024,,,,
91,AFGHAN INSTA @afghan_insta,229600.0,0.19,Afghanistan,Photography Travel,68900.0,instagram,afghanistan,False,2024,Lifestyle,MAPPED,,
92,Edrees!! @edreessharifi,224800.0,5.58,Afghanistan,,67400.0,instagram,afghanistan,False,2024,,,,
93,Jawed Ibrahimi ★ 🇦🇫 ★ @jawed_ibrahimi786,221400.0,3.33,Afghanistan,,66400.0,instagram,afghanistan,False,2024,,,,
94,Daniel.Afg @afg.face.official,219300.0,0.4,Afghanistan,,65800.0,instagram,afghanistan,False,2024,,,,
95,#Teamwork#TagMeWhenSheReplies✌ @wemareplies,218600.0,0.3,Afghanistan,Entertainment and Music Singer,65600.0,instagram,afghanistan,False,2024,Music,MAPPED,,
96,queenafghanistan 🧿 @queenafghanistann,217200.0,0.1,Afghanistan,,65200.0,instagram,afghanistan,False,2024,,,,
97,Asma Nawid @asmanawid1,215800.0,1.61,Afghanistan,Romance and Wedding Celebrity,64700.0,instagram,afghanistan,False,2024,Beauty&Fashion,MAPPED,,
98,Mastora Akbari @mastora__akbari,207100.0,3.29,Afghanistan,Shopping,62100.0,instagram,afghanistan,False,2024,UNMAPPED,UNMAPPED,,
99,Afghan Vibes افغان وایب @afghanvibesofficial,205600.0,0.9,Afghanistan,,61700.0,instagram,afghanistan,False,2024,,,,
100,The Lady Star🌟 @zahra.elham.official,205400.0,3.6,Afghanistan,,61600.0,instagram,afghanistan,False,2024,,,,
1,Michael Björklund ,32600.0,3.49,Aland Islands,Food Business and Finance,9800.0,instagram,aland-islands,False,2024,Knowledge&Info,MAPPED,michaelbjorklundchef,
2,Thomas Winge ,17100.0,12.1,Aland Islands,,5100.0,instagram,aland-islands,False,2024,,,winge.fi,
3,Erkki Santamala ,10700.0,18.8,Aland Islands,Nature Photography,3200.0,instagram,aland-islands,False,2024,Lifestyle,MAPPED,nature_photo_erkki_santamala,
4,Margareta Magnusson ,10400.0,4.6,Aland Islands,Nature Design Interior Design,3100.0,instagram,aland-islands,False,2024,Lifestyle,MAPPED,marg.magnusson,
5,,8300.0,8.9,Aland Islands,Home and Garden,2500.0,instagram,aland-islands,False,2024,Lifestyle,MAPPED,nyauppgards,
6,Nya Åland ,4700.0,1.89,Aland Islands,Travel,1400.0,instagram,aland-islands,False,2024,Lifestyle,MAPPED,nyaaland,
7,"Smakbyn, Restaurang, Åland ",4700.0,2.15,Aland Islands,Food,1400.0,instagram,aland-islands,False,2024,Lifestyle,MAPPED,smakbyn,
8,Rockoff Festival ,3800.0,6.5,Aland Islands,Entertainment and Music,1100.0,instagram,aland-islands,False,2024,Music,MAPPED,rockoff_festival,
9,IFK Mariehamn ,2600.0,3.8,Aland Islands,Sports,786.0,instagram,aland-islands,False,2024,Sports,MAPPED,ifkmariehamn,
10,Zic Zac Butiken ,2400.0,3.2,Aland Islands,Fashion and Accessories,714.0,instagram,aland-islands,False,2024,Beauty&Fashion,MAPPED,ziczacbutiken,
11,Emmaus Åland ,2200.0,2.44,Aland Islands,Fashion and Accessories Home and Garden,663.0,instagram,aland-islands,False,2024,Beauty&Fashion,MAPPED,emmausaland,
12,PreGame🏝 ,2000.0,8.8,Aland Islands,Entertainment and Music,606.0,instagram,aland-islands,False,2024,Music,MAPPED,prodbypregame,
13,Eric Engström&Viktor Gestberg ,1500.0,12.2,Aland Islands,Outdoor Activity,453.0,instagram,aland-islands,False,2024,Sports,MAPPED,ev_hunting,
1,Cristiano Ronaldo @cristiano,625100000.0,0.01,Portugal,Finance Soccer,187500000.0,instagram,all-countries,True,2024,Sports,MAPPED,,
2,Leo Messi @leomessi,501100000.0,0.01,Argentina,Sports Soccer Activity General General Interest,150300000.0,instagram,all-countries,True,2024,Sports,MAPPED,,
3,Selena Gomez @selenagomez,429700000.0,1.09,United States,Beauty and Self Care Entertainment and Music Music Actors,128900000.0,instagram,all-countries,True,2024,Beauty&Fashion,MAPPED,,
4,Kylie @kyliejenner,400500000.0,,United States,Beauty and Self Care Product Showcase Modeling Public Figure,120100000.0,instagram,all-countries,True,2024,Beauty&Fashion,MAPPED,,
5,Dwayne Johnson @therock,397800000.0,0.13,United States,Entertainment and Music Actors Public Figure,119300000.0,instagram,all-countries,True,2024,Music,MAPPED,,
6,Ariana Grande @arianagrande,380300000.0,0.58,United States,Entertainment and Music Music Singer Actors,114100000.0,instagram,all-countries,True,2024,Music,MAPPED,,
7,Kim Kardashian @kimkardashian,364300000.0,0.32,United States,Fashion and Accessories Beauty and Self Care Actors Public Figure,109300000.0,instagram,all-countries,True,2024,Beauty&Fashion,MAPPED,,
8,Beyoncé @beyonce,319900000.0,0.48,United States,Music Singer,96000000.0,instagram,all-countries,True,2024,Music,MAPPED,,
9,Khloé Kardashian @khloekardashian,310600000.0,0.19,United States,Fashion and Accessories Modeling Public Figure,93200000.0,instagram,all-countries,True,2024,Beauty&Fashion,MAPPED,,
10,Kendall @kendalljenner,294700000.0,1.12,,Food Fashion and Accessories Modeling Fashion Model,88400000.0,instagram,all-countries,True,2024,Beauty&Fashion,MAPPED,,
11,Justin Bieber @justinbieber,293000000.0,0.37,Canada,Entertainment and Music Music Singer Musician,87900000.0,instagram,all-countries,True,2024,Music,MAPPED,,
12,Taylor Swift @taylorswift,283400000.0,,United States,Entertainment and Music Music Singer Songwriting,85000000.0,instagram,all-countries,True,2024,Music,MAPPED,,
13,Virat Kohli @virat.kohli,267100000.00000003,0.02,India,Sports Cricket Athlete,80100000.0,instagram,all-countries,True,2024,Sports,MAPPED,,
14,Jennifer Lopez @jlo,253600000.0,0.01,United States,Art Food and Drink Entertainment and Music Celebrity,76100000.0,instagram,all-countries,True,2024,Music,MAPPED,,
15,Barbie @nickiminaj,229400000.0,0.18,,Fashion and Accessories Singer Artist,68800000.0,instagram,all-countries,True,2024,Beauty&Fashion,MAPPED,,
16,Kourtney Kardashian Barker @kourtneykardash,224300000.0,0.5,United States,Entertainment and Music Business and Finance Modeling Actors,67300000.0,instagram,all-countries,True,2024,Beauty&Fashion,MAPPED,,
17,Neymar Jr @neymarjr,220100000.0,,Brazil,Sports Soccer Athlete,66000000.0,instagram,all-countries,True,2024,Sports,MAPPED,,
18,Miley Cyrus @mileycyrus,217200000.0,0.01,United States,Music,65099999.99999999,instagram,all-countries,True,2024,Music,MAPPED,,
19,KATY PERRY @katyperry,207100000.0,0.01,United States,Entertainment and Music Music Singer Bands Musicians,62100000.0,instagram,all-countries,True,2024,Music,MAPPED,,
20,Zendaya @zendaya,184800000.0,2.92,United States,Entertainment and Music Acting and Drama Celebrity Actors,55500000.0,instagram,all-countries,True,2024,Music,MAPPED,,
21,Kevin Hart @kevinhart4real,180200000.0,0.06,United States,Entertainment and Music Comedian Creators & Celebrities,54100000.0,instagram,all-countries,True,2024,Music,MAPPED,,
22,Cardi B @iamcardib,169000000.0,1.05,United States,Entertainment and Music Singer Hair & Beauty Celebrities,50700000.0,instagram,all-countries,True,2024,Beauty&Fashion,MAPPED,,
23,👑 @kingjames,157700000.0,0.96,,Sports Basketball,47300000.0,instagram,all-countries,True,2024,Sports,MAPPED,,
24,Demi Lovato @ddlovato,157300000.0,0.01,United States,Entertainment and Music Singer Songwriting Music,47200000.0,instagram,all-countries,True,2024,Music,MAPPED,,
25,badgalriri @badgalriri,152600000.0,0.01,,Music Singer,45800000.0,instagram,all-countries,True,2024,Music,MAPPED,,
26,Real Madrid C.F. @realmadrid,148100000.0,0.2,,Entertainment and Music Sports Soccer,44400000.0,instagram,all-countries,True,2024,Sports,MAPPED,,
27,BROWN @chrisbrownofficial,144200000.0,0.23,,Art Singer Artist,43300000.0,instagram,all-countries,True,2024,Music,MAPPED,,
28,champagnepapi @champagnepapi,143900000.0,0.92,,Entertainment and Music Singer Rap,43200000.0,instagram,all-countries,True,2024,Music,MAPPED,,
29,Ellen DeGeneres @ellendegeneres,139600000.0,0.02,United States,Celebrity TV Shows Comedy Actors,41900000.0,instagram,all-countries,True,2024,Entertainment,MAPPED,,
30,Kylian Mbappé @k.mbappe,111700000.0,2.54,France,Sports Business and Finance Home and Garden Soccer,33500000.0,instagram,all-countries,True,2024,Sports,MAPPED,,
31,BILLIE EILISH @billieeilish,110200000.0,0.03,United States,Art Singer,33100000.0,instagram,all-countries,True,2024,Music,MAPPED,,
32,Gal Gadot @gal_gadot,109200000.0,0.16,Israel,Entertainment and Music Food Actors Artist,32700000.000000004,instagram,all-countries,True,2024,Music,MAPPED,,
33,Vin Diesel @vindiesel,102800000.0,0.64,United States,Producers Director Actors,30800000.0,instagram,all-countries,True,2024,Music,MAPPED,,
34,LISA @lalalalisa_m,102200000.0,7.02,South Korea,Singer,30700000.0,instagram,all-countries,True,2024,Music,MAPPED,,
35,Priyanka @priyankachopra,90700000.0,0.72,,Actors Artist Creators & Celebrities,27200000.0,instagram,all-countries,True,2024,Entertainment,MAPPED,,
36,Shakira @shakira,90500000.0,0.02,,Music Singer Musician Band,27200000.0,instagram,all-countries,True,2024,Music,MAPPED,,
37,DUA LIPA @dualipa,88700000.0,1.05,United States,Entertainment and Music Singer Artist,26600000.0,instagram,all-countries,True,2024,Music,MAPPED,,
38,Narendra Modi @narendramodi,87300000.0,2.23,India,Politics,26200000.0,instagram,all-countries,True,2024,Knowledge&Info,MAPPED,,
39,David Beckham @davidbeckham,87000000.0,0.64,United Kingdom,Sports Soccer Public Figure,26100000.0,instagram,all-countries,True,2024,Sports,MAPPED,,
40,snoopdogg @snoopdogg,84700000.0,0.06,,Entertainment and Music Music Food Chef,25400000.0,instagram,all-countries,True,2024,Music,MAPPED,,
41,Shraddha ✶ @shraddhakapoor,84200000.0,1.99,,Beauty and Self Care Celebrity Actors Actor,25200000.0,instagram,all-countries,True,2024,Beauty&Fashion,MAPPED,,
42,J @jennierubyjane,84000000.0,5.14,,Singer,25200000.0,instagram,all-countries,True,2024,Music,MAPPED,,
43,Alia Bhatt 💛 @aliaabhatt,83700000.0,0.02,India,Acting and Drama Celebrity Actors Actor,25100000.0,instagram,all-countries,True,2024,Entertainment,MAPPED,,
44,Khabane Lame @khaby00,79700000.0,1.17,Italy,Entertainment and Music Funny Education Life and Society,23900000.0,instagram,all-countries,True,2024,Knowledge&Info,MAPPED,,
45,Katrina Kaif @katrinakaif,79700000.0,0.87,India,Beauty and Self Care Celebrity Actors Actor,23900000.0,instagram,all-countries,True,2024,Beauty&Fashion,MAPPED,,
46,दीपिका पादुकोण @deepikapadukone,78900000.0,2.18,India,Entertainment and Music Actors,23700000.0,instagram,all-countries,True,2024,Music,MAPPED,,
47,Gigi Hadid @gigihadid,78600000.0,1.74,United States,Fashion and Accessories Business and Finance Modeling TV Host,23600000.0,instagram,all-countries,True,2024,Beauty&Fashion,MAPPED,,
48,JISOO🪐 @sooyaaa__,77700000.0,4.57,,Art Singer,23300000.0,instagram,all-countries,True,2024,Music,MAPPED,,
49,Neha Kakkar @nehakakkar,77700000.0,0.77,India,Entertainment and Music Singer Musician,23300000.0,instagram,all-countries,True,2024,Music,MAPPED,,
50,ROSÉ @roses_are_rosie,76500000.0,5.26,,Entertainment and Music Singer Artist,23000000.0,instagram,all-countries,True,2024,Music,MAPPED,,
51,Karim Benzema @karimbenzema,76100000.0,1.42,France,Sports Entertainment and Music Soccer,22800000.0,instagram,all-countries,True,2024,Sports,MAPPED,,
52,Ronaldo de Assis Moreira @ronaldinho,75800000.0,0.35,Brazil,Sports Automotive Soccer,22700000.0,instagram,all-countries,True,2024,Sports,MAPPED,,
53,Emma Watson @emmawatson,75400000.0,1.41,United Kingdom,Entertainment and Music Fashion and Accessories Education Celebrity,22600000.0,instagram,all-countries,True,2024,Beauty&Fashion,MAPPED,,
54,Raffi Ahmad and Nagita Slavina @raffinagita1717,75300000.0,0.21,Indonesia,Entertainment and Music family Celebrity Marketing and Advertising,22600000.0,instagram,all-countries,True,2024,Knowledge&Info,MAPPED,,
55,BTS official @bts.bighitofficial,74400000.0,2.32,South Korea,Entertainment and Music Music Band Singer,22300000.0,instagram,all-countries,True,2024,Music,MAPPED,,
56,Shawn Mendes @shawnmendes,73000000.0,0.03,Brazil,Music Singer Songwriting Musician,21900000.0,instagram,all-countries,True,2024,Music,MAPPED,,
57,Justin Timberlake @justintimberlake,72500000.0,0.08,United States,Art Actors Entertainment Songwriting,21800000.0,instagram,all-countries,True,2024,Music,MAPPED,,
58,Abel Tesfaye @theweeknd,71800000.0,1.95,United States,Art Singer Artist,21500000.0,instagram,all-countries,True,2024,Music,MAPPED,,
59,Urvashi Rautela @urvashirautela,70300000.0,0.34,France,Art Beauty Acting and Drama Beauty and Self Care,21100000.0,instagram,all-countries,True,2024,Beauty&Fashion,MAPPED,,
60,Salman Khan @beingsalmankhan,69200000.0,1.59,India,Entertainment and Music Celebrity Actor,20800000.0,instagram,all-countries,True,2024,Music,MAPPED,,
61,Akshay Kumar @akshaykumar,68300000.0,0.02,India,Entertainment and Music Celebrity Actors Actor,20500000.0,instagram,all-countries,True,2024,Music,MAPPED,,
62,KAROL G @karolg,68300000.0,5.59,Colombia,"Entertainment and Music Humor Film, Music & Books Celebrities",20500000.0,instagram,all-countries,True,2024,Knowledge&Info,MAPPED,,
63,Marcelo Vieira @marcelotwelve,67600000.0,0.49,Brazil,Sports Soccer,20300000.0,instagram,all-countries,True,2024,Sports,MAPPED,,
64,camila @camila_cabello,66500000.0,1.42,United States,Entertainment and Music Celebrity Singer Music,20000000.0,instagram,all-countries,True,2024,Music,MAPPED,,
65,Tom Holland @tomholland2013,66500000.0,4.52,United Kingdom,Entertainment and Music Acting and Drama Actors,19900000.0,instagram,all-countries,True,2024,Music,MAPPED,,
66,AnushkaSharma1588 @anushkasharma,65200000.0,2.27,,Entertainment and Music Actors Artist,19500000.0,instagram,all-countries,True,2024,Music,MAPPED,,
67,Anitta 🎤 @anitta,65099999.99999999,0.6,Brazil,Art Entertainment and Music Music Singer,19500000.0,instagram,all-countries,True,2024,Music,MAPPED,,
68,Will Smith @willsmith,64700000.0,0.28,United States,Entertainment and Music Producers Hip hop music Artist,19400000.0,instagram,all-countries,True,2024,Music,MAPPED,,
69,V @thv,64700000.0,18.09,,Art Artist,19400000.0,instagram,all-countries,True,2024,Lifestyle,MAPPED,,
70,Zlatan Ibrahimović @iamzlatanibrahimovic,64300000.0,0.46,Sweden,Fashion and Accessories Auto and Vehicles Soccer,19300000.0,instagram,all-countries,True,2024,Sports,MAPPED,,
71,MALUMA @maluma,63900000.0,1.27,Colombia,Entertainment and Music Music Singer,19200000.0,instagram,all-countries,True,2024,Music,MAPPED,,
72,Mohamed Salah @mosalah,63500000.0,1.37,Egypt,Sports,19000000.0,instagram,all-countries,True,2024,Sports,MAPPED,,
73,Millie Bobby Brown @milliebobbybrown,63300000.0,0.02,United Kingdom,Celebrity Actors,19000000.0,instagram,all-countries,True,2024,Entertainment,MAPPED,,
74,Manchester United @manchesterunited,63000000.0,0.37,,Sports Fashion and Accessories Soccer,18900000.0,instagram,all-countries,True,2024,Sports,MAPPED,,
75,Sergio Ramos @sergioramos,62800000.0,1.14,Spain,Sports Soccer,18800000.0,instagram,all-countries,True,2024,Sports,MAPPED,,
76,Leonardo DiCaprio @leonardodicaprio,62100000.0,0.2,United States,Entertainment and Music Celebrity Actors Producers,18600000.0,instagram,all-countries,True,2024,Music,MAPPED,,
77,Zac Efron @zacefron,62000000.0,0.02,United States,Actors,18600000.0,instagram,all-countries,True,2024,Entertainment,MAPPED,,
78,Paul Labile Pogba @paulpogba,61100000.0,0.89,France,Sports,18300000.0,instagram,all-countries,True,2024,Sports,MAPPED,,
79,disha patani (paatni) 🦋 @dishapatani,61000000.0,0.61,India,Celebrity Actors,18300000.0,instagram,all-countries,True,2024,Entertainment,MAPPED,,
80,Bella 🦋 @bellahadid,60900000.0,1.83,United States,Technology Modeling Scientist,18300000.0,instagram,all-countries,True,2024,Beauty&Fashion,MAPPED,,
81,Juventus @juventus,60400000.0,0.2,Italy,Sports Soccer Sports Team Creators & Celebrities,18100000.0,instagram,all-countries,True,2024,Sports,MAPPED,,
82,Whindersson Nunes @whinderssonnunes,59700000.0,1.02,Brazil,Entertainment and Music Funny Celebrity Comedy,17900000.0,instagram,all-countries,True,2024,Music,MAPPED,,
83,Chris Hemsworth @chrishemsworth,58500000.0,1.6,Australia,Actors,17500000.0,instagram,all-countries,True,2024,Entertainment,MAPPED,,
84,Georgina Rodríguez @georginagio,58100000.0,0.03,Spain,Books Lifestyle Modeling,17400000.0,instagram,all-countries,True,2024,Beauty&Fashion,MAPPED,,
85,BLΛƆKPIИK @blackpinkofficial,57900000.0,0.02,,Entertainment and Music Music Band Musician Band,17400000.0,instagram,all-countries,True,2024,Music,MAPPED,,
86,Paulo Dybala @paulodybala,57600000.0,2.07,Argentina,Sports Soccer,17300000.0,instagram,all-countries,True,2024,Sports,MAPPED,,
87,Tata Werneck @tatawerneck,57200000.0,0.02,Brazil,Entertainment and Music Actors Artist,17200000.0,instagram,all-countries,True,2024,Music,MAPPED,,
88,Robert Downey Jr. @robertdowneyjr,57200000.0,0.62,United States,Actors,17100000.0,instagram,all-countries,True,2024,Entertainment,MAPPED,,
89,Michelle Obama @michelleobama,57100000.0,0.25,,Books Pets Author Creators & Celebrities,17100000.0,instagram,all-countries,True,2024,Knowledge&Info,MAPPED,,
90,Ayu Tingting @ayutingting92,56800000.0,0.02,Indonesia,Beauty and Self Care Celebrity Music Lifestyle,17000000.0,instagram,all-countries,True,2024,Beauty&Fashion,MAPPED,,
91,Lady Gaga @ladygaga,56400000.0,0.96,United States,Shopping Music Singer Songwriting,16900000.0,instagram,all-countries,True,2024,Music,MAPPED,,
92,Wardell Curry @stephencurry30,56400000.0,0.9,United States,Sports Basketball Athlete Creators & Celebrities,16900000.0,instagram,all-countries,True,2024,Sports,MAPPED,,
93,Adele @adele,55900000.0,4.14,United Kingdom,Singer Music,16800000.0,instagram,all-countries,True,2024,Music,MAPPED,,
94,Prilly Latuconsina @prillylatuconsina96,55700000.0,0.02,Indonesia,Entertainment and Music Fashion and Accessories Celebrity Actors,16700000.0,instagram,all-countries,True,2024,Beauty&Fashion,MAPPED,,
95,Kriti @kritisanon,55500000.0,0.87,,Art Modeling Artist,16600000.000000002,instagram,all-countries,True,2024,Beauty&Fashion,MAPPED,,
96,Sunny Leone @sunnyleone,55300000.0,0.27,India,Beauty and Self Care Modeling Actors Actor,16600000.000000002,instagram,all-countries,True,2024,Beauty&Fashion,MAPPED,,
97,Burak Özdemir @cznburak,54600000.0,0.03,Turkey,Food Music Chef,16399999.999999998,instagram,all-countries,True,2024,Music,MAPPED,,
98,Larissa Manoela @larissamanoela,54300000.0,0.21,Brazil,Art Acting and Drama Fashion and Accessories Entertainment and Music,16300000.0,instagram,all-countries,True,2024,Beauty&Fashion,MAPPED,,
99,HUDA BEAUTY @hudabeauty,54100000.0,0.05,United Arab Emirates,Beauty and Self Care Blogger Creators & Celebrities,16200000.0,instagram,all-countries,True,2024,Beauty&Fashion,MAPPED,,
100,Nusr_et#Saltbae @nusr_et,54000000.0,0.16,United States,Food Business and Finance Chef,16200000.0,instagram,all-countries,True,2024,Knowledge&Info,MAPPED,,
1,Leo Messi @leomessi,501100000.0,0.01,Argentina,Sports Soccer Activity General General Interest,150300000.0,instagram,argentina,False,2024,Sports,MAPPED,,
2,Paulo Dybala @paulodybala,57600000.0,2.07,Argentina,Sports Soccer,17300000.0,instagram,argentina,False,2024,Sports,MAPPED,,
3,Antonela Roccuzzo @antonelaroccuzzo,38200000.0,7.06,Argentina,family Modeling,11500000.0,instagram,argentina,False,2024,Beauty&Fashion,MAPPED,,
4,Sergio Leonel Agüero @kunaguero,31000000.0,1.68,Argentina,,9300000.0,instagram,argentina,False,2024,,,,
5,Ángel Di María @angeldimariajm,26500000.0,1.35,Argentina,Sports Marketing and Advertising Soccer Lifestyle,7900000.0,instagram,argentina,False,2024,Sports,MAPPED,,
6,Wanda Nara @wanda_nara,16800000.0,2.21,Argentina,Beauty and Self Care Fashion and Accessories Journalists,5000000.0,instagram,argentina,False,2024,Beauty&Fashion,MAPPED,,
7,𝗟𝘂𝗶𝘀 𝗙𝗼𝗻𝘀𝗶 @luisfonsi,14600000.0,0.8,Argentina,Entertainment and Music Music Singer,4400000.0,instagram,argentina,False,2024,Music,MAPPED,,
8,Maria Becerra @mariabecerra,13800000.0,2.85,Argentina,Entertainment and Music Actors,4100000.0,instagram,argentina,False,2024,Music,MAPPED,,
9,Selección Argentina @afaseleccion,12800000.0,2.75,Argentina,Sports Soccer,3800000.0,instagram,argentina,False,2024,Sports,MAPPED,,
10,𝙈𝘼𝙐𝙍𝙊 𝙄𝘾𝘼𝙍𝘿𝙄 @mauroicardi,11800000.0,5.67,Argentina,Sports Soccer,3500000.0,instagram,argentina,False,2024,Sports,MAPPED,,
11,Lautaro Javier Martinez @lautaromartinez,10900000.0,2.65,Argentina,Sports Actors Journalists,3300000.0,instagram,argentina,False,2024,Sports,MAPPED,,
12,Marcelo Tinelli @marcelotinelli,10700000.0,0.76,Argentina,Entertainment and Music Actors Journalists,3200000.0,instagram,argentina,False,2024,Knowledge&Info,MAPPED,,
13,Agus Bernasconi @agusbernasconi07,9200000.0,1.45,Argentina,Actors Music,2800000.0,instagram,argentina,False,2024,Music,MAPPED,,
14,Alejo Igoa @alejoigoa,9100000.0,4.86,Argentina,Entertainment and Music Lifestyle,2700000.0,instagram,argentina,False,2024,Music,MAPPED,,
15,René Pérez Joglar @residente,8600000.0,2.97,Argentina,Entertainment and Music Actors Music,2600000.0,instagram,argentina,False,2024,Music,MAPPED,,
16,Ricardo Montaner @montaner,8600000.0,0.48,Argentina,Music Songwriting,2600000.0,instagram,argentina,False,2024,Music,MAPPED,,
17,Cande Molfese @candemolfese,8500000.0,0.36,Argentina,Acting and Drama Actors,2500000.0,instagram,argentina,False,2024,Entertainment,MAPPED,,
18,Diego Maradona @maradona,8400000.0,1.72,Argentina,Entertainment and Music,2500000.0,instagram,argentina,False,2024,Music,MAPPED,,
19,Boca Juniors @bocajrsoficial,8199999.999999999,1.02,Argentina,Sports,2500000.0,instagram,argentina,False,2024,Sports,MAPPED,,
20,Pampita @pampitaoficial,7800000.0,0.46,Argentina,Actors Modeling Fashion,2300000.0,instagram,argentina,False,2024,Beauty&Fashion,MAPPED,,
21,Marley @marley_ok,7700000.0,0.18,Argentina,Entertainment and Music Actors,2300000.0,instagram,argentina,False,2024,Music,MAPPED,,
22,Natan Bianco @natan.biancoo,7500000.0,1.97,Argentina,,2300000.0,instagram,argentina,False,2024,,,,
23,River Plate @riverplate,7000000.0,2.81,Argentina,Sports Soccer,2100000.0,instagram,argentina,False,2024,Sports,MAPPED,,
24,Luisana Lopilato @luisanalopilato,6800000.0,0.25,Argentina,Acting and Drama family Celebrity Moms,2000000.0,instagram,argentina,False,2024,Entertainment,MAPPED,,
25,Lizy Tagliani @lizytagliani,6800000.0,0.3,Argentina,Acting and Drama Actors Journalists,2000000.0,instagram,argentina,False,2024,Knowledge&Info,MAPPED,,
26,Sol Perez @lasobrideperez,6600000.0,0.85,Argentina,Fitness and Health Beauty and Self Care Actors,2000000.0,instagram,argentina,False,2024,Sports,MAPPED,,
27,LA CHINA @sangrejaponesa,6600000.0,2.7,Argentina,Acting and Drama Actors,2000000.0,instagram,argentina,False,2024,Entertainment,MAPPED,,
28,Florencia Peña @flor_de_p,6400000.0,0.34,Argentina,Entertainment and Music Fashion and Accessories Actors Modeling,1900000.0,instagram,argentina,False,2024,Beauty&Fashion,MAPPED,,
29,Javi Mascherano @mascherano14,6300000.0,3.49,Argentina,Sports,1900000.0,instagram,argentina,False,2024,Sports,MAPPED,,
30,Cinthia Fernandez @cinthia_fernandez_,6000000.0,1.41,Argentina,family Actors,1800000.0,instagram,argentina,False,2024,Entertainment,MAPPED,,
31,FLOR VIGNA @florivigna,5700000.0,0.84,Argentina,Entertainment and Music Actors Artist,1700000.0,instagram,argentina,False,2024,Music,MAPPED,,
32,Laurita Fernández @holasoylaurita,5000000.0,0.34,Argentina,Actors,1500000.0,instagram,argentina,False,2024,Entertainment,MAPPED,,
33,Donato @thedonato,4900000.0,2.87,Argentina,Events Actors,1500000.0,instagram,argentina,False,2024,Entertainment,MAPPED,,
34,Agus Liporace @kulinaria.recetas,4700000.0,4.27,Argentina,,1400000.0,instagram,argentina,False,2024,,,,
35,𝕷𝖊𝖑𝖊’ @candelariatinelli,4600000.0,0.39,Argentina,Marketing and Advertising Actors,1400000.0,instagram,argentina,False,2024,Knowledge&Info,MAPPED,,
36,◬ Nestor En Bloque ◬ @nestor_nblq,4600000.0,2.3,Argentina,Entertainment and Music,1400000.0,instagram,argentina,False,2024,Music,MAPPED,,
37,𝗔𝗺𝗮𝗿𝗮 𝗾𝘂𝗲 𝗹𝗶𝗻𝗱𝗮 @amara.aa,4500000.0,0.34,Argentina,Beauty and Self Care Fashion and Accessories Lifestyle,1400000.0,instagram,argentina,False,2024,Beauty&Fashion,MAPPED,,
38,Nathy Peluso @nathypeluso,4500000.0,3.27,Argentina,Entertainment and Music Music Actors,1300000.0,instagram,argentina,False,2024,Music,MAPPED,,
39,Gime Accardi @gimeaccardi,4400000.0,1.45,Argentina,Actors Fashion Modeling,1300000.0,instagram,argentina,False,2024,Beauty&Fashion,MAPPED,,
40,Daniela Viaggiamari (La Chepi) @danilachepi,4300000.0,1.04,Argentina,Entertainment and Music Marketing and Advertising Actors Virtualization,1300000.0,instagram,argentina,False,2024,Knowledge&Info,MAPPED,,
41,Nicolás Vazquez @nicovazquezok,4300000.0,0.38,Argentina,Acting and Drama Celebrity Actors Journalists,1300000.0,instagram,argentina,False,2024,Knowledge&Info,MAPPED,,
42,Marcos Rojo ⚽️ @marcosrojo,4100000.0,2.96,Argentina,Sports Actors Journalists,1200000.0,instagram,argentina,False,2024,Sports,MAPPED,,
43,Ezequiel Lavezzi @pocho22lavezzi,4100000.0,1.0,Argentina,,1200000.0,instagram,argentina,False,2024,,,,
44,Barbie Pucheta #BarbieVelez @barbiepucheta,3800000.0,0.41,Argentina,Acting and Drama family Actors,1100000.0,instagram,argentina,False,2024,Entertainment,MAPPED,,
45,ℜ𝔢𝔶 𝔡𝔢 𝔄𝔯𝔪𝔞𝔡𝔞 @ceciarmy,3800000.0,11.07,Argentina,Fashion and Accessories,1100000.0,instagram,argentina,False,2024,Beauty&Fashion,MAPPED,,
46,Stef Roitman @stefroitman,3800000.0,1.39,Argentina,Acting and Drama Actors Modeling Celebrities,1100000.0,instagram,argentina,False,2024,Beauty&Fashion,MAPPED,,
47,Micaela Lorena Viciconte @micaviciconte,3700000.0,0.66,Argentina,Entertainment and Music Food Modeling,1100000.0,instagram,argentina,False,2024,Beauty&Fashion,MAPPED,,
48,ANTONELLA @lasirena69,3600000.0,2.87,Argentina,Travel Journalists,1100000.0,instagram,argentina,False,2024,Knowledge&Info,MAPPED,,
49,Giovani Lo Celso @locelsogiovani,3500000.0,4.81,Argentina,Sports Soccer,1100000.0,instagram,argentina,False,2024,Sports,MAPPED,,
50,ıllıllı Papu Gomez ıllıllı @papugomez_official,3500000.0,4.9,Argentina,Sports Food Product Showcase,1000000.0,instagram,argentina,False,2024,Sports,MAPPED,,
51,Oleksandr Danylenko @irelleyoko,3400000.0,3.81,Argentina,Entertainment and Music Music Actors,1000000.0,instagram,argentina,False,2024,Music,MAPPED,,
52,Carolina Kopelioff @carolinakopelioff,3400000.0,0.25,Argentina,Celebrity Actors Modeling,1000000.0,instagram,argentina,False,2024,Beauty&Fashion,MAPPED,,
53,Susana Gimenez🫀 @gimenezsuok,3400000.0,1.42,Argentina,Art Actors Journalists,1000000.0,instagram,argentina,False,2024,Knowledge&Info,MAPPED,,
54,Catherine Fulop @fulopcatherine,3400000.0,1.28,Argentina,Acting and Drama Celebrity Actors,1000000.0,instagram,argentina,False,2024,Entertainment,MAPPED,,
55,Malena Ratner @malenaratner,3200000.0,0.33,Argentina,Acting and Drama Celebrity Actors,972800.0,instagram,argentina,False,2024,Entertainment,MAPPED,,
56,Maria del Cerro 🇦🇷 @merydelcerrok,3200000.0,0.26,Argentina,Acting and Drama family Fashion and Accessories Actors,971300.0,instagram,argentina,False,2024,Beauty&Fashion,MAPPED,,
57,NATALIE @natalieperez,3200000.0,0.53,Argentina,Acting and Drama Romance and Wedding Actors Modeling,958800.0,instagram,argentina,False,2024,Beauty&Fashion,MAPPED,,
58,Karina La Princesita @kariprinceoficial,3200000.0,2.5,Argentina,Actors Artist,955300.0,instagram,argentina,False,2024,Entertainment,MAPPED,,
59,*BELU LUCIUS* @belulucius,3100000.0,2.27,Argentina,Celebrity Actors,941400.0,instagram,argentina,False,2024,Entertainment,MAPPED,,
60,Iɢɴᴀᴄɪᴏ Bᴀʟᴀᴅᴀɴ @ignaciobaladan,3100000.0,1.72,Argentina,Food Marketing and Advertising Chef,938500.0,instagram,argentina,False,2024,Knowledge&Info,MAPPED,,
61,Locos X el Asado @locosxelasado,3100000.0,1.63,Argentina,Video Blogger Chef Food,938100.0,instagram,argentina,False,2024,Lifestyle,MAPPED,,
62,Julián Serrano ♎️🇦🇷 @julianserrano01,3100000.0,0.5,Argentina,Entertainment and Music Business and Finance Celebrity Actors,937300.0,instagram,argentina,False,2024,Knowledge&Info,MAPPED,,
63,Marcela Kloosterboer @m.klooster,3000000.0,0.86,Argentina,Acting and Drama Actors Modeling,908100.0,instagram,argentina,False,2024,Beauty&Fashion,MAPPED,,
64,Virginia Gallardo @virchugallardo,3000000.0,0.08,Argentina,Art Modeling,896000.0,instagram,argentina,False,2024,Beauty&Fashion,MAPPED,,
65,CALLEJERO FINO @callejerofino,2900000.0,5.48,Argentina,Entertainment and Music Actors,879200.0,instagram,argentina,False,2024,Music,MAPPED,,
66,𝐄𝐕𝐀 𝐃𝐄 𝐃𝐎𝐌𝐈𝐍𝐈𝐂𝐈 @dedominicieva,2900000.0,0.83,Argentina,Actors Fashion Lifestyle,871600.0,instagram,argentina,False,2024,Beauty&Fashion,MAPPED,,
67,Albere @albereee_,2800000.0,12.66,Argentina,Fashion and Accessories Celebrity,847500.0,instagram,argentina,False,2024,Beauty&Fashion,MAPPED,,
68,Mariano Diaz @marianodiazmejia,2800000.0,3.21,Argentina,Entertainment and Music Soccer,838200.0,instagram,argentina,False,2024,Sports,MAPPED,,
69,Papo MC @labestiadelhardcore,2700000.0,3.76,Argentina,Art Actors,812300.0,instagram,argentina,False,2024,Entertainment,MAPPED,,
70,Mica Suarez @micasuarez12,2700000.0,4.8,Argentina,Entertainment and Music Celebrity Video Blogger Actors,812100.0,instagram,argentina,False,2024,Music,MAPPED,,
71,María Constanza Romero @cotyrommero,2700000.0,10.95,Argentina,,811000.0,instagram,argentina,False,2024,,,,
72,celeste cid @mcelestia,2700000.0,1.56,Argentina,Arts and Crafts Celebrity,800300.0,instagram,argentina,False,2024,Entertainment,MAPPED,,
73,Guillermina Valdes🦋 @guillevaldes1,2700000.0,0.5,Argentina,Beauty and Self Care family Actors,797500.0,instagram,argentina,False,2024,Beauty&Fashion,MAPPED,,
74,Tipico de Argentinos @tipico_de_argentinos,2600000.0,2.58,Argentina,Funny,794600.0,instagram,argentina,False,2024,Entertainment,MAPPED,,
75,Luciano Pereyra @lucianopereyraoficial,2600000.0,0.69,Argentina,Actors Fashion Modeling,792000.0,instagram,argentina,False,2024,Beauty&Fashion,MAPPED,,
76,Barby Silenzi @barby_silenzi,2600000.0,1.2,Argentina,Parenting Actors,790200.0,instagram,argentina,False,2024,Entertainment,MAPPED,,
77,Alberto Fernández @alferdezok,2600000.0,0.7,Argentina,,777000.0,instagram,argentina,False,2024,,,,
78,NATI JOTA 🎪🧜🏼‍♀️🧡 @natijota,2600000.0,1.77,Argentina,Entertainment and Music Funny Life and Society Actors,777000.0,instagram,argentina,False,2024,Knowledge&Info,MAPPED,,
79,Darío Benedetto @pipabenedetto,2500000.0,5.57,Argentina,Soccer,761400.0,instagram,argentina,False,2024,Sports,MAPPED,,
80,Ailén Bechara @ailen_bechara,2500000.0,0.29,Argentina,Entertainment and Music Marketing and Advertising Actors,758900.0,instagram,argentina,False,2024,Knowledge&Info,MAPPED,,
81,El Misionero @misioflow1,2500000.0,1.24,Argentina,Entertainment and Music Animation and Cosplay Business and Finance Actors,749500.0,instagram,argentina,False,2024,Knowledge&Info,MAPPED,,
82,Wali Iturriaga @waliturriaga,2500000.0,2.21,Argentina,Marketing and Advertising Actors Coaching,747900.0,instagram,argentina,False,2024,Knowledge&Info,MAPPED,,
83,#ComunidadBajonera - El Club Del Bajon @clubdelbajon,2500000.0,1.58,Argentina,Food,745100.0,instagram,argentina,False,2024,Lifestyle,MAPPED,,
84,Nazarena Velez @nazarenavelez,2400000.0,1.6,Argentina,Entertainment and Music family Parenting Actors,731500.0,instagram,argentina,False,2024,Music,MAPPED,,
85,Mariana Fabbiani @marianafabbiani,2400000.0,0.22,Argentina,Actors,712600.0,instagram,argentina,False,2024,Entertainment,MAPPED,,
86,Leandro @leoparedes20,2400000.0,5.0,Argentina,Sports Soccer Actors,706100.0,instagram,argentina,False,2024,Sports,MAPPED,,
87,Sofi Morandi @sofimorandi,2300000.0,1.17,Argentina,"Entertainment and Music Actors Celebrities Film, Music & Books",691700.0,instagram,argentina,False,2024,Knowledge&Info,MAPPED,,
88,Nutrición & Salud 🍓🍍🍏 @nutricion.salud.arg,2300000.0,0.69,Argentina,Fitness and Health Food Medical Health Health and Medical Services,677600.0,instagram,argentina,False,2024,Sports,MAPPED,,
89,Tamara Bella @tamibellatb,2200000.0,0.31,Argentina,Romance and Wedding Acting and Drama Actors,661000.0,instagram,argentina,False,2024,Beauty&Fashion,MAPPED,,
90,Pablo Granados @pablo_grana,2200000.0,1.98,Argentina,family Actors,660600.0,instagram,argentina,False,2024,Entertainment,MAPPED,,
91,Alexander Caniggia @alexcaniggia,2200000.0,1.19,Argentina,Entertainment and Music Fashion and Accessories,660000.0,instagram,argentina,False,2024,Beauty&Fashion,MAPPED,,
92,Vicky Xipolitakis @victoriaxipolitakisok,2200000.0,1.11,Argentina,Marketing and Advertising Actors,659000.0,instagram,argentina,False,2024,Knowledge&Info,MAPPED,,
93,𝒮𝑜𝒻𝒾́𝒶 𝒞𝓁𝑒𝓇𝒾𝒸𝒾 🧛🏻‍♀️ @sofiaclericiok,2200000.0,0.16,Argentina,Fashion and Accessories Actors Modeling,658400.0,instagram,argentina,False,2024,Beauty&Fashion,MAPPED,,
94,Isabel Macedo @isabelmacedophoto,2200000.0,0.4,Argentina,Actors,654400.0,instagram,argentina,False,2024,Entertainment,MAPPED,,
95,micaela tinelli @micatinelli,2100000.0,0.4,Argentina,Beauty and Self Care Actors Journalists Modeling,643800.0,instagram,argentina,False,2024,Beauty&Fashion,MAPPED,,
96,Abel Pintos @abelpintos,2100000.0,2.54,Argentina,Entertainment and Music Music Actors Journalists,638300.0,instagram,argentina,False,2024,Knowledge&Info,MAPPED,,
97,𝕭𝖆𝖕𝖙𝖎𝖘𝖙𝖊 𝕲𝖎𝖆𝖇𝖎𝖈𝖔𝖓𝖎 @baptiste.giabiconi,2100000.0,0.14,Argentina,Beauty and Self Care Fashion and Accessories Business and Finance Celebrities,629900.0,instagram,argentina,False,2024,Beauty&Fashion,MAPPED,,
98,Federico Bal @balfederico,2100000.0,0.12,Argentina,Entertainment and Music Auto and Vehicles Fashion and Accessories Celebrity,623000.0,instagram,argentina,False,2024,Beauty&Fashion,MAPPED,,
99,Daniela Cantante @danielacantante,2000000.0,0.01,Argentina,Entertainment and Music Product Education Business and Finance Music,612700.0,instagram,argentina,False,2024,Knowledge&Info,MAPPED,,
100,TaniaGattas 🇲🇽 @taniagattas,2000000.0,1.14,Argentina,"Entertainment and Music Marketing and Advertising Celebrities Film, Music & Books",611900.0,instagram,argentina,False,2024,Knowledge&Info,MAPPED,,
1,Chris Hemsworth @chrishemsworth,58500000.0,1.6,Australia,Actors,17500000.0,instagram,australia,False,2024,Entertainment,MAPPED,,
2,Hugh Jackman @thehughjackman,31900000.0,1.27,Australia,Entertainment and Music Actors TV Host Modeling,9600000.0,instagram,australia,False,2024,Beauty&Fashion,MAPPED,,
3,Ruby Rose @rubyrose,22700000.0,0.42,Australia,Celebrity Modeling,6800000.0,instagram,australia,False,2024,Beauty&Fashion,MAPPED,,
4,Miranda Kerr @mirandakerr,14600000.0,0.82,Australia,Beauty and Self Care Fashion and Accessories Business and Finance Lifestyle,4400000.0,instagram,australia,False,2024,Beauty&Fashion,MAPPED,,
5,Liam Hemsworth @liamhemsworth,12600000.0,3.55,Australia,Actors Film,3800000.0,instagram,australia,False,2024,Entertainment,MAPPED,,
6,5 Seconds of Summer @5sos,11500000.0,1.6,Australia,Entertainment and Music,3500000.0,instagram,australia,False,2024,Music,MAPPED,,
7,Rebel Wilson @rebelwilson,11200000.0,0.48,Australia,Acting and Drama Modeling Styling,3400000.0,instagram,australia,False,2024,Beauty&Fashion,MAPPED,,
8,David Warner @davidwarner31,10700000.0,0.7,Australia,family Cricket,3200000.0,instagram,australia,False,2024,Lifestyle,MAPPED,,
9,ANGELA WHITE @theangelawhite,9900000.0,1.32,Australia,Entertainment and Music Romance and Wedding Actors Modeling,3000000.0,instagram,australia,False,2024,Beauty&Fashion,MAPPED,,
10,Nicole Kidman @nicolekidman,9800000.0,1.65,Australia,Acting and Drama Actors,2900000.0,instagram,australia,False,2024,Entertainment,MAPPED,,
11,Celeste Barber @celestebarber,9600000.0,1.21,Australia,Entertainment and Music Funny Celebrity Writers,2900000.0,instagram,australia,False,2024,Music,MAPPED,,
12,Dacre Montgomery @dacremontgomery,8900000.0,3.28,Australia,Art,2700000.0,instagram,australia,False,2024,Lifestyle,MAPPED,,
13,Daniel Ricciardo @danielricciardo,8700000.0,6.25,Australia,Sports Racing Cars,2600000.0,instagram,australia,False,2024,Sports,MAPPED,,
14,Phoebe Tonkin @phoebejtonkin,8500000.0,1.74,Australia,Entertainment and Music Modeling Actors,2500000.0,instagram,australia,False,2024,Beauty&Fashion,MAPPED,,
15,Luke Hemmings @lukehemmings,8400000.0,4.35,Australia,Music Guitar Singer,2500000.0,instagram,australia,False,2024,Music,MAPPED,,
16,Calum Hood @calumhood,7800000.0,4.32,Australia,Music Rock Guitar,2300000.0,instagram,australia,False,2024,Music,MAPPED,,
17,Claire Holt @claireholt,7600000.0,4.98,Australia,,2300000.0,instagram,australia,False,2024,,,,
18,Ben Simmons @bensimmons,7300000.0,2.49,Australia,Sports Modeling,2200000.0,instagram,australia,False,2024,Sports,MAPPED,,
19,Igor Cavalari @igao,7000000.0,3.57,Australia,Entertainment and Music Video Blogger Celebrities Humor,2100000.0,instagram,australia,False,2024,Music,MAPPED,,
20,𝐑 𝐎 𝐒 𝐀 𝐍 𝐍 𝐀 𝐀 𝐑 𝐊 𝐋 𝐄 @rosannaarkle,6200000.0,0.1,Australia,Beauty and Self Care Fashion and Accessories Modeling,1900000.0,instagram,australia,False,2024,Beauty&Fashion,MAPPED,,
21,Sveta Bilyalova @svetabily,5900000.0,2.7,Australia,Business and Finance,1800000.0,instagram,australia,False,2024,Knowledge&Info,MAPPED,,
22,Bindi Irwin @bindisueirwin,5500000.0,3.59,Australia,Nature Animals Actors,1600000.0,instagram,australia,False,2024,Entertainment,MAPPED,,
23,안보현 @bohyunahn,5000000.0,0.23,Australia,Modeling,1500000.0,instagram,australia,False,2024,Beauty&Fashion,MAPPED,,
24,Okan Canbolat Australia ©️ @okan_canbolat_official,4900000.0,,Australia,Acting and Drama Entertainment and Music Celebrity Music,1500000.0,instagram,australia,False,2024,Music,MAPPED,,
25,AC/DC @acdc,4100000.0,2.08,Australia,Entertainment and Music Music Band,1200000.0,instagram,australia,False,2024,Music,MAPPED,,
26,Robert Irwin @robertirwinphotography,3800000.0,2.65,Australia,Nature Photography Home and Garden,1200000.0,instagram,australia,False,2024,Lifestyle,MAPPED,,
27,Maya // vegan recipes @fitgreenmind,3700000.0,0.28,Australia,Fitness and Health Food and Drink,1100000.0,instagram,australia,False,2024,Sports,MAPPED,,
28,S A V A N N A H ➕ C L A R K E @savannah.clarke,3700000.0,0.47,Australia,Entertainment and Music Music Modeling,1100000.0,instagram,australia,False,2024,Beauty&Fashion,MAPPED,,
29,lilymaymac @lilymaymac,3700000.0,0.31,Australia,Fashion and Accessories Lifestyle Modeling Celebrities,1100000.0,instagram,australia,False,2024,Beauty&Fashion,MAPPED,,
30,ʜɪʟᴅᴇ ᴏsʟᴀɴᴅ ♡ @hildeee,3700000.0,0.63,Australia,Travel Modeling,1100000.0,instagram,australia,False,2024,Beauty&Fashion,MAPPED,,
31,Steve Smith @steve_smith49,3600000.0,2.68,Australia,Tennis Cricket,1100000.0,instagram,australia,False,2024,Sports,MAPPED,,
32,Natasha Oakley @tashoakley,3600000.0,0.49,Australia,Fashion and Accessories Business and Finance Lifestyle Styling,1100000.0,instagram,australia,False,2024,Beauty&Fashion,MAPPED,,
33,SHANINA SHAIK @shaninamshaik,3500000.0,0.1,Australia,Fashion and Accessories Beauty and Self Care Modeling Design,1100000.0,instagram,australia,False,2024,Beauty&Fashion,MAPPED,,
34,Nathaniel Buzolic @natebuzz,3400000.0,1.9,Australia,Actors,1000000.0,instagram,australia,False,2024,Entertainment,MAPPED,,
35,Trixie Mattel @trixiemattel,3400000.0,0.97,Australia,Animation and Cosplay Hair & Beauty Celebrities Public Figure,1000000.0,instagram,australia,False,2024,Beauty&Fashion,MAPPED,,
36,Jasmine @jascurtissmith,3300000.0,0.1,Australia,Entertainment and Music Celebrity Lifestyle,1000000.0,instagram,australia,False,2024,Music,MAPPED,,
37,Evelyn Sharma @evelyn_sharma,3300000.0,0.21,Australia,Entertainment and Music Travel family Home and Garden,1000000.0,instagram,australia,False,2024,Music,MAPPED,,
38,Carolina McCauley @carolina.mccauley,3300000.0,0.1,Australia,DIY and Life Hacks Home and Garden,981400.0,instagram,australia,False,2024,Lifestyle,MAPPED,,
39,Travis Fimmel @travisfimmel,3000000.0,6.08,Australia,,912400.0,instagram,australia,False,2024,,,,
40,Tame Impala @tameimpala,2900000.0,6.19,Australia,Entertainment and Music Music Songwriting,877400.0,instagram,australia,False,2024,Music,MAPPED,,
41,Eliza Taylor @elizajaneface,2900000.0,3.5,Australia,Acting and Drama Food,871800.0,instagram,australia,False,2024,Entertainment,MAPPED,,
42,Lazar Beam @lazarbeamyt,2800000.0,9.5,Australia,Games Entertainment and Music Funny Parenting,847600.0,instagram,australia,False,2024,Tech&Gaming,MAPPED,,
43,Daniella Rahme دانييلا رحمه @daniellarahme,2700000.0,0.89,Australia,Fashion and Accessories Celebrity Actors Dance,812900.0,instagram,australia,False,2024,Beauty&Fashion,MAPPED,,
44,Keith Urban @keithurban,2700000.0,1.53,Australia,Entertainment and Music Singer,810500.0,instagram,australia,False,2024,Music,MAPPED,,
45,Hillsong UNITED @hillsongunited,2700000.0,0.46,Australia,Entertainment and Music Parenting Singer,804800.0,instagram,australia,False,2024,Music,MAPPED,,
46,Glenn Maxwell @gmaxi_32,2700000.0,6.25,Australia,Sports,803700.0,instagram,australia,False,2024,Sports,MAPPED,,
47,Chantel Mila Ibbotson @mama_mila_au,2600000.0,0.7,Australia,Home and Garden DIY and Life Hacks,785900.0,instagram,australia,False,2024,Lifestyle,MAPPED,,
48,Anna Paul 💗 @anna_paull,2500000.0,12.7,Australia,Fashion and Accessories Travel Modeling,753800.0,instagram,australia,False,2024,Beauty&Fashion,MAPPED,,
49,Jalals @jalals,2400000.0,4.07,Australia,Entertainment and Music Funny Parenting Video Blogger,714100.0,instagram,australia,False,2024,Music,MAPPED,,
50,Nicole Warne Shadbolt @nicolewarne,2300000.0,0.46,Australia,Fashion and Accessories Nature Animals Parenting,703400.0,instagram,australia,False,2024,Beauty&Fashion,MAPPED,,
51,Timmy Trumpet @timmytrumpet,2300000.0,6.03,Australia,Entertainment and Music Music DJ Producers,701900.0,instagram,australia,False,2024,Music,MAPPED,,
52,CHASE ATLANTIC @chaseatlantic,2300000.0,12.62,Australia,Entertainment and Music Music Singer Modeling,692100.0,instagram,australia,False,2024,Beauty&Fashion,MAPPED,,
53,Merium Pervaiz @merium.pervaiz,2300000.0,2.77,Australia,Fashion,679400.0,instagram,australia,False,2024,Beauty&Fashion,MAPPED,,
54,Jackson O’Doherty @itsjackson,2200000.0,1.5,Australia,,669500.0,instagram,australia,False,2024,,,,
55,Jess Conte @jess,2200000.0,0.48,Australia,Beauty and Self Care Entertainment and Music Food Parenting,660200.0,instagram,australia,False,2024,Beauty&Fashion,MAPPED,,
56,Piers Morgan @piersmorgan,2200000.0,1.18,Australia,Entertainment and Music Modeling Actors,650000.0,instagram,australia,False,2024,Beauty&Fashion,MAPPED,,
57,lauren bullen @gypsea_lust,2100000.0,0.43,Australia,Travel Fashion and Accessories,640300.0,instagram,australia,False,2024,Beauty&Fashion,MAPPED,,
58,Adelaide Kane @adelaidekane,2100000.0,4.53,Australia,Acting and Drama Funny Celebrity Actors,626900.0,instagram,australia,False,2024,Entertainment,MAPPED,,
59,Tia-Clair Toomey-Orr @tiaclair1,2100000.0,2.02,Australia,Fitness and Health Personal Finance Coaching Training,625600.0,instagram,australia,False,2024,Sports,MAPPED,,
60,𝕮𝖔𝖈𝖔 𝕽𝖔𝖈𝖍𝖆 @cocorocha,2100000.0,0.28,Australia,Fashion and Accessories Moms Modeling Celebrities,617700.0,instagram,australia,False,2024,Beauty&Fashion,MAPPED,,
61,Shane Watson @srwatson33,2000000.0,1.61,Australia,Lifestyle Fashion Travel,610200.0,instagram,australia,False,2024,Beauty&Fashion,MAPPED,,
62,"Sia Clyde | Fitness, Comedy, Relatable @diaryofafitmommyofficial",2000000.0,0.54,Australia,Fitness and Health Food Food and Drink Coaching,609900.0,instagram,australia,False,2024,Sports,MAPPED,,
63,Pia Muehlenbeck @piamuehlenbeck,2000000.0,0.29,Australia,Travel Fashion and Accessories Beauty and Self Care Lifestyle,604900.0,instagram,australia,False,2024,Beauty&Fashion,MAPPED,,
64,Ozzy Man Reviews @ozzymanreviews,2000000.0,1.48,Australia,Entertainment and Music Funny Creator Author,587500.0,instagram,australia,False,2024,Knowledge&Info,MAPPED,,
65,Jessica Stein @tuulavintage,2000000.0,3.07,Australia,Fashion and Accessories Travel,587200.0,instagram,australia,False,2024,Beauty&Fashion,MAPPED,,
66,Dominic Di Tommaso @domtomato,1900000.0,1.95,Australia,Outdoor Activity Sports Events Coaching,578600.0,instagram,australia,False,2024,Sports,MAPPED,,
67,Harley Fresh @mrfreshasian,1900000.0,4.9,Australia,Games Finance,563200.0,instagram,australia,False,2024,Knowledge&Info,MAPPED,,
68,Adut Akech Bior @adutakech,1900000.0,4.95,Australia,Fashion and Accessories Beauty and Self Care Parenting Modeling,562200.0,instagram,australia,False,2024,Beauty&Fashion,MAPPED,,
69,Isabelle Mathers @isabellemathersx,1900000.0,3.22,Australia,Fashion and Accessories Modeling Lifestyle Celebrities,562100.0,instagram,australia,False,2024,Beauty&Fashion,MAPPED,,
70,HAAKON @dominicpurcell,1900000.0,0.58,Australia,Actors,555400.0,instagram,australia,False,2024,Entertainment,MAPPED,,
71,Indiana Massara @indiana,1800000.0,1.52,Australia,Entertainment and Music Music Modeling Actors,553000.0,instagram,australia,False,2024,Beauty&Fashion,MAPPED,,
72,Angelo Marasigan @_angelo.marasigan,1800000.0,0.54,Australia,Travel Entertainment and Music,545500.0,instagram,australia,False,2024,Music,MAPPED,,
73,Nick Vujicic @nickvujicic,1800000.0,0.56,Australia,Education Writers,543500.0,instagram,australia,False,2024,Knowledge&Info,MAPPED,,
74,How Ridiculous @howridiculous,1800000.0,8.04,Australia,Entertainment and Music Funny Outdoor Activity Sports,542300.0,instagram,australia,False,2024,Sports,MAPPED,,
75,Brett Lee @brettlee_58,1800000.0,0.63,Australia,Fitness,541200.0,instagram,australia,False,2024,Sports,MAPPED,,
76,cricket.com.au @cricketcomau,1800000.0,0.42,Australia,Sports News News & Politics,538600.0,instagram,australia,False,2024,Sports,MAPPED,,
77,Portia and Scarlett @portiaandscarlett,1800000.0,0.15,Australia,Fashion and Accessories Modeling,536100.0,instagram,australia,False,2024,Beauty&Fashion,MAPPED,,
78,Casey Boonstra @caseboon,1700000.0,2.3,Australia,Entertainment and Music Fashion and Accessories Parenting Modeling,509500.0,instagram,australia,False,2024,Beauty&Fashion,MAPPED,,
79,Diego 🪬 @diegoloyzaga,1600000.0,0.41,Australia,Music Modeling Moms,491900.0,instagram,australia,False,2024,Beauty&Fashion,MAPPED,,
80,Mikhail Zarubin @mike.around.the.world,1600000.0,1.01,Australia,Travel Books,483800.0,instagram,australia,False,2024,Knowledge&Info,MAPPED,,
81,Polina Bright @polina.bright,1600000.0,0.4,Australia,Arts and Crafts,481900.0,instagram,australia,False,2024,Lifestyle,MAPPED,,
82,Elisha Herbert @elisha__h,1600000.0,1.92,Australia,Fashion and Accessories Celebrity Modeling,467600.0,instagram,australia,False,2024,Beauty&Fashion,MAPPED,,
83,Natalie Roser (Bonner) @natalie_roser,1500000.0,0.59,Australia,Fashion and Accessories Arts and Crafts DIY and Life Hacks Modeling,455800.0,instagram,australia,False,2024,Beauty&Fashion,MAPPED,,
84,Georgia Hassarati @georgiahassarati,1500000.0,0.67,Australia,Arts and Crafts,452300.0,instagram,australia,False,2024,Lifestyle,MAPPED,,
85,By @Lickyourphone Media 😋💦 @cake_cookies_chocolate,1500000.0,0.19,Australia,Food Music,451700.0,instagram,australia,False,2024,Music,MAPPED,,
86,Soa Palelei @soathehulk,1500000.0,8.15,Australia,Sports Film,450900.0,instagram,australia,False,2024,Sports,MAPPED,,
87,Dot @bdotadot5,1500000.0,0.15,Australia,Sports Basketball,439200.0,instagram,australia,False,2024,Sports,MAPPED,,
88,The Inspired Unemployed @theinspiredunemployed,1500000.0,8.2,Australia,Funny,437800.0,instagram,australia,False,2024,Entertainment,MAPPED,,
89,MARIA PEREZ @maria_perezxox,1400000.0,0.79,Australia,Fashion and Accessories Actors Lifestyle,429900.0,instagram,australia,False,2024,Beauty&Fashion,MAPPED,,
90,Letícia Bradshaw Ledger @leticialedger,1400000.0,0.18,Australia,Fashion and Accessories,421800.0,instagram,australia,False,2024,Beauty&Fashion,MAPPED,,
91,Renata Meins @renatameins,1400000.0,1.93,Australia,Fashion and Accessories Beauty and Self Care Founder,420900.0,instagram,australia,False,2024,Beauty&Fashion,MAPPED,,
92,the art of hieu @kelogsloops,1400000.0,2.86,Australia,Arts and Crafts Illustrator Painting Design,420200.0,instagram,australia,False,2024,Lifestyle,MAPPED,,
93,Sarah Rav @sarahrav,1400000.0,0.14,Australia,Fitness and Health Health & Fitness Celebrities Design,416600.0,instagram,australia,False,2024,Sports,MAPPED,,
94,SJANA • Yoga | Travel | Wellness @sjanaelise,1400000.0,0.21,Australia,Fitness and Health Travel Yoga,415900.0,instagram,australia,False,2024,Sports,MAPPED,,
95,Tara Milk Tea @taramilktea,1400000.0,1.08,Australia,Travel Nature & Outdoors,414400.0,instagram,australia,False,2024,Lifestyle,MAPPED,,
96,Christian Yu @dprian,1300000.0,13.7,Australia,Entertainment and Music Actors Modeling,404600.0,instagram,australia,False,2024,Beauty&Fashion,MAPPED,,
97,Arman Liew @thebigmansworld,1300000.0,0.53,Australia,Food Fitness and Health Parenting Recipes,403800.0,instagram,australia,False,2024,Sports,MAPPED,,
98,Shani Grimmond @shanigrimmond,1300000.0,1.18,Australia,Fashion and Accessories Beauty and Self Care Video Blogger Celebrities,398500.0,instagram,australia,False,2024,Beauty&Fashion,MAPPED,,
99,Tammin Sursok @tamminsursok,1300000.0,2.57,Australia,Acting and Drama Fitness and Health family Food,398300.0,instagram,australia,False,2024,Sports,MAPPED,,
100,Ellyse Perry @ellyseperry,1300000.0,7.29,Australia,Sports Parenting Cricket Coaching,396800.0,instagram,australia,False,2024,Sports,MAPPED,,
1,David Alaba @davidalaba,14300000.0,1.8,Austria,Sports,4300000.0,instagram,austria,False,2024,Sports,MAPPED,,
2,Oracle Red Bull Racing @redbullracing,10900000.0,1.05,Austria,Sports Auto and Vehicles Automotive Racing,3300000.0,instagram,austria,False,2024,Sports,MAPPED,,
3,𝐏𝐑𝐈𝐍𝐂𝐄𝐒𝐒 𝐃𝐑. 𝐒𝐀𝐌𝐈𝐑𝐀 𝐒𝐀𝐌𝐈𝐈 @samirasamii_official_page,2600000.0,,Austria,Fashion,774700.0,instagram,austria,False,2024,Beauty&Fashion,MAPPED,,
4,Fabio Wibmer @wibmerfabio,2500000.0,4.47,Austria,Sports,758600.0,instagram,austria,False,2024,Sports,MAPPED,,
5,Doctor Elbi @dr.elbi,2000000.0,0.01,Austria,Health and Medical Services,611700.0,instagram,austria,False,2024,Knowledge&Info,MAPPED,,
6,RAF Camora @raf_camora,1900000.0,2.57,Austria,Rap,560800.0,instagram,austria,False,2024,UNMAPPED,UNMAPPED,,
7,تالين بازارباشيان 💫 @talin_tube,1600000.0,5.12,Austria,Entertainment and Music,488900.0,instagram,austria,False,2024,Music,MAPPED,,
8,Manuel Bechter | Creative Photography @manuel_bechter,1600000.0,3.92,Austria,Arts and Crafts Photography Artist,467300.0,instagram,austria,False,2024,Lifestyle,MAPPED,,
9,Dragana Mirković @dragana_mirkovic,1500000.0,2.38,Austria,Entertainment and Music Music,450300.0,instagram,austria,False,2024,Music,MAPPED,,
10,Stephanie Davis @stephaniedavis,1400000.0,3.86,Austria,Fashion and Accessories Fitness and Health Business and Finance Health & Fitness,434300.0,instagram,austria,False,2024,Sports,MAPPED,,
11,Valeria Vedovatti ✈ @valevedovatti,1400000.0,2.23,Austria,Arts and Crafts Fashion and Accessories Lifestyle,425100.0,instagram,austria,False,2024,Beauty&Fashion,MAPPED,,
12,Dominic Thiem @domithiem,1400000.0,1.88,Austria,Sports Personal Finance Tennis,424400.0,instagram,austria,False,2024,Sports,MAPPED,,
13,Lion🦁 @emam.ashour90,1400000.0,14.22,Austria,,419000.0,instagram,austria,False,2024,,,,
14,Lisa-Marie Schiffner @lisamarie_schiffner,1400000.0,3.83,Austria,Beauty and Self Care Fashion and Accessories Arts and Crafts Business and Finance,410100.0,instagram,austria,False,2024,Beauty&Fashion,MAPPED,,
15,@inkstaboy,1200000.0,12.35,Austria,"Photography Celebrities Film, Music & Books",374900.0,instagram,austria,False,2024,Knowledge&Info,MAPPED,,
16,Irina Meier @irine_meier,1200000.0,6.81,Austria,Animation and Cosplay Anime Comics Film,364400.0,instagram,austria,False,2024,Tech&Gaming,MAPPED,,
17,Harald Goebl @haraldgoebl,1100000.0,0.01,Austria,Nature Photography Business and Finance,341800.0,instagram,austria,False,2024,Knowledge&Info,MAPPED,,
18,Franz Müllner @muellnerfranz,1100000.0,2.25,Austria,Sports Entertainment and Music,339600.0,instagram,austria,False,2024,Sports,MAPPED,,
19,Costina Munteanu @costina_got_curves,1100000.0,0.43,Austria,Fashion and Accessories Modeling Plus Size,333200.0,instagram,austria,False,2024,Beauty&Fashion,MAPPED,,
20,ISABELLA MUELLER @isabella_muenchen,1100000.0,7.69,Austria,Travel Education Food and Drink Lifestyle,328300.0,instagram,austria,False,2024,Knowledge&Info,MAPPED,,
21,Mahmoud Alaa - محمود علاء @mahmoudalaa.4,1100000.0,1.91,Austria,Sports,323000.0,instagram,austria,False,2024,Sports,MAPPED,,
22,Pooyan Ghamari @pooyanghamari,1100000.0,14.56,Austria,Technology Business and Finance,318300.0,instagram,austria,False,2024,Knowledge&Info,MAPPED,,
23,Katarzyna Czułek @katarzyna_czulek,1000000.0,0.3,Austria,Fashion and Accessories Beauty and Self Care Entertainment and Music,300800.0,instagram,austria,False,2024,Beauty&Fashion,MAPPED,,
24,Michael Perdacher @michael_perdacher,842200.0,14.98,Austria,Fitness and Health Pets Dogs,252600.0,instagram,austria,False,2024,Sports,MAPPED,,
25,Pol Espargaró @polespargaro,791800.0,1.06,Austria,Auto and Vehicles Riders Motorcycle Racing Motorcycle,237500.0,instagram,austria,False,2024,Sports,MAPPED,,
26,Christina LionsCat 🐱 @christina_lionscat,739100.0,6.55,Austria,Arts and Crafts Fashion and Accessories,221700.0,instagram,austria,False,2024,Beauty&Fashion,MAPPED,,
27,Kerstin Häfner @info_best_age,731500.0,1.5,Austria,Beauty and Self Care Fashion and Accessories,219500.0,instagram,austria,False,2024,Beauty&Fashion,MAPPED,,
28,richkids__limited @richkids__limited,726900.0,0.33,Austria,Fashion and Accessories,218100.0,instagram,austria,False,2024,Beauty&Fashion,MAPPED,,
29,VANESSA MARIPOSA @vanessa_mariposa,725200.0,0.53,Austria,Fitness and Health Product Showcase Business and Finance Actors,217600.0,instagram,austria,False,2024,Sports,MAPPED,,
30,Jackie @jackie_blabla,703800.0,1.62,Austria,Fashion and Accessories Parenting Piercing,211100.0,instagram,austria,False,2024,Beauty&Fashion,MAPPED,,
31,Florian Maček 🇦🇹 @florianmacek,703400.0,2.03,Austria,Life and Society,211000.0,instagram,austria,False,2024,Knowledge&Info,MAPPED,,
32,Onome Egger @onome_egger,691900.0,1.22,Austria,Fitness and Health Training Coaching,207600.0,instagram,austria,False,2024,Sports,MAPPED,,
33,Yusuf Demir @yusufdemir.10,691100.0,8.72,Austria,,207300.0,instagram,austria,False,2024,,,,
34,Josephine Welsch @josephine_welsch,682800.0,0.63,Austria,family Lifestyle Moms,204800.0,instagram,austria,False,2024,Lifestyle,MAPPED,,
35,Stefanie Millinger @stefaniemillinger,681800.0,1.93,Austria,Entertainment and Music Outdoor Activity Sports Home and Garden,204500.0,instagram,austria,False,2024,Sports,MAPPED,,
36,Marcel Hirscher @marcel__hirscher,679400.0,2.25,Austria,Sports Mountain Racing Ski,203800.0,instagram,austria,False,2024,Sports,MAPPED,,
37,Karim Mohsen - كريم محسن @karimmohsenofficial,667400.0,0.16,Austria,Entertainment and Music Music Singer,200200.0,instagram,austria,False,2024,Music,MAPPED,,
38,Stefan Petrov @stefanpetrov,627600.0,0.89,Austria,Travel Acting and Drama Celebrity Actors,188300.0,instagram,austria,False,2024,Entertainment,MAPPED,,
39,Patrick Florián @misterflopatrick,616100.0,0.32,Austria,Photography Nature & Outdoors,184800.0,instagram,austria,False,2024,Lifestyle,MAPPED,,
40,TINA @tinaneumann,609200.0,0.36,Austria,Fashion and Accessories Lifestyle,182800.0,instagram,austria,False,2024,Beauty&Fashion,MAPPED,,
41,PATRICK LANDROCK | STARK VENTURE GmbH ® @patrick.landrock,586800.0,2.27,Austria,Finance Business and Finance,176100.0,instagram,austria,False,2024,Knowledge&Info,MAPPED,,
42,Salma Ezz Eldein سلمى عزالدين @salmaezzeldein,561100.0,0.48,Austria,Modeling Music,168300.0,instagram,austria,False,2024,Beauty&Fashion,MAPPED,,
43,JEANNE GREY • NYC/NJ @thegreylayers,555800.0,2.06,Austria,Beauty Fashion and Accessories Beauty and Self Care Business and Finance,166700.0,instagram,austria,False,2024,Beauty&Fashion,MAPPED,,
44,Menna Ismail @mennnaismail_,505900.0,2.42,Austria,Funny Life and Society,151800.0,instagram,austria,False,2024,Knowledge&Info,MAPPED,,
45,Augusta Alexander @augusta_alexander,505700.0,1.9,Austria,Fashion and Accessories Modeling,151700.0,instagram,austria,False,2024,Beauty&Fashion,MAPPED,,
46,Renato Glibusic @jay.vavo,502500.0,0.97,Austria,Fashion and Accessories Travel Streetwear Lifestyle,150700.0,instagram,austria,False,2024,Beauty&Fashion,MAPPED,,
47,Arbi AgGressor @arbi_emiev_aggressor_,491500.0,5.91,Austria,Fitness and Health Outdoor Activity Sports,147400.0,instagram,austria,False,2024,Sports,MAPPED,,
48,Kelz 🇳🇬🇦🇹| TV | Athlete | Lifestyle | Mindset @kelechidyke,487700.0,0.28,Austria,Fitness and Health,146300.0,instagram,austria,False,2024,Sports,MAPPED,,
49,Anna Gasser @annagassersnow,484800.0,3.4,Austria,Sports,145400.0,instagram,austria,False,2024,Sports,MAPPED,,
50,Derzwuckundich - Iulia Huber-Purdea @derzwuckundich,461400.0,3.22,Austria,family Education Upskilling Funny,138400.0,instagram,austria,False,2024,Knowledge&Info,MAPPED,,
51,GERID RUX🦋 @gerid_rux,448800.0,1.44,Austria,Fitness and Health Product Showcase Food and Drink Lifestyle,134600.0,instagram,austria,False,2024,Sports,MAPPED,,
52,Elisa Selina Albrich @elisa_albrich,444100.0,1.45,Austria,Fashion and Accessories Modeling,133200.0,instagram,austria,False,2024,Beauty&Fashion,MAPPED,,
53,𝕭enjamin 𝕷aukis 🇦🇺 @benjaminlaukis,424300.0,0.57,Austria,Arts and Crafts Fashion and Accessories Home and Garden Piercing,127300.0,instagram,austria,False,2024,Beauty&Fashion,MAPPED,,
54,Jorge Bordón @cocobordon,420200.0,0.21,Austria,Arts and Crafts Actors Modeling,126100.0,instagram,austria,False,2024,Beauty&Fashion,MAPPED,,
55,Emel Tschikof @emelgloss_official,419900.0,1.1,Austria,Travel Business and Finance Lifestyle Hair & Beauty,126000.0,instagram,austria,False,2024,Beauty&Fashion,MAPPED,,
56,РЕЦЕПТЫ🍩СЕРВИРОВКА🍽ЖИЗНЬ💖 @susueva_m,413900.0,0.3,Austria,Food Travel Gym Modeling,124200.0,instagram,austria,False,2024,Sports,MAPPED,,
57,Luxury • Made in Austria 🇦🇹 @greatestluxury,413600.0,,Austria,Finance Fashion and Accessories Auto and Vehicles Lifestyle,124100.0,instagram,austria,False,2024,Beauty&Fashion,MAPPED,,
58,❥ ISABELLA @instaisabella_,409800.0,4.97,Austria,Fitness and Health Fashion and Accessories,122900.0,instagram,austria,False,2024,Sports,MAPPED,,
59,Katarzyna Kijowska @katekijo,406100.0,0.54,Austria,Fashion and Accessories Travel Modeling Celebrities,121800.0,instagram,austria,False,2024,Beauty&Fashion,MAPPED,,
60,Daria | outfits and styling @dariafoldes,404600.0,0.42,Austria,Fashion and Accessories Styling Lifestyle Hair & Beauty,121400.0,instagram,austria,False,2024,Beauty&Fashion,MAPPED,,
61,HANK GE / Vegan Recipes @hank_ge,401700.0,2.33,Austria,Food Fashion and Accessories Home and Garden Food and Drink,120500.0,instagram,austria,False,2024,Beauty&Fashion,MAPPED,,
62,Alexander Holzer @goldentime_alex,393100.0,0.33,Austria,,117900.0,instagram,austria,False,2024,,,,
63,최혜원 @pianist.hyewon,389300.0,0.74,Austria,Art,116800.0,instagram,austria,False,2024,Lifestyle,MAPPED,,
64,☀️ 𝓐𝓷𝓷𝓪 𝓢𝓽𝓻𝓲𝓰𝓵 ☔️ @anna_strigl,388100.0,2.09,Austria,Arts and Crafts Funny,116400.0,instagram,austria,False,2024,Entertainment,MAPPED,,
65,FLOWSOFLY - Artist @flowsofly,385600.0,0.69,Austria,Arts and Crafts Modeling,115700.0,instagram,austria,False,2024,Beauty&Fashion,MAPPED,,
66,Сегодня старт @amina_bakarowa,372400.0,0.4,Austria,,111700.0,instagram,austria,False,2024,,,,
67,Mia and Mo @mia.and.mo,367300.0,0.6,Austria,,110200.0,instagram,austria,False,2024,,,,
68,STEPHANIE BAESSLER @stephaniebaessler,366000.0,1.99,Austria,Fitness and Health Product Education Lifestyle Health & Fitness,109800.0,instagram,austria,False,2024,Sports,MAPPED,,
69,Qwanisha Chantele Duberry @rebellious_chantele,365500.0,1.61,Austria,Beauty and Self Care Product Education Product Showcase Funny,109700.0,instagram,austria,False,2024,Beauty&Fashion,MAPPED,,
70,Anna Veith @anna.veith,365400.0,2.18,Austria,Sports Ski,109600.0,instagram,austria,False,2024,Sports,MAPPED,,
71,Sarah @sarah.theiler,363200.0,2.89,Austria,Travel Dance,109000.0,instagram,austria,False,2024,Music,MAPPED,,
72,M a h d i H e j r a t i️ @mahdihejrati,358900.0,2.03,Austria,Training Coaching Fitness,107700.0,instagram,austria,False,2024,Sports,MAPPED,,
73,MAGDALENA WÖCKINGER @menawox,342000.0,7.7,Austria,DIY and Life Hacks Home and Garden Education,102600.0,instagram,austria,False,2024,Knowledge&Info,MAPPED,,
74,Shima Sabet @shima.sabet,341500.0,0.42,Austria,Fashion and Accessories Fashion Design Styling,102400.0,instagram,austria,False,2024,Beauty&Fashion,MAPPED,,
75,Madeleine Darya Alizadeh @dariadaria,336600.0,5.75,Austria,Pets Soccer,101000.0,instagram,austria,False,2024,Sports,MAPPED,,
76,KAPO @kapoofk,334600.0,2.64,Austria,Fashion and Accessories Product Showcase Modeling,100400.0,instagram,austria,False,2024,Beauty&Fashion,MAPPED,,
77,Michi Brandl @michivonwant,330400.0,11.83,Austria,Fashion and Accessories Food Food and Drink Hair & Beauty,99100.0,instagram,austria,False,2024,Beauty&Fashion,MAPPED,,
78,Negin Gatavian @neginvsworld,329600.0,14.8,Austria,Travel,98900.0,instagram,austria,False,2024,Lifestyle,MAPPED,,
79,Andreas Gabalier @andreasgabalier_official,328700.0,1.16,Austria,Entertainment and Music Music,98600.0,instagram,austria,False,2024,Music,MAPPED,,
80,Ahmed eid_4 @ahmed_eid_4,322200.0,5.05,Austria,Sports,96700.0,instagram,austria,False,2024,Sports,MAPPED,,
81,Dani🦊 @chapter_shiny_mom,321400.0,0.97,Austria,,96400.0,instagram,austria,False,2024,,,,
82,هبة @hiba_tan,321200.0,9.0,Austria,Fashion and Accessories Actors Illustrator Drawing,96400.0,instagram,austria,False,2024,Beauty&Fashion,MAPPED,,
83,Peter Weckauf @samicombatsystems,319900.0,0.18,Austria,,96000.0,instagram,austria,False,2024,,,,
84,Ana Sampaio Barros | Vienna @anasbarros,318200.0,0.16,Austria,Arts and Crafts Architecture Nature & Outdoors Photographer,95500.0,instagram,austria,False,2024,Lifestyle,MAPPED,,
85,FC Red Bull Salzburg @fcredbullsalzburg,314400.0,1.19,Austria,Sports Soccer Lifestyle,94300.0,instagram,austria,False,2024,Sports,MAPPED,,
86,"Mario Schafzahl | Vienna, Austria @mario_schafzahl",313700.0,2.27,Austria,Sports Fashion and Accessories Travel Education,94100.0,instagram,austria,False,2024,Sports,MAPPED,,
87,k a r i n teigl @constantly_k,310200.0,0.95,Austria,Fashion and Accessories Beauty and Self Care Fitness and Health Education,93100.0,instagram,austria,False,2024,Sports,MAPPED,,
88,Melissa Alessia @melissa_alessia,308800.0,2.07,Austria,Product Showcase Parenting,92600.0,instagram,austria,False,2024,Beauty&Fashion,MAPPED,,
89,Sebastian Kurz @sebastiankurz,308000.0,2.48,Austria,Lifestyle Fashion,92400.0,instagram,austria,False,2024,Beauty&Fashion,MAPPED,,
90,Hi I’m Sarah @sarahposch,307700.0,3.31,Austria,Music,92300.0,instagram,austria,False,2024,Music,MAPPED,,
91,Wiener Philharmoniker @viennaphilharmonic,306900.0,0.9,Austria,Entertainment and Music Music Singer,92100.0,instagram,austria,False,2024,Music,MAPPED,,
92,Ogik Jatmiko @ogik_jatmiko,304200.0,2.2,Austria,Photography Outdoor Activity,91300.0,instagram,austria,False,2024,Sports,MAPPED,,
93,Khaled Ahmed @khaledahmed.74,302600.0,0.21,Austria,Soccer,90800.0,instagram,austria,False,2024,Sports,MAPPED,,
94,Izabela Ion @izabelaion,302100.0,2.56,Austria,Travel Food and Drink,90600.0,instagram,austria,False,2024,Lifestyle,MAPPED,,
95,Maximilian Riedel @maxiriedel,301200.0,1.85,Austria,Home and Garden,90400.0,instagram,austria,False,2024,Lifestyle,MAPPED,,
96,Natalie_Schar @natalie_19sch,299500.0,0.01,Austria,Photography,89900.0,instagram,austria,False,2024,Lifestyle,MAPPED,,
97,Julie & Moritz Löffler | Freigeister @sol.and.pepper,290900.0,7.96,Austria,Nature Pets Travel Celebrities,87300.0,instagram,austria,False,2024,Entertainment,MAPPED,,
98,J E S U S M A R C A N O @jesusdemarcano,290500.0,3.1,Austria,,87100.0,instagram,austria,False,2024,,,,
99,CHIVAS @chivasseracampe,287400.0,2.0,Austria,Sports Soccer Actors,86200.0,instagram,austria,False,2024,Sports,MAPPED,,
100,Замужем. @lamara___82,287300.0,0.2,Austria,Fashion and Accessories Home and Garden Food Chef,86200.0,instagram,austria,False,2024,Beauty&Fashion,MAPPED,,
1,Eden Hazard @hazardeden_10,27600000.0,4.14,Belgium,Sports Soccer,8300000.000000001,instagram,belgium,False,2024,Sports,MAPPED,,
2,Kevin De Bruyne @kevindebruyne,24000000.0,3.14,Belgium,Sports Soccer,7200000.0,instagram,belgium,False,2024,Sports,MAPPED,,
3,Jean-Claude Van Damme @jcvd,7400000.0,2.4,Belgium,Acting and Drama,2200000.0,instagram,belgium,False,2024,Entertainment,MAPPED,,
4,Dimitri Vegas & Like Mike @dimitrivegasandlikemike,4800000.0,0.39,Belgium,Entertainment and Music Celebrity DJ,1400000.0,instagram,belgium,False,2024,Music,MAPPED,,
5,Haico Van der Veken @haico.vdv,3900000.0,0.4,Belgium,Food,1200000.0,instagram,belgium,False,2024,Lifestyle,MAPPED,,
6,le rappeur damso @thedamso,2700000.0,15.03,Belgium,"Celebrities Fashion Film, Music & Books",807300.0,instagram,belgium,False,2024,Beauty&Fashion,MAPPED,,
7,Michy Batshuayi @mbatshuayi,2500000.0,2.0,Belgium,Sports Soccer,758100.0,instagram,belgium,False,2024,Sports,MAPPED,,
8,Marouane Fellaini @fellaini,2400000.0,0.5,Belgium,Sports Soccer,711300.0,instagram,belgium,False,2024,Sports,MAPPED,,
9,Dimitri “Vegas” Thivaios @dimitrivegas,2200000.0,4.23,Belgium,Entertainment and Music Celebrity Actors Music,672600.0,instagram,belgium,False,2024,Music,MAPPED,,
10,Amelie Lens @amelie_lens,2200000.0,3.43,Belgium,Entertainment and Music DJ Producers Music,669700.0,instagram,belgium,False,2024,Music,MAPPED,,
11,ᎪDIXIᎪ @adixia,2200000.0,0.84,Belgium,Entertainment and Music Music Lifestyle,660200.0,instagram,belgium,False,2024,Music,MAPPED,,
12,Charlotte de Witte @charlottedewittemusic,2100000.0,2.05,Belgium,Entertainment and Music Food Food and Drink Music,634200.0,instagram,belgium,False,2024,Music,MAPPED,,
13,Dries Mertens @driesmertens,1900000.0,8.9,Belgium,Modeling Fashion Music,561000.0,instagram,belgium,False,2024,Beauty&Fashion,MAPPED,,
14,Cute content creator @mikomihokina,1800000.0,1.35,Belgium,Arts and Crafts Modeling,547100.0,instagram,belgium,False,2024,Beauty&Fashion,MAPPED,,
15,Vincent Kompany @vincentkompany,1700000.0,3.8,Belgium,Sports Soccer,498400.0,instagram,belgium,False,2024,Sports,MAPPED,,
16,Gaelle Garcia Diaz @gaellegd,1600000.0,9.69,Belgium,Beauty and Self Care Modeling Public Figure,488800.0,instagram,belgium,False,2024,Beauty&Fashion,MAPPED,,
17,IbraTV @ts_ibra,1500000.0,2.3,Belgium,Entertainment and Music Food Finance Business and Finance,461100.0,instagram,belgium,False,2024,Knowledge&Info,MAPPED,,
18,Mert Yapar @mrtypr,1400000.0,0.33,Belgium,Entertainment and Music Fashion and Accessories Auto and Vehicles Marketing and Advertising,426900.0,instagram,belgium,False,2024,Beauty&Fashion,MAPPED,,
19,Axel Witsel @axelwitsel28,1400000.0,0.94,Belgium,Sports Soccer,421300.0,instagram,belgium,False,2024,Sports,MAPPED,,
20,Selim Amallah @selim_amallah,1400000.0,2.03,Belgium,,414100.0,instagram,belgium,False,2024,,,,
21,SAVANNAH PREZ @savannahprez,1300000.0,3.04,Belgium,Fitness and Health Training Coaching,397100.0,instagram,belgium,False,2024,Sports,MAPPED,,
22,Raf Simons Official @rafsimons,1300000.0,0.45,Belgium,Fashion Modeling Fashion Design,375500.0,instagram,belgium,False,2024,Beauty&Fashion,MAPPED,,
23,SABRINA LOPEZ PAPOUTSAKIS @sasabylopez,1200000.0,0.97,Belgium,Fashion and Accessories,362900.0,instagram,belgium,False,2024,Beauty&Fashion,MAPPED,,
24,Lost Frequencies @lostfrequencies,1100000.0,1.84,Belgium,Food and Drink DJ Music Producers,338400.0,instagram,belgium,False,2024,Music,MAPPED,,
25,Leen Hennawi @leen_hanna,1100000.0,6.44,Belgium,Fashion and Accessories Modeling Lifestyle,334100.0,instagram,belgium,False,2024,Beauty&Fashion,MAPPED,,
26,Jan Vertonghen @jvertonghen,1100000.0,1.04,Belgium,Sports,324600.0,instagram,belgium,False,2024,Sports,MAPPED,,
27,Amélie Neten @amelieofficieloff,1100000.0,1.7,Belgium,Entertainment and Music Fashion and Accessories Lifestyle,324300.0,instagram,belgium,False,2024,Beauty&Fashion,MAPPED,,
28,Belgian Red Devils @belgianreddevils,1100000.0,0.63,Belgium,Sports Soccer,319500.0,instagram,belgium,False,2024,Sports,MAPPED,,
29,🌸 Stéphanie Clerbois @speana20,1100000.0,0.57,Belgium,Fashion and Accessories Beauty and Self Care Travel Moms,317400.0,instagram,belgium,False,2024,Beauty&Fashion,MAPPED,,
30,Jamal Ben Saddik @jamalbensaddik,1000000.0,0.72,Belgium,Sports Modeling,301900.0,instagram,belgium,False,2024,Sports,MAPPED,,
31,Yağmur Ün @unyagmur,992800.0,4.35,Belgium,Celebrity,297900.0,instagram,belgium,False,2024,Entertainment,MAPPED,,
32,Vincent Bal - Shadowology @vincent_bal,954100.0,0.47,Belgium,Arts and Crafts Illustrator,286200.0,instagram,belgium,False,2024,Lifestyle,MAPPED,,
33,OULFA @oulfaxoul,946700.0,0.87,Belgium,Fashion and Accessories Parenting,284000.0,instagram,belgium,False,2024,Beauty&Fashion,MAPPED,,
34,Julian Alaphilippe @alafpolak,885600.0,5.5,Belgium,Sports,265700.0,instagram,belgium,False,2024,Sports,MAPPED,,
35,Kawin Thamsatchanan @kawiator_26,867300.0,1.59,Belgium,Romance and Wedding,260200.0,instagram,belgium,False,2024,Beauty&Fashion,MAPPED,,
36,J e n n a ღ S t e e n o @jennaminnie,808700.0,0.17,Belgium,Home and Garden Food Food and Drink Lifestyle,242600.0,instagram,belgium,False,2024,Lifestyle,MAPPED,,
37,aaronthepoolshark @aaronthepoolshark,798000.0,5.71,Belgium,Sports,239400.0,instagram,belgium,False,2024,Sports,MAPPED,,
38,Dokss 🫡🤫 @jeremydoku,766200.0,38.12,Belgium,,229900.0,instagram,belgium,False,2024,,,,
39,نورسين: خلطات و عناية 🌷 @nour_ssine5,739500.0,0.42,Belgium,Education Beauty and Self Care,221800.0,instagram,belgium,False,2024,Beauty&Fashion,MAPPED,,
40,Tondeur Philippe @philippetondeur1,737600.0,0.17,Belgium,,221300.0,instagram,belgium,False,2024,,,,
41,Thorgan10 @thorgan10,710600.0,7.87,Belgium,Sports,213200.0,instagram,belgium,False,2024,Sports,MAPPED,,
42,Lydia Bielen @lydiabielen,692800.0,0.19,Belgium,Fashion,207800.0,instagram,belgium,False,2024,Beauty&Fashion,MAPPED,,
43,Planet Prudence | Self Love @planetprudence,680400.0,0.79,Belgium,Arts and Crafts Funny,204100.0,instagram,belgium,False,2024,Entertainment,MAPPED,,
44,Tuba snt @pastellila.kitchen,673700.0,1.0,Belgium,,202100.0,instagram,belgium,False,2024,,,,
45,𝐉𝐄𝐋𝐄𝐍𝐀 𝐃𝐔𝐊𝐈𝐂́ @jelenaa_officiel,611700.0,0.81,Belgium,Fashion and Accessories Beauty and Self Care Lifestyle,183500.0,instagram,belgium,False,2024,Beauty&Fashion,MAPPED,,
46,Aline Dessine @aline_dessine,604600.0,6.75,Belgium,Arts and Crafts,181400.0,instagram,belgium,False,2024,Lifestyle,MAPPED,,
47,Lara FABIAN @larafabianofficial,587100.0,2.17,Belgium,Entertainment and Music Lifestyle Music Singer,176100.0,instagram,belgium,False,2024,Music,MAPPED,,
48,Mehdi Amri @mehdi_amri_10,575100.0,10.5,Belgium,Entertainment and Music Sports Funny,172500.0,instagram,belgium,False,2024,Sports,MAPPED,,
49,Silent Jill @silentjill,571100.0,6.21,Belgium,Beauty and Self Care Home and Garden Music Lifestyle,171300.0,instagram,belgium,False,2024,Beauty&Fashion,MAPPED,,
50,Karen Damen @karendamen,567100.0,2.12,Belgium,Entertainment and Music Pets family Life and Society,170100.0,instagram,belgium,False,2024,Knowledge&Info,MAPPED,,
51,Christopher A. Lobanzo 🐺 @chrislobanzo,532900.0,12.11,Belgium,Entertainment and Music,159900.0,instagram,belgium,False,2024,Music,MAPPED,,
52,Ophélie t'Serstevens @simple.symphony,531300.0,1.54,Belgium,Arts and Crafts Parenting Business,159400.0,instagram,belgium,False,2024,Knowledge&Info,MAPPED,,
53,Maureen Alexandra Naudts @maureennaudts,531300.0,1.07,Belgium,Beauty and Self Care,159400.0,instagram,belgium,False,2024,Beauty&Fashion,MAPPED,,
54,Idi Coello @idicoello,525500.0,4.7,Belgium,Beauty and Self Care Actors,157600.0,instagram,belgium,False,2024,Beauty&Fashion,MAPPED,,
55,MANYY6.1 @mustafacaliskanmanyy,514900.0,1.16,Belgium,Sports Soccer Celebrities,154500.0,instagram,belgium,False,2024,Sports,MAPPED,,
56,Kat Kerkhofs @katkerkhofs,503200.0,6.68,Belgium,Fitness and Health Travel Business and Finance Modeling,151000.0,instagram,belgium,False,2024,Sports,MAPPED,,
57,SIR MILLI @kidcozyboy,497400.0,4.98,Belgium,Fashion and Accessories Business and Finance Music Singer,149200.0,instagram,belgium,False,2024,Beauty&Fashion,MAPPED,,
58,Arne Vanden Wijngaert @arne.vdw,493200.0,3.92,Belgium,Fitness and Health Fashion and Accessories,147900.0,instagram,belgium,False,2024,Sports,MAPPED,,
59,Zain Daqqa | زين دقة @zain.dagga,491000.0,20.64,Belgium,Entertainment and Music Romance and Wedding Life and Society Travel,147300.0,instagram,belgium,False,2024,Beauty&Fashion,MAPPED,,
60,Céline Schraepen @celineschh,489200.0,0.22,Belgium,family Fashion and Accessories Moms Lifestyle,146800.0,instagram,belgium,False,2024,Beauty&Fashion,MAPPED,,
61,Toby Alderweireld @tobyalderweireld,476800.0,1.4,Belgium,Sports,143000.0,instagram,belgium,False,2024,Sports,MAPPED,,
62,Waiwai Jess @waiwaijess_,464000.0,0.55,Belgium,Beauty and Self Care Fashion and Accessories Entrepreneur,139200.0,instagram,belgium,False,2024,Beauty&Fashion,MAPPED,,
63,🌼 LAILA • ZAOUI 🌼 @lailazaouiofficiel,462100.0,1.4,Belgium,Beauty and Self Care Travel Lifestyle,138600.0,instagram,belgium,False,2024,Beauty&Fashion,MAPPED,,
64,SHARON ELLIS GROBBEN @sharongrobben,459900.0,1.6,Belgium,Fashion and Accessories Modeling Plus Size Celebrities,138000.0,instagram,belgium,False,2024,Beauty&Fashion,MAPPED,,
65,SAB 🥀 @sabinesafar,456000.0,0.78,Belgium,Food Entertainment and Music Food and Drink Parenting,136800.0,instagram,belgium,False,2024,Music,MAPPED,,
66,SoufianeBencok @soufianebencok,452400.0,49.56,Belgium,Sports Soccer,135700.0,instagram,belgium,False,2024,Sports,MAPPED,,
67,Sofie Valkiers @sofievalkiers,443200.0,0.22,Belgium,Fashion and Accessories Styling Celebrities Design,133000.0,instagram,belgium,False,2024,Beauty&Fashion,MAPPED,,
68,Lima Ché @limaswardrobe,440300.0,1.1,Belgium,Fashion and Accessories Lifestyle,132100.0,instagram,belgium,False,2024,Beauty&Fashion,MAPPED,,
69,"it's barbie cindy, bitch @barbiecindy1",436100.0,0.7,Belgium,Dogs Pets,130800.0,instagram,belgium,False,2024,Lifestyle,MAPPED,,
70,Ella Kasumovic @kasumovic_ella,411500.0,17.67,Belgium,Entertainment and Music family,123500.0,instagram,belgium,False,2024,Music,MAPPED,,
71,𝘽𝙚𝙡𝙜𝙞𝙖𝙣 𝙨𝙝𝙚𝙥𝙝𝙚𝙧𝙙 @malinois_unity,404700.0,0.79,Belgium,Animals,121400.0,instagram,belgium,False,2024,Lifestyle,MAPPED,,
72,HANNE VERBRUGGEN @hannecarry__,397900.0,12.1,Belgium,Fashion Lifestyle,119400.0,instagram,belgium,False,2024,Beauty&Fashion,MAPPED,,
73,Zorgane Adem @zorganeadem6,396900.0,2.0,Belgium,Sports,119100.0,instagram,belgium,False,2024,Sports,MAPPED,,
74,CoBrA - @0flc,389000.0,9.42,Belgium,,116700.0,instagram,belgium,False,2024,,,,
75,Stoffel Vandoorne @svandoorne,380300.0,0.94,Belgium,Sports Automotive Racing,114100.0,instagram,belgium,False,2024,Sports,MAPPED,,
76,GuiHome vous détend @guihome_vous_detend,373300.0,2.9,Belgium,Entertainment and Music Celebrity Lifestyle,112000.0,instagram,belgium,False,2024,Music,MAPPED,,
77,Diana Goss @diana.goss,371900.0,0.48,Belgium,Fashion and Accessories Education Styling Modeling,111600.0,instagram,belgium,False,2024,Beauty&Fashion,MAPPED,,
78,Natalia Druyts @nataliamusic,371100.0,2.18,Belgium,Entertainment and Music family Travel Moms,111300.0,instagram,belgium,False,2024,Music,MAPPED,,
79,Kara Mbodji🇸🇳 🔴⚫️ @kingkara,358500.0,3.73,Belgium,Lifestyle Sports Fitness,107600.0,instagram,belgium,False,2024,Sports,MAPPED,,
80,T I E N E R T V @tienertv,352600.0,0.3,Belgium,Entertainment and Music Celebrity,105800.0,instagram,belgium,False,2024,Music,MAPPED,,
81,RHYMEZLIKEDIMEZ🌻 @rhymezlikedimez,348400.0,6.72,Belgium,Fashion and Accessories Parenting Music Producers,104500.0,instagram,belgium,False,2024,Beauty&Fashion,MAPPED,,
82,Omar Makhlouf @omarfreestyle,339600.0,10.65,Belgium,Sports,101900.0,instagram,belgium,False,2024,Sports,MAPPED,,
83,Pieter Peulen @pieterpeulen,328300.0,2.33,Belgium,Design Fashion Photography Travel,98500.0,instagram,belgium,False,2024,Beauty&Fashion,MAPPED,,
84,Asma Alayoubi | اسماء الايوبي @asma.alayoubi,326200.0,0.26,Belgium,Funny,97900.0,instagram,belgium,False,2024,Entertainment,MAPPED,,
85,Muken’s Home. Organisation & more @mukenshome,323600.0,1.25,Belgium,DIY and Life Hacks Home and Garden Food,97100.0,instagram,belgium,False,2024,Lifestyle,MAPPED,,
86,A V E L I N E S T O K A R T @aveline_stokart,322300.0,4.05,Belgium,Arts and Crafts Illustrator,96700.0,instagram,belgium,False,2024,Lifestyle,MAPPED,,
87,Bbs🍭💜 @grace_bbs,321900.0,0.06,Belgium,Fashion,96600.0,instagram,belgium,False,2024,Beauty&Fashion,MAPPED,,
88,Tom Waes @tomwaes,321000.0,2.09,Belgium,Actors Fashion Lifestyle Travel,96300.0,instagram,belgium,False,2024,Beauty&Fashion,MAPPED,,
89,Joost Bouhof @joostbouhof,315800.0,0.65,Belgium,Games Video Gaming,94700.0,instagram,belgium,False,2024,Tech&Gaming,MAPPED,,
90,NWS @nws.nws.nws,308300.0,9.1,Belgium,Education,92500.0,instagram,belgium,False,2024,Knowledge&Info,MAPPED,,
91,@kapsalon.hakan,301700.0,10.3,Belgium,Beauty and Self Care Fashion and Accessories Styling Hair Salons,90500.0,instagram,belgium,False,2024,Beauty&Fashion,MAPPED,,
92,Talisa Loup @talisalo,298000.0,0.38,Belgium,family Fashion and Accessories Lifestyle,89400.0,instagram,belgium,False,2024,Beauty&Fashion,MAPPED,,
93,wissam 🌿 @wissxo,295600.0,2.38,Belgium,Parenting Fashion Lifestyle,88700.0,instagram,belgium,False,2024,Beauty&Fashion,MAPPED,,
94,Malicia 🩷 @maliciadorable,294500.0,2.2,Belgium,Beauty and Self Care,88400.0,instagram,belgium,False,2024,Beauty&Fashion,MAPPED,,
95,Loai Arafat @loay_arafat,292700.0,1.33,Belgium,Fashion and Accessories Gym Modeling,87800.0,instagram,belgium,False,2024,Sports,MAPPED,,
96,Rayane Huber 🦦🦊 @rayane_hbr,292200.0,7.76,Belgium,Entertainment and Music Celebrity,87700.0,instagram,belgium,False,2024,Music,MAPPED,,
97,Saleh Alsafoo @salehalnagham,287600.0,2.91,Belgium,Celebrity Video Blogger,86300.0,instagram,belgium,False,2024,Entertainment,MAPPED,,
98,Da Tweekaz @datweekaz,284700.0,1.9,Belgium,,85400.0,instagram,belgium,False,2024,,,,
99,David Goffin @david__goffin,282700.0,1.4,Belgium,Fitness Tennis,84800.0,instagram,belgium,False,2024,Sports,MAPPED,,
100,🇨 🇪 🇷 🇪 🇳 @_cerenim,280300.0,1.4,Belgium,Fashion and Accessories,84100.0,instagram,belgium,False,2024,Beauty&Fashion,MAPPED,,
1,Anabel Angus @anabelangus,1000000.0,1.3,Bolivia,Journalists,304600.0,instagram,bolivia,False,2024,Knowledge&Info,MAPPED,,
2,Andrea Villarroel @soyandreatv,931000.0,1.22,Bolivia,Entertainment and Music Fashion and Accessories Arts and Crafts Marketing and Advertising,279300.0,instagram,bolivia,False,2024,Beauty&Fashion,MAPPED,,
3,𝒢𝒶𝒷𝓇𝒾𝑒𝓁𝒶 𝒵𝑒𝑔𝒶𝓇𝓇𝒶 @gabyzegarra_gz,879100.0,1.09,Bolivia,Beauty and Self Care Marketing and Advertising Actors Modeling,263700.0,instagram,bolivia,False,2024,Beauty&Fashion,MAPPED,,
4,Albertina sacaca @albertinasacaca,764100.0,2.14,Bolivia,,229200.0,instagram,bolivia,False,2024,,,,
5,Um a Uno @um.a.uno,630200.0,0.86,Bolivia,Travel,189000.0,instagram,bolivia,False,2024,Lifestyle,MAPPED,,
6,Andres Salvatierra J. @andres.salvatierraj,582900.0,4.6,Bolivia,,174900.0,instagram,bolivia,False,2024,,,,
7,Fiorella Zamora @fiorellazoe_zamora,503700.0,0.33,Bolivia,,151100.0,instagram,bolivia,False,2024,,,,
8,Grisel Quiroga @griselquiroga,482900.0,0.15,Bolivia,Fashion and Accessories Actors,144900.0,instagram,bolivia,False,2024,Beauty&Fashion,MAPPED,,
9,L A C L A U 🍍 @laclauoficial,467900.0,0.98,Bolivia,,140400.0,instagram,bolivia,False,2024,,,,
10,𝙔𝙐𝙑𝙄𝙉𝙆𝘼 𝘼Ñ𝙀𝙕 ✨ @yuvinkaanez96,426600.0,2.12,Bolivia,Beauty and Self Care Fashion and Accessories Actors Modeling,128000.0,instagram,bolivia,False,2024,Beauty&Fashion,MAPPED,,
11,Gabo Chavarría @gabocharria,425500.0,0.67,Bolivia,Celebrity,127700.0,instagram,bolivia,False,2024,Entertainment,MAPPED,,
12,Eliana Gonzalez @elugonzalez,368000.0,0.41,Bolivia,,110400.0,instagram,bolivia,False,2024,,,,
13,Elias Ayaviri @eliasayavirioficial,325300.0,0.35,Bolivia,Entertainment and Music Music Actors,97600.0,instagram,bolivia,False,2024,Music,MAPPED,,
14,Fernando Eid @fernandoeidok,318800.0,1.61,Bolivia,Entertainment and Music Television Actors Journalists,95600.0,instagram,bolivia,False,2024,Knowledge&Info,MAPPED,,
15,Bonny Lovy @bonnylovyoficial,312900.0,0.4,Bolivia,Entertainment and Music Actors Music Architecture,93900.0,instagram,bolivia,False,2024,Music,MAPPED,,
16,Evo Morales Ayma @evomoralesayma,293300.0,0.57,Bolivia,,88000.0,instagram,bolivia,False,2024,,,,
17,Marco Antelo (YeYo) @yeyoantelo,293200.0,0.6,Bolivia,Actors,88000.0,instagram,bolivia,False,2024,Entertainment,MAPPED,,
18,Nɪᴄᴏʟ Sᴀʟᴄᴇ “𝕆𝕤𝕚𝕥𝕒”🐻 @nicol_salce,290100.0,0.27,Bolivia,Romance and Wedding Actors Modeling,87000.0,instagram,bolivia,False,2024,Beauty&Fashion,MAPPED,,
19,Isa Vargas @iisamarvg,287800.0,2.26,Bolivia,Actors Journalists,86300.0,instagram,bolivia,False,2024,Knowledge&Info,MAPPED,,
20,Ximena Zalzer @ximzal,287100.0,1.61,Bolivia,Entertainment and Music Automotive Actors Modeling,86100.0,instagram,bolivia,False,2024,Beauty&Fashion,MAPPED,,
21,Ronico @ronicocs,275800.0,0.34,Bolivia,Entertainment and Music Celebrity Marketing and Advertising Actors,82700.0,instagram,bolivia,False,2024,Knowledge&Info,MAPPED,,
22,Red Uno de Bolivia @redunotv,272000.0,0.3,Bolivia,,81600.0,instagram,bolivia,False,2024,,,,
23,hbl_Fit_leon @hbl_fit_leon,267100.0,0.27,Bolivia,Fitness and Health Marketing and Advertising Coaching Gym,80100.0,instagram,bolivia,False,2024,Sports,MAPPED,,
24,MISS BOLIVIA @missboliviamusica,262600.0,0.5,Bolivia,Entertainment and Music Actors,78800.0,instagram,bolivia,False,2024,Music,MAPPED,,
25,GRACIELA VNOVASKI @gracinovaski,260600.00000000003,1.9,Bolivia,Television Actors Virtualization Journalists,78200.0,instagram,bolivia,False,2024,Knowledge&Info,MAPPED,,
26,Alejandro Fabio Pinedo Terrazas @alepinedotv,255600.0,0.1,Bolivia,Celebrity Video Gaming,76700.0,instagram,bolivia,False,2024,Tech&Gaming,MAPPED,,
27,Angelica Merida Duran @angelicamerida,251500.0,0.27,Bolivia,Entertainment and Music Romance and Wedding Marketing and Advertising Actors,75500.0,instagram,bolivia,False,2024,Beauty&Fashion,MAPPED,,
28,Calle 7 Bolivia @callesietebolivia,232100.0,0.3,Bolivia,Entertainment and Music Games Marketing and Advertising Actors,69600.0,instagram,bolivia,False,2024,Knowledge&Info,MAPPED,,
29,Melissa Gate @meligate.tv,231200.0,3.8,Bolivia,,69400.0,instagram,bolivia,False,2024,,,,
30,Lenka Nemer @lenkanemeroficial,230900.0,0.32,Bolivia,Fashion Beauty Travel Fashion and Accessories,69300.0,instagram,bolivia,False,2024,Beauty&Fashion,MAPPED,,
31,Ronald Arnez￼ @ronaldarnez,224800.0,0.14,Bolivia,Acting and Drama Celebrity Actors,67400.0,instagram,bolivia,False,2024,Entertainment,MAPPED,,
32,𝐸𝑟𝑖𝑘𝑎 𝑆𝑒𝑐𝑎𝑑𝑒𝑠🦋 @erikasecades,204600.0,1.14,Bolivia,Beauty and Self Care Fashion and Accessories Actors Virtualization,61400.0,instagram,bolivia,False,2024,Beauty&Fashion,MAPPED,,
33,VALENTINA @valeentina_98,204400.0,1.06,Bolivia,,61300.0,instagram,bolivia,False,2024,,,,
34,Stephanie Herela @stephanieherela,201400.0,0.39,Bolivia,Celebrity Actors Modeling,60400.0,instagram,bolivia,False,2024,Beauty&Fashion,MAPPED,,
35,Cinéfilo Boliviano @cinefiloboliviano,199800.0,0.25,Bolivia,Entertainment and Music,59900.0,instagram,bolivia,False,2024,Music,MAPPED,,
36,Carlos Rocabado @carlosrocabadook,199400.0,0.2,Bolivia,Entertainment and Music Acting and Drama Celebrity Actors,59800.0,instagram,bolivia,False,2024,Music,MAPPED,,
37,𝕊𝕖𝕓𝕒𝕤𝕥𝕚𝕒𝕟 ℙ𝕦𝕥𝕫 @sebasputz,194700.0,0.4,Bolivia,family Fitness and Health Life and Society Product Education,58400.0,instagram,bolivia,False,2024,Sports,MAPPED,,
38,Andrea Fernandez - Real Estate @andreafernandez_century21,191700.0,6.84,Bolivia,,57500.0,instagram,bolivia,False,2024,,,,
39,Cynthia S. Chavez @cynthiaschavez,189700.0,0.1,Bolivia,Acting and Drama family Celebrity Parenting,56900.0,instagram,bolivia,False,2024,Entertainment,MAPPED,,
40,Matias De Rada @matiasderada,182700.0,6.16,Bolivia,Arts and Crafts Celebrity Adventure,54800.0,instagram,bolivia,False,2024,Sports,MAPPED,,
41,Gabriela Oviedo @gabrielaoviedoserrate,181000.0,0.26,Bolivia,Entertainment and Music Education Romance and Wedding News,54300.0,instagram,bolivia,False,2024,Beauty&Fashion,MAPPED,,
42,Agustín Belforte @agustin_belforte,180700.0,0.7,Bolivia,,54200.0,instagram,bolivia,False,2024,,,,
43,Rubén Alejandro Boix Martinez @rubenboix,179800.0,1.29,Bolivia,Entertainment and Music,53900.0,instagram,bolivia,False,2024,Music,MAPPED,,
44,𝑺𝒆𝒓𝒈𝒊𝒐 𝑨𝒃𝒆𝒍 𝑴𝒆𝒏𝒅𝒆𝒛 𝑻𝒊𝒕𝒛𝒆 @baby_mendez_,177300.0,9.78,Bolivia,,53200.0,instagram,bolivia,False,2024,,,,
45,Luciel Izumi @luciel_izumi,174600.0,2.26,Bolivia,Entertainment and Music Automotive,52400.0,instagram,bolivia,False,2024,Tech&Gaming,MAPPED,,
46,Andrea Herrera Añez @aherrera.a,169900.0,1.5,Bolivia,Marketing and Advertising Actors Virtualization,51000.0,instagram,bolivia,False,2024,Knowledge&Info,MAPPED,,
47,Maria Elena Montero @babyoficialc7,169200.0,3.58,Bolivia,,50800.0,instagram,bolivia,False,2024,,,,
48,Anita Parada 💖 @anita.paradaj,160000.0,0.35,Bolivia,Beauty and Self Care family Actors,48000.0,instagram,bolivia,False,2024,Beauty&Fashion,MAPPED,,
49,Club Bolívar @clubbolivaroficial,159000.0,0.83,Bolivia,Sports Marketing and Advertising Soccer,47700.0,instagram,bolivia,False,2024,Sports,MAPPED,,
50,𝐃 𝐀 𝐈 𝐀 𝐍 𝐄✨ @daianecandia29,152700.0,0.8,Bolivia,,45800.0,instagram,bolivia,False,2024,,,,
51,Astrid Vaca Rico @astridvacarico.bo,152100.0,0.2,Bolivia,Animals Actors Journalists,45600.0,instagram,bolivia,False,2024,Knowledge&Info,MAPPED,,
52,Isa Balcazar @isabalcazar.7,150100.0,0.8,Bolivia,Actors Fashion Modeling,45000.0,instagram,bolivia,False,2024,Beauty&Fashion,MAPPED,,
53,Patrik Berger @patrikbergerofficial,145200.0,0.66,Bolivia,,43600.0,instagram,bolivia,False,2024,,,,
54,Vanesita Medina 🇧🇴 Oficial @vanesita_medina_c,140000.0,2.45,Bolivia,,42000.0,instagram,bolivia,False,2024,,,,
55,Luisa Dörr @luisadorr,139100.0,2.51,Bolivia,Photography Home and Garden,41700.0,instagram,bolivia,False,2024,Lifestyle,MAPPED,,
56,Fabricio Blacutt @fabru_blacutt,136500.0,1.04,Bolivia,,40900.0,instagram,bolivia,False,2024,,,,
57,Agustin Bajda @agustinbajda7,134100.0,32.04,Bolivia,,40200.0,instagram,bolivia,False,2024,,,,
58,Desirée Durán Oficial @desireedurandd,133300.0,0.41,Bolivia,Romance and Wedding Marketing and Advertising Actors Lifestyle,40000.0,instagram,bolivia,False,2024,Beauty&Fashion,MAPPED,,
59,Wendy Flores 💥 @wendyfloresv,133100.0,0.6,Bolivia,Actors Fashion Modeling,39900.0,instagram,bolivia,False,2024,Beauty&Fashion,MAPPED,,
60,ABIGAIL RIOS NIEVE @abigail_r.n,123800.0,5.95,Bolivia,Entertainment and Music,37200.0,instagram,bolivia,False,2024,Music,MAPPED,,
61,Luna-Calle7Bolivia @lunamaldonadoayala,118700.0,2.25,Bolivia,,35600.0,instagram,bolivia,False,2024,,,,
62,ＦＲＥＤＥＲＩＣＫ ＫＥＬＬＥＹ @frederick.kelley,117500.0,13.3,Bolivia,,35300.0,instagram,bolivia,False,2024,,,,
63,Redragon Latam @redragonla,117300.0,0.4,Bolivia,Games Video Gaming Actors,35200.0,instagram,bolivia,False,2024,Tech&Gaming,MAPPED,,
64,Yingo Red Uno @yingoreduno,117200.0,0.4,Bolivia,Marketing and Advertising Actors,35200.0,instagram,bolivia,False,2024,Knowledge&Info,MAPPED,,
65,Bolivia - South America @experiencebolivia,116900.0,1.97,Bolivia,Travel Adventure,35100.0,instagram,bolivia,False,2024,Sports,MAPPED,,
66,Jorge Antonio Robledo @jorgerobledocespedes,116900.0,1.8,Bolivia,,35100.0,instagram,bolivia,False,2024,,,,
67,Noticias de Bolivia @pagina_siete,116500.0,0.8,Bolivia,Education,35000.0,instagram,bolivia,False,2024,Knowledge&Info,MAPPED,,
68,𝑱𝒂𝒛𝒎𝒊𝒏 𝑫𝒖𝒓𝒂𝒏 🔹Dubai Model @jazzminduran,115000.0,4.6,Bolivia,Fashion and Accessories,34500.0,instagram,bolivia,False,2024,Beauty&Fashion,MAPPED,,
69,EDSON FDB 🎮 @soypapiedson,115000.0,3.7,Bolivia,,34500.0,instagram,bolivia,False,2024,,,,
70,Osito🐻 @carlosegutierz,111000.0,1.3,Bolivia,,33300.0,instagram,bolivia,False,2024,,,,
71,B R O R I C A R D O @ricardoprambudi,110600.0,2.88,Bolivia,Auto and Vehicles Automotive,33200.0,instagram,bolivia,False,2024,Tech&Gaming,MAPPED,,
72,👁 @omgbolivia,110500.0,0.85,Bolivia,Actors,33200.0,instagram,bolivia,False,2024,Entertainment,MAPPED,,
73,DANIEL MAZZA @mondoaeroporto,109400.0,1.26,Bolivia,Travel Auto and Vehicles,32800.0,instagram,bolivia,False,2024,Tech&Gaming,MAPPED,,
74,Ezequiel Bazán @ezequielbazanoficial,109100.0,0.6,Bolivia,,32700.000000000004,instagram,bolivia,False,2024,,,,
75,𝙾𝚛𝚒𝚎𝚝𝚝𝚊 𝙰𝚜𝚌𝚊𝚛𝚛𝚞𝚑𝚗𝚣 @orietta_ascarruhnz,109000.0,1.84,Bolivia,Fashion and Accessories Business and Finance,32700.000000000004,instagram,bolivia,False,2024,Beauty&Fashion,MAPPED,,
76,Carla Velasco 🤍 @carla_lorena_velasco,107200.0,0.3,Bolivia,Animals,32100.0,instagram,bolivia,False,2024,Lifestyle,MAPPED,,
77,Alejandro Delius🇧🇴🇩🇪 @alejandrodelius,107000.0,0.24,Bolivia,Entertainment and Music Actors Music,32100.0,instagram,bolivia,False,2024,Music,MAPPED,,
78,Yarita Gasaui @diosadelfuegoyg,106600.0,1.5,Bolivia,,32000.0,instagram,bolivia,False,2024,,,,
79,Tyler @tylerz240,105900.0,4.32,Bolivia,,31800.0,instagram,bolivia,False,2024,,,,
80,Ferjin♡ @ferjin010,104700.0,6.31,Bolivia,Animation and Cosplay,31400.0,instagram,bolivia,False,2024,Tech&Gaming,MAPPED,,
81,Thalma Roca @thalmaroca,102900.0,0.25,Bolivia,Acting and Drama,30900.0,instagram,bolivia,False,2024,Entertainment,MAPPED,,
82,Vivian Ruiz @missvivianruiz,100700.0,0.32,Bolivia,Fitness and Health Actors Moms Lifestyle,30200.0,instagram,bolivia,False,2024,Sports,MAPPED,,
83,Gardenia @gardenia_moruno,100000.0,0.73,Bolivia,Entertainment and Music,30000.0,instagram,bolivia,False,2024,Music,MAPPED,,
84,Diego Merritt @diegomerritt,98900.0,0.05,Bolivia,Entertainment and Music Music Actors Singer,29700.0,instagram,bolivia,False,2024,Music,MAPPED,,
85,Tino Vigevani Garcia @soyvalentinog,96300.0,27.1,Bolivia,Pets Moms Actors,28900.0,instagram,bolivia,False,2024,Entertainment,MAPPED,,
86,Irais Alarcón @irais.alarcon,95700.0,2.11,Bolivia,,28700.0,instagram,bolivia,False,2024,,,,
87,B R U N O R O C A 🫀👁 🐰🧿 @soybrunoroca,94700.0,0.5,Bolivia,,28400.0,instagram,bolivia,False,2024,,,,
88,✨ creandoletras_11✨ @adelaydasantillan_11,94300.0,1.42,Bolivia,,28300.0,instagram,bolivia,False,2024,,,,
89,Libreria IRBE Bolivia @libreriairbe,93700.0,19.28,Bolivia,Education Product Showcase,28100.0,instagram,bolivia,False,2024,Beauty&Fashion,MAPPED,,
90,J i m e ★ ʙᴏʟɪᴠɪᴀ @jimenasuarezv,93700.0,3.9,Bolivia,,28100.0,instagram,bolivia,False,2024,,,,
91,Stefany Aguilar @stefanyaguilarbasto,93500.0,0.55,Bolivia,Entertainment and Music Soccer Actors,28100.0,instagram,bolivia,False,2024,Sports,MAPPED,,
92,Killa Hermoza @killa_hermoza,93100.0,2.75,Bolivia,family Actors Virtualization Public Figure,27900.0,instagram,bolivia,False,2024,Tech&Gaming,MAPPED,,
93,Barbie Chula @barbiechulanyc,93100.0,0.43,Bolivia,Animation and Cosplay Arts and Crafts Celebrity Parenting,27900.0,instagram,bolivia,False,2024,Tech&Gaming,MAPPED,,
94,— yannine ☾ ✧ ‧₊˚ @art_.study,92700.0,1.01,Bolivia,Arts and Crafts Education,27800.0,instagram,bolivia,False,2024,Knowledge&Info,MAPPED,,
95,Natali justiniano @natalijustiniano,90900.0,0.7,Bolivia,,27300.0,instagram,bolivia,False,2024,,,,
96,AlexAndré @alexandreofficialmusic,88000.0,0.06,Bolivia,Music,26400.0,instagram,bolivia,False,2024,Music,MAPPED,,
97,Natalia Davila @moleonlip,87800.0,0.69,Bolivia,Education,26300.0,instagram,bolivia,False,2024,Knowledge&Info,MAPPED,,
98,Leonardo León - Poetry @leonardo_leon23,87700.0,1.91,Bolivia,Entertainment and Music Marketing and Advertising Actors Modeling,26300.0,instagram,bolivia,False,2024,Beauty&Fashion,MAPPED,,
99,Marcela Gonzales @marcelita.gonzales,87000.0,0.78,Bolivia,Television Actors Journalists,26100.0,instagram,bolivia,False,2024,Knowledge&Info,MAPPED,,
100,Soy Paceño @soypaceno,86800.0,1.74,Bolivia,Travel Photography,26000.0,instagram,bolivia,False,2024,Lifestyle,MAPPED,,
1,Neymar Jr @neymarjr,220100000.0,,برزیل,ورزش فوتبال ورزشکار,66000000.0,instagram,brazil,False,2024,Sports,MAPPED,,Sports athlete football
2,Ronaldo de Assis Moreira @ronaldinho,75800000.0,0.35,برزیل,ورزش اتومبیل فوتبال,22700000.0,instagram,brazil,False,2024,Sports,MAPPED,,Football car sports
3,Shawn Mendes @shawnmendes,73000000.0,0.03,برزیل,موسیقی خواننده ترانه سرا موسیقی دان,21900000.0,instagram,brazil,False,2024,Music,MAPPED,,Music singer songwriter musician
4,Marcelo Vieira @marcelotwelve,67600000.0,0.49,برزیل,ورزش فوتبال,20300000.0,instagram,brazil,False,2024,Sports,MAPPED,,Football sport
5,Anitta 🎤 @anitta,65099999.99999999,0.6,برزیل,هنر سرگرمی و موسیقی موسیقی خواننده,19500000.0,instagram,brazil,False,2024,Music,MAPPED,,Entertainment art and singer's music
6,Whindersson Nunes @whinderssonnunes,59700000.0,1.02,برزیل,سرگرمی و موسیقی بسیار خنده دار مشهور کمدی,17900000.0,instagram,brazil,False,2024,Music,MAPPED,,Fun and very funny music famous comedy
7,Tata Werneck @tatawerneck,57200000.0,0.02,برزیل,سرگرمی و موسیقی بازیگران هنرمند,17200000.0,instagram,brazil,False,2024,Music,MAPPED,,Entertainment and music of artist actors
8,Larissa Manoela @larissamanoela,54300000.0,0.21,برزیل,هنر بازیگری و درام مد و لوازم جانبی سرگرمی و موسیقی,16300000.0,instagram,brazil,False,2024,Beauty&Fashion,MAPPED,,Acting art and fashion drama and entertainment and music accessories
9,+A @maisa,48400000.0,0.21,برزیل,بازیگری و درام موسیقی خواننده,14500000.0,instagram,brazil,False,2024,Music,MAPPED,,Acting and music drama singer
10,Bruna Marquezine @brunamarquezine,45200000.0,0.04,برزیل,هنر زیبایی و مراقبت از خود مد و لوازم جانبی هنرهای تجربی,13600000.0,instagram,brazil,False,2024,Beauty&Fashion,MAPPED,,Beauty art and self care fashion and accessories experimental arts
11,Gusttavo Lima @gusttavolima,44600000.0,0.15,برزیل,سرگرمی و موسیقی عشق و ازدواج خواننده,13400000.0,instagram,brazil,False,2024,Music,MAPPED,,Entertainment and music of love and marriage singer
12,Vinicius Jr. ⚡️🇧🇷 @vinijr,43500000.0,5.32,برزیل,ورزش فوتبال,13100000.0,instagram,brazil,False,2024,Sports,MAPPED,,Football sport
13,Marina Ruy Barbosa @marinaruybarbosa,42300000.0,0.09,برزیل,بازیگری و درام مد و لوازم جانبی مشهور بازیگران,12700000.0,instagram,brazil,False,2024,Beauty&Fashion,MAPPED,,Acting and drama fashion and accessories of famous actors
14,Marilia Mendonça @mariliamendoncacantora,41700000.0,0.61,برزیل,سرگرمی و موسیقی خواننده موسیقی,12500000.0,instagram,brazil,False,2024,Music,MAPPED,,Entertainment and music singer
15,Daniel Alves @danialves,36500000.0,0.03,برزیل,ورزش فوتبال,10900000.0,instagram,brazil,False,2024,Sports,MAPPED,,Football sport
16,Veveta @ivetesangalo,36400000.0,0.47,برزیل,سرگرمی و موسیقی مجری تلویزیونی بازیگران موسیقی,10900000.0,instagram,brazil,False,2024,Music,MAPPED,,Entertainment and Music Television Host Music Actors
17,Paolla Oliveira @paollaoliveirareal,35900000.0,0.33,برزیل,بازیگری و درام زندگی بازیگران,10800000.0,instagram,brazil,False,2024,Entertainment,MAPPED,,Acting and life drama of actors
18,Luan Santana @luansantana,35300000.0,0.28,برزیل,سرگرمی و موسیقی خواننده موسیقی,10600000.0,instagram,brazil,False,2024,Music,MAPPED,,Entertainment and music singer
19,Viih Tube @viihtube,32300000.0,0.05,برزیل,خانواده زیبایی و مراقبت از خود سرگرمی و موسیقی مدلسازی,9700000.0,instagram,brazil,False,2024,Beauty&Fashion,MAPPED,,Family beauty and self care entertainment and modeling music
20,Eliana Michaelichen @eliana,31800000.0,0.26,برزیل,هنر برنامه های تلویزیونی موسیقی بازیگران,9600000.0,instagram,brazil,False,2024,Music,MAPPED,,"The art of TV shows, music, actors"
21,LUÍSA SONZA @luisasonza,31700000.0,1.01,برزیل,سرگرمی و موسیقی موسیقی زندگی خواننده,9500000.0,instagram,brazil,False,2024,Music,MAPPED,,"Entertainment and music, the music of the singer's life"
22,Sabrina Sato @sabrinasato,31400000.0,0.02,برزیل,سرگرمی و موسیقی بازیگری و درام اتومبیل مجری تلویزیونی,9400000.0,instagram,brazil,False,2024,Music,MAPPED,,Entertainment and Music Acting and Drama Car TV Presenter
23,Juliette @juliette,31100000.0,0.41,برزیل,سرگرمی و موسیقی هنرمند,9300000.0,instagram,brazil,False,2024,Music,MAPPED,,Entertainment and music artist
24,Juliana Paes @julianapaes,30800000.0,0.05,برزیل,بازیگری و درام مشهور تجسم,9200000.0,instagram,brazil,False,2024,Entertainment,MAPPED,,Famous actor and drama personification
25,LUDMILLA @ludmilla,30200000.0,0.45,برزیل,سرگرمی و موسیقی موسیقی خواننده ترانه سرا,9100000.0,instagram,brazil,False,2024,Music,MAPPED,,Entertainment and music singer songwriter music
26,JoJo @jojotodynho,30000000.0,2.13,برزیل,سرگرمی و موسیقی ترانه سرا,9000000.0,instagram,brazil,False,2024,Music,MAPPED,,Entertainment and music songwriters
27,Giovanna Ewbank @gioewbank,29400000.0,0.2,برزیل,خانواده سرگرمی و موسیقی مشهور مدلسازی,8800000.0,instagram,brazil,False,2024,Beauty&Fashion,MAPPED,,Famous entertainment and music modeling family
28,isis valverde @isisvalverde,29000000.0,0.04,برزیل,هنر مشهور زندگی بازیگران,8700000.0,instagram,brazil,False,2024,Entertainment,MAPPED,,The famous art of actors' lives
29,KEVINHO @kevinho,27300000.0,0.92,برزیل,سرگرمی و موسیقی موسیقی خواننده,8199999.999999999,instagram,brazil,False,2024,Music,MAPPED,,Entertainment and music singer
30,BAD MI ⚡️ MC MIRELLA @mirella,26600000.0,2.3,برزیل,سرگرمی و موسیقی بازاریابی و تبلیغات,8000000.0,instagram,brazil,False,2024,Knowledge&Info,MAPPED,,Entertainment and music marketing and advertising
31,Deborah Secco @dedesecco,26500000.0,0.12,برزیل,مشهور بازیگران مشاهیر طراحی,8000000.0,instagram,brazil,False,2024,Entertainment,MAPPED,,"Famous actors, famous designers"
32,Fábio de Melo @pefabiodemelo,26100000.0,0.23,برزیل,سرگرمی و موسیقی زندگی,7800000.0,instagram,brazil,False,2024,Music,MAPPED,,Entertainment and life music
33,Rodrigo Faro @rodrigofaro,25800000.0,0.17,برزیل,سرگرمی و موسیقی مشهور خواننده بازیگران,7700000.0,instagram,brazil,False,2024,Music,MAPPED,,Entertainment and music of famous singers and actors
34,Coldplay @coldplay,25800000.0,1.46,برزیل,موسیقی خواننده راک,7700000.0,instagram,brazil,False,2024,Music,MAPPED,,Rock singer's music
35,Nicole Bahls @nicolebahls,25600000.0,0.3,برزیل,مد و لوازم جانبی مدلسازی مشاهیر طنز,7700000.0,instagram,brazil,False,2024,Beauty&Fashion,MAPPED,,Humorous celebrity modeling fashion and accessories
36,Claudia Leitte @claudialeitte,25500000.0,0.05,برزیل,سرگرمی و موسیقی موسیقی خواننده,7600000.0,instagram,brazil,False,2024,Music,MAPPED,,Entertainment and music singer
37,Philippe Coutinho @phil.coutinho,24900000.0,1.56,برزیل,فوتبال,7500000.0,instagram,brazil,False,2024,Sports,MAPPED,,football
38,Gabriel Jesus @dejesusoficial,23200000.0,1.42,برزیل,سرگرمی و موسیقی زندگی و جامعه فوتبال,7000000.0,instagram,brazil,False,2024,Sports,MAPPED,,Entertainment and music life and football community
39,MEL MAIA 🍯 @melissamelmaia,22800000.0,1.04,برزیل,سرگرمی و موسیقی موسیقی,6900000.0,instagram,brazil,False,2024,Music,MAPPED,,Entertainment and music music
40,Richarlison @richarlison,22700000.0,2.54,برزیل,ورزش فوتبال,6800000.0,instagram,brazil,False,2024,Sports,MAPPED,,Football sport
41,Bruno Gagliasso @brunogagliasso,22400000.0,0.51,برزیل,مشهور بازیگران مشاهیر طنز,6700000.0,instagram,brazil,False,2024,Entertainment,MAPPED,,Famous comedian actors
42,Simone e Simaria @simoneesimaria,22100000.0,0.47,برزیل,سرگرمی و موسیقی باند مشاهیر حیوانات و خانمانی,6600000.0,instagram,brazil,False,2024,Music,MAPPED,,Entertainment and music of the famous animal and household band
43,LUCAS RANGEL @lucasranngel,22100000.0,1.93,برزیل,زیبایی و مراقبت از خود تجارت و امور مالی موسیقی زندگی,6600000.0,instagram,brazil,False,2024,Beauty&Fashion,MAPPED,,Beauty and self care business and finance life music
44,Rafa Kalimann @rafakalimann,21900000.0,0.2,برزیل,زندگی و جامعه مدلسازی,6600000.0,instagram,brazil,False,2024,Beauty&Fashion,MAPPED,,Life and modeling community
45,Júlio Cocielo Estaniecki @cocielo,21800000.0,2.6,برزیل,سرگرمی و موسیقی مشهور بازیگران کمدی,6500000.0,instagram,brazil,False,2024,Music,MAPPED,,Entertainment and music of famous comedians
46,Marcos Mion @marcosmion,21700000.0,1.43,برزیل,سرگرمی و موسیقی تجارت و امور مالی مشهور,6500000.0,instagram,brazil,False,2024,Knowledge&Info,MAPPED,,Entertainment and Music Famous Business and Finance
47,Fernanda Souza @fernandasouzaoficial,21700000.0,0.05,برزیل,هنر خواننده بازیگران موسیقی,6500000.0,instagram,brazil,False,2024,Entertainment,MAPPED,,"The art of singers, actors, musicians"
48,Mari Maria @marimaria,21700000.0,0.35,برزیل,زیبایی و مراقبت از خود استایلینگ هنرمند,6500000.0,instagram,brazil,False,2024,Beauty&Fashion,MAPPED,,Beauty and self-care artist styling
49,Gisele Bündchen @gisele,21500000.0,2.21,برزیل,مد مدلسازی,6500000.0,instagram,brazil,False,2024,Beauty&Fashion,MAPPED,,Fashion modeling
50,Everson Silva @tirullipa,21400000.0,0.5,برزیل,طنز,6400000.0,instagram,brazil,False,2024,Entertainment,MAPPED,,comedy
51,Camila Queiroz @camilaqueiroz,21400000.0,0.61,برزیل,هنر بازیگران,6400000.0,instagram,brazil,False,2024,Entertainment,MAPPED,,The art of actors
52,Rafael Vitti @rafaavitti,21300000.0,0.24,برزیل,بسیار خنده دار بازیگران مشاهیر حیوانات و خانمانی,6400000.0,instagram,brazil,False,2024,Entertainment,MAPPED,,Very funny actors of famous animals and household
53,Luiz Bacci @luizbacci,21100000.0,0.18,برزیل,سرگرمی و موسیقی روزنامه نگاران شخصیت عمومی,6300000.0,instagram,brazil,False,2024,Knowledge&Info,MAPPED,,Entertainment and music of journalists and public figures
54,GKAY @gessicakayane,20800000.0,1.27,برزیل,مد و لوازم جانبی طنز مشاهیر حیوانات و خانمانی,6200000.0,instagram,brazil,False,2024,Beauty&Fashion,MAPPED,,"Fashion and accessories, celebrity humor, animals and household"
55,@caiocastro,20500000.0,0.21,برزیل,اتومبیل و سایر خودروها ورزش مرور اینترنتی بازیگران,6200000.0,instagram,brazil,False,2024,Sports,MAPPED,,Cars and other cars sports internet browsing actors
56,Lexa @lexa,20500000.0,0.29,برزیل,سرگرمی و موسیقی موسیقی خواننده مشاهیر,6200000.0,instagram,brazil,False,2024,Music,MAPPED,,Entertainment and music of famous singers
57,Iran Ferreira @luvadepedreiro,20500000.0,9.23,برزیل,بسیار خنده دار,6200000.0,instagram,brazil,False,2024,Entertainment,MAPPED,,very funny
58,Luciano Huck @lucianohuck,20300000.0,0.78,برزیل,سرگرمی مجری تلویزیونی برنامه های تلویزیونی,6100000.0,instagram,brazil,False,2024,Entertainment,MAPPED,,Entertainment TV host of TV shows
59,NALDO ⭐️ @naldobenny,20200000.0,0.16,برزیل,سرگرمی و موسیقی خواننده,6100000.0,instagram,brazil,False,2024,Music,MAPPED,,Singer entertainment and music
60,David Luiz @davidluiz23,20200000.0,1.4,برزیل,ورزش فوتبال,6100000.0,instagram,brazil,False,2024,Sports,MAPPED,,Football sport
61,Giovanna Antonelli @giovannaantonelli,19800000.0,0.17,برزیل,سرگرمی و موسیقی بازیگران,5900000.0,instagram,brazil,False,2024,Music,MAPPED,,entertainment and music actors
62,Jair M. Bolsonaro @jairmessiasbolsonaro,19700000.0,1.3,برزیل,سیاست,5900000.0,instagram,brazil,False,2024,Knowledge&Info,MAPPED,,Politics
63,Juliana Salimeni 💖 @jujusalimeni,19400000.0,0.1,برزیل,تناسب اندام و سلامتی سرگرمی و موسیقی مدلسازی,5800000.0,instagram,brazil,False,2024,Sports,MAPPED,,Fitness and health entertainment and music modeling
64,Flavia Pavanelli | 𝘼𝙘𝙩𝙧𝙚𝙨𝙨 • 𝙁𝙖𝙨𝙝𝙞𝙤𝙣 • 𝘽𝙚𝙖𝙪𝙩𝙮 @flaviapavanelli,19300000.0,0.07,برزیل,مد و لوازم جانبی زیبایی و مراقبت از خود بازاریابی و تبلیغات زندگی,5800000.0,instagram,brazil,False,2024,Beauty&Fashion,MAPPED,,"Fashion and accessories, beauty and self care, marketing and lifestyle advertising"
65,Camila Loures @camilaloures,19000000.0,1.19,برزیل,سرگرمی و موسیقی تجارت و امور مالی ویدئوبلاگ نویس طنز,5700000.0,instagram,brazil,False,2024,Knowledge&Info,MAPPED,,Entertainment & Music Business & Finance Humorous Videoblogger
66,Jorge e Mateus @jorgeemateus,18900000.0,0.23,برزیل,سرگرمی و موسیقی موسیقی,5700000.0,instagram,brazil,False,2024,Music,MAPPED,,Entertainment and music music
67,David Michigan ⚡️ @davidmichigan,18500000.0,0.02,برزیل,آموزش ارتقای مهارت ها مشهور مشاهیر,5500000.0,instagram,brazil,False,2024,Entertainment,MAPPED,,Training to improve the skills of famous celebrities
68,IZA @iza,17600000.0,0.49,برزیل,سرگرمی و موسیقی موسیقی خواننده,5300000.0,instagram,brazil,False,2024,Music,MAPPED,,Entertainment and music singer
69,Tainá Costa @taina,17600000.0,0.07,برزیل,سرگرمی و موسیقی بازاریابی و تبلیغات مدلسازی,5300000.0,instagram,brazil,False,2024,Beauty&Fashion,MAPPED,,Entertainment and music marketing and advertising modeling
70,Lucas Lucco @lucaslucco,17600000.0,0.2,برزیل,هنر خواننده زندگی,5300000.0,instagram,brazil,False,2024,Music,MAPPED,,The art of life singer
71,Ana Hickmann @ahickmann,17500000.0,1.56,برزیل,مد و لوازم جانبی ویدئوبلاگ نویس,5200000.0,instagram,brazil,False,2024,Beauty&Fashion,MAPPED,,Video blogger fashion and accessories
72,Pelé Foundation @pele,17400000.0,2.24,برزیل,ورزش تجارت و امور مالی فوتبال,5200000.0,instagram,brazil,False,2024,Sports,MAPPED,,Sports business and football finance
73,Felipe Neto 🦉 @felipeneto,17400000.0,1.05,برزیل,سرگرمی و موسیقی مشاهیر فیلم، موسیقی و کتاب حیوانات و خانمانی,5200000.0,instagram,brazil,False,2024,Knowledge&Info,MAPPED,,"Entertainment and music of movie celebrities, music and books of animals and household"
74,Kéfera Buchmann @kefera,17100000.0,0.35,برزیل,سرگرمی و موسیقی مشهور بازیگران مدلسازی,5100000.0,instagram,brazil,False,2024,Beauty&Fashion,MAPPED,,Entertainment and famous music actors modeling
75,Adriana Lima @adrianalima,16700000.0,1.58,برزیل,تناسب اندام و سلامتی مدلسازی,5000000.0,instagram,brazil,False,2024,Sports,MAPPED,,Modeling fitness and health
76,Leonardo @leonardo,16600000.000000002,0.4,برزیل,سرگرمی و موسیقی موسیقی,5000000.0,instagram,brazil,False,2024,Music,MAPPED,,Entertainment and music music
77,Henrique e Juliano @henriqueejuliano,15800000.0,0.28,برزیل,سرگرمی و موسیقی,4700000.0,instagram,brazil,False,2024,Music,MAPPED,,Entertainment and music
78,Lorena Improta @loreimprota,15700000.0,0.78,برزیل,سرگرمی و موسیقی رقص سلامتی و تناسب اندام موها و زیبایی,4700000.0,instagram,brazil,False,2024,Sports,MAPPED,,Entertainment and music dance health and fitness hair and beauty
79,Franciny Ehlke @francinyehlke,15600000.0,1.42,برزیل,زیبایی و مراقبت از خود مشاهیر حیوانات و خانمانی,4700000.0,instagram,brazil,False,2024,Beauty&Fashion,MAPPED,,Beauty and self-care of animals and household celebrities
80,Mirella Santos @eumirellasantos,15600000.0,9.33,برزیل,تناسب اندام و سلامتی مدلسازی,4700000.0,instagram,brazil,False,2024,Sports,MAPPED,,Modeling fitness and health
81,R O B E R T O F I R M I N O @roberto_firmino,15500000.0,1.93,برزیل,ورزش فوتبال,4600000.0,instagram,brazil,False,2024,Sports,MAPPED,,Football sport
82,Manu Gavassi @manugavassi,15400000.0,0.23,برزیل,سرگرمی و موسیقی بازیگران مشاهیر فیلم، موسیقی و کتاب,4600000.0,instagram,brazil,False,2024,Knowledge&Info,MAPPED,,"Entertainment and music of famous movie actors, music and books"
83,Andressa Suita @andressasuita,15300000.0,0.48,برزیل,مد و لوازم جانبی خانواده مدلسازی مشاهیر,4600000.0,instagram,brazil,False,2024,Beauty&Fashion,MAPPED,,Fashion and accessories of the celebrity modeling family
84,troye sivan @troyesivan,15300000.0,3.53,برزیل,مد بازیگران هنر,4600000.0,instagram,brazil,False,2024,Beauty&Fashion,MAPPED,,Fashion actors art
85,Luara Fonseca @luara,15200000.0,0.91,برزیل,,4600000.0,instagram,brazil,False,2024,,,,
86,Thais Fersoza @tatafersoza,15100000.0,0.18,برزیل,هنر زندگی بازیگران مشاهیر,4500000.0,instagram,brazil,False,2024,Entertainment,MAPPED,,The art of living famous actors
87,MC POCAHONTAS @pocah,15000000.0,0.36,برزیل,سرگرمی و موسیقی خواننده مشاهیر سلامتی و تناسب اندام,4500000.0,instagram,brazil,False,2024,Sports,MAPPED,,Entertainment and music celebrity health and fitness singer
88,Viviane Araujo @araujovivianne,15000000.0,0.37,برزیل,بازیگری و درام مشهور بازیگران سلامتی و تناسب اندام,4500000.0,instagram,brazil,False,2024,Sports,MAPPED,,Acting and drama famous actors health and fitness
89,Sophia Valverde® @sophiavalverde,15000000.0,0.68,برزیل,بازیگران مشاهیر مد موها و زیبایی,4500000.0,instagram,brazil,False,2024,Beauty&Fashion,MAPPED,,Famous hair and beauty fashion actors
90,Emily Garcia @e_milygarcia,14900000.0,2.71,برزیل,بازیگران,4500000.0,instagram,brazil,False,2024,Entertainment,MAPPED,,actors
91,Vivi @vivi,14800000.0,0.49,برزیل,سرگرمی و موسیقی,4400000.0,instagram,brazil,False,2024,Music,MAPPED,,Entertainment and music
92,𝕮𝖎𝖓𝖙𝖍𝖎𝖆 ✞ @cinthiacruz_,14500000.0,0.41,برزیل,سرگرمی و موسیقی مد و لوازم جانبی مشهور موسیقی,4400000.0,instagram,brazil,False,2024,Beauty&Fashion,MAPPED,,Entertainment and music fashion and famous music accessories
93,Celso Portiolli @celsoportiolli,14400000.0,0.24,برزیل,سرگرمی و موسیقی مجری تلویزیونی,4300000.0,instagram,brazil,False,2024,Music,MAPPED,,TV presenter entertainment and music
94,Tati Zaqui 👽 @tatizaqui,14400000.0,0.53,برزیل,سرگرمی و موسیقی موسیقی خواننده,4300000.0,instagram,brazil,False,2024,Music,MAPPED,,Entertainment and music singer
95,Gabriella Saraivah @gabriellasaraivah,14200000.0,1.33,برزیل,بازیگری و درام مشهور موسیقی طنز,4200000.0,instagram,brazil,False,2024,Entertainment,MAPPED,,Famous actor and drama musical comedy
96,Arthur Aguiar @arthuraguiar,14000000.0,1.19,برزیل,سرگرمی و موسیقی مد و لوازم جانبی خواننده بازیگران,4200000.0,instagram,brazil,False,2024,Beauty&Fashion,MAPPED,,Entertainment and music fashion and accessories singer actors
97,Rodrygo Goes - RG 💜⚡️🇧🇷 @rodrygogoes,14000000.0,4.43,برزیل,ورزش,4200000.0,instagram,brazil,False,2024,UNMAPPED,UNMAPPED,,exercise
98,GIL DO VIGOR @gildovigor,13900000.0,0.49,برزیل,آموزش مالیات,4200000.0,instagram,brazil,False,2024,UNMAPPED,UNMAPPED,,Tax training
99,Paulo londra @paulolondra,13800000.0,8.06,برزیل,سرگرمی و موسیقی بازی های ویدئویی بازاریابی و تبلیغات بازیگران,4200000.0,instagram,brazil,False,2024,Knowledge&Info,MAPPED,,Entertainment and music video games marketing and advertising actors
100,ᴅᴀɴɪ ʀᴜssᴏ @danirussotv,13600000.0,0.8,برزیل,سرگرمی و موسیقی ویدئوبلاگ نویس,4100000.0,instagram,brazil,False,2024,Music,MAPPED,,Entertainment and music video blogger
1,Justin Bieber @justinbieber,293000000.0,0.37,Canada,Entertainment and Music Music Singer Musician,87900000.0,instagram,canada,False,2024,Music,MAPPED,,
2,Ryan Reynolds @vancityreynolds,51400000.0,1.82,Canada,Actors Public Figure,15400000.0,instagram,canada,False,2024,Entertainment,MAPPED,,
3,Nora Fatehi @norafatehi,46300000.0,0.41,Canada,Acting and Drama Entertainment and Music Celebrity Music,13900000.0,instagram,canada,False,2024,Music,MAPPED,,
4,Chris Bumstead @cbum,23400000.0,3.82,Canada,Fitness and Health Training Coaching,7000000.0,instagram,canada,False,2024,Sports,MAPPED,,
5,Finn Wolfhard @finnwolfhardofficial,23200000.0,2.38,Canada,Entertainment and Music Music Singer Actors,7000000.0,instagram,canada,False,2024,Music,MAPPED,,
6,Lilly Singh @lilly,14000000.0,0.34,Canada,Entertainment and Music Modeling Music Humor,4200000.0,instagram,canada,False,2024,Beauty&Fashion,MAPPED,,
7,Avril Lavigne @avrillavigne,12800000.0,1.59,Canada,Entertainment and Music Music Songwriting Singer,3800000.0,instagram,canada,False,2024,Music,MAPPED,,
8,♔Winnie Harlow♔ @winnieharlow,10200000.0,0.92,Canada,Beauty and Self Care Fashion and Accessories Parenting Modeling,3100000.0,instagram,canada,False,2024,Beauty&Fashion,MAPPED,,
9,Vanessa Morgan @vanessamorgan,8900000.0,4.94,Canada,Entertainment and Music Romance and Wedding Singer Actors,2700000.0,instagram,canada,False,2024,Beauty&Fashion,MAPPED,,
10,HENRY LAU 刘宪华 헨리 @henryl89,8600000.0,1.07,Canada,Entertainment and Music Music Modeling,2600000.0,instagram,canada,False,2024,Beauty&Fashion,MAPPED,,
11,Dr. Jordan B. Peterson @jordan.b.peterson,7900000.0,0.72,Canada,Education Psychology,2400000.0,instagram,canada,False,2024,Knowledge&Info,MAPPED,,
12,Paul Nicklen @paulnicklen,7300000.0,0.48,Canada,Nature Animals,2200000.0,instagram,canada,False,2024,Lifestyle,MAPPED,,
13,Céline Dion @celinedion,6300000.0,1.32,Canada,Entertainment and Music Lifestyle,1900000.0,instagram,canada,False,2024,Music,MAPPED,,
14,frankie @francescafarago,6200000.0,1.06,Canada,Fashion and Accessories Modeling,1900000.0,instagram,canada,False,2024,Beauty&Fashion,MAPPED,,
15,Maitreyi Ramakrishnan @maitreyiramakrishnan,6100000.0,8.08,Canada,Entertainment and Music Celebrity,1800000.0,instagram,canada,False,2024,Music,MAPPED,,
16,Farah Dhukai @farahdhukai,6000000.0,9.82,Canada,Beauty Fashion,1800000.0,instagram,canada,False,2024,Beauty&Fashion,MAPPED,,
17,Sandra Oh @iamsandraohinsta,5400000.0,3.31,Canada,Entertainment and Music,1600000.0,instagram,canada,False,2024,Music,MAPPED,,
18,Angela M 🌸 @angelamerita,5300000.0,0.5,Canada,,1600000.0,instagram,canada,False,2024,,,,
19,NAVID ZARDI @navidzardiofficial,5100000.0,1.04,Canada,Entertainment and Music Music,1500000.0,instagram,canada,False,2024,Music,MAPPED,,
20,Anna Cathcart @annacathcart,5100000.0,7.08,Canada,Art Modeling,1500000.0,instagram,canada,False,2024,Beauty&Fashion,MAPPED,,
21,BEST VACATIONS - Travel @bestvacations,5100000.0,0.19,Canada,Travel Nature & Outdoors Architecture,1500000.0,instagram,canada,False,2024,Lifestyle,MAPPED,,
22,Georges St-Pierre @georgesstpierre,4900000.0,0.18,Canada,Sports Mixed martial arts Athlete,1500000.0,instagram,canada,False,2024,Sports,MAPPED,,
23,ALESSIA CARA @alessiasmusic,4900000.0,0.6,Canada,Entertainment and Music Singer,1500000.0,instagram,canada,False,2024,Music,MAPPED,,
24,Josh Beauchamp @joshbeauchamp,4800000.0,2.9,Canada,Entertainment and Music Animation and Cosplay,1400000.0,instagram,canada,False,2024,Tech&Gaming,MAPPED,,
25,Nikki Benz @nikkibenz,4700000.0,0.3,Canada,Actors,1400000.0,instagram,canada,False,2024,Entertainment,MAPPED,,
26,daniel gillies @mr.danielgillies,4700000.0,5.27,Canada,Entertainment and Music Actors,1400000.0,instagram,canada,False,2024,Music,MAPPED,,
27,Khloë Terae 🇨🇦 @khloe,4500000.0,1.53,Canada,Travel Outdoor Activity Animals TV Host,1400000.0,instagram,canada,False,2024,Sports,MAPPED,,
28,rupi kaur @rupikaur_,4500000.0,1.29,Canada,Entertainment and Music Poetry,1300000.0,instagram,canada,False,2024,Music,MAPPED,,
29,Lauren Riihimaki @laurdiy,4500000.0,1.47,Canada,Arts and Crafts Fashion and Accessories Entertainment and Music DIY and Life Hacks,1300000.0,instagram,canada,False,2024,Beauty&Fashion,MAPPED,,
30,Chris Jericho @chrisjerichofozzy,4400000.0,0.06,Canada,Entertainment and Music Mixed martial arts,1300000.0,instagram,canada,False,2024,Music,MAPPED,,
31,Antoni Porowski @antoni,4300000.0,1.52,Canada,Food,1300000.0,instagram,canada,False,2024,Lifestyle,MAPPED,,
32,Toronto Raptors @raptors,4100000.0,0.13,Canada,Sports,1200000.0,instagram,canada,False,2024,Sports,MAPPED,,
33,Justin Trudeau @justinpjtrudeau,4100000.0,0.22,Canada,family Management,1200000.0,instagram,canada,False,2024,Lifestyle,MAPPED,,
34,Olivia Pierson @oliviapierson,4100000.0,0.34,Canada,Fashion and Accessories Modeling,1200000.0,instagram,canada,False,2024,Beauty&Fashion,MAPPED,,
35,❥ Khalid Rafiq 👑💫 @rafiqkhalid,4100000.0,11.95,Canada,Fitness Fashion Business and Finance,1200000.0,instagram,canada,False,2024,Sports,MAPPED,,
36,@jessiereyez,4000000.0,1.5,Canada,Entertainment and Music Parenting Music Actors,1200000.0,instagram,canada,False,2024,Music,MAPPED,,
37,Tristan Thompson @realtristan13,4000000.0,5.87,Canada,,1200000.0,instagram,canada,False,2024,,,,
38,Caterina Scorsone @caterinascorsone,3900000.0,3.01,Canada,Actors Modeling,1200000.0,instagram,canada,False,2024,Beauty&Fashion,MAPPED,,
39,Nick Eh 30 @nickeh30,3600000.0,3.71,Canada,Games Entertainment and Music Video Gaming,1100000.0,instagram,canada,False,2024,Tech&Gaming,MAPPED,,
40,Avan Jogia @jogia,3500000.0,1.97,Canada,Celebrity Actors,1000000.0,instagram,canada,False,2024,Entertainment,MAPPED,,
41,Alexander Ludwig @alexanderludwig,3400000.0,0.98,Canada,Entertainment and Music Celebrity Modeling,1000000.0,instagram,canada,False,2024,Beauty&Fashion,MAPPED,,
42,AP DHILLON @ap.dhillxn,3400000.0,13.27,Canada,Art,1000000.0,instagram,canada,False,2024,Lifestyle,MAPPED,,
43,Simu Liu @simuliu,3100000.0,0.33,Canada,Acting and Drama Education Celebrity Actors,941400.0,instagram,canada,False,2024,Knowledge&Info,MAPPED,,
44,Patrick J. Adams @halfadams,3000000.0,1.67,Canada,Entertainment and Music Actors,895500.0,instagram,canada,False,2024,Music,MAPPED,,
45,riele @rieledowns,3000000.0,4.77,Canada,Acting and Drama Arts and Crafts Celebrity Modeling,890300.0,instagram,canada,False,2024,Beauty&Fashion,MAPPED,,
46,Mei Pang @meicrosoft,2900000.0,5.57,Canada,Beauty and Self Care Parenting Business Artist,865600.0,instagram,canada,False,2024,Beauty&Fashion,MAPPED,,
47,Charlie Riina @charlieriina,2800000.0,0.13,Canada,Modeling Publishing,845400.0,instagram,canada,False,2024,Beauty&Fashion,MAPPED,,
48,Yolanda Gampp | Cake Artist @yolanda_gampp,2800000.0,0.16,Canada,Food Arts and Crafts Product Education Parenting,844600.0,instagram,canada,False,2024,Knowledge&Info,MAPPED,,
49,kris.h.collins @kriscollins,2800000.0,6.32,Canada,Entertainment and Music,831500.0,instagram,canada,False,2024,Music,MAPPED,,
50,Cassandra Calin @cassandracalin,2700000.0,3.94,Canada,Arts and Crafts,821600.0,instagram,canada,False,2024,Lifestyle,MAPPED,,
51,Jonita Gandhi @jonitamusic,2700000.0,3.43,Canada,Singer Music Songwriting,808300.0,instagram,canada,False,2024,Music,MAPPED,,
52,Marie Avgeropoulos 🇨🇦🧿 @marieavgeropoulos,2700000.0,2.6,Canada,Pets Acting and Drama Lifestyle Actors,800000.0,instagram,canada,False,2024,Entertainment,MAPPED,,
53,Carly Rae Jepsen @carlyraejepsen,2700000.0,1.11,Canada,Entertainment and Music Modeling Music,797700.0,instagram,canada,False,2024,Beauty&Fashion,MAPPED,,
54,Ray Allen @trayfour,2600000.0,0.07,Canada,Entertainment and Music Sports Parenting Basketball,792300.0,instagram,canada,False,2024,Sports,MAPPED,,
55,Laura @loewhaley,2600000.0,1.87,Canada,,784800.0,instagram,canada,False,2024,,,,
56,Prem Dhillon @dhillonprem,2500000.0,6.17,Canada,Entertainment and Music Auto and Vehicles Music Singer,755100.0,instagram,canada,False,2024,Tech&Gaming,MAPPED,,
57,Jonathan Silver Scott @jonathanscott,2500000.0,1.4,Canada,Home and Garden Celebrities,754700.0,instagram,canada,False,2024,Entertainment,MAPPED,,
58,Abigaiil Morris @abigaiil.morris,2500000.0,1.9,Canada,Fashion Fashion and Accessories,745400.0,instagram,canada,False,2024,Beauty&Fashion,MAPPED,,
59,ALINA @makeupbyalinna,2500000.0,0.87,Canada,Beauty and Self Care Hair & Beauty Celebrities,743900.0,instagram,canada,False,2024,Beauty&Fashion,MAPPED,,
60,Goalcast | Motivation | Inspiration @goal.cast,2500000.0,0.03,Canada,Education Upskilling Entertainment and Music Parenting,739200.0,instagram,canada,False,2024,Knowledge&Info,MAPPED,,
61,Sadaf @shellbeauty1,2400000.0,3.61,Canada,Beauty and Self Care Marketing and Advertising Business Blogger,727300.0,instagram,canada,False,2024,Beauty&Fashion,MAPPED,,
62,Genie Bouchard @geniebouchard,2400000.0,0.55,Canada,Sports,722100.0,instagram,canada,False,2024,Sports,MAPPED,,
63,CANADA @canada,2400000.0,0.43,Canada,Travel Marketing and Advertising Adventure,714100.0,instagram,canada,False,2024,Sports,MAPPED,,
64,Gigi Gorgeous Getty @gigigorgeous,2400000.0,0.87,Canada,Celebrity Modeling Celebrities Hair & Beauty,709700.0,instagram,canada,False,2024,Beauty&Fashion,MAPPED,,
65,Kyle Forgeard @kyle,2300000.0,9.2,Canada,Music Entertainment,700800.0,instagram,canada,False,2024,Music,MAPPED,,
66,Sarah Nicole Landry @thebirdspapaya,2300000.0,0.45,Canada,family Fitness and Health Beauty and Self Care Entertainment and Music,691600.0,instagram,canada,False,2024,Sports,MAPPED,,
67,Eckhart Tolle @eckharttolle,2200000.0,0.42,Canada,Art Author,662600.0,instagram,canada,False,2024,Knowledge&Info,MAPPED,,
68,Evangeline Lilly @evangelinelillyofficial,2200000.0,0.9,Canada,,661900.0,instagram,canada,False,2024,,,,
69,Andrew Wiggins @22wiggins,2200000.0,3.09,Canada,Fitness,660000.0,instagram,canada,False,2024,Sports,MAPPED,,
70,Jim Carrey @jimcarrey__,2200000.0,1.78,Canada,Entertainment and Music Parenting Modeling Music,655300.0,instagram,canada,False,2024,Beauty&Fashion,MAPPED,,
71,Tristan Hamm @tristanhamm,2200000.0,3.64,Canada,Travel Adventure Mountain,652600.0,instagram,canada,False,2024,Sports,MAPPED,,
72,Keshia Chanté @keshiachante,2200000.0,0.16,Canada,Entertainment and Music Dance Modeling Music,647200.0,instagram,canada,False,2024,Beauty&Fashion,MAPPED,,
73,TAYLOR | CALISTHENICS & MOBILITY @littletfitness,2100000.0,0.55,Canada,Fitness and Health Business and Finance,638700.0,instagram,canada,False,2024,Sports,MAPPED,,
74,Shina Nova @shinanova,2100000.0,8.29,Canada,Music,619800.0,instagram,canada,False,2024,Music,MAPPED,,
75,Official IG of Veronika Black @missveronikablack,2000000.0,0.09,Canada,Beauty and Self Care Modeling,611000.0,instagram,canada,False,2024,Beauty&Fashion,MAPPED,,
76,Azzy 💕 @azzyland,2000000.0,3.67,Canada,Fashion Modeling Celebrities Humor,609100.0,instagram,canada,False,2024,Beauty&Fashion,MAPPED,,
77,ＭＩＭＩ ＣＨＯＩ @mimles,2000000.0,5.0,Canada,Beauty and Self Care Parenting,608600.0,instagram,canada,False,2024,Beauty&Fashion,MAPPED,,
78,Calum Worthy @calumworthy,2000000.0,0.6,Canada,Education Moms Music,601700.0,instagram,canada,False,2024,Knowledge&Info,MAPPED,,
79,Drake Related @drakerelated,2000000.0,3.69,Canada,Entertainment and Music,599000.0,instagram,canada,False,2024,Music,MAPPED,,
80,Sam Yang @samdoesarts,2000000.0,7.61,Canada,Art,591700.0,instagram,canada,False,2024,Lifestyle,MAPPED,,
81,spencer e barbosa✨🦋💕🧸 @spencer.barbosa,1900000.0,11.16,Canada,Fashion and Accessories Food,582600.0,instagram,canada,False,2024,Beauty&Fashion,MAPPED,,
82,Hood @hoodclipsofficials,1900000.0,2.11,Canada,Fashion and Accessories Funny Celebrity Celebrities,581300.0,instagram,canada,False,2024,Beauty&Fashion,MAPPED,,
83,Kaitlyn Bristowe @kaitlynbristowe,1900000.0,1.51,Canada,Romance and Wedding Entertainment and Music Just For Fun,575800.0,instagram,canada,False,2024,Beauty&Fashion,MAPPED,,
84,Nati Perea @abordonati,1900000.0,0.15,Canada,Travel Video Gaming,560000.0,instagram,canada,False,2024,Tech&Gaming,MAPPED,,
85,DAN LOK “King Of High Ticket” @danlok,1900000.0,0.1,Canada,Finance Upskilling Business and Finance Entrepreneur,556300.0,instagram,canada,False,2024,Knowledge&Info,MAPPED,,
86,Trish Stratus @trishstratuscom,1800000.0,0.7,Canada,Actors,547800.0,instagram,canada,False,2024,Entertainment,MAPPED,,
87,Pattie Mallette @pattiemallette,1800000.0,4.03,Canada,Parenting Pets Producers Author,542300.0,instagram,canada,False,2024,Knowledge&Info,MAPPED,,
88,Daniel Caesar @danielcaesar,1800000.0,8.37,Canada,Entertainment and Music,535400.0,instagram,canada,False,2024,Music,MAPPED,,
89,FAZE RAIN @fazerain,1800000.0,17.39,Canada,Entertainment and Music Video Blogger,535100.0,instagram,canada,False,2024,Music,MAPPED,,
90,𝐖𝐈𝐋𝐋 𝐏𝐀𝐑𝐅𝐈𝐓𝐓 @will_parfitt,1800000.0,0.63,Canada,Entertainment and Music Music Modeling,531500.0,instagram,canada,False,2024,Beauty&Fashion,MAPPED,,
91,ju <3 @juliasilva,1800000.0,0.68,Canada,Arts and Crafts Restaurants,530800.0,instagram,canada,False,2024,Lifestyle,MAPPED,,
92,𝙎𝙝𝙞𝙣𝙚𝙪𝙥 𝙈𝙤𝙙𝙚𝙡𝙨 𝙤𝙛 𒆜🅸🅶 @shineup_girls,1700000.0,0.3,Canada,,510300.0,instagram,canada,False,2024,,,,
93,Robbie Amell @robbieamell,1700000.0,1.66,Canada,Entertainment and Music Actors,507900.0,instagram,canada,False,2024,Music,MAPPED,,
94,STPeach @lisapeachy,1700000.0,0.64,Canada,Funny Fashion and Accessories Parenting Modeling,504100.0,instagram,canada,False,2024,Beauty&Fashion,MAPPED,,
95,Dax @thatsdax,1600000.0,2.89,Canada,Parenting Music Singer Entertainment,494800.0,instagram,canada,False,2024,Music,MAPPED,,
96,Toronto Blue Jays @bluejays,1600000.0,2.39,Canada,Sports,491600.0,instagram,canada,False,2024,Sports,MAPPED,,
97,JR Bourne @jrbourne1111,1600000.0,1.07,Canada,Actors Music,487400.0,instagram,canada,False,2024,Music,MAPPED,,
98,Jazmyn Bieber @jazmynbieber,1600000.0,7.23,Canada,Lifestyle,483000.0,instagram,canada,False,2024,Lifestyle,MAPPED,,
99,Robin Sharma @robinsharma,1600000.0,0.39,Canada,Education Upskilling Parenting Coaching,478100.0,instagram,canada,False,2024,Knowledge&Info,MAPPED,,
100,Atoussa @mad.gal.music,1600000.0,7.75,Canada,Entertainment and Music,469800.0,instagram,canada,False,2024,Music,MAPPED,,
1,Arturo Vidal @kingarturo23oficial,21000000.0,0.31,Chile,Sports Soccer Actors Journalists,6300000.0,instagram,chile,False,2024,Sports,MAPPED,,
2,Daniella Chavez @daniellachavezofficial,19200000.0,1.04,Chile,Fashion and Accessories Modeling,5800000.0,instagram,chile,False,2024,Beauty&Fashion,MAPPED,,
3,Sanchez Alexis @alexis_officia1,17200000.0,1.1,Chile,Sports Soccer,5200000.0,instagram,chile,False,2024,Sports,MAPPED,,
4,🇨🇱 Ｃｌａｕｄｉｏ Ｂｒａｖｏ @claudiobravo1,11400000.0,0.43,Chile,Actors Modeling,3400000.0,instagram,chile,False,2024,Beauty&Fashion,MAPPED,,
5,nova @strangehuman,5700000.0,12.69,Chile,Funny Actors,1700000.0,instagram,chile,False,2024,Entertainment,MAPPED,,
6,Paloma Mami @palomamami,4500000.0,5.76,Chile,Entertainment and Music Life and Society Modeling,1400000.0,instagram,chile,False,2024,Beauty&Fashion,MAPPED,,
7,mon laferte @monlaferte,4300000.0,4.03,Chile,Entertainment and Music Marketing and Advertising Actors Music,1300000.0,instagram,chile,False,2024,Knowledge&Info,MAPPED,,
8,Pancho Saavedra 🇨🇱🏳️‍🌈 @franciscosaavedr,4000000.0,0.13,Chile,Travel Entertainment and Music Actors Virtualization,1200000.0,instagram,chile,False,2024,Tech&Gaming,MAPPED,,
9,💥PUROWEBEOO💥 🇨🇱 @purowebeoo,3900000.0,0.66,Chile,,1200000.0,instagram,chile,False,2024,,,,
10,Gary Medel @gary_medel17,3800000.0,2.08,Chile,Sports,1100000.0,instagram,chile,False,2024,Sports,MAPPED,,
11,Denise Rosenthal @deniserosenthal,3700000.0,0.73,Chile,Entertainment and Music Actors Music Humor,1100000.0,instagram,chile,False,2024,Music,MAPPED,,
12,P A I L I T A @pailita.k7k,2900000.0,8.57,Chile,Romance and Wedding Music,873000.0,instagram,chile,False,2024,Beauty&Fashion,MAPPED,,
13,❤️🇨🇱 𝗖𝗛𝗜𝗦𝗣𝗘𝗭𝗔 𝗖𝗛𝗜𝗟𝗘𝗡𝗦𝗜𝗦 🇨🇱❤️ @chispezachilensis,2900000.0,1.3,Chile,Pets,862300.0,instagram,chile,False,2024,Lifestyle,MAPPED,,
14,Gala Caldirola @galadrielcaldirola,2900000.0,0.28,Chile,Fashion and Accessories Beauty and Self Care Actors Journalists,861400.0,instagram,chile,False,2024,Beauty&Fashion,MAPPED,,
15,EłMA$KE$UENA @cris_emejota,2400000.0,10.21,Chile,Entertainment and Music,713600.0,instagram,chile,False,2024,Music,MAPPED,,
16,B E L Ü @belenegri,2400000.0,13.01,Chile,Animation and Cosplay Arts and Crafts Entertainment and Music Actors,712700.0,instagram,chile,False,2024,Tech&Gaming,MAPPED,,
17,@laroja,2200000.0,0.53,Chile,Soccer,673700.0,instagram,chile,False,2024,Sports,MAPPED,,
18,Maria Jose Lopez Merino @cotelopezm,2200000.0,0.78,Chile,,669700.0,instagram,chile,False,2024,,,,
19,Benjamín Vicuña @benjavicunamori,2200000.0,4.4,Chile,Actors,659600.0,instagram,chile,False,2024,Entertainment,MAPPED,,
20,@ELMEOPALO / CHILE 🇨🇱🌴❤️‍🩹 @elmeopalo,2100000.0,0.58,Chile,,639900.0,instagram,chile,False,2024,,,,
21,LISANDRA SILVA @lisandrasilva,2100000.0,0.96,Chile,Fashion and Accessories Business and Finance Bikini,620200.0,instagram,chile,False,2024,Beauty&Fashion,MAPPED,,
22,Mila Recabarren Adaros @camilarecabarrenoficial,2000000.0,1.71,Chile,Education Entertainment and Music Marketing and Advertising Actors,611300.0,instagram,chile,False,2024,Knowledge&Info,MAPPED,,
23,Colo-Colo @colocolooficial,2000000.0,1.53,Chile,Sports Soccer Actors Journalists,600900.0,instagram,chile,False,2024,Sports,MAPPED,,
24,Andrés Wiese @andreswiese_r,2000000.0,3.65,Chile,Entertainment and Music Celebrity Soccer Actors,599200.0,instagram,chile,False,2024,Sports,MAPPED,,
25,Sebastian Silva @jsebasmusic,1900000.0,0.64,Chile,Entertainment and Music Acting and Drama Celebrity,576200.0,instagram,chile,False,2024,Music,MAPPED,,
26,juliopitbull 🥊🇦🇷 @juliopitbull,1900000.0,6.75,Chile,Entertainment and Music Actors Dogs,562900.0,instagram,chile,False,2024,Music,MAPPED,,
27,Diana Bolocco @dianaboloccof,1800000.0,0.47,Chile,Actors Fashion,545000.0,instagram,chile,False,2024,Beauty&Fashion,MAPPED,,
28,Chilepaisdememes 😄🎊 @chilepaisdememes,1800000.0,0.56,Chile,,542100.0,instagram,chile,False,2024,,,,
29,K E L 🩶 @k3lcalderon,1800000.0,0.43,Chile,Art Lifestyle Humor Celebrities,541300.0,instagram,chile,False,2024,Entertainment,MAPPED,,
30,Jhen Nùñez @jhen_nunez,1800000.0,2.03,Chile,Entertainment and Music Actors,535500.0,instagram,chile,False,2024,Music,MAPPED,,
31,Conchetuchile Oficial @conchetuchile_,1800000.0,1.3,Chile,Actors Fashion,527700.0,instagram,chile,False,2024,Beauty&Fashion,MAPPED,,
32,I AM THE CORTE @marcianeke,1700000.0,1.46,Chile,Art,515800.0,instagram,chile,False,2024,Lifestyle,MAPPED,,
33,Jose Miguel Viñuela @josemiguelvinuela,1600000.0,0.25,Chile,Food Actors,489100.0,instagram,chile,False,2024,Entertainment,MAPPED,,
34,Gabriel Boric Font @gabrielboric,1600000.0,1.93,Chile,Actors Virtualization,483200.0,instagram,chile,False,2024,Tech&Gaming,MAPPED,,
35,Jorge Zabaleta @zabaletachile,1600000.0,0.58,Chile,Entertainment and Music Travel Finance Upskilling,476900.0,instagram,chile,False,2024,Knowledge&Info,MAPPED,,
36,Maria Jose Quintanilla @mjqoficial,1500000.0,0.53,Chile,Art Marketing and Advertising Actors Virtualization,464400.0,instagram,chile,False,2024,Knowledge&Info,MAPPED,,
37,Maura Rivera 🇨🇱 @maurarivera27,1500000.0,0.9,Chile,Fashion and Accessories Pets family Actors,459900.0,instagram,chile,False,2024,Beauty&Fashion,MAPPED,,
38,❤️🧒🏻👧🏼Jorge @jorgitovaldivia,1500000.0,3.0,Chile,Soccer Actors,457800.0,instagram,chile,False,2024,Sports,MAPPED,,
39,AK4:20 @aka4.20,1500000.0,10.04,Chile,Art Entertainment and Music Video Gaming,456100.0,instagram,chile,False,2024,Tech&Gaming,MAPPED,,
40,@Jaideperra.cl 🇨🇱 @jaideperra.cl,1500000.0,0.67,Chile,,450800.0,instagram,chile,False,2024,,,,
41,Tonka Tomicic @tonkatomicicpetric,1500000.0,2.19,Chile,Entertainment and Music Actors Journalists,445700.0,instagram,chile,False,2024,Knowledge&Info,MAPPED,,
42,🎀.MAITE ALEXANDRA.🎀 @maitealeexandra,1500000.0,,Chile,,443300.0,instagram,chile,False,2024,,,,
43,Cristian Riquelme @cristianriquelmecroque,1500000.0,0.49,Chile,Acting and Drama Celebrity Actors,437300.0,instagram,chile,False,2024,Entertainment,MAPPED,,
44,Nicole Moreno @nicolelulichile,1500000.0,2.53,Chile,Fitness and Health,436800.0,instagram,chile,False,2024,Sports,MAPPED,,
45,@PIOLAMEMES🇨🇱 @piolamemes,1400000.0,5.39,Chile,Funny Marketing and Advertising Actors,430300.0,instagram,chile,False,2024,Knowledge&Info,MAPPED,,
46,Kaiser 🇨🇱🇲🇽 @kaiseroficial,1400000.0,0.76,Chile,Product Showcase,427500.0,instagram,chile,False,2024,Beauty&Fashion,MAPPED,,
47,FranUndurraga @franundurraga,1400000.0,1.6,Chile,Parenting Actors Modeling,427400.0,instagram,chile,False,2024,Beauty&Fashion,MAPPED,,
48,Cristian de la Fuente @iamdelafuente,1400000.0,0.6,Chile,,426600.0,instagram,chile,False,2024,,,,
49,Lauren Flymen | Jump Rope ✨ @lauren.jumps,1400000.0,1.86,Chile,,421900.0,instagram,chile,False,2024,,,,
50,🔥🔥CHILE PAIS DE WEBEO🔥🔥 @chile.paisdewebeo,1400000.0,1.0,Chile,Finance,416200.0,instagram,chile,False,2024,Knowledge&Info,MAPPED,,
51,24horascl @24horascl,1400000.0,0.11,Chile,Actors,410900.0,instagram,chile,False,2024,Entertainment,MAPPED,,
52,Geri Hoops @gerihoops,1400000.0,0.87,Chile,Fashion and Accessories Fitness and Health Actors Modeling,406800.0,instagram,chile,False,2024,Sports,MAPPED,,
53,Michelle Carvalho @mrs_carvalho,1300000.0,1.01,Chile,Fashion Events Actors Celebrities,398800.0,instagram,chile,False,2024,Beauty&Fashion,MAPPED,,
54,C o n n i e A c h u r r a @connieachurra,1300000.0,0.3,Chile,Food Marketing and Advertising Actors Cooking,398200.0,instagram,chile,False,2024,Knowledge&Info,MAPPED,,
55,JAIRO VERA😘 @jairoveraoficial,1300000.0,8.44,Chile,,397700.0,instagram,chile,False,2024,,,,
56,Lugares Bonitos de Chile® @lugaresbonitosdechile,1300000.0,0.61,Chile,Travel,397300.0,instagram,chile,False,2024,Lifestyle,MAPPED,,
57,Augusto Schuster @schusteroficial,1300000.0,0.64,Chile,Entertainment and Music Music,391300.0,instagram,chile,False,2024,Music,MAPPED,,
58,PRCL PRENSA CHILENA @prensachilena,1300000.0,1.93,Chile,Actors Journalists,389400.0,instagram,chile,False,2024,Knowledge&Info,MAPPED,,
59,Lucila Vit @lucilavit,1300000.0,1.8,Chile,Beauty Actors,389000.0,instagram,chile,False,2024,Beauty&Fashion,MAPPED,,
60,Magdalena Muller Varela @magdalenamullerv,1300000.0,2.76,Chile,Acting and Drama Celebrity Actors,388500.0,instagram,chile,False,2024,Entertainment,MAPPED,,
61,🇨🇱SOMOS TERRIBLE CHILENSI 🇨🇱 @terriblechilensi,1300000.0,2.4,Chile,,382200.0,instagram,chile,False,2024,,,,
62,Yulay @yosoyyulay,1300000.0,4.05,Chile,Product Showcase Marketing and Advertising,380500.0,instagram,chile,False,2024,Beauty&Fashion,MAPPED,,
63,Tati Fernández @tatiifernandez,1200000.0,2.9,Chile,Entertainment and Music Acting and Drama Celebrity Actors,373100.0,instagram,chile,False,2024,Music,MAPPED,,
64,Mauricio isla @mauricioisla4chile,1200000.0,5.8,Chile,Sports,372500.0,instagram,chile,False,2024,Sports,MAPPED,,
65,Adriana Barrientos Oficial @leonabarrientos,1200000.0,0.26,Chile,Pets Dogs Actors,370500.0,instagram,chile,False,2024,Entertainment,MAPPED,,
66,📺 Mucho Gusto @muchogustomatinal,1200000.0,0.24,Chile,Entertainment and Music Virtualization Actors,367800.0,instagram,chile,False,2024,Tech&Gaming,MAPPED,,
67,Cristián Sánchez B. @crissancheztv,1200000.0,2.68,Chile,Sports Outdoor Activity Product Showcase Actors,367500.0,instagram,chile,False,2024,Sports,MAPPED,,
68,Antonella Rios Mascetti @antonellarios,1200000.0,0.57,Chile,Acting and Drama Actors Moms,362500.0,instagram,chile,False,2024,Entertainment,MAPPED,,
69,DalePlay ▶️ Series Gratis 🇨🇱 @daleplayseries,1200000.0,2.8,Chile,,359900.0,instagram,chile,False,2024,,,,
70,𝐯𝐚𝐢𝐭𝐢 𝐚𝐫𝐞 ⚡️ @vaimonroe,1200000.0,6.63,Chile,Beauty Fashion and Accessories Marketing and Advertising,357700.0,instagram,chile,False,2024,Beauty&Fashion,MAPPED,,
71,Vanesa Borghi @vanesaborghi,1200000.0,0.18,Chile,Travel Video Gaming Actors Public Figure,348800.0,instagram,chile,False,2024,Tech&Gaming,MAPPED,,
72,CHILE.PAISDEVIDEOS @chile.paisdevideos,1200000.0,0.3,Chile,Entertainment and Music,348800.0,instagram,chile,False,2024,Music,MAPPED,,
73,Nicolás Oyarzún @nicoyarzun,1200000.0,0.68,Chile,Celebrity Actors Journalists,348700.0,instagram,chile,False,2024,Knowledge&Info,MAPPED,,
74,Ahmad Magdy @ahmadmaggdy,1100000.0,0.87,Chile,Entertainment and Music Music Actors,342800.0,instagram,chile,False,2024,Music,MAPPED,,
75,Paula Bolatti lifestyle @pauliibolatti,1100000.0,0.29,Chile,Travel Marketing and Advertising Actors,338700.0,instagram,chile,False,2024,Knowledge&Info,MAPPED,,
76,Pedro Ferreira @ferreira001,1100000.0,2.03,Chile,Sports,338300.0,instagram,chile,False,2024,Sports,MAPPED,,
77,Karen Paola @karenbejaranotv,1100000.0,0.74,Chile,Fitness and Health Marketing and Advertising Actors Virtualization,336500.0,instagram,chile,False,2024,Sports,MAPPED,,
78,Fernando Godoy @fernandoflow,1100000.0,1.3,Chile,Actors,335500.0,instagram,chile,False,2024,Entertainment,MAPPED,,
79,#SANTA_CHISPEZA || 2m 🏁 @santachispeza,1100000.0,1.9,Chile,,330800.0,instagram,chile,False,2024,,,,
80,Elyanna اليانا @elyanna,1100000.0,4.12,Chile,Singer Music Entertainment,321300.0,instagram,chile,False,2024,Music,MAPPED,,
81,Botota Fox 🏳️‍🌈 @labototafox,1100000.0,1.63,Chile,Entertainment and Music Celebrity Actors,320600.0,instagram,chile,False,2024,Music,MAPPED,,
82,ingridcruztoro Oficial @ingridcruztoro,1100000.0,0.58,Chile,Celebrity Actors Journalists,320100.0,instagram,chile,False,2024,Knowledge&Info,MAPPED,,
83,Frases Tumblr Chilenas @frasestumblrchilenas,1100000.0,1.1,Chile,,319400.0,instagram,chile,False,2024,,,,
84,E r i c K 🇨🇱 @epulgar,1100000.0,7.0,Chile,Soccer Sports,318200.0,instagram,chile,False,2024,Sports,MAPPED,,
85,CNNChile @cnnchile,1100000.0,0.28,Chile,News Actors Journalists,315200.0,instagram,chile,False,2024,Knowledge&Info,MAPPED,,
86,Vesta Lugg @vestalugg,1000000.0,1.27,Chile,"Fashion and Accessories Arts and Crafts Actors Film, Music & Books",313100.0,instagram,chile,False,2024,Beauty&Fashion,MAPPED,,
87,Diego Urrutia Barra @diegourrutiabarra,1000000.0,5.7,Chile,Entertainment and Music Funny Celebrity,307100.0,instagram,chile,False,2024,Music,MAPPED,,
88,Alejandra Constanza Vega Ormazabal @iambadra,1000000.0,2.05,Chile,Art,307100.0,instagram,chile,False,2024,Lifestyle,MAPPED,,
89,Raquel Argandoña @argandona.raquel,1000000.0,0.91,Chile,Fashion and Accessories Travel Actors,303400.0,instagram,chile,False,2024,Beauty&Fashion,MAPPED,,
90,😈♛Hernán Calderón Argandoña♛😈 @nanocalderon97,998400.0,,Chile,,299500.0,instagram,chile,False,2024,,,,
91,Felipe Andres Fritanga Rios @fritanga_official,997700.0,0.29,Chile,Entertainment and Music,299300.0,instagram,chile,False,2024,Music,MAPPED,,
92,@larolon,989200.0,1.81,Chile,"Fashion and Accessories Health & Fitness Celebrities Film, Music & Books",296700.0,instagram,chile,False,2024,Sports,MAPPED,,
93,Pantallazos / Humor🇨🇱 1M🚀 @pantallazos_dewtsp,985000.0,1.3,Chile,,295500.0,instagram,chile,False,2024,,,,
94,💞SOY PERSONA💞 @lauraprietov,978200.0,0.53,Chile,Romance and Wedding Entertainment and Music,293500.0,instagram,chile,False,2024,Beauty&Fashion,MAPPED,,
95,Dylantero sin Imaginación @dylantero,972600.0,2.99,Chile,Fashion and Accessories Video Blogger,291800.0,instagram,chile,False,2024,Beauty&Fashion,MAPPED,,
96,Oleg Suvorov @olegysuvorov,968200.0,0.73,Chile,Travel Adventure Celebrities Animals & Pets,290500.0,instagram,chile,False,2024,Sports,MAPPED,,
97,merio.cl @me.rio.cl,965700.0,13.56,Chile,,289700.0,instagram,chile,False,2024,,,,
98,𝙍𝙞𝙙𝙞𝙘𝙪𝙡𝙤𝙨_𝙘𝙡 @ridiculos_cl,955600.0,4.8,Chile,Animals,286700.0,instagram,chile,False,2024,Lifestyle,MAPPED,,
99,Ignacio Lastra @ignaciolastra_7,955600.0,0.7,Chile,Entertainment and Music Events Actors,286700.0,instagram,chile,False,2024,Music,MAPPED,,
100,Valentina @valeroth28,947300.0,8.54,Chile,Fitness and Health family Marketing and Advertising Celebrities,284200.0,instagram,chile,False,2024,Sports,MAPPED,,
1,KAROL G @karolg,68300000.0,5.59,Colombia,"Entertainment and Music Humor Film, Music & Books Celebrities",20500000.0,instagram,colombia,False,2024,Knowledge&Info,MAPPED,,
2,MALUMA @maluma,63900000.0,1.27,Colombia,Entertainment and Music Music Singer,19200000.0,instagram,colombia,False,2024,Music,MAPPED,,
3,James Rodríguez @jamesrodriguez10,51900000.0,1.0,Colombia,Sports Soccer,15600000.0,instagram,colombia,False,2024,Sports,MAPPED,,
4,J Balvin @jbalvin,51500000.0,0.52,Colombia,Art Singer Entertainment Music,15500000.0,instagram,colombia,False,2024,Music,MAPPED,,
5,Sofia Vergara @sofiavergara,30900000.0,0.71,Colombia,Entertainment and Music Actors Modeling Celebrities,9300000.0,instagram,colombia,False,2024,Beauty&Fashion,MAPPED,,
6,ANLLELA SAGRA @anllela_sagra,24100000.0,2.17,Colombia,Fitness and Health Health & Fitness Food & Drink,7200000.0,instagram,colombia,False,2024,Sports,MAPPED,,
7,CARMEN VILLALOBOS @cvillaloboss,22300000.0,1.42,Colombia,Acting and Drama Entertainment and Music Celebrity Actors,6700000.0,instagram,colombia,False,2024,Music,MAPPED,,
8,Luisa Fernanda W @luisafernandaw,19300000.0,0.31,Colombia,Beauty and Self Care Entertainment and Music family Business and Finance,5800000.0,instagram,colombia,False,2024,Beauty&Fashion,MAPPED,,
9,Falcao @falcao,17000000.0,0.61,Colombia,Sports Soccer,5100000.0,instagram,colombia,False,2024,Sports,MAPPED,,
10,Juan Cuadrado @cuadrado,14100000.0,0.82,Colombia,Sports,4200000.0,instagram,colombia,False,2024,Sports,MAPPED,,
11,Manuel Turizo - MTZ @manuelturizo,13400000.0,1.12,Colombia,Entertainment and Music Actors Music,4000000.0,instagram,colombia,False,2024,Music,MAPPED,,
12,FERXXO @feid,13200000.0,5.48,Colombia,Entertainment and Music Actors Music Humor,4000000.0,instagram,colombia,False,2024,Music,MAPPED,,
13,Francia James @francety,11900000.0,1.15,Colombia,Art Arts and Crafts,3600000.0,instagram,colombia,False,2024,Lifestyle,MAPPED,,
14,sujin kim @chinguamiga,11400000.0,2.99,Colombia,Animation and Cosplay Marketing and Advertising,3400000.0,instagram,colombia,False,2024,Knowledge&Info,MAPPED,,
15,Yef @yefersoncossio,11100000.0,2.4,Colombia,Entertainment and Music,3300000.0,instagram,colombia,False,2024,Music,MAPPED,,
16,Jessica Cediel @jessicacedielnet,10400000.0,0.47,Colombia,Entertainment and Music Marketing and Advertising Actors Celebrities,3100000.0,instagram,colombia,False,2024,Knowledge&Info,MAPPED,,
17,Lina Tejeiro. @linatejeiro,10300000.0,1.61,Colombia,Acting and Drama Actors Virtualization Journalists,3100000.0,instagram,colombia,False,2024,Knowledge&Info,MAPPED,,
18,ANDREA VALDIRI 🇨🇴 @andreavaldirisos,9400000.0,3.84,Colombia,family Education Actors Modeling,2800000.0,instagram,colombia,False,2024,Beauty&Fashion,MAPPED,,
19,Pipe Bueno @pipebueno,9100000.0,0.55,Colombia,Entertainment and Music Actors Music,2700000.0,instagram,colombia,False,2024,Music,MAPPED,,
20,LA SEGURA ♛ ♥ @la_segura,8800000.0,1.69,Colombia,Marketing and Advertising Actors,2600000.0,instagram,colombia,False,2024,Knowledge&Info,MAPPED,,
21,Carlos Vives @carlosvives,8000000.0,0.14,Colombia,Entertainment and Music Actors,2400000.0,instagram,colombia,False,2024,Music,MAPPED,,
22,𝐂𝐚𝐫𝐨𝐥𝐢𝐧𝐚 𝑪𝒓𝒖𝒛 ᴏsᴏʀɪᴏ~Presentadora @carolinacruzosorio,7600000.0,0.17,Colombia,Beauty and Self Care family Product Showcase Actors,2300000.0,instagram,colombia,False,2024,Beauty&Fashion,MAPPED,,
23,Sara Uribe @sara_uribe,7100000.0,0.31,Colombia,Beauty and Self Care family Actors Virtualization,2100000.0,instagram,colombia,False,2024,Beauty&Fashion,MAPPED,,
24,Johanna Fadul @johannafadul,6700000.0,0.5,Colombia,Entertainment and Music Celebrity Actors Modeling,2000000.0,instagram,colombia,False,2024,Beauty&Fashion,MAPPED,,
25,SILVESTRE / DANGOND @silvestredangond,6600000.0,0.38,Colombia,Entertainment and Music Music Actors,2000000.0,instagram,colombia,False,2024,Music,MAPPED,,
26,SOL LEON ⏳🍑💋 @solleon21,6500000.0,0.45,Colombia,Fashion and Accessories family Business and Finance Actors,2000000.0,instagram,colombia,False,2024,Beauty&Fashion,MAPPED,,
27,Paola Jara @paolajarapj,6500000.0,0.34,Colombia,Entertainment and Music Actors,2000000.0,instagram,colombia,False,2024,Music,MAPPED,,
28,JESSI URIBE @jessiuribe3,6400000.0,0.31,Colombia,Entertainment and Music Music Actors Journalists,1900000.0,instagram,colombia,False,2024,Knowledge&Info,MAPPED,,
29,Elianis Garrido @elianisgarrido,6400000.0,0.32,Colombia,Entertainment and Music Actors,1900000.0,instagram,colombia,False,2024,Music,MAPPED,,
30,Paulina Vega Dieppa @paulinavegadiep,6300000.0,0.75,Colombia,Art Actors Virtualization,1900000.0,instagram,colombia,False,2024,Tech&Gaming,MAPPED,,
31,Andrea Espada @andreaespadatv,6100000.0,0.8,Colombia,Fashion and Accessories family Entertainment and Music Parenting,1800000.0,instagram,colombia,False,2024,Beauty&Fashion,MAPPED,,
32,Andy Rivera @andyrivera,6000000.0,1.31,Colombia,Entertainment and Music Marketing and Advertising,1800000.0,instagram,colombia,False,2024,Knowledge&Info,MAPPED,,
33,FARINA @farinamusic,6000000.0,0.99,Colombia,Actors Music DJ,1800000.0,instagram,colombia,False,2024,Music,MAPPED,,
34,Catherine Siachoque Varoni @catherinesiachoque,5600000.0,1.23,Colombia,Acting and Drama Actors,1700000.0,instagram,colombia,False,2024,Entertainment,MAPPED,,
35,LUISA CASTRO✨ @luisa_castro1585,5300000.0,0.98,Colombia,Fashion Actors,1600000.0,instagram,colombia,False,2024,Beauty&Fashion,MAPPED,,
36,Luis Fernando Diaz Marulanda @luisdiaz19_,5300000.0,6.13,Colombia,Sports Soccer Actors Journalists,1600000.0,instagram,colombia,False,2024,Sports,MAPPED,,
37,ғᴀʙɪᴀɴ ʀɪᴏs @fabianrioss,5200000.0,0.17,Colombia,Entertainment and Music Actors Virtualization Journalists,1600000.0,instagram,colombia,False,2024,Knowledge&Info,MAPPED,,
38,EPA COLOMBIA @epa_colombia,5200000.0,2.61,Colombia,Beauty and Self Care,1600000.0,instagram,colombia,False,2024,Beauty&Fashion,MAPPED,,
39,A M A 🤍 @amarantavp,5200000.0,3.64,Colombia,Entertainment and Music Romance and Wedding,1500000.0,instagram,colombia,False,2024,Beauty&Fashion,MAPPED,,
40,ISABELA RAMIREZ @isabela_ramirez1555,5100000.0,3.0,Colombia,,1500000.0,instagram,colombia,False,2024,,,,
41,Ximena Duque @ximenaduque,5100000.0,1.1,Colombia,Acting and Drama Upskilling Business and Finance Celebrity,1500000.0,instagram,colombia,False,2024,Knowledge&Info,MAPPED,,
42,Claudia Bahamon @claudiabahamon,5000000.0,0.21,Colombia,Fashion and Accessories Beauty and Self Care Marketing and Advertising Actors,1500000.0,instagram,colombia,False,2024,Beauty&Fashion,MAPPED,,
43,Carolina Gaitán - La Gaita @lagaita,4900000.0,0.29,Colombia,Acting and Drama Entertainment and Music Music Celebrity,1500000.0,instagram,colombia,False,2024,Music,MAPPED,,
44,Daniela Alvarez @danielaalvareztv,4600000.0,1.96,Colombia,Beauty and Self Care Fashion and Accessories Education Actors,1400000.0,instagram,colombia,False,2024,Beauty&Fashion,MAPPED,,
45,Majida Issa @majidaissa,4600000.0,0.44,Colombia,Acting and Drama Entertainment and Music Marketing and Advertising Actors,1400000.0,instagram,colombia,False,2024,Knowledge&Info,MAPPED,,
46,J.J.RENDON @jjrendon,4500000.0,0.89,Colombia,Actors,1400000.0,instagram,colombia,False,2024,Entertainment,MAPPED,,
47,Saruma @felipesaruma,4500000.0,2.91,Colombia,Entertainment and Music Parenting Actors Journalists,1400000.0,instagram,colombia,False,2024,Knowledge&Info,MAPPED,,
48,𝑲𝒊𝒌𝒂 𝑵𝒊𝒆𝒕𝒐 @_kikanieto,4500000.0,0.8,Colombia,Fashion Actors Modeling,1300000.0,instagram,colombia,False,2024,Beauty&Fashion,MAPPED,,
49,Red Bull Batalla @redbullbatalla,4500000.0,0.24,Colombia,Entertainment and Music Music Actors,1300000.0,instagram,colombia,False,2024,Music,MAPPED,,
50,Laurita Acuña - Presentadora @lauraacunaayala,4400000.0,0.27,Colombia,Entertainment and Music Television Actors Virtualization,1300000.0,instagram,colombia,False,2024,Tech&Gaming,MAPPED,,
51,We Love Beauty @we_love_nails_bar,4400000.0,0.01,Colombia,Beauty Beauty and Self Care Virtualization,1300000.0,instagram,colombia,False,2024,Beauty&Fashion,MAPPED,,
52,Suso el Paspi @susoelpaspi,4400000.0,0.17,Colombia,Entertainment and Music Marketing and Advertising Actors,1300000.0,instagram,colombia,False,2024,Knowledge&Info,MAPPED,,
53,Lulu99 @luisalulu99,4400000.0,1.4,Colombia,Beauty and Self Care Fashion and Accessories Video Blogger Actors,1300000.0,instagram,colombia,False,2024,Beauty&Fashion,MAPPED,,
54,Sebastian Caicedo @sebastiancaicedo,4300000.0,0.45,Colombia,Beauty and Self Care Entertainment and Music Actors,1300000.0,instagram,colombia,False,2024,Beauty&Fashion,MAPPED,,
55,David Ospina @d_ospina1,4300000.0,1.7,Colombia,Soccer,1300000.0,instagram,colombia,False,2024,Sports,MAPPED,,
56,Yeison Jimenez @yeison_jimenez,4200000.0,0.31,Colombia,Entertainment and Music Music Actors Virtualization,1300000.0,instagram,colombia,False,2024,Tech&Gaming,MAPPED,,
57,✨AIDA CORTES ✨ @aidacortesll_,4200000.0,4.17,Colombia,Actors,1300000.0,instagram,colombia,False,2024,Entertainment,MAPPED,,
58,Mafe Méndez 🦋 @lamafemendez,4100000.0,0.39,Colombia,Beauty and Self Care Fashion and Accessories Actors Modeling,1200000.0,instagram,colombia,False,2024,Beauty&Fashion,MAPPED,,
59,Valery Altamar @valeryaltamar001,3900000.0,3.87,Colombia,Beauty and Self Care Lifestyle,1200000.0,instagram,colombia,False,2024,Beauty&Fashion,MAPPED,,
60,Laura Tobón @laura_tobon,3900000.0,0.39,Colombia,Fashion and Accessories Lifestyle Actors Celebrities,1200000.0,instagram,colombia,False,2024,Beauty&Fashion,MAPPED,,
61,Maria Jose Vargas Agudelo @majovargas1,3800000.0,1.11,Colombia,Art Actors Modeling,1200000.0,instagram,colombia,False,2024,Beauty&Fashion,MAPPED,,
62,nejoelbroko @nejoelbroko,3800000.0,0.19,Colombia,Entertainment and Music Actors,1100000.0,instagram,colombia,False,2024,Music,MAPPED,,
63,LOS MONTAÑEROS @losmontaneros,3800000.0,1.4,Colombia,,1100000.0,instagram,colombia,False,2024,,,,
64,Andrea Serna @andreasernafotos,3800000.0,0.25,Colombia,Entertainment and Music Television Actors Lifestyle,1100000.0,instagram,colombia,False,2024,Music,MAPPED,,
65,Luciano D'Alessandro @lucianodalessandro,3700000.0,0.21,Colombia,Celebrity Art Entertainment and Music Actors,1100000.0,instagram,colombia,False,2024,Music,MAPPED,,
66,KERAMAGIC OFICIAL @kera.magic,3700000.0,0.03,Colombia,Beauty and Self Care Actors,1100000.0,instagram,colombia,False,2024,Beauty&Fashion,MAPPED,,
67,Mindo @el_mindo,3600000.0,2.1,Colombia,Animation and Cosplay Actors Journalists,1100000.0,instagram,colombia,False,2024,Knowledge&Info,MAPPED,,
68,Carolina Soto @caritosotooficial,3600000.0,0.56,Colombia,Entertainment and Music Marketing and Advertising Actors Journalists,1100000.0,instagram,colombia,False,2024,Knowledge&Info,MAPPED,,
69,Stephania Duque Pinzón @laduque7,3600000.0,1.77,Colombia,Acting and Drama,1100000.0,instagram,colombia,False,2024,Entertainment,MAPPED,,
70,Sonia Isaza @niaisazaoficial,3600000.0,0.37,Colombia,Fitness and Health,1100000.0,instagram,colombia,False,2024,Sports,MAPPED,,
71,Yerry Mina @yerrymina,3500000.0,0.34,Colombia,Sports Actors Music,1000000.0,instagram,colombia,False,2024,Sports,MAPPED,,
72,lajesu @lajesuu,3400000.0,4.35,Colombia,Business and Finance,1000000.0,instagram,colombia,False,2024,Knowledge&Info,MAPPED,,
73,BANDIDOS @bandidos_gram,3400000.0,0.31,Colombia,Music Entertainment and Music,1000000.0,instagram,colombia,False,2024,Music,MAPPED,,
74,RYAN CASTRO @ryancastrro,3400000.0,4.08,Colombia,Entertainment and Music,1000000.0,instagram,colombia,False,2024,Music,MAPPED,,
75,SARA ✮ CORRALES @saracorrales,3400000.0,0.72,Colombia,Food Business and Finance Celebrity Actors,1000000.0,instagram,colombia,False,2024,Knowledge&Info,MAPPED,,
76,Yokoi Kenji @yokoikenjidiaz,3400000.0,0.29,Colombia,Entertainment and Music Actors Virtualization,1000000.0,instagram,colombia,False,2024,Tech&Gaming,MAPPED,,
77,Daniela Legarda @danielalegarda,3400000.0,0.5,Colombia,Beauty and Self Care Fashion and Accessories Education Actors,1000000.0,instagram,colombia,False,2024,Beauty&Fashion,MAPPED,,
78,Selección Colombia @fcfseleccioncol,3400000.0,0.44,Colombia,Sports Marketing and Advertising Soccer,1000000.0,instagram,colombia,False,2024,Sports,MAPPED,,
79,Daniela Rodriguez @danielarodrice,3300000.0,3.8,Colombia,Beauty and Self Care Marketing and Advertising,992000.0,instagram,colombia,False,2024,Beauty&Fashion,MAPPED,,
80,Alejandra Azcárate @laazcarateoficial,3300000.0,0.18,Colombia,Beauty and Self Care Education Actors Journalists,988200.0,instagram,colombia,False,2024,Beauty&Fashion,MAPPED,,
81,Paola Usme “Barbie”💕 @paolausme,3300000.0,0.66,Colombia,Actors Fitness Health & Fitness Humor,979200.0,instagram,colombia,False,2024,Sports,MAPPED,,
82,Valerie Domínguez @valeriedomi,3200000.0,1.12,Colombia,Actors Modeling,961100.0,instagram,colombia,False,2024,Beauty&Fashion,MAPPED,,
83,GEMELAS ORTEGA @gemelasortegaa,3200000.0,2.08,Colombia,Entertainment and Music Actors Modeling,958700.0,instagram,colombia,False,2024,Beauty&Fashion,MAPPED,,
84,BE⚡️ @belosmaki,3100000.0,1.08,Colombia,Fitness and Health,942000.0,instagram,colombia,False,2024,Sports,MAPPED,,
85,Lokillo @lokilloflorez,3100000.0,0.28,Colombia,Entertainment and Music Funny Events Actors,920600.0,instagram,colombia,False,2024,Music,MAPPED,,
86,Melissa Martínez A @melissamartineza,3000000.0,2.07,Colombia,Fashion and Accessories Actors Journalists Virtualization,890100.0,instagram,colombia,False,2024,Beauty&Fashion,MAPPED,,
87,Beta Mejia @beta_mejia,2900000.0,4.52,Colombia,Fitness and Health Sports Actors Modeling,884700.0,instagram,colombia,False,2024,Sports,MAPPED,,
88,@itsisabelbedoya,2900000.0,0.27,Colombia,Beauty and Self Care Business and Finance Business,884400.0,instagram,colombia,False,2024,Beauty&Fashion,MAPPED,,
89,CHENCHO CORLEONE @chenchocorleone,2900000.0,1.86,Colombia,Music DJ Producers,882800.0,instagram,colombia,False,2024,Music,MAPPED,,
90,Juan Fernando Quintero @juanferquinterop,2900000.0,2.18,Colombia,Actors,873600.0,instagram,colombia,False,2024,Entertainment,MAPPED,,
91,MrStivenTc @stiven.tc,2900000.0,5.7,Colombia,Entertainment and Music Automotive Actors,870800.0,instagram,colombia,False,2024,Tech&Gaming,MAPPED,,
92,Daniel Patiño @paisa,2900000.0,0.56,Colombia,Entertainment and Music Video Blogger Actors,870400.0,instagram,colombia,False,2024,Music,MAPPED,,
93,Para Damas Oficial @paradamaslaoficial,2900000.0,0.33,Colombia,Fashion and Accessories Marketing and Advertising Lifestyle,869300.0,instagram,colombia,False,2024,Beauty&Fashion,MAPPED,,
94,Paola Rey @paolareyactriz,2800000.0,0.75,Colombia,Acting and Drama Actors Virtualization Journalists,853800.0,instagram,colombia,False,2024,Knowledge&Info,MAPPED,,
95,𝐕𝐀𝐋𝐄𝐍𝐓𝐈𝐍𝐀 𝐆𝐀𝐑𝐙𝐎𝐍 @valentinagarzonc,2800000.0,1.1,Colombia,Romance and Wedding Marketing and Advertising,852200.0,instagram,colombia,False,2024,Beauty&Fashion,MAPPED,,
96,Maria Pineda @mia_astral,2800000.0,1.03,Colombia,Education,844400.0,instagram,colombia,False,2024,Knowledge&Info,MAPPED,,
97,NANDO @nandoweee,2800000.0,1.13,Colombia,Entertainment and Music Video Gaming Actors Music,838000.0,instagram,colombia,False,2024,Tech&Gaming,MAPPED,,
98,Juanpis González Pombo @juanpisgonzalez,2800000.0,0.27,Colombia,Entertainment and Music Business and Finance Actors,829500.0,instagram,colombia,False,2024,Knowledge&Info,MAPPED,,
99,Makeup Maquillaje Belleza @maquillaje.paramujeres,2800000.0,0.6,Colombia,Beauty and Self Care Actors,825200.0,instagram,colombia,False,2024,Beauty&Fashion,MAPPED,,
100,Juanda Caribe @juandacaribeshow,2700000.0,0.3,Colombia,Entertainment and Music Actors,802400.0,instagram,colombia,False,2024,Music,MAPPED,,
1,Dee @deestroying,2500000.0,9.06,Costa Rica,Entertainment and Music Sports Life and Society Soccer,757600.0,instagram,costa-rica,False,2024,Sports,MAPPED,,
2,BRENDA KELLERMAN @brenda_kellerman,1600000.0,0.25,Costa Rica,Celebrity Actors,485200.0,instagram,costa-rica,False,2024,Entertainment,MAPPED,,
3,SAVANNAH MONTANO @savmontano,1600000.0,8.74,Costa Rica,Modeling Fashion,484300.0,instagram,costa-rica,False,2024,Beauty&Fashion,MAPPED,,
4,Grecia 🌊🎙️ @grecia,1500000.0,0.94,Costa Rica,Food Business and Finance Music Actors,455100.0,instagram,costa-rica,False,2024,Knowledge&Info,MAPPED,,
5,Laura Marcela De León Céspedes @lauradeleonc,1500000.0,0.6,Costa Rica,Entertainment and Music Fashion and Accessories Actors Journalists,443600.0,instagram,costa-rica,False,2024,Beauty&Fashion,MAPPED,,
6,Millions | Manifesting | Magic @reganhillyer,1100000.0,1.29,Costa Rica,Education Finance Business and Finance Celebrity,330900.0,instagram,costa-rica,False,2024,Knowledge&Info,MAPPED,,
7,ROSARIO @alejandrosario,1000000.0,4.88,Costa Rica,,304600.0,instagram,costa-rica,False,2024,,,,
8,Melissa Mora 🇨🇷 @melissamoraoficial,1000000.0,0.19,Costa Rica,Entertainment and Music Fashion and Accessories Actors Modeling,300100.0,instagram,costa-rica,False,2024,Beauty&Fashion,MAPPED,,
9,Costa @costaokis,872100.0,0.22,Costa Rica,Entertainment and Music Acting and Drama Marketing and Advertising Actors,261600.00000000003,instagram,costa-rica,False,2024,Knowledge&Info,MAPPED,,
10,DARIANKA @darianka,857600.0,2.62,Costa Rica,Fashion and Accessories Lifestyle Modeling,257300.0,instagram,costa-rica,False,2024,Beauty&Fashion,MAPPED,,
11,𝑲𝒆𝒚𝒍𝒂 𝑺𝒂𝒏𝒄𝒉𝒆𝒛 @keysg,850600.0,1.17,Costa Rica,Fashion and Accessories family Marketing and Advertising Actors,255200.0,instagram,costa-rica,False,2024,Beauty&Fashion,MAPPED,,
12,María José Naranjo @majonaranjo27,643000.0,0.78,Costa Rica,Beauty and Self Care Actors Virtualization,192900.0,instagram,costa-rica,False,2024,Beauty&Fashion,MAPPED,,
13,Johanna Solano @johasolano,642500.0,1.29,Costa Rica,Outdoor Activity Fitness and Health Animals Actors,192700.0,instagram,costa-rica,False,2024,Sports,MAPPED,,
14,Santiago Saez @santiagosaez_,601000.0,2.38,Costa Rica,Entertainment and Music Actors Music,180300.0,instagram,costa-rica,False,2024,Music,MAPPED,,
15,@andreasua00,594900.0,0.2,Costa Rica,,178500.0,instagram,costa-rica,False,2024,,,,
16,Karla Allen @karlaallenn,587400.0,0.2,Costa Rica,Travel Fashion Photography,176200.0,instagram,costa-rica,False,2024,Beauty&Fashion,MAPPED,,
17,Natalia Rodríguez @natyrodriguezcr,587400.0,0.32,Costa Rica,Entertainment and Music Actors Virtualization Journalists,176200.0,instagram,costa-rica,False,2024,Knowledge&Info,MAPPED,,
18,Raquel 506 @raquel506,568200.0,0.81,Costa Rica,Entertainment and Music Fashion and Accessories Actors,170500.0,instagram,costa-rica,False,2024,Beauty&Fashion,MAPPED,,
19,Nancy Dobles @nandobles,555300.0,0.5,Costa Rica,Television Actors Journalists Modeling,166600.0,instagram,costa-rica,False,2024,Beauty&Fashion,MAPPED,,
20,𝐌𝐮𝐬𝐢𝐜𝐚 𝐂𝐫𝐢𝐬𝐭𝐢𝐚𝐧𝐚 𝐏𝐥𝐚𝐲 @musicacristiana.play,553300.0,0.22,Costa Rica,News Music Singer Actors,166000.0,instagram,costa-rica,False,2024,Knowledge&Info,MAPPED,,
21,M O N T E S @montesleon,545800.0,2.03,Costa Rica,,163800.0,instagram,costa-rica,False,2024,,,,
22,Coto Hernández @cotocostarica,540400.0,0.6,Costa Rica,Travel Actors Modeling,162100.0,instagram,costa-rica,False,2024,Beauty&Fashion,MAPPED,,
23,القطر🚂 @ameen.khattab.official,513400.0,1.4,Costa Rica,Music,154000.0,instagram,costa-rica,False,2024,Music,MAPPED,,
24,Jale Berahimi ♊️ @jaleberahimi,496200.0,0.39,Costa Rica,Fashion and Accessories Bikini Actors,148900.0,instagram,costa-rica,False,2024,Beauty&Fashion,MAPPED,,
25,TD Más @tdmas_cr,490900.0,0.42,Costa Rica,Sports Actors,147300.0,instagram,costa-rica,False,2024,Sports,MAPPED,,
26,Photographer. PETER MEDIA© @peter_media_wildlife,487700.0,2.23,Costa Rica,Photography,146300.0,instagram,costa-rica,False,2024,Lifestyle,MAPPED,,
27,Deportivo Saprissa @deportivo_saprissa,473400.0,2.61,Costa Rica,Sports Soccer Actors,142000.0,instagram,costa-rica,False,2024,Sports,MAPPED,,
28,∇I∇IΔΠΔ CΔLDΣRóΠ @vivilutheoriginal,470700.0,0.27,Costa Rica,Nature Animals Actors,141200.0,instagram,costa-rica,False,2024,Entertainment,MAPPED,,
29,Ana Lucía Vega 🇨🇷 @analuvega29,456600.0,0.81,Costa Rica,Fitness,137000.0,instagram,costa-rica,False,2024,Sports,MAPPED,,
30,Jefferson Kellerman @jeffkellerman,447300.0,0.29,Costa Rica,Fitness and Health Outdoor Activity Actors,134200.0,instagram,costa-rica,False,2024,Sports,MAPPED,,
31,Melissa Diakova @memekova,444800.0,1.56,Costa Rica,Arts and Crafts Sports Celebrity Actors,133400.0,instagram,costa-rica,False,2024,Sports,MAPPED,,
32,🦊Nicholas Coolridge @moderntarzan,426700.0,2.76,Costa Rica,Fitness and Health Outdoor Activity Health & Fitness,128000.0,instagram,costa-rica,False,2024,Sports,MAPPED,,
33,El libre pensador @utopia_pensante,424600.0,0.6,Costa Rica,,127400.0,instagram,costa-rica,False,2024,,,,
34,Marcela Negrini🦋🇨🇷 @marcenegrini,408200.0,0.36,Costa Rica,Fitness and Health Actors Modeling Public Figure,122500.0,instagram,costa-rica,False,2024,Sports,MAPPED,,
35,Giovanna Silvestre @confusedgirlla,404800.0,0.31,Costa Rica,Fashion and Accessories Actors Yoga Soul,121400.0,instagram,costa-rica,False,2024,Sports,MAPPED,,
36,Fili Wey @filifiliwey,394200.0,1.31,Costa Rica,Entertainment and Music Actors,118300.0,instagram,costa-rica,False,2024,Music,MAPPED,,
37,Grecia @itsgrecia2,381800.0,2.7,Costa Rica,Food,114500.0,instagram,costa-rica,False,2024,Lifestyle,MAPPED,,
38,Kim Loaiza @kimloaiza,373400.0,1.4,Costa Rica,Fashion and Accessories Travel Entertainment and Music Business and Finance,112000.0,instagram,costa-rica,False,2024,Beauty&Fashion,MAPPED,,
39,Glenda Peraza 🦋 @glendaperaza,366400.0,0.78,Costa Rica,Entertainment and Music family Marketing and Advertising Actors,109900.0,instagram,costa-rica,False,2024,Knowledge&Info,MAPPED,,
40,Axelview (Pavo)🦃 @axelviewoficial,359900.0,5.6,Costa Rica,,108000.0,instagram,costa-rica,False,2024,,,,
41,Cynthia KÅ | Prévention & Santé Naturelle @by_cynthia_ka,359500.0,4.02,Costa Rica,,107800.0,instagram,costa-rica,False,2024,,,,
42,Verónica González Quesada @verogonzalezcr,344100.0,0.94,Costa Rica,Actors Modeling,103200.0,instagram,costa-rica,False,2024,Beauty&Fashion,MAPPED,,
43,LIGA DEPORTIVA ALAJUELENSE @alajuelense_oficial,343500.0,1.51,Costa Rica,Soccer Actors,103100.0,instagram,costa-rica,False,2024,Sports,MAPPED,,
44,Descubre COSTA RICA 🇨🇷 @descubrecostarica,333300.0,0.45,Costa Rica,Travel Marketing and Advertising Nature & Outdoors Architecture,100000.0,instagram,costa-rica,False,2024,Knowledge&Info,MAPPED,,
45,KAMU @chefkamu,331500.0,0.97,Costa Rica,Food Food and Drink,99500.0,instagram,costa-rica,False,2024,Lifestyle,MAPPED,,
46,Sunfyre @sunfyretv,329400.0,3.58,Costa Rica,Entertainment and Music Music,98800.0,instagram,costa-rica,False,2024,Music,MAPPED,,
47,Diario Extra @diarioextra,328000.0,0.1,Costa Rica,News & Politics,98400.0,instagram,costa-rica,False,2024,Knowledge&Info,MAPPED,,
48,Andrea Salas @andreasalasb,327200.0,1.76,Costa Rica,Life and Society family,98200.0,instagram,costa-rica,False,2024,Knowledge&Info,MAPPED,,
49,Johanna Ortiz @johannaortiz,314600.0,0.2,Costa Rica,Fitness and Health Education Actors,94400.0,instagram,costa-rica,False,2024,Sports,MAPPED,,
50,Libni Ortiz Quiros @mimiortizoficial,299300.0,0.45,Costa Rica,Fashion and Accessories Actors,89800.0,instagram,costa-rica,False,2024,Beauty&Fashion,MAPPED,,
51,Laura Ortega @___lauraortega,295400.0,6.3,Costa Rica,Entertainment and Music Actors Modeling,88600.0,instagram,costa-rica,False,2024,Beauty&Fashion,MAPPED,,
52,Leonora Jimenez @leonorajimenez,294500.0,0.34,Costa Rica,Fashion and Accessories Business and Finance Lifestyle,88400.0,instagram,costa-rica,False,2024,Beauty&Fashion,MAPPED,,
53,Ericka Morera @erickamorera,292000.0,3.02,Costa Rica,Beauty and Self Care Actors Virtualization Journalists,87600.0,instagram,costa-rica,False,2024,Beauty&Fashion,MAPPED,,
54,Maryn Azoff | Vocal Transformation Method™️ @vocal_transformation,290300.0,0.25,Costa Rica,Entertainment and Music,87100.0,instagram,costa-rica,False,2024,Music,MAPPED,,
55,Max Rodriguez @immaxrodriguez,289500.0,3.05,Costa Rica,Arts and Crafts Music Piercing Actors,86900.0,instagram,costa-rica,False,2024,Music,MAPPED,,
56,María Teresa Rodríguez @tere_rodriguezr,288400.0,0.25,Costa Rica,Fashion and Accessories Romance and Wedding Actors Modeling,86500.0,instagram,costa-rica,False,2024,Beauty&Fashion,MAPPED,,
57,Fify @soy_fify,284500.0,6.55,Costa Rica,,85400.0,instagram,costa-rica,False,2024,,,,
58,Karla Gómez @karlagomezr,278300.0,0.69,Costa Rica,Acting and Drama Celebrity Actors Celebrities,83500.0,instagram,costa-rica,False,2024,Entertainment,MAPPED,,
59,Emilia Mora ✨ @emilia.mora,277400.0,0.05,Costa Rica,Education,83200.0,instagram,costa-rica,False,2024,Knowledge&Info,MAPPED,,
60,Natalia Alvarez @natyalvarez_cr,269200.0,1.06,Costa Rica,Entertainment and Music Actors Journalists,80800.0,instagram,costa-rica,False,2024,Knowledge&Info,MAPPED,,
61,Karina Porras Fuentes @karinaporrasoficial,268000.0,0.34,Costa Rica,Fashion and Accessories Actors Coaching,80400.0,instagram,costa-rica,False,2024,Beauty&Fashion,MAPPED,,
62,Aileth Vásquez @teacheraileth,266700.0,3.5,Costa Rica,Education Arts and Crafts,80000.0,instagram,costa-rica,False,2024,Knowledge&Info,MAPPED,,
63,Messy Women @messywomenn,263900.0,115.81,Costa Rica,,79200.0,instagram,costa-rica,False,2024,,,,
64,Nella Chase @nellachase,261500.0,1.47,Costa Rica,,78400.0,instagram,costa-rica,False,2024,,,,
65,Celso Borges @celsobm88,257300.0,1.12,Costa Rica,Sports Soccer,77200.0,instagram,costa-rica,False,2024,Sports,MAPPED,,
66,Emily Fernanda Salas Campos @emii_salas30,247200.0,1.15,Costa Rica,Fashion and Accessories Marketing and Advertising Actors Modeling,74200.0,instagram,costa-rica,False,2024,Beauty&Fashion,MAPPED,,
67,Purp @purplemiami,245300.0,1.8,Costa Rica,Entertainment and Music Outdoor Activity Music Singer,73600.0,instagram,costa-rica,False,2024,Sports,MAPPED,,
68,Thais Alfaro Cordero @thaisalfarocordero,245000.0,0.4,Costa Rica,Entertainment and Music Television Actors Journalists,73500.0,instagram,costa-rica,False,2024,Knowledge&Info,MAPPED,,
69,Kendall Waston @kendallwaston,242900.0,1.55,Costa Rica,Actors,72900.0,instagram,costa-rica,False,2024,Entertainment,MAPPED,,
70,Karina Campos @kariinacampos,237700.0,0.6,Costa Rica,Fashion and Accessories Fitness and Health Actors Modeling,71300.0,instagram,costa-rica,False,2024,Sports,MAPPED,,
71,meliduran @meliduran,234600.0,0.57,Costa Rica,Actors Virtualization,70400.0,instagram,costa-rica,False,2024,Tech&Gaming,MAPPED,,
72,Sharon Segura @sharonsegurag,233900.0,0.87,Costa Rica,Fashion and Accessories Actors Journalists Virtualization,70200.0,instagram,costa-rica,False,2024,Beauty&Fashion,MAPPED,,
73,Agatha @molecularagatha,232700.0,2.83,Costa Rica,Animation and Cosplay,69800.0,instagram,costa-rica,False,2024,Tech&Gaming,MAPPED,,
74,Cristian Gamboa @crisgam89,231400.0,2.25,Costa Rica,Sports Actors,69400.0,instagram,costa-rica,False,2024,Sports,MAPPED,,
75,Steph Gonzalez @stephgj94,231300.0,0.49,Costa Rica,Business and Finance Dogs Actors,69400.0,instagram,costa-rica,False,2024,Knowledge&Info,MAPPED,,
76,Natalia Monge Quirós @natymonge,231100.0,0.2,Costa Rica,Actors,69300.0,instagram,costa-rica,False,2024,Entertainment,MAPPED,,
77,Veny West @venywest,228800.0,,Costa Rica,Bikini Modeling Publishing,68700.0,instagram,costa-rica,False,2024,Beauty&Fashion,MAPPED,,
78,Enrique Rivas Leyva 🌎✈️ @lamochiladekike,227800.0,0.57,Costa Rica,Travel Actors Modeling,68300.0,instagram,costa-rica,False,2024,Beauty&Fashion,MAPPED,,
79,Rigoberto Alfaro @gallicr,224800.0,1.01,Costa Rica,Entertainment and Music Funny Music Actors,67400.0,instagram,costa-rica,False,2024,Music,MAPPED,,
80,Marilin Gamboa Gomez @marilingamboa,222000.0,0.18,Costa Rica,Books Fitness Actors,66600.0,instagram,costa-rica,False,2024,Sports,MAPPED,,
81,makeuppbyruthie @makeuppbyruthie,221100.0,1.31,Costa Rica,Beauty and Self Care Arts and Crafts Parenting,66300.0,instagram,costa-rica,False,2024,Beauty&Fashion,MAPPED,,
82,Paola Calderón Hütt TV @paolahutt,217200.0,0.46,Costa Rica,,65200.0,instagram,costa-rica,False,2024,,,,
83,Beloved Jackson @beloved_jackson,216800.0,0.7,Costa Rica,,65000.0,instagram,costa-rica,False,2024,,,,
84,Carlos Alvarado Quesada @carlosalvq,213100.0,0.61,Costa Rica,Actors,63900.0,instagram,costa-rica,False,2024,Entertainment,MAPPED,,
85,Yokasta Valle @yokavalle_oficial,212500.0,1.44,Costa Rica,Sports,63700.0,instagram,costa-rica,False,2024,Sports,MAPPED,,
86,Bismarck Méndez McD. @biss_el_patacon,208500.0,1.3,Costa Rica,Entertainment and Music Fitness and Health,62600.0,instagram,costa-rica,False,2024,Sports,MAPPED,,
87,Milena Gonzalez @milena08gonzalez,207900.0,2.85,Costa Rica,Beauty and Self Care,62400.0,instagram,costa-rica,False,2024,Beauty&Fashion,MAPPED,,
88,Debi Nova @debinova,206000.0,2.61,Costa Rica,Entertainment and Music Marketing and Advertising Music Actors,61800.0,instagram,costa-rica,False,2024,Knowledge&Info,MAPPED,,
89,Pamela Cascante @pamelacascante,201600.0,8.25,Costa Rica,Arts and Crafts Careers,60500.0,instagram,costa-rica,False,2024,Lifestyle,MAPPED,,
90,Edgar Silva @edgarsilvacr,200300.0,0.41,Costa Rica,Life and Society Actors,60100.0,instagram,costa-rica,False,2024,Knowledge&Info,MAPPED,,
91,Alan Jesus Hidalgo @alanhid,198600.0,1.3,Costa Rica,Finance Automotive Music Entrepreneur,59600.0,instagram,costa-rica,False,2024,Knowledge&Info,MAPPED,,
92,Kenneth Tencio OLY @kennethtencio,198100.0,3.68,Costa Rica,Sports Auto and Vehicles Music Riders,59400.0,instagram,costa-rica,False,2024,Sports,MAPPED,,
93,Steve Perez Munoz @steveperezm,195200.0,10.96,Costa Rica,Home and Garden,58500.0,instagram,costa-rica,False,2024,Lifestyle,MAPPED,,
94,*️⃣ONLY ACCOUNT*️⃣ Girls can be both hot and smart 🔥 @carolinamoraoficial,193100.0,0.06,Costa Rica,Travel Pets,57900.0,instagram,costa-rica,False,2024,Lifestyle,MAPPED,,
95,•• Pαu Chαvαrríα •• @pauchavarriaa,188500.0,5.03,Costa Rica,,56600.0,instagram,costa-rica,False,2024,,,,
96,ZORÁN @zoranvlog,187100.0,3.44,Costa Rica,Entertainment and Music Music,56100.0,instagram,costa-rica,False,2024,Music,MAPPED,,
97,Kristina Manners @kristina.manners,185700.0,3.32,Costa Rica,Beauty and Self Care,55700.0,instagram,costa-rica,False,2024,Beauty&Fashion,MAPPED,,
98,DIEGO BRAVO @eldiegobravo,183300.0,0.76,Costa Rica,Entertainment and Music Marketing and Advertising,55000.0,instagram,costa-rica,False,2024,Knowledge&Info,MAPPED,,
99,Masiel Rodríguez @massh_rodriguez,183100.0,1.7,Costa Rica,Nature,54900.0,instagram,costa-rica,False,2024,Lifestyle,MAPPED,,
100,Chef Krasinski / Conmigo Ahorra Dinero 💸/ Recetas 🔥 @chef_sebastianjarakrasinski,180500.0,1.96,Costa Rica,Food Food and Drink,54200.0,instagram,costa-rica,False,2024,Lifestyle,MAPPED,,
1,Cristiano Ronaldo @cristiano,625100000.0,0.01,Portugal,Finance Soccer,187500000.0,instagram,czechia,False,2024,Sports,MAPPED,,
2,Leo Messi @leomessi,501100000.0,0.01,Argentina,Sports Soccer Activity General General Interest,150300000.0,instagram,czechia,False,2024,Sports,MAPPED,,
3,Selena Gomez @selenagomez,429700000.0,1.09,United States,Beauty and Self Care Entertainment and Music Music Actors,128900000.0,instagram,czechia,False,2024,Beauty&Fashion,MAPPED,,
4,Kylie @kyliejenner,400500000.0,,United States,Beauty and Self Care Product Showcase Modeling Public Figure,120100000.0,instagram,czechia,False,2024,Beauty&Fashion,MAPPED,,
5,Dwayne Johnson @therock,397800000.0,0.13,United States,Entertainment and Music Actors Public Figure,119300000.0,instagram,czechia,False,2024,Music,MAPPED,,
6,Ariana Grande @arianagrande,380300000.0,0.58,United States,Entertainment and Music Music Singer Actors,114100000.0,instagram,czechia,False,2024,Music,MAPPED,,
7,Kim Kardashian @kimkardashian,364300000.0,0.32,United States,Fashion and Accessories Beauty and Self Care Actors Public Figure,109300000.0,instagram,czechia,False,2024,Beauty&Fashion,MAPPED,,
8,Beyoncé @beyonce,319900000.0,0.48,United States,Music Singer,96000000.0,instagram,czechia,False,2024,Music,MAPPED,,
9,Khloé Kardashian @khloekardashian,310600000.0,0.19,United States,Fashion and Accessories Modeling Public Figure,93200000.0,instagram,czechia,False,2024,Beauty&Fashion,MAPPED,,
10,Kendall @kendalljenner,294700000.0,1.12,,Food Fashion and Accessories Modeling Fashion Model,88400000.0,instagram,czechia,False,2024,Beauty&Fashion,MAPPED,,
11,Justin Bieber @justinbieber,293000000.0,0.37,Canada,Entertainment and Music Music Singer Musician,87900000.0,instagram,czechia,False,2024,Music,MAPPED,,
12,Taylor Swift @taylorswift,283400000.0,,United States,Entertainment and Music Music Singer Songwriting,85000000.0,instagram,czechia,False,2024,Music,MAPPED,,
13,Virat Kohli @virat.kohli,267100000.00000003,0.02,India,Sports Cricket Athlete,80100000.0,instagram,czechia,False,2024,Sports,MAPPED,,
14,Jennifer Lopez @jlo,253600000.0,0.01,United States,Art Food and Drink Entertainment and Music Celebrity,76100000.0,instagram,czechia,False,2024,Music,MAPPED,,
15,Barbie @nickiminaj,229400000.0,0.18,,Fashion and Accessories Singer Artist,68800000.0,instagram,czechia,False,2024,Beauty&Fashion,MAPPED,,
16,Kourtney Kardashian Barker @kourtneykardash,224300000.0,0.5,United States,Entertainment and Music Business and Finance Modeling Actors,67300000.0,instagram,czechia,False,2024,Beauty&Fashion,MAPPED,,
17,Neymar Jr @neymarjr,220100000.0,,Brazil,Sports Soccer Athlete,66000000.0,instagram,czechia,False,2024,Sports,MAPPED,,
18,Miley Cyrus @mileycyrus,217200000.0,0.01,United States,Music,65099999.99999999,instagram,czechia,False,2024,Music,MAPPED,,
19,KATY PERRY @katyperry,207100000.0,0.01,United States,Entertainment and Music Music Singer Bands Musicians,62100000.0,instagram,czechia,False,2024,Music,MAPPED,,
20,Zendaya @zendaya,184800000.0,2.92,United States,Entertainment and Music Acting and Drama Celebrity Actors,55500000.0,instagram,czechia,False,2024,Music,MAPPED,,
21,Kevin Hart @kevinhart4real,180200000.0,0.06,United States,Entertainment and Music Comedian Creators & Celebrities,54100000.0,instagram,czechia,False,2024,Music,MAPPED,,
22,Cardi B @iamcardib,169000000.0,1.05,United States,Entertainment and Music Singer Hair & Beauty Celebrities,50700000.0,instagram,czechia,False,2024,Beauty&Fashion,MAPPED,,
23,👑 @kingjames,157700000.0,0.96,,Sports Basketball,47300000.0,instagram,czechia,False,2024,Sports,MAPPED,,
24,Demi Lovato @ddlovato,157300000.0,0.01,United States,Entertainment and Music Singer Songwriting Music,47200000.0,instagram,czechia,False,2024,Music,MAPPED,,
25,badgalriri @badgalriri,152600000.0,0.01,,Music Singer,45800000.0,instagram,czechia,False,2024,Music,MAPPED,,
26,Real Madrid C.F. @realmadrid,148100000.0,0.2,,Entertainment and Music Sports Soccer,44400000.0,instagram,czechia,False,2024,Sports,MAPPED,,
27,BROWN @chrisbrownofficial,144200000.0,0.23,,Art Singer Artist,43300000.0,instagram,czechia,False,2024,Music,MAPPED,,
28,champagnepapi @champagnepapi,143900000.0,0.92,,Entertainment and Music Singer Rap,43200000.0,instagram,czechia,False,2024,Music,MAPPED,,
29,Ellen DeGeneres @ellendegeneres,139600000.0,0.02,United States,Celebrity TV Shows Comedy Actors,41900000.0,instagram,czechia,False,2024,Entertainment,MAPPED,,
30,Kylian Mbappé @k.mbappe,111700000.0,2.54,France,Sports Business and Finance Home and Garden Soccer,33500000.0,instagram,czechia,False,2024,Sports,MAPPED,,
31,BILLIE EILISH @billieeilish,110200000.0,0.03,United States,Art Singer,33100000.0,instagram,czechia,False,2024,Music,MAPPED,,
32,Gal Gadot @gal_gadot,109200000.0,0.16,Israel,Entertainment and Music Food Actors Artist,32700000.000000004,instagram,czechia,False,2024,Music,MAPPED,,
33,Vin Diesel @vindiesel,102800000.0,0.64,United States,Producers Director Actors,30800000.0,instagram,czechia,False,2024,Music,MAPPED,,
34,LISA @lalalalisa_m,102200000.0,7.02,South Korea,Singer,30700000.0,instagram,czechia,False,2024,Music,MAPPED,,
35,Priyanka @priyankachopra,90700000.0,0.72,,Actors Artist Creators & Celebrities,27200000.0,instagram,czechia,False,2024,Entertainment,MAPPED,,
36,Shakira @shakira,90500000.0,0.02,,Music Singer Musician Band,27200000.0,instagram,czechia,False,2024,Music,MAPPED,,
37,DUA LIPA @dualipa,88700000.0,1.05,United States,Entertainment and Music Singer Artist,26600000.0,instagram,czechia,False,2024,Music,MAPPED,,
38,Narendra Modi @narendramodi,87300000.0,2.23,India,Politics,26200000.0,instagram,czechia,False,2024,Knowledge&Info,MAPPED,,
39,David Beckham @davidbeckham,87000000.0,0.64,United Kingdom,Sports Soccer Public Figure,26100000.0,instagram,czechia,False,2024,Sports,MAPPED,,
40,snoopdogg @snoopdogg,84700000.0,0.06,,Entertainment and Music Music Food Chef,25400000.0,instagram,czechia,False,2024,Music,MAPPED,,
41,Shraddha ✶ @shraddhakapoor,84200000.0,1.99,,Beauty and Self Care Celebrity Actors Actor,25200000.0,instagram,czechia,False,2024,Beauty&Fashion,MAPPED,,
42,J @jennierubyjane,84000000.0,5.14,,Singer,25200000.0,instagram,czechia,False,2024,Music,MAPPED,,
43,Alia Bhatt 💛 @aliaabhatt,83700000.0,0.02,India,Acting and Drama Celebrity Actors Actor,25100000.0,instagram,czechia,False,2024,Entertainment,MAPPED,,
44,Khabane Lame @khaby00,79700000.0,1.17,Italy,Entertainment and Music Funny Education Life and Society,23900000.0,instagram,czechia,False,2024,Knowledge&Info,MAPPED,,
45,Katrina Kaif @katrinakaif,79700000.0,0.87,India,Beauty and Self Care Celebrity Actors Actor,23900000.0,instagram,czechia,False,2024,Beauty&Fashion,MAPPED,,
46,दीपिका पादुकोण @deepikapadukone,78900000.0,2.18,India,Entertainment and Music Actors,23700000.0,instagram,czechia,False,2024,Music,MAPPED,,
47,Gigi Hadid @gigihadid,78600000.0,1.74,United States,Fashion and Accessories Business and Finance Modeling TV Host,23600000.0,instagram,czechia,False,2024,Beauty&Fashion,MAPPED,,
48,JISOO🪐 @sooyaaa__,77700000.0,4.57,,Art Singer,23300000.0,instagram,czechia,False,2024,Music,MAPPED,,
49,Neha Kakkar @nehakakkar,77700000.0,0.77,India,Entertainment and Music Singer Musician,23300000.0,instagram,czechia,False,2024,Music,MAPPED,,
50,ROSÉ @roses_are_rosie,76500000.0,5.26,,Entertainment and Music Singer Artist,23000000.0,instagram,czechia,False,2024,Music,MAPPED,,
51,Karim Benzema @karimbenzema,76100000.0,1.42,France,Sports Entertainment and Music Soccer,22800000.0,instagram,czechia,False,2024,Sports,MAPPED,,
52,Ronaldo de Assis Moreira @ronaldinho,75800000.0,0.35,Brazil,Sports Automotive Soccer,22700000.0,instagram,czechia,False,2024,Sports,MAPPED,,
53,Emma Watson @emmawatson,75400000.0,1.41,United Kingdom,Entertainment and Music Fashion and Accessories Education Celebrity,22600000.0,instagram,czechia,False,2024,Beauty&Fashion,MAPPED,,
54,Raffi Ahmad and Nagita Slavina @raffinagita1717,75300000.0,0.21,Indonesia,Entertainment and Music family Celebrity Marketing and Advertising,22600000.0,instagram,czechia,False,2024,Knowledge&Info,MAPPED,,
55,BTS official @bts.bighitofficial,74400000.0,2.32,South Korea,Entertainment and Music Music Band Singer,22300000.0,instagram,czechia,False,2024,Music,MAPPED,,
56,Shawn Mendes @shawnmendes,73000000.0,0.03,Brazil,Music Singer Songwriting Musician,21900000.0,instagram,czechia,False,2024,Music,MAPPED,,
57,Justin Timberlake @justintimberlake,72500000.0,0.08,United States,Art Actors Entertainment Songwriting,21800000.0,instagram,czechia,False,2024,Music,MAPPED,,
58,Abel Tesfaye @theweeknd,71800000.0,1.95,United States,Art Singer Artist,21500000.0,instagram,czechia,False,2024,Music,MAPPED,,
59,Urvashi Rautela @urvashirautela,70300000.0,0.34,France,Art Beauty Acting and Drama Beauty and Self Care,21100000.0,instagram,czechia,False,2024,Beauty&Fashion,MAPPED,,
60,Salman Khan @beingsalmankhan,69200000.0,1.59,India,Entertainment and Music Celebrity Actor,20800000.0,instagram,czechia,False,2024,Music,MAPPED,,
61,Akshay Kumar @akshaykumar,68300000.0,0.02,India,Entertainment and Music Celebrity Actors Actor,20500000.0,instagram,czechia,False,2024,Music,MAPPED,,
62,KAROL G @karolg,68300000.0,5.59,Colombia,"Entertainment and Music Humor Film, Music & Books Celebrities",20500000.0,instagram,czechia,False,2024,Knowledge&Info,MAPPED,,
63,Marcelo Vieira @marcelotwelve,67600000.0,0.49,Brazil,Sports Soccer,20300000.0,instagram,czechia,False,2024,Sports,MAPPED,,
64,camila @camila_cabello,66500000.0,1.42,United States,Entertainment and Music Celebrity Singer Music,20000000.0,instagram,czechia,False,2024,Music,MAPPED,,
65,Tom Holland @tomholland2013,66500000.0,4.52,United Kingdom,Entertainment and Music Acting and Drama Actors,19900000.0,instagram,czechia,False,2024,Music,MAPPED,,
66,AnushkaSharma1588 @anushkasharma,65200000.0,2.27,,Entertainment and Music Actors Artist,19500000.0,instagram,czechia,False,2024,Music,MAPPED,,
67,Anitta 🎤 @anitta,65099999.99999999,0.6,Brazil,Art Entertainment and Music Music Singer,19500000.0,instagram,czechia,False,2024,Music,MAPPED,,
68,Will Smith @willsmith,64700000.0,0.28,United States,Entertainment and Music Producers Hip hop music Artist,19400000.0,instagram,czechia,False,2024,Music,MAPPED,,
69,V @thv,64700000.0,18.09,,Art Artist,19400000.0,instagram,czechia,False,2024,Lifestyle,MAPPED,,
70,Zlatan Ibrahimović @iamzlatanibrahimovic,64300000.0,0.46,Sweden,Fashion and Accessories Auto and Vehicles Soccer,19300000.0,instagram,czechia,False,2024,Sports,MAPPED,,
71,MALUMA @maluma,63900000.0,1.27,Colombia,Entertainment and Music Music Singer,19200000.0,instagram,czechia,False,2024,Music,MAPPED,,
72,Mohamed Salah @mosalah,63500000.0,1.37,Egypt,Sports,19000000.0,instagram,czechia,False,2024,Sports,MAPPED,,
73,Millie Bobby Brown @milliebobbybrown,63300000.0,0.02,United Kingdom,Celebrity Actors,19000000.0,instagram,czechia,False,2024,Entertainment,MAPPED,,
74,Manchester United @manchesterunited,63000000.0,0.37,,Sports Fashion and Accessories Soccer,18900000.0,instagram,czechia,False,2024,Sports,MAPPED,,
75,Sergio Ramos @sergioramos,62800000.0,1.14,Spain,Sports Soccer,18800000.0,instagram,czechia,False,2024,Sports,MAPPED,,
76,Leonardo DiCaprio @leonardodicaprio,62100000.0,0.2,United States,Entertainment and Music Celebrity Actors Producers,18600000.0,instagram,czechia,False,2024,Music,MAPPED,,
77,Zac Efron @zacefron,62000000.0,0.02,United States,Actors,18600000.0,instagram,czechia,False,2024,Entertainment,MAPPED,,
78,Paul Labile Pogba @paulpogba,61100000.0,0.89,France,Sports,18300000.0,instagram,czechia,False,2024,Sports,MAPPED,,
79,disha patani (paatni) 🦋 @dishapatani,61000000.0,0.61,India,Celebrity Actors,18300000.0,instagram,czechia,False,2024,Entertainment,MAPPED,,
80,Bella 🦋 @bellahadid,60900000.0,1.83,United States,Technology Modeling Scientist,18300000.0,instagram,czechia,False,2024,Beauty&Fashion,MAPPED,,
81,Juventus @juventus,60400000.0,0.2,Italy,Sports Soccer Sports Team Creators & Celebrities,18100000.0,instagram,czechia,False,2024,Sports,MAPPED,,
82,Whindersson Nunes @whinderssonnunes,59700000.0,1.02,Brazil,Entertainment and Music Funny Celebrity Comedy,17900000.0,instagram,czechia,False,2024,Music,MAPPED,,
83,Chris Hemsworth @chrishemsworth,58500000.0,1.6,Australia,Actors,17500000.0,instagram,czechia,False,2024,Entertainment,MAPPED,,
84,Georgina Rodríguez @georginagio,58100000.0,0.03,Spain,Books Lifestyle Modeling,17400000.0,instagram,czechia,False,2024,Beauty&Fashion,MAPPED,,
85,BLΛƆKPIИK @blackpinkofficial,57900000.0,0.02,,Entertainment and Music Music Band Musician Band,17400000.0,instagram,czechia,False,2024,Music,MAPPED,,
86,Paulo Dybala @paulodybala,57600000.0,2.07,Argentina,Sports Soccer,17300000.0,instagram,czechia,False,2024,Sports,MAPPED,,
87,Tata Werneck @tatawerneck,57200000.0,0.02,Brazil,Entertainment and Music Actors Artist,17200000.0,instagram,czechia,False,2024,Music,MAPPED,,
88,Robert Downey Jr. @robertdowneyjr,57200000.0,0.62,United States,Actors,17100000.0,instagram,czechia,False,2024,Entertainment,MAPPED,,
89,Michelle Obama @michelleobama,57100000.0,0.25,,Books Pets Author Creators & Celebrities,17100000.0,instagram,czechia,False,2024,Knowledge&Info,MAPPED,,
90,Ayu Tingting @ayutingting92,56800000.0,0.02,Indonesia,Beauty and Self Care Celebrity Music Lifestyle,17000000.0,instagram,czechia,False,2024,Beauty&Fashion,MAPPED,,
91,Lady Gaga @ladygaga,56400000.0,0.96,United States,Shopping Music Singer Songwriting,16900000.0,instagram,czechia,False,2024,Music,MAPPED,,
92,Wardell Curry @stephencurry30,56400000.0,0.9,United States,Sports Basketball Athlete Creators & Celebrities,16900000.0,instagram,czechia,False,2024,Sports,MAPPED,,
93,Adele @adele,55900000.0,4.14,United Kingdom,Singer Music,16800000.0,instagram,czechia,False,2024,Music,MAPPED,,
94,Prilly Latuconsina @prillylatuconsina96,55700000.0,0.02,Indonesia,Entertainment and Music Fashion and Accessories Celebrity Actors,16700000.0,instagram,czechia,False,2024,Beauty&Fashion,MAPPED,,
95,Kriti @kritisanon,55500000.0,0.87,,Art Modeling Artist,16600000.000000002,instagram,czechia,False,2024,Beauty&Fashion,MAPPED,,
96,Sunny Leone @sunnyleone,55300000.0,0.27,India,Beauty and Self Care Modeling Actors Actor,16600000.000000002,instagram,czechia,False,2024,Beauty&Fashion,MAPPED,,
97,Burak Özdemir @cznburak,54600000.0,0.03,Turkey,Food Music Chef,16399999.999999998,instagram,czechia,False,2024,Music,MAPPED,,
98,Larissa Manoela @larissamanoela,54300000.0,0.21,Brazil,Art Acting and Drama Fashion and Accessories Entertainment and Music,16300000.0,instagram,czechia,False,2024,Beauty&Fashion,MAPPED,,
99,HUDA BEAUTY @hudabeauty,54100000.0,0.05,United Arab Emirates,Beauty and Self Care Blogger Creators & Celebrities,16200000.0,instagram,czechia,False,2024,Beauty&Fashion,MAPPED,,
100,Nusr_et#Saltbae @nusr_et,54000000.0,0.16,United States,Food Business and Finance Chef,16200000.0,instagram,czechia,False,2024,Knowledge&Info,MAPPED,,
1,Josephine Skriver @josephineskriver,8800000.0,0.25,Denmark,Fashion and Accessories Modeling Lifestyle Celebrities,2600000.0,instagram,denmark,False,2024,Beauty&Fashion,MAPPED,,
2,Лучшие видео🚀😏 @yarik_devidson,3400000.0,,Denmark,Entertainment and Music Animation and Cosplay,1000000.0,instagram,denmark,False,2024,Tech&Gaming,MAPPED,,
3,Mia Sand @missmiafit,3000000.0,3.62,Denmark,Fitness and Health Auto and Vehicles Coaching Training,901200.0,instagram,denmark,False,2024,Sports,MAPPED,,
4,Nikolaj Coster Waldau @nikolajwilliamcw,3000000.0,0.43,Denmark,Actors,899700.0,instagram,denmark,False,2024,Entertainment,MAPPED,,
5,🍰 ПРОСТЫЕ РЕЦЕПТЫ ОТ ДАНИИ 🍛 @daniya_alt,2300000.0,0.94,Denmark,Food Product Education Home and Garden Gym,691300.0,instagram,denmark,False,2024,Sports,MAPPED,,
6,The Boss Babes @beautifybabez_,2200000.0,0.22,Denmark,Fitness and Health Music Entertainment Singer,654400.0,instagram,denmark,False,2024,Sports,MAPPED,,
7,Alex Høgh Andersen @alexhoeghandersen,2200000.0,3.8,Denmark,Art Modeling Actors,648500.0,instagram,denmark,False,2024,Beauty&Fashion,MAPPED,,
8,Mads Mikkelsen Official @theofficialmads,2100000.0,8.82,Denmark,Entertainment and Music Film Actors,623000.0,instagram,denmark,False,2024,Music,MAPPED,,
9,Nina Agdal @ninaagdal,1900000.0,19.44,Denmark,Fitness and Health Modeling,573600.0,instagram,denmark,False,2024,Sports,MAPPED,,
10,Kris Grippo @kris8an,1800000.0,6.24,Denmark,Fashion and Accessories,541500.0,instagram,denmark,False,2024,Beauty&Fashion,MAPPED,,
11,Pernille Teisbaek @pernilleteisbaek,1500000.0,0.64,Denmark,Fashion and Accessories Arts and Crafts Home and Garden Modeling,442500.0,instagram,denmark,False,2024,Beauty&Fashion,MAPPED,,
12,Caroline Wozniacki @carowozniacki,1400000.0,1.42,Denmark,Sports,420800.0,instagram,denmark,False,2024,Sports,MAPPED,,
13,ANINE BING @aninebing,1200000.0,0.51,Denmark,Fashion and Accessories Styling Lifestyle,371000.0,instagram,denmark,False,2024,Beauty&Fashion,MAPPED,,
14,Josefine Haaning Jensen @josefinehj,1200000.0,0.7,Denmark,Fashion and Accessories Arts and Crafts Lifestyle Hair & Beauty,366700.0,instagram,denmark,False,2024,Beauty&Fashion,MAPPED,,
15,Mads Peter Iversen Photography @madspeteriversen_photography,1100000.0,0.43,Denmark,Photography Arts and Crafts Landscaping Nature & Outdoors,319400.0,instagram,denmark,False,2024,Lifestyle,MAPPED,,
16,Rene Redzepi @reneredzepinoma,1000000.0,1.18,Denmark,Food Chef,306200.0,instagram,denmark,False,2024,Lifestyle,MAPPED,,
17,Zakia Abid @zikalooks,1000000.0,1.41,Denmark,Beauty and Self Care Fashion and Accessories Food and Drink,305000.0,instagram,denmark,False,2024,Beauty&Fashion,MAPPED,,
18,Kasper Schmeichel @kasperschmeichel,1000000.0,2.02,Denmark,Sports,303500.0,instagram,denmark,False,2024,Sports,MAPPED,,
19,Tülin Şahin @tulinsahinofficial,1000000.0,0.35,Denmark,Fashion and Accessories,301000.0,instagram,denmark,False,2024,Beauty&Fashion,MAPPED,,
20,Viktor Axelsen @viktoraxelsen,862200.0,2.91,Denmark,Outdoor Activity Sports Fitness and Health Tennis,258600.00000000003,instagram,denmark,False,2024,Sports,MAPPED,,
21,Simon Kjær @simonkjaer.official,828000.0,15.7,Denmark,Sports,248400.0,instagram,denmark,False,2024,Sports,MAPPED,,
22,Andrea Preti @andreapreti88,733500.0,17.46,Denmark,Acting and Drama Celebrity Actors Lifestyle,220100.0,instagram,denmark,False,2024,Entertainment,MAPPED,,
23,Jonas Vingegaard @jonasvingegaard,671400.0,17.77,Denmark,Sports,201400.0,instagram,denmark,False,2024,Sports,MAPPED,,
24,S O F I E L I N D E @sofielinde1,665100.0,2.03,Denmark,Home and Garden Events Design Interior Design,199500.0,instagram,denmark,False,2024,Entertainment,MAPPED,,
25,Lukas Graham @lukasgraham,655700.0,1.1,Denmark,Singer Music Songwriting,196700.0,instagram,denmark,False,2024,Music,MAPPED,,
26,DET DANSKE KONGEHUS 🇩🇰 @detdanskekongehus,654600.0,2.52,Denmark,Design Interior Design,196400.0,instagram,denmark,False,2024,Lifestyle,MAPPED,,
27,Stephanie Karma Salvarli🕊 @geggo,635600.0,3.77,Denmark,Design Interior Design Fashion,190700.0,instagram,denmark,False,2024,Beauty&Fashion,MAPPED,,
28,Jesper Søndergård Krogh @jespersoendergaard,587000.0,5.6,Denmark,Fashion and Accessories Lifestyle Styling,176100.0,instagram,denmark,False,2024,Beauty&Fashion,MAPPED,,
29,ANDREA RODRIGUEZ @andreasbook,554700.0,17.89,Denmark,,166400.0,instagram,denmark,False,2024,,,,
30,ISABELLA @isabella,516400.0,0.7,Denmark,News Music Singer Celebrities,154900.0,instagram,denmark,False,2024,Knowledge&Info,MAPPED,,
31,Herrelandsholdet @herrelandsholdet,515000.0,2.04,Denmark,Sports,154500.0,instagram,denmark,False,2024,Sports,MAPPED,,
32,Sophia Roe @sophiaroe,508500.0,0.34,Denmark,Fashion and Accessories Hair & Beauty Design Celebrities,152500.0,instagram,denmark,False,2024,Beauty&Fashion,MAPPED,,
33,AMANDA MARIE @amandampn,490800.0,3.83,Denmark,Fashion and Accessories,147200.0,instagram,denmark,False,2024,Beauty&Fashion,MAPPED,,
34,Linse Kessler @linsekesslerofficiel,489200.0,0.66,Denmark,Entertainment and Music family Design Interior Design,146800.0,instagram,denmark,False,2024,Music,MAPPED,,
35,Pierre-Emile Højbjerg @hojbjerg23,479800.0,7.75,Denmark,,143900.0,instagram,denmark,False,2024,,,,
36,Peter Corp @petercorp,471400.0,0.06,Denmark,Entertainment and Music Celebrity Music Modeling,141400.0,instagram,denmark,False,2024,Beauty&Fashion,MAPPED,,
37,⚔️The Vikings | ⚔️ ©️ @vikings.the,460800.0,1.91,Denmark,Entertainment and Music Television,138200.0,instagram,denmark,False,2024,Music,MAPPED,,
38,Fie Laursen @fielaursens,444300.0,9.4,Denmark,,133300.0,instagram,denmark,False,2024,,,,
39,Lida @iliridakrasniqi,421600.0,1.28,Denmark,Education Product Education Celebrities Hair & Beauty,126500.0,instagram,denmark,False,2024,Beauty&Fashion,MAPPED,,
40,Fedja Salihbasic @felecool,399200.0,0.15,Denmark,Travel Photography Architecture Nature & Outdoors,119800.0,instagram,denmark,False,2024,Lifestyle,MAPPED,,
41,P H I L I N E P I @philineroepstorff,393600.0,0.59,Denmark,Fashion and Accessories Styling Modeling,118100.0,instagram,denmark,False,2024,Beauty&Fashion,MAPPED,,
42,Mette Frederiksen @mette,386200.0,2.4,Denmark,,115900.0,instagram,denmark,False,2024,,,,
43,Mark Wosgerau @markwosgerau,382600.0,0.29,Denmark,Art,114800.0,instagram,denmark,False,2024,Lifestyle,MAPPED,,
44,Amalie Moosgaard Nielsen @amaliemoosgaard,369400.0,1.85,Denmark,Fashion and Accessories Arts and Crafts Modeling,110800.0,instagram,denmark,False,2024,Beauty&Fashion,MAPPED,,
45,Maja Vase @majachocolat,368500.0,3.15,Denmark,Food Recipes Chef Cooking,110600.0,instagram,denmark,False,2024,Lifestyle,MAPPED,,
46,EyeGalore™ 🇩🇰 @eyegalore,365500.0,1.16,Denmark,Beauty and Self Care Lifestyle Modeling Celebrities,109700.0,instagram,denmark,False,2024,Beauty&Fashion,MAPPED,,
47,Nicky Andersen @nickyandersen,364800.0,4.56,Denmark,Arts and Crafts,109400.0,instagram,denmark,False,2024,Lifestyle,MAPPED,,
48,Christiane Schaumburg-Müller Aaxman @christianesm,362800.0,0.44,Denmark,Fashion and Accessories Actors Design Interior Design,108800.0,instagram,denmark,False,2024,Beauty&Fashion,MAPPED,,
49,Dennis @5000dennis_nature,361400.0,0.72,Denmark,,108400.0,instagram,denmark,False,2024,,,,
50,DANIELLA JONES @dandanjones,357700.0,1.31,Denmark,Art Design Celebrities,107300.0,instagram,denmark,False,2024,Entertainment,MAPPED,,
51,Imran Shaikh @imranintou,347600.0,4.57,Denmark,Beauty and Self Care Education Styling Hair Salons,104300.0,instagram,denmark,False,2024,Beauty&Fashion,MAPPED,,
52,Jeanette @_jeanettemadsen_,346600.0,0.28,Denmark,Fashion and Accessories Arts and Crafts DIY and Life Hacks Styling,104000.0,instagram,denmark,False,2024,Beauty&Fashion,MAPPED,,
53,Frederikke Wærens - Food & Cake inspiration @frederikkewaerens,346200.0,0.48,Denmark,Food and Drink Food Recipes Ice Hockey,103900.0,instagram,denmark,False,2024,Lifestyle,MAPPED,,
54,Rap Galsen Officiel🇸🇳 @rap.galsen,340400.0,0.09,Denmark,Entertainment and Music News Singer Music,102100.0,instagram,denmark,False,2024,Knowledge&Info,MAPPED,,
55,Anders Matthesen @andersandenmatthesen,338100.0,0.55,Denmark,Entertainment and Music Design Interior Design,101400.0,instagram,denmark,False,2024,Music,MAPPED,,
56,Oliver Svejstrup Brynnum @oliverbrynnum,337000.0,4.79,Denmark,,101100.0,instagram,denmark,False,2024,,,,
57,Cecilie Moosgaard Nielsen @ceciliemoosgaard,332900.0,1.76,Denmark,Fashion and Accessories Modeling,99900.0,instagram,denmark,False,2024,Beauty&Fashion,MAPPED,,
58,Hella Ben R. @thehellabr,330100.0,1.68,Denmark,Entertainment and Music Business,99000.0,instagram,denmark,False,2024,Knowledge&Info,MAPPED,,
59,Nordic Chefs 🇩🇰🇸🇪🇳🇴🇫🇮🇫🇴 @nordic_chefs,310300.0,0.37,Denmark,Food Product Education Product Showcase Food and Drink,93100.0,instagram,denmark,False,2024,Beauty&Fashion,MAPPED,,
60,Carina Melissa @mrscarlissa,309600.0,0.08,Denmark,Home and Garden Parenting Design Interior Design,92900.0,instagram,denmark,False,2024,Lifestyle,MAPPED,,
61,JULIA SOFIA AASTRUP @juliasofiaaastrup,298900.0,0.98,Denmark,Business and Finance Design Interior Design Celebrities,89700.0,instagram,denmark,False,2024,Knowledge&Info,MAPPED,,
62,Cecilie Haugaard @cillemouse,296800.0,4.11,Denmark,Funny Pets News Modeling,89000.0,instagram,denmark,False,2024,Beauty&Fashion,MAPPED,,
63,Rasmus Brohave @rasmusbrohave,293700.0,1.9,Denmark,Video Blogger Design Interior Design Fashion,88100.0,instagram,denmark,False,2024,Beauty&Fashion,MAPPED,,
64,𝐌𝐚𝐫𝐭𝐢𝐧 𝐕𝐞𝐭𝐡 @northern_woodsmen,293100.0,0.41,Denmark,Nature Outdoor Activity,87900.0,instagram,denmark,False,2024,Sports,MAPPED,,
65,CATHRINE LAUDRUP-DUFOUR @cathrinedufour,292500.0,5.11,Denmark,Animals Sports Personal Finance Coaching,87800.0,instagram,denmark,False,2024,Sports,MAPPED,,
66,Johan Sundstein @og_n0tail,292000.0,3.2,Denmark,Sports,87600.0,instagram,denmark,False,2024,Sports,MAPPED,,
67,Anna Astrup @annaastrup,289900.0,6.57,Denmark,Fashion and Accessories Modeling Design,87000.0,instagram,denmark,False,2024,Beauty&Fashion,MAPPED,,
68,Sally Javadi 🌙 سالی @sallyssneakers,280900.0,0.78,Denmark,Fashion and Accessories,84300.0,instagram,denmark,False,2024,Beauty&Fashion,MAPPED,,
69,Kamilla Tolnø @k.tolnoe,280700.0,2.02,Denmark,Arts and Crafts,84200.0,instagram,denmark,False,2024,Lifestyle,MAPPED,,
70,Andre Tan @andre_tan_official,277100.0,1.77,Denmark,Fashion and Accessories Plus Size Modeling,83100.0,instagram,denmark,False,2024,Beauty&Fashion,MAPPED,,
71,Signe Bay @signebay,276300.0,0.47,Denmark,Photography Food Design Architecture,82900.0,instagram,denmark,False,2024,Lifestyle,MAPPED,,
72,Brian @zookeeperguy,271000.0,4.07,Denmark,Animals,81300.0,instagram,denmark,False,2024,Lifestyle,MAPPED,,
73,ArtPeople @artpeople_gallery,263700.0,0.08,Denmark,,79100.0,instagram,denmark,False,2024,,,,
74,JULIE HOCKE @juliehocke,259800.0,7.41,Denmark,Fashion and Accessories,78000.0,instagram,denmark,False,2024,Beauty&Fashion,MAPPED,,
75,Amalie Szigethy✔ @amalieszigethyprivat,250000.0,1.1,Denmark,family,75000.0,instagram,denmark,False,2024,Lifestyle,MAPPED,,
76,Sofie Linde @lindes_hus,247400.0,5.2,Denmark,family Home and Garden Pets,74200.0,instagram,denmark,False,2024,Lifestyle,MAPPED,,
77,Nikolaj Stokholm @nikolajstokholm,246000.0,3.29,Denmark,Entertainment and Music News Design Interior Design,73800.0,instagram,denmark,False,2024,Knowledge&Info,MAPPED,,
78,anas akchen @anas__copenhagen,244400.0,14.37,Denmark,Fashion and Accessories,73300.0,instagram,denmark,False,2024,Beauty&Fashion,MAPPED,,
79,𝐒𝐈𝐃𝐒𝐄𝐋 𝐁𝐎𝐘𝐄 𝐑𝐀𝐒𝐌𝐔𝐒𝐒𝐄𝐍 @sidselrasmussen,239500.0,0.4,Denmark,Fashion and Accessories Modeling,71800.0,instagram,denmark,False,2024,Beauty&Fashion,MAPPED,,
80,MASCHA VANG @maschavang,238500.0,2.29,Denmark,Fashion and Accessories Design Interior Design,71500.0,instagram,denmark,False,2024,Beauty&Fashion,MAPPED,,
81,Ruben Søltoft @rubenmedu,232700.0,5.9,Denmark,Entertainment and Music Design Interior Design,69800.0,instagram,denmark,False,2024,Music,MAPPED,,
82,Laila Hasanovic🦂 @lailahasanovic,231600.0,12.62,Denmark,Entertainment and Music Modeling Lifestyle,69500.0,instagram,denmark,False,2024,Beauty&Fashion,MAPPED,,
83,✧ 𝕿𝖆𝖙𝖙𝖔𝖔 𝖆𝖗𝖙𝖎𝖘𝖙 ✧ @kingaewelina_ink,229200.0,4.79,Denmark,Arts and Crafts DIY and Life Hacks Fashion and Accessories Piercing,68800.0,instagram,denmark,False,2024,Beauty&Fashion,MAPPED,,
84,Gina @gncgarden,228600.0,3.87,Denmark,Home and Garden Design Interior Design Decoration,68600.0,instagram,denmark,False,2024,Lifestyle,MAPPED,,
85,• 𝔐 𝔲 𝔪 𝔦 𝔞 • @mumia916,225300.0,0.95,Denmark,Fashion Parenting Piercing,67600.0,instagram,denmark,False,2024,Beauty&Fashion,MAPPED,,
86,F.C. København @fc_kobenhavn,225100.0,1.67,Denmark,Sports Soccer Design Interior Design,67500.0,instagram,denmark,False,2024,Sports,MAPPED,,
87,Галина Глосс | Блогиня 😈 @galina_gloss,224800.0,0.4,Denmark,Education,67400.0,instagram,denmark,False,2024,Knowledge&Info,MAPPED,,
88,Alexander Husum @alexanderhusum,224300.0,1.78,Denmark,Entertainment and Music Education Medical Health Design,67300.0,instagram,denmark,False,2024,Knowledge&Info,MAPPED,,
89,Umut Sakarya @umutsakarya,224000.0,0.92,Denmark,Food,67200.0,instagram,denmark,False,2024,Lifestyle,MAPPED,,
90,Lærke ☆ ears tour 🇸🇪N3 & 🇬🇧N5 @swiftstyle__,223900.0,3.11,Denmark,Romance and Wedding Arts and Crafts,67200.0,instagram,denmark,False,2024,Beauty&Fashion,MAPPED,,
91,Anna Briand 💛 @annabriandh,220200.0,1.91,Denmark,Fashion and Accessories,66100.0,instagram,denmark,False,2024,Beauty&Fashion,MAPPED,,
92,Lærke Bagger @laerkebagger,219300.0,2.62,Denmark,Arts and Crafts Education Styling Design,65800.0,instagram,denmark,False,2024,Knowledge&Info,MAPPED,,
93,Ella Karberg Simonsen ⛵️🍁🏊 @ellakarberg,218100.0,3.16,Denmark,Fashion and Accessories,65400.00000000001,instagram,denmark,False,2024,Beauty&Fashion,MAPPED,,
94,Aleksandra Lozinska @byggeligt.home,217600.0,4.84,Denmark,Home and Garden,65300.0,instagram,denmark,False,2024,Lifestyle,MAPPED,,
95,Tessa @tessa_okay,216300.0,4.93,Denmark,Entertainment and Music,64900.00000000001,instagram,denmark,False,2024,Music,MAPPED,,
96,BASMA HAMZE بسمة حمزة @basmabhamze,216300.0,2.92,Denmark,"Fashion Film, Music & Books",64900.00000000001,instagram,denmark,False,2024,Beauty&Fashion,MAPPED,,
97,Rasmus Winther @g2.caps_,214900.0,9.08,Denmark,Entertainment and Music,64500.0,instagram,denmark,False,2024,Music,MAPPED,,
98,Jens The Beast @jensthebeast1,214100.0,0.13,Denmark,Fitness and Health Outdoor Activity Coaching Training,64200.0,instagram,denmark,False,2024,Sports,MAPPED,,
99,Håndboldherrerne @haandboldherrerne,213500.0,6.17,Denmark,Sports News Design Interior Design,64000.0,instagram,denmark,False,2024,Sports,MAPPED,,
100,Chris ‘Kubby’ Kubbernus @chriskubby,212000.0,0.05,Denmark,Finance Business and Finance Marketing and Advertising Entrepreneur,63600.0,instagram,denmark,False,2024,Knowledge&Info,MAPPED,,
1,NATTI NATASHA @nattinatasha,36100000.0,0.44,Dominican Republic,Entertainment and Music Actors Music Singer,10800000.0,instagram,dominican-republic,False,2024,Music,MAPPED,,
2,"HONOR,LEALTAD Y RESPETO. @arcangel",16600000.000000002,0.76,Dominican Republic,Life and Society Entertainment and Music Actors Music,5000000.0,instagram,dominican-republic,False,2024,Knowledge&Info,MAPPED,,
3,Prince Royce @princeroyce,15600000.0,0.33,Dominican Republic,Music Singer Songwriting,4700000.0,instagram,dominican-republic,False,2024,Music,MAPPED,,
4,El Alfa El Jefe TE AMO DIOS @elalfaeljefe,11100000.0,0.79,Dominican Republic,Actors Music,3300000.0,instagram,dominican-republic,False,2024,Music,MAPPED,,
5,🐾🎀💋La Mami Del Swagger 🎀🐾 @lainsuperable,7100000.0,0.35,Dominican Republic,Fashion and Accessories Actors,2100000.0,instagram,dominican-republic,False,2024,Beauty&Fashion,MAPPED,,
6,ALEXANDRA MVP @alexandramvp,6600000.0,4.59,Dominican Republic,Fashion and Accessories Actors Modeling Digital Creator,2000000.0,instagram,dominican-republic,False,2024,Beauty&Fashion,MAPPED,,
7,EL JEFE DEL 28 🇩🇴 @carlosmontesquieu,6300000.0,0.7,Dominican Republic,Entertainment and Music Actors Comedy,1900000.0,instagram,dominican-republic,False,2024,Music,MAPPED,,
8,Miguel Angel Valerio @donmiguelo,5700000.0,0.57,Dominican Republic,Entertainment and Music Rap Singer,1700000.0,instagram,dominican-republic,False,2024,Music,MAPPED,,
9,Mozart La Para @mozartlapara,5700000.0,0.52,Dominican Republic,Entertainment and Music Music Actors,1700000.0,instagram,dominican-republic,False,2024,Music,MAPPED,,
10,Bulin 47 @bulin47_oficial,5600000.0,0.39,Dominican Republic,Entertainment and Music Music Actors,1700000.0,instagram,dominican-republic,False,2024,Music,MAPPED,,
11,EL PAPA DEL DEMBOW @elmayorclasico,4600000.0,0.22,Dominican Republic,Entertainment and Music,1400000.0,instagram,dominican-republic,False,2024,Music,MAPPED,,
12,Amenazzy 🇩🇴 @amenazzy,4400000.0,0.87,Dominican Republic,Entertainment and Music Actors Music,1300000.0,instagram,dominican-republic,False,2024,Music,MAPPED,,
13,Yameyry Ynfante @lamaterialista1,4400000.0,0.58,Dominican Republic,Entertainment and Music Business and Finance Actors,1300000.0,instagram,dominican-republic,False,2024,Knowledge&Info,MAPPED,,
14,Toxic Crow @toxiccrow,4300000.0,0.25,Dominican Republic,Entertainment and Music Music,1300000.0,instagram,dominican-republic,False,2024,Music,MAPPED,,
15,Ana Carolina Castillo 🇩🇴 @anacarolinatv,4300000.0,0.17,Dominican Republic,Beauty and Self Care Actors Virtualization,1300000.0,instagram,dominican-republic,False,2024,Beauty&Fashion,MAPPED,,
16,EL IDOLO DE TU IDOLO 🇩🇴 @lapizconciente,4300000.0,0.19,Dominican Republic,Entertainment and Music Music Actors,1300000.0,instagram,dominican-republic,False,2024,Music,MAPPED,,
17,Caroline Aquino @carolineaquino1,4300000.0,0.23,Dominican Republic,Actors Virtualization,1300000.0,instagram,dominican-republic,False,2024,Tech&Gaming,MAPPED,,
18,EL NUEVO PAPA 🇩🇴 🌪🌨🌤 @quimicoultramega,4200000.0,0.11,Dominican Republic,Entertainment and Music Music Actors,1300000.0,instagram,dominican-republic,False,2024,Music,MAPPED,,
19,R O C H Y 🇩🇴 @rochyrd,4100000.0,0.63,Dominican Republic,Art Actors Music,1200000.0,instagram,dominican-republic,False,2024,Music,MAPPED,,
20,YESENIA THEN 🇩🇴🇺🇸 @yeseniathenoficial,3800000.0,0.56,Dominican Republic,Business and Finance Actors Virtualization,1100000.0,instagram,dominican-republic,False,2024,Knowledge&Info,MAPPED,,
21,CNCO @cncomusic,3600000.0,0.83,Dominican Republic,Actors Music Singer,1100000.0,instagram,dominican-republic,False,2024,Music,MAPPED,,
22,Yubelkis Peralta @yubelkisperalta,3600000.0,0.17,Dominican Republic,Beauty and Self Care Fashion and Accessories Business and Finance Actors,1100000.0,instagram,dominican-republic,False,2024,Beauty&Fashion,MAPPED,,
23,Clarissa Molina @clarissamolina,3600000.0,1.03,Dominican Republic,Celebrity Acting and Drama Entertainment and Music Romance and Wedding,1100000.0,instagram,dominican-republic,False,2024,Beauty&Fashion,MAPPED,,
24,CHELSY @chelsybautista5,3600000.0,0.47,Dominican Republic,Entertainment and Music Actors Virtualization,1100000.0,instagram,dominican-republic,False,2024,Tech&Gaming,MAPPED,,
25,Blanquito Perla 💎 @shadowblow,3500000.0,0.19,Dominican Republic,Entertainment and Music Actors Music,1100000.0,instagram,dominican-republic,False,2024,Music,MAPPED,,
26,Cheddy García @cheddyg,3500000.0,0.2,Dominican Republic,Entertainment and Music Funny Celebrity Actors,1000000.0,instagram,dominican-republic,False,2024,Music,MAPPED,,
27,CAJADEVERDADES🤖 @cajadeverdades,3300000.0,0.28,Dominican Republic,Life and Society News Actors,991200.0,instagram,dominican-republic,False,2024,Knowledge&Info,MAPPED,,
28,LA ROSS MARIA🎶️️️💖 @rossmariaofficial,3200000.0,4.77,Dominican Republic,Art,951600.0,instagram,dominican-republic,False,2024,Lifestyle,MAPPED,,
29,Karen Yapoort Encarnacion @yapoort,3200000.0,2.59,Dominican Republic,Entertainment and Music family Moms Actors,949900.0,instagram,dominican-republic,False,2024,Music,MAPPED,,
30,CRAZY DESIGN @crazydesignrd,3200000.0,0.16,Dominican Republic,Food Video Games Actors Virtualization,946400.0,instagram,dominican-republic,False,2024,Tech&Gaming,MAPPED,,
31,The King🤴🏻 El Mayimbe @bulovasfamily,3100000.0,0.1,Dominican Republic,Art Actors,928500.0,instagram,dominican-republic,False,2024,Entertainment,MAPPED,,
32,🙏CON MI DIOS 24/7🙏 El Kita 🕊🌌 @chimbalaofficial,3100000.0,0.31,Dominican Republic,Entertainment and Music Marketing and Advertising Actors Music,918500.0,instagram,dominican-republic,False,2024,Knowledge&Info,MAPPED,,
33,Musicologo The Libro @musicologord,3000000.0,0.65,Dominican Republic,Entertainment and Music Music Actors Modeling,908800.0,instagram,dominican-republic,False,2024,Beauty&Fashion,MAPPED,,
34,Karl-Anthony Towns @karltowns,2900000.0,5.3,Dominican Republic,Actors Music Modeling,880500.0,instagram,dominican-republic,False,2024,Beauty&Fashion,MAPPED,,
35,Shelow Shaq @shelowshaq_,2900000.0,0.15,Dominican Republic,Entertainment and Music Music DJ Actors,860300.0,instagram,dominican-republic,False,2024,Music,MAPPED,,
36,Tokischa Altagracia Peralta @tokischa.popola,2700000.0,12.0,Dominican Republic,Romance and Wedding Music,806300.0,instagram,dominican-republic,False,2024,Beauty&Fashion,MAPPED,,
37,Nahiony Reyes Batista @nahiony,2700000.0,0.24,Dominican Republic,Education Life and Society Actors Virtualization,803100.0,instagram,dominican-republic,False,2024,Knowledge&Info,MAPPED,,
38,Alofoke Music @alofokemusicnet,2600000.0,,Dominican Republic,News Actors Music,766900.0,instagram,dominican-republic,False,2024,Knowledge&Info,MAPPED,,
39,Amelia Alcantara🤍👑 @ameliaalcantara01,2500000.0,2.29,Dominican Republic,Art,757500.0,instagram,dominican-republic,False,2024,Lifestyle,MAPPED,,
40,REDIMI2 @realredimi2,2500000.0,0.57,Dominican Republic,"Art Celebrities Film, Music & Books",752600.0,instagram,dominican-republic,False,2024,Knowledge&Info,MAPPED,,
41,Big Papi Ortiz @davidortiz,2400000.0,0.67,Dominican Republic,Sports Entertainment and Music Baseball,723200.0,instagram,dominican-republic,False,2024,Sports,MAPPED,,
42,Martha Heredia @marthaheredia,2400000.0,0.15,Dominican Republic,Entertainment and Music Music Actors,711100.0,instagram,dominican-republic,False,2024,Music,MAPPED,,
43,Sandra Berrocal @sanberrocal,2300000.0,0.38,Dominican Republic,family Romance and Wedding,695400.0,instagram,dominican-republic,False,2024,Beauty&Fashion,MAPPED,,
44,Mama Tarima 🇩🇴🔥♏️😈 @laperversa_17,2300000.0,4.6,Dominican Republic,,689300.0,instagram,dominican-republic,False,2024,,,,
45,Dra. Tania Medina @drataniamedina,2300000.0,0.29,Dominican Republic,Beauty and Self Care,685100.0,instagram,dominican-republic,False,2024,Beauty&Fashion,MAPPED,,
46,Jose Reyes “ La Melaza “ @lamelaza_7,2200000.0,1.59,Dominican Republic,Entertainment and Music,663200.0,instagram,dominican-republic,False,2024,Music,MAPPED,,
47,Juan Luis Liranzo @drliranzo,2200000.0,0.66,Dominican Republic,Actors Music,646800.0,instagram,dominican-republic,False,2024,Music,MAPPED,,
48,EL MVP 🏆 @pushocpw,2100000.0,1.05,Dominican Republic,Entertainment and Music Actors,635100.0,instagram,dominican-republic,False,2024,Music,MAPPED,,
49,Vincent Carmona Arias @eldotolnastra,2100000.0,0.25,Dominican Republic,Art Actors,619400.0,instagram,dominican-republic,False,2024,Entertainment,MAPPED,,
50,LA AUTORIDAD 👮🏽‍♂️ @ninofreestyle,2100000.0,0.62,Dominican Republic,Art,618500.0,instagram,dominican-republic,False,2024,Lifestyle,MAPPED,,
51,Jenn Quezada @jennquezada,2000000.0,1.22,Dominican Republic,Entertainment and Music Business and Finance Actors Modeling,609400.0,instagram,dominican-republic,False,2024,Beauty&Fashion,MAPPED,,
52,YOUNG SWAGON 🇩🇴 @youngswagon,2000000.0,7.32,Dominican Republic,Actors,606000.0,instagram,dominican-republic,False,2024,Entertainment,MAPPED,,
53,El NEGRO ESTA CLARO @negroestaclaro,2000000.0,0.7,Dominican Republic,Automotive Actors,590900.0,instagram,dominican-republic,False,2024,Tech&Gaming,MAPPED,,
54,Aneurys mateo @cekyviciny,1900000.0,0.24,Dominican Republic,Entertainment and Music Actors,576000.0,instagram,dominican-republic,False,2024,Music,MAPPED,,
55,Tonio Skits @tonioskits,1800000.0,2.15,Dominican Republic,Parenting Entertainment Music Singer,540000.0,instagram,dominican-republic,False,2024,Music,MAPPED,,
56,Shanny Lam @shannylam8,1800000.0,1.1,Dominican Republic,Fashion and Accessories Actors Virtualization,538700.0,instagram,dominican-republic,False,2024,Beauty&Fashion,MAPPED,,
57,Andreza @japa.chimenes,1800000.0,5.27,Dominican Republic,family,529100.0,instagram,dominican-republic,False,2024,Lifestyle,MAPPED,,
58,Yomel El Meloso🍈(EL POTI 🍆) @yomelmeloso,1700000.0,2.7,Dominican Republic,Art Actors,524800.0,instagram,dominican-republic,False,2024,Entertainment,MAPPED,,
59,Leidy Leidy💋 @therealleidyleidy,1700000.0,1.8,Dominican Republic,,524600.0,instagram,dominican-republic,False,2024,,,,
60,Carlos Durán @showcarlosduran,1700000.0,2.3,Dominican Republic,Entertainment and Music Automotive Actors,500700.0,instagram,dominican-republic,False,2024,Tech&Gaming,MAPPED,,
61,Luz Garcia @luzgarciatv,1600000.0,0.19,Dominican Republic,Entertainment and Music Actors Virtualization Journalists,486600.0,instagram,dominican-republic,False,2024,Knowledge&Info,MAPPED,,
62,Luinny Corporan @luinnycorporan,1600000.0,0.83,Dominican Republic,Entertainment and Music Actors,469100.0,instagram,dominican-republic,False,2024,Music,MAPPED,,
63,AMELIA VEGA @ameliavega,1600000.0,11.52,Dominican Republic,Entertainment and Music family Music Moms,466900.0,instagram,dominican-republic,False,2024,Music,MAPPED,,
64,Luis Abinader @luisabinader,1500000.0,1.12,Dominican Republic,Finance Education Politics,463700.0,instagram,dominican-republic,False,2024,Knowledge&Info,MAPPED,,
65,LIRICO EN LA CASA @liricoenlacasa,1500000.0,0.24,Dominican Republic,Events Actors Music,458800.0,instagram,dominican-republic,False,2024,Music,MAPPED,,
66,Nancy Alvarez @dranancyalvarez,1500000.0,0.1,Dominican Republic,Education Upskilling Romance and Wedding Virtualization,442300.0,instagram,dominican-republic,False,2024,Beauty&Fashion,MAPPED,,
67,Ｔ Ｕ Ｅ Ｓ Ｋ Ａ @tueska,1500000.0,0.05,Dominican Republic,Pets Events Actors,440300.0,instagram,dominican-republic,False,2024,Entertainment,MAPPED,,
68,Vera Carolina Brito Roys @carobritor,1500000.0,0.9,Dominican Republic,Business and Finance Actors,439700.0,instagram,dominican-republic,False,2024,Knowledge&Info,MAPPED,,
69,Santanabarbershop @santanabarbershop7,1400000.0,0.04,Dominican Republic,Beauty and Self Care Careers Styling School,428700.0,instagram,dominican-republic,False,2024,Beauty&Fashion,MAPPED,,
70,Mark B 🇩🇴 @markbmusic,1400000.0,0.16,Dominican Republic,Music Producers Actors,417800.0,instagram,dominican-republic,False,2024,Music,MAPPED,,
71,Ibelka Ulerio @ibelkaulerio,1400000.0,0.03,Dominican Republic,family Fitness and Health Entertainment and Music Actors,409400.0,instagram,dominican-republic,False,2024,Sports,MAPPED,,
72,SICOPATA DICHO X LO SICOPATA 👹 @elfechotrotiao,1400000.0,0.22,Dominican Republic,Art,409000.0,instagram,dominican-republic,False,2024,Lifestyle,MAPPED,,
73,Hony Estrella @hony_estrella,1300000.0,1.1,Dominican Republic,,389200.0,instagram,dominican-republic,False,2024,,,,
74,ARLENE MC @arlene.mc,1300000.0,4.83,Dominican Republic,Art Music Actors Singer,386800.0,instagram,dominican-republic,False,2024,Music,MAPPED,,
75,Pamela Sued Chávez @pamsued,1300000.0,0.45,Dominican Republic,Entertainment and Music Actors Humor Celebrities,386400.0,instagram,dominican-republic,False,2024,Music,MAPPED,,
76,La Unica Diva De La 📺 @divajessurum,1300000.0,0.1,Dominican Republic,Education Actors,383200.0,instagram,dominican-republic,False,2024,Knowledge&Info,MAPPED,,
77,Djmariposa RD @djmariposard,1300000.0,0.49,Dominican Republic,Entertainment and Music Actors Journalists,381100.0,instagram,dominican-republic,False,2024,Knowledge&Info,MAPPED,,
78,Fernando Tatis Jr @fernando_tatis21,1300000.0,12.3,Dominican Republic,,376200.0,instagram,dominican-republic,False,2024,,,,
79,Roberto Ángel Salcedo @robertoangel01,1200000.0,0.04,Dominican Republic,Entertainment and Music Actors,356200.0,instagram,dominican-republic,False,2024,Music,MAPPED,,
80,TheNino @theninoyt,1200000.0,1.87,Dominican Republic,Art,352700.0,instagram,dominican-republic,False,2024,Lifestyle,MAPPED,,
81,Yinett Baez 👸🏻LAMUŃECA👸🏻 @yinettbaez,1200000.0,1.4,Dominican Republic,Fashion and Accessories Actors,350300.0,instagram,dominican-republic,False,2024,Beauty&Fashion,MAPPED,,
82,TATIANA DURAN @ktatiana_duran,1200000.0,1.15,Dominican Republic,Fitness and Health,346900.0,instagram,dominican-republic,False,2024,Sports,MAPPED,,
83,Santiago Matias Alofoke @pr1ncematias,1100000.0,3.08,Dominican Republic,Entertainment and Music,342400.0,instagram,dominican-republic,False,2024,Music,MAPPED,,
84,Dra.Yaquely Cabrera Ortega👑 @yaquelycabrera,1100000.0,0.18,Dominican Republic,Health and Medical Services,341800.0,instagram,dominican-republic,False,2024,Knowledge&Info,MAPPED,,
85,Ramón Tolentino @ramon_tolentino1,1100000.0,0.6,Dominican Republic,,336200.0,instagram,dominican-republic,False,2024,,,,
86,Dania Ramirez @daniajramirez,1100000.0,0.45,Dominican Republic,family Acting and Drama Parenting News,334700.0,instagram,dominican-republic,False,2024,Knowledge&Info,MAPPED,,
87,♾ BjP ♾ @blackjonaspointelnegro,1100000.0,0.51,Dominican Republic,Entertainment and Music Parenting Music Actors,334600.0,instagram,dominican-republic,False,2024,Music,MAPPED,,
88,Aliany Garcia @aliany_g,1100000.0,0.35,Dominican Republic,Art,329400.0,instagram,dominican-republic,False,2024,Lifestyle,MAPPED,,
89,Iamdra Fermín @iamdrafermin,1100000.0,0.62,Dominican Republic,family Education Video Gaming Actors,328600.0,instagram,dominican-republic,False,2024,Knowledge&Info,MAPPED,,
90,Carolina Baez @carobaezb,1100000.0,0.13,Dominican Republic,Food Fitness and Health News Chef,327200.0,instagram,dominican-republic,False,2024,Sports,MAPPED,,
91,Manny Cruz @mannycruzrd,1100000.0,1.92,Dominican Republic,Entertainment and Music Music Actors Humor,324600.0,instagram,dominican-republic,False,2024,Music,MAPPED,,
92,Nuria Piera @nuriapiera,1100000.0,1.48,Dominican Republic,Education News TV Host Journalists,322200.0,instagram,dominican-republic,False,2024,Knowledge&Info,MAPPED,,
93,CH🔺EL 🎶 PRODUCIENDO @chaelproduciendo,1100000.0,0.58,Dominican Republic,Entertainment and Music Celebrity,320500.0,instagram,dominican-republic,False,2024,Music,MAPPED,,
94,Haraca Kiko @haracakikooficial,1100000.0,3.17,Dominican Republic,Entertainment and Music,318500.0,instagram,dominican-republic,False,2024,Music,MAPPED,,
95,Val Mercado @val.mercado,1100000.0,0.58,Dominican Republic,Fashion and Accessories Beauty and Self Care Entertainment Music,318300.0,instagram,dominican-republic,False,2024,Beauty&Fashion,MAPPED,,
96,CHiNO RB @elchino_rb,1100000.0,3.13,Dominican Republic,Video Gaming,315800.0,instagram,dominican-republic,False,2024,Tech&Gaming,MAPPED,,
97,Fausto Mata @faustomata5,1000000.0,0.15,Dominican Republic,Entertainment and Music Acting and Drama Funny Romance and Wedding,314900.0,instagram,dominican-republic,False,2024,Beauty&Fashion,MAPPED,,
98,🦋DALISA ALEGRÍA🦋 @dalisaalegria,1000000.0,1.04,Dominican Republic,Actors,310200.0,instagram,dominican-republic,False,2024,Entertainment,MAPPED,,
99,J O S É R A M O S 🇩🇴🍉 @joseramosfit,1000000.0,1.24,Dominican Republic,Fitness and Health,304800.0,instagram,dominican-republic,False,2024,Sports,MAPPED,,
100,🤴🏾 𝑹𝒂𝒚𝒎𝒐𝒏𝒅 𝒚 𝒎𝒊𝒈𝒖𝒆𝒍 🤴🏾 @miguelyraymond,989200.0,0.4,Dominican Republic,Fashion and Accessories Celebrity TV Shows Actors,296700.0,instagram,dominican-republic,False,2024,Beauty&Fashion,MAPPED,,
1,Kevlex Pazmiño @kevlexd,5100000.0,0.21,Ecuador,Fashion Singer Actors Music,1500000.0,instagram,ecuador,False,2024,Beauty&Fashion,MAPPED,,
2,Danilo Carrera @danilocarrerah,3800000.0,0.6,Ecuador,Life and Society Acting and Drama Celebrity Actors,1100000.0,instagram,ecuador,False,2024,Knowledge&Info,MAPPED,,
3,Pongamoslo a prueba @pongamoslo_a_prueba,3300000.0,2.28,Ecuador,,977500.0,instagram,ecuador,False,2024,,,,
4,Roberto Manrique @robertomanrique13,3200000.0,0.15,Ecuador,Acting and Drama Education Animals Entertainment and Music,964600.0,instagram,ecuador,False,2024,Knowledge&Info,MAPPED,,
5,Anthony Lencina @anthonnyswagg,2900000.0,15.06,Ecuador,Fashion Fashion and Accessories Business and Finance Actors,882400.0,instagram,ecuador,False,2024,Beauty&Fashion,MAPPED,,
6,Mayita arizaga @mayitaarizaga,2500000.0,3.0,Ecuador,family Fashion and Accessories Business and Finance Actors,761500.0,instagram,ecuador,False,2024,Beauty&Fashion,MAPPED,,
7,Lcda. Sofia Caiche Romero @sofiacaiche,2400000.0,0.59,Ecuador,Fitness and Health Arts and Crafts Travel Virtualization,726800.0,instagram,ecuador,False,2024,Sports,MAPPED,,
8,Samantha Grey 🇪🇨 @samanthagreyb,2400000.0,0.54,Ecuador,,723900.0,instagram,ecuador,False,2024,,,,
9,Erika Velez @erikavelez,2400000.0,1.14,Ecuador,Fashion and Accessories Celebrity Actors,709500.0,instagram,ecuador,False,2024,Beauty&Fashion,MAPPED,,
10,AMBAR MONTENEGRO @ambaritamar1,2200000.0,0.66,Ecuador,Virtualization Actors,670800.0,instagram,ecuador,False,2024,Tech&Gaming,MAPPED,,
11,WIFI MONEY™️ @amoeller,2100000.0,1.44,Ecuador,Business and Finance Finance,631300.0,instagram,ecuador,False,2024,Knowledge&Info,MAPPED,,
12,En Contacto - Ecuavisa @encontactoecuavisa,2100000.0,0.07,Ecuador,Entertainment and Music Business and Finance Actors,625300.0,instagram,ecuador,False,2024,Knowledge&Info,MAPPED,,
13,Yuleysi Coca Suarez @yuleysicocasuarez,2000000.0,0.32,Ecuador,Entertainment and Music Virtualization Actors,606700.0,instagram,ecuador,False,2024,Tech&Gaming,MAPPED,,
14,Michela PinBu @michelapinbu,1900000.0,0.73,Ecuador,Entertainment and Music Beauty and Self Care Business and Finance Actors,557400.0,instagram,ecuador,False,2024,Beauty&Fashion,MAPPED,,
15,Indi Skovar @indi_skovar,1700000.0,6.48,Ecuador,Travel Entertainment and Music,517400.0,instagram,ecuador,False,2024,Music,MAPPED,,
16,Domenica Saporiti @domesprt,1600000.0,6.03,Ecuador,Entertainment and Music Actors,482600.0,instagram,ecuador,False,2024,Music,MAPPED,,
17,María Teresa Guerrero @flacaguerrerog,1500000.0,0.4,Ecuador,Fitness and Health Travel family Actors,460100.0,instagram,ecuador,False,2024,Sports,MAPPED,,
18,MACHALA THE GREAT @carterefe,1500000.0,10.91,Ecuador,Fitness and Health Celebrity,448800.0,instagram,ecuador,False,2024,Sports,MAPPED,,
19,FERNANDA GALLARDO💕 @fergallardook,1500000.0,0.89,Ecuador,Actors Virtualization,444300.0,instagram,ecuador,False,2024,Tech&Gaming,MAPPED,,
20,María Fernanda Ríos/Empoderamiento femenino. @mariafernandariosoficial,1500000.0,0.59,Ecuador,Acting and Drama Fashion and Accessories Beauty and Self Care Marketing and Advertising,438300.0,instagram,ecuador,False,2024,Beauty&Fashion,MAPPED,,
21,SAMANTHA INTRIAGO MAKEUP•BEAUTY•INFLUENCER @samanthaintriagomua,1400000.0,5.58,Ecuador,Beauty and Self Care Education,405500.0,instagram,ecuador,False,2024,Beauty&Fashion,MAPPED,,
22,Me Encanta el Chocolate @elchocolatemeencanta,1300000.0,0.13,Ecuador,Food Marketing and Advertising,404800.0,instagram,ecuador,False,2024,Knowledge&Info,MAPPED,,
23,Dina | Entrenador | Ejercicios en casa @dinamunozok,1300000.0,0.41,Ecuador,Business and Finance Bikini Coaching,403200.0,instagram,ecuador,False,2024,Knowledge&Info,MAPPED,,
24,Tete 💃🏼 @stephronquillo5,1300000.0,0.6,Ecuador,Soccer Actors Virtualization,398500.0,instagram,ecuador,False,2024,Sports,MAPPED,,
25,Jefferson Rescata @jeffersonrescata,1300000.0,1.23,Ecuador,Animals,398400.0,instagram,ecuador,False,2024,Lifestyle,MAPPED,,
26,Nathalie Carvajal @nathalie_carvajalcampoverde,1300000.0,1.06,Ecuador,Photography Actors,398300.0,instagram,ecuador,False,2024,Entertainment,MAPPED,,
27,De Casa en Casa @decasaencasa,1300000.0,,Ecuador,Home and Garden Actors Journalists,394400.0,instagram,ecuador,False,2024,Knowledge&Info,MAPPED,,
28,Evelyn Vanessa Calderón @evelynvcalderon,1300000.0,0.67,Ecuador,Fashion and Accessories Modeling Entertainment Actors,392600.0,instagram,ecuador,False,2024,Beauty&Fashion,MAPPED,,
29,Johann Vera @johannvera,1300000.0,1.25,Ecuador,Entertainment and Music Music Band,387300.0,instagram,ecuador,False,2024,Music,MAPPED,,
30,Andreina Bravo 🌙 @andreinabravoo,1200000.0,1.37,Ecuador,Entertainment and Music Actors,368800.0,instagram,ecuador,False,2024,Music,MAPPED,,
31,Mare @marecevallos,1200000.0,0.86,Ecuador,Acting and Drama Actors Artist,356000.0,instagram,ecuador,False,2024,Entertainment,MAPPED,,
32,Fernando Tufiño @fertufin,1100000.0,0.93,Ecuador,Art Actors Virtualization,325600.0,instagram,ecuador,False,2024,Tech&Gaming,MAPPED,,
33,Fabiola Véliz @fabiolaveliz,1100000.0,0.18,Ecuador,,325500.0,instagram,ecuador,False,2024,,,,
34,Carlos Jose Matamoros Icaza @carlosjosemi,1100000.0,0.1,Ecuador,Acting and Drama Education Parenting Virtualization,320800.0,instagram,ecuador,False,2024,Knowledge&Info,MAPPED,,
35,Marlon Chito Vera 🇪🇨 @chitoveraufc,1000000.0,3.72,Ecuador,Sports Actors Modeling,314000.0,instagram,ecuador,False,2024,Sports,MAPPED,,
36,Claudia Camposano @claudiacamposano,1000000.0,0.06,Ecuador,Art,311800.0,instagram,ecuador,False,2024,Lifestyle,MAPPED,,
37,Marcela Ruete @marcelaruete,1000000.0,0.17,Ecuador,Fitness Actors,307700.0,instagram,ecuador,False,2024,Sports,MAPPED,,
38,Erika Valencia @lanegraerika,1000000.0,0.2,Ecuador,Acting and Drama Fashion and Accessories Soccer Actors,305400.0,instagram,ecuador,False,2024,Sports,MAPPED,,
39,DMTX @dimitrhix,1000000.0,0.57,Ecuador,,301700.0,instagram,ecuador,False,2024,,,,
40,Eduardo Verástegui @eduardoverastegui,1000000.0,0.57,Ecuador,Entertainment and Music Celebrity Actors,301200.0,instagram,ecuador,False,2024,Music,MAPPED,,
41,Silvana Torres🐍 @lavenenotorres,985900.0,0.4,Ecuador,Entertainment and Music Actors,295800.0,instagram,ecuador,False,2024,Music,MAPPED,,
42,Somos La Joda! @somoslajoda.ec,893900.0,0.4,Ecuador,Entertainment and Music,268200.0,instagram,ecuador,False,2024,Music,MAPPED,,
43,Priscilla Rendon @prisrendonmakeup,891200.0,1.53,Ecuador,Beauty and Self Care Virtualization,267400.0,instagram,ecuador,False,2024,Beauty&Fashion,MAPPED,,
44,Nancy Puglla🇪🇨 @nancy_risol,889300.0,1.83,Ecuador,family Beauty and Self Care,266800.0,instagram,ecuador,False,2024,Beauty&Fashion,MAPPED,,
45,BarcelonaSC @barcelonasc,855000.0,0.34,Ecuador,Sports Marketing and Advertising Soccer,256500.0,instagram,ecuador,False,2024,Sports,MAPPED,,
46,Miguel Cedeño @miguelcedenoc,831700.0,1.25,Ecuador,Actors Virtualization,249500.0,instagram,ecuador,False,2024,Tech&Gaming,MAPPED,,
47,FARÁNDULA ECUADOR @faranduladatos,808700.0,1.84,Ecuador,Entertainment and Music,242600.0,instagram,ecuador,False,2024,Music,MAPPED,,
48,Jordan Álvarez @jordan.alvarez,808100.0,0.73,Ecuador,Funny,242400.0,instagram,ecuador,False,2024,Entertainment,MAPPED,,
49,Moda Peinados Maquillaje @moda_peinados_y_maquillaje,806500.0,0.14,Ecuador,,241900.0,instagram,ecuador,False,2024,,,,
50,Virginia Limongi Silva 🍋 @virginialimongis,806400.0,1.4,Ecuador,Entertainment and Music Actors,241900.0,instagram,ecuador,False,2024,Music,MAPPED,,
51,Margarita Cabrera @margaritamarilyn,799700.0,1.83,Ecuador,,239900.0,instagram,ecuador,False,2024,,,,
52,La Tri Ecuador 🇪🇨 @latriecu,786100.0,1.2,Ecuador,,235800.0,instagram,ecuador,False,2024,,,,
53,Alejandra Quiroz @alejandraquiroz_f,777300.0,6.4,Ecuador,,233200.0,instagram,ecuador,False,2024,,,,
54,𝔸𝕝𝕖𝕩 𝕍𝕚𝕫𝕦𝕖𝕥𝕖 •Actor @alexvizuete,769000.0,1.8,Ecuador,Funny Acting and Drama Entertainment and Music Actors,230700.0,instagram,ecuador,False,2024,Music,MAPPED,,
55,Mariela Viteri @marielaviteri,763300.0,0.06,Ecuador,Entertainment and Music Parenting Actors,229000.0,instagram,ecuador,False,2024,Music,MAPPED,,
56,Leito Granda \o/ @leitogranda,763200.0,19.36,Ecuador,Entertainment and Music family Actors Modeling,229000.0,instagram,ecuador,False,2024,Beauty&Fashion,MAPPED,,
57,Richard Carapaz @richardcarapaz,747400.0,1.09,Ecuador,Sports Actors,224200.0,instagram,ecuador,False,2024,Sports,MAPPED,,
58,Maykel Oficial @maykel_oficial,721000.0,0.2,Ecuador,Entertainment and Music Actors,216300.0,instagram,ecuador,False,2024,Music,MAPPED,,
59,Erick Trujillo López @chichotrujillo5,711500.0,0.36,Ecuador,Product Education Actors Virtualization,213400.0,instagram,ecuador,False,2024,Knowledge&Info,MAPPED,,
60,Hincha Amarillo @hincha_amarilloec,709700.0,0.06,Ecuador,Virtualization Actors,212900.0,instagram,ecuador,False,2024,Tech&Gaming,MAPPED,,
61,Cecilia Cascante @ceciliacascante,707500.0,1.38,Ecuador,Beauty and Self Care Actors Virtualization,212300.0,instagram,ecuador,False,2024,Beauty&Fashion,MAPPED,,
62,Jhon Alex Alava @jhonalava,698100.0,1.41,Ecuador,Virtualization Actors,209400.0,instagram,ecuador,False,2024,Tech&Gaming,MAPPED,,
63,KikeJav @kikejav,690200.0,2.72,Ecuador,Entertainment and Music Business and Finance Celebrity Video Blogger,207100.0,instagram,ecuador,False,2024,Knowledge&Info,MAPPED,,
64,Gina López @ginaalopeez,678900.0,3.5,Ecuador,,203700.0,instagram,ecuador,False,2024,,,,
65,Henry Bustamante @henrybustamant,675400.0,0.2,Ecuador,Entertainment and Music Actors Journalists Virtualization,202600.0,instagram,ecuador,False,2024,Knowledge&Info,MAPPED,,
66,Cynthia Viteri @cynthiaviteri,674900.0,1.11,Ecuador,Actors Virtualization,202500.0,instagram,ecuador,False,2024,Tech&Gaming,MAPPED,,
67,Davicho Reinoso @davichoreinoso,664800.0,1.1,Ecuador,Actors,199400.0,instagram,ecuador,False,2024,Entertainment,MAPPED,,
68,MA MERCEDES PACHECO @mamercedesp,657200.0,0.74,Ecuador,Acting and Drama Celebrity Television Actors,197200.0,instagram,ecuador,False,2024,Entertainment,MAPPED,,
69,Nataly Valencia @natalyvalencia.v,654500.0,2.8,Ecuador,,196300.0,instagram,ecuador,False,2024,,,,
70,FARÁNDULA ECUADOR @lasapadatv,644600.0,1.3,Ecuador,,193400.0,instagram,ecuador,False,2024,,,,
71,Guillermo Lasso @guillermolasso,644600.0,0.44,Ecuador,Actors Virtualization,193400.0,instagram,ecuador,False,2024,Tech&Gaming,MAPPED,,
72,Constanza Baez Jalil @constanzabaezjalil,632500.0,0.8,Ecuador,Actors,189800.0,instagram,ecuador,False,2024,Entertainment,MAPPED,,
73,Renier Izquierdo @renier.izquierdo,626400.0,1.96,Ecuador,Entertainment and Music,187900.0,instagram,ecuador,False,2024,Music,MAPPED,,
74,FEF🇪🇨 @fefecuador,615300.0,0.77,Ecuador,Sports Soccer,184600.0,instagram,ecuador,False,2024,Sports,MAPPED,,
75,Klei Mora @kleimora,603300.0,1.18,Ecuador,Finance,181000.0,instagram,ecuador,False,2024,Knowledge&Info,MAPPED,,
76,DrMarcelo Medrano Freire @drmarcelomedranofreire,578900.0,,Ecuador,Beauty and Self Care Home and Garden Parenting Actors,173700.0,instagram,ecuador,False,2024,Beauty&Fashion,MAPPED,,
77,María José Flores @majosefloresm,578500.0,0.36,Ecuador,Entertainment and Music Actors,173600.0,instagram,ecuador,False,2024,Music,MAPPED,,
78,Roberto Ochoa @robertoochoahe,577600.0,0.85,Ecuador,Travel Business and Finance Adventure,173300.0,instagram,ecuador,False,2024,Sports,MAPPED,,
79,Bustabrothers @bustabrothers_ofc,574600.0,2.0,Ecuador,Art Public Figure,172400.0,instagram,ecuador,False,2024,Entertainment,MAPPED,,
80,Ana Paula Roldan @aprd5,565200.0,1.73,Ecuador,Entertainment and Music Finance Business and Finance Actors,169600.0,instagram,ecuador,False,2024,Knowledge&Info,MAPPED,,
81,Jandino @jandino,548700.0,0.37,Ecuador,Art Celebrities Animals & Pets Humor,164600.0,instagram,ecuador,False,2024,Entertainment,MAPPED,,
82,Guillermo Toscano @guillermotoscanof,544500.0,1.44,Ecuador,Automotive Actors Celebrities Hair & Beauty,163300.0,instagram,ecuador,False,2024,Beauty&Fashion,MAPPED,,
83,Gonzalo Plata @gonzalo_plata20,544000.0,9.66,Ecuador,,163200.0,instagram,ecuador,False,2024,,,,
84,Renata Mosquera Beauty Center @rmdbeautycenter,541300.0,,Ecuador,Beauty and Self Care Actors Virtualization,162400.0,instagram,ecuador,False,2024,Beauty&Fashion,MAPPED,,
85,ARIANNA GUILLÉN 🇪🇨👁 @ariannaguillenmakeup,540400.0,12.68,Ecuador,Beauty and Self Care,162100.0,instagram,ecuador,False,2024,Beauty&Fashion,MAPPED,,
86,Kelly Bustamante ☀️ @kellybustamante_,522500.0,1.94,Ecuador,Fashion and Accessories,156800.0,instagram,ecuador,False,2024,Beauty&Fashion,MAPPED,,
87,Fuull Farándula @fuullfarandula,521400.0,0.09,Ecuador,News Actors,156400.0,instagram,ecuador,False,2024,Knowledge&Info,MAPPED,,
88,Romina Calderon de Sánchez @rominitacg,518500.0,0.23,Ecuador,Entertainment and Music Parenting Actors Virtualization,155500.0,instagram,ecuador,False,2024,Tech&Gaming,MAPPED,,
89,FLOR MARIA PALOMEQUE @mofletv,514700.00000000006,0.16,Ecuador,Acting and Drama Entertainment and Music Marketing and Advertising Actors,154400.0,instagram,ecuador,False,2024,Knowledge&Info,MAPPED,,
90,Sin Senos Sí Hay Paraíso @sinsenosihay,512500.0,0.6,Ecuador,Entertainment and Music Actors,153700.0,instagram,ecuador,False,2024,Music,MAPPED,,
91,Leonardo Campana R @leonardocampana,512300.0,11.88,Ecuador,Sports,153700.0,instagram,ecuador,False,2024,Sports,MAPPED,,
92,Dalo Bucaram @daloxhecho,504100.0,1.46,Ecuador,Education family Parenting Actors,151200.0,instagram,ecuador,False,2024,Knowledge&Info,MAPPED,,
93,Cynthia Naveda Ferrin @cynthianaveda,500200.0,0.22,Ecuador,Entertainment and Music,150100.0,instagram,ecuador,False,2024,Music,MAPPED,,
94,🎈PEPE TOLA @pepetola,500000.0,4.34,Ecuador,Life and Society Parenting Actors,150000.0,instagram,ecuador,False,2024,Knowledge&Info,MAPPED,,
95,Yilda Banchón @yildaoficial,488300.0,1.64,Ecuador,Art,146500.0,instagram,ecuador,False,2024,Lifestyle,MAPPED,,
96,Marcelo Freire @marce_freire,484300.0,0.02,Ecuador,Entertainment and Music,145300.0,instagram,ecuador,False,2024,Music,MAPPED,,
97,Katty Garcia @kattygarciam,481100.0,0.22,Ecuador,Fashion and Accessories Celebrity,144300.0,instagram,ecuador,False,2024,Beauty&Fashion,MAPPED,,
98,Genesis Marquinez @genemarquinez,477300.0,3.82,Ecuador,,143200.0,instagram,ecuador,False,2024,,,,
99,Arturo Leon Esteves @leon_arturo_,475800.0,1.02,Ecuador,Actors Modeling,142700.0,instagram,ecuador,False,2024,Beauty&Fashion,MAPPED,,
100,VIP NOTICIAS EC @vipnoticiasec,471000.0,0.2,Ecuador,Actors Virtualization,141300.0,instagram,ecuador,False,2024,Tech&Gaming,MAPPED,,
1,Mohamed Salah @mosalah,63500000.0,1.37,Egypt,Sports,19000000.0,instagram,egypt,False,2024,Sports,MAPPED,,
2,Tamer Hosny @tamerhosny,32300000.0,0.27,Egypt,Entertainment and Music Celebrity Singer Music,9700000.0,instagram,egypt,False,2024,Music,MAPPED,,
3,Mohamed Ramadan @mohamedramadanws,30700000.0,0.04,Egypt,Entertainment and Music Actors,9200000.0,instagram,egypt,False,2024,Music,MAPPED,,
4,Amr Diab @amrdiab,23900000.0,0.07,Egypt,Entertainment and Music Music Singer Songwriting,7200000.0,instagram,egypt,False,2024,Music,MAPPED,,
5,Yasmine Sabri @yasmine_sabri,21600000.0,0.77,Egypt,Acting and Drama Actors Lifestyle,6500000.0,instagram,egypt,False,2024,Entertainment,MAPPED,,
6,Hannah El-Zahed @hannahelzahed,20200000.0,1.26,Egypt,Entertainment and Music Modeling,6100000.0,instagram,egypt,False,2024,Beauty&Fashion,MAPPED,,
7,Ahmed Helmy @ahmedhelmy,18300000.0,0.37,Egypt,Entertainment and Music Celebrity Lifestyle Actors,5500000.0,instagram,egypt,False,2024,Music,MAPPED,,
8,هيفاء حسوني Haifa Hassony @haifa_hassony,17200000.0,0.93,Egypt,Entertainment and Music Modeling,5100000.0,instagram,egypt,False,2024,Beauty&Fashion,MAPPED,,
9,Donia Samir Ghanem @donia.samir.ghanem,15100000.0,0.44,Egypt,Entertainment and Music family Celebrity Actors,4500000.0,instagram,egypt,False,2024,Music,MAPPED,,
10,Rania Ibrahem | رانيا ابراهيم @rania_world,13400000.0,0.86,Egypt,Fashion and Accessories Romance and Wedding,4000000.0,instagram,egypt,False,2024,Beauty&Fashion,MAPPED,,
11,Ayten Amer @aytenamer,12900000.0,0.15,Egypt,Acting and Drama Celebrity Music Actors,3900000.0,instagram,egypt,False,2024,Music,MAPPED,,
12,Heba Magdi @heba_magdi,12900000.0,0.42,Egypt,Acting and Drama Celebrity Music Actors,3900000.0,instagram,egypt,False,2024,Music,MAPPED,,
13,Ramez Galal @ramezgalalac,12600000.0,0.63,Egypt,Celebrity Art Actors,3800000.0,instagram,egypt,False,2024,Entertainment,MAPPED,,
14,Mohamed Hamaki @hamaki,12400000.0,0.23,Egypt,Entertainment and Music Music Singer,3700000.0,instagram,egypt,False,2024,Music,MAPPED,,
15,Sherine Abdel-Wahab @sherine,12200000.0,1.43,Egypt,Celebrity Singer Music Actors,3600000.0,instagram,egypt,False,2024,Music,MAPPED,,
16,Mohamed Emam • محمد إمام @mohamedemam,12000000.0,0.98,Egypt,Entertainment and Music Celebrity Actors Modeling,3600000.0,instagram,egypt,False,2024,Beauty&Fashion,MAPPED,,
17,Dina Elsherbiny @dinaelsherbinyy,11100000.0,0.64,Egypt,Celebrity Modeling,3300000.0,instagram,egypt,False,2024,Beauty&Fashion,MAPPED,,
18,Kinda Alloush كندة علوش. @kindaalloush,10800000.0,0.32,Egypt,Acting and Drama Celebrity Modeling Actors,3200000.0,instagram,egypt,False,2024,Beauty&Fashion,MAPPED,,
19,Ghada Abdelrazek @ghadaabdelrazek,10700000.0,0.15,Egypt,Celebrity Actors Modeling Music,3200000.0,instagram,egypt,False,2024,Beauty&Fashion,MAPPED,,
20,Al Ahly SC @alahlyegypt,10100000.0,0.81,Egypt,Sports Entertainment and Music Soccer,3000000.0,instagram,egypt,False,2024,Sports,MAPPED,,
21,𝓜𝓪𝓲 𝓔𝔃𝔃 𝓔𝓵𝓭𝓲𝓷 @maiezzeldin,10100000.0,0.69,Egypt,Acting and Drama Celebrity,3000000.0,instagram,egypt,False,2024,Entertainment,MAPPED,,
22,Ramadan Sobhy @ramadansobhi51,10000000.0,0.2,Egypt,Soccer,3000000.0,instagram,egypt,False,2024,Sports,MAPPED,,
23,Amy Samir Ghanem @amysamirghanem,8900000.0,0.88,Egypt,Actors,2700000.0,instagram,egypt,False,2024,Entertainment,MAPPED,,
24,محمد ابوتريكة @aboutrikamohammed,8700000.0,3.0,Egypt,Sports Soccer,2600000.0,instagram,egypt,False,2024,Sports,MAPPED,,
25,Mostafa Khater @moustfakhater,8600000.0,0.17,Egypt,Celebrity Actors,2600000.0,instagram,egypt,False,2024,Entertainment,MAPPED,,
26,نـور الـغندور @nour,8600000.0,0.97,Egypt,Celebrity Actors,2600000.0,instagram,egypt,False,2024,Entertainment,MAPPED,,
27,علي الخالدي _ Ali alkalede @alialkalede,8500000.0,0.51,Egypt,Entertainment and Music Home and Garden,2600000.0,instagram,egypt,False,2024,Music,MAPPED,,
28,Mohamed Henedy @henedythereal,8400000.0,0.66,Egypt,Entertainment and Music Celebrity Modeling,2500000.0,instagram,egypt,False,2024,Beauty&Fashion,MAPPED,,
29,Mona Zaki @monazakiofficial,8100000.0,1.34,Egypt,Acting and Drama Celebrity Dogs Modeling,2400000.0,instagram,egypt,False,2024,Beauty&Fashion,MAPPED,,
30,Hassan El Raddad @hassanelraddad,8100000.0,0.89,Egypt,Entertainment and Music Parenting Actors,2400000.0,instagram,egypt,False,2024,Music,MAPPED,,
31,Nelly Karim @nellykarim_official,7900000.0,0.12,Egypt,Entertainment and Music family Celebrity Actors,2400000.0,instagram,egypt,False,2024,Music,MAPPED,,
32,Mohammed Usama Osos @osossssssss,7800000.0,0.16,Egypt,Celebrity Lifestyle,2300000.0,instagram,egypt,False,2024,Entertainment,MAPPED,,
33,♠️ Ahmed Mekky ♠️ @mekkystyle,7600000.0,2.88,Egypt,Entertainment and Music Celebrity Actors Modeling,2300000.0,instagram,egypt,False,2024,Beauty&Fashion,MAPPED,,
34,Zeina Reda @zeinareda29,7200000.0,0.98,Egypt,Celebrity,2200000.0,instagram,egypt,False,2024,Entertainment,MAPPED,,
35,Riham Hagag @rihamhagag,7100000.0,0.08,Egypt,Celebrity Actors Entertainment Music,2100000.0,instagram,egypt,False,2024,Music,MAPPED,,
36,Ramy Sabry @ramysabry8,7000000.0,0.32,Egypt,Entertainment and Music Music,2100000.0,instagram,egypt,False,2024,Music,MAPPED,,
37,د. أيمن البياع Ayman Albayaa @draymanalbayaa,7000000.0,0.74,Egypt,Celebrities,2100000.0,instagram,egypt,False,2024,Entertainment,MAPPED,,
38,Mohamed Halawa @mhalawaofficial,7000000.0,1.12,Egypt,Food,2100000.0,instagram,egypt,False,2024,Lifestyle,MAPPED,,
39,Amr Khaled عمرو خالد @amrkhaled,6400000.0,0.31,Egypt,Education,1900000.0,instagram,egypt,False,2024,Knowledge&Info,MAPPED,,
40,Hamada Helal @hamadahelaleg,6400000.0,0.54,Egypt,Entertainment and Music,1900000.0,instagram,egypt,False,2024,Music,MAPPED,,
41,Ashraf Abdel Baky @ashrafabdilbaky,6200000.0,0.2,Egypt,Education Arts and Crafts,1900000.0,instagram,egypt,False,2024,Knowledge&Info,MAPPED,,
42,Ahmed ElSaka @ahmedelsakaeg,6200000.0,0.84,Egypt,Outdoor Activity Celebrity Actors,1900000.0,instagram,egypt,False,2024,Sports,MAPPED,,
43,Ahmad Fahmy @ahmadfahmy_official,6000000.0,0.19,Egypt,Acting and Drama Music,1800000.0,instagram,egypt,False,2024,Music,MAPPED,,
44,Mohamed Elneny @elnennym,5800000.0,2.15,Egypt,Sports Soccer,1700000.0,instagram,egypt,False,2024,Sports,MAPPED,,
45,Carmen Soliman @carmensoliman,5600000.0,0.94,Egypt,Art Modeling,1700000.0,instagram,egypt,False,2024,Beauty&Fashion,MAPPED,,
46,Amr Saad @amrsaad.official,5500000.0,0.83,Egypt,Acting and Drama Entertainment and Music Celebrity,1700000.0,instagram,egypt,False,2024,Music,MAPPED,,
47,CBC Egypt @cbcegypt,5400000.0,,Egypt,Entertainment and Music News TV Channel,1600000.0,instagram,egypt,False,2024,Knowledge&Info,MAPPED,,
48,Ramy Gamal @ramygamalmusic,5300000.0,0.39,Egypt,Entertainment and Music Music,1600000.0,instagram,egypt,False,2024,Music,MAPPED,,
49,Amr Youssef @amryoussefofficial,5300000.0,0.22,Egypt,Acting and Drama Celebrity Actors,1600000.0,instagram,egypt,False,2024,Entertainment,MAPPED,,
50,Mai Selim @maiselim,5300000.0,0.11,Egypt,Fashion Singer Modeling Actors,1600000.0,instagram,egypt,False,2024,Beauty&Fashion,MAPPED,,
51,Laila @lailaazaherr11,5300000.0,1.95,Egypt,Acting and Drama Celebrity,1600000.0,instagram,egypt,False,2024,Entertainment,MAPPED,,
52,Rogena - روجينا @rogenaofficial,5100000.0,0.2,Egypt,Acting and Drama Celebrity,1500000.0,instagram,egypt,False,2024,Entertainment,MAPPED,,
53,Ahmed Zaher @ahmedzaherofficial1,5000000.0,0.85,Egypt,Entertainment and Music,1500000.0,instagram,egypt,False,2024,Music,MAPPED,,
54,Menna Fadali 🤍 @manoushafadali,5000000.0,0.82,Egypt,Acting and Drama Celebrity Actors,1500000.0,instagram,egypt,False,2024,Entertainment,MAPPED,,
55,Mr Olympia Big Ramy @big_ramy,4900000.0,0.36,Egypt,Fitness and Health Health & Fitness Humor Food & Drink,1500000.0,instagram,egypt,False,2024,Sports,MAPPED,,
56,menna_el_sonny|منة السُني @menna_el_sonny,4800000.0,1.72,Egypt,Travel Fashion and Accessories Modeling Lifestyle,1400000.0,instagram,egypt,False,2024,Beauty&Fashion,MAPPED,,
57,Amina Khalil @aminakhalilofficial,4700000.0,0.88,Egypt,Fashion and Accessories Beauty and Self Care Celebrity Actors,1400000.0,instagram,egypt,False,2024,Beauty&Fashion,MAPPED,,
58,Mahmoud Trezeguet Official @mahmoudtrezeguet,4600000.0,2.2,Egypt,,1400000.0,instagram,egypt,False,2024,,,,
59,احمد العوضي_ Ahmed Elawady @ahmed.elawady,4600000.0,0.86,Egypt,Acting and Drama Fitness and Health Training Coaching,1400000.0,instagram,egypt,False,2024,Sports,MAPPED,,
60,FilGoal @filgoal,4500000.0,0.11,Egypt,Sports News Video Games Modeling,1400000.0,instagram,egypt,False,2024,Sports,MAPPED,,
61,Randa Elbehairy @randaelbehairyofficial,4500000.0,0.06,Egypt,Entertainment and Music Romance and Wedding Celebrity Modeling,1400000.0,instagram,egypt,False,2024,Beauty&Fashion,MAPPED,,
62,محمد الشرنوبي @sharnouby,4500000.0,1.2,Egypt,Acting and Drama Entertainment and Music Celebrity Music,1400000.0,instagram,egypt,False,2024,Music,MAPPED,,
63,Hana Shiha @hanashiha,4200000.0,0.06,Egypt,Acting and Drama Arts and Crafts Celebrity Actors,1300000.0,instagram,egypt,False,2024,Entertainment,MAPPED,,
64,Khaled Youssef @khaledyoussef_official,4100000.0,0.29,Egypt,Fashion,1200000.0,instagram,egypt,False,2024,Beauty&Fashion,MAPPED,,
65,Amal Reda | أمال رضا @amal_aboalmgd,4000000.0,3.78,Egypt,Celebrity,1200000.0,instagram,egypt,False,2024,Entertainment,MAPPED,,
66,Rania Youssef @raniayoussef_,4000000.0,0.54,Egypt,Celebrity Modeling,1200000.0,instagram,egypt,False,2024,Beauty&Fashion,MAPPED,,
67,Ghada Adel @ghadaadel1,3900000.0,0.14,Egypt,Actors,1200000.0,instagram,egypt,False,2024,Entertainment,MAPPED,,
68,Abdulhalim Barakat @haleem_official,3900000.0,2.37,Egypt,Acting and Drama Upskilling Celebrity Lifestyle,1200000.0,instagram,egypt,False,2024,Knowledge&Info,MAPPED,,
69,Asser Yassin ♣️ @asser_yassin,3800000.0,0.91,Egypt,Acting and Drama Celebrity Modeling,1100000.0,instagram,egypt,False,2024,Beauty&Fashion,MAPPED,,
70,Dhafer L'Abidine ظافر العابدين @dhaferlabidine,3800000.0,1.4,Egypt,Modeling Actors,1100000.0,instagram,egypt,False,2024,Beauty&Fashion,MAPPED,,
71,Angham @anghamofficial,3700000.0,0.37,Egypt,,1100000.0,instagram,egypt,False,2024,,,,
72,Heidy Karam @heidykaram,3600000.0,0.19,Egypt,Acting and Drama,1100000.0,instagram,egypt,False,2024,Entertainment,MAPPED,,
73,Bassem Youssef @bassem,3600000.0,0.12,Egypt,Celebrity Music Film Actors,1100000.0,instagram,egypt,False,2024,Music,MAPPED,,
74,Hany Shaker @hanyshaker,3500000.0,0.24,Egypt,Entertainment and Music Medical Health,1100000.0,instagram,egypt,False,2024,Knowledge&Info,MAPPED,,
75,Youssra يسرا @youssra,3500000.0,0.3,Egypt,Arts and Crafts Entertainment and Music Romance and Wedding Celebrity,1000000.0,instagram,egypt,False,2024,Beauty&Fashion,MAPPED,,
76,Darine Haddad @dareen_haddad,3400000.0,0.32,Egypt,Acting and Drama Actors,1000000.0,instagram,egypt,False,2024,Entertainment,MAPPED,,
77,Mona Elshazly - منى الشاذلي @monaelshazly.official,3400000.0,0.09,Egypt,Entertainment and Music,1000000.0,instagram,egypt,False,2024,Music,MAPPED,,
78,Reham Ayman @rehamayman,3400000.0,0.54,Egypt,Acting and Drama Celebrity Actors,1000000.0,instagram,egypt,False,2024,Entertainment,MAPPED,,
79,Salma abdelazeem @salma_abdelazeem66,3400000.0,2.89,Egypt,Fashion and Accessories,1000000.0,instagram,egypt,False,2024,Beauty&Fashion,MAPPED,,
80,محمد عادل @mohamed.adil,3300000.0,4.8,Egypt,Acting and Drama,1000000.0,instagram,egypt,False,2024,Entertainment,MAPPED,,
81,ahmed hegazy @ahmedhegazy6,3300000.0,2.09,Egypt,Soccer Sports,994300.0,instagram,egypt,False,2024,Sports,MAPPED,,
82,Huda Elmufti @hudaelmufti,3200000.0,1.05,Egypt,Education Upskilling Celebrity Modeling,969600.0,instagram,egypt,False,2024,Beauty&Fashion,MAPPED,,
83,Dina Fouad دينا فؤاد @dinafouad.official,3200000.0,0.66,Egypt,Acting and Drama Entertainment and Music Romance and Wedding Celebrity,966300.0,instagram,egypt,False,2024,Beauty&Fashion,MAPPED,,
84,Dr.Nour @dr.nour.dentist,3200000.0,1.02,Egypt,Beauty and Self Care Health and Medical Services,964800.0,instagram,egypt,False,2024,Beauty&Fashion,MAPPED,,
85,Asmaa Galal أسماء جلال @asmaa_galal,3200000.0,1.68,Egypt,Life and Society Celebrity Modeling,959400.0,instagram,egypt,False,2024,Beauty&Fashion,MAPPED,,
86,Tamer Ashour @tamerashourofficial,3200000.0,0.94,Egypt,Entertainment and Music Singer Music Songwriting,958600.0,instagram,egypt,False,2024,Music,MAPPED,,
87,خالد انور - khaled Anwar @khaledanwarr,3200000.0,0.96,Egypt,Celebrity Modeling Fashion Design,948200.0,instagram,egypt,False,2024,Beauty&Fashion,MAPPED,,
88,Mariam Seif | مريم سيف @mariamseiif,3100000.0,5.36,Egypt,Auto and Vehicles,944500.0,instagram,egypt,False,2024,Tech&Gaming,MAPPED,,
89,دوللي شاهين @dollyshahine,3100000.0,0.08,Egypt,Art Fashion Music,938600.0,instagram,egypt,False,2024,Beauty&Fashion,MAPPED,,
90,Saad Samir @saadssamirr20,3100000.0,0.86,Egypt,,934600.0,instagram,egypt,False,2024,,,,
91,Salma Abu Deif @salmaabudeif,3100000.0,0.84,Egypt,Celebrity Modeling Hair & Beauty Celebrities,932100.0,instagram,egypt,False,2024,Beauty&Fashion,MAPPED,,
92,Ahmed.elshobokshy.official @elshobokshy.1,3100000.0,0.13,Egypt,Acting and Drama Entertainment and Music,932000.0,instagram,egypt,False,2024,Music,MAPPED,,
93,Hassan El Shafei @hassanelshafei,3100000.0,0.45,Egypt,Entertainment and Music Arts and Crafts Music Actors,925400.0,instagram,egypt,False,2024,Music,MAPPED,,
94,W E G Z ® | ويجز @wegzofficial,3100000.0,4.51,Egypt,Entertainment and Music,920000.0,instagram,egypt,False,2024,Music,MAPPED,,
95,مي كساب @maikassab,3000000.0,0.1,Egypt,Band,914700.0,instagram,egypt,False,2024,Music,MAPPED,,
96,Yosra El Lozy @yosraellozyofficial,3000000.0,0.8,Egypt,Acting and Drama,906100.0,instagram,egypt,False,2024,Entertainment,MAPPED,,
97,Amr Warda @ammrwardda,3000000.0,0.16,Egypt,Celebrity,894000.0,instagram,egypt,False,2024,Entertainment,MAPPED,,
98,Ahmed Dawood - أحمد داود @adawoodofficial,3000000.0,0.11,Egypt,Acting and Drama Celebrity Actors Modeling,885100.0,instagram,egypt,False,2024,Beauty&Fashion,MAPPED,,
99,Wafaa Elkilany وفاء الكيلاني @elkilanywafaa,2900000.0,0.6,Egypt,Entertainment and Music TV Host,876100.0,instagram,egypt,False,2024,Music,MAPPED,,
100,Mariam Hussein/مريم حسين @mariamhusseinofficial,2800000.0,0.12,Egypt,Acting and Drama Entertainment and Music Fashion and Accessories Music,844900.0,instagram,egypt,False,2024,Beauty&Fashion,MAPPED,,
1,Nayib Bukele @nayibbukele,5400000.0,3.66,El Salvador,Actors,1600000.0,instagram,el-salvador,False,2024,Entertainment,MAPPED,,
2,Carlos lopez portillo @lopeztips53,3500000.0,0.16,El Salvador,Education Marketing and Advertising,1000000.0,instagram,el-salvador,False,2024,Knowledge&Info,MAPPED,,
3,Eden Levine @eden__levine,2100000.0,0.17,El Salvador,Beauty and Self Care Travel Fashion and Accessories Fitness and Health,635600.0,instagram,el-salvador,False,2024,Sports,MAPPED,,
4,Elsy Guevara @elsyguevara,1400000.0,4.8,El Salvador,Fashion and Accessories Hair & Beauty Celebrities Design,416400.0,instagram,el-salvador,False,2024,Beauty&Fashion,MAPPED,,
5,Sisy Guzmán @sisygarcia4,1400000.0,0.84,El Salvador,Romance and Wedding Life and Society Actors,414300.0,instagram,el-salvador,False,2024,Beauty&Fashion,MAPPED,,
6,Elizabeth Cader @elizabethcader,933500.0,1.13,El Salvador,Beauty,280000.0,instagram,el-salvador,False,2024,Beauty&Fashion,MAPPED,,
7,Zully Rodríguez @zullyrodriguezm,893100.0,0.5,El Salvador,Sports Virtualization Actors,267900.0,instagram,el-salvador,False,2024,Sports,MAPPED,,
8,Ciproshow @ciproshow,892800.0,1.58,El Salvador,Entertainment and Music Actors Journalists,267800.0,instagram,el-salvador,False,2024,Knowledge&Info,MAPPED,,
9,Adriana Daabub @adhasbun,821800.0,6.22,El Salvador,Beauty and Self Care,246500.0,instagram,el-salvador,False,2024,Beauty&Fashion,MAPPED,,
10,✨ J O S S Y ✨ @joselinmartinezz98,690500.0,5.2,El Salvador,,207100.0,instagram,el-salvador,False,2024,,,,
11,SIVAR ES HUMOR® @sivareshumor,677300.0,2.1,El Salvador,Funny Entertainment and Music Life and Society,203200.0,instagram,el-salvador,False,2024,Knowledge&Info,MAPPED,,
12,Gaby 👑 @gabyosvel,674400.0,1.01,El Salvador,,202300.0,instagram,el-salvador,False,2024,,,,
13,Irene Castillo @irenecastillotv,593500.0,0.97,El Salvador,Actors Journalists,178000.0,instagram,el-salvador,False,2024,Knowledge&Info,MAPPED,,
14,Alejandra Bernal @_alebernal,560500.0,1.12,El Salvador,Beauty and Self Care,168200.0,instagram,el-salvador,False,2024,Beauty&Fashion,MAPPED,,
15,Lore @lorenmenjivar,544800.0,1.07,El Salvador,Fitness Journalists,163400.0,instagram,el-salvador,False,2024,Sports,MAPPED,,
16,ESTE MAJE - SV ®🇸🇻 @estemaje_sv,530600.0,1.6,El Salvador,,159200.0,instagram,el-salvador,False,2024,,,,
17,Sebastian Melrose @sebmelrose,527300.0,2.46,El Salvador,Auto and Vehicles Outdoor Activity Sports,158200.0,instagram,el-salvador,False,2024,Sports,MAPPED,,
18,Silvia Santamaria @tutysantamaria,525100.0,0.78,El Salvador,family Pets Actors,157500.0,instagram,el-salvador,False,2024,Entertainment,MAPPED,,
19,Johanna Maybelline Ortega @jmaybs_,507100.0,0.97,El Salvador,Beauty and Self Care Hair & Beauty Celebrities DIY & Crafts,152100.0,instagram,el-salvador,False,2024,Beauty&Fashion,MAPPED,,
20,Camilo Pugliato @pugliato,506400.0,3.12,El Salvador,,151900.0,instagram,el-salvador,False,2024,,,,
21,Michelle alvanez @michell13_11,500300.0,6.38,El Salvador,Romance and Wedding,150100.0,instagram,el-salvador,False,2024,Beauty&Fashion,MAPPED,,
22,LARISSA VEGA GRANIELLO @larissagraniello,463900.0,1.29,El Salvador,Fashion and Accessories Actors Virtualization Humor,139200.0,instagram,el-salvador,False,2024,Beauty&Fashion,MAPPED,,
23,Somaya Reece @somayareece,461000.0,0.14,El Salvador,Fashion and Accessories Business and Finance Entrepreneur Business,138300.0,instagram,el-salvador,False,2024,Beauty&Fashion,MAPPED,,
24,Madeline Guardado @madelineguarda2,437400.0,1.5,El Salvador,Entertainment and Music Marketing and Advertising Actors,131200.0,instagram,el-salvador,False,2024,Knowledge&Info,MAPPED,,
25,Tio Frank (Francisco Trejo) @tiofrank_,424100.0,2.36,El Salvador,,127200.0,instagram,el-salvador,False,2024,,,,
26,Celina Molina @celinaz_m,416800.0,1.41,El Salvador,,125000.0,instagram,el-salvador,False,2024,,,,
27,Brenda Contreras Gutiérrez @brendacontreras9,414800.0,0.88,El Salvador,Finance family Business and Finance Actors,124400.0,instagram,el-salvador,False,2024,Knowledge&Info,MAPPED,,
28,ANGIE BELTRAN @angie__beltran9,410600.0,9.77,El Salvador,,123200.0,instagram,el-salvador,False,2024,,,,
29,Maria Alger @majo_alger,403000.0,0.36,El Salvador,Fitness and Health,120900.0,instagram,el-salvador,False,2024,Sports,MAPPED,,
30,#MemesElSalvador @memeselsalvador,399300.0,2.15,El Salvador,,119800.0,instagram,el-salvador,False,2024,,,,
31,Paz Cornu @pazcornu,393400.0,0.18,El Salvador,Fashion and Accessories Home and Garden Modeling,118000.0,instagram,el-salvador,False,2024,Beauty&Fashion,MAPPED,,
32,¡Las Mejores Frases! @amoresdeparejas,382000.0,0.56,El Salvador,Romance and Wedding,114600.0,instagram,el-salvador,False,2024,Beauty&Fashion,MAPPED,,
33,❤🌻Genessis Martínez 🌻❤ @genessismartinez.4,378200.0,0.1,El Salvador,Fitness and Health Music Actors,113400.0,instagram,el-salvador,False,2024,Sports,MAPPED,,
34,jeimi gonzales @jeimi_gonzaleshn,373400.0,0.63,El Salvador,,112000.0,instagram,el-salvador,False,2024,,,,
35,Luciana Sandoval @lucianasandovalsv,373000.0,1.14,El Salvador,Fashion and Accessories Education Marketing and Advertising Actors,111900.0,instagram,el-salvador,False,2024,Beauty&Fashion,MAPPED,,
36,Danyi Palencia @danyipalencia26,369400.0,0.33,El Salvador,,110800.0,instagram,el-salvador,False,2024,,,,
37,Christian Maldonado @christianjmaldonado,368900.0,38.48,El Salvador,,110700.0,instagram,el-salvador,False,2024,,,,
38,Telenovelas @infonovelas,363600.0,0.64,El Salvador,News Actors,109100.0,instagram,el-salvador,False,2024,Knowledge&Info,MAPPED,,
39,Rivera 503🇸🇻 @karen_rivera2323,358700.0,0.3,El Salvador,,107600.0,instagram,el-salvador,False,2024,,,,
40,Carlos Castillo @thenostalgiclatino,358200.0,2.23,El Salvador,,107400.0,instagram,el-salvador,False,2024,,,,
41,R O S Y A L B E R T O💕 @rosyalbertotv,357700.0,0.34,El Salvador,Fashion,107300.0,instagram,el-salvador,False,2024,Beauty&Fashion,MAPPED,,
42,Linda Cruz @lindacruztv,350700.0,0.81,El Salvador,Acting and Drama Travel Life and Society Marketing and Advertising,105200.0,instagram,el-salvador,False,2024,Knowledge&Info,MAPPED,,
43,Ely Recinos @elyrecinos,344000.0,0.43,El Salvador,Entertainment and Music family Fitness and Health Actors,103200.0,instagram,el-salvador,False,2024,Sports,MAPPED,,
44,Abigail Mancia @abby_villa20,338500.0,7.87,El Salvador,Entertainment and Music,101600.0,instagram,el-salvador,False,2024,Music,MAPPED,,
45,Curly Velasquez @thecurlyvshow,337400.0,0.84,El Salvador,Beauty and Self Care Entertainment and Music Modeling Actors,101200.0,instagram,el-salvador,False,2024,Beauty&Fashion,MAPPED,,
46,Yessica Carcamo @yessicarcamo,328900.0,2.76,El Salvador,Finance,98700.0,instagram,el-salvador,False,2024,Knowledge&Info,MAPPED,,
47,Paola Orantes @paolaorantessv,316100.0,0.95,El Salvador,Entertainment and Music Actors Virtualization Journalists,94800.0,instagram,el-salvador,False,2024,Knowledge&Info,MAPPED,,
48,karencita @karen_cuellar00,309000.0,2.44,El Salvador,Art,92700.0,instagram,el-salvador,False,2024,Lifestyle,MAPPED,,
49,JOSÉ MANUEL MARROQUÍN @howeverandever,303900.0,0.01,El Salvador,,91200.0,instagram,el-salvador,False,2024,,,,
50,@chalatecasbellezas,303700.0,0.6,El Salvador,Beauty and Self Care,91100.0,instagram,el-salvador,False,2024,Beauty&Fashion,MAPPED,,
51,🇲 🇦 🇱 🇻 🇦 🇸 🇦 🇷 🇦 @malvasara,294800.0,0.14,El Salvador,Fashion Styling Lifestyle,88400.0,instagram,el-salvador,False,2024,Beauty&Fashion,MAPPED,,
52,Roberto Acosta @robertoacostatv,294800.0,0.52,El Salvador,Entertainment and Music Soccer Actors,88400.0,instagram,el-salvador,False,2024,Sports,MAPPED,,
53,evamariabarboza @evitamaria2122,292500.0,0.01,El Salvador,Business and Finance Celebrity Art Fashion,87700.0,instagram,el-salvador,False,2024,Beauty&Fashion,MAPPED,,
54,MAMÁ | VIAJES | SUEÑOS @marisolgomez_tv,283300.0,0.25,El Salvador,Entertainment and Music Travel Marketing and Advertising Actors,85000.0,instagram,el-salvador,False,2024,Knowledge&Info,MAPPED,,
55,اكسجينى ♥✋ @oxgeney_tweets,278500.0,0.9,El Salvador,,83500.0,instagram,el-salvador,False,2024,,,,
56,Alejandra Ochoa @alele8a_,268200.0,0.48,El Salvador,Actors,80500.0,instagram,el-salvador,False,2024,Entertainment,MAPPED,,
57,✈ GRACIAS POR DARNOS ALAS SL ✈ @portal_soyluna_la,261300.0,0.13,El Salvador,Actors Modeling Fashion,78400.0,instagram,el-salvador,False,2024,Beauty&Fashion,MAPPED,,
58,Yoselin Portillo @yoseline__e,261300.0,0.66,El Salvador,,78400.0,instagram,el-salvador,False,2024,,,,
59,Andrea Mariona de Flores @andrea_mariona,253900.0,0.98,El Salvador,Entertainment and Music Life and Society Events Actors,76200.0,instagram,el-salvador,False,2024,Knowledge&Info,MAPPED,,
60,Yeimy L Merlos @yeimymerlos_007,251400.0,1.13,El Salvador,,75400.0,instagram,el-salvador,False,2024,,,,
61,Y O U R S T R U L Y 🌻🇸🇻 @yt.michellexx,247900.0,2.2,El Salvador,Entertainment Singer Modeling,74400.0,instagram,el-salvador,False,2024,Beauty&Fashion,MAPPED,,
62,Raquel Ayala 🇸🇻/🇵🇷 @909_raquel,245400.0,4.8,El Salvador,Music Modeling,73600.0,instagram,el-salvador,False,2024,Beauty&Fashion,MAPPED,,
63,Kike Argueta @wichitosv,234100.0,1.9,El Salvador,,70200.0,instagram,el-salvador,False,2024,,,,
64,iFrases @ifraseguty,234100.0,3.14,El Salvador,Romance and Wedding,70200.0,instagram,el-salvador,False,2024,Beauty&Fashion,MAPPED,,
65,Besy Ramos @bessy_ramosoficial4k,233600.0,4.12,El Salvador,,70100.0,instagram,el-salvador,False,2024,,,,
66,Pamela Zelaya @pameezelaya,231600.0,0.31,El Salvador,Entertainment and Music Marketing and Advertising Actors Virtualization,69500.0,instagram,el-salvador,False,2024,Knowledge&Info,MAPPED,,
67,Descubre El Salvador @descubreelsalvador,230400.0,1.35,El Salvador,Travel,69100.0,instagram,el-salvador,False,2024,Lifestyle,MAPPED,,
68,Jenny Soto @jennysotosv,218200.0,0.92,El Salvador,Actors,65500.0,instagram,el-salvador,False,2024,Entertainment,MAPPED,,
69,Laura Issela @lauraisssela,216500.0,3.94,El Salvador,Entertainment and Music,64900.00000000001,instagram,el-salvador,False,2024,Music,MAPPED,,
70,Hery Henríquez @heryhenriquez,216100.0,0.7,El Salvador,Actors Modeling,64800.0,instagram,el-salvador,False,2024,Beauty&Fashion,MAPPED,,
71,TRADING FOREX ACADEMY @lodfx,209900.0,0.03,El Salvador,Education Finance,63000.0,instagram,el-salvador,False,2024,Knowledge&Info,MAPPED,,
72,Katherine Leveron♥ @kimy_leveron,207600.0,1.66,El Salvador,Actors Virtualization,62300.0,instagram,el-salvador,False,2024,Tech&Gaming,MAPPED,,
73,Elisa Hernández @elisa_hl,207200.0,0.61,El Salvador,Entertainment and Music Marketing and Advertising Actors,62100.0,instagram,el-salvador,False,2024,Knowledge&Info,MAPPED,,
74,Ajazya Herrera @ajazyaherrera,201000.0,10.49,El Salvador,,60300.0,instagram,el-salvador,False,2024,,,,
75,Gordo soyacity @dogor.sv,200800.0,0.58,El Salvador,Entertainment and Music,60200.0,instagram,el-salvador,False,2024,Music,MAPPED,,
76,Cecilia Oviedo @cecilia.l.oviedo2015,200300.0,1.9,El Salvador,Actors Virtualization,60100.0,instagram,el-salvador,False,2024,Tech&Gaming,MAPPED,,
77,Rebeca Alfaro @rebealfaroc,198500.0,0.45,El Salvador,,59600.0,instagram,el-salvador,False,2024,,,,
78,Célida Magaña @celidamagana,197000.0,0.26,El Salvador,family Actors Virtualization Journalists,59100.0,instagram,el-salvador,False,2024,Knowledge&Info,MAPPED,,
79,Maria Elisa Parker @mariaelisaparker,195500.0,0.17,El Salvador,Fashion Actors Modeling,58700.0,instagram,el-salvador,False,2024,Beauty&Fashion,MAPPED,,
80,Issis Argueta @issisarguetahn,195100.0,0.65,El Salvador,Entertainment and Music Actors Journalists Virtualization,58500.0,instagram,el-salvador,False,2024,Knowledge&Info,MAPPED,,
81,July Escobar Ruano @july.escobarr,188200.0,1.06,El Salvador,Beauty and Self Care Fashion and Accessories Marketing and Advertising Lifestyle,56500.0,instagram,el-salvador,False,2024,Beauty&Fashion,MAPPED,,
82,Mónica Casamiquela @monicasamiquela,185700.0,0.6,El Salvador,Actors Virtualization,55700.0,instagram,el-salvador,False,2024,Tech&Gaming,MAPPED,,
83,Carlos Eduardo Ayala 🇸🇻 @carlosayala_hairdesigner,181700.0,0.38,El Salvador,Beauty and Self Care,54500.0,instagram,el-salvador,False,2024,Beauty&Fashion,MAPPED,,
84,Daniela Bracamonte @danibracamonte_,175700.0,1.52,El Salvador,Romance and Wedding,52700.0,instagram,el-salvador,False,2024,Beauty&Fashion,MAPPED,,
85,ingris villalobos @ingris_villalovo,175300.0,0.2,El Salvador,,52600.0,instagram,el-salvador,False,2024,,,,
86,Eduardo miranda @eduardo_mirandasv,174400.0,0.1,El Salvador,Actors,52300.0,instagram,el-salvador,False,2024,Entertainment,MAPPED,,
87,Drinkaholics @drinkaholics_sv,174300.0,0.42,El Salvador,Food Parenting,52300.0,instagram,el-salvador,False,2024,Lifestyle,MAPPED,,
88,Gabriella Izaguirre @gaby_izaguirre_,172800.0,6.13,El Salvador,Sports,51800.0,instagram,el-salvador,False,2024,Sports,MAPPED,,
89,NIKKI ❤️ @nicollefigueroar,172200.0,7.1,El Salvador,,51700.0,instagram,el-salvador,False,2024,,,,
90,Vacil Salvadoreño @vacilsalvadoreno,169900.0,1.88,El Salvador,Entertainment and Music Funny Travel Marketing and Advertising,51000.0,instagram,el-salvador,False,2024,Knowledge&Info,MAPPED,,
91,Stephanie Del Cid @stephaniedelcidtv,169700.0,1.13,El Salvador,Entertainment and Music Actors,50900.0,instagram,el-salvador,False,2024,Music,MAPPED,,
92,Alianza F.C. @alianzafc_sv,169200.0,0.72,El Salvador,Sports Soccer,50800.0,instagram,el-salvador,False,2024,Sports,MAPPED,,
93,Alexandra Guzmán✨ @alexaguzman1,166900.0,1.08,El Salvador,Entertainment and Music Marketing and Advertising Actors Virtualization,50100.0,instagram,el-salvador,False,2024,Knowledge&Info,MAPPED,,
94,Paola Viale @paolaaviale,166600.0,9.33,El Salvador,Fitness and Health,50000.0,instagram,el-salvador,False,2024,Sports,MAPPED,,
95,Giovanni Cruz 🔥 @soyelrickysv,165900.0,2.06,El Salvador,,49800.0,instagram,el-salvador,False,2024,,,,
96,👩🏻‍🔧🇸🇻 @stephaniedrifts,164700.0,6.58,El Salvador,Auto and Vehicles Outdoor Activity,49400.0,instagram,el-salvador,False,2024,Sports,MAPPED,,
97,William Garcia @chivatadasv,163800.0,2.32,El Salvador,Funny,49100.0,instagram,el-salvador,False,2024,Entertainment,MAPPED,,
98,Yessenia Sanchez @krencita_sanchez,159300.0,0.5,El Salvador,Life and Society Events,47800.0,instagram,el-salvador,False,2024,Knowledge&Info,MAPPED,,
99,Sonia Umanzor 🇸🇻 @soniaumanzorsv,157300.0,6.2,El Salvador,Entertainment and Music,47200.0,instagram,el-salvador,False,2024,Music,MAPPED,,
100,Unapologetic Street Series @theunapologeticstreetseries,157100.0,0.29,El Salvador,Arts and Crafts Design Writers,47100.0,instagram,el-salvador,False,2024,Lifestyle,MAPPED,,
1,Valtteri Bottas @valtteribottas,3900000.0,0.56,Finland,Auto and Vehicles Racing,1200000.0,instagram,finland,False,2024,Sports,MAPPED,,
2,Kimi Räikkönen @kimimatiasraikkonen,2900000.0,8.63,Finland,Racing Coaching Photography,879800.0,instagram,finland,False,2024,Sports,MAPPED,,
3,Hydraulic Press Channel @hydraulicpresschannel,1700000.0,1.9,Finland,DIY and Life Hacks,524200.00000000006,instagram,finland,False,2024,Lifestyle,MAPPED,,
4,Nude Yoga Girl @nude_yogagirl,1500000.0,2.68,Finland,Fitness and Health Arts and Crafts,439200.0,instagram,finland,False,2024,Sports,MAPPED,,
5,Heikala @heikala,1300000.0,1.52,Finland,Arts and Crafts Illustrator Design,400200.0,instagram,finland,False,2024,Lifestyle,MAPPED,,
6,IDA JEMINA KUJANPÄÄ @idajemina,893600.0,1.47,Finland,Fitness and Health Training Coaching,268100.0,instagram,finland,False,2024,Sports,MAPPED,,
7,Pongfinity @pongfinity,818100.0,10.34,Finland,Games Celebrity Tennis,245400.0,instagram,finland,False,2024,Sports,MAPPED,,
8,Uma | Engagement Rings @oorejewelry,720800.0,6.01,Finland,,216200.0,instagram,finland,False,2024,,,,
9,Ala Tokel @alatokell,600600.0,3.18,Finland,Beauty and Self Care Public Figure,180200.0,instagram,finland,False,2024,Beauty&Fashion,MAPPED,,
10,jukka hilden @jukkadudeson,514900.0,0.88,Finland,Music Modeling Actors,154500.0,instagram,finland,False,2024,Beauty&Fashion,MAPPED,,
11,The Iceman | F1 Formula 1 Page @kimi_raikkonen_kr7,513600.0,4.63,Finland,Entertainment and Music Sports Racing Cars,154100.0,instagram,finland,False,2024,Sports,MAPPED,,
12,Sara Puhto @saggysara,430400.0,4.75,Finland,Beauty and Self Care Coaching Training,129100.0,instagram,finland,False,2024,Beauty&Fashion,MAPPED,,
13,Tarja Turunen @tarjaofficial,427600.0,4.1,Finland,Music Songwriting Singer,128300.0,instagram,finland,False,2024,Music,MAPPED,,
14,Teemu Selanne @sel8nneteemu,411900.0,3.69,Finland,Sports,123600.0,instagram,finland,False,2024,Sports,MAPPED,,
15,الاعلامي مرتضى بداي العطوانيほ @mr_tz82,409300.0,,Finland,,122800.0,instagram,finland,False,2024,,,,
16,Isac Elliot @isacelliot,404700.0,1.6,Finland,Entertainment and Music Automotive Modeling,121400.0,instagram,finland,False,2024,Beauty&Fashion,MAPPED,,
17,Moomin @moominofficial,384400.0,1.83,Finland,Animation and Cosplay Food and Drink,115300.0,instagram,finland,False,2024,Tech&Gaming,MAPPED,,
18,Josh Sundquist @joshsundquist,380200.0,5.7,Finland,Celebrity,114100.0,instagram,finland,False,2024,Entertainment,MAPPED,,
19,Ossi Saarinen @soosseli,375600.0,4.93,Finland,Nature Animals,112700.0,instagram,finland,False,2024,Lifestyle,MAPPED,,
20,ROBIN PACKALEN @robinpackalen,375400.0,1.4,Finland,,112600.0,instagram,finland,False,2024,,,,
21,NIKA LEYTINK @leytink,368000.0,0.69,Finland,,110400.0,instagram,finland,False,2024,,,,
22,K a l l e R o v a n p e r ä @kallerovanpera,353100.0,3.57,Finland,Sports Racing Riders Motorcycle Racing,105900.0,instagram,finland,False,2024,Sports,MAPPED,,
23,Lakko @officiallakko,351700.0,4.6,Finland,,105500.0,instagram,finland,False,2024,,,,
24,TINZE @tinzeofficial,346100.0,1.84,Finland,Entertainment and Music Music Events Dance,103800.0,instagram,finland,False,2024,Music,MAPPED,,
25,SANNI @sannivirallinen,340800.0,1.91,Finland,Entertainment and Music,102200.0,instagram,finland,False,2024,Music,MAPPED,,
26,Bebo Al-ansaryi @bebo_alansaryi,333000.0,2.1,Finland,,99900.0,instagram,finland,False,2024,,,,
27,Aku Hirviniemi @akuhirviniemi,328100.0,0.65,Finland,Celebrity,98400.0,instagram,finland,False,2024,Entertainment,MAPPED,,
28,Marko Raassina @marko.raassina,320400.0,17.8,Finland,Arts and Crafts Comics Geek Artist,96100.0,instagram,finland,False,2024,Lifestyle,MAPPED,,
29,Jonna Hyttinen @scandy_girl,305600.0,1.83,Finland,Arts and Crafts Home and Garden Illustrator Drawing,91700.0,instagram,finland,False,2024,Lifestyle,MAPPED,,
30,Janni Hussi @jannihussi,303800.0,2.52,Finland,Auto and Vehicles Entertainment and Music Actors Cooking,91100.0,instagram,finland,False,2024,Tech&Gaming,MAPPED,,
31,Junior maciel 🦅 @juniormaciel,302400.0,1.2,Finland,Soccer,90700.0,instagram,finland,False,2024,Sports,MAPPED,,
32,T I N O S O I N I N E N @tinoshair_tino,295600.0,2.5,Finland,Beauty and Self Care Education,88700.0,instagram,finland,False,2024,Beauty&Fashion,MAPPED,,
33,Fashion| Menswear| Fitness @iammiari,293200.0,0.72,Finland,Fashion and Accessories,88000.0,instagram,finland,False,2024,Beauty&Fashion,MAPPED,,
34,Jarppi Dudeson @jarppidudeson,289400.0,1.41,Finland,,86800.0,instagram,finland,False,2024,,,,
35,Arttu Stenberg @arttustenberg,287300.0,5.0,Finland,Sports,86200.0,instagram,finland,False,2024,Sports,MAPPED,,
36,Jasper Pääkkönen @jasperpaakkonen,282800.0,4.48,Finland,Outdoor Activity Adventure Fishing,84800.0,instagram,finland,False,2024,Sports,MAPPED,,
37,𝙃𝙚𝙧𝙗𝙖𝙡𝙞𝙨𝙩𝙞 🌿 @herbalisti,277800.0,3.09,Finland,,83300.0,instagram,finland,False,2024,,,,
38,Lorenzo Mirandola ■ Lapland @lorenzmira_lapland,273500.0,73.29,Finland,Outdoor Activity Travel Photography,82100.0,instagram,finland,False,2024,Sports,MAPPED,,
39,Veronica Verho @mariieveronicaofficial,268900.0,3.5,Finland,Animals Pets Animals & Pets,80700.0,instagram,finland,False,2024,Lifestyle,MAPPED,,
40,Marianna Mäkelä @mariannnan,267600.0,2.44,Finland,Fashion and Accessories Lifestyle Styling,80300.0,instagram,finland,False,2024,Beauty&Fashion,MAPPED,,
41,Sanni Oksanen🌙 @sannioksanen,265600.0,2.61,Finland,Nature Travel Outdoor Activity Lifestyle,79700.0,instagram,finland,False,2024,Sports,MAPPED,,
42,𝙎𝙪𝙫𝙞 ♡ @myhairstyle_xo,262800.0,0.15,Finland,Beauty and Self Care Styling Hair Salons,78800.0,instagram,finland,False,2024,Beauty&Fashion,MAPPED,,
43,SARA PARIKKA @saraparikka,260700.0,2.0,Finland,Acting and Drama family Education Celebrity,78200.0,instagram,finland,False,2024,Knowledge&Info,MAPPED,,
44,Nini Catarina Nguyên 🦋 @ninninguyen,258400.0,0.36,Finland,Entertainment and Music Lifestyle Styling Celebrities,77500.0,instagram,finland,False,2024,Music,MAPPED,,
45,Leijonat @leijonatfi,257700.0,1.51,Finland,Sports News Ice Hockey,77300.0,instagram,finland,False,2024,Sports,MAPPED,,
46,justimusfilms @justimusfilms,255600.0,2.68,Finland,Entertainment and Music,76700.0,instagram,finland,False,2024,Music,MAPPED,,
47,Sami Hedberg @samihedberg,251200.0,0.35,Finland,Entertainment and Music,75400.0,instagram,finland,False,2024,Music,MAPPED,,
48,StuntFreaksTeam @stuntfreaksteam,246600.0,2.63,Finland,Auto and Vehicles Home and Garden Riders Motorcycle Racing,74000.0,instagram,finland,False,2024,Sports,MAPPED,,
49,Ｒｏｓａ Ｌｉｎｎ @rosalinnmusic,243700.0,3.6,Finland,Entertainment and Music Music,73100.0,instagram,finland,False,2024,Music,MAPPED,,
50,Patrik Laine @patriklaine,237800.0,11.06,Finland,Ice Hockey,71300.0,instagram,finland,False,2024,UNMAPPED,UNMAPPED,,
51,𝐏𝐄𝐓𝐑𝐀 @bangtsikitsiki,231400.0,1.28,Finland,Fashion and Accessories News Hair & Beauty DIY & Crafts,69400.0,instagram,finland,False,2024,Beauty&Fashion,MAPPED,,
52,Apocalyptica @apocalypticaofficial,229200.0,1.85,Finland,Entertainment and Music Music Songwriting Singer,68800.0,instagram,finland,False,2024,Music,MAPPED,,
53,JVG @jvgfi,228000.0,2.4,Finland,,68400.0,instagram,finland,False,2024,,,,
54,Sara Sieppi @sarasieppi,223700.0,3.13,Finland,Education Celebrities,67100.0,instagram,finland,False,2024,Knowledge&Info,MAPPED,,
55,Kinuskikissa @kinuskikissa,222000.0,0.7,Finland,Food Home and Garden News Cooking,66600.0,instagram,finland,False,2024,Knowledge&Info,MAPPED,,
56,Ilona Ylikorpi @ilonaylikorpi,221700.0,2.5,Finland,Photography Arts and Crafts Product Showcase,66500.0,instagram,finland,False,2024,Beauty&Fashion,MAPPED,,
57,miriambryant @miriambryant,219000.0,1.93,Finland,Entertainment and Music Design Music,65700.0,instagram,finland,False,2024,Music,MAPPED,,
58,𝑻𝒐𝒑𝒊 𝒕𝒉𝒆 𝑪𝒐𝒓𝒈𝒊 @topithecorgi,218500.0,3.95,Finland,Animals Pets Home and Garden Dogs,65500.0,instagram,finland,False,2024,Lifestyle,MAPPED,,
59,HS – Helsingin Sanomat @helsinginsanomat,214000.0,1.13,Finland,,64200.0,instagram,finland,False,2024,,,,
60,JEENY DAVID|جينـــي ديفيـــد @jeeny.david1,213700.0,1.3,Finland,Finance,64099.99999999999,instagram,finland,False,2024,Knowledge&Info,MAPPED,,
61,PERNILLA FANNY MATILDA @pernillabockerman,208100.0,3.81,Finland,Fitness and Health Gym Coaching,62400.0,instagram,finland,False,2024,Sports,MAPPED,,
62,Jane Callista @janecallista,207600.0,0.79,Finland,Entertainment and Music Music Singer,62300.0,instagram,finland,False,2024,Music,MAPPED,,
63,Jari-Matti Latvala @jmlatvala,207200.0,3.95,Finland,Racing,62200.0,instagram,finland,False,2024,Sports,MAPPED,,
64,May🔵 @maymoking,196100.0,1.4,Finland,,58800.0,instagram,finland,False,2024,,,,
65,Minna Kalliokulju @mk_maison,195100.0,0.26,Finland,Home and Garden family Moms,58500.0,instagram,finland,False,2024,Lifestyle,MAPPED,,
66,@soikkuyo,194000.0,0.99,Finland,Art Architecture,58200.0,instagram,finland,False,2024,Lifestyle,MAPPED,,
67,Donia @donialuvsu,193900.0,0.65,Finland,"Beauty Travel Adventure Film, Music & Books",58200.0,instagram,finland,False,2024,Sports,MAPPED,,
68,Gulleed bulle 🇫🇮 @gulledsimba,190500.0,5.58,Finland,Art Music Singer,57200.0,instagram,finland,False,2024,Music,MAPPED,,
69,Onni Alstola 🇫🇮 @vloggarionni,189700.0,0.5,Finland,Arts and Crafts,56900.0,instagram,finland,False,2024,Lifestyle,MAPPED,,
70,Oliver Solberg ⚡️ @oliversolberg01,183100.0,2.7,Finland,Outdoor Activity Sports Automotive Racing,54900.0,instagram,finland,False,2024,Sports,MAPPED,,
71,Vappu Pimiä @vappendaali,183000.0,2.8,Finland,Food Business and Finance Moms,54900.0,instagram,finland,False,2024,Knowledge&Info,MAPPED,,
72,RoseShock @roseshock,181800.0,2.9,Finland,Arts and Crafts Business,54500.0,instagram,finland,False,2024,Knowledge&Info,MAPPED,,
73,Daniel Taipale @dansmoe,180400.0,2.32,Finland,Nature Photography Outdoor Activity Adventure,54100.0,instagram,finland,False,2024,Sports,MAPPED,,
74,Jirka Vinse Jonatan Väätäinen @jirkavinse,176800.0,2.14,Finland,Arts and Crafts Illustrator,53000.0,instagram,finland,False,2024,Lifestyle,MAPPED,,
75,TOPI THE DOG. Cheesefluencer @topi_the_dog,173300.0,2.25,Finland,Pets Dogs,52000.0,instagram,finland,False,2024,Lifestyle,MAPPED,,
76,Jussi Ulkuniemi @skwii,172500.0,1.08,Finland,Photography Outdoor Activity Adventure Architecture,51800.0,instagram,finland,False,2024,Sports,MAPPED,,
77,maiju voutilainen (she/her) @maijuvouti,170100.0,2.02,Finland,Fashion and Accessories Arts and Crafts Nature,51000.0,instagram,finland,False,2024,Beauty&Fashion,MAPPED,,
78,Amanda Essen WEAK TO STRONG @svagtillstark,168700.0,8.92,Finland,Fitness and Health Health & Fitness Cooking Food & Drink,50600.0,instagram,finland,False,2024,Sports,MAPPED,,
79,Sointu Borg @sointuorvokki,167500.0,5.98,Finland,Fashion and Accessories Modeling,50300.0,instagram,finland,False,2024,Beauty&Fashion,MAPPED,,
80,Sara Chafak @sarachafak,167200.0,2.35,Finland,Entertainment and Music Celebrity Soccer Modeling,50200.0,instagram,finland,False,2024,Sports,MAPPED,,
81,☆*:.｡. sofia ★･゜ﾟ･*˚✧ @rottenpeachcorpse,166300.0,4.2,Finland,Arts and Crafts,49900.0,instagram,finland,False,2024,Lifestyle,MAPPED,,
82,Maga Musaev @magadidntwakeup,163100.0,3.4,Finland,Sports,48900.0,instagram,finland,False,2024,Sports,MAPPED,,
83,Rayadas @rayadas,162500.0,1.9,Finland,,48800.0,instagram,finland,False,2024,,,,
84,al ѕнaммarι♕ @j93j,162100.0,0.7,Finland,Modeling,48600.0,instagram,finland,False,2024,Beauty&Fashion,MAPPED,,
85,💙زندگی به سبک‌منوباران💙 @baran_taj_,158800.0,5.8,Finland,,47700.0,instagram,finland,False,2024,,,,
86,SNORO @jonisnoro,157600.0,0.17,Finland,Entertainment and Music Music Musicians Songwriting,47300.0,instagram,finland,False,2024,Music,MAPPED,,
87,Jenni Vartiainen @jennivartiainenofficial,157000.0,3.84,Finland,Fashion and Accessories,47100.0,instagram,finland,False,2024,Beauty&Fashion,MAPPED,,
88,Deata @deata,156900.0,1.28,Finland,Entertainment and Music,47100.0,instagram,finland,False,2024,Music,MAPPED,,
89,ABREU @iamabreu,156500.0,5.7,Finland,Nature Outdoor Activity,46900.0,instagram,finland,False,2024,Sports,MAPPED,,
90,venlasavikuja @venlasavikuja,156200.0,0.42,Finland,Acting and Drama Celebrity,46900.0,instagram,finland,False,2024,Entertainment,MAPPED,,
91,Jesse Puljujärvi @puljuuu,155500.0,15.64,Finland,Ice Hockey,46700.0,instagram,finland,False,2024,UNMAPPED,UNMAPPED,,
92,Finland 🇫🇮 Travel | Hotels | Food | Tips @visitingfinland,155400.0,0.39,Finland,Travel Photography Nature,46600.0,instagram,finland,False,2024,Lifestyle,MAPPED,,
93,داليا العبيدي @beauty_box_iq,155400.0,0.23,Finland,Beauty and Self Care Fashion and Accessories,46600.0,instagram,finland,False,2024,Beauty&Fashion,MAPPED,,
94,Mindful of Dreams @mindfulofdreamss,155300.0,11.08,Finland,Arts and Crafts,46600.0,instagram,finland,False,2024,Lifestyle,MAPPED,,
95,Nikola Zujic @nikolazujicfitness,154300.0,0.45,Finland,Fitness Fitness and Health,46300.0,instagram,finland,False,2024,Sports,MAPPED,,
96,Kasperi Kapanen @kasperikapanen1,153400.0,6.14,Finland,Sports Moms Modeling,46000.0,instagram,finland,False,2024,Sports,MAPPED,,
97,Jukka Risikko @jukkarisikko,152600.0,6.68,Finland,Nature Photography Modeling,45800.0,instagram,finland,False,2024,Beauty&Fashion,MAPPED,,
98,Aapo Puhakka Badminton 🏸 @aapopuhakka,151200.0,2.07,Finland,Sports,45400.0,instagram,finland,False,2024,Sports,MAPPED,,
99,Camilla Saloranta | travel and fashion content creator @camillamilja,150200.0,0.38,Finland,family Parenting,45100.0,instagram,finland,False,2024,Lifestyle,MAPPED,,
100,Sami Hyypiä @samihyypia4,148900.0,2.49,Finland,,44700.0,instagram,finland,False,2024,,,,
1,Kylian Mbappé @k.mbappe,111700000.0,2.54,France,Sports Business and Finance Home and Garden Soccer,33500000.0,instagram,france,False,2024,Sports,MAPPED,,
2,Karim Benzema @karimbenzema,76100000.0,1.42,France,Sports Entertainment and Music Soccer,22800000.0,instagram,france,False,2024,Sports,MAPPED,,
3,Urvashi Rautela @urvashirautela,70300000.0,0.34,France,Art Beauty Acting and Drama Beauty and Self Care,21100000.0,instagram,france,False,2024,Beauty&Fashion,MAPPED,,
4,Paul Labile Pogba @paulpogba,61100000.0,0.89,France,Sports,18300000.0,instagram,france,False,2024,Sports,MAPPED,,
5,Antoine Griezmann @antogriezmann,41400000.0,0.34,France,Sports Soccer,12400000.0,instagram,france,False,2024,Sports,MAPPED,,
6,N'Golo Kanté @nglkante,16200000.0,8.56,France,Sports Personal Finance,4900000.0,instagram,france,False,2024,Sports,MAPPED,,
7,Patrice Evra @patrice.evra,13200000.0,0.14,France,Entertainment and Music Video Gaming Soccer Music,3900000.0,instagram,france,False,2024,Sports,MAPPED,,
8,Equipe de France de Football @equipedefrance,11600000.0,0.45,France,Sports,3500000.0,instagram,france,False,2024,Sports,MAPPED,,
9,Eduardo Celmi Camavinga @camavinga,11200000.0,0.11,France,Sports,3400000.0,instagram,france,False,2024,Sports,MAPPED,,
10,Ross Shor Lynch @ross_lynch,11100000.0,5.6,France,Art Parenting Music Singer,3300000.0,instagram,france,False,2024,Music,MAPPED,,
11,Lea Elui G @leaelui,10700000.0,2.49,France,Entertainment and Music,3200000.0,instagram,france,False,2024,Music,MAPPED,,
12,David Guetta @davidguetta,10600000.0,0.65,France,Entertainment and Music Music DJ Producers,3200000.0,instagram,france,False,2024,Music,MAPPED,,
13,Cedric Grolet @cedricgrolet,9600000.0,4.07,France,Food Business and Finance,2900000.0,instagram,france,False,2024,Knowledge&Info,MAPPED,,
14,Nabilla Vergara @nabilla,9100000.0,2.87,France,Beauty and Self Care Modeling Health & Fitness Food & Drink,2700000.0,instagram,france,False,2024,Sports,MAPPED,,
15,Mathilde 🐈‍⬛ @mathildtantot,8900000.0,2.33,France,Fashion and Accessories Bikini Modeling,2700000.0,instagram,france,False,2024,Beauty&Fashion,MAPPED,,
16,Franck Ribéry @franckribery7,8700000.0,2.44,France,Coaching Training Fitness,2600000.0,instagram,france,False,2024,Sports,MAPPED,,
17,Solenn Heussaff @solenn,8700000.0,0.96,France,Fashion and Accessories Arts and Crafts Celebrity Modeling,2600000.0,instagram,france,False,2024,Beauty&Fashion,MAPPED,,
18,Richard ORLINSKI @richardorlinski,7700000.0,3.5,France,Arts and Crafts,2300000.0,instagram,france,False,2024,Lifestyle,MAPPED,,
19,Marie Lopez @enjoyphoenix,6300000.0,0.44,France,Beauty and Self Care Lifestyle Public Figure,1900000.0,instagram,france,False,2024,Beauty&Fashion,MAPPED,,
20,Jessica Garcia @jessicathivenin,6100000.0,0.95,France,Fashion and Accessories Travel Beauty and Self Care Finance,1800000.0,instagram,france,False,2024,Beauty&Fashion,MAPPED,,
21,Samuel Umtiti @samumtiti,6100000.0,0.98,France,Sports Food,1800000.0,instagram,france,False,2024,Sports,MAPPED,,
22,Tiboinshape @tiboinshape,6000000.0,0.74,France,Fitness and Health Celebrity Lifestyle,1800000.0,instagram,france,False,2024,Sports,MAPPED,,
23,Cyprien @6pri1,6000000.0,1.6,France,Celebrity Comedy,1800000.0,instagram,france,False,2024,Entertainment,MAPPED,,
24,Blaise Matuidi @blaisematuidiofficiel,5900000.0,0.68,France,Sports Soccer,1800000.0,instagram,france,False,2024,Sports,MAPPED,,
25,Caroline Receveur 🦂 @carolinereceveur,5600000.0,3.18,France,Beauty and Self Care Fashion and Accessories Business and Finance Entrepreneur,1700000.0,instagram,france,False,2024,Beauty&Fashion,MAPPED,,
26,Hanady @hanadymehanna,5200000.0,3.3,France,Celebrity,1500000.0,instagram,france,False,2024,Entertainment,MAPPED,,
27,Musée du Louvre @museelouvre,5100000.0,0.56,France,Arts and Crafts Education,1500000.0,instagram,france,False,2024,Knowledge&Info,MAPPED,,
28,Lori Harvey @loriharvey,5000000.0,2.86,France,Business and Finance Modeling Actors Creators & Celebrities,1500000.0,instagram,france,False,2024,Beauty&Fashion,MAPPED,,
29,Ninho Sdt @ninhosdt,4900000.0,3.74,France,"Art Entertainment and Music Singer Film, Music & Books",1500000.0,instagram,france,False,2024,Knowledge&Info,MAPPED,,
30,PRESNEL KIMPEMBE @kimpembe3,4800000.0,3.02,France,Sports Soccer,1400000.0,instagram,france,False,2024,Sports,MAPPED,,
31,PIERRE GASLY 🇫🇷 @pierregasly,4700000.0,8.79,France,Sports Racing,1400000.0,instagram,france,False,2024,Sports,MAPPED,,
32,Ahlame Hajji Off - أحلام حجي @ahlame_hajji,4200000.0,0.1,France,Acting and Drama Entertainment and Music,1300000.0,instagram,france,False,2024,Music,MAPPED,,
33,JUL @juldetp,4100000.0,5.67,France,Entertainment and Music Music Singer,1200000.0,instagram,france,False,2024,Music,MAPPED,,
34,Ναtαlία Bαrulίch 🌹 @natalia,4100000.0,1.59,France,Art,1200000.0,instagram,france,False,2024,Lifestyle,MAPPED,,
35,Nathalie Odzierejko @natoogram,4000000.0,1.39,France,Entertainment and Music Lifestyle,1200000.0,instagram,france,False,2024,Music,MAPPED,,
36,Matt Pokora @mattpokora,3900000.0,0.67,France,Entertainment and Music Singer,1200000.0,instagram,france,False,2024,Music,MAPPED,,
37,Belaili mohamed youcef🇩🇿 @belaili_youcef_,3800000.0,3.3,France,Sports,1100000.0,instagram,france,False,2024,Sports,MAPPED,,
38,Stéphanie Durant 🌵 @stephaniedurant,3700000.0,1.81,France,Entertainment and Music,1100000.0,instagram,france,False,2024,Music,MAPPED,,
39,Tony czech @tony_czech,3700000.0,18.8,France,Entertainment and Music Sports,1100000.0,instagram,france,False,2024,Sports,MAPPED,,
40,Berywam @berywam,3700000.0,1.35,France,Entertainment and Music Music Lifestyle,1100000.0,instagram,france,False,2024,Music,MAPPED,,
41,Ferland Mendy @ferland_mendy,3700000.0,5.67,France,Sports Soccer Lifestyle,1100000.0,instagram,france,False,2024,Sports,MAPPED,,
42,LA NAKAMURANCE @ayanakamura_officiel,3600000.0,3.31,France,Entertainment and Music Music Singer,1100000.0,instagram,france,False,2024,Music,MAPPED,,
43,KAMARU USMAN @usman84kg,3600000.0,1.61,France,Fitness and Health Medical Health Music Modeling,1100000.0,instagram,france,False,2024,Sports,MAPPED,,
44,T H E O H E R N Á N D E Z @theo3hernandez,3500000.0,8.91,France,Sports Soccer,1100000.0,instagram,france,False,2024,Sports,MAPPED,,
45,"Kōki, @koki",3400000.0,,France,Fashion Modeling,1000000.0,instagram,france,False,2024,Beauty&Fashion,MAPPED,,
46,Maroua @thedollbeauty,3400000.0,1.67,France,Beauty and Self Care Fashion and Accessories Business and Finance Lifestyle,1000000.0,instagram,france,False,2024,Beauty&Fashion,MAPPED,,
47,Cyril Lignac @cyril_lignac,3300000.0,0.74,France,Food and Drink Lifestyle Modeling Chef,1000000.0,instagram,france,False,2024,Beauty&Fashion,MAPPED,,
48,Emmanuel Macron @emmanuelmacron,3300000.0,1.47,France,Lifestyle Sports Fashion,1000000.0,instagram,france,False,2024,Sports,MAPPED,,
49,Maeva Ghennam @maevaa.ghennam,3300000.0,5.14,France,Beauty and Self Care Business and Finance Television Lifestyle,990000.0,instagram,france,False,2024,Beauty&Fashion,MAPPED,,
50,Iris Mittenaere @irismittenaeremf,3300000.0,3.14,France,Modeling Public Figure,976800.0,instagram,france,False,2024,Beauty&Fashion,MAPPED,,
51,HugoDécrypte @hugodecrypte,3200000.0,3.98,France,Education Lifestyle,971600.0,instagram,france,False,2024,Knowledge&Info,MAPPED,,
52,@carlamoreau_____,3200000.0,1.28,France,Fashion and Accessories Careers Lifestyle,955400.0,instagram,france,False,2024,Beauty&Fashion,MAPPED,,
53,Olivier Giroud @oliviergiroud,3200000.0,6.2,France,Sports,948700.0,instagram,france,False,2024,Sports,MAPPED,,
54,G I M S @gims,3200000.0,1.39,France,Entertainment and Music,946800.0,instagram,france,False,2024,Music,MAPPED,,
55,OM | Olympique de Marseille @olympiquedemarseille,3100000.0,1.27,France,Sports Soccer,942600.0,instagram,france,False,2024,Sports,MAPPED,,
56,Shanna Kress @shannakress83,3100000.0,1.3,France,Art Business and Finance Singer,933500.0,instagram,france,False,2024,Knowledge&Info,MAPPED,,
57,Manon Tanti @manontanti,3000000.0,1.1,France,family Lifestyle Celebrities Hair & Beauty,909500.0,instagram,france,False,2024,Beauty&Fashion,MAPPED,,
58,Omar Sy @omarsyofficial,3000000.0,4.31,France,Art Entertainment and Music Acting and Drama Actors,886600.0,instagram,france,False,2024,Music,MAPPED,,
59,@sananas2106,2900000.0,0.5,France,Fashion and Accessories Beauty and Self Care Travel Lifestyle,878400.0,instagram,france,False,2024,Beauty&Fashion,MAPPED,,
60,Carine Roitfeld @carineroitfeld,2900000.0,0.24,France,Fashion Beauty and Self Care Modeling Styling,878000.0,instagram,france,False,2024,Beauty&Fashion,MAPPED,,
61,🇫🇷 Maddyburciaga 🇦🇪 @maddyburciaga,2900000.0,5.0,France,Fashion and Accessories Entertainment and Music Celebrities Health & Fitness,877800.0,instagram,france,False,2024,Sports,MAPPED,,
62,BLACK M @blackm,2800000.0,0.41,France,Entertainment and Music Music,853800.0,instagram,france,False,2024,Music,MAPPED,,
63,Camille LELLOUCHE @camillelellouche,2800000.0,1.6,France,Entertainment and Music Funny Acting and Drama Actors,845800.0,instagram,france,False,2024,Music,MAPPED,,
64,𝕍𝕒𝕟𝕖𝕤𝕤𝕒 ℂ𝕝𝕒𝕦𝕕𝕚𝕠 @vanessaclaudio,2600000.0,1.26,France,Fashion and Accessories Actors,769500.0,instagram,france,False,2024,Beauty&Fashion,MAPPED,,
65,LA FOUINE @lafouine78,2500000.0,2.97,France,Entertainment and Music Lifestyle Music,760800.0,instagram,france,False,2024,Music,MAPPED,,
66,⠀⠀⠀⠀⠀⠀⠀ 🎶 P A G A 🎶 @paga_lmsa,2500000.0,7.63,France,Entertainment and Music Music Lifestyle Nature & Outdoors,758100.0,instagram,france,False,2024,Music,MAPPED,,
67,Rebecca rabhi @divarebeccaofficiel,2500000.0,3.05,France,Fashion and Accessories,755600.0,instagram,france,False,2024,Beauty&Fashion,MAPPED,,
68,Thomas Pesquet @thom_astro,2500000.0,1.09,France,Education Lifestyle,753500.0,instagram,france,False,2024,Knowledge&Info,MAPPED,,
69,Adrien Rabiot @adrienrabiot_25,2500000.0,3.25,France,Lifestyle Sports,747000.0,instagram,france,False,2024,Sports,MAPPED,,
70,Lucía Bellido @labelliido,2500000.0,8.26,France,Life and Society Actors Modeling,742300.0,instagram,france,False,2024,Beauty&Fashion,MAPPED,,
71,Christopher Nkunku @c_nkunku,2500000.0,19.17,France,Sports Soccer,735500.0,instagram,france,False,2024,Sports,MAPPED,,
72,Benji @benji_samat,2400000.0,1.51,France,Food Fitness and Health Lifestyle,734200.0,instagram,france,False,2024,Sports,MAPPED,,
73,Dimitri Payet @payetdimitri27,2400000.0,6.39,France,Lifestyle Fashion,734100.0,instagram,france,False,2024,Beauty&Fashion,MAPPED,,
74,Romain G - LeBouseuh @levraibouseuh,2400000.0,3.38,France,Fashion and Accessories Video Blogger Lifestyle,721600.0,instagram,france,False,2024,Beauty&Fashion,MAPPED,,
75,Fabio Quartararo @fabioquartararo20,2400000.0,3.65,France,Sports Bikes,706600.0,instagram,france,False,2024,Sports,MAPPED,,
76,Kevin Tran • 陈科伟 @superkevintran,2400000.0,1.52,France,Arts and Crafts Entertainment and Music Video Blogger,706500.0,instagram,france,False,2024,Music,MAPPED,,
77,Kingsley Coman @king_coman,2300000.0,3.61,France,Soccer,702900.0,instagram,france,False,2024,Sports,MAPPED,,
78,Chroukate Hamada | الشروقات @chroukate,2300000.0,2.71,France,family Modeling Actors,693400.0,instagram,france,False,2024,Beauty&Fashion,MAPPED,,
79,Kevin GUEDJ @kevinguedj,2300000.0,0.92,France,Entertainment and Music family Romance and Wedding Music,675100.0,instagram,france,False,2024,Beauty&Fashion,MAPPED,,
80,Coralie Kamara Porrovecchio @porrovecchiocoralie,2200000.0,2.6,France,family,673100.0,instagram,france,False,2024,Lifestyle,MAPPED,,
81,illan @illancto,2200000.0,1.9,France,Entertainment and Music Lifestyle,666800.0,instagram,france,False,2024,Music,MAPPED,,
82,Léa Mary @leamary,2200000.0,3.83,France,Beauty,665100.0,instagram,france,False,2024,Beauty&Fashion,MAPPED,,
83,Sandy Aouad @sandyaouad1,2200000.0,2.92,France,,662600.0,instagram,france,False,2024,,,,
84,Salif Gueye @salif_crookboyz,2200000.0,1.02,France,Entertainment and Music Music Singer Entertainment,660500.0,instagram,france,False,2024,Music,MAPPED,,
85,Esteban Ocon 🇫🇷 @estebanocon,2200000.0,7.76,France,Racing Bikes Riders,655100.0,instagram,france,False,2024,Sports,MAPPED,,
86,Bigflo & Oli @bigfloetoli,2200000.0,2.38,France,Entertainment and Music Music,653300.0,instagram,france,False,2024,Music,MAPPED,,
87,Lucas Bravo @lucasnbravo,2200000.0,5.94,France,Travel,651600.0,instagram,france,False,2024,Lifestyle,MAPPED,,
88,Анри Руруа @anri_geo,2200000.0,0.27,France,Entertainment and Music Arts and Crafts,647600.0,instagram,france,False,2024,Music,MAPPED,,
89,Kendji Girac @kendji,2200000.0,0.7,France,Entertainment and Music Lifestyle,647200.0,instagram,france,False,2024,Music,MAPPED,,
90,RAPHAEL @raphoupeps,2200000.0,1.02,France,Fashion and Accessories,645700.0,instagram,france,False,2024,Beauty&Fashion,MAPPED,,
91,Benjamin Pavard @benpavard21,2100000.0,7.46,France,Soccer,644800.0,instagram,france,False,2024,Sports,MAPPED,,
92,𝐋𝐞 𝐁𝐨𝐧𝐡𝐞𝐮𝐫 𝐞𝐬𝐭 𝐮𝐧𝐞 𝐅𝐞𝐦𝐦𝐞 @fidji_ruiz,2100000.0,0.53,France,Fashion and Accessories Lifestyle,643500.0,instagram,france,False,2024,Beauty&Fashion,MAPPED,,
93,Abdelli Lotfi @lotfiabdelli,2100000.0,0.06,France,Actors,642100.0,instagram,france,False,2024,Entertainment,MAPPED,,
94,Clement Lenglet @clement_lenglet,2100000.0,1.71,France,Sports Soccer,641300.0,instagram,france,False,2024,Sports,MAPPED,,
95,Roumaissa Allata @romi_allata,2100000.0,7.97,France,Beauty and Self Care Fashion and Accessories Travel Business and Finance,640900.0,instagram,france,False,2024,Beauty&Fashion,MAPPED,,
96,Sarah Fraisou @sarahfraisou.paris,2100000.0,0.79,France,Fashion Lifestyle,636000.0,instagram,france,False,2024,Beauty&Fashion,MAPPED,,
97,Makao @makao_bmgjordan,2100000.0,2.6,France,Fitness and Health Outdoor Activity Sports Lifestyle,631800.0,instagram,france,False,2024,Sports,MAPPED,,
98,@taycofficiel,2100000.0,1.56,France,Fashion and Accessories,625600.0,instagram,france,False,2024,Beauty&Fashion,MAPPED,,
99,Charles | FastGoodCuisine @fastgoodcuisine,2100000.0,1.51,France,Food Food and Drink Lifestyle,617300.0,instagram,france,False,2024,Lifestyle,MAPPED,,
100,Idrissa Gana Gueye @iganagueye,2100000.0,6.97,France,Sports Soccer,615200.0,instagram,france,False,2024,Sports,MAPPED,,
1,Toni Kroos @toni.kr8s,44600000.0,1.17,Germany,Sports Soccer,13400000.0,instagram,germany,False,2024,Sports,MAPPED,,
2,Mesut Özil @m10_official,27400000.0,2.99,Germany,Sports Soccer Training,8199999.999999999,instagram,germany,False,2024,Sports,MAPPED,,
3,lena mantler @lena,21100000.0,0.28,Germany,Entertainment and Music,6300000.0,instagram,germany,False,2024,Music,MAPPED,,
4,Mahe Man @mahnaz_afshar,18600000.0,0.07,Germany,Acting and Drama Celebrity Artist,5600000.0,instagram,germany,False,2024,Entertainment,MAPPED,,
5,Bastian Schweinsteiger @bastianschweinsteiger,17200000.0,0.22,Germany,Sports Soccer,5200000.0,instagram,germany,False,2024,Sports,MAPPED,,
6,Marco Reus @marcinho11,15000000.0,0.07,Germany,Sports Soccer,4500000.0,instagram,germany,False,2024,Sports,MAPPED,,
7,JΛDE ŞEN @mrjade,14100000.0,1.77,Germany,Finance Business and Finance Producers Celebrities,4200000.0,instagram,germany,False,2024,Knowledge&Info,MAPPED,,
8,Thomas Müller @esmuellert,14000000.0,1.25,Germany,Sports,4200000.0,instagram,germany,False,2024,Sports,MAPPED,,
9,Manuel Neuer @manuelneuer,13200000.0,1.44,Germany,Sports Soccer,3900000.0,instagram,germany,False,2024,Sports,MAPPED,,
10,Thiago Alcantara @thiago6,11900000.0,1.87,Germany,Sports Soccer,3600000.0,instagram,germany,False,2024,Sports,MAPPED,,
11,Heidi Klum @heidiklum,11800000.0,0.4,Germany,Fashion and Accessories,3600000.0,instagram,germany,False,2024,Beauty&Fashion,MAPPED,,
12,Sami Khedira @sami_khedira6,10000000.0,0.18,Germany,Sports,3000000.0,instagram,germany,False,2024,Sports,MAPPED,,
13,Jadon Sancho @sanchooo10,9800000.0,8.19,Germany,Sports Soccer,2900000.0,instagram,germany,False,2024,Sports,MAPPED,,
14,Pamela Reif @pamela_rf,9300000.0,1.24,Germany,Beauty and Self Care Food Food and Drink Modeling,2800000.0,instagram,germany,False,2024,Beauty&Fashion,MAPPED,,
15,Philipp Lahm @philipplahm,8900000.0,0.12,Germany,Sports Business and Finance Soccer Entrepreneur,2700000.0,instagram,germany,False,2024,Sports,MAPPED,,
16,Mario Maurer @mario_mm38,8800000.0,0.74,Germany,Actors Lifestyle,2600000.0,instagram,germany,False,2024,Entertainment,MAPPED,,
17,Ilkay Gündogan @ilkayguendogan,8700000.0,3.28,Germany,Sports,2600000.0,instagram,germany,False,2024,Sports,MAPPED,,
18,Younes Zarou @youneszarou,8500000.0,2.22,Germany,Romance and Wedding,2600000.0,instagram,germany,False,2024,Beauty&Fashion,MAPPED,,
19,Leroy Sané @leroysane,8199999.999999999,1.81,Germany,Sports Soccer,2500000.0,instagram,germany,False,2024,Sports,MAPPED,,
20,MARIO GÖTZE @mariogotze,8100000.0,0.59,Germany,Sports Soccer,2400000.0,instagram,germany,False,2024,Sports,MAPPED,,
21,meryemuzerlimeryem @meryemuzerlimeryem,7600000.0,0.83,Germany,Acting and Drama Celebrity Actors,2300000.0,instagram,germany,False,2024,Entertainment,MAPPED,,
22,Anna Schneider \ Prohodski💍 @mrsdeutschland_offizielleseite,7400000.0,2.26,Germany,Fashion,2200000.0,instagram,germany,False,2024,Beauty&Fashion,MAPPED,,
23,barbara (shirin david)avicius @shirindavid,6600000.0,2.06,Germany,Fashion and Accessories Entertainment and Music Music Lifestyle,2000000.0,instagram,germany,False,2024,Beauty&Fashion,MAPPED,,
24,Kai Havertz 💥⚽️✌🏼 @kaihavertz29,6200000.0,5.31,Germany,Sports Soccer,1900000.0,instagram,germany,False,2024,Sports,MAPPED,,
25,P A O L A M A R I A @paola,5800000.0,0.24,Germany,Beauty and Self Care Video Blogger,1700000.0,instagram,germany,False,2024,Beauty&Fashion,MAPPED,,
26,DFB-Team @dfb_team,5800000.0,0.83,Germany,Sports Entertainment and Music Soccer,1700000.0,instagram,germany,False,2024,Sports,MAPPED,,
27,Lukas Podolski @lukaspodolski,5800000.0,0.18,Germany,Food Sports Soccer,1700000.0,instagram,germany,False,2024,Sports,MAPPED,,
28,Julian Draxler @draxlerofficial,5400000.0,0.96,Germany,Sports Soccer,1600000.0,instagram,germany,False,2024,Sports,MAPPED,,
29,𝐑 𝐮 𝐝 𝐲 𝐁 𝐮 𝐧 𝐝 𝐢 𝐧 𝐢 @rudybundini,5200000.0,2.35,Germany,Arts and Crafts Fashion and Accessories Modeling,1600000.0,instagram,germany,False,2024,Beauty&Fashion,MAPPED,,
30,TONI GARRN @tonigarrn,5100000.0,0.14,Germany,Fashion Modeling Travel Public Figure,1500000.0,instagram,germany,False,2024,Beauty&Fashion,MAPPED,,
31,Alica Ѕchmidt | Track & Field @alicasmd,5100000.0,0.22,Germany,Sports,1500000.0,instagram,germany,False,2024,Sports,MAPPED,,
32,Mats Hummels @aussenrist15,5000000.0,0.83,Germany,Sports Soccer,1500000.0,instagram,germany,False,2024,Sports,MAPPED,,
33,Marcus Butler @marcusbutler,4800000.0,0.17,Germany,"Entertainment and Music Modeling Film, Music & Books",1400000.0,instagram,germany,False,2024,Beauty&Fashion,MAPPED,,
34,Caroline Daur @carodaur,4500000.0,0.32,Germany,Fashion and Accessories Celebrity Lifestyle Celebrities,1300000.0,instagram,germany,False,2024,Beauty&Fashion,MAPPED,,
35,Capital Bra @capital_bra,4100000.0,1.08,Germany,Music Lifestyle,1200000.0,instagram,germany,False,2024,Music,MAPPED,,
36,Fatma Kaya @alarakayaofficial,4000000.0,6.25,Germany,Art Beauty,1200000.0,instagram,germany,False,2024,Beauty&Fashion,MAPPED,,
37,Julia Willecke @juliabeautx,3900000.0,3.83,Germany,Entertainment and Music Beauty and Self Care Music Public Figure,1200000.0,instagram,germany,False,2024,Beauty&Fashion,MAPPED,,
38,Katja Krasavice @katjakrasavice,3900000.0,3.71,Germany,Entertainment and Music Music Modeling Humor,1200000.0,instagram,germany,False,2024,Beauty&Fashion,MAPPED,,
39,RAFINHA @r_13official,3800000.0,0.75,Germany,Sports Soccer,1100000.0,instagram,germany,False,2024,Sports,MAPPED,,
40,Randeep Hooda @randeephooda,3700000.0,9.47,Germany,Entertainment and Music Celebrity Actors Modeling,1100000.0,instagram,germany,False,2024,Beauty&Fashion,MAPPED,,
41,Max Haase - German Travel Influencer 🇩🇪 @_maxhaase_,3600000.0,1.05,Germany,Travel Photography,1100000.0,instagram,germany,False,2024,Lifestyle,MAPPED,,
42,Hakan Çalhanoglu @hakancalhanoglu,3300000.0,5.4,Germany,Sports Soccer,995700.0,instagram,germany,False,2024,Sports,MAPPED,,
43,Lena Gercke @lenagercke,3300000.0,0.5,Germany,Fashion and Accessories Home and Garden Lifestyle,987600.0,instagram,germany,False,2024,Beauty&Fashion,MAPPED,,
44,LIONT @lionttv,3300000.0,0.64,Germany,Entertainment and Music Music Video Blogger Lifestyle,987000.0,instagram,germany,False,2024,Music,MAPPED,,
45,TONI MAHFUD† @tonimahfud,3300000.0,1.15,Germany,Fashion and Accessories Arts and Crafts Modeling,979900.0,instagram,germany,False,2024,Beauty&Fashion,MAPPED,,
46,𝗙𝗮𝗿𝗶𝗱 𝗕𝗮𝗻𝗴 @faridbangbang,3200000.0,1.27,Germany,Entertainment and Music Rap,965400.0,instagram,germany,False,2024,Music,MAPPED,,
47,Palina Rojinski @palinski,3200000.0,0.26,Germany,Entertainment and Music Celebrity Lifestyle,960800.0,instagram,germany,False,2024,Music,MAPPED,,
48,XLAETA | Julia @xlaeta,3100000.0,1.02,Germany,Beauty and Self Care Fashion and Accessories Modeling Celebrities,918400.0,instagram,germany,False,2024,Beauty&Fashion,MAPPED,,
49,Elyas M'Barek @elyjahwoop,2900000.0,2.3,Germany,Acting and Drama,883800.0,instagram,germany,False,2024,Entertainment,MAPPED,,
50,SARA ADRIAN @saraadrianberlin,2900000.0,1.72,Germany,Arts and Crafts Fashion and Accessories Beauty and Self Care Lifestyle,865900.0,instagram,germany,False,2024,Beauty&Fashion,MAPPED,,
51,Areeba Habib @imareebahabib,2800000.0,0.97,Germany,Fashion Modeling,852000.0,instagram,germany,False,2024,Beauty&Fashion,MAPPED,,
52,Serge Gnabry @sergegnabry,2800000.0,4.08,Germany,Soccer,841100.0,instagram,germany,False,2024,Sports,MAPPED,,
53,a living meme | Dschungelcamp 2024 @twenty4tim,2800000.0,8.24,Germany,Celebrity Public Figure Creators & Celebrities,834300.0,instagram,germany,False,2024,Entertainment,MAPPED,,
54,Timo Werner @timowerner,2700000.0,3.49,Germany,Sports Soccer,820300.0,instagram,germany,False,2024,Sports,MAPPED,,
55,Amin Fardin - امین فردین 🇩🇪🇮🇷 @behindtvpersian,2700000.0,1.52,Germany,,813900.0,instagram,germany,False,2024,,,,
56,Asemaneh Rabiei @asemane_rabiee,2700000.0,0.5,Germany,,797400.0,instagram,germany,False,2024,,,,
57,Mr. boris becker @mr_boris_becker,2600000.0,1.59,Germany,Sports Music Modeling,792700.0,instagram,germany,False,2024,Sports,MAPPED,,
58,7 Sekunden Videos® / Vines @7sekundenvideoz,2600000.0,1.8,Germany,Entertainment and Music Celebrity,792000.0,instagram,germany,False,2024,Music,MAPPED,,
59,Amal Jaderani Pour @emelijad,2600000.0,11.21,Germany,Art Beauty Artist,783800.0,instagram,germany,False,2024,Beauty&Fashion,MAPPED,,
60,Dennis Schröder @ds17_fg,2600000.0,5.04,Germany,Sports Entertainment Singer Music,782800.0,instagram,germany,False,2024,Sports,MAPPED,,
61,Felix von der Laden @felixladen,2600000.0,1.18,Germany,Entertainment and Music Auto and Vehicles Lifestyle,771900.0,instagram,germany,False,2024,Tech&Gaming,MAPPED,,
62,Mirko | Fashion & Photography @nordic_scott,2600000.0,8.04,Germany,Fashion and Accessories Photography Lifestyle Modeling,771800.0,instagram,germany,False,2024,Beauty&Fashion,MAPPED,,
63,TAREK AL BASHA @tarekalbasha.music,2500000.0,1.53,Germany,Entertainment and Music Music,764400.0,instagram,germany,False,2024,Music,MAPPED,,
64,Leon Goretzka @leon_goretzka,2500000.0,3.21,Germany,Sports Soccer,736500.0,instagram,germany,False,2024,Sports,MAPPED,,
65,Amine Harit @amineharit,2400000.0,4.9,Germany,Sports Soccer,708600.0,instagram,germany,False,2024,Sports,MAPPED,,
66,Sally Fouad | سالي فؤاد @sally_fou2ad,2400000.0,0.13,Germany,Fitness and Health Education Product Education Food and Drink,707000.0,instagram,germany,False,2024,Sports,MAPPED,,
67,ZDF heute-show @heuteshow,2300000.0,0.93,Germany,Entertainment and Music Lifestyle,702500.0,instagram,germany,False,2024,Music,MAPPED,,
68,Bayer 04 Leverkusen @bayer04fussball,2300000.0,0.31,Germany,Sports,691500.0,instagram,germany,False,2024,Sports,MAPPED,,
69,Daniela Katzenberger @danielakatzenberger,2300000.0,1.22,Germany,Beauty and Self Care Entertainment and Music Lifestyle,678900.0,instagram,germany,False,2024,Beauty&Fashion,MAPPED,,
70,Anna Maria Damm @annamariadamm,2200000.0,1.44,Germany,Beauty and Self Care Fashion and Accessories family Modeling,668400.0,instagram,germany,False,2024,Beauty&Fashion,MAPPED,,
71,Gold_alena @gold_alena,2200000.0,2.6,Germany,Entertainment and Music Home and Garden,661000.0,instagram,germany,False,2024,Music,MAPPED,,
72,NADER JINDAOUI @naderjindaoui,2200000.0,17.63,Germany,,645600.0,instagram,germany,False,2024,,,,
73,Sohi Malih @sohi.malih,2100000.0,0.31,Germany,Fashion Lifestyle Public Figure,638000.0,instagram,germany,False,2024,Beauty&Fashion,MAPPED,,
74,Claudia Schiffer @claudiaschiffer,2100000.0,2.28,Germany,Modeling Fashion,629800.0,instagram,germany,False,2024,Beauty&Fashion,MAPPED,,
75,Pietro Lombardi @pietrolombardi,2000000.0,1.19,Germany,Entertainment and Music Music Lifestyle,613100.0,instagram,germany,False,2024,Music,MAPPED,,
76,Vanessa Reinhardt @vanessa.rhd,2000000.0,10.52,Germany,Fashion and Accessories,608400.0,instagram,germany,False,2024,Beauty&Fashion,MAPPED,,
77,NICO ROSBERG @nicorosberg,2000000.0,3.44,Germany,Auto and Vehicles Finance Business and Finance Racing,603100.0,instagram,germany,False,2024,Sports,MAPPED,,
78,IVI CRUZ 🦋 @ivana.santacruz,2000000.0,3.21,Germany,Entertainment and Music family Music Dance,598300.0,instagram,germany,False,2024,Music,MAPPED,,
79,Ischtar Isik @ischtarisik,1900000.0,1.46,Germany,Fashion and Accessories Video Blogger Lifestyle,576200.0,instagram,germany,False,2024,Beauty&Fashion,MAPPED,,
80,Alexander Zverev @alexzverev123,1900000.0,3.45,Germany,Sports Tennis,575500.0,instagram,germany,False,2024,Sports,MAPPED,,
81,Jeremy Fragrance @jeremyfragrance,1900000.0,0.24,Germany,Beauty and Self Care Modeling,575200.0,instagram,germany,False,2024,Beauty&Fashion,MAPPED,,
82,Mehdi Mahdavikia @mahdavikia_mehdi,1900000.0,6.1,Germany,Sports Gym Modeling,573900.0,instagram,germany,False,2024,Sports,MAPPED,,
83,Hannes Becker @hannes_becker,1900000.0,0.38,Germany,Travel Photography,569800.0,instagram,germany,False,2024,Lifestyle,MAPPED,,
84,N I L S K U E S E L 🕸️ @nilskue,1900000.0,8.88,Germany,,559400.0,instagram,germany,False,2024,,,,
85,Kevin Trapp @kevintrapp,1900000.0,1.68,Germany,Sports,559200.0,instagram,germany,False,2024,Sports,MAPPED,,
86,⠀⠀J A C O B R O T T 🏝 @jacobrott,1800000.0,6.91,Germany,Entertainment and Music,553400.0,instagram,germany,False,2024,Music,MAPPED,,
87,Joyce Ilg @joyceilg,1800000.0,0.17,Germany,Entertainment and Music Celebrity Actors,550500.0,instagram,germany,False,2024,Music,MAPPED,,
88,Jens 'Knossi' Knossalla @knossi,1800000.0,2.28,Germany,Entertainment and Music Games Lifestyle,541200.0,instagram,germany,False,2024,Tech&Gaming,MAPPED,,
89,Kontra K @kontrak,1800000.0,3.24,Germany,Entertainment and Music Lifestyle Gym,539500.0,instagram,germany,False,2024,Sports,MAPPED,,
90,Sarah Engels @sarellax3,1800000.0,0.94,Germany,Entertainment and Music family Celebrity Music,539100.0,instagram,germany,False,2024,Music,MAPPED,,
91,Abdulatif Ghrir @coach.latif,1800000.0,0.08,Germany,Fitness and Health,538700.0,instagram,germany,False,2024,Sports,MAPPED,,
92,Bundeskanzlerin a.D. Merkel @bundeskanzlerinmerkel,1800000.0,3.75,Germany,Photography Politics,537300.0,instagram,germany,False,2024,Knowledge&Info,MAPPED,,
93,🐺🖤 @b0rz212,1800000.0,1.6,Germany,Fashion and Accessories,535100.0,instagram,germany,False,2024,Beauty&Fashion,MAPPED,,
94,𝐈 𝐊 𝐎 Ş @ikosun_kitchen,1800000.0,0.96,Germany,Food,534500.0,instagram,germany,False,2024,Lifestyle,MAPPED,,
95,Ina Schnitzer @inaandthepeanuts,1800000.0,0.04,Germany,,525200.0,instagram,germany,False,2024,,,,
96,𝗦𝗲𝘃𝗱𝗮 Ç𝗲𝗹𝗶𝗸 @a_la_sevda,1700000.0,1.9,Germany,Food,524500.0,instagram,germany,False,2024,Lifestyle,MAPPED,,
97,Apache 207 @apache_207,1700000.0,10.16,Germany,Entertainment and Music Music,512300.0,instagram,germany,False,2024,Music,MAPPED,,
98,ADVENTURE • SPORTS • TRAVEL @yvonnepferrer,1700000.0,1.02,Germany,Outdoor Activity Travel Celebrity Actors,509700.0,instagram,germany,False,2024,Sports,MAPPED,,
99,Oliver Pocher @oliverpocher,1700000.0,2.05,Germany,Entertainment and Music Celebrity Lifestyle,505600.0,instagram,germany,False,2024,Music,MAPPED,,
100,The World’s Cutest Adventures @mr.pokee,1700000.0,1.1,Germany,"Animals Home and Garden Animals & Pets Film, Music & Books",505500.0,instagram,germany,False,2024,Knowledge&Info,MAPPED,,
1,Giannis Ugo Antetokounmpo @giannis_an34,16200000.0,1.25,Greece,Sports Entertainment Basketball Athlete,4900000.0,instagram,greece,False,2024,Sports,MAPPED,,
2,Péricles @pericles,6400000.0,0.38,Greece,Entertainment and Music,1900000.0,instagram,greece,False,2024,Music,MAPPED,,
3,Kris @kristenhancher,4700000.0,0.5,Greece,Entertainment and Music Fashion and Accessories Beauty and Self Care Fitness and Health,1400000.0,instagram,greece,False,2024,Sports,MAPPED,,
4,Dimosthenis Sintou Koutoudis @denniskoutoudis,4000000.0,7.67,Greece,Product Showcase Business and Finance Entrepreneur Business,1200000.0,instagram,greece,False,2024,Beauty&Fashion,MAPPED,,
5,Kostas Tsimikas @tsimikas21,2100000.0,8.89,Greece,Sports,638700.0,instagram,greece,False,2024,Sports,MAPPED,,
6,Mila Romanidi @mila_romanidi_official,2100000.0,0.6,Greece,Entertainment and Music News Modeling,634200.0,instagram,greece,False,2024,Beauty&Fashion,MAPPED,,
7,Victoria Banxx @vickybanxxtv,1900000.0,2.11,Greece,,578700.0,instagram,greece,False,2024,,,,
8,Stefanos Tsitsipas @stefanostsitsipas98,1900000.0,1.88,Greece,Sports Tennis,569100.0,instagram,greece,False,2024,Sports,MAPPED,,
9,Akis Petretzikis @akis_petretzikis,1900000.0,0.58,Greece,Food Recipes Cooking,558800.0,instagram,greece,False,2024,Lifestyle,MAPPED,,
10,Zoya Tsopei @zoya_tsopei,1700000.0,4.2,Greece,Art Music Fashion,504000.0,instagram,greece,False,2024,Beauty&Fashion,MAPPED,,
11,YRAGGAN🇬🇷 @yraggan,1600000.0,2.62,Greece,,486400.0,instagram,greece,False,2024,,,,
12,Ioanna Bella @bella_ioanna,1500000.0,0.28,Greece,Fashion and Accessories Modeling,461800.0,instagram,greece,False,2024,Beauty&Fashion,MAPPED,,
13,Maja Malnar @majamalnar,1500000.0,1.02,Greece,Entertainment and Music Fashion and Accessories Travel Hair & Beauty,436300.0,instagram,greece,False,2024,Beauty&Fashion,MAPPED,,
14,@elenimenegaki,1300000.0,0.94,Greece,Fashion Parenting,400400.0,instagram,greece,False,2024,Beauty&Fashion,MAPPED,,
15,Thanasis Antetokounmpo @thanasis_ante43,1300000.0,0.36,Greece,Sports Music Modeling Entertainment,398900.0,instagram,greece,False,2024,Sports,MAPPED,,
16,Maria Koutsogiannis 🇬🇷 Greek Food Blogger @foodbymaria,1300000.0,1.73,Greece,Food Food and Drink Business and Finance Recipes,391600.0,instagram,greece,False,2024,Knowledge&Info,MAPPED,,
17,Zoe Garifallou @zoegara,1200000.0,7.72,Greece,Sports,354500.0,instagram,greece,False,2024,Sports,MAPPED,,
18,Αλέξανδρος Κοψιάλης @alexandros_kopsialis,1200000.0,7.48,Greece,Video Gaming Celebrity Soccer,350100.0,instagram,greece,False,2024,Sports,MAPPED,,
19,Andreas Geo @georgiou82,1200000.0,0.8,Greece,Celebrity Actors,345200.0,instagram,greece,False,2024,Entertainment,MAPPED,,
20,Fay Skorda @fayskorda,1100000.0,1.46,Greece,Entertainment and Music,329200.0,instagram,greece,False,2024,Music,MAPPED,,
21,Konstantinos Argiros @argiros_konstantinos,1000000.0,3.72,Greece,Entertainment and Music Music Singer Producers,305100.0,instagram,greece,False,2024,Music,MAPPED,,
22,Alex Benz | Грек🇬🇷 @alexandrbenz,1000000.0,3.88,Greece,,303300.0,instagram,greece,False,2024,,,,
23,Xenia Psyllaki @xenia_psyllaki,915700.0,1.06,Greece,Photography Travel iPhone,274700.0,instagram,greece,False,2024,Lifestyle,MAPPED,,
24,Angelos Patsis @plakaexei,894200.0,4.12,Greece,Funny Humor,268300.0,instagram,greece,False,2024,Entertainment,MAPPED,,
25,Katerina Kainourgiou Official @katken85,881200.0,1.41,Greece,Entertainment and Music Parenting Lifestyle Styling,264400.0,instagram,greece,False,2024,Music,MAPPED,,
26,Madalina Diana Ghenea @officialmadalinaghenea,879800.0,3.4,Greece,Fashion Modeling Actors,263900.0,instagram,greece,False,2024,Beauty&Fashion,MAPPED,,
27,Konstantina Spyropoulou 🧿 @konstantinaspyropoulou,879300.0,1.48,Greece,family Travel Food Beauty and Self Care,263800.0,instagram,greece,False,2024,Beauty&Fashion,MAPPED,,
28,Sophia🇬🇷 @sophiabody,831900.0,0.76,Greece,Entertainment and Music Celebrity Music Modeling,249600.0,instagram,greece,False,2024,Beauty&Fashion,MAPPED,,
29,Mary Synatsaki @mairiboo,816500.0,3.04,Greece,Fashion and Accessories Arts and Crafts Business and Finance Parenting,245000.0,instagram,greece,False,2024,Beauty&Fashion,MAPPED,,
30,CHICHI @chichisvl,778300.0,1.27,Greece,Arts and Crafts DIY and Life Hacks Beauty and Self Care Modeling,233500.0,instagram,greece,False,2024,Beauty&Fashion,MAPPED,,
31,Kostas Antetokounmpo @kostas__ante13,773700.0,9.8,Greece,Singer Music Entertainment,232100.0,instagram,greece,False,2024,Music,MAPPED,,
32,Helena Paparizou @helenapaparizouofficial,769400.0,1.79,Greece,Entertainment and Music Journalists,230800.0,instagram,greece,False,2024,Knowledge&Info,MAPPED,,
33,Chiara Bianchino @chiarab_model,761800.0,0.32,Greece,Food and Drink Fashion Actors Bikini,228500.0,instagram,greece,False,2024,Beauty&Fashion,MAPPED,,
34,Alexia Eram♛ @alexiaeram,723200.0,0.51,Greece,Fashion and Accessories Travel,217000.0,instagram,greece,False,2024,Beauty&Fashion,MAPPED,,
35,stam_tsimtsili @stam_tsimtsili,711100.0,1.04,Greece,Entertainment and Music Lifestyle,213300.0,instagram,greece,False,2024,Music,MAPPED,,
36,Nikos Moutsinas @nikosmoutsinas,705500.0,4.2,Greece,Entertainment and Music Actors,211700.0,instagram,greece,False,2024,Music,MAPPED,,
37,Nikki Roumel @nikkiroumel,678500.0,7.36,Greece,Celebrity Entertainment and Music,203500.0,instagram,greece,False,2024,Music,MAPPED,,
38,Dimitris alexandrou @dimitris_alexandrou,659800.0,11.32,Greece,Food Modeling Lifestyle,197900.0,instagram,greece,False,2024,Beauty&Fashion,MAPPED,,
39,Evridiki Valavani @evridiki_valavani,642700.0,1.66,Greece,Fashion and Accessories Lifestyle Modeling,192800.0,instagram,greece,False,2024,Beauty&Fashion,MAPPED,,
40,Vicky Kaya @vickykaya_,638600.0,1.28,Greece,Fashion and Accessories Modeling,191600.0,instagram,greece,False,2024,Beauty&Fashion,MAPPED,,
41,LIGHT @nerogreco,636900.0,10.69,Greece,Entertainment and Music Business and Finance Music Singer,191100.0,instagram,greece,False,2024,Knowledge&Info,MAPPED,,
42,Natasa Theodoridou @natasatheodoridou,632200.0,3.4,Greece,Entertainment and Music Music Modeling,189700.0,instagram,greece,False,2024,Beauty&Fashion,MAPPED,,
43,Juan Manuel Iturbe @juan_iturbe93,627000.0,4.67,Greece,Sports Marketing and Advertising Soccer Actors,188100.0,instagram,greece,False,2024,Sports,MAPPED,,
44,Argiro Barbarigou @argirobarbarigou,625700.0,0.59,Greece,Food Food and Drink Cooking Chef,187700.0,instagram,greece,False,2024,Lifestyle,MAPPED,,
45,CHRISTINA SIKALIAS @christinasikalias,617400.0,0.99,Greece,Beauty and Self Care Education Hair & Beauty Celebrities,185200.0,instagram,greece,False,2024,Beauty&Fashion,MAPPED,,
46,Vitalii Kravtsov 🌙 @fiftikk,609800.0,1.95,Greece,Fashion and Accessories Outdoor Activity Photography Adventure,182900.0,instagram,greece,False,2024,Sports,MAPPED,,
47,𝗠𝗔𝗥𝗜𝗔 𝗞𝗢𝗥𝗜𝗡𝗧𝗛𝗜𝗢𝗨 @mariakorinthiou,606200.0,0.95,Greece,Entertainment and Music Fashion and Accessories Celebrity Modeling,181900.0,instagram,greece,False,2024,Beauty&Fashion,MAPPED,,
48,ILIANA PAPAGEORGIOU @ilianapapageorgiou,596100.0,2.3,Greece,Entertainment and Music Modeling Actors,178800.0,instagram,greece,False,2024,Beauty&Fashion,MAPPED,,
49,SAM BIRD @samrobertbird,594300.0,0.14,Greece,Entertainment and Music Photography Music Modeling,178300.0,instagram,greece,False,2024,Beauty&Fashion,MAPPED,,
50,Tasos Dousis @tasosdousis,594000.0,3.57,Greece,Entertainment and Music,178200.0,instagram,greece,False,2024,Music,MAPPED,,
51,maria Iliaki @marakiiliaki,592400.0,1.17,Greece,Entertainment and Music Styling Modeling,177700.0,instagram,greece,False,2024,Beauty&Fashion,MAPPED,,
52,Chaney Jones @chaneyjonesssss,569300.0,2.06,Greece,,170800.0,instagram,greece,False,2024,,,,
53,Marco Parrino @marcoparrino,551200.0,1.81,Greece,Education Lifestyle Modeling Celebrities,165400.0,instagram,greece,False,2024,Beauty&Fashion,MAPPED,,
54,SAKKATTACK @mariasakkari,541600.0,3.84,Greece,Sports Tennis Film Actors,162500.0,instagram,greece,False,2024,Sports,MAPPED,,
55,Yanis Grek Life @yanis.life,533000.0,2.99,Greece,Education Food Modeling Cars & Motorcycles,159900.0,instagram,greece,False,2024,Beauty&Fashion,MAPPED,,
56,Κουτσόπουλος Λεωνίδας @chef_koutsopoulosleonidas,526900.0,15.23,Greece,Food Chef,158100.0,instagram,greece,False,2024,Lifestyle,MAPPED,,
57,Katerina Geronikolou @katerina_geronikolou,525000.0,2.59,Greece,,157500.0,instagram,greece,False,2024,,,,
58,Solven @realsolvenmusic,520900.0,0.26,Greece,Entertainment and Music Celebrity Music,156300.0,instagram,greece,False,2024,Music,MAPPED,,
59,Εleonora Meleti @nonoram,511500.0,2.86,Greece,Entertainment and Music Journalists,153400.0,instagram,greece,False,2024,Knowledge&Info,MAPPED,,
60,Naz Eleftheria @nazeleftheria,507400.0,1.73,Greece,Entertainment and Music,152200.0,instagram,greece,False,2024,Music,MAPPED,,
61,Smaragda Karydi @smaragda_karidi_official,506300.0,1.88,Greece,Acting and Drama Celebrity,151900.0,instagram,greece,False,2024,Entertainment,MAPPED,,
62,@itskalomira,502300.0,1.74,Greece,Art Music Actors Modeling,150700.0,instagram,greece,False,2024,Beauty&Fashion,MAPPED,,
63,Natalia Germanou Official @natalia_germanou,500200.0,0.82,Greece,Entertainment and Music Music Producers Actors,150100.0,instagram,greece,False,2024,Music,MAPPED,,
64,Mathieu Valbuena @mv28_officiel,480200.0,2.22,Greece,Sports Soccer,144100.0,instagram,greece,False,2024,Sports,MAPPED,,
65,Georgios Samaras @samaras_official,479700.0,9.89,Greece,Sports Soccer,143900.0,instagram,greece,False,2024,Sports,MAPPED,,
66,Dimitris Pelkas @dimitrispelkas,470200.0,5.78,Greece,Sports Soccer,141100.0,instagram,greece,False,2024,Sports,MAPPED,,
67,Despina Vandi @desp1navandi,466700.0,4.39,Greece,Fashion Modeling,140000.0,instagram,greece,False,2024,Beauty&Fashion,MAPPED,,
68,Ioannis Koulousis | Travel Filmmaker @iamjnkstyle,462000.0,0.03,Greece,Photography Entertainment and Music Business and Finance Celebrity,138600.0,instagram,greece,False,2024,Knowledge&Info,MAPPED,,
69,Sofia Tsakiridou 🪽 @matiamubysofia,451400.0,0.62,Greece,Fashion and Accessories Beauty and Self Care Lifestyle Celebrities,135400.0,instagram,greece,False,2024,Beauty&Fashion,MAPPED,,
70,Δήμητρα Αλεξανδράκη @dimitraalexandraki1,448700.0,3.29,Greece,Fashion and Accessories Parenting,134600.0,instagram,greece,False,2024,Beauty&Fashion,MAPPED,,
71,Σοφία Φυρού @sofia.firou,447500.0,13.13,Greece,,134200.0,instagram,greece,False,2024,,,,
72,Chuba Akpom @cakpom,439000.0,5.0,Greece,Soccer,131700.0,instagram,greece,False,2024,Sports,MAPPED,,
73,A N A S T A Z I A 🎀 @loveanastazia,431800.0,0.31,Greece,Fashion and Accessories Bikini Modeling,129500.0,instagram,greece,False,2024,Beauty&Fashion,MAPPED,,
74,DENIA 🇬🇷 @denia_agalianu,430200.0,2.23,Greece,Entertainment and Music Romance and Wedding Celebrity Celebrities,129100.0,instagram,greece,False,2024,Beauty&Fashion,MAPPED,,
75,Leryn Franco Steneri @lerynfranco1,428900.0,0.33,Greece,Fashion and Accessories Actors,128700.0,instagram,greece,False,2024,Beauty&Fashion,MAPPED,,
76,Maysam El faisel ميسم الفيصل @maysamelfaisel,428800.0,3.29,Greece,Fashion,128700.0,instagram,greece,False,2024,Beauty&Fashion,MAPPED,,
77,Katerina Stikoudi @stikoudikaterin,426400.0,1.62,Greece,Entertainment and Music Music Modeling Singer,127900.0,instagram,greece,False,2024,Beauty&Fashion,MAPPED,,
78,ykapoutzidis @ykapoutzidis,416900.0,2.84,Greece,Entertainment and Music Modeling Fashion Design,125100.0,instagram,greece,False,2024,Beauty&Fashion,MAPPED,,
79,Anastasia Giousef @anastasia_giousef,408500.0,2.98,Greece,Entertainment and Music Beauty and Self Care,122500.0,instagram,greece,False,2024,Beauty&Fashion,MAPPED,,
80,Nikolaos Pappas @neekpappas,400700.0,0.02,Greece,Finance,120200.0,instagram,greece,False,2024,Knowledge&Info,MAPPED,,
81,Eleni Hatzidou Pavlou @eleni.hatzidou,398500.0,1.1,Greece,Entertainment and Music Singer Music Actors,119500.0,instagram,greece,False,2024,Music,MAPPED,,
82,Tatiana Stefanidou @tatistefanidou,395000.0,1.42,Greece,Entertainment and Music Music,118500.0,instagram,greece,False,2024,Music,MAPPED,,
83,Stauros MeroⓂ️ @staurosmero1,388600.0,0.95,Greece,Pets Modeling Fashion,116600.0,instagram,greece,False,2024,Beauty&Fashion,MAPPED,,
84,Angeliki Kokla @dat_lilly,381000.0,9.88,Greece,Entertainment and Music family Parenting,114300.0,instagram,greece,False,2024,Music,MAPPED,,
85,Maria Bacodimou @mariabacodimou,376600.0,1.05,Greece,Fashion Lifestyle,113000.0,instagram,greece,False,2024,Beauty&Fashion,MAPPED,,
86,RAPFILL @rapfill_12,368800.0,4.6,Greece,Music,110600.0,instagram,greece,False,2024,Music,MAPPED,,
87,Angelos katsilianos @katsi_22,368500.0,5.29,Greece,Pets,110500.0,instagram,greece,False,2024,Lifestyle,MAPPED,,
88,Evgenia Samara @eugeniasamara,364000.0,3.6,Greece,Entertainment and Music Pets Parenting Home and Garden,109200.0,instagram,greece,False,2024,Music,MAPPED,,
89,Santorini @santorini,363000.0,3.95,Greece,Travel Home and Garden,108900.0,instagram,greece,False,2024,Lifestyle,MAPPED,,
90,Μάρκος Σεφερλής @markos_seferlis_real,362800.0,3.62,Greece,Entertainment and Music Celebrity Actors,108800.0,instagram,greece,False,2024,Music,MAPPED,,
91,Kyriakos Mitsotakis @kyriakos_,359600.0,3.87,Greece,,107900.0,instagram,greece,False,2024,,,,
92,LUANA & FRED | Luxury •Travel• Content Creators @pilotluana,357700.0,7.26,Greece,Travel Adventure,107300.0,instagram,greece,False,2024,Sports,MAPPED,,
93,Panche Dimitriev @panchedimitriev,354700.0,0.14,Greece,Fitness and Health Home and Garden Dogs,106400.0,instagram,greece,False,2024,Sports,MAPPED,,
94,Panos Ioannidis @ioannidispanos,351300.0,1.23,Greece,Food,105400.0,instagram,greece,False,2024,Lifestyle,MAPPED,,
95,Elena Mariposa Kremlidou @elena_mariposa,351300.0,1.3,Greece,Fashion and Accessories Arts and Crafts DIY and Life Hacks Travel,105400.0,instagram,greece,False,2024,Beauty&Fashion,MAPPED,,
96,Triantafyllia Tsinoglou @filio_lou,350400.0,6.49,Greece,family Parenting Modeling,105100.0,instagram,greece,False,2024,Beauty&Fashion,MAPPED,,
97,Ευτύχης Μπλέτσας @ftbletsas,349600.0,1.2,Greece,Travel Entertainment and Music Adventure,104900.0,instagram,greece,False,2024,Sports,MAPPED,,
98,▪️ʀᴇᴍᴇᴍʙᴇʀ ᴡʜʏ ʏᴏᴜ sᴛᴀʀᴛᴇᴅ..▪️ @ilias__gkotsis,349100.0,2.12,Greece,Fitness and Health Personal Blog Creators & Celebrities,104700.0,instagram,greece,False,2024,Sports,MAPPED,,
99,ᴅᴀɴᴀɪ ʙᴀʀᴋᴀ 🌻🧿 @danai_barka,345400.0,3.1,Greece,Entertainment and Music Celebrity,103600.0,instagram,greece,False,2024,Music,MAPPED,,
100,Manos @g.manos,343400.0,22.98,Greece,Entertainment and Music,103000.0,instagram,greece,False,2024,Music,MAPPED,,
1,Pastor Cash Luna @pastorcashluna,2600000.0,0.55,Guatemala,Education Writers,794200.0,instagram,guatemala,False,2024,Knowledge&Info,MAPPED,,
2,Miel San Marcos @mielsanmarcos,1900000.0,0.41,Guatemala,Entertainment and Music Music Actors,579500.0,instagram,guatemala,False,2024,Music,MAPPED,,
3,Gaby Asturias (oficial) @gaby_asturias,1700000.0,1.8,Guatemala,Entertainment and Music Actors Journalists Modeling,518800.0,instagram,guatemala,False,2024,Beauty&Fashion,MAPPED,,
4,Cynthia Arana @aranacynthia,1300000.0,0.71,Guatemala,Art Fitness Fitness and Health Entertainment and Music,397800.0,instagram,guatemala,False,2024,Sports,MAPPED,,
5,P O E T A D E L C I E L O @poeta.delcielo,1200000.0,0.33,Guatemala,Music Actors,374300.0,instagram,guatemala,False,2024,Music,MAPPED,,
6,Sandy Mendez @sandy_mendezgt,912800.0,0.67,Guatemala,"Actors Journalists Film, Music & Books Art",273800.0,instagram,guatemala,False,2024,Knowledge&Info,MAPPED,,
7,Noti7 @noti7_guatemala,904200.0,0.05,Guatemala,,271300.0,instagram,guatemala,False,2024,,,,
8,Aida Estrada De Jaén @aidacorazon,755100.0,0.23,Guatemala,Beauty and Self Care Actors Virtualization Journalists,226500.0,instagram,guatemala,False,2024,Beauty&Fashion,MAPPED,,
9,𝓒𝓾𝓮𝓷𝓽𝓪 𝓸𝓯𝓲𝓬𝓲𝓪𝓵 𝓭𝓮 𝓛𝓪 𝓜𝓪𝔂𝓻𝓲𝓽𝓪 💕 @lamayrita89,720900.0,0.14,Guatemala,family Life and Society Marketing and Advertising Events,216300.0,instagram,guatemala,False,2024,Knowledge&Info,MAPPED,,
10,Pamela Alfaro @pamelaalfaro07,688200.0,0.15,Guatemala,family Business and Finance Actors,206500.0,instagram,guatemala,False,2024,Knowledge&Info,MAPPED,,
11,Natalan @_natalan,678400.0,10.49,Guatemala,Entertainment and Music,203500.0,instagram,guatemala,False,2024,Music,MAPPED,,
12,Alle Lee 🇬🇹🇨🇳 @allecakes_,615000.0,3.25,Guatemala,Celebrity,184500.0,instagram,guatemala,False,2024,Entertainment,MAPPED,,
13,EL PRIMASO 👦🏻 @yosoyelprimaso,516700.00000000006,4.19,Guatemala,,155000.0,instagram,guatemala,False,2024,,,,
14,Alexandra Díaz @alexmidiaz,468400.0,6.36,Guatemala,Art,140500.0,instagram,guatemala,False,2024,Lifestyle,MAPPED,,
15,Daniel Uzcategui @danieluzcateguir,465000.0,0.11,Guatemala,Entertainment and Music Actors,139500.0,instagram,guatemala,False,2024,Music,MAPPED,,
16,Jeimmy Aburto (La Única) 👑🎤📺 @jeimmy_aburto,461300.0,0.82,Guatemala,Business and Finance Celebrity Music Actors,138400.0,instagram,guatemala,False,2024,Knowledge&Info,MAPPED,,
17,Emisoras Unidas @emisorasunidas,453400.0,0.29,Guatemala,Travel Actors,136000.0,instagram,guatemala,False,2024,Entertainment,MAPPED,,
18,Julián Ángel ▲ @historiasdelciervo,396600.0,4.22,Guatemala,Arts and Crafts Education Food and Drink Food,119000.0,instagram,guatemala,False,2024,Knowledge&Info,MAPPED,,
19,Michelle Rossell @michi_rossell,389000.0,0.59,Guatemala,Sports Food Actors Journalists,116700.0,instagram,guatemala,False,2024,Sports,MAPPED,,
20,Luis Morales Jr @luismoralesjr,385900.0,2.0,Guatemala,Actors Virtualization,115800.0,instagram,guatemala,False,2024,Tech&Gaming,MAPPED,,
21,Nancy Calderón @nancycc28,376000.0,0.73,Guatemala,Pets,112800.0,instagram,guatemala,False,2024,Lifestyle,MAPPED,,
22,Guatemala.com @guatemala,349200.0,0.18,Guatemala,Travel News Actors,104800.0,instagram,guatemala,False,2024,Knowledge&Info,MAPPED,,
23,🌺Joselyn🐾Grajeda💦 @joshi3y,347900.0,1.51,Guatemala,Pets,104400.0,instagram,guatemala,False,2024,Lifestyle,MAPPED,,
24,Tv Azteca Guate @tvaztecaguate,339800.0,0.82,Guatemala,Entertainment and Music Business and Finance Television Actors,101900.0,instagram,guatemala,False,2024,Knowledge&Info,MAPPED,,
25,Amanda Lebrón @amandalebron_oficial,330600.0,1.4,Guatemala,,99200.0,instagram,guatemala,False,2024,,,,
26,Tuti Furlán @tutifurlan,320000.0,0.81,Guatemala,Education Automotive Actors,96000.0,instagram,guatemala,False,2024,Knowledge&Info,MAPPED,,
27,Buga Oliva @bugaolivaa,313400.0,0.36,Guatemala,Education Marketing and Advertising Actors,94000.0,instagram,guatemala,False,2024,Knowledge&Info,MAPPED,,
28,Ese Maje Engasado @esemajeengasado,313200.0,0.44,Guatemala,Entertainment and Music Celebrity Actors,94000.0,instagram,guatemala,False,2024,Music,MAPPED,,
29,Véliz Castillo @velizcastillo_,301300.0,,Guatemala,Education Outdoor Activity,90400.0,instagram,guatemala,False,2024,Sports,MAPPED,,
30,Carlos Guerrero @ccarlosguerrero,296100.0,0.24,Guatemala,Entertainment and Music Celebrity Business and Finance Actors,88800.0,instagram,guatemala,False,2024,Knowledge&Info,MAPPED,,
31,Alejandro Giammattei @dr.giammattei,293800.0,0.14,Guatemala,Medical Health,88100.0,instagram,guatemala,False,2024,Knowledge&Info,MAPPED,,
32,🧿Brenda Hughes🧿 @bren_hughes,282400.0,0.87,Guatemala,Fitness and Health Actors,84700.0,instagram,guatemala,False,2024,Sports,MAPPED,,
33,ALKAHID 🦋🇻🇪 @fherggyk,280100.0,0.35,Guatemala,Entertainment and Music Actors Virtualization Journalists,84000.0,instagram,guatemala,False,2024,Knowledge&Info,MAPPED,,
34,Leonardo Jaén @leojaen,274400.0,0.29,Guatemala,,82300.0,instagram,guatemala,False,2024,,,,
35,Jairo Gonzalez @mrjairogonzalez,268000.0,2.47,Guatemala,Business and Finance,80400.0,instagram,guatemala,False,2024,Knowledge&Info,MAPPED,,
36,Audie Alexandre Ariza Valera @alexvinotinto,265600.0,0.44,Guatemala,Fitness and Health Entertainment and Music Actors Journalists,79700.0,instagram,guatemala,False,2024,Sports,MAPPED,,
37,Niurka Nahomi oliva villeda @niurkanahomi,254600.0,1.08,Guatemala,Sports,76400.0,instagram,guatemala,False,2024,Sports,MAPPED,,
38,Emily Haylín Sandoval @emilyhaylin,251700.0,2.56,Guatemala,,75500.0,instagram,guatemala,False,2024,,,,
39,Edgar Siliezar @edgaroficial.sv,247800.0,1.28,Guatemala,Sports Actors Modeling,74300.0,instagram,guatemala,False,2024,Sports,MAPPED,,
40,QuePeladoGuate / Guatemala @quepeladoguate,246800.0,0.64,Guatemala,Photography Travel Nature & Outdoors Architecture,74100.0,instagram,guatemala,False,2024,Lifestyle,MAPPED,,
41,Gloria Alvarez @glorialvarezc,245800.0,2.44,Guatemala,Actors Fashion,73700.0,instagram,guatemala,False,2024,Beauty&Fashion,MAPPED,,
42,ESTEFi✨ @eestefi,244800.0,5.39,Guatemala,Fitness and Health,73400.0,instagram,guatemala,False,2024,Sports,MAPPED,,
43,Ayman Radi @aymanradi,239500.0,4.27,Guatemala,Actors,71900.0,instagram,guatemala,False,2024,Entertainment,MAPPED,,
44,Eddy Lopez @whereiseddynow,223500.0,0.49,Guatemala,,67000.0,instagram,guatemala,False,2024,,,,
45,Janaimar @janaimarmusic,221700.0,2.6,Guatemala,Entertainment and Music,66500.0,instagram,guatemala,False,2024,Music,MAPPED,,
46,Rafael Oropeza @rafaeloropezag,219200.0,1.17,Guatemala,Entertainment and Music Fashion and Accessories Celebrity Actors,65800.0,instagram,guatemala,False,2024,Beauty&Fashion,MAPPED,,
47,Samara (La Pantera) @samaracbt,212500.0,2.23,Guatemala,Fitness and Health family,63700.0,instagram,guatemala,False,2024,Sports,MAPPED,,
48,Fredy Jiménez / Vida y Poesía @fredyjimenez.gt,211800.0,1.2,Guatemala,,63500.0,instagram,guatemala,False,2024,,,,
49,Amilcar Montejo @amilcarmontejo,209200.0,0.26,Guatemala,Education Life and Society Actors Virtualization,62800.0,instagram,guatemala,False,2024,Knowledge&Info,MAPPED,,
50,L U I S B A R I L L A S @luisbarillass_,205100.0,0.3,Guatemala,Photography Actors,61500.0,instagram,guatemala,False,2024,Entertainment,MAPPED,,
51,Frank Avana Frank Rodriguez @frankavana_,203800.0,0.15,Guatemala,Home and Garden,61100.0,instagram,guatemala,False,2024,Lifestyle,MAPPED,,
52,frank de leon @leonfrankde,203400.0,0.2,Guatemala,Actors Modeling,61000.0,instagram,guatemala,False,2024,Beauty&Fashion,MAPPED,,
53,Cristian Cermeño @zosiri,202700.0,13.3,Guatemala,Entertainment and Music,60800.0,instagram,guatemala,False,2024,Music,MAPPED,,
54,Susana Morazan @susanamorazan7,198600.0,1.16,Guatemala,Entertainment and Music Acting and Drama Actors Journalists,59600.0,instagram,guatemala,False,2024,Knowledge&Info,MAPPED,,
55,Gaby Moreno @gaby_moreno,195900.0,0.95,Guatemala,Songwriting Music Singer,58800.0,instagram,guatemala,False,2024,Music,MAPPED,,
56,Luis Muñoz 🇬🇹/🇲🇽 @luisguate,193300.0,1.93,Guatemala,Auto and Vehicles Actors,58000.0,instagram,guatemala,False,2024,Tech&Gaming,MAPPED,,
57,Pamela Paz @pamelapaz_,192400.0,5.31,Guatemala,Acting and Drama Entertainment and Music Virtualization Actors,57700.0,instagram,guatemala,False,2024,Tech&Gaming,MAPPED,,
58,DRESSY @dressy.gt,191600.0,0.6,Guatemala,Fashion and Accessories Music Actors Modeling,57500.0,instagram,guatemala,False,2024,Beauty&Fashion,MAPPED,,
59,Comunicaciones Fútbol Club @cremasoficial,184300.0,1.71,Guatemala,Sports Soccer,55300.0,instagram,guatemala,False,2024,Sports,MAPPED,,
60,Josy Esteban Chigua Canales @josyesteban,182700.0,5.01,Guatemala,Art,54800.0,instagram,guatemala,False,2024,Lifestyle,MAPPED,,
61,@ Sυαɳι Rαɱιɾҽȥ ♛ ღ @rsuanni_fit,182400.0,0.99,Guatemala,Romance and Wedding,54700.0,instagram,guatemala,False,2024,Beauty&Fashion,MAPPED,,
62,Erianna Villafañe 🤍 @ericiosa,180100.0,1.63,Guatemala,Arts and Crafts Education Business and Finance Actors,54000.0,instagram,guatemala,False,2024,Knowledge&Info,MAPPED,,
63,Evelyn Rivera @evelynrivera_gt,178000.0,8.91,Guatemala,,53400.0,instagram,guatemala,False,2024,,,,
64,Kevin Rodríguez y Tania de León @viajaconnosotrosgt,177100.0,1.34,Guatemala,Travel,53100.0,instagram,guatemala,False,2024,Lifestyle,MAPPED,,
65,Sara Guerrero Ch ☆ @saraguerrerogt,174400.0,0.6,Guatemala,Nature,52300.0,instagram,guatemala,False,2024,Lifestyle,MAPPED,,
66,Ay Carmela @aycarmelagt,162000.0,0.51,Guatemala,,48600.0,instagram,guatemala,False,2024,,,,
67,Esperanza de Vida @esperanzadevida,162000.0,0.31,Guatemala,Entertainment and Music Video Gaming Actors Music,48600.0,instagram,guatemala,False,2024,Tech&Gaming,MAPPED,,
68,CHICOSCRISTIANOS.GT @chicoscristianos_,161300.0,2.14,Guatemala,Actors Virtualization Journalists,48400.0,instagram,guatemala,False,2024,Knowledge&Info,MAPPED,,
69,Roberto Urbina @robeurbina,159400.0,1.57,Guatemala,Entertainment and Music Actors,47800.0,instagram,guatemala,False,2024,Music,MAPPED,,
70,Explorando Guatemala @explorandoguatemala,156300.0,1.37,Guatemala,Travel Community,46900.0,instagram,guatemala,False,2024,Lifestyle,MAPPED,,
71,Neto Bran @netobran_,155700.0,0.5,Guatemala,Actors Journalists,46700.0,instagram,guatemala,False,2024,Knowledge&Info,MAPPED,,
72,Kristh Albeno @kristhalbeno,154400.0,4.15,Guatemala,,46300.0,instagram,guatemala,False,2024,,,,
73,Hancer @hanceroficial,154300.0,0.74,Guatemala,Entertainment and Music Music Celebrities Humor,46300.0,instagram,guatemala,False,2024,Music,MAPPED,,
74,Sergio Mejia @sergiofromudy,150800.0,10.33,Guatemala,Parenting Fitness Modeling,45200.0,instagram,guatemala,False,2024,Sports,MAPPED,,
75,Alejandra Andrino Ginecóloga @medifemgt,149300.0,1.07,Guatemala,Marketing and Advertising,44800.0,instagram,guatemala,False,2024,Knowledge&Info,MAPPED,,
76,Chiwipk @chiwi.pk,148900.0,9.04,Guatemala,Life and Society,44700.0,instagram,guatemala,False,2024,Knowledge&Info,MAPPED,,
77,esmelachapina @esmelachapina,148400.0,1.2,Guatemala,,44500.0,instagram,guatemala,False,2024,,,,
78,Carlos Luna @cashitoluna,146700.0,0.98,Guatemala,Actors,44000.0,instagram,guatemala,False,2024,Entertainment,MAPPED,,
79,Josenz ✖️ @angeljosenz,140800.0,2.99,Guatemala,Actors,42200.0,instagram,guatemala,False,2024,Entertainment,MAPPED,,
80,Odily Pineda @odilypinedaq,140400.0,1.67,Guatemala,Education Actors Virtualization,42100.0,instagram,guatemala,False,2024,Knowledge&Info,MAPPED,,
81,Oscar de León @cokac07,140300.0,1.36,Guatemala,Entertainment and Music,42100.0,instagram,guatemala,False,2024,Music,MAPPED,,
82,Bani Muñoz @banimunozoficial,140200.0,0.57,Guatemala,Entertainment and Music Music Actors Virtualization,42100.0,instagram,guatemala,False,2024,Tech&Gaming,MAPPED,,
83,𝓜𝓪𝔂𝓮 • 𝓥𝓪𝓻𝓰𝓪𝓼 @maye.vargas15,140200.0,6.74,Guatemala,,42100.0,instagram,guatemala,False,2024,,,,
84,Jesus Suadi @jesus_suadi,139200.0,1.94,Guatemala,Celebrity,41800.0,instagram,guatemala,False,2024,Entertainment,MAPPED,,
85,Ingrid Alvarez @ingrid_alvarezgt,138200.0,0.68,Guatemala,Art,41500.0,instagram,guatemala,False,2024,Lifestyle,MAPPED,,
86,CSD Municipal @rojos_municipal,136200.0,1.1,Guatemala,,40900.0,instagram,guatemala,False,2024,,,,
87,Manny_oficial @manny_oficial18,136200.0,0.2,Guatemala,,40900.0,instagram,guatemala,False,2024,,,,
88,Pablo Galindo @360guatemala,135900.0,1.07,Guatemala,Photography,40800.0,instagram,guatemala,False,2024,Lifestyle,MAPPED,,
89,chilero_david @chilero_david,135700.0,0.19,Guatemala,Entertainment and Music Soccer Actors,40700.0,instagram,guatemala,False,2024,Sports,MAPPED,,
90,Madelyn sanchez🇬🇹 @madelyn_moon_girls,134300.0,0.1,Guatemala,,40300.0,instagram,guatemala,False,2024,,,,
91,Valy 🐰 | Joyería | Vestidos @valy.gt,133000.0,1.45,Guatemala,,39900.0,instagram,guatemala,False,2024,,,,
92,mikel garcia @_mikelgarcia,132200.0,10.95,Guatemala,Arts and Crafts Actors,39700.0,instagram,guatemala,False,2024,Entertainment,MAPPED,,
93,Pablo Villagran @pablomas79,131700.0,1.06,Guatemala,Entertainment and Music Food Travel Actors,39500.0,instagram,guatemala,False,2024,Music,MAPPED,,
94,Alyssa Cate @alyssaya,130800.0,1.03,Guatemala,Fashion and Accessories Lifestyle,39200.0,instagram,guatemala,False,2024,Beauty&Fashion,MAPPED,,
95,Loraine Quinto @lorainequinto,130600.0,1.51,Guatemala,Fashion and Accessories News Actors,39200.0,instagram,guatemala,False,2024,Beauty&Fashion,MAPPED,,
96,Te Amo Guatelinda @teamoguatelinda,130000.0,5.04,Guatemala,Travel,39000.0,instagram,guatemala,False,2024,Lifestyle,MAPPED,,
97,GU YUN KIM @soykyu0220,129800.0,4.78,Guatemala,Food,38900.0,instagram,guatemala,False,2024,Lifestyle,MAPPED,,
98,MELA🇨🇷 @melannygrossi,129100.0,0.8,Guatemala,Home and Garden Fashion Actors,38700.0,instagram,guatemala,False,2024,Beauty&Fashion,MAPPED,,
99,A el Vale le vale 🧿🇬🇹 @mevale_1,127100.0,4.8,Guatemala,Entertainment and Music,38100.0,instagram,guatemala,False,2024,Music,MAPPED,,
100,Guate Impresionante @guateimpresionante,126300.0,0.47,Guatemala,Nature Travel Food and Drink,37900.0,instagram,guatemala,False,2024,Lifestyle,MAPPED,,
1,Bruce Lee @brucelee,11600000.0,0.09,Hong Kong,Entertainment and Music Actors,3500000.0,instagram,hong-kong,False,2024,Music,MAPPED,,
2,G.E.M.鄧紫棋 @gem0816,7500000.0,1.21,Hong Kong,Entertainment and Music Music Celebrity Songwriting,2300000.0,instagram,hong-kong,False,2024,Music,MAPPED,,
3,Jackie Chan 成龍 @jackiechan,5700000.0,9.47,Hong Kong,Celebrity Music,1700000.0,instagram,hong-kong,False,2024,Music,MAPPED,,
4,Maxim Mernes @mernesmax,4100000.0,0.07,Hong Kong,Business and Finance,1200000.0,instagram,hong-kong,False,2024,Knowledge&Info,MAPPED,,
5,Shawn Yue @lok666,4100000.0,0.29,Hong Kong,Art Celebrity Actors,1200000.0,instagram,hong-kong,False,2024,Entertainment,MAPPED,,
6,Isabelle Daza-Semblat @isabelledaza,3600000.0,0.83,Hong Kong,Art Sports Fashion Travel,1100000.0,instagram,hong-kong,False,2024,Sports,MAPPED,,
7,Donnie Yen @donnieyenofficial,2900000.0,1.67,Hong Kong,Entertainment and Music Acting and Drama Parenting Actors,855300.0,instagram,hong-kong,False,2024,Music,MAPPED,,
8,@williamchanwaiting,1800000.0,11.22,Hong Kong,Celebrity Modeling,527000.0,instagram,hong-kong,False,2024,Beauty&Fashion,MAPPED,,
9,Stephen Chow @stephenchow,1700000.0,0.71,Hong Kong,Entertainment and Music Animation and Cosplay,501400.0,instagram,hong-kong,False,2024,Tech&Gaming,MAPPED,,
10,Jackie Chan @eyeofjackiechan,1700000.0,5.16,Hong Kong,Entertainment and Music,496500.0,instagram,hong-kong,False,2024,Music,MAPPED,,
11,Fiona Sit 薛凱琪 @physit,1500000.0,0.27,Hong Kong,Entertainment and Music Fashion and Accessories Celebrity Music,457100.0,instagram,hong-kong,False,2024,Beauty&Fashion,MAPPED,,
12,PAKHO CHAU | 周柏豪 | PUNKHIPPIE @punkhippie,1500000.0,0.57,Hong Kong,Fashion and Accessories Careers Music Celebrity,440200.0,instagram,hong-kong,False,2024,Beauty&Fashion,MAPPED,,
13,Charlene Choi @choisaaaa,1500000.0,1.27,Hong Kong,Fashion and Accessories Actors,435200.0,instagram,hong-kong,False,2024,Beauty&Fashion,MAPPED,,
14,林明禎 @minchen333,1400000.0,2.37,Hong Kong,Fashion and Accessories Video Gaming Coaching Celebrities,432700.0,instagram,hong-kong,False,2024,Beauty&Fashion,MAPPED,,
15,Nancy Wu 胡定欣 @nwuuu,1400000.0,0.55,Hong Kong,Photography Actors,423900.0,instagram,hong-kong,False,2024,Entertainment,MAPPED,,
16,💫Charmaine Sheh 佘詩曼💫 @charmaine_sheh,1200000.0,0.8,Hong Kong,Acting and Drama Celebrity Actors Cooking,370700.0,instagram,hong-kong,False,2024,Entertainment,MAPPED,,
17,Priscilla Wong 黃翠如 @wongtsuiyu,1200000.0,1.69,Hong Kong,Entertainment and Music Food,367100.0,instagram,hong-kong,False,2024,Music,MAPPED,,
18,Hins Cheung 張敬軒 @hinscheung,1200000.0,3.08,Hong Kong,Entertainment and Music Music Modeling,346100.0,instagram,hong-kong,False,2024,Beauty&Fashion,MAPPED,,
19,Yumi黃詩棋🌟 @yumiwong_official,1100000.0,0.78,Hong Kong,Fashion and Accessories Celebrity Actors Actor,343800.0,instagram,hong-kong,False,2024,Beauty&Fashion,MAPPED,,
20,Eliza Sam 岑麗香 @heungheungeliza,1100000.0,1.1,Hong Kong,Entertainment and Music Celebrity,337000.0,instagram,hong-kong,False,2024,Music,MAPPED,,
21,楊千嬅Miriam Yeung @yeungchinwah,1100000.0,0.52,Hong Kong,Entertainment and Music Celebrity Actors,335600.0,instagram,hong-kong,False,2024,Music,MAPPED,,
22,Ali 李佳芯 @aliaime,1100000.0,0.93,Hong Kong,Acting and Drama Celebrity Actors,328500.0,instagram,hong-kong,False,2024,Entertainment,MAPPED,,
23,🧘🏻‍♀️C O F F E E L A M🧘🏻‍♀️ @coffee89921,1100000.0,1.46,Hong Kong,Fitness Yoga Modeling Public Figure,323100.0,instagram,hong-kong,False,2024,Sports,MAPPED,,
24,周秀娜 Chrissie Chau @chrissienana,1100000.0,0.9,Hong Kong,Entertainment and Music Fashion and Accessories Actors,315600.0,instagram,hong-kong,False,2024,Beauty&Fashion,MAPPED,,
25,Joey Yung 容祖兒 @yungchoyee,1000000.0,0.72,Hong Kong,Romance and Wedding Music Modeling,310900.0,instagram,hong-kong,False,2024,Beauty&Fashion,MAPPED,,
26,KEUNG TO 姜濤 @keung_show,1000000.0,4.82,Hong Kong,Entertainment and Music Modeling,309200.0,instagram,hong-kong,False,2024,Beauty&Fashion,MAPPED,,
27,邵岱兒 Debbie🐢 @yehdeb,1000000.0,2.45,Hong Kong,Fashion and Accessories Lifestyle Styling Public Figure,304100.0,instagram,hong-kong,False,2024,Beauty&Fashion,MAPPED,,
28,成龍 Jackie Chan @jackiechan.official,1000000.0,5.8,Hong Kong,Modeling Actors Fashion,301400.0,instagram,hong-kong,False,2024,Beauty&Fashion,MAPPED,,
29,Myolie Wu @myoliemyolie,999800.0,0.81,Hong Kong,Entertainment and Music Celebrity Actors,299900.0,instagram,hong-kong,False,2024,Music,MAPPED,,
30,𝓞𝓵𝓲𝓿𝓲𝓪 𝓥𝓪𝓼𝓲𝓵𝓸𝓹𝓸𝓾𝓵𝓸𝓼🌹 @olivia.vasilopoulos,958000.0,1.18,Hong Kong,Fashion,287400.0,instagram,hong-kong,False,2024,Beauty&Fashion,MAPPED,,
31,香港蘋果日報 @appledailyhk,938100.0,1.6,Hong Kong,News,281400.0,instagram,hong-kong,False,2024,Knowledge&Info,MAPPED,,
32,IU (아이유) ※ 이지은·李知恩·Leejieun @iu_leejieun516,921800.0,2.73,Hong Kong,Entertainment and Music Music,276500.0,instagram,hong-kong,False,2024,Music,MAPPED,,
33,Q_gill @q_gill,919200.0,0.96,Hong Kong,Entertainment and Music Celebrity Actors Styling,275800.0,instagram,hong-kong,False,2024,Music,MAPPED,,
34,Sammi Cheng Sau Man @sammi_chengsauman,908500.0,0.59,Hong Kong,Art Music,272600.0,instagram,hong-kong,False,2024,Music,MAPPED,,
35,Linda Chung 鍾嘉欣 @chungkayanlinda,905300.0,1.34,Hong Kong,Entertainment and Music Moms Singer Music,271600.0,instagram,hong-kong,False,2024,Music,MAPPED,,
36,Natalie 唐詩詠 @natalietong53,902700.0,1.78,Hong Kong,Funny Actors,270800.0,instagram,hong-kong,False,2024,Entertainment,MAPPED,,
37,張繼聰 Louis @louischeung2013,801100.0,0.43,Hong Kong,Entertainment and Music Music Celebrity,240300.0,instagram,hong-kong,False,2024,Music,MAPPED,,
38,L I Z Z C H L O E 彤彤 @lizzchloe,787400.0,1.04,Hong Kong,Food Entertainment and Music Modeling Public Figure,236200.0,instagram,hong-kong,False,2024,Beauty&Fashion,MAPPED,,
39,黃智雯 𝑴𝒂𝒏𝒅𝒚 🌸 @wong_manman,773900.0,0.94,Hong Kong,Acting and Drama Celebrity Lifestyle,232200.0,instagram,hong-kong,False,2024,Entertainment,MAPPED,,
40,古天樂 Louis Koo @kootinlok_louis,773600.0,0.94,Hong Kong,Acting and Drama Celebrity Actors,232100.0,instagram,hong-kong,False,2024,Entertainment,MAPPED,,
41,𝘨𝘳𝘢𝘤𝘦 ♥ 陳凱琳 @ghlchan,765100.0,0.55,Hong Kong,Fashion and Accessories Food Arts and Crafts Parenting,229500.0,instagram,hong-kong,False,2024,Beauty&Fashion,MAPPED,,
42,JEANNIE @missjni,747700.0,1.65,Hong Kong,Product Showcase Celebrity Modeling,224300.0,instagram,hong-kong,False,2024,Beauty&Fashion,MAPPED,,
43,🦋Ko Ling 高海寧 @sammkoling,737200.0,1.1,Hong Kong,Food Celebrity Modeling Entertainment,221100.0,instagram,hong-kong,False,2024,Beauty&Fashion,MAPPED,,
44,𝓜𝓸𝓸𝓷 𝓛𝓪𝓾 劉佩玥❥ @arryuu,723100.0,2.46,Hong Kong,Celebrity Actors,216900.0,instagram,hong-kong,False,2024,Entertainment,MAPPED,,
45,Laurinda Ho 何超蓮 @laurinda_ho,721400.0,0.4,Hong Kong,Food,216400.0,instagram,hong-kong,False,2024,Lifestyle,MAPPED,,
46,Kelly Cheung 張曦雯 @kelllycheung,714700.0,2.85,Hong Kong,Fashion and Accessories Romance and Wedding Entertainment and Music Product Showcase,214400.0,instagram,hong-kong,False,2024,Beauty&Fashion,MAPPED,,
47,Kay Tse 謝安琪 @kaytse,712100.0,0.88,Hong Kong,Arts and Crafts Photography,213600.0,instagram,hong-kong,False,2024,Lifestyle,MAPPED,,
48,Hedy 海兒 @hedy_hoiyi,706400.0,1.59,Hong Kong,Careers Music,211900.0,instagram,hong-kong,False,2024,Music,MAPPED,,
49,Edan Lui 呂爵安 @edanlui,690100.0,6.37,Hong Kong,Entertainment and Music Music Singer,207000.0,instagram,hong-kong,False,2024,Music,MAPPED,,
50,袁詠儀 靚靚 @anitayuenwy,679500.0,2.1,Hong Kong,,203800.0,instagram,hong-kong,False,2024,,,,
51,G. Racie 王 君 馨 @gwgurlie86,672600.0,0.91,Hong Kong,Entertainment and Music Music Celebrity Moms,201800.0,instagram,hong-kong,False,2024,Music,MAPPED,,
52,Taylor R @taytay_xx,660100.0,2.2,Hong Kong,Fashion and Accessories family Parenting Lifestyle,198000.0,instagram,hong-kong,False,2024,Beauty&Fashion,MAPPED,,
53,HongKongDoll🌸 @hongkong_doll,656200.0,2.16,Hong Kong,,196900.0,instagram,hong-kong,False,2024,,,,
54,Ching Chan @dadachan,651600.0,2.09,Hong Kong,Acting and Drama Celebrity Actors Film,195500.0,instagram,hong-kong,False,2024,Entertainment,MAPPED,,
55,Pomato 小薯茄 @pomatohk,645600.0,1.23,Hong Kong,Pets Art,193700.0,instagram,hong-kong,False,2024,Lifestyle,MAPPED,,
56,Tracy Chu @tracytschu,623400.0,1.62,Hong Kong,Fashion Modeling,187000.0,instagram,hong-kong,False,2024,Beauty&Fashion,MAPPED,,
57,J Lou 林欣 @jlouofficial,615200.0,2.66,Hong Kong,Fashion and Accessories Modeling,184600.0,instagram,hong-kong,False,2024,Beauty&Fashion,MAPPED,,
58,Wyman Wong 黃偉文 @concertyy,603000.0,1.36,Hong Kong,Arts and Crafts Modeling,180900.0,instagram,hong-kong,False,2024,Beauty&Fashion,MAPPED,,
59,郭嘉駿 Denis Kwok 193 @deniskwok193,594500.0,1.65,Hong Kong,,178300.0,instagram,hong-kong,False,2024,,,,
60,Ophelia @in.templum.ophelia,585000.0,1.34,Hong Kong,Beauty and Self Care Entertainment and Music Hair & Beauty Celebrities,175500.0,instagram,hong-kong,False,2024,Beauty&Fashion,MAPPED,,
61,Sammy Leung 森美 @sammy903,581500.0,1.24,Hong Kong,Pets Actors Modeling,174500.0,instagram,hong-kong,False,2024,Beauty&Fashion,MAPPED,,
62,pesto @pestosalad,580300.0,105.48,Hong Kong,,174100.0,instagram,hong-kong,False,2024,,,,
63,Johnson Tsang @johnson_tsang_artist,580200.0,4.09,Hong Kong,Arts and Crafts Painting Visualizations,174100.0,instagram,hong-kong,False,2024,Lifestyle,MAPPED,,
64,Derek Tang | Hong Kong 🇭🇰 @derek_tch,562500.0,0.19,Hong Kong,Photography,168800.0,instagram,hong-kong,False,2024,Lifestyle,MAPPED,,
65,范鴻志 RICHARD JUAN 홍준 @richardjuan,561200.0,10.15,Hong Kong,Entertainment and Music Romance and Wedding Upskilling Business and Finance,168400.0,instagram,hong-kong,False,2024,Beauty&Fashion,MAPPED,,
66,Rosina Lam 林夏薇 @rosinalam,559700.0,1.0,Hong Kong,Acting and Drama Celebrity Modeling,167900.0,instagram,hong-kong,False,2024,Beauty&Fashion,MAPPED,,
67,jumbo tsang曾淑雅 @jumbotsang,558800.0,1.87,Hong Kong,Fitness and Health Outdoor Activity Education Upskilling,167600.0,instagram,hong-kong,False,2024,Sports,MAPPED,,
68,田 蕊妮 @tinyuilee,548100.0,1.08,Hong Kong,Music Public Figure,164400.0,instagram,hong-kong,False,2024,Music,MAPPED,,
69,Tina Leung 梁伊妮 @tinaleung,534200.0,0.48,Hong Kong,Fashion and Accessories Modeling Lifestyle Celebrities,160200.0,instagram,hong-kong,False,2024,Beauty&Fashion,MAPPED,,
70,Mc 張天賦 @mcheung1201,532300.0,7.27,Hong Kong,Entertainment and Music Music,159700.0,instagram,hong-kong,False,2024,Music,MAPPED,,
71,Aimee Chan 陳茵媺 @aimeechan_official,530500.0,1.42,Hong Kong,Acting and Drama Celebrity Food,159100.0,instagram,hong-kong,False,2024,Entertainment,MAPPED,,
72,StephyTang @stboo,528100.0,1.45,Hong Kong,Fashion Modeling Styling,158400.0,instagram,hong-kong,False,2024,Beauty&Fashion,MAPPED,,
73,Kin Ryan 文健 @kinryyy,514300.0,7.49,Hong Kong,Fashion,154300.0,instagram,hong-kong,False,2024,Beauty&Fashion,MAPPED,,
74,李亞男Leanne @therivergirl,509800.0,0.35,Hong Kong,Fashion and Accessories Careers Food Recipes,152900.0,instagram,hong-kong,False,2024,Beauty&Fashion,MAPPED,,
75,鬥士迷因 Fighter Meme @fighterstudiohk1,484400.0,2.07,Hong Kong,,145300.0,instagram,hong-kong,False,2024,,,,
76,GIANN CHAN @chan.tsz.ying,481600.0,0.71,Hong Kong,Travel Photography Basketball,144500.0,instagram,hong-kong,False,2024,Sports,MAPPED,,
77,Vincent Wong 王浩信 @vincentwong07,478400.0,0.55,Hong Kong,Celebrity,143500.0,instagram,hong-kong,False,2024,Entertainment,MAPPED,,
78,Katy Official @kungkaty,464500.0,0.88,Hong Kong,Beauty and Self Care Celebrity,139300.0,instagram,hong-kong,False,2024,Beauty&Fashion,MAPPED,,
79,Louisa Mak 麥明詩 @louisa_mak,455700.0,3.09,Hong Kong,Acting and Drama Careers Celebrity Modeling,136700.0,instagram,hong-kong,False,2024,Beauty&Fashion,MAPPED,,
80,Gigi黎姿 @gigilai_official,446100.0,1.32,Hong Kong,Beauty Business and Finance Actors,133800.0,instagram,hong-kong,False,2024,Beauty&Fashion,MAPPED,,
81,Rinaldy Yunardi @rinaldyyunardi,441600.0,0.32,Hong Kong,Fashion and Accessories Modeling Fashion Design,132500.0,instagram,hong-kong,False,2024,Beauty&Fashion,MAPPED,,
82,WONG MAN YIK @wongmanyik,441400.0,3.07,Hong Kong,Entertainment and Music,132400.0,instagram,hong-kong,False,2024,Music,MAPPED,,
83,鄭裕玲 Do Do Cheng @do_do_cheng,434700.0,1.76,Hong Kong,,130400.0,instagram,hong-kong,False,2024,,,,
84,H E I D I 李靜儀 @heidibibe,432800.0,2.28,Hong Kong,Entertainment and Music Food Modeling,129800.0,instagram,hong-kong,False,2024,Beauty&Fashion,MAPPED,,
85,Denise Ho @hoccgoomusic,427500.0,1.29,Hong Kong,Entertainment and Music Singer Songwriting Music,128200.0,instagram,hong-kong,False,2024,Music,MAPPED,,
86,Edwin Siu @edwinsiu,420900.0,1.53,Hong Kong,Actors,126300.0,instagram,hong-kong,False,2024,Entertainment,MAPPED,,
87,Tiffany Lau 劉穎鏇 @itstiffanylau,416600.0,2.45,Hong Kong,Fashion and Accessories Celebrity,125000.0,instagram,hong-kong,False,2024,Beauty&Fashion,MAPPED,,
88,Crystal Fung @crystalfyy,416500.0,1.7,Hong Kong,Food Food and Drink Actors Modeling,125000.0,instagram,hong-kong,False,2024,Beauty&Fashion,MAPPED,,
89,譚杏藍 ʜᴀɴᴀ ᴛᴀᴍ @hanatam,414700.0,0.64,Hong Kong,Fashion and Accessories Product Showcase Careers Modeling,124400.0,instagram,hong-kong,False,2024,Beauty&Fashion,MAPPED,,
90,Plastic Thing @plasticthing,408200.0,1.4,Hong Kong,Arts and Crafts,122500.0,instagram,hong-kong,False,2024,Lifestyle,MAPPED,,
91,Z M @iamlilfroggy,405200.0,2.27,Hong Kong,Parenting,121600.0,instagram,hong-kong,False,2024,Lifestyle,MAPPED,,
92,Middle @mid810,402500.0,3.21,Hong Kong,,120800.0,instagram,hong-kong,False,2024,,,,
93,吳若希 @jinnyng,399900.0,0.42,Hong Kong,family Entertainment and Music Music Food,120000.0,instagram,hong-kong,False,2024,Music,MAPPED,,
94,朱晨麗 @rebecca_zhu,394900.0,1.2,Hong Kong,Fashion and Accessories Entertainment and Music Parenting Actors,118500.0,instagram,hong-kong,False,2024,Beauty&Fashion,MAPPED,,
95,胡鴻鈞 | Hubert Wu @hubertwu,394100.0,2.25,Hong Kong,Fashion Food,118200.0,instagram,hong-kong,False,2024,Beauty&Fashion,MAPPED,,
96,蔡思貝 SISLEY CHOI @sisleychoi,391400.0,2.64,Hong Kong,Fashion and Accessories Actors Modeling,117400.0,instagram,hong-kong,False,2024,Beauty&Fashion,MAPPED,,
97,Sam's Tailor @samstailor,386500.0,0.35,Hong Kong,Shopping,116000.0,instagram,hong-kong,False,2024,UNMAPPED,UNMAPPED,,
98,Peter Tam.K.T 베드로·담가준 @petertamkt,382300.0,0.3,Hong Kong,Photography Food Chef,114700.0,instagram,hong-kong,False,2024,Lifestyle,MAPPED,,
99,Lee.K @leekillust,378900.0,1.49,Hong Kong,Arts and Crafts Drawing Illustrator,113700.0,instagram,hong-kong,False,2024,Lifestyle,MAPPED,,
100,Harimao Lee | Hong Kong 🇭🇰 @harimaolee,375700.0,1.6,Hong Kong,Photography Travel Hair & Beauty Photographer,112700.0,instagram,hong-kong,False,2024,Beauty&Fashion,MAPPED,,
1,Virat Kohli @virat.kohli,267100000.00000003,0.02,India,Sports Cricket Athlete,80100000.0,instagram,india,False,2024,Sports,MAPPED,,
2,Narendra Modi @narendramodi,87300000.0,2.23,India,Politics,26200000.0,instagram,india,False,2024,Knowledge&Info,MAPPED,,
3,Alia Bhatt 💛 @aliaabhatt,83700000.0,0.02,India,Acting and Drama Celebrity Actors Actor,25100000.0,instagram,india,False,2024,Entertainment,MAPPED,,
4,Katrina Kaif @katrinakaif,79700000.0,0.87,India,Beauty and Self Care Celebrity Actors Actor,23900000.0,instagram,india,False,2024,Beauty&Fashion,MAPPED,,
5,दीपिका पादुकोण @deepikapadukone,78900000.0,2.18,India,Entertainment and Music Actors,23700000.0,instagram,india,False,2024,Music,MAPPED,,
6,Neha Kakkar @nehakakkar,77700000.0,0.77,India,Entertainment and Music Singer Musician,23300000.0,instagram,india,False,2024,Music,MAPPED,,
7,Salman Khan @beingsalmankhan,69200000.0,1.59,India,Entertainment and Music Celebrity Actor,20800000.0,instagram,india,False,2024,Music,MAPPED,,
8,Akshay Kumar @akshaykumar,68300000.0,0.02,India,Entertainment and Music Celebrity Actors Actor,20500000.0,instagram,india,False,2024,Music,MAPPED,,
9,disha patani (paatni) 🦋 @dishapatani,61000000.0,0.61,India,Celebrity Actors,18300000.0,instagram,india,False,2024,Entertainment,MAPPED,,
10,Sunny Leone @sunnyleone,55300000.0,0.27,India,Beauty and Self Care Modeling Actors Actor,16600000.000000002,instagram,india,False,2024,Beauty&Fashion,MAPPED,,
11,Jannat Zubair Rahmani @jannatzubair29,49300000.0,0.81,India,Entertainment and Music Acting and Drama Celebrity Actors,14800000.0,instagram,india,False,2024,Music,MAPPED,,
12,Sachin Tendulkar @sachintendulkar,47700000.0,1.28,India,Sports Education Cricket,14300000.0,instagram,india,False,2024,Sports,MAPPED,,
13,Hrithik Roshan @hrithikroshan,47700000.0,0.53,India,Entertainment and Music Actors Actor,14300000.0,instagram,india,False,2024,Music,MAPPED,,
14,Ranveer Singh @ranveersingh,46800000.0,1.41,India,Entertainment and Music Actors Modeling Film,14000000.0,instagram,india,False,2024,Beauty&Fashion,MAPPED,,
15,M S Dhoni @mahi7781,46800000.0,13.0,India,Sports Cricket,14000000.0,instagram,india,False,2024,Sports,MAPPED,,
16,Shah Rukh Khan @iamsrk,46300000.0,2.08,India,Actors,13900000.0,instagram,india,False,2024,Entertainment,MAPPED,,
17,Kapil Sharma @kapilsharma,45600000.0,0.03,India,Art Singer Music,13700000.0,instagram,india,False,2024,Music,MAPPED,,
18,@parineetichopra,43500000.0,1.63,India,Beauty and Self Care Actors Computer Company,13000000.0,instagram,india,False,2024,Beauty&Fashion,MAPPED,,
19,Sara Ali Khan @saraalikhan95,43500000.0,1.01,India,Entertainment and Music Fashion and Accessories Actors Actor,13000000.0,instagram,india,False,2024,Beauty&Fashion,MAPPED,,
20,Rashmika Mandanna @rashmika_mandanna,42000000.0,3.13,India,Entertainment and Music,12600000.0,instagram,india,False,2024,Music,MAPPED,,
21,Anushka Sen @anushkasen0408,39600000.0,0.95,India,Celebrity Actors,11900000.0,instagram,india,False,2024,Entertainment,MAPPED,,
22,Shahid Kapoor @shahidkapoor,38100000.0,1.53,India,Actors,11400000.0,instagram,india,False,2024,Entertainment,MAPPED,,
23,Tiger Shroff @tigerjackieshroff,36800000.0,1.05,India,Entertainment and Music Actors Actor,11000000.0,instagram,india,False,2024,Music,MAPPED,,
24,Amitabh Bachchan @amitabhbachchan,35900000.0,0.59,India,Entertainment and Music Actors Film TV Host,10800000.0,instagram,india,False,2024,Music,MAPPED,,
25,Rohit Sharma @rohitsharma45,35700000.0,6.1,India,Sports Modeling Gym Actors,10700000.0,instagram,india,False,2024,Sports,MAPPED,,
26,Sonam Kapoor Ahuja @sonamkapoor,35300000.0,0.49,India,Fashion and Accessories Modeling Lifestyle,10600000.0,instagram,india,False,2024,Beauty&Fashion,MAPPED,,
27,Guru Randhawa @gururandhawa,34300000.0,0.48,India,Entertainment and Music Music Singer,10300000.0,instagram,india,False,2024,Music,MAPPED,,
28,Madhuri Dixit @madhuridixitnene,33100000.0,0.59,India,Entertainment and Music Celebrity,9900000.0,instagram,india,False,2024,Music,MAPPED,,
29,Shilpa Shetty Kundra @theshilpashetty,32200000.000000004,0.57,India,Beauty and Self Care Fashion and Accessories Fitness and Health Business and Finance,9700000.0,instagram,india,False,2024,Sports,MAPPED,,
30,FAISAL SHAIKH @mr_faisu_07,32000000.0,1.39,India,Entertainment and Music Celebrity Modeling,9600000.0,instagram,india,False,2024,Beauty&Fashion,MAPPED,,
31,Sayyed Arishfa Khan 💎 @arishfakhan138,29500000.0,0.49,India,Beauty and Self Care Celebrity,8900000.0,instagram,india,False,2024,Beauty&Fashion,MAPPED,,
32,Riyaz Aly @riyaz.14,28100000.0,0.93,India,Entertainment and Music Music,8400000.0,instagram,india,False,2024,Music,MAPPED,,
33,Sonakshi Sinha @aslisona,28000000.0,0.53,India,Beauty and Self Care Fashion and Accessories Modeling,8400000.0,instagram,india,False,2024,Beauty&Fashion,MAPPED,,
34,Hardik Himanshu Pandya @hardikpandya93,27500000.0,2.41,India,Sports Modeling Athlete,8199999.999999999,instagram,india,False,2024,Sports,MAPPED,,
35,𝐑𝐨𝐡𝐢𝐭 𝐙𝐢𝐧𝐣𝐮𝐫𝐤𝐞 🇮🇳 @rohittt_09_,26800000.0,4.24,India,Fashion and Accessories Entertainment and Music Digital Creator,8100000.0,instagram,india,False,2024,Beauty&Fashion,MAPPED,,
36,Suresh Raina @sureshraina3,26800000.0,0.93,India,Sports Cricket Modeling,8000000.0,instagram,india,False,2024,Sports,MAPPED,,
37,Divyanka Tripathi Dahiya @divyankatripathidahiya,26300000.0,0.24,India,Acting and Drama Travel Celebrity Actors,7900000.0,instagram,india,False,2024,Entertainment,MAPPED,,
38,Sidharth Malhotra @sidmalhotra,25800000.0,3.07,India,Entertainment and Music Actors Modeling Actor,7700000.0,instagram,india,False,2024,Beauty&Fashion,MAPPED,,
39,Angel Rai :) @angelrai07,25500000.0,2.54,India,Entertainment and Music,7700000.0,instagram,india,False,2024,Music,MAPPED,,
40,Allu Arjun @alluarjunonline,24800000.0,7.8,India,Acting and Drama Actors Artist,7400000.0,instagram,india,False,2024,Entertainment,MAPPED,,
41,Pooja Hegde @hegdepooja,24400000.0,2.74,India,Acting and Drama Modeling Public Figure,7300000.0,instagram,india,False,2024,Beauty&Fashion,MAPPED,,
42,Shruti Haasan @shrutzhaasan,23600000.0,0.59,India,Entertainment and Music Food Actors Singer,7100000.0,instagram,india,False,2024,Music,MAPPED,,
43,Tamannaah Bhatia @tamannaahspeaks,22100000.0,2.22,India,Entertainment and Music Celebrity Singer Actors,6600000.0,instagram,india,False,2024,Music,MAPPED,,
44,Janhvi Kapoor @janhvikapoor,21900000.0,3.06,India,Celebrity Celebrities,6600000.0,instagram,india,False,2024,Entertainment,MAPPED,,
45,Instant Bollywood @instantbollywood,21800000.0,0.52,India,Entertainment and Music News,6500000.0,instagram,india,False,2024,Knowledge&Info,MAPPED,,
46,Vijay Deverakonda @thedeverakonda,21200000.0,4.23,India,Entertainment and Music Celebrity Actors Actor,6400000.0,instagram,india,False,2024,Music,MAPPED,,
47,Sonu Sood @sonu_sood,21000000.0,1.76,India,Actors,6300000.0,instagram,india,False,2024,Entertainment,MAPPED,,
48,Ram Charan @alwaysramcharan,20800000.0,4.26,India,Acting and Drama,6200000.0,instagram,india,False,2024,Entertainment,MAPPED,,
49,Taapsee Pannu @taapsee,20500000.0,0.47,India,Acting and Drama Modeling Actors Artist,6200000.0,instagram,india,False,2024,Beauty&Fashion,MAPPED,,
50,Hina Khan @realhinakhan,19000000.0,0.76,India,Entertainment and Music Beauty and Self Care Fashion and Accessories Celebrity,5700000.0,instagram,india,False,2024,Beauty&Fashion,MAPPED,,
51,Malaika Arora @malaikaaroraofficial,18700000.0,0.61,India,Fitness and Health Food Fashion and Accessories Travel,5600000.0,instagram,india,False,2024,Sports,MAPPED,,
52,𝑨𝒋𝒆𝒚 𝑵𝒂𝒈𝒂𝒓 @carryminati,18700000.0,10.34,India,Entertainment and Music Video Blogger Actors Modeling,5600000.0,instagram,india,False,2024,Beauty&Fashion,MAPPED,,
53,F I L M Y G Y A N @filmygyan,18700000.0,0.11,India,Entertainment and Music Marketing and Advertising Celebrity News,5600000.0,instagram,india,False,2024,Knowledge&Info,MAPPED,,
54,Neha Sharma 💫 @nehasharmaofficial,18500000.0,2.04,India,Fashion and Accessories Food Arts and Crafts Acting and Drama,5600000.0,instagram,india,False,2024,Beauty&Fashion,MAPPED,,
55,Yuvraj Singh @yuvisofficial,18200000.0,1.69,India,Sports Business and Finance Cricket,5400000.0,instagram,india,False,2024,Sports,MAPPED,,
56,Shehnaaz Gill @shehnaazgill,17700000.0,3.64,India,Entertainment and Music Celebrity Music Lifestyle,5300000.0,instagram,india,False,2024,Music,MAPPED,,
57,Darshan Raval @darshanravaldz,17700000.0,1.76,India,Entertainment and Music Romance and Wedding Music Singer,5300000.0,instagram,india,False,2024,Beauty&Fashion,MAPPED,,
58,Shikhar Dhawan @shikhardofficial,17600000.0,3.92,India,Sports Modeling Lifestyle,5300000.0,instagram,india,False,2024,Sports,MAPPED,,
59,Shakti Mohan @mohanshakti,17500000.0,1.55,India,Art Dance Actors,5200000.0,instagram,india,False,2024,Music,MAPPED,,
60,Bhuvan Bam @bhuvan.bam22,17400000.0,5.94,India,Entertainment and Music Music Actors Geek,5200000.0,instagram,india,False,2024,Music,MAPPED,,
61,Yami Gautam Dhar @yamigautam,17000000.0,0.39,India,Acting and Drama Celebrity Modeling Actor,5100000.0,instagram,india,False,2024,Beauty&Fashion,MAPPED,,
62,Vicky Kaushal @vickykaushal09,16700000.0,2.57,India,Acting and Drama Celebrity Actors Modeling,5000000.0,instagram,india,False,2024,Beauty&Fashion,MAPPED,,
63,Ashish Chanchlani @ashishchanchlani,16500000.0,9.46,India,Entertainment and Music Funny Actors Humor,4900000.0,instagram,india,False,2024,Music,MAPPED,,
64,Ileana D'Cruz @ileana_official,16399999.999999998,2.76,India,Modeling Actors Fashion,4900000.0,instagram,india,False,2024,Beauty&Fashion,MAPPED,,
65,Kajol Devgan @kajol,16100000.000000002,1.82,India,Acting and Drama Modeling Actors,4800000.0,instagram,india,False,2024,Beauty&Fashion,MAPPED,,
66,Karan Johar @karanjohar,15800000.0,0.35,India,Entertainment and Music Actors Singer Music,4700000.0,instagram,india,False,2024,Music,MAPPED,,
67,Riteish Deshmukh @riteishd,15600000.0,1.32,India,Entertainment and Music Actors Producers,4700000.0,instagram,india,False,2024,Music,MAPPED,,
68,Ayushmann Khurrana @ayushmannk,15600000.0,1.0,India,Entertainment and Music Acting and Drama Actors Artist,4700000.0,instagram,india,False,2024,Music,MAPPED,,
69,DILJIT DOSANJH @diljitdosanjh,15200000.0,2.62,India,Entertainment and Music News Actors,4600000.0,instagram,india,False,2024,Knowledge&Info,MAPPED,,
70,Arjun Kapoor @arjunkapoor,15100000.0,0.29,India,Acting and Drama Celebrity,4500000.0,instagram,india,False,2024,Entertainment,MAPPED,,
71,Garima Chaurasia 💙 @gima_ashi,15100000.0,1.4,India,Fashion and Accessories Modeling Lifestyle,4500000.0,instagram,india,False,2024,Beauty&Fashion,MAPPED,,
72,Zareen Khan 🦄🌈✨👼🏻 @zareenkhan,14700000.0,0.96,India,Entertainment and Music Fashion and Accessories Beauty and Self Care Actors,4400000.0,instagram,india,False,2024,Beauty&Fashion,MAPPED,,
73,Keerthy Suresh @keerthysureshofficial,14400000.0,2.47,India,Acting and Drama Celebrity,4300000.0,instagram,india,False,2024,Entertainment,MAPPED,,
74,Stebin Ben @stebinben,14300000.0,4.48,India,Entertainment and Music Modeling Singer Celebrities,4300000.0,instagram,india,False,2024,Beauty&Fashion,MAPPED,,
75,Mika Singh @mikasingh,14200000.0,0.36,India,Entertainment and Music Celebrity Music Singer,4300000.0,instagram,india,False,2024,Music,MAPPED,,
76,ARMAAN MALIK 🧿 @armaanmalik,14200000.0,1.04,India,Entertainment and Music Music Singer,4300000.0,instagram,india,False,2024,Music,MAPPED,,
77,Dulquer Salmaan @dqsalmaan,14200000.0,6.19,India,Entertainment and Music Auto and Vehicles Celebrity,4300000.0,instagram,india,False,2024,Tech&Gaming,MAPPED,,
78,Esha Gupta @egupta,14100000.0,3.23,India,Entertainment and Music Celebrity Actors Soccer,4200000.0,instagram,india,False,2024,Sports,MAPPED,,
79,Bipasha Basu @bipashabasu,13900000.0,0.47,India,Fitness and Health Modeling,4200000.0,instagram,india,False,2024,Sports,MAPPED,,
80,Sidhu Moosewala (ਮੂਸੇ ਆਲਾ) @sidhu_moosewala,13900000.0,23.22,India,Entertainment and Music Music Singer,4200000.0,instagram,india,False,2024,Music,MAPPED,,
81,Genelia Deshmukh @geneliad,13400000.0,7.13,India,Acting and Drama Food family Actors,4000000.0,instagram,india,False,2024,Entertainment,MAPPED,,
82,Hasnain khan @hasnaink07,13300000.0,0.1,India,Finance Modeling,4000000.0,instagram,india,False,2024,Beauty&Fashion,MAPPED,,
83,Remo Dsouza @remodsouza,13200000.0,1.2,India,Entertainment and Music Dance,4000000.0,instagram,india,False,2024,Music,MAPPED,,
84,Harbhajan Turbanator Singh @harbhajan3,13200000.0,0.71,India,Fitness Cricket Modeling,4000000.0,instagram,india,False,2024,Sports,MAPPED,,
85,Sushant Singh Rajput @sushantsinghrajput,13100000.0,19.81,India,Entertainment and Music Actors Modeling,3900000.0,instagram,india,False,2024,Beauty&Fashion,MAPPED,,
86,Surya Kumar Yadav (SKY) @surya_14kumar,12900000.0,6.57,India,Beauty,3900000.0,instagram,india,False,2024,Beauty&Fashion,MAPPED,,
87,NitaShilimkar @nita_shilimkar,12700000.0,4.7,India,Beauty and Self Care,3800000.0,instagram,india,False,2024,Beauty&Fashion,MAPPED,,
88,Mumbai Indians @mumbaiindians,12500000.0,0.24,India,Sports Personal Finance Cricket,3800000.0,instagram,india,False,2024,Sports,MAPPED,,
89,KL Rahul👑 @klrahul,12300000.0,4.0,India,Sports Cricket Athlete,3700000.0,instagram,india,False,2024,Sports,MAPPED,,
90,Abhishek Bachchan @bachchan,12200000.0,0.35,India,Entertainment and Music Actors Producers,3600000.0,instagram,india,False,2024,Music,MAPPED,,
91,John Abraham @thejohnabraham,11900000.0,0.64,India,Entertainment and Music Acting and Drama Auto and Vehicles Actors,3600000.0,instagram,india,False,2024,Tech&Gaming,MAPPED,,
92,Mahesh Babu @urstrulymahesh,11800000.0,5.1,India,Acting and Drama Celebrity Modeling Actors,3500000.0,instagram,india,False,2024,Beauty&Fashion,MAPPED,,
93,RVCJ Media @rvcjinsta,11600000.0,0.2,India,Entertainment and Music Product Showcase,3500000.0,instagram,india,False,2024,Beauty&Fashion,MAPPED,,
94,Adnaan Shaikh @adnaan_07dz,11500000.0,0.53,India,"Fitness and Health Modeling Film, Music & Books Celebrities",3500000.0,instagram,india,False,2024,Sports,MAPPED,,
95,Riva Arora @rivarora_,11500000.0,0.77,India,Celebrity,3400000.0,instagram,india,False,2024,Entertainment,MAPPED,,
96,Raghav Juyal @raghavjuyal,11400000.0,3.34,India,Entertainment and Music Home and Garden Music Modeling,3400000.0,instagram,india,False,2024,Beauty&Fashion,MAPPED,,
97,Siddharth Nigam @thesiddharthnigam,11300000.0,0.87,India,Entertainment and Music Sports Celebrity,3400000.0,instagram,india,False,2024,Sports,MAPPED,,
98,MC STΔN 💔 @m___c___stan,11100000.0,13.19,India,Entertainment and Music Fashion and Accessories,3300000.0,instagram,india,False,2024,Beauty&Fashion,MAPPED,,
99,Sahil Khan @sahilkhan,11000000.0,1.15,India,Fitness and Health Product Education Gym Coaching,3300000.0,instagram,india,False,2024,Sports,MAPPED,,
100,Ajay Devgn @ajaydevgn,10800000.0,2.12,India,Acting and Drama,3300000.0,instagram,india,False,2024,Entertainment,MAPPED,,
1,Raffi Ahmad and Nagita Slavina @raffinagita1717,75300000.0,0.21,Indonesia,Entertainment and Music family Celebrity Marketing and Advertising,22600000.0,instagram,indonesia,False,2024,Knowledge&Info,MAPPED,,
2,Ayu Tingting @ayutingting92,56800000.0,0.02,Indonesia,Beauty and Self Care Celebrity Music Lifestyle,17000000.0,instagram,indonesia,False,2024,Beauty&Fashion,MAPPED,,
3,Prilly Latuconsina @prillylatuconsina96,55700000.0,0.02,Indonesia,Entertainment and Music Fashion and Accessories Celebrity Actors,16700000.0,instagram,indonesia,False,2024,Beauty&Fashion,MAPPED,,
4,Ruben Onsu @ruben_onsu,45100000.0,0.15,Indonesia,Beauty and Self Care Actors Music,13500000.0,instagram,indonesia,False,2024,Beauty&Fashion,MAPPED,,
5,SYAHRINI @princessyahrini,44200000.0,0.3,Indonesia,Celebrity Parenting Singer,13200000.0,instagram,indonesia,False,2024,Music,MAPPED,,
6,Natasha Wilona @natashawilona12,43300000.0,0.24,Indonesia,Fashion and Accessories Celebrity Modeling Cars & Motorcycles,13000000.0,instagram,indonesia,False,2024,Beauty&Fashion,MAPPED,,
7,Laudya Cynthia Bella @laudyacynthiabella,39700000.0,0.08,Indonesia,Acting and Drama Health and Medical Services Music of Asia Singer,11900000.0,instagram,indonesia,False,2024,Knowledge&Info,MAPPED,,
8,Gisella Anastasia @gisel_la,39100000.0,0.05,Indonesia,family Music of Asia Singer,11700000.0,instagram,indonesia,False,2024,Music,MAPPED,,
9,Luna Maya @lunamaya,38100000.0,0.07,Indonesia,Beauty and Self Care Entertainment and Music Celebrity Marketing and Advertising,11400000.0,instagram,indonesia,False,2024,Beauty&Fashion,MAPPED,,
10,@raisa6690,37800000.0,0.12,Indonesia,Musician,11300000.0,instagram,indonesia,False,2024,Music,MAPPED,,
11,Atta Halilintar (PAPATA) @attahalilintar,35100000.0,0.41,Indonesia,Entertainment and Music Music Auto and Vehicles Business and Finance,10500000.0,instagram,indonesia,False,2024,Knowledge&Info,MAPPED,,
12,Aurelie Hermansyah Atta @aurelie.hermansyah,34000000.0,0.04,Indonesia,Beauty and Self Care Product Modeling,10200000.0,instagram,indonesia,False,2024,Beauty&Fashion,MAPPED,,
13,Ashanty Ash @ashanty_ash,33700000.0,0.05,Indonesia,Entertainment and Music Celebrity Singer,10100000.0,instagram,indonesia,False,2024,Music,MAPPED,,
14,Jessica Iskandar @inijedar,33300000.0,0.04,Indonesia,family Food Celebrity Actors,10000000.0,instagram,indonesia,False,2024,Entertainment,MAPPED,,
15,INDONESIAN QUEEN MAKER @ivan_gunawan,32900000.0,0.02,Indonesia,Beauty and Self Care Fashion and Accessories Celebrity,9900000.0,instagram,indonesia,False,2024,Beauty&Fashion,MAPPED,,
16,Zaskia Sungkar @zaskiasungkar15,31500000.0,0.04,Indonesia,Fashion and Accessories,9400000.0,instagram,indonesia,False,2024,Beauty&Fashion,MAPPED,,
17,Zaskia Shinta @zaskia_gotix,30900000.0,0.02,Indonesia,family Music Singer,9300000.0,instagram,indonesia,False,2024,Music,MAPPED,,
18,Syahnaz Sadiqah @syahnazs,30000000.0,0.21,Indonesia,Art Actors Lifestyle,9000000.0,instagram,indonesia,False,2024,Entertainment,MAPPED,,
19,Chelsea Olivia Wijaya @chelseaoliviaa,28900000.0,0.14,Indonesia,Entertainment and Music Romance and Wedding Celebrity Celebrities,8700000.0,instagram,indonesia,False,2024,Beauty&Fashion,MAPPED,,
20,Shireen Sungkar @shireensungkar,28700000.0,0.14,Indonesia,,8600000.0,instagram,indonesia,False,2024,,,,
21,Via Vallen @viavallen,28000000.0,0.29,Indonesia,Entertainment and Music Singer Music,8400000.0,instagram,indonesia,False,2024,Music,MAPPED,,
22,Verrell Bramasta @bramastavrl,27400000.0,1.05,Indonesia,Fashion and Accessories Celebrity Lifestyle Actors,8199999.999999999,instagram,indonesia,False,2024,Beauty&Fashion,MAPPED,,
23,Nia Ramadhani Bakrie @ramadhaniabakrie,26100000.0,0.27,Indonesia,Fashion and Accessories Business and Finance Actors,7800000.0,instagram,indonesia,False,2024,Beauty&Fashion,MAPPED,,
24,Jessica Mila Agnesia @jscmila,25600000.0,0.74,Indonesia,Beauty and Self Care Entertainment and Music Celebrity Modeling,7700000.0,instagram,indonesia,False,2024,Beauty&Fashion,MAPPED,,
25,Gading Marten @gadiiing,24600000.0,0.23,Indonesia,Acting and Drama Entertainment and Music Celebrity News,7400000.0,instagram,indonesia,False,2024,Knowledge&Info,MAPPED,,
26,Sandra Dewi @sandradewi88,24200000.0,0.03,Indonesia,family Celebrity Modeling Cars & Motorcycles,7300000.0,instagram,indonesia,False,2024,Beauty&Fashion,MAPPED,,
27,Bunga Citra Lestari @bclsinclair,23300000.0,0.58,Indonesia,Education Upskilling Music Modeling,7000000.0,instagram,indonesia,False,2024,Beauty&Fashion,MAPPED,,
28,Bunda Maia Mussry The Queen @maiaestiantyreal,23000000.0,0.13,Indonesia,Celebrity Producers,6900000.0,instagram,indonesia,False,2024,Music,MAPPED,,
29,Irish Bella @_irishbella_,22600000.0,0.24,Indonesia,Beauty and Self Care family Celebrity Actors,6800000.0,instagram,indonesia,False,2024,Beauty&Fashion,MAPPED,,
30,Raditya Dika @raditya_dika,22300000.0,0.04,Indonesia,Entertainment and Music Funny Celebrity,6700000.0,instagram,indonesia,False,2024,Music,MAPPED,,
31,Ridwan Kamil @ridwankamil,21400000.0,0.57,Indonesia,Politics Architecture,6400000.0,instagram,indonesia,False,2024,Knowledge&Info,MAPPED,,
32,Oki Setiana Dewi @okisetianadewi,20700000.0,0.14,Indonesia,Beauty and Self Care Celebrity Actors,6200000.0,instagram,indonesia,False,2024,Beauty&Fashion,MAPPED,,
33,ussy sulistiawaty @ussypratama,20400000.0,0.06,Indonesia,Fashion and Accessories Actors,6100000.0,instagram,indonesia,False,2024,Beauty&Fashion,MAPPED,,
34,alghazaliköhler @alghazali7,20300000.0,0.37,Indonesia,Entertainment and Music Music Lifestyle DJ,6100000.0,instagram,indonesia,False,2024,Music,MAPPED,,
35,Inul Daratista @inul.d,19600000.0,0.01,Indonesia,Business and Finance Music Singer,5900000.0,instagram,indonesia,False,2024,Knowledge&Info,MAPPED,,
36,Maudy Ayunda @maudyayunda,19500000.0,0.05,Indonesia,Education Entertainment and Music Music Celebrity,5900000.0,instagram,indonesia,False,2024,Knowledge&Info,MAPPED,,
37,Iis Dahlia @isdadahlia,18600000.0,,Indonesia,Pets Modeling Singer,5600000.0,instagram,indonesia,False,2024,Beauty&Fashion,MAPPED,,
38,Pevita Pearce @pevpearce,18200000.0,0.36,Indonesia,Entertainment and Music Celebrity Actors,5500000.0,instagram,indonesia,False,2024,Music,MAPPED,,
39,Kartika Putri @kartikaputriworld,17900000.0,0.14,Indonesia,Beauty and Self Care Actors,5400000.0,instagram,indonesia,False,2024,Beauty&Fashion,MAPPED,,
40,Ricky Harun @rickyharun,17900000.0,0.02,Indonesia,"Fashion and Accessories Product Showcase Film, Music & Books Cars & Motorcycles",5400000.0,instagram,indonesia,False,2024,Beauty&Fashion,MAPPED,,
41,Baim Wong @baimwong,17900000.0,0.75,Indonesia,Finance Celebrity Actors Actor,5400000.0,instagram,indonesia,False,2024,Knowledge&Info,MAPPED,,
42,Citra Kirana @citraciki,17500000.0,0.09,Indonesia,family Entertainment and Music Romance and Wedding Celebrity,5300000.0,instagram,indonesia,False,2024,Beauty&Fashion,MAPPED,,
43,Melly Goeslaw @melly_goeslaw,16700000.0,0.03,Indonesia,Fashion and Accessories Music Moms Singer,5000000.0,instagram,indonesia,False,2024,Beauty&Fashion,MAPPED,,
44,Irwansyah @irwansyah_15,16300000.0,0.12,Indonesia,Business and Finance Celebrity Actors,4900000.0,instagram,indonesia,False,2024,Knowledge&Info,MAPPED,,
45,Chelsea Elizabeth Islan @chelseaislan,16100000.000000002,0.27,Indonesia,Education Celebrity Lifestyle Actors,4800000.0,instagram,indonesia,False,2024,Knowledge&Info,MAPPED,,
46,Salshabilla adriani @salshabillaadr,15800000.0,0.62,Indonesia,Fitness Actors Music Singer,4800000.0,instagram,indonesia,False,2024,Sports,MAPPED,,
47,Dinda Hauw @dindahw,15800000.0,0.79,Indonesia,"Beauty and Self Care Celebrity Celebrities Film, Music & Books",4700000.0,instagram,indonesia,False,2024,Beauty&Fashion,MAPPED,,
48,Soimah Pancawati @showimah,15800000.0,0.11,Indonesia,Actors Comedy,4700000.0,instagram,indonesia,False,2024,Entertainment,MAPPED,,
49,sunny @aurakasih,15400000.0,0.18,Indonesia,Animals Music Celebrity Food and Drink,4600000.0,instagram,indonesia,False,2024,Music,MAPPED,,
50,Glenn Alinskie @glennalinskie,14100000.0,0.6,Indonesia,Fashion and Accessories Nature Parenting Actors,4200000.0,instagram,indonesia,False,2024,Beauty&Fashion,MAPPED,,
51,Iqbaal Ramadhan @iqbaal.e,13900000.0,3.38,Indonesia,"Music Actors Film, Music & Books Celebrities",4200000.0,instagram,indonesia,False,2024,Knowledge&Info,MAPPED,,
52,Isyana Sarasvati @isyanasarasvati,13000000.0,0.11,Indonesia,Music,3900000.0,instagram,indonesia,False,2024,Music,MAPPED,,
53,Nikita Willy-Indra @nikitawillyofficial94,12400000.0,0.86,Indonesia,Fashion and Accessories,3700000.0,instagram,indonesia,False,2024,Beauty&Fashion,MAPPED,,
54,Ｍｉｃｈｅｌｌｅ Ｚｉｕｄｉｔｈ ｗ @michelleziu,11500000.0,0.09,Indonesia,Arts and Crafts Celebrity Business Product,3500000.0,instagram,indonesia,False,2024,Knowledge&Info,MAPPED,,
55,"Deddy Corbuzier, Ph.D @mastercorbuzier",11400000.0,0.59,Indonesia,Entertainment and Music Celebrity Mixed martial arts,3400000.0,instagram,indonesia,False,2024,Music,MAPPED,,
56,anya geraldine @anyageraldine,11400000.0,1.01,Indonesia,Product Showcase Celebrity Singer,3400000.0,instagram,indonesia,False,2024,Beauty&Fashion,MAPPED,,
57,Fadil Jaidi @fadiljaidi,11200000.0,0.15,Indonesia,Beauty and Self Care Fashion and Accessories Business and Finance,3400000.0,instagram,indonesia,False,2024,Beauty&Fashion,MAPPED,,
58,An Actress Lah Pokoknya @cassandraslee,11100000.0,0.08,Indonesia,Beauty and Self Care Product Education Product Showcase Celebrity,3300000.0,instagram,indonesia,False,2024,Beauty&Fashion,MAPPED,,
59,Nikita Mirzani @nikitamirzanimawardi_172,11100000.0,0.54,Indonesia,Art Beauty and Self Care,3300000.0,instagram,indonesia,False,2024,Beauty&Fashion,MAPPED,,
60,Betrand Putra Onsu @betrandpetoputraonsu,11000000.0,0.37,Indonesia,family Music,3300000.0,instagram,indonesia,False,2024,Music,MAPPED,,
61,Tareq Al-Harbi @6ar8o,11000000.0,0.01,Indonesia,Arts and Crafts Illustrator Celebrities,3300000.0,instagram,indonesia,False,2024,Entertainment,MAPPED,,
62,ANGGA ALDI YUNANDA @anggayunandareal16,10700000.0,1.17,Indonesia,Celebrity Modeling,3200000.0,instagram,indonesia,False,2024,Beauty&Fashion,MAPPED,,
63,Naisa Alifia Yuriza @naisaalifiayuriza,10600000.0,1.16,Indonesia,Entertainment and Music,3200000.0,instagram,indonesia,False,2024,Music,MAPPED,,
64,Cut Meyriska @cutratumeyriska,10200000.0,0.07,Indonesia,Modeling,3100000.0,instagram,indonesia,False,2024,Beauty&Fashion,MAPPED,,
65,stefan william @stefannwilliam,10200000.0,0.11,Indonesia,Auto and Vehicles Celebrity Actors,3000000.0,instagram,indonesia,False,2024,Tech&Gaming,MAPPED,,
66,Raline Shah @ralineshah,10100000.0,0.09,Indonesia,Travel Celebrity Actors,3000000.0,instagram,indonesia,False,2024,Entertainment,MAPPED,,
67,Angel Lelga S.E 🇨🇳🇳🇱🇮🇩 @angellelga,10100000.0,0.01,Indonesia,Fashion and Accessories Celebrity Business and Finance Moms,3000000.0,instagram,indonesia,False,2024,Beauty&Fashion,MAPPED,,
68,Founder: Shift Pemuda Hijrah movement @hanan_attaki,10000000.0,0.44,Indonesia,Education Upskilling,3000000.0,instagram,indonesia,False,2024,Knowledge&Info,MAPPED,,
69,Ariel Tatum @arieltatum,9600000.0,0.11,Indonesia,Acting and Drama Beauty and Self Care Celebrity Actors,2900000.0,instagram,indonesia,False,2024,Beauty&Fashion,MAPPED,,
70,Dian Sastrowardoyo @therealdisastr,9300000.0,0.09,Indonesia,Acting and Drama family Outdoor Activity Education,2800000.0,instagram,indonesia,False,2024,Sports,MAPPED,,
71,Sandiaga Salahuddin Uno @sandiuno,9200000.0,0.26,Indonesia,Business and Finance Entrepreneur,2800000.0,instagram,indonesia,False,2024,Knowledge&Info,MAPPED,,
72,Yuki Kato @yukikt,9200000.0,0.1,Indonesia,Finance Celebrity Actors,2700000.0,instagram,indonesia,False,2024,Knowledge&Info,MAPPED,,
73,Cinta Laura Kiehl @claurakiehl,9200000.0,0.08,Indonesia,Entertainment and Music Celebrity Modeling Singer,2700000.0,instagram,indonesia,False,2024,Beauty&Fashion,MAPPED,,
74,Febby Rastanty @febbyrastanty,9100000.0,0.1,Indonesia,"Fashion and Accessories Celebrity Singer Film, Music & Books",2700000.0,instagram,indonesia,False,2024,Beauty&Fashion,MAPPED,,
75,Megan Domani @megandomani1410,9000000.0,0.11,Indonesia,Product Showcase Celebrity Business,2700000.0,instagram,indonesia,False,2024,Beauty&Fashion,MAPPED,,
76,Jess No Limit @jessnolimit,8800000.0,0.13,Indonesia,Business and Finance Video Blogger,2700000.0,instagram,indonesia,False,2024,Knowledge&Info,MAPPED,,
77,AMMAR @ammarzoni,8600000.0,2.91,Indonesia,Finance Business and Finance Actors,2600000.0,instagram,indonesia,False,2024,Knowledge&Info,MAPPED,,
78,Dr. Hotman Paris SH M.Hum @hotmanparisofficial,8300000.000000001,0.02,Indonesia,Finance Business and Finance Entrepreneur,2500000.0,instagram,indonesia,False,2024,Knowledge&Info,MAPPED,,
79,Ranty Maria @rantymaria,8100000.0,0.13,Indonesia,Education Upskilling Celebrity Actors,2400000.0,instagram,indonesia,False,2024,Knowledge&Info,MAPPED,,
80,Jerome Polin Sijabat ジェローム @jeromepolin,8000000.0,0.18,Indonesia,Education,2400000.0,instagram,indonesia,False,2024,Knowledge&Info,MAPPED,,
81,𝕂𝕣𝕚𝕤 𝔻𝕒𝕪𝕒𝕟𝕥𝕚 @krisdayantilemos,8000000.0,0.11,Indonesia,Entertainment and Music Music Singer,2400000.0,instagram,indonesia,False,2024,Music,MAPPED,,
82,UAS عبد الصمد @ustadzabdulsomad_official,7900000.0,0.2,Indonesia,Education,2400000.0,instagram,indonesia,False,2024,Knowledge&Info,MAPPED,,
83,Syakir Daulay @syakirdaulay,7900000.0,0.16,Indonesia,Celebrity Actors Celebrities Cars & Motorcycles,2400000.0,instagram,indonesia,False,2024,Tech&Gaming,MAPPED,,
84,Rachel Vennya Roland @rachelvennya,7600000.0,0.14,Indonesia,Romance and Wedding Entertainment and Music Marketing and Advertising Children,2300000.0,instagram,indonesia,False,2024,Beauty&Fashion,MAPPED,,
85,Cut Beby Tsabina @bebytsabina,7600000.0,0.13,Indonesia,Beauty and Self Care Celebrity Business Music,2300000.0,instagram,indonesia,False,2024,Beauty&Fashion,MAPPED,,
86,Shandy Aulia @shandyaulia,7500000.0,0.12,Indonesia,Acting and Drama Fashion and Accessories Celebrity Actors,2300000.0,instagram,indonesia,False,2024,Beauty&Fashion,MAPPED,,
87,Abdullah Gymnastiar @aagym,7500000.0,0.05,Indonesia,Education Speaker,2200000.0,instagram,indonesia,False,2024,Knowledge&Info,MAPPED,,
88,Karin Novilda @awkarin,7000000.0,0.06,Indonesia,Life and Society Celebrity Singer Cars & Motorcycles,2100000.0,instagram,indonesia,False,2024,Knowledge&Info,MAPPED,,
89,Sule prikitiew @ferdinan_sule,7000000.0,0.11,Indonesia,Entertainment and Music Celebrity Cars,2100000.0,instagram,indonesia,False,2024,Tech&Gaming,MAPPED,,
90,Mikha Tambayong Mahenra @miktambayong,7000000.0,0.11,Indonesia,Entertainment and Music Music Celebrity Actors,2100000.0,instagram,indonesia,False,2024,Music,MAPPED,,
91,Anies Rasyid Baswedan @aniesbaswedan,7000000.0,1.71,Indonesia,Education Politics,2100000.0,instagram,indonesia,False,2024,Knowledge&Info,MAPPED,,
92,Celine Evangelista @celine_evangelista,6800000.0,0.14,Indonesia,Beauty and Self Care Product Showcase Actors,2100000.0,instagram,indonesia,False,2024,Beauty&Fashion,MAPPED,,
93,Tasya Farasya @tasyafarasya,6700000.0,0.15,Indonesia,Beauty and Self Care Blogger,2000000.0,instagram,indonesia,False,2024,Beauty&Fashion,MAPPED,,
94,rb @rey_bong26,6700000.0,0.15,Indonesia,Celebrity,2000000.0,instagram,indonesia,False,2024,Entertainment,MAPPED,,
95,PROMOTEOLSHOP 🔵 @fatma.arrumsari,6600000.0,0.3,Indonesia,Beauty,2000000.0,instagram,indonesia,False,2024,Beauty&Fashion,MAPPED,,
96,NELLA KHARISMA @nellakharisma,6600000.0,0.15,Indonesia,Fashion and Accessories Product Showcase Music Singer,2000000.0,instagram,indonesia,False,2024,Beauty&Fashion,MAPPED,,
97,Alfy Saga @alfysaga,6500000.0,0.18,Indonesia,Fashion and Accessories Video Blogger,2000000.0,instagram,indonesia,False,2024,Beauty&Fashion,MAPPED,,
98,shantydenny @shantydenny,6400000.0,0.1,Indonesia,Celebrity Modeling Moms,1900000.0,instagram,indonesia,False,2024,Beauty&Fashion,MAPPED,,
99,Paula Verhoeven Wong @paula_verhoeven,6200000.0,0.16,Indonesia,family Entertainment and Music Modeling,1900000.0,instagram,indonesia,False,2024,Beauty&Fashion,MAPPED,,
100,Papi G @giorgino_abraham,6100000.0,0.45,Indonesia,Celebrity Actors,1800000.0,instagram,indonesia,False,2024,Entertainment,MAPPED,,
1,Khabane Lame @khaby00,79700000.0,1.17,Italy,Entertainment and Music Funny Education Life and Society,23900000.0,instagram,italy,False,2024,Knowledge&Info,MAPPED,,
2,Juventus @juventus,60400000.0,0.2,Italy,Sports Soccer Sports Team Creators & Celebrities,18100000.0,instagram,italy,False,2024,Sports,MAPPED,,
3,Chiara Ferragni ✨ @chiaraferragni,29200000.0,2.92,Italy,Fashion and Accessories Business and Finance Public Figure Creators & Celebrities,8800000.0,instagram,italy,False,2024,Beauty&Fashion,MAPPED,,
4,Gianluca Vacchi @gianlucavacchi,22500000.0,1.31,Italy,Entertainment and Music Parenting Entrepreneur,6800000.0,instagram,italy,False,2024,Music,MAPPED,,
5,Valentino Rossi @valeyellow46,15800000.0,0.9,Italy,Sports Racing Riders Motorcycle Racing,4700000.0,instagram,italy,False,2024,Sports,MAPPED,,
6,AC Milan @acmilan,14800000.0,0.66,Italy,Sports Soccer,4400000.0,instagram,italy,False,2024,Sports,MAPPED,,
7,Scuderia Ferrari @scuderiaferrari,13900000.0,0.93,Italy,Auto and Vehicles Sports Personal Finance Racing,4200000.0,instagram,italy,False,2024,Sports,MAPPED,,
8,Rodrigo De Paul @rodridepaul,12800000.0,9.17,Italy,,3800000.0,instagram,italy,False,2024,,,,
9,Mr P @peterpsquare,12300000.0,0.15,Italy,Entertainment and Music Business and Finance Music,3700000.0,instagram,italy,False,2024,Knowledge&Info,MAPPED,,
10,Donatella Versace @donatella_versace,11800000.0,0.86,Italy,Fashion and Accessories Fashion Design Artist Creators & Celebrities,3500000.0,instagram,italy,False,2024,Beauty&Fashion,MAPPED,,
11,Mario Balotelli Barwuah 🇬🇭+🇮🇹=⚽️ @mb459,11300000.0,1.56,Italy,Soccer Sports,3400000.0,instagram,italy,False,2024,Sports,MAPPED,,
12,Gianluigi Buffon @gianluigibuffon,11000000.0,1.91,Italy,Sports Soccer,3300000.0,instagram,italy,False,2024,Sports,MAPPED,,
13,Can Yaman @canyaman,10500000.0,2.22,Italy,Acting and Drama Actors Modeling,3100000.0,instagram,italy,False,2024,Beauty&Fashion,MAPPED,,
14,Andrea Pirlo Official @andreapirlo21,9700000.0,1.55,Italy,Sports Soccer,2900000.0,instagram,italy,False,2024,Sports,MAPPED,,
15,Marco Verratti @marco_verratti92,9100000.0,2.63,Italy,Sports Soccer,2700000.0,instagram,italy,False,2024,Sports,MAPPED,,
16,Carlos Sainz @carlossainz55,9100000.0,7.19,Italy,Auto and Vehicles Racing,2700000.0,instagram,italy,False,2024,Sports,MAPPED,,
17,🌸Diletta Leotta🌸 @dilettaleotta,9100000.0,2.42,Italy,Fashion and Accessories Entertainment and Music Acting and Drama TV Host,2700000.0,instagram,italy,False,2024,Beauty&Fashion,MAPPED,,
18,Marzia Kjellberg @itsmarziapie,8800000.0,11.03,Italy,Fashion and Accessories Arts and Crafts Business and Finance Lifestyle,2600000.0,instagram,italy,False,2024,Beauty&Fashion,MAPPED,,
19,Thylane-Lena rose @thylaneblondeau,7300000.0,0.21,Italy,Fashion and Accessories Modeling Fashion Design Celebrities,2200000.0,instagram,italy,False,2024,Beauty&Fashion,MAPPED,,
20,Elettra Lamborghini @elettralamborghini,7200000.0,1.89,Italy,Entertainment and Music Music TV Host,2200000.0,instagram,italy,False,2024,Music,MAPPED,,
21,Francesco Nappo @francesconappoph,7100000.0,,Italy,Photography Business and Finance,2100000.0,instagram,italy,False,2024,Knowledge&Info,MAPPED,,
22,AS Roma @officialasroma,7000000.0,0.66,Italy,Soccer,2100000.0,instagram,italy,False,2024,Sports,MAPPED,,
23,ᎷᎪᎡᎢᏆNᎪ @vismaramartina,6900000.0,4.24,Italy,Fashion and Accessories Product Showcase Lifestyle,2100000.0,instagram,italy,False,2024,Beauty&Fashion,MAPPED,,
24,MARIANO DI VAIO @marianodivaio,6900000.0,0.6,Italy,Modeling Celebrities Technology,2100000.0,instagram,italy,False,2024,Beauty&Fashion,MAPPED,,
25,Ludovico Aldasio @ludovicoaldasio,6300000.0,1.02,Italy,Books,1900000.0,instagram,italy,False,2024,Knowledge&Info,MAPPED,,
26,Emma Marrone @real_brown,6000000.0,0.66,Italy,Entertainment and Music Food and Drink Music Singer,1800000.0,instagram,italy,False,2024,Music,MAPPED,,
27,Inter @inter,6000000.0,2.0,Italy,Soccer,1800000.0,instagram,italy,False,2024,Sports,MAPPED,,
28,Eva Menta @evamenta,5900000.0,6.64,Italy,Fashion and Accessories Marketing and Advertising Celebrities,1800000.0,instagram,italy,False,2024,Beauty&Fashion,MAPPED,,
29,Nazionale Italiana di Calcio @azzurri,5700000.0,1.23,Italy,Sports Soccer,1700000.0,instagram,italy,False,2024,Sports,MAPPED,,
30,Alessia Marcuzzi @alessiamarcuzzi,5600000.0,0.25,Italy,Fashion and Accessories Celebrities,1700000.0,instagram,italy,False,2024,Beauty&Fashion,MAPPED,,
31,Giulia De Lellis @giuliadelellis103,5400000.0,1.1,Italy,Fashion and Accessories Modeling Celebrities,1600000.0,instagram,italy,False,2024,Beauty&Fashion,MAPPED,,
32,Damiano David/Måneskin @ykaaar,5200000.0,9.07,Italy,Art Music,1600000.0,instagram,italy,False,2024,Music,MAPPED,,
33,Sebastian Colnaghi @sebastiancolnaghi,5200000.0,2.34,Italy,Travel Outdoor Activity,1600000.0,instagram,italy,False,2024,Sports,MAPPED,,
34,Carlo Ancelotti @mrancelotti,5100000.0,2.0,Italy,Trainers Soccer,1500000.0,instagram,italy,False,2024,Sports,MAPPED,,
35,Claudio Marchisio @marchisiocla8,5000000.0,0.7,Italy,Sports Soccer Modeling,1500000.0,instagram,italy,False,2024,Sports,MAPPED,,
36,Benedetta Rossi @fattoincasadabenedetta,4900000.0,2.29,Italy,Food Food and Drink,1500000.0,instagram,italy,False,2024,Lifestyle,MAPPED,,
37,Valentina Nappi @instavalentinanappi,4900000.0,0.53,Italy,Art Entertainment and Music Video Gaming Food,1500000.0,instagram,italy,False,2024,Tech&Gaming,MAPPED,,
38,Melissa Satta @melissasatta,4900000.0,0.62,Italy,Fashion and Accessories Sports TV Host,1500000.0,instagram,italy,False,2024,Sports,MAPPED,,
39,↠ 𝚉𝚄𝚁𝙸𝙰 𝚅𝙴𝙶𝙰 ↞☪ @zuriavvega,4700000.0,0.64,Italy,Fashion and Accessories Actors,1400000.0,instagram,italy,False,2024,Beauty&Fashion,MAPPED,,
40,Valentina Ferragni @valentinaferragni,4600000.0,2.83,Italy,Fashion and Accessories Lifestyle Modeling Celebrities,1400000.0,instagram,italy,False,2024,Beauty&Fashion,MAPPED,,
41,Alessandro Del Piero @alessandrodelpiero,4600000.0,2.12,Italy,Food Soccer,1400000.0,instagram,italy,False,2024,Sports,MAPPED,,
42,SFE 🇮🇹 @sferaebbasta,4500000.0,9.54,Italy,Music,1400000.0,instagram,italy,False,2024,Music,MAPPED,,
43,Chiara Biasi @chiarabiasi,4500000.0,0.11,Italy,Fashion Celebrities,1300000.0,instagram,italy,False,2024,Beauty&Fashion,MAPPED,,
44,Stephan El Shaarawy @stewel92,4500000.0,1.9,Italy,Sports,1300000.0,instagram,italy,False,2024,Sports,MAPPED,,
45,Leonardo Bonucci @bonuccileo19,4400000.0,1.5,Italy,Soccer,1300000.0,instagram,italy,False,2024,Sports,MAPPED,,
46,federica nargi @fede_nargi,4300000.0,1.56,Italy,Modeling,1300000.0,instagram,italy,False,2024,Beauty&Fashion,MAPPED,,
47,Laura Pausini Official @laurapausini,4300000.0,1.07,Italy,Entertainment and Music Music Actors Singer,1300000.0,instagram,italy,False,2024,Music,MAPPED,,
48,𝒫𝒶𝓁𝒶𝓋𝓇𝒶𝓈 ℯ 𝒱ℯ𝓇𝒹𝒶𝒹ℯ𝓈 🎗 @palavraseverdades,4100000.0,0.06,Italy,Beauty and Self Care Life and Society Quotes,1200000.0,instagram,italy,False,2024,Beauty&Fashion,MAPPED,,
49,Victoria De Angelis/ Måneskin @vicdeangelis,4100000.0,15.97,Italy,Entertainment and Music Music Musician Band,1200000.0,instagram,italy,False,2024,Music,MAPPED,,
50,Federico Chiesa @fedexchiesa,4100000.0,5.39,Italy,Soccer,1200000.0,instagram,italy,False,2024,Sports,MAPPED,,
51,Amici Official @amiciufficiale,4000000.0,0.43,Italy,Entertainment and Music Education Singer,1200000.0,instagram,italy,False,2024,Knowledge&Info,MAPPED,,
52,Alessandra Amoroso @amorosoof,4000000.0,1.3,Italy,Entertainment and Music Music Singer,1200000.0,instagram,italy,False,2024,Music,MAPPED,,
53,Vabbè @vabbe.it,3900000.0,2.12,Italy,Entertainment and Music Funny Quotes,1200000.0,instagram,italy,False,2024,Music,MAPPED,,
54,Francesco Totti @francescototti,3800000.0,7.9,Italy,Soccer,1200000.0,instagram,italy,False,2024,Sports,MAPPED,,
55,Ismaël Bennacer @ismaelbennacer,3800000.0,5.01,Italy,Sports Soccer,1100000.0,instagram,italy,False,2024,Sports,MAPPED,,
56,Gli Autogol @gliautogol,3700000.0,3.8,Italy,Celebrity Music,1100000.0,instagram,italy,False,2024,Music,MAPPED,,
57,C E L L E G R I N I @celestepellegrini,3600000.0,0.83,Italy,Fashion and Accessories Actors,1100000.0,instagram,italy,False,2024,Beauty&Fashion,MAPPED,,
58,Frank Matano @frankmatano,3600000.0,0.43,Italy,Funny Marketing and Advertising Humor Comedian,1100000.0,instagram,italy,False,2024,Knowledge&Info,MAPPED,,
59,Monica Bellucci @monicabellucciofficiel,3600000.0,5.5,Italy,Entertainment and Music Modeling,1100000.0,instagram,italy,False,2024,Beauty&Fashion,MAPPED,,
60,Elisabetta Canalis @littlecrumb_,3500000.0,2.02,Italy,Fashion and Accessories Modeling,1100000.0,instagram,italy,False,2024,Beauty&Fashion,MAPPED,,
61,Lindsay Capuano @lindsaycapuano,3500000.0,11.3,Italy,,1000000.0,instagram,italy,False,2024,,,,
62,Elodie @elodie,3400000.0,3.8,Italy,Art Celebrity,1000000.0,instagram,italy,False,2024,Entertainment,MAPPED,,
63,CALCIATORIBRUTTI @calciatoribrutti,3400000.0,2.74,Italy,Entertainment and Music Sports Automotive Soccer,1000000.0,instagram,italy,False,2024,Sports,MAPPED,,
64,Alice Campello Morata @alicecampello,3400000.0,3.4,Italy,Fashion and Accessories Marketing and Advertising Lifestyle Celebrities,1000000.0,instagram,italy,False,2024,Beauty&Fashion,MAPPED,,
65,Luciana Littizzetto @lucianinalittizzetto,3400000.0,0.3,Italy,,1000000.0,instagram,italy,False,2024,,,,
66,V @valentinafradegrada,3300000.0,0.55,Italy,Fashion and Accessories Business and Finance Food and Drink Music,993500.0,instagram,italy,False,2024,Beauty&Fashion,MAPPED,,
67,Lorenzo Ostuni @favij,3200000.0,2.32,Italy,Marketing and Advertising Lifestyle,969300.0,instagram,italy,False,2024,Knowledge&Info,MAPPED,,
68,Commenti Memorabili @commenti_memorabili,3200000.0,1.23,Italy,Quotes,959100.0,instagram,italy,False,2024,UNMAPPED,UNMAPPED,,
69,ELISA MAINO @la_mainoo,3100000.0,1.98,Italy,Fashion Lifestyle Celebrities Hair & Beauty,943800.0,instagram,italy,False,2024,Beauty&Fashion,MAPPED,,
70,Barbara d'Urso @barbaracarmelitadurso,3100000.0,0.54,Italy,Entertainment and Music Romance and Wedding Actors,932500.0,instagram,italy,False,2024,Beauty&Fashion,MAPPED,,
71,U2 @u2,3100000.0,1.92,Italy,Entertainment and Music DJ Music Producers,930500.0,instagram,italy,False,2024,Music,MAPPED,,
72,Riccardo Tisci @riccardotisci17,3100000.0,0.16,Italy,Fashion and Accessories Singer Music Entertainment,922300.0,instagram,italy,False,2024,Beauty&Fashion,MAPPED,,
73,Cristina Buccino 🇮🇹 @cribuccino,3100000.0,1.19,Italy,Product Education Coaching,921800.0,instagram,italy,False,2024,Knowledge&Info,MAPPED,,
74,Antonino Cannavacciuolo @antoninochef,3100000.0,0.37,Italy,Food,920000.0,instagram,italy,False,2024,Lifestyle,MAPPED,,
75,Pio e Amedeo @pioeamedeo83,3100000.0,1.77,Italy,Entertainment and Music Romance and Wedding Celebrity,919600.0,instagram,italy,False,2024,Beauty&Fashion,MAPPED,,
76,Christian Vieri @christianvieri,3100000.0,0.39,Italy,Sports Food Soccer,916700.0,instagram,italy,False,2024,Sports,MAPPED,,
77,SSC Napoli @officialsscnapoli,3000000.0,1.1,Italy,Sports Soccer,907000.0,instagram,italy,False,2024,Sports,MAPPED,,
78,EDOARDO SANTONOCITO @edoardosantonocito,3000000.0,5.39,Italy,Fashion and Accessories Tennis Modeling,903500.0,instagram,italy,False,2024,Sports,MAPPED,,
79,Giacomo Gianniotti @giacomo_gianniotti,3000000.0,0.27,Italy,Acting and Drama Entertainment and Music Celebrity Health and Medical Services,896500.0,instagram,italy,False,2024,Knowledge&Info,MAPPED,,
80,Carlo and Sarah @carloandsarah,3000000.0,5.89,Italy,,888200.0,instagram,italy,False,2024,,,,
81,Federico Bernardeschi @fbernardeschi,2900000.0,1.54,Italy,Sports Soccer,881000.0,instagram,italy,False,2024,Sports,MAPPED,,
82,Paolo Maldini @paolomaldini,2900000.0,9.88,Italy,Soccer,872000.0,instagram,italy,False,2024,Sports,MAPPED,,
83,Taylor Mega @taylor_mega,2800000.0,2.1,Italy,Fitness and Health,855000.0,instagram,italy,False,2024,Sports,MAPPED,,
84,Tammy Abraham @tammyabraham,2800000.0,9.01,Italy,Sports Soccer,842100.0,instagram,italy,False,2024,Sports,MAPPED,,
85,Anna Dello Russo @annadellorusso,2800000.0,0.14,Italy,Fashion and Accessories Modeling Actors,841200.0,instagram,italy,False,2024,Beauty&Fashion,MAPPED,,
86,Salmo Official @lebonwski,2700000.0,4.07,Italy,Beauty Music Modeling,821400.0,instagram,italy,False,2024,Beauty&Fashion,MAPPED,,
87,Akram mohamed elsayed @ekramyhagras,2700000.0,0.13,Italy,Arts and Crafts Fashion and Accessories,816100.0,instagram,italy,False,2024,Beauty&Fashion,MAPPED,,
88,Valentina Vignali @valentinavignali,2700000.0,0.59,Italy,Fashion and Accessories Sports Fitness and Health Basketball,808000.0,instagram,italy,False,2024,Sports,MAPPED,,
89,🍿Lodovica Comello🍿 @lodocomello,2700000.0,0.94,Italy,Entertainment and Music Education Marketing and Advertising Actors,803700.0,instagram,italy,False,2024,Knowledge&Info,MAPPED,,
90,Valentino Garavani. @realmrvalentino,2600000.0,0.06,Italy,Fashion and Accessories Arts and Crafts Fashion Design Modeling,794100.0,instagram,italy,False,2024,Beauty&Fashion,MAPPED,,
91,Aurora Ramazzotti @therealauroragram,2600000.0,6.22,Italy,Entertainment and Music Fashion and Accessories Marketing and Advertising Modeling,791000.0,instagram,italy,False,2024,Beauty&Fashion,MAPPED,,
92,Andrea Bocelli @andreabocelliofficial,2600000.0,0.69,Italy,Music Singer,777700.0,instagram,italy,False,2024,Music,MAPPED,,
93,Romina Malaspina @romimalaspina,2600000.0,0.81,Italy,Entertainment and Music Music Actors Modeling,767500.0,instagram,italy,False,2024,Beauty&Fashion,MAPPED,,
94,Silvia Caruso @silvialicius,2500000.0,1.98,Italy,Funny Modeling Music,763300.0,instagram,italy,False,2024,Beauty&Fashion,MAPPED,,
95,Abdelhamid Sabiri @abdelhamidsabiri,2500000.0,5.71,Italy,Sports,758900.0,instagram,italy,False,2024,Sports,MAPPED,,
96,Moise kean 🦍 @moise_kean,2500000.0,7.63,Italy,Events Soccer Sports,757700.0,instagram,italy,False,2024,Sports,MAPPED,,
97,ᗷᗩᖇᗷᗩᖇᗩ @barbarafabbroniofficial,2500000.0,1.12,Italy,Education Romance and Wedding Marketing and Advertising,757600.0,instagram,italy,False,2024,Beauty&Fashion,MAPPED,,
98,Valentino Bisegna @valebise,2500000.0,4.92,Italy,family Marketing and Advertising Lifestyle,752100.0,instagram,italy,False,2024,Knowledge&Info,MAPPED,,
99,Eliya Cioccolato @eliyacioccolato,2500000.0,2.36,Italy,Fashion and Accessories Fashion Design Celebrities Design,748600.0,instagram,italy,False,2024,Beauty&Fashion,MAPPED,,
100,The Pasta Queen @the_pastaqueen,2500000.0,1.29,Italy,Marketing and Advertising,741900.0,instagram,italy,False,2024,Knowledge&Info,MAPPED,,
1,Siew Pui Yi 🤍 @ms_puiyi,22100000.0,0.05,Japan,Art Entertainment and Music Celebrity Modeling,6600000.0,instagram,japan,False,2024,Beauty&Fashion,MAPPED,,
2,모모 (MOMO) @momo,14500000.0,0.1,Japan,,4300000.0,instagram,japan,False,2024,,,,
3,Nadine Lustre @nadine,12700000.0,1.59,Japan,Fashion and Accessories Singer Music TV Shows,3800000.0,instagram,japan,False,2024,Beauty&Fashion,MAPPED,,
4,사나 𝚂𝚊𝚗𝚊 @m.by__sana,11600000.0,11.1,Japan,,3500000.0,instagram,japan,False,2024,,,,
5,Sakura Miyawaki @39saku_chan,10800000.0,17.08,Japan,Entertainment and Music,3300000.0,instagram,japan,False,2024,Music,MAPPED,,
6,i_am_kiko @i_am_kiko,7900000.0,0.49,Japan,Fashion and Accessories Modeling,2400000.0,instagram,japan,False,2024,Beauty&Fashion,MAPPED,,
7,Stray Kids JAPAN OFFICIAL(JYP) @straykids_official_jp,6500000.0,8.09,Japan,,2000000.0,instagram,japan,False,2024,,,,
8,윤정한 @jeonghaniyoo_n,6400000.0,31.71,Japan,,1900000.0,instagram,japan,False,2024,,,,
9,藤田ニコル @2525nicole2,6200000.0,0.45,Japan,Fashion and Accessories Riders Lifestyle,1800000.0,instagram,japan,False,2024,Beauty&Fashion,MAPPED,,
10,Tomohisa Yamashita @tomo.y9,5200000.0,5.31,Japan,Entertainment and Music,1600000.0,instagram,japan,False,2024,Music,MAPPED,,
11,TWICE JAPAN OFFICIAL @jypetwice_japan,5200000.0,9.48,Japan,Entertainment and Music Music,1600000.0,instagram,japan,False,2024,Music,MAPPED,,
12,森咲智美 Tomomi Morisaki @morisakitomomi,4900000.0,0.47,Japan,Entertainment and Music Moms,1500000.0,instagram,japan,False,2024,Music,MAPPED,,
13,新木優子 @yuuuuukko_,4900000.0,1.92,Japan,Celebrity Lifestyle Modeling,1500000.0,instagram,japan,False,2024,Beauty&Fashion,MAPPED,,
14,佐々木希 @nozomisasaki_official,4800000.0,0.7,Japan,Fashion and Accessories Modeling,1400000.0,instagram,japan,False,2024,Beauty&Fashion,MAPPED,,
15,kasumi arimura 有村架純 @kasumi_arimura.official,4700000.0,5.96,Japan,Acting and Drama,1400000.0,instagram,japan,False,2024,Entertainment,MAPPED,,
16,川口春奈 @haruna_kawaguchi_official,4700000.0,4.78,Japan,Entertainment and Music Gym Modeling,1400000.0,instagram,japan,False,2024,Sports,MAPPED,,
17,Yuko Oshima @yuk00shima,4500000.0,0.93,Japan,Entertainment and Music Singer,1400000.0,instagram,japan,False,2024,Music,MAPPED,,
18,Kevin Cahill @kevinfashioned,4400000.0,2.26,Japan,Fashion,1300000.0,instagram,japan,False,2024,Beauty&Fashion,MAPPED,,
19,Marie Kondo @mariekondo,4100000.0,0.17,Japan,Home and Garden Lifestyle,1200000.0,instagram,japan,False,2024,Lifestyle,MAPPED,,
20,Takuya Kimura @takuya.kimura_tak,4000000.0,,Japan,,1200000.0,instagram,japan,False,2024,,,,
21,仲里依紗 RIISA NAKA @riisa1018naka,3800000.0,3.01,Japan,Fashion and Accessories Modeling,1100000.0,instagram,japan,False,2024,Beauty&Fashion,MAPPED,,
22,Tatsuya Tanaka 田中達也 @tanaka_tatsuya,3800000.0,1.27,Japan,Arts and Crafts Design,1100000.0,instagram,japan,False,2024,Lifestyle,MAPPED,,
23,Hello Kitty @hellokitty,3700000.0,2.4,Japan,Animation and Cosplay Fashion and Accessories Parenting Movies,1100000.0,instagram,japan,False,2024,Beauty&Fashion,MAPPED,,
24,TOYOTA GAZOO Racing @toyota_gazoo_racing,3700000.0,0.25,Japan,Auto and Vehicles Sports,1100000.0,instagram,japan,False,2024,Sports,MAPPED,,
25,三上悠亜　Yua Mikami @yua_mikami,3700000.0,1.55,Japan,Fashion and Accessories,1100000.0,instagram,japan,False,2024,Beauty&Fashion,MAPPED,,
26,Hina Yoshihara @hina_yshr,3300000.0,1.37,Japan,Entertainment and Music Fashion and Accessories Dance Choreographer,1000000.0,instagram,japan,False,2024,Beauty&Fashion,MAPPED,,
27,菜々緒 @nanao_official,3300000.0,1.52,Japan,Fashion,985700.0,instagram,japan,False,2024,Beauty&Fashion,MAPPED,,
28,水川あさみ @mizukawa_asami,3300000.0,0.84,Japan,Acting and Drama,984100.0,instagram,japan,False,2024,Entertainment,MAPPED,,
29,Maria.Tani 谷まりあ @mariaaaa728,3300000.0,1.27,Japan,Education Entertainment and Music Modeling,983700.0,instagram,japan,False,2024,Beauty&Fashion,MAPPED,,
30,Apryl🈲 @aprylsjones,3300000.0,0.74,Japan,Finance Upskilling Celebrity Music,979800.0,instagram,japan,False,2024,Knowledge&Info,MAPPED,,
31,石田ゆり子 Yuriko Ishida @yuriyuri1003,3200000.0,5.05,Japan,Entertainment and Music Celebrity Modeling,962000.0,instagram,japan,False,2024,Beauty&Fashion,MAPPED,,
32,D @d_japanese,3200000.0,0.07,Japan,Education Animation and Cosplay Fashion Design Artist,946000.0,instagram,japan,False,2024,Beauty&Fashion,MAPPED,,
33,吉岡里帆 @riho_yoshioka,3100000.0,2.31,Japan,Actors,927400.0,instagram,japan,False,2024,Entertainment,MAPPED,,
34,高畑充希 @mitsuki_takahata,3100000.0,3.36,Japan,Celebrity,917500.0,instagram,japan,False,2024,Entertainment,MAPPED,,
35,中村 アン @cocoannne,3000000.0,0.92,Japan,Modeling,890400.0,instagram,japan,False,2024,Beauty&Fashion,MAPPED,,
36,EURO 💶 @oieuro,2900000.0,12.19,Japan,Entertainment and Music Fashion and Accessories,866600.0,instagram,japan,False,2024,Beauty&Fashion,MAPPED,,
37,MOE／Kimono Mom @kimono_mom,2800000.0,0.33,Japan,Food,847800.0,instagram,japan,False,2024,Lifestyle,MAPPED,,
38,shohei miura/三浦翔平 @shohei.63,2700000.0,1.56,Japan,Celebrity,817800.0,instagram,japan,False,2024,Entertainment,MAPPED,,
39,イモトアヤコ 公式 @imotodesse,2700000.0,1.12,Japan,Travel,801000.0,instagram,japan,False,2024,Lifestyle,MAPPED,,
40,竹内涼真 @takeuchi_ryoma,2700000.0,1.37,Japan,Fashion,800200.0,instagram,japan,False,2024,Beauty&Fashion,MAPPED,,
41,Takashi Murakami @takashipom,2600000.0,0.28,Japan,Arts and Crafts Painting Illustrator,776600.0,instagram,japan,False,2024,Lifestyle,MAPPED,,
42,浜辺美波 Hamabe Minami @minami_hamabe.official,2500000.0,9.2,Japan,,745200.0,instagram,japan,False,2024,,,,
43,えなこ(Enako) @enakorin,2500000.0,2.96,Japan,Animation and Cosplay,740000.0,instagram,japan,False,2024,Tech&Gaming,MAPPED,,
44,Shinjiro Ono @marutaro,2400000.0,2.05,Japan,Pets Artists,734800.0,instagram,japan,False,2024,Lifestyle,MAPPED,,
45,Tastemade Japan テイストメイドジャパン @tastemade_japan,2400000.0,0.08,Japan,Food Marketing and Advertising,733400.0,instagram,japan,False,2024,Knowledge&Info,MAPPED,,
46,Peco @pecotecooo,2400000.0,9.82,Japan,Arts and Crafts Modeling,718800.0,instagram,japan,False,2024,Beauty&Fashion,MAPPED,,
47,Magda | BAR-BAR KUY! @mgdalenaf,2400000.0,0.23,Japan,Food Cooking,714300.0,instagram,japan,False,2024,Lifestyle,MAPPED,,
48,木村文乃 @fuminokimura_official,2400000.0,1.01,Japan,Acting and Drama Actors Modeling Music,708800.0,instagram,japan,False,2024,Beauty&Fashion,MAPPED,,
49,Yamaha Racing @yamaharacingcomofficial,2300000.0,0.45,Japan,Sports Auto and Vehicles Personal Finance Riders,702200.0,instagram,japan,False,2024,Sports,MAPPED,,
50,有吉弘行 @ariyoshihiroiki,2300000.0,1.22,Japan,Fashion and Accessories Gym Modeling,692900.0,instagram,japan,False,2024,Sports,MAPPED,,
51,天木じゅん Jun Amaki @jun.amaki,2300000.0,0.61,Japan,Entertainment and Music Celebrity,680000.0,instagram,japan,False,2024,Music,MAPPED,,
52,三吉彩花 @miyoshi.aa,2200000.0,4.2,Japan,Celebrity Modeling,647400.0,instagram,japan,False,2024,Beauty&Fashion,MAPPED,,
53,이홍기 @skullhong12,2100000.0,1.58,Japan,Travel Modeling Photography,639500.0,instagram,japan,False,2024,Beauty&Fashion,MAPPED,,
54,ONE OK ROCK @oneokrockofficial,2100000.0,5.11,Japan,Entertainment and Music Music Rock Band,632300.0,instagram,japan,False,2024,Music,MAPPED,,
55,滝沢カレン／KAREN TAKIZAWA @takizawakarenofficial,2100000.0,2.1,Japan,Fashion and Accessories,631200.0,instagram,japan,False,2024,Beauty&Fashion,MAPPED,,
56,ウエスP(WES-P/Mr Uekusa) BGT2018 @uespiiiiii,2000000.0,3.75,Japan,Entertainment and Music,610100.0,instagram,japan,False,2024,Music,MAPPED,,
57,𝐉_𝐉𝐔𝐍🌏김재중🌏ジェジュン🌏แจจุง🌏金在中🌏𝐉𝐉🤸𝐊𝐈𝐌𝐉𝐀𝐄𝐉𝐎𝐎𝐍𝐆🤸 @jj_1986_jj,2000000.0,1.99,Japan,Singer,609900.0,instagram,japan,False,2024,Music,MAPPED,,
58,Hideo Kojima @hideo_kojima,2000000.0,0.18,Japan,Games Video Gaming Actors,608900.0,instagram,japan,False,2024,Tech&Gaming,MAPPED,,
59,Ilya Kuvshinov @kuvshinov_ilya,2000000.0,2.69,Japan,Arts and Crafts Animation and Cosplay Illustrator,605000.0,instagram,japan,False,2024,Tech&Gaming,MAPPED,,
60,なにわ男子 @naniwadanshi728official,2000000.0,11.47,Japan,Entertainment and Music,586900.0,instagram,japan,False,2024,Music,MAPPED,,
61,AYO @ayofvr,1900000.0,0.09,Japan,Music Entertainment Singer,580500.0,instagram,japan,False,2024,Music,MAPPED,,
62,Yuki Tsunoda @yukitsunoda0511,1900000.0,7.88,Japan,,565000.0,instagram,japan,False,2024,,,,
63,Thomas Vermaelen @thomasvermaelen,1900000.0,1.62,Japan,Sports Soccer,564600.0,instagram,japan,False,2024,Sports,MAPPED,,
64,にしのななせ @nishino.nanase.official,1900000.0,7.14,Japan,,564000.0,instagram,japan,False,2024,,,,
65,ANRI @anri_okita,1900000.0,1.88,Japan,Animation and Cosplay Bikini Modeling,559400.0,instagram,japan,False,2024,Beauty&Fashion,MAPPED,,
66,城田優 Yu Shirota @yu_shirota,1800000.0,2.08,Japan,Acting and Drama Entertainment and Music Celebrity Music,549000.0,instagram,japan,False,2024,Music,MAPPED,,
67,山田裕貴 YUKI YAMADA 야마다 유키 @00_yuki_y,1800000.0,2.33,Japan,Entertainment and Music,547500.0,instagram,japan,False,2024,Music,MAPPED,,
68,aimyon @aimyon36,1800000.0,7.67,Japan,Entertainment and Music Singer Music,542700.0,instagram,japan,False,2024,Music,MAPPED,,
69,EXILE ATSUSHI @exile_atsushi_official,1800000.0,3.57,Japan,Entertainment and Music Music Singer Songwriting,540400.0,instagram,japan,False,2024,Music,MAPPED,,
70,Jun Hasegawa/長谷川潤 @liveglenwood,1800000.0,1.85,Japan,Education Entertainment and Music Modeling,538200.0,instagram,japan,False,2024,Beauty&Fashion,MAPPED,,
71,Shinji Kagawa 香川真司 @sk23.10,1800000.0,2.18,Japan,,530700.0,instagram,japan,False,2024,,,,
72,清野菜名 @seinonana,1800000.0,5.46,Japan,Celebrity Art,530600.0,instagram,japan,False,2024,Entertainment,MAPPED,,
73,ELAIZA IKEDA @elaiza_ikd,1800000.0,2.78,Japan,Art,530500.0,instagram,japan,False,2024,Lifestyle,MAPPED,,
74,⚽️ BRUNO GUIMARÃES @brunoguimaraes,1800000.0,8.21,Japan,Sports,527900.0,instagram,japan,False,2024,Sports,MAPPED,,
75,3COINS（スリーコインズ） @3coins_official,1700000.0,,Japan,Fashion and Accessories Home and Garden,522800.0,instagram,japan,False,2024,Beauty&Fashion,MAPPED,,
76,Gén Hoshino 星野源 @iamgenhoshino,1700000.0,3.15,Japan,Music,520900.0,instagram,japan,False,2024,Music,MAPPED,,
77,SHUZO @shuzo___3120,1700000.0,1.51,Japan,Fashion,520100.0,instagram,japan,False,2024,Beauty&Fashion,MAPPED,,
78,トリンドル玲奈 / Reina Triendl @toritori0123,1700000.0,0.87,Japan,,514700.00000000006,instagram,japan,False,2024,,,,
79,生見 愛瑠（めるる） @meru_nukumi,1700000.0,6.21,Japan,,509300.0,instagram,japan,False,2024,,,,
80,Lei da gratidão @lei_da_gratidao,1700000.0,0.24,Japan,Education,505200.0,instagram,japan,False,2024,Knowledge&Info,MAPPED,,
81,宮川大輔 @miyagawadai,1700000.0,2.6,Japan,Celebrity,499100.0,instagram,japan,False,2024,Entertainment,MAPPED,,
82,Shinsuke Nakamura @shinsukenakamura,1700000.0,4.18,Japan,Entertainment and Music Modeling,497300.0,instagram,japan,False,2024,Beauty&Fashion,MAPPED,,
83,香取慎吾 Shingo Katori @katorishingo_official,1600000.0,4.3,Japan,Art,494500.0,instagram,japan,False,2024,Lifestyle,MAPPED,,
84,Joe Ando かずや @joeandohirsh,1600000.0,11.63,Japan,Fashion and Accessories Actor,489500.0,instagram,japan,False,2024,Beauty&Fashion,MAPPED,,
85,MAABO @lesmaabo,1600000.0,0.31,Japan,Entertainment and Music Music Lifestyle,487800.0,instagram,japan,False,2024,Music,MAPPED,,
86,Baby J @jostasy,1600000.0,3.56,Japan,Fashion,486400.0,instagram,japan,False,2024,Beauty&Fashion,MAPPED,,
87,本田仁美 Honda Hitomi @10_hitomi_06,1600000.0,4.49,Japan,Music,484000.0,instagram,japan,False,2024,Music,MAPPED,,
88,Jai Asuncion @jaiyieee,1600000.0,0.64,Japan,Home and Garden,482700.0,instagram,japan,False,2024,Lifestyle,MAPPED,,
89,Kaori Oinuma @kaori_oinuma,1600000.0,2.0,Japan,Entertainment and Music Celebrity,476100.0,instagram,japan,False,2024,Music,MAPPED,,
90,辻希美tsujinozomi_official @tsujinozomi_official,1600000.0,,Japan,family Singer,475900.0,instagram,japan,False,2024,Music,MAPPED,,
91,水卜 麻美 @mito_meat,1600000.0,9.32,Japan,,474500.0,instagram,japan,False,2024,,,,
92,Hane_Ame 雨波 @haneame_cos,1600000.0,2.98,Japan,Animation and Cosplay Geek Anime Comics,473300.0,instagram,japan,False,2024,Tech&Gaming,MAPPED,,
93,Vogue Japan @voguejapan,1600000.0,0.11,Japan,Fashion and Accessories News News & Politics,472800.0,instagram,japan,False,2024,Beauty&Fashion,MAPPED,,
94,NICO【平成フラミンゴ】 @___nicoichi___,1600000.0,8.38,Japan,,472000.0,instagram,japan,False,2024,,,,
95,Rino Sashihara @345insta,1600000.0,4.96,Japan,Entertainment and Music,471700.0,instagram,japan,False,2024,Music,MAPPED,,
96,志尊淳/jun shison @jun_shison0305,1600000.0,9.25,Japan,,468100.0,instagram,japan,False,2024,,,,
97,コムドット やまと @com.yamato,1600000.0,6.79,Japan,,465300.0,instagram,japan,False,2024,,,,
98,Haruma Miura 三浦春馬 @haruma_miura_info,1500000.0,11.31,Japan,Acting and Drama Modeling Music,463800.0,instagram,japan,False,2024,Beauty&Fashion,MAPPED,,
99,DJShacho【Repezen foxx】DJ社長 @djshacho_candyfoxx,1500000.0,2.56,Japan,Fashion Gym Modeling,462500.0,instagram,japan,False,2024,Sports,MAPPED,,
100,綾野剛 Go Ayano @go_ayano_official,1500000.0,,Japan,Acting and Drama Celebrity,458100.0,instagram,japan,False,2024,Entertainment,MAPPED,,
1,دكتورة خلود💙💉🥇 @dr_kholodiii,11600000.0,0.03,Kuwait,Beauty and Self Care Animals & Pets Design Celebrities,3500000.0,instagram,kuwait,False,2024,Beauty&Fashion,MAPPED,,
2,Mishary Alafasy 🇰🇼 مشاري راشد العفاسي @alafasy,8500000.0,0.12,Kuwait,Entertainment and Music Speaker,2500000.0,instagram,kuwait,False,2024,Music,MAPPED,,
3,عقيل الرئيسي 👑 @aqeelstar,8400000.0,1.11,Kuwait,Entertainment and Music Celebrity,2500000.0,instagram,kuwait,False,2024,Music,MAPPED,,
4,Rawan Bin Hussain @rawan,7600000.0,0.58,Kuwait,Acting and Drama Entertainment and Music Celebrity Business and Finance,2300000.0,instagram,kuwait,False,2024,Knowledge&Info,MAPPED,,
5,Elham Alfadalah إلهام الفضالة @elhamalfadalah,7000000.0,0.08,Kuwait,Fashion and Accessories Celebrity Modeling,2100000.0,instagram,kuwait,False,2024,Beauty&Fashion,MAPPED,,
6,Hanadi alkanderi🌍🇰🇼 @hanaaady,5900000.0,0.13,Kuwait,family Modeling Actors,1800000.0,instagram,kuwait,False,2024,Beauty&Fashion,MAPPED,,
7,Shejoun شجون 🇰🇼 @shoooj,4600000.0,0.22,Kuwait,Celebrity Actors,1400000.0,instagram,kuwait,False,2024,Entertainment,MAPPED,,
8,Ali Najem | علي نجم @alinajim,4500000.0,0.75,Kuwait,Education Upskilling Hosted Cars & Motorcycles,1300000.0,instagram,kuwait,False,2024,Knowledge&Info,MAPPED,,
9,Fatma Alsafi @me_alsafi,4500000.0,0.22,Kuwait,Travel family Celebrity Actors,1300000.0,instagram,kuwait,False,2024,Entertainment,MAPPED,,
10,Haya Alshuaibi | هيا الشعيبي @hayaalshuaibi_79,4000000.0,0.04,Kuwait,Entertainment and Music Actors,1200000.0,instagram,kuwait,False,2024,Music,MAPPED,,
11,نوف نبيل | Nouf Nabil @noufnabil_,4000000.0,0.21,Kuwait,Entertainment and Music Celebrity,1200000.0,instagram,kuwait,False,2024,Music,MAPPED,,
12,المعتصم بالله مقداد | عصومي @motasmmekdad,3900000.0,7.89,Kuwait,Entertainment and Music Styling,1200000.0,instagram,kuwait,False,2024,Music,MAPPED,,
13,مَـــرمَـــر @mrmr__4,3900000.0,2.94,Kuwait,Fashion and Accessories Fashion Design Modeling,1200000.0,instagram,kuwait,False,2024,Beauty&Fashion,MAPPED,,
14,😈 مشاهير FUN 😈 @mashaheerfun,3700000.0,0.26,Kuwait,Entertainment and Music,1100000.0,instagram,kuwait,False,2024,Music,MAPPED,,
15,Halima Boland حليمه بولند @halima.bouland,3700000.0,0.92,Kuwait,Entertainment and Music Journalists,1100000.0,instagram,kuwait,False,2024,Knowledge&Info,MAPPED,,
16,الوليد مقداد | Waleed Miqdad @waleedmiqdad,3400000.0,3.17,Kuwait,Arts and Crafts Entertainment and Music Lifestyle Modeling,1000000.0,instagram,kuwait,False,2024,Beauty&Fashion,MAPPED,,
17,Sondos Alqattan سندس القطان @sondos_aq,3200000.0,0.4,Kuwait,Beauty and Self Care,957900.0,instagram,kuwait,False,2024,Beauty&Fashion,MAPPED,,
18,Dalal AlDoub 🕊 @dalalid,3200000.0,0.45,Kuwait,Fashion and Accessories Beauty and Self Care,957300.0,instagram,kuwait,False,2024,Beauty&Fashion,MAPPED,,
19,فرح الصراف farah alsarraf @fara7_al_,3200000.0,0.25,Kuwait,"Celebrity Lifestyle Film, Music & Books Celebrities",954300.0,instagram,kuwait,False,2024,Knowledge&Info,MAPPED,,
20,Balvinder Sahni (Abu Sabah) ابو صباح @balvinder_sahni,3100000.0,1.94,Kuwait,,935400.0,instagram,kuwait,False,2024,,,,
21,Haleemah alrasheedi @joooore66,2800000.0,0.15,Kuwait,Fashion and Accessories Modeling,843400.0,instagram,kuwait,False,2024,Beauty&Fashion,MAPPED,,
22,🇰🇼📍🇯🇴اللورد @amen_90,2700000.0,0.85,Kuwait,Fashion and Accessories Lifestyle,807900.0,instagram,kuwait,False,2024,Beauty&Fashion,MAPPED,,
23,Dany Neville @danyneville,2600000.0,3.87,Kuwait,Entertainment and Music Music DJ Entertainment,788100.0,instagram,kuwait,False,2024,Music,MAPPED,,
24,Ascia • آسيا @ascia,2500000.0,0.23,Kuwait,Fashion and Accessories Styling Hair & Beauty Design,749500.0,instagram,kuwait,False,2024,Beauty&Fashion,MAPPED,,
25,Dana Al Tuwarish ᴰᵀ @daneeda_t,2300000.0,0.07,Kuwait,Fashion and Accessories Lifestyle,701300.0,instagram,kuwait,False,2024,Beauty&Fashion,MAPPED,,
26,Jassim Rajab @leh_meta,2300000.0,2.43,Kuwait,Entertainment and Music Celebrity Actors Comedy,693600.0,instagram,kuwait,False,2024,Music,MAPPED,,
27,Fatima Almomen @falmomen,2300000.0,0.35,Kuwait,Finance Business and Finance Moms Lifestyle,688400.0,instagram,kuwait,False,2024,Knowledge&Info,MAPPED,,
28,عبدالله بوشهري @3bood_boushehri,2200000.0,0.68,Kuwait,Acting and Drama Celebrity,666900.0,instagram,kuwait,False,2024,Entertainment,MAPPED,,
29,@aldanahbeauty,2200000.0,0.09,Kuwait,Fashion and Accessories Modeling,658700.0,instagram,kuwait,False,2024,Beauty&Fashion,MAPPED,,
30,فهد البشاره / Fahad Albashara @fhdalbshara,2100000.0,3.1,Kuwait,,636500.0,instagram,kuwait,False,2024,,,,
31,AHMAD ALNUFAIS | أحمد النفيس @ahmad_alnufais,2100000.0,1.13,Kuwait,Photography iPhone Travel,624700.0,instagram,kuwait,False,2024,Lifestyle,MAPPED,,
32,Ghadeer Sultan - غدير سلطان @ghdor.sultan,2000000.0,0.09,Kuwait,Beauty and Self Care Education Product Education Product Showcase,609600.0,instagram,kuwait,False,2024,Beauty&Fashion,MAPPED,,
33,Ismail radwan elsayed Mansour @ismailradwanofficial,2000000.0,0.14,Kuwait,,604900.0,instagram,kuwait,False,2024,,,,
34,مشاري السفر @mshary.86,2000000.0,0.14,Kuwait,,600000.0,instagram,kuwait,False,2024,,,,
35,عيسى | E S S A @essa_almarzoug,2000000.0,1.1,Kuwait,"Art Singer Film, Music & Books",596600.0,instagram,kuwait,False,2024,Knowledge&Info,MAPPED,,
36,بـرانـك 🇸🇦 @prank_q8,2000000.0,0.23,Kuwait,,595100.0,instagram,kuwait,False,2024,,,,
37,Fouz Alshatti فوز الشطي🇰🇼 @fouz_alshatti,2000000.0,0.39,Kuwait,Acting and Drama Celebrity,587000.0,instagram,kuwait,False,2024,Entertainment,MAPPED,,
38,ليالي دهراب @layalidehrab,1900000.0,1.15,Kuwait,Fashion and Accessories,580700.0,instagram,kuwait,False,2024,Beauty&Fashion,MAPPED,,
39,Romance Collection @romance_collection,1900000.0,0.06,Kuwait,Fashion and Accessories Romance and Wedding,575400.0,instagram,kuwait,False,2024,Beauty&Fashion,MAPPED,,
40,شادن 🔥 @chadanofficial_,1900000.0,0.09,Kuwait,Fashion and Accessories Modeling Lifestyle,573600.0,instagram,kuwait,False,2024,Beauty&Fashion,MAPPED,,
41,Hend Alblooshi - هند البلوشي @hind_albloushii,1900000.0,0.16,Kuwait,Arts and Crafts Actors,557000.0,instagram,kuwait,False,2024,Entertainment,MAPPED,,
42,عايده حسان/aidahassan @aida_hassan,1800000.0,0.17,Kuwait,Fashion and Accessories,553100.0,instagram,kuwait,False,2024,Beauty&Fashion,MAPPED,,
43,Shaima Ali - شيماء علي @shaima_3li81,1800000.0,0.89,Kuwait,Acting and Drama Celebrity Modeling,536800.0,instagram,kuwait,False,2024,Beauty&Fashion,MAPPED,,
44,🌴خالد الفنجري-الكويت-٩٦٠١٦٤٣٦🌴 @khaled_fanjri,1700000.0,,Kuwait,Home and Garden,521100.0,instagram,kuwait,False,2024,Lifestyle,MAPPED,,
45,Lamya Tareq - لمياء طارق @lamya.tareq.official,1700000.0,0.04,Kuwait,Acting and Drama Celebrity,509100.0,instagram,kuwait,False,2024,Entertainment,MAPPED,,
46,@yousef_aljasmi,1700000.0,,Kuwait,Art Beauty Modeling,507300.0,instagram,kuwait,False,2024,Beauty&Fashion,MAPPED,,
47,مطبخ فطوم @fatome_kitchen,1700000.0,,Kuwait,Food,506400.0,instagram,kuwait,False,2024,Lifestyle,MAPPED,,
48,حسابات المصممين @joooore666,1700000.0,0.18,Kuwait,Fashion Gym Modeling,498200.0,instagram,kuwait,False,2024,Sports,MAPPED,,
49,طبخ وجدان العنزي🇰🇼 @ma6ba5.star,1700000.0,0.14,Kuwait,,497200.0,instagram,kuwait,False,2024,,,,
50,طلال سام @talal_sam,1600000.0,3.1,Kuwait,Entertainment and Music Celebrity Music Modeling,491900.0,instagram,kuwait,False,2024,Beauty&Fashion,MAPPED,,
51,Hanan Alnajadah_ حنان النجادة @hananalnajadah,1600000.0,0.14,Kuwait,Beauty and Self Care Hair & Beauty,491100.0,instagram,kuwait,False,2024,Beauty&Fashion,MAPPED,,
52,Nadia_cooks @nadia_cooks,1600000.0,0.4,Kuwait,Food,487100.0,instagram,kuwait,False,2024,Lifestyle,MAPPED,,
53,شاب كويتي☺ @jabhhaa,1600000.0,0.2,Kuwait,Beauty and Self Care,472500.0,instagram,kuwait,False,2024,Beauty&Fashion,MAPPED,,
54,Aziz Bader - عزيز بدر @aziz,1600000.0,0.09,Kuwait,Auto and Vehicles Celebrity Actors,472300.0,instagram,kuwait,False,2024,Tech&Gaming,MAPPED,,
55,Yoyo 🌟 @yousef_almohmed,1600000.0,0.13,Kuwait,Entertainment and Music Fitness and Health Celebrity Modeling,469300.0,instagram,kuwait,False,2024,Sports,MAPPED,,
56,Zahra Arafat @zahraarafatt,1500000.0,0.02,Kuwait,Celebrity Acting and Drama Entertainment and Music Actors,456100.0,instagram,kuwait,False,2024,Music,MAPPED,,
57,المهرة البحرينية @almahra91,1500000.0,0.05,Kuwait,Business and Finance Modeling Hair & Beauty Celebrities,452500.0,instagram,kuwait,False,2024,Beauty&Fashion,MAPPED,,
58,منصور المبارك @mansour_.95,1400000.0,8.74,Kuwait,,431800.0,instagram,kuwait,False,2024,,,,
59,دعيج الخليفة الصباح @dk_alsabah,1400000.0,0.06,Kuwait,,427400.0,instagram,kuwait,False,2024,,,,
60,محمد جارالله السهلي @m_jarallah,1400000.0,0.2,Kuwait,Celebrity Nature & Outdoors Architecture,425600.0,instagram,kuwait,False,2024,Entertainment,MAPPED,,
61,الياقوت _____ @alya8oot,1400000.0,,Kuwait,Food Gym Modeling,418400.0,instagram,kuwait,False,2024,Sports,MAPPED,,
62,rassil - راسيل @rassil_officiel,1400000.0,0.37,Kuwait,Entertainment and Music,412900.0,instagram,kuwait,False,2024,Music,MAPPED,,
63,القوة العسكرية @i_guns,1400000.0,0.14,Kuwait,Guns,412700.0,instagram,kuwait,False,2024,UNMAPPED,UNMAPPED,,
64,قناة الكويت @channel_ktv,1400000.0,,Kuwait,Humor,411500.0,instagram,kuwait,False,2024,Entertainment,MAPPED,,
65,مرزوق علي الغانم @marzouqalialghanim,1400000.0,0.37,Kuwait,Celebrity,410200.0,instagram,kuwait,False,2024,Entertainment,MAPPED,,
66,كنوز الطبيعة @ambre_oud,1400000.0,0.06,Kuwait,Beauty and Self Care,405300.0,instagram,kuwait,False,2024,Beauty&Fashion,MAPPED,,
67,فهد بن سالم الكندري @fahdalkandri,1300000.0,0.27,Kuwait,Education Celebrity,402100.0,instagram,kuwait,False,2024,Knowledge&Info,MAPPED,,
68,Hend Alsalem 🇰🇼 kuwait @hends_cooking,1300000.0,0.04,Kuwait,Food Food and Drink,400900.0,instagram,kuwait,False,2024,Lifestyle,MAPPED,,
69,yaqoub abdulla (official) @yaqoubian,1300000.0,,Kuwait,Acting and Drama Actors,400800.0,instagram,kuwait,False,2024,Entertainment,MAPPED,,
70,MALIKAH KABLI @malika_kabli,1300000.0,0.57,Kuwait,Beauty and Self Care Health and Medical Services,399100.0,instagram,kuwait,False,2024,Beauty&Fashion,MAPPED,,
71,معلومات و إقتباسات المشاهير @6db_1,1300000.0,0.4,Kuwait,Entertainment and Music Gym Modeling,396800.0,instagram,kuwait,False,2024,Sports,MAPPED,,
72,Maram Jassim - مرام البلوشي @marambloushi,1300000.0,0.09,Kuwait,Entertainment and Music Acting and Drama Celebrity Music,388900.0,instagram,kuwait,False,2024,Music,MAPPED,,
73,ZAZA | زينب نصر فيّاض ☾ @zainabnfayad,1300000.0,0.86,Kuwait,Beauty and Self Care Fashion and Accessories,385900.0,instagram,kuwait,False,2024,Beauty&Fashion,MAPPED,,
74,عبدالناصر درويش @bo__drwash,1300000.0,0.15,Kuwait,Funny,381900.0,instagram,kuwait,False,2024,Entertainment,MAPPED,,
75,احترم تحترم -منى شداد 🌺 @monashadad,1200000.0,,Kuwait,Entertainment and Music,373800.0,instagram,kuwait,False,2024,Music,MAPPED,,
76,حسن البلام @hasanalballam,1200000.0,0.12,Kuwait,Arts and Crafts,370500.0,instagram,kuwait,False,2024,Lifestyle,MAPPED,,
77,mr_tweeetss 🇰🇼 @mr_tweeetss,1200000.0,0.11,Kuwait,Photography,362900.0,instagram,kuwait,False,2024,Lifestyle,MAPPED,,
78,Ghadeer al sabti | غدير السبتي @ghader_alsabti,1200000.0,0.14,Kuwait,Acting and Drama Celebrity Home and Garden Actors,361100.0,instagram,kuwait,False,2024,Entertainment,MAPPED,,
79,hussain_almahdi @hussain_almahdi,1200000.0,0.8,Kuwait,Entertainment and Music Actors Artist,358800.0,instagram,kuwait,False,2024,Music,MAPPED,,
80,Lulwa Almulla- لولوة الملا @lulu_almulla1,1200000.0,0.52,Kuwait,Entertainment and Music Acting and Drama Celebrity,354500.0,instagram,kuwait,False,2024,Music,MAPPED,,
81,Fashion - style - beauty ..♥️ @towaty,1200000.0,0.08,Kuwait,Fashion and Accessories Beauty and Self Care Events Fashion Design,352600.0,instagram,kuwait,False,2024,Beauty&Fashion,MAPPED,,
82,بيفور🇰🇼 @beforeandafter_world,1200000.0,0.07,Kuwait,Entertainment and Music Video Games,350000.0,instagram,kuwait,False,2024,Tech&Gaming,MAPPED,,
83,عبدالعزيز .. @salfa__,1200000.0,0.08,Kuwait,,349200.0,instagram,kuwait,False,2024,,,,
84,احمد البجاري @cscc,1200000.0,8.79,Kuwait,Entertainment and Music Gym Modeling,346200.0,instagram,kuwait,False,2024,Sports,MAPPED,,
85,حكي وكلام .. ✍🏼♥️ @7aki_kalam,1200000.0,0.1,Kuwait,Arts and Crafts,346100.0,instagram,kuwait,False,2024,Lifestyle,MAPPED,,
86,مزيج من الانسانية والفكاهة @q8_vine,1100000.0,0.1,Kuwait,Funny,344000.0,instagram,kuwait,False,2024,Entertainment,MAPPED,,
87,🇰🇼 تفتيش الكويت @tfteeesh,1100000.0,0.1,Kuwait,News,343300.0,instagram,kuwait,False,2024,Knowledge&Info,MAPPED,,
88,بنات الكويت 🇰🇼🇰🇼 @bnaat_7awaaa,1100000.0,0.01,Kuwait,News & Politics,343100.0,instagram,kuwait,False,2024,Knowledge&Info,MAPPED,,
89,عبدالهادي عبدالله ⚡🇰🇼 @abdulhadi.plus,1100000.0,0.37,Kuwait,Education Upskilling,341600.0,instagram,kuwait,False,2024,Knowledge&Info,MAPPED,,
90,نوره العلي💕 @nora_alali2,1100000.0,0.74,Kuwait,Fashion and Accessories Food,341100.0,instagram,kuwait,False,2024,Beauty&Fashion,MAPPED,,
91,Mohamed Alkalha محمد الكلحه @alkalha_treats,1100000.0,0.74,Kuwait,Food Home and Garden Chef,337800.0,instagram,kuwait,False,2024,Lifestyle,MAPPED,,
92,المطبخ الكويتي kuwait @blingq8food,1100000.0,0.02,Kuwait,Food,336900.0,instagram,kuwait,False,2024,Lifestyle,MAPPED,,
93,FW AlAbdulhadi @hadi_92,1100000.0,0.18,Kuwait,Acting and Drama Education,332900.0,instagram,kuwait,False,2024,Knowledge&Info,MAPPED,,
94,🌸عالمي الجميل🌸 @abraryitta,1100000.0,,Kuwait,Fashion Gym Modeling,330800.0,instagram,kuwait,False,2024,Sports,MAPPED,,
95,الخبيرة معالي الشلاحي الأصلي @sephora_q8,1100000.0,,Kuwait,Beauty and Self Care Doctor,329200.0,instagram,kuwait,False,2024,Beauty&Fashion,MAPPED,,
96,Sarah Alajmi🇰🇼 @wo0owfashion,1100000.0,,Kuwait,Fashion and Accessories Lifestyle,325900.0,instagram,kuwait,False,2024,Beauty&Fashion,MAPPED,,
97,WTF VID 🇰🇼 @wtf_vid,1100000.0,0.87,Kuwait,Humor,322700.0,instagram,kuwait,False,2024,Entertainment,MAPPED,,
98,🇰🇼BADER🇰🇼 @bader_kw1990,1100000.0,,Kuwait,,322600.0,instagram,kuwait,False,2024,,,,
99,عبدالله الطليحي @abdullahaltulaihi82,1100000.0,0.62,Kuwait,Entertainment and Music Romance and Wedding Celebrity,321600.0,instagram,kuwait,False,2024,Beauty&Fashion,MAPPED,,
100,Khaled Aljenaee | خالد الجناعي @dr_jenaee,1100000.0,0.19,Kuwait,Celebrity,317900.0,instagram,kuwait,False,2024,Entertainment,MAPPED,,
1,Nancy Ajram @nancyajram,39500000.0,0.36,Lebanon,Entertainment and Music,11900000.0,instagram,lebanon,False,2024,Music,MAPPED,,
2,Elissa @elissazkh,19700000.0,0.25,Lebanon,Music Actors,5900000.0,instagram,lebanon,False,2024,Music,MAPPED,,
3,Nadine Nassib Njeim @nadine.nassib.njeim,16100000.000000002,0.96,Lebanon,Entertainment and Music family Education Celebrity,4800000.0,instagram,lebanon,False,2024,Knowledge&Info,MAPPED,,
4,Maya Diab @mayadiab,13800000.0,0.15,Lebanon,Entertainment and Music Parenting Modeling,4100000.0,instagram,lebanon,False,2024,Beauty&Fashion,MAPPED,,
5,Haifa Wehbe @haifawehbe,12200000.0,2.87,Lebanon,Entertainment and Music Singer,3600000.0,instagram,lebanon,False,2024,Music,MAPPED,,
6,Pandora Kaaki @pandorakaaki,12000000.0,1.8,Lebanon,Fashion and Accessories Lifestyle,3600000.0,instagram,lebanon,False,2024,Beauty&Fashion,MAPPED,,
7,YARA @yara,12000000.0,0.12,Lebanon,Entertainment and Music Soccer Singer Music,3600000.0,instagram,lebanon,False,2024,Sports,MAPPED,,
8,Nour Arida @nouraridaofficial,11000000.0,0.88,Lebanon,Education Upskilling Romance and Wedding Fashion and Accessories,3300000.0,instagram,lebanon,False,2024,Beauty&Fashion,MAPPED,,
9,Karen Wazen Bakhazi كارن وازن @karenwazen,8199999.999999999,1.54,Lebanon,Fashion and Accessories Video Gaming Modeling Hair & Beauty,2400000.0,instagram,lebanon,False,2024,Beauty&Fashion,MAPPED,,
10,Nawal El Zoghby - نوال الزغبي @nawalelzoghbi,6200000.0,0.53,Lebanon,Entertainment and Music Music Modeling Celebrities,1800000.0,instagram,lebanon,False,2024,Beauty&Fashion,MAPPED,,
11,Nassif Zeytoun @nassifzeytoun,6200000.0,1.6,Lebanon,Entertainment and Music Singer,1800000.0,instagram,lebanon,False,2024,Music,MAPPED,,
12,Maguy Bou Ghosn - ماغي بو غصن @maguyboughosn,6100000.0,0.88,Lebanon,Acting and Drama Celebrity Modeling,1800000.0,instagram,lebanon,False,2024,Beauty&Fashion,MAPPED,,
13,Kinda Hanna Hanna @kindahannaofficial,5900000.0,0.55,Lebanon,Celebrity Art Actors,1800000.0,instagram,lebanon,False,2024,Entertainment,MAPPED,,
14,Annabella Hilal @annabellahilal,5500000.0,1.96,Lebanon,Fashion and Accessories Journalists Design Celebrities,1600000.0,instagram,lebanon,False,2024,Beauty&Fashion,MAPPED,,
15,Raya Abirached @rayaofficial,5200000.0,0.21,Lebanon,Entertainment and Music Moms,1600000.0,instagram,lebanon,False,2024,Music,MAPPED,,
16,Ragheb Alama @raghebalama,4800000.0,0.28,Lebanon,Entertainment and Music Music,1500000.0,instagram,lebanon,False,2024,Music,MAPPED,,
17,جيني اسبر Jenny Esber @jennyesber,4800000.0,0.13,Lebanon,Acting and Drama Celebrity Hair & Beauty Design,1400000.0,instagram,lebanon,False,2024,Beauty&Fashion,MAPPED,,
18,Sexólogo| Mahmoud Baydoun @mahmoudbaydoun_,4700000.0,0.78,Lebanon,Education Romance and Wedding Home and Garden Medical Health,1400000.0,instagram,lebanon,False,2024,Beauty&Fashion,MAPPED,,
19,Mr Bitar محمود بيطار @bitar,4700000.0,2.49,Lebanon,Entertainment and Music Video Gaming,1400000.0,instagram,lebanon,False,2024,Tech&Gaming,MAPPED,,
20,Asa7be Sarcasm Society @asa7bess,4500000.0,0.48,Lebanon,Entertainment and Music Funny Humor,1300000.0,instagram,lebanon,False,2024,Music,MAPPED,,
21,Assi El Hallani @assielhallaniofficial,4300000.0,0.06,Lebanon,Entertainment and Music,1300000.0,instagram,lebanon,False,2024,Music,MAPPED,,
22,غسان إسماعيل @ghassan_esmaeel,3900000.0,0.67,Lebanon,Acting and Drama,1200000.0,instagram,lebanon,False,2024,Entertainment,MAPPED,,
23,Ali Jaber @syekh.alijaber,3800000.0,1.41,Lebanon,Pets Speaker,1100000.0,instagram,lebanon,False,2024,Lifestyle,MAPPED,,
24,CAROLE SAMAHA كارول سماحة @carolesamaha,3700000.0,0.33,Lebanon,Entertainment and Music Celebrity Music Singer,1100000.0,instagram,lebanon,False,2024,Music,MAPPED,,
25,Amr Rady @amrrady14,3700000.0,1.7,Lebanon,Entertainment and Music,1100000.0,instagram,lebanon,False,2024,Music,MAPPED,,
26,شادية ارسلان | Chadia Arsalan @chadia.arsalan,3500000.0,3.07,Lebanon,,1100000.0,instagram,lebanon,False,2024,,,,
27,Saint Hoax @sainthoax,3400000.0,3.43,Lebanon,Art Artist,1000000.0,instagram,lebanon,False,2024,Lifestyle,MAPPED,,
28,Sawsan Elsayed @sawsansayedofficial,3100000.0,0.53,Lebanon,,929800.0,instagram,lebanon,False,2024,,,,
29,MTV Lebanon @mtvlebanon,3100000.0,0.06,Lebanon,Entertainment and Music News TV Channel,916000.0,instagram,lebanon,False,2024,Knowledge&Info,MAPPED,,
30,Samer Khouzami @samerkhouzami,2700000.0,0.49,Lebanon,Beauty and Self Care Business Hair & Beauty Celebrities,809900.0,instagram,lebanon,False,2024,Beauty&Fashion,MAPPED,,
31,Ayman @zbibayman,2600000.0,0.99,Lebanon,Entertainment and Music Singer Music Songwriting,790500.0,instagram,lebanon,False,2024,Music,MAPPED,,
32,JESSY ABDO @jessy_abdo,2500000.0,1.53,Lebanon,Fitness and Health Modeling,760200.0,instagram,lebanon,False,2024,Sports,MAPPED,,
33,Razan El Moghrabi @razanelmoghrabi,2500000.0,0.04,Lebanon,Entertainment and Music Celebrity Modeling Music,745600.0,instagram,lebanon,False,2024,Beauty&Fashion,MAPPED,,
34,Stephanie Saliba ستيفاني صليبا @stephaniesalibaofficial,2400000.0,1.07,Lebanon,Acting and Drama Celebrity Modeling Fashion Design,709200.0,instagram,lebanon,False,2024,Beauty&Fashion,MAPPED,,
35,Sazdel El Kak سازديل @sazdell,2400000.0,0.03,Lebanon,Beauty and Self Care Fashion and Accessories,705300.0,instagram,lebanon,False,2024,Beauty&Fashion,MAPPED,,
36,Jacob Abrian @jacobabrian,2300000.0,0.02,Lebanon,Fashion and Accessories Business and Finance Lifestyle Modeling,685800.0,instagram,lebanon,False,2024,Beauty&Fashion,MAPPED,,
37,Mati @matiii,2200000.0,1.6,Lebanon,Beauty and Self Care,660800.0,instagram,lebanon,False,2024,Beauty&Fashion,MAPPED,,
38,Aghani Aghani - أغاني أغاني @aghaniaghani,2100000.0,0.15,Lebanon,Entertainment and Music News Music,626800.0,instagram,lebanon,False,2024,Knowledge&Info,MAPPED,,
39,Nekat Lebanese +18 @nekatlebanese18,2100000.0,0.65,Lebanon,Food Entertainment,615800.0,instagram,lebanon,False,2024,Entertainment,MAPPED,,
40,هيفا ماجيك-haiifamagic💍💙 @haiifamajicofficial1,2000000.0,0.87,Lebanon,Beauty and Self Care Fashion and Accessories Singer,610000.0,instagram,lebanon,False,2024,Beauty&Fashion,MAPPED,,
41,Ramy Ayach رامي عياش @ramyayachofficial,2000000.0,0.5,Lebanon,Entertainment and Music Music,585900.0,instagram,lebanon,False,2024,Music,MAPPED,,
42,Nancy Ajram Lovers @nancyajramlovers,1900000.0,0.49,Lebanon,Entertainment and Music Music Modeling,575300.0,instagram,lebanon,False,2024,Beauty&Fashion,MAPPED,,
43,Zinat Toufic - زينات توفيق @officialzinat,1800000.0,0.16,Lebanon,Entertainment and Music Music,547400.0,instagram,lebanon,False,2024,Music,MAPPED,,
44,Nour (نور) Ardakani @nourardakani,1800000.0,1.25,Lebanon,Art,540000.0,instagram,lebanon,False,2024,Lifestyle,MAPPED,,
45,نادين الراسي Nadinealrassi @nadinealrassi,1800000.0,1.26,Lebanon,Modeling Actors,537400.0,instagram,lebanon,False,2024,Beauty&Fashion,MAPPED,,
46,Aimée SAYAH إيميه الصيّاح @aimeesayah,1800000.0,0.37,Lebanon,Acting and Drama Travel Celebrity Actors,525100.0,instagram,lebanon,False,2024,Entertainment,MAPPED,,
47,E M I L Y S H A K @emilyshak,1700000.0,1.08,Lebanon,Fashion and Accessories Modeling Lifestyle Celebrities,522900.0,instagram,lebanon,False,2024,Beauty&Fashion,MAPPED,,
48,Ziad Bourji @ziadbourji,1700000.0,0.8,Lebanon,Entertainment and Music Celebrity Music Actors,511200.0,instagram,lebanon,False,2024,Music,MAPPED,,
49,Joseph Attieh @attieh_joseph,1700000.0,1.3,Lebanon,Basketball,496100.0,instagram,lebanon,False,2024,Sports,MAPPED,,
50,May Hariri @may.hariri,1600000.0,1.29,Lebanon,Entertainment and Music Music,489800.0,instagram,lebanon,False,2024,Music,MAPPED,,
51,Wael Jassar | وائل جسار @waeljassarofficial,1600000.0,0.4,Lebanon,Entertainment and Music Singer,489200.0,instagram,lebanon,False,2024,Music,MAPPED,,
52,Valerie Abou Chacra @valerieabouchacra,1500000.0,2.84,Lebanon,Art Actors,460000.0,instagram,lebanon,False,2024,Entertainment,MAPPED,,
53,نادين علي نايف عبدالعزيز @nadineabdelaziz,1400000.0,0.07,Lebanon,Food Health and Medical Services Actors Modeling,426700.0,instagram,lebanon,False,2024,Beauty&Fashion,MAPPED,,
54,@sultan_x220,1400000.0,0.42,Lebanon,Fashion and Accessories Food Travel Auto and Vehicles,424600.0,instagram,lebanon,False,2024,Beauty&Fashion,MAPPED,,
55,Wissam Hanna وسام حنّا @wissamhanna,1400000.0,0.36,Lebanon,,422800.0,instagram,lebanon,False,2024,,,,
56,Najwa Zebian @najwazebian,1400000.0,0.91,Lebanon,Education Parenting Actors Music,422800.0,instagram,lebanon,False,2024,Knowledge&Info,MAPPED,,
57,Melissa @melissasuperstar,1400000.0,1.86,Lebanon,Entertainment and Music Parenting Music,407200.0,instagram,lebanon,False,2024,Music,MAPPED,,
58,SalimCravata🇲🇦 @cravataofficiel,1400000.0,3.82,Lebanon,Fashion and Accessories Modeling Music,405600.0,instagram,lebanon,False,2024,Beauty&Fashion,MAPPED,,
59,Wissam Breidy وسام بريدي @wissambreidy,1300000.0,1.21,Lebanon,Fashion Parenting,398700.0,instagram,lebanon,False,2024,Beauty&Fashion,MAPPED,,
60,Faia Younan | فايا يونان @faiayo,1300000.0,1.49,Lebanon,Entertainment and Music Music Celebrities Cars & Motorcycles,390500.0,instagram,lebanon,False,2024,Tech&Gaming,MAPPED,,
61,Nour idriss | نور ادريس @nouridriss_,1300000.0,3.47,Lebanon,,388900.0,instagram,lebanon,False,2024,,,,
62,Wael Kfoury | وائل كفوري @waelkfouryradio,1300000.0,0.74,Lebanon,Entertainment and Music Music Actors Modeling,388100.0,instagram,lebanon,False,2024,Beauty&Fashion,MAPPED,,
63,RSM @ranjitsundaramurthy,1300000.0,3.96,Lebanon,Auto and Vehicles Automotive Cars,380900.0,instagram,lebanon,False,2024,Tech&Gaming,MAPPED,,
64,SHAHAD🇱🇧 @shahadabdallaa,1300000.0,0.26,Lebanon,Celebrity Modeling,378600.0,instagram,lebanon,False,2024,Beauty&Fashion,MAPPED,,
65,Cynthia Samuel Bakri @cynthiasam,1300000.0,1.0,Lebanon,Fashion and Accessories Entertainment and Music Celebrity Modeling,377600.0,instagram,lebanon,False,2024,Beauty&Fashion,MAPPED,,
66,Carla Haddad. كارلا حداد @carlahaddadofficial,1300000.0,0.4,Lebanon,Acting and Drama Modeling,376800.0,instagram,lebanon,False,2024,Beauty&Fashion,MAPPED,,
67,Nancy Ajram fan @nancyajramca,1200000.0,0.12,Lebanon,Entertainment and Music,374600.0,instagram,lebanon,False,2024,Music,MAPPED,,
68,Massari مساري 🇱🇧 @massari,1200000.0,2.26,Lebanon,Entertainment and Music Parenting Singer Music,374200.0,instagram,lebanon,False,2024,Music,MAPPED,,
69,Elie Saab (Unofficial) @eliesaabhautecouture,1200000.0,1.3,Lebanon,Fashion and Accessories Marketing and Advertising,367900.0,instagram,lebanon,False,2024,Beauty&Fashion,MAPPED,,
70,Sandra Rizk @sandrarizkofficial,1200000.0,1.46,Lebanon,Fashion and Accessories Moms Lifestyle,361700.0,instagram,lebanon,False,2024,Beauty&Fashion,MAPPED,,
71,Myriam Atallah @myriamatalla,1200000.0,0.41,Lebanon,Entertainment and Music Fashion and Accessories,359600.0,instagram,lebanon,False,2024,Beauty&Fashion,MAPPED,,
72,Ali Mnhosh | علي منحوش @mnhosh,1200000.0,7.48,Lebanon,Auto and Vehicles,352900.0,instagram,lebanon,False,2024,Tech&Gaming,MAPPED,,
73,A5rass - الاخرس @a5rass,1200000.0,8.11,Lebanon,,349800.0,instagram,lebanon,False,2024,,,,
74,ريم السواس @reem.alsawas,1200000.0,2.24,Lebanon,Art Music,347700.0,instagram,lebanon,False,2024,Music,MAPPED,,
75,LINE JABER- OFFICIEL 🔥 @linejaber,1100000.0,0.86,Lebanon,Animation and Cosplay Product Showcase Entertainment and Music Fashion and Accessories,342600.0,instagram,lebanon,False,2024,Beauty&Fashion,MAPPED,,
76,Lama Shreif - لمى شريف @lama.shreif,1100000.0,3.5,Lebanon,,340800.0,instagram,lebanon,False,2024,,,,
77,REEM ACRA @reemacra,1100000.0,0.07,Lebanon,Fashion and Accessories Business and Finance Fashion Design Styling,338700.0,instagram,lebanon,False,2024,Beauty&Fashion,MAPPED,,
78,Nataly Nemer @natalynemer,1100000.0,0.16,Lebanon,Beauty and Self Care,337600.0,instagram,lebanon,False,2024,Beauty&Fashion,MAPPED,,
79,Wael Kfoury @waelkfoury,1100000.0,2.44,Lebanon,Entertainment and Music Music Singer Songwriting,334400.0,instagram,lebanon,False,2024,Music,MAPPED,,
80,Sara Al Zakaria - سارة الزكريا @sara.alzakariya,1100000.0,1.3,Lebanon,Art Music,333000.0,instagram,lebanon,False,2024,Music,MAPPED,,
81,Elissar/اليسار @elissardancer,1100000.0,1.2,Lebanon,Entertainment and Music Fitness and Health Parenting Celebrities,331700.0,instagram,lebanon,False,2024,Sports,MAPPED,,
82,Ziad Nakad @ziadnakad,1100000.0,0.09,Lebanon,Fashion and Accessories Fashion Design Modeling,328200.0,instagram,lebanon,False,2024,Beauty&Fashion,MAPPED,,
83,𝑵𝒂𝒕𝒂𝒍𝒚 𝑴𝒐𝒌𝒃𝒆𝒍 | نتالي مقبل @natalymokbel,1100000.0,0.1,Lebanon,Entertainment and Music Beauty and Self Care,318600.0,instagram,lebanon,False,2024,Beauty&Fashion,MAPPED,,
84,Salim Assaf ▪️ سليم عساف @salimassaf,1100000.0,0.09,Lebanon,Entertainment and Music Music,318300.0,instagram,lebanon,False,2024,Music,MAPPED,,
85,sahar khalil سحر خليل @saharkll,1100000.0,2.71,Lebanon,Beauty and Self Care,316800.0,instagram,lebanon,False,2024,Beauty&Fashion,MAPPED,,
86,Ghinwa Mahmoud @ghinwamahmoudofficial,1100000.0,0.35,Lebanon,Arts and Crafts Celebrity Modeling Actors,316000.0,instagram,lebanon,False,2024,Beauty&Fashion,MAPPED,,
87,Faik Hassan - فائق حسن @faikhassan_official,1100000.0,0.83,Lebanon,,315900.0,instagram,lebanon,False,2024,,,,
88,Rima Fakih Slaiby @rimafakih,1100000.0,1.22,Lebanon,Education Upskilling Entertainment and Music family,315400.0,instagram,lebanon,False,2024,Knowledge&Info,MAPPED,,
89,Andria Tayeh @andria_tayeh,1000000.0,6.97,Lebanon,Celebrity,314600.0,instagram,lebanon,False,2024,Entertainment,MAPPED,,
90,Wadih el Cheikh 🎤 وديع الشيخ @wadihelcheikhofficial,1000000.0,1.57,Lebanon,Music,314300.0,instagram,lebanon,False,2024,Music,MAPPED,,
91,Bilal Al Arabi @bilalalarabi,1000000.0,6.4,Lebanon,Fashion Modeling,314000.0,instagram,lebanon,False,2024,Beauty&Fashion,MAPPED,,
92,amel carla @amelcarla,1000000.0,0.66,Lebanon,"Fashion and Accessories Celebrity Actors Film, Music & Books",309500.0,instagram,lebanon,False,2024,Beauty&Fashion,MAPPED,,
93,Nader Al Atat @naderalatat,1000000.0,1.73,Lebanon,Entertainment and Music Music,307200.0,instagram,lebanon,False,2024,Music,MAPPED,,
94,Mona Abou Hamze @monaabouhamzeofficial,1000000.0,0.1,Lebanon,Entertainment and Music family,306900.0,instagram,lebanon,False,2024,Music,MAPPED,,
95,Joe Trad / جو طراد @joetrad,1000000.0,2.45,Lebanon,Acting and Drama Celebrity,304600.0,instagram,lebanon,False,2024,Entertainment,MAPPED,,
96,Karim Nour - كريم نور @karimnourkn,1000000.0,0.64,Lebanon,Entertainment and Music Music,303600.0,instagram,lebanon,False,2024,Music,MAPPED,,
97,شرطة المشاهير @shorta_almashahir,1000000.0,1.34,Lebanon,Entertainment and Music News & Politics,303500.0,instagram,lebanon,False,2024,Knowledge&Info,MAPPED,,
98,Farah @fafiabdelaziz,1000000.0,0.28,Lebanon,Fashion Lifestyle Hair & Beauty Celebrities,302800.0,instagram,lebanon,False,2024,Beauty&Fashion,MAPPED,,
99,Lana Medawar لانا مدوّر @lanamedawar,1000000.0,1.17,Lebanon,,302800.0,instagram,lebanon,False,2024,,,,
100,Stéphanie Atala ستيفاني عطالله @stephanieatalaofficial,1000000.0,10.23,Lebanon,Celebrity,302200.0,instagram,lebanon,False,2024,Entertainment,MAPPED,,
1,Siti Nurhaliza Tarudin @ctdk,9200000.0,0.08,Malaysia,Entertainment and Music Music Singer Artist,2800000.0,instagram,malaysia,False,2024,Music,MAPPED,,
2,ZIZAN RAZAK @zizanrazak869,7800000.0,0.05,Malaysia,Art Actors Artist,2400000.0,instagram,malaysia,False,2024,Entertainment,MAPPED,,
3,MIRA FILZAH @mfmirafilzah,7300000.0,0.86,Malaysia,Acting and Drama Celebrity Actors Artist,2200000.0,instagram,malaysia,False,2024,Entertainment,MAPPED,,
4,Ebit Lew @ebitlew,6600000.0,1.21,Malaysia,,2000000.0,instagram,malaysia,False,2024,,,,
5,Scha Alyahya™ @schaalyahya,6600000.0,0.04,Malaysia,Fashion and Accessories family Modeling Product,2000000.0,instagram,malaysia,False,2024,Beauty&Fashion,MAPPED,,
6,Janna Nick @jannanick,6300000.0,0.19,Malaysia,Entertainment and Music Fashion and Accessories Business and Finance Actors,1900000.0,instagram,malaysia,False,2024,Beauty&Fashion,MAPPED,,
7,Hanis Zalikha @haniszalikha,6200000.0,0.16,Malaysia,Fashion and Accessories Business and Finance Celebrity Actors,1800000.0,instagram,malaysia,False,2024,Beauty&Fashion,MAPPED,,
8,Madam Amyra @aamyrarosli,6100000.0,0.07,Malaysia,Acting and Drama Celebrity Actors Personal Blog,1800000.0,instagram,malaysia,False,2024,Entertainment,MAPPED,,
9,Nur Fazura @missfazura,5800000.0,0.42,Malaysia,Entertainment and Music Fashion and Accessories Actors Artist,1700000.0,instagram,malaysia,False,2024,Beauty&Fashion,MAPPED,,
10,Awal Ashaari ® @awalashaari,5700000.0,0.04,Malaysia,Entertainment and Music Actors Public Figure,1700000.0,instagram,malaysia,False,2024,Music,MAPPED,,
11,HRH Crown Prince of Johor @hrhcrownprinceofjohor,5500000.0,3.22,Malaysia,Life and Society Politics,1600000.0,instagram,malaysia,False,2024,Knowledge&Info,MAPPED,,
12,UQASHA SENROSE @uqashasenrose2,5400000.0,0.65,Malaysia,Acting and Drama Celebrity Actors Actor,1600000.0,instagram,malaysia,False,2024,Entertainment,MAPPED,,
13,Ayda Jebat @aydajebat,5400000.0,0.09,Malaysia,"Pets Singer Film, Music & Books Artist",1600000.0,instagram,malaysia,False,2024,Knowledge&Info,MAPPED,,
14,Fasha Sandha @fashasandha,5300000.0,0.05,Malaysia,Fashion and Accessories Arts and Crafts family Celebrity,1600000.0,instagram,malaysia,False,2024,Beauty&Fashion,MAPPED,,
15,Rozita Che Wan @rozitachewan1,5200000.0,0.01,Malaysia,Fashion and Accessories Celebrity Comedy,1600000.0,instagram,malaysia,False,2024,Beauty&Fashion,MAPPED,,
16,HAIRUL AZREEN IDRIS @hairulazreen,5100000.0,0.53,Malaysia,Acting and Drama Celebrity Actors Artist,1500000.0,instagram,malaysia,False,2024,Entertainment,MAPPED,,
17,Shuib Sepahtu @shuibsepahtu,5000000.0,0.29,Malaysia,Pets Music Comedian Creators & Celebrities,1500000.0,instagram,malaysia,False,2024,Music,MAPPED,,
18,Lisa Surihani Mohamed @lisasurihani,4600000.0,0.07,Malaysia,Beauty and Self Care Celebrity Actors Actor,1400000.0,instagram,malaysia,False,2024,Beauty&Fashion,MAPPED,,
19,Jep Sepahtu @jepsepahtu,4400000.0,0.41,Malaysia,Entertainment and Music Celebrity Actors,1300000.0,instagram,malaysia,False,2024,Music,MAPPED,,
20,Yana Samsudin @yanasamsudin,4300000.0,0.21,Malaysia,Acting and Drama Fashion and Accessories Celebrity Actors,1300000.0,instagram,malaysia,False,2024,Beauty&Fashion,MAPPED,,
21,Aliff syukri kamarzaman @aliffsyukriterlajaklaris,4300000.0,0.05,Malaysia,Fashion and Accessories Humor Personal Blog Creators & Celebrities,1300000.0,instagram,malaysia,False,2024,Beauty&Fashion,MAPPED,,
22,Wawa Zainal ®️ @w4w4_zainal,4200000.0,0.23,Malaysia,Beauty and Self Care Fashion and Accessories Product Showcase Business and Finance,1300000.0,instagram,malaysia,False,2024,Beauty&Fashion,MAPPED,,
23,A I Z A - L I L O O N A A I @aizalovesam,4100000.0,0.51,Malaysia,Pets Marketing and Advertising Events Celebrities,1200000.0,instagram,malaysia,False,2024,Knowledge&Info,MAPPED,,
24,Lara Alana Ahmad @laraalanaa,4000000.0,0.19,Malaysia,family Children Personal Blog,1200000.0,instagram,malaysia,False,2024,Lifestyle,MAPPED,,
25,Shaheizy Sam Samad @shaheizy_sam,4000000.0,0.17,Malaysia,Acting and Drama Health and Medical Services Actors,1200000.0,instagram,malaysia,False,2024,Knowledge&Info,MAPPED,,
26,Siti Nordiana Alias @sitinordiana,3900000.0,0.22,Malaysia,Celebrity Music Entertainment and Music,1200000.0,instagram,malaysia,False,2024,Music,MAPPED,,
27,Hakken 八犬 @_hakkencoser_,3900000.0,13.72,Malaysia,Animation and Cosplay Celebrity Geek Comics,1200000.0,instagram,malaysia,False,2024,Tech&Gaming,MAPPED,,
28,Khairul Amin Kamarulzaman @khairulaming,3900000.0,5.22,Malaysia,Food Cooking Restaurants Digital Creator,1200000.0,instagram,malaysia,False,2024,Lifestyle,MAPPED,,
29,Erra Fazira @errafazira,3800000.0,0.31,Malaysia,Acting and Drama Entertainment and Music Celebrity Music,1100000.0,instagram,malaysia,False,2024,Music,MAPPED,,
30,ZaraPrihatin @zarazya,3700000.0,0.21,Malaysia,Product Showcase Marketing and Advertising Actors Public Figure,1100000.0,instagram,malaysia,False,2024,Beauty&Fashion,MAPPED,,
31,Fattah Amin @fattahaminz,3700000.0,0.2,Malaysia,Entertainment and Music Celebrity Actors,1100000.0,instagram,malaysia,False,2024,Music,MAPPED,,
32,Alif Satar®️ @alifsatar,3600000.0,0.29,Malaysia,Entertainment and Music Fitness and Health Finance Business and Finance,1100000.0,instagram,malaysia,False,2024,Sports,MAPPED,,
33,Aaron Aziz @aarondwiaziz,3300000.0,0.11,Malaysia,Acting and Drama Celebrity Actors,999300.0,instagram,malaysia,False,2024,Entertainment,MAPPED,,
34,Anzalna Nasir @anzalnanasir88,3300000.0,0.23,Malaysia,,991600.0,instagram,malaysia,False,2024,,,,
35,Nur Fathia - ファティヤ @fatiyalatiff,3300000.0,0.06,Malaysia,Acting and Drama Beauty and Self Care Celebrity Actors,983800.0,instagram,malaysia,False,2024,Beauty&Fashion,MAPPED,,
36,Diana Danielle @dianadanielleb,3200000.0,0.14,Malaysia,family Celebrity Actors Actor,954500.0,instagram,malaysia,False,2024,Entertainment,MAPPED,,
37,Sheila Rusly™️ @sheilarusly_jspictures,3100000.0,0.3,Malaysia,Food Public Figure Creators & Celebrities,939800.0,instagram,malaysia,False,2024,Entertainment,MAPPED,,
38,Izzue Islam ™ @izzueislam,3100000.0,0.39,Malaysia,Celebrity Careers Actors Actor,930900.0,instagram,malaysia,False,2024,Entertainment,MAPPED,,
39,Dato Seri Vida @datoserivida,3000000.0,0.3,Malaysia,Beauty and Self Care Product Showcase,893100.0,instagram,malaysia,False,2024,Beauty&Fashion,MAPPED,,
40,Ajak Shiro @ajakshiro,2900000.0,0.29,Malaysia,Entertainment and Music Funny Business and Finance Actors,875500.0,instagram,malaysia,False,2024,Knowledge&Info,MAPPED,,
41,Amar Baharin @amarbaharin,2900000.0,0.03,Malaysia,Acting and Drama Celebrity Actors,871700.0,instagram,malaysia,False,2024,Entertainment,MAPPED,,
42,Siti Sarah Raissuddin @sitisarahraissuddin,2900000.0,0.58,Malaysia,Entertainment and Music Music Singer Artist,864300.0,instagram,malaysia,False,2024,Music,MAPPED,,
43,Malaysia Pargo @malaysiainthecity,2800000.0,0.31,Malaysia,Beauty and Self Care Modeling Actors Celebrities,841000.0,instagram,malaysia,False,2024,Beauty&Fashion,MAPPED,,
44,zul_ariffin @zul_ariffin,2800000.0,0.61,Malaysia,Fashion Beauty Actors,830100.0,instagram,malaysia,False,2024,Beauty&Fashion,MAPPED,,
45,FAD & SYAHEERA @fadbocey,2700000.0,0.22,Malaysia,Entertainment and Music Actors Public Figure Creators & Celebrities,803100.0,instagram,malaysia,False,2024,Music,MAPPED,,
46,Shila Amzah @shahilaamzah,2700000.0,0.54,Malaysia,Entertainment and Music Singer Artist,795500.0,instagram,malaysia,False,2024,Music,MAPPED,,
47,Tomok @tomokofficial,2600000.0,0.16,Malaysia,Entertainment and Music Artists,787100.0,instagram,malaysia,False,2024,Music,MAPPED,,
48,Michelle Yeoh 楊紫瓊 @michelleyeoh_official,2600000.0,5.11,Malaysia,Entertainment and Music Celebrity Modeling Actors,778300.0,instagram,malaysia,False,2024,Beauty&Fashion,MAPPED,,
49,@abam_bocik,2600000.0,0.1,Malaysia,Romance and Wedding Comedy,777300.0,instagram,malaysia,False,2024,Beauty&Fashion,MAPPED,,
50,Mia Sara Nasuha @therealmiasara,2600000.0,0.5,Malaysia,Entertainment and Music Celebrity Actors,768200.0,instagram,malaysia,False,2024,Music,MAPPED,,
51,Izara Aishah @izaraaishahofficial,2500000.0,1.31,Malaysia,Entertainment and Music,747800.0,instagram,malaysia,False,2024,Music,MAPPED,,
52,Syafiq Kyle @syafiqkylez,2500000.0,1.23,Malaysia,Entertainment and Music Food Marketing and Advertising Actors,735600.0,instagram,malaysia,False,2024,Knowledge&Info,MAPPED,,
53,Emylia Rosnaida @emyliadac,2400000.0,0.01,Malaysia,Entertainment and Music Singer,717400.0,instagram,malaysia,False,2024,Music,MAPPED,,
54,B E L L A A S T I L L A H @bellaastillah,2400000.0,0.31,Malaysia,Beauty and Self Care Fashion and Accessories Singer Creators & Celebrities,712400.0,instagram,malaysia,False,2024,Beauty&Fashion,MAPPED,,
55,Fizo Omar @fizoomar,2400000.0,0.04,Malaysia,Acting and Drama Celebrity Actors Actor,707000.0,instagram,malaysia,False,2024,Entertainment,MAPPED,,
56,Sharifah Sakinah Al-Khaired @sharifah_sakinah,2300000.0,0.25,Malaysia,Fitness and Health Celebrity Health and Medical Services Actors,702800.0,instagram,malaysia,False,2024,Sports,MAPPED,,
57,B e l l a D a l l y 🕊 @belladally,2300000.0,0.49,Malaysia,Acting and Drama Fashion and Accessories Fitness and Health Travel,700800.0,instagram,malaysia,False,2024,Sports,MAPPED,,
58,FARA FAUZANA @therealfafau,2300000.0,0.08,Malaysia,Food Actors,690900.0,instagram,malaysia,False,2024,Entertainment,MAPPED,,
59,MUGEN RAO @themugenrao,2300000.0,4.43,Malaysia,Celebrity,688800.0,instagram,malaysia,False,2024,Entertainment,MAPPED,,
60,🎯H E L I Z A H E L M I 🎯 @nurhelizahelmi,2300000.0,0.64,Malaysia,Beauty and Self Care Home and Garden Singer,687400.0,instagram,malaysia,False,2024,Beauty&Fashion,MAPPED,,
61,🐲★ 𝗧𝗜𝗭 𝗭𝗔𝗤𝗬𝗔𝗛 𝗥𝗔𝗭𝗔𝗞 ★🌺🇲🇾 @tiz.zaqyah,2300000.0,0.07,Malaysia,Entertainment and Music Actors,677300.0,instagram,malaysia,False,2024,Music,MAPPED,,
62,SITI SALEHA @sallywho,2200000.0,0.22,Malaysia,Fashion Celebrity Actors,673900.0,instagram,malaysia,False,2024,Beauty&Fashion,MAPPED,,
63,Alieff Irfan @irfxn__,2200000.0,4.41,Malaysia,Auto and Vehicles family Automotive Video Blogger,665300.0,instagram,malaysia,False,2024,Tech&Gaming,MAPPED,,
64,Intan Najuwa @intannajuwa,2200000.0,0.34,Malaysia,Beauty and Self Care Education Fashion and Accessories Actors,664100.0,instagram,malaysia,False,2024,Beauty&Fashion,MAPPED,,
65,Khai Bahar @khaibahar94,2200000.0,0.66,Malaysia,Entertainment and Music Music Celebrities,655600.0,instagram,malaysia,False,2024,Music,MAPPED,,
66,Puteri Sarah Megat Kamaruddin @puterisarahliyana,2100000.0,1.76,Malaysia,Beauty and Self Care Fashion and Accessories Travel Business and Finance,639400.0,instagram,malaysia,False,2024,Beauty&Fashion,MAPPED,,
67,DATO SRI G GNANARAJA @datosrig,2100000.0,0.03,Malaysia,Finance Auto and Vehicles Marketing and Advertising Actors,626100.0,instagram,malaysia,False,2024,Knowledge&Info,MAPPED,,
68,K.A @kamaladli,2100000.0,0.41,Malaysia,Acting and Drama Romance and Wedding Celebrity Actors,619200.0,instagram,malaysia,False,2024,Beauty&Fashion,MAPPED,,
69,Stacy Anam @stacyanam,2100000.0,0.43,Malaysia,Music Celebrity Singer,617300.0,instagram,malaysia,False,2024,Music,MAPPED,,
70,🤍 فرحانة قيسمينا سوڤندي 🤍 @sweetqismina,2100000.0,1.92,Malaysia,Celebrity,615500.0,instagram,malaysia,False,2024,Entertainment,MAPPED,,
71,Sharnaaz Ahmad Basir Ahmad ™ @sharnaazahmad,2000000.0,2.1,Malaysia,Entertainment and Music Celebrity Actors Actor,614700.0,instagram,malaysia,False,2024,Music,MAPPED,,
72,Datuk Aznil Hj Nawawi @aznilnawawihm,2000000.0,0.02,Malaysia,Entertainment and Music TV Host,614400.0,instagram,malaysia,False,2024,Music,MAPPED,,
73,Wak Doyok @wakdoyok,2000000.0,0.3,Malaysia,Fashion and Accessories Acting and Drama Entrepreneur Celebrities,603100.0,instagram,malaysia,False,2024,Beauty&Fashion,MAPPED,,
74,JOHOR DARUL TA’ZIM FC @officialjohor,2000000.0,0.72,Malaysia,Sports Personal Finance Soccer,593200.0,instagram,malaysia,False,2024,Sports,MAPPED,,
75,Elizabeth Tan @elizabethtan,2000000.0,0.39,Malaysia,Celebrity Singer,586100.0,instagram,malaysia,False,2024,Music,MAPPED,,
76,IMAN ALYSSA SAHABUDIN 🤍 @imantroye,1900000.0,0.74,Malaysia,Public Figure,584000.0,instagram,malaysia,False,2024,Entertainment,MAPPED,,
77,Syed Saddiq @syedsaddiq,1900000.0,1.85,Malaysia,"Art Politics Celebrities Film, Music & Books",573000.0,instagram,malaysia,False,2024,Knowledge&Info,MAPPED,,
78,HH @haelhusaini,1900000.0,0.52,Malaysia,Art Singer Music Songwriting,572600.0,instagram,malaysia,False,2024,Music,MAPPED,,
79,Farah Nabilah @farahnabilahofficial,1900000.0,0.16,Malaysia,Beauty and Self Care Health and Medical Services Psychology Public Figure,565500.0,instagram,malaysia,False,2024,Beauty&Fashion,MAPPED,,
80,Vivy Yusof @vivyyusof,1900000.0,0.57,Malaysia,Fashion and Accessories family Business and Finance Entrepreneur,555500.0,instagram,malaysia,False,2024,Beauty&Fashion,MAPPED,,
81,ELIZAD SHARIFUDDIN @elizadsharifuddin,1800000.0,0.14,Malaysia,Acting and Drama Celebrity Actors,553100.0,instagram,malaysia,False,2024,Entertainment,MAPPED,,
82,UA @uyainaarshad,1800000.0,0.58,Malaysia,Entertainment and Music Celebrity TV Host Public Figure,545400.0,instagram,malaysia,False,2024,Music,MAPPED,,
83,Ustaz Azhar Idrus @uaioriginal,1800000.0,0.22,Malaysia,Education Music,534700.0,instagram,malaysia,False,2024,Knowledge&Info,MAPPED,,
84,Tya Arifin @tyaarifinnw,1800000.0,0.12,Malaysia,Beauty and Self Care Actors Health/Beauty,529800.0,instagram,malaysia,False,2024,Beauty&Fashion,MAPPED,,
85,@ismailizzani_,1800000.0,0.19,Malaysia,Art Music,529300.0,instagram,malaysia,False,2024,Music,MAPPED,,
86,Masidayu Mesnun @masidayu1001,1800000.0,0.05,Malaysia,Entertainment and Music Music Singer,526900.0,instagram,malaysia,False,2024,Music,MAPPED,,
87,Asyalliee Ahmad @asyalliee,1700000.0,0.81,Malaysia,Beauty and Self Care Business and Finance Entrepreneur Creators & Celebrities,507200.0,instagram,malaysia,False,2024,Beauty&Fashion,MAPPED,,
88,𝔸𝔻𝕀ℝ𝔸 𝕊𝕌ℍ𝔸𝕀𝕄𝕀 @adira.suhaimi,1700000.0,0.17,Malaysia,Art Fashion and Accessories Beauty and Self Care Singer,504800.0,instagram,malaysia,False,2024,Beauty&Fashion,MAPPED,,
89,Chacha Maembong @chacha_maembong,1600000.0,0.18,Malaysia,Acting and Drama Celebrity Actors Humor,476300.0,instagram,malaysia,False,2024,Entertainment,MAPPED,,
90,Wan Sharmila ® @lala.wansharmila,1600000.0,0.16,Malaysia,Fashion and Accessories Actors Public Figure,474500.0,instagram,malaysia,False,2024,Beauty&Fashion,MAPPED,,
91,Kasem Hato ابن حتوتة @ibnhattuta,1600000.0,8.45,Malaysia,Travel,473800.0,instagram,malaysia,False,2024,Lifestyle,MAPPED,,
92,Cherry Quahst Official🍒🇲🇾 @cherry_quahst,1600000.0,0.66,Malaysia,Fashion and Accessories Entertainment and Music Parenting Public Figure,473600.0,instagram,malaysia,False,2024,Beauty&Fashion,MAPPED,,
93,Akim Ahmad @akimahmad,1600000.0,0.42,Malaysia,Entertainment and Music Celebrity Music,472400.0,instagram,malaysia,False,2024,Music,MAPPED,,
94,Naim Daniel @naimdanielx,1500000.0,0.98,Malaysia,Entertainment and Music Celebrity Actors,462500.0,instagram,malaysia,False,2024,Music,MAPPED,,
95,ANNA JOBLING @annajobling,1500000.0,2.28,Malaysia,,460700.0,instagram,malaysia,False,2024,,,,
96,Sherry Ibrahim @sherryibrahim,1500000.0,0.02,Malaysia,Beauty and Self Care Business and Finance Celebrity Music,456500.0,instagram,malaysia,False,2024,Beauty&Fashion,MAPPED,,
97,Liya Maisarah @liyamaisarah_,1500000.0,1.32,Malaysia,Fashion and Accessories Lifestyle Public Figure,451500.0,instagram,malaysia,False,2024,Beauty&Fashion,MAPPED,,
98,Dr Mahathir Mohamad @chedetofficial,1500000.0,0.75,Malaysia,Politics,450400.0,instagram,malaysia,False,2024,Knowledge&Info,MAPPED,,
99,DJ VALENT WOO 鄔唯🐹🇲🇾 @valent_1314,1500000.0,1.66,Malaysia,Entertainment and Music Careers,444000.0,instagram,malaysia,False,2024,Music,MAPPED,,
100,ABE JAA 🇲🇾 @jaasuzuran,1500000.0,0.98,Malaysia,"Art Director Film, Music & Books DIY & Crafts",436200.0,instagram,malaysia,False,2024,Knowledge&Info,MAPPED,,
1,Danna Paola @dannapaola,34300000.0,1.23,Mexico,Public Figure,10300000.0,instagram,mexico,False,2024,Entertainment,MAPPED,,
2,Luisillo El Pillo @luisitocomunica,33600000.0,4.49,Mexico,Entertainment and Music Funny Actors Music,10100000.0,instagram,mexico,False,2024,Music,MAPPED,,
3,JD PANTOJA 🇲🇽 @juandediospantoja,24000000.0,2.64,Mexico,Actors Music Singer,7200000.0,instagram,mexico,False,2024,Music,MAPPED,,
4,domelipa @domelipa,23400000.0,2.46,Mexico,Entertainment and Music,7000000.0,instagram,mexico,False,2024,Music,MAPPED,,
5,Eugenio Derbez @ederbez,19900000.0,0.24,Mexico,Entertainment and Music,6000000.0,instagram,mexico,False,2024,Music,MAPPED,,
6,GERMAN @germangarmendia,17900000.0,6.82,Mexico,Entertainment and Music Actors Writers Comedy,5400000.0,instagram,mexico,False,2024,Music,MAPPED,,
7,KAROL SEVILLA @karolsevillaofc,17200000.0,0.83,Mexico,Entertainment and Music Celebrity Actors Modeling,5200000.0,instagram,mexico,False,2024,Beauty&Fashion,MAPPED,,
8,BADABUN @badabun,17000000.0,,Mexico,Entertainment and Music News & Politics,5100000.0,instagram,mexico,False,2024,Knowledge&Info,MAPPED,,
9,Saul Alvarez @canelo,16800000.0,1.92,Mexico,Sports Product Showcase Finance Boxing,5000000.0,instagram,mexico,False,2024,Sports,MAPPED,,
10,Kenia Os @keniaos,16700000.0,3.6,Mexico,Beauty and Self Care Video Blogger,5000000.0,instagram,mexico,False,2024,Beauty&Fashion,MAPPED,,
11,Manelyk Gonzalez @manelyk_oficial,16500000.0,1.1,Mexico,Fashion and Accessories Entertainment and Music Marketing and Advertising Actors,5000000.0,instagram,mexico,False,2024,Beauty&Fashion,MAPPED,,
12,Angelique Boyer @angeliqueboyer,15900000.0,3.02,Mexico,Entertainment and Music Fashion and Accessories Actors TV Shows,4800000.0,instagram,mexico,False,2024,Beauty&Fashion,MAPPED,,
13,Yanet Garcia 🇲🇽 @iamyanetgarcia,14800000.0,0.85,Mexico,Celebrity Fitness Modeling Actors,4400000.0,instagram,mexico,False,2024,Sports,MAPPED,,
14,Dulce Maria @dulcemaria,13700000.0,0.87,Mexico,Entertainment and Music Actors,4100000.0,instagram,mexico,False,2024,Music,MAPPED,,
15,Maite Perroni Beorlegui @maiteperroni,13700000.0,1.42,Mexico,Entertainment and Music Celebrity Actors Music,4100000.0,instagram,mexico,False,2024,Music,MAPPED,,
16,Juanpa Zurita 2 @juanpa,13000000.0,0.44,Mexico,Entertainment and Music Food Celebrity Lifestyle,3900000.0,instagram,mexico,False,2024,Music,MAPPED,,
17,MONT @mont.pantoja,12700000.0,0.09,Mexico,Fashion and Accessories Marketing and Advertising,3800000.0,instagram,mexico,False,2024,Beauty&Fashion,MAPPED,,
18,𝔸 𝕀 𝕊 𝕃 𝕀 ℕ ℕ 𝕕 𝕖 𝕣 𝕓 𝕖 𝕫 @aislinnderbez,12600000.0,0.38,Mexico,Entertainment and Music Celebrity Actors Modeling,3800000.0,instagram,mexico,False,2024,Beauty&Fashion,MAPPED,,
19,Tyler Blackburn @tylerjblackburn,11600000.0,0.25,Mexico,Music Lifestyle Singer Actors,3500000.0,instagram,mexico,False,2024,Music,MAPPED,,
20,Santa Fe Klan @santa_fe_klan_473,11500000.0,1.68,Mexico,Entertainment and Music Music,3400000.0,instagram,mexico,False,2024,Music,MAPPED,,
21,Franco Escamilla @francoescamillaoficial,11100000.0,0.27,Mexico,Entertainment and Music Actors,3300000.0,instagram,mexico,False,2024,Music,MAPPED,,
22,GalileaMontijo @galileamontijo,10800000.0,0.24,Mexico,Fashion and Accessories family Actors Journalists,3200000.0,instagram,mexico,False,2024,Beauty&Fashion,MAPPED,,
23,Yuliett Torres @yuliett.torres,10200000.0,0.56,Mexico,,3100000.0,instagram,mexico,False,2024,,,,
24,Celia Lora @celi_lora,10200000.0,1.32,Mexico,Fashion Modeling Publishing,3100000.0,instagram,mexico,False,2024,Beauty&Fashion,MAPPED,,
25,Ignacia Hernandez👑 @ignaciaa_antonia,10100000.0,0.56,Mexico,Fashion and Accessories Actors,3000000.0,instagram,mexico,False,2024,Beauty&Fashion,MAPPED,,
26,Kate del Castillo @katedelcastillo,10100000.0,0.18,Mexico,Actors,3000000.0,instagram,mexico,False,2024,Entertainment,MAPPED,,
27,Vegas Dave 🏈⚾️🏀🏒 @itsvegasdave,9900000.0,1.1,Mexico,Sports Finance Auto and Vehicles Business and Finance,3000000.0,instagram,mexico,False,2024,Sports,MAPPED,,
28,Christian Nodal 🇲🇽 🌵💚 @nodal,9700000.0,2.26,Mexico,Music,2900000.0,instagram,mexico,False,2024,Music,MAPPED,,
29,Lesslie Polinesia @ppteamlesslie,9700000.0,6.26,Mexico,family Fashion and Accessories Actors Modeling,2900000.0,instagram,mexico,False,2024,Beauty&Fashion,MAPPED,,
30,Tio Tequila @adekunlegold,9600000.0,0.42,Mexico,Entertainment and Music Music Entertainment Singer,2900000.0,instagram,mexico,False,2024,Music,MAPPED,,
31,Babo Cartel de santa @babo_cartel,9600000.0,3.39,Mexico,Music Piercing,2900000.0,instagram,mexico,False,2024,Music,MAPPED,,
32,Karely Ruiz @karelyruiz,9400000.0,4.8,Mexico,Fashion and Accessories,2800000.0,instagram,mexico,False,2024,Beauty&Fashion,MAPPED,,
33,Jimena V. Sanchez @jimenasanchezmx,9200000.0,0.24,Mexico,Entertainment and Music Sports Actors,2800000.0,instagram,mexico,False,2024,Sports,MAPPED,,
34,Ángela Aguilar 🇲🇽 @angela_aguilar_,9000000.0,0.59,Mexico,Art,2700000.0,instagram,mexico,False,2024,Lifestyle,MAPPED,,
35,NATANAEL CANO @natanael_cano,9000000.0,15.37,Mexico,Music,2700000.0,instagram,mexico,False,2024,Music,MAPPED,,
36,BARBARA DE REGIL SCHOENWALD 🤍 FIT @barbaraderegil,9000000.0,0.86,Mexico,Fitness and Health Celebrity Automotive Actors,2700000.0,instagram,mexico,False,2024,Sports,MAPPED,,
37,Jacky Bracamontes @jackybrv,8600000.0,0.44,Mexico,Entertainment and Music Celebrity Actors,2600000.0,instagram,mexico,False,2024,Music,MAPPED,,
38,♡sofia castro @sofiaalcastro,8600000.0,0.85,Mexico,Entertainment and Music Music Actors Lifestyle,2600000.0,instagram,mexico,False,2024,Music,MAPPED,,
39,Carlos Rivera @_carlosrivera,8500000.0,1.3,Mexico,Entertainment and Music Music Actors,2600000.0,instagram,mexico,False,2024,Music,MAPPED,,
40,𝐿𝒾𝓋𝒾𝒶 𝐵𝓇𝒾𝓉𝑜 @liviabritopes,8300000.000000001,1.0,Mexico,Fitness and Health Celebrity Marketing and Advertising Actors,2500000.0,instagram,mexico,False,2024,Sports,MAPPED,,
41,Federico Vigevani @fedevigevani,8300000.000000001,5.9,Mexico,Entertainment and Music Lifestyle,2500000.0,instagram,mexico,False,2024,Music,MAPPED,,
42,Michel Chavez @its.michhh,7800000.0,3.21,Mexico,Entertainment and Music Marketing and Advertising,2300000.0,instagram,mexico,False,2024,Knowledge&Info,MAPPED,,
43,AnaBrenda @anabreco,7800000.0,1.16,Mexico,family Celebrity Actors Modeling,2300000.0,instagram,mexico,False,2024,Beauty&Fashion,MAPPED,,
44,Selección Nacional de México @miseleccionmx,7600000.0,0.43,Mexico,Sports Health and Medical Services Soccer,2300000.0,instagram,mexico,False,2024,Sports,MAPPED,,
45,KATIA V⭐️ @katiavlogss,7400000.0,2.05,Mexico,,2200000.0,instagram,mexico,False,2024,,,,
46,✨LA DIVAZA✨ @ladivaza,7300000.0,7.34,Mexico,Entertainment and Music Fashion and Accessories Singer Modeling,2200000.0,instagram,mexico,False,2024,Beauty&Fashion,MAPPED,,
47,Fernanda Castillo @fernandacga,7200000.0,0.56,Mexico,Entertainment and Music Actors Virtualization Journalists,2200000.0,instagram,mexico,False,2024,Knowledge&Info,MAPPED,,
48,Ariadne Diaz @ariadne_diaz,7000000.0,1.56,Mexico,Acting and Drama Celebrity Actors,2100000.0,instagram,mexico,False,2024,Entertainment,MAPPED,,
49,Rivers @samyrivera,6900000.0,11.63,Mexico,Entertainment and Music Funny,2100000.0,instagram,mexico,False,2024,Music,MAPPED,,
50,Juan Pablo Jaramillo @juanjaramilloe,6800000.0,0.73,Mexico,Entertainment and Music Romance and Wedding Celebrity Lifestyle,2000000.0,instagram,mexico,False,2024,Beauty&Fashion,MAPPED,,
51,Aracely Arambula @aracelyarambula,6700000.0,0.33,Mexico,Pets Actors Virtualization,2000000.0,instagram,mexico,False,2024,Tech&Gaming,MAPPED,,
52,Nicole Gonzalez Garcia @nicolegarcia,6500000.0,2.89,Mexico,Fitness and Health Fashion and Accessories Music Lifestyle,2000000.0,instagram,mexico,False,2024,Sports,MAPPED,,
53,andrealegarreta @andrealegarreta,6500000.0,0.24,Mexico,Art Actors Virtualization Journalists,1900000.0,instagram,mexico,False,2024,Knowledge&Info,MAPPED,,
54,Gris Verduzco @mispastelitos,6400000.0,0.58,Mexico,Food Marketing and Advertising Cooking Animals & Pets,1900000.0,instagram,mexico,False,2024,Knowledge&Info,MAPPED,,
55,Marlene Favela @marlenefavela,6400000.0,0.45,Mexico,Business and Finance Art Fashion and Accessories Arts and Crafts,1900000.0,instagram,mexico,False,2024,Beauty&Fashion,MAPPED,,
56,lil π @itzan.escamilla,6300000.0,2.81,Mexico,Entertainment and Music Funny Celebrity Actors,1900000.0,instagram,mexico,False,2024,Music,MAPPED,,
57,Wendy Guevara @soywendyguevaraoficial,6300000.0,7.59,Mexico,Entertainment and Music,1900000.0,instagram,mexico,False,2024,Music,MAPPED,,
58,Karime Pindter @karimepindter,6200000.0,0.47,Mexico,Fashion and Accessories Fitness and Health Travel Actors,1900000.0,instagram,mexico,False,2024,Sports,MAPPED,,
59,Maya Nazor @nazormaya,6200000.0,6.08,Mexico,Fashion and Accessories Actors Modeling,1900000.0,instagram,mexico,False,2024,Beauty&Fashion,MAPPED,,
60,Javier “Chicharito” Hernández @ch14_,6100000.0,0.93,Mexico,Sports Soccer,1800000.0,instagram,mexico,False,2024,Sports,MAPPED,,
61,J MENA @jmena,6100000.0,3.55,Mexico,Entertainment and Music Actors,1800000.0,instagram,mexico,False,2024,Music,MAPPED,,
62,Checo Pérez @schecoperez,6100000.0,2.55,Mexico,Sports Auto and Vehicles Automotive Racing,1800000.0,instagram,mexico,False,2024,Sports,MAPPED,,
63,Mario Aguilar 👑 @marioaguilarmg,6000000.0,0.33,Mexico,Entertainment and Music Funny Actors,1800000.0,instagram,mexico,False,2024,Music,MAPPED,,
64,Ninel Conde @ninelconde,6000000.0,0.3,Mexico,Entertainment and Music Product Showcase Actors,1800000.0,instagram,mexico,False,2024,Beauty&Fashion,MAPPED,,
65,Andrea Zuñiga ✨ @soyandreazuniga,5900000.0,1.23,Mexico,Entertainment and Music Actors,1800000.0,instagram,mexico,False,2024,Music,MAPPED,,
66,Brenda Zambrano 🍒 @brendazambranoc,5900000.0,0.42,Mexico,Fashion and Accessories Business and Finance Actors Modeling,1800000.0,instagram,mexico,False,2024,Beauty&Fashion,MAPPED,,
67,OMAR CHAPARRO @omarchaparro,5900000.0,0.37,Mexico,Entertainment and Music Acting and Drama Actors Journalists,1800000.0,instagram,mexico,False,2024,Knowledge&Info,MAPPED,,
68,Martha Higareda @marthahigareda,5800000.0,0.43,Mexico,Entertainment and Music Business and Finance Celebrity Automotive,1700000.0,instagram,mexico,False,2024,Knowledge&Info,MAPPED,,
69,Malacriao @malcriado.x,5800000.0,0.56,Mexico,Fashion Music Actors Modeling,1700000.0,instagram,mexico,False,2024,Beauty&Fashion,MAPPED,,
70,So Mexican @so.mexican,5600000.0,0.48,Mexico,,1700000.0,instagram,mexico,False,2024,,,,
71,GERA MX AK47 BOYZ🇲🇽 @geramx1,5600000.0,4.29,Mexico,Fashion and Accessories Arts and Crafts Entertainment and Music Business and Finance,1700000.0,instagram,mexico,False,2024,Beauty&Fashion,MAPPED,,
72,Michelle Renaud @michellerenaud,5600000.0,3.68,Mexico,Acting and Drama Celebrity Actors,1700000.0,instagram,mexico,False,2024,Entertainment,MAPPED,,
73,ELÁN @_elan_,5600000.0,2.81,Mexico,Music,1700000.0,instagram,mexico,False,2024,Music,MAPPED,,
74,Gerardo Ortiz @gerardoortizoficial,5600000.0,0.45,Mexico,Entertainment and Music,1700000.0,instagram,mexico,False,2024,Music,MAPPED,,
75,Danik Michell @danikmichell,5600000.0,2.64,Mexico,Fitness and Health Fashion and Accessories Modeling Celebrities,1700000.0,instagram,mexico,False,2024,Sports,MAPPED,,
76,Lalit Modi @lalitkmodi,5500000.0,1.01,Mexico,Sports Finance Personal Finance Soccer,1700000.0,instagram,mexico,False,2024,Sports,MAPPED,,
77,Alessandra Rosaldo @alexrosaldo,5500000.0,0.49,Mexico,family Entertainment and Music Actors,1700000.0,instagram,mexico,False,2024,Music,MAPPED,,
78,Paulina Goto @paulinagoto,5400000.0,0.38,Mexico,Entertainment and Music,1600000.0,instagram,mexico,False,2024,Music,MAPPED,,
79,Alejandra Treviño @aletrevino95,5200000.0,1.7,Mexico,Entertainment and Music Actors Modeling,1600000.0,instagram,mexico,False,2024,Beauty&Fashion,MAPPED,,
80,Alejandro Speitzer @alejandrospeitzer,5200000.0,4.37,Mexico,Entertainment and Music Actors,1600000.0,instagram,mexico,False,2024,Music,MAPPED,,
81,Los Polinesios @platicapolinesi,5200000.0,2.58,Mexico,Entertainment and Music Video Gaming Actors,1600000.0,instagram,mexico,False,2024,Tech&Gaming,MAPPED,,
82,Erika buenfil @erikabuenfil50,5100000.0,0.07,Mexico,family Celebrity Actors,1500000.0,instagram,mexico,False,2024,Entertainment,MAPPED,,
83,Nicola Porcella @nicolaporcella12,5100000.0,2.12,Mexico,Acting and Drama Celebrity Actors,1500000.0,instagram,mexico,False,2024,Entertainment,MAPPED,,
84,legnahernandez @legnahernandez,4900000.0,0.18,Mexico,"Entertainment and Music Film, Music & Books",1500000.0,instagram,mexico,False,2024,Knowledge&Info,MAPPED,,
85,Rodrigo Fernandes EL GATO @rodrigofee2,4900000.0,2.1,Mexico,,1500000.0,instagram,mexico,False,2024,,,,
86,Club América @clubamerica,4900000.0,0.45,Mexico,Sports Marketing and Advertising Soccer,1500000.0,instagram,mexico,False,2024,Sports,MAPPED,,
87,Poncho Denigris @ponchodenigris,4800000.0,1.58,Mexico,Acting and Drama Entertainment and Music Celebrity Actors,1400000.0,instagram,mexico,False,2024,Music,MAPPED,,
88,Diego Boneta @diego,4800000.0,1.15,Mexico,Entertainment and Music Food and Drink Actors,1400000.0,instagram,mexico,False,2024,Music,MAPPED,,
89,Farid Dieck @faridieck,4800000.0,1.52,Mexico,Arts and Crafts Education Actors Virtualization,1400000.0,instagram,mexico,False,2024,Knowledge&Info,MAPPED,,
90,Frases Y Pensamientos ♾ @tipicosmomentos,4800000.0,0.15,Mexico,Life and Society Actors Modeling,1400000.0,instagram,mexico,False,2024,Beauty&Fashion,MAPPED,,
91,Ludwika Paleta @ludwika_paleta,4700000.0,0.93,Mexico,Entertainment and Music Celebrity Actors Virtualization,1400000.0,instagram,mexico,False,2024,Tech&Gaming,MAPPED,,
92,Aaron Diaz @aarondiaz,4700000.0,0.17,Mexico,Acting and Drama Celebrity Actors,1400000.0,instagram,mexico,False,2024,Entertainment,MAPPED,,
93,gabrielsoto @gabrielsoto,4700000.0,0.06,Mexico,Entertainment and Music Outdoor Activity Celebrity Actors,1400000.0,instagram,mexico,False,2024,Sports,MAPPED,,
94,Chris Cha @christianchavezreal,4700000.0,2.1,Mexico,Celebrity Fitness Music Entertainment and Music,1400000.0,instagram,mexico,False,2024,Sports,MAPPED,,
95,Luis Moran Gonzalez @luismoranglz,4600000.0,0.25,Mexico,Business and Finance Beauty and Self Care,1400000.0,instagram,mexico,False,2024,Beauty&Fashion,MAPPED,,
96,Lucia The Great @luciia,4500000.0,2.81,Mexico,Fashion and Accessories Modeling Music,1400000.0,instagram,mexico,False,2024,Beauty&Fashion,MAPPED,,
97,Mariana Ávila @soymarianaavila,4500000.0,1.76,Mexico,Entertainment and Music Actors,1400000.0,instagram,mexico,False,2024,Music,MAPPED,,
98,Alejandro Fernández @alexoficial,4400000.0,1.45,Mexico,,1300000.0,instagram,mexico,False,2024,,,,
99,♡ DanyanCat 🐱 @danyancatsq,4400000.0,2.27,Mexico,Entertainment and Music Video Gaming Actors,1300000.0,instagram,mexico,False,2024,Tech&Gaming,MAPPED,,
100,El Guarromántico @guarromantico_,4400000.0,0.51,Mexico,Romance and Wedding Arts and Crafts Funny Quotes,1300000.0,instagram,mexico,False,2024,Beauty&Fashion,MAPPED,,
1,Achraf Hakimi @achrafhakimi,19900000.0,3.6,Morocco,Sports Soccer Journalists,6000000.0,instagram,morocco,False,2024,Sports,MAPPED,,
2,saadlamjarred @saadlamjarred1,15200000.0,0.5,Morocco,Entertainment and Music Music Lifestyle Singer,4600000.0,instagram,morocco,False,2024,Music,MAPPED,,
3,أسما لمنور asma lmnawar @asmalmnawar,13300000.0,0.54,Morocco,Entertainment and Music Music Singer,4000000.0,instagram,morocco,False,2024,Music,MAPPED,,
4,Salma Rachid @salmarachid.official,10800000.0,0.42,Morocco,Entertainment and Music Music,3200000.0,instagram,morocco,False,2024,Music,MAPPED,,
5,Rajaa Belmir @rajaabelmir,10500000.0,1.24,Morocco,Entertainment and Music Music Humor Celebrities,3100000.0,instagram,morocco,False,2024,Music,MAPPED,,
6,Dunia Batma 🇲🇦 🎤 @dunia_batma,9700000.0,0.12,Morocco,Art Singer,2900000.0,instagram,morocco,False,2024,Music,MAPPED,,
7,Zouhair Bahaoui @zouhairbahaoui,9600000.0,0.31,Morocco,Entertainment and Music Singer Music,2900000.0,instagram,morocco,False,2024,Music,MAPPED,,
8,KAWTAR BA-MOHAMED كوثر بامو @kawtarbamo,8600000.0,4.21,Morocco,Beauty,2600000.0,instagram,morocco,False,2024,Beauty&Fashion,MAPPED,,
9,Ibtissam Tiskat @ibtissamtiskatofficial,7800000.0,0.28,Morocco,Entertainment and Music Singer,2300000.0,instagram,morocco,False,2024,Music,MAPPED,,
10,Rachid Allali @allalirachid,7700000.0,0.11,Morocco,Entertainment and Music Entertainment,2300000.0,instagram,morocco,False,2024,Music,MAPPED,,
11,Safae Hbirkou @hbirkousafae_officiel,7000000.0,1.23,Morocco,family,2100000.0,instagram,morocco,False,2024,Lifestyle,MAPPED,,
12,Yassine Bounou “BONO” @bounouyassine_bono,6600000.0,3.54,Morocco,Soccer,2000000.0,instagram,morocco,False,2024,Sports,MAPPED,,
13,Leila Hadioui @leilahadioui,6600000.0,0.19,Morocco,Art Fashion Celebrity Modeling,2000000.0,instagram,morocco,False,2024,Beauty&Fashion,MAPPED,,
14,Meryem Asouab @meryemasouab,6600000.0,2.69,Morocco,Fashion and Accessories Beauty and Self Care Modeling,2000000.0,instagram,morocco,False,2024,Beauty&Fashion,MAPPED,,
15,HATIM AMMOR | حاتم عمور @hatimammor,6400000.0,0.12,Morocco,Entertainment and Music Music Singer,1900000.0,instagram,morocco,False,2024,Music,MAPPED,,
16,Stars Casablanca - نجوم الدار البيضاء @stars_casablanca,6000000.0,0.19,Morocco,Entertainment and Music Magazines,1800000.0,instagram,morocco,False,2024,Music,MAPPED,,
17,Bassma Boussil @bassmaboussel,5900000.0,1.71,Morocco,Beauty and Self Care Business and Finance Celebrities Hair & Beauty,1800000.0,instagram,morocco,False,2024,Beauty&Fashion,MAPPED,,
18,𝐅𝐀𝐓𝐈 𝐉𝐀𝐌𝐀𝐋𝐈 فاتي جمالي @fatijamaliofficiel,5800000.0,0.24,Morocco,Entertainment and Music Celebrity Music Modeling,1700000.0,instagram,morocco,False,2024,Beauty&Fashion,MAPPED,,
19,Karima Gouit Official @karimagouit,5700000.0,0.56,Morocco,Entertainment and Music Celebrity Music Modeling,1700000.0,instagram,morocco,False,2024,Beauty&Fashion,MAPPED,,
20,Farah El Fassi | فرح الفاسي @farahelfassi1,5200000.0,0.56,Morocco,Entertainment and Music Singer Music,1600000.0,instagram,morocco,False,2024,Music,MAPPED,,
21,Adil Taouil - عادل تاويل @adiltaouil,5000000.0,3.63,Morocco,Entertainment and Music Upskilling Modeling,1500000.0,instagram,morocco,False,2024,Beauty&Fashion,MAPPED,,
22,AMINUX @aminuxamine,4800000.0,0.25,Morocco,Entertainment and Music Music Band,1400000.0,instagram,morocco,False,2024,Music,MAPPED,,
23,Safaa Hanaa | صفاء هناء @safaahanaa,4400000.0,0.47,Morocco,Arts and Crafts Singer,1300000.0,instagram,morocco,False,2024,Music,MAPPED,,
24,Nouaman Belaiachi @nouamanbelaiachi,4300000.0,0.36,Morocco,Entertainment and Music Music Modeling Actors,1300000.0,instagram,morocco,False,2024,Beauty&Fashion,MAPPED,,
25,Medhi Benatia @m.benatia5,4300000.0,2.29,Morocco,Fitness Lifestyle,1300000.0,instagram,morocco,False,2024,Sports,MAPPED,,
26,Ihssane Benalluch احسان بنعلوش 🇲🇦 @ihssanebenalluch,4300000.0,5.2,Morocco,Life and Society Education Lifestyle Celebrities,1300000.0,instagram,morocco,False,2024,Knowledge&Info,MAPPED,,
27,ZOUBER @ezzoubairhilal,4200000.0,8.23,Morocco,Entertainment and Music Animation and Cosplay Celebrity Coaching,1300000.0,instagram,morocco,False,2024,Tech&Gaming,MAPPED,,
28,Hicham Masrar @hichammasrar1,4000000.0,0.15,Morocco,Fitness and Health Modeling Actors,1200000.0,instagram,morocco,False,2024,Sports,MAPPED,,
29,M2THAK @m2thakshow,3900000.0,1.22,Morocco,Music,1200000.0,instagram,morocco,False,2024,Music,MAPPED,,
30,Nouhaila Barbie l نهيلة باربي @nouhaila_barbie,3900000.0,0.47,Morocco,Fashion and Accessories Beauty and Self Care,1200000.0,instagram,morocco,False,2024,Beauty&Fashion,MAPPED,,
31,Iman Elbani Yildirim @iman_elbani,3600000.0,1.04,Morocco,Fashion and Accessories Celebrity Modeling,1100000.0,instagram,morocco,False,2024,Beauty&Fashion,MAPPED,,
32,Jihane Kidari - جيهان كيداري @jihane_kidari,3500000.0,2.47,Morocco,Celebrity Modeling,1100000.0,instagram,morocco,False,2024,Beauty&Fashion,MAPPED,,
33,Samira Said @samirasaid,3300000.0,0.3,Morocco,Entertainment and Music Modeling Singer,1000000.0,instagram,morocco,False,2024,Beauty&Fashion,MAPPED,,
34,Sofiane Boufal @sofianeboufal_19,3300000.0,15.96,Morocco,,989400.0,instagram,morocco,False,2024,,,,
35,Nora Skali Bellahcen @noraskaliofficial,3300000.0,0.37,Morocco,Acting and Drama,978000.0,instagram,morocco,False,2024,Entertainment,MAPPED,,
36,Ihab Amir @ihabamirofficiell,3200000.0,0.25,Morocco,Art Singer Music Songwriting,973400.0,instagram,morocco,False,2024,Music,MAPPED,,
37,Momo Bousfiha @momoofficiel,3200000.0,0.37,Morocco,Entertainment and Music Funny Celebrity Moms,967000.0,instagram,morocco,False,2024,Music,MAPPED,,
38,Houda Saad @houdasaadofficiel,3200000.0,0.09,Morocco,Entertainment and Music Singer Music Songwriting,949400.0,instagram,morocco,False,2024,Music,MAPPED,,
39,Zakaria Aboukhlal @zakariaaboukhlal,3100000.0,4.88,Morocco,Sports,942800.0,instagram,morocco,False,2024,Sports,MAPPED,,
40,Jaouad Qennana l جواد قنانة @jawadbingo,3100000.0,0.42,Morocco,Beauty and Self Care,940600.0,instagram,morocco,False,2024,Beauty&Fashion,MAPPED,,
41,Fatima Zahra Qanboua @fatimazahraqanboua_,3100000.0,0.58,Morocco,Celebrity,933200.0,instagram,morocco,False,2024,Entertainment,MAPPED,,
42,LB€NJ @lbenjofficial,3100000.0,2.74,Morocco,Entertainment and Music Music Modeling,915900.0,instagram,morocco,False,2024,Beauty&Fashion,MAPPED,,
43,L7OR 🕊 الحر @l7or75,3000000.0,1.02,Morocco,Entertainment and Music Modeling Singer Music,908700.0,instagram,morocco,False,2024,Beauty&Fashion,MAPPED,,
44,Taliss 🇲🇦 طاليس @taliss1,3000000.0,0.52,Morocco,Entertainment and Music Animation and Cosplay Arts and Crafts Humor,889100.0,instagram,morocco,False,2024,Tech&Gaming,MAPPED,,
45,Raja Club Athletic @rcaofficiel,2900000.0,2.09,Morocco,Sports Personal Finance Soccer Training,868000.0,instagram,morocco,False,2024,Sports,MAPPED,,
46,Larhrib Younes @larhrib_younes,2800000.0,0.31,Morocco,,834700.0,instagram,morocco,False,2024,,,,
47,Chorouk #MissArabWorld👑❤👄 @choroukchelouatiofficiel,2700000.0,0.98,Morocco,Entertainment and Music Beauty and Self Care Modeling,811400.0,instagram,morocco,False,2024,Beauty&Fashion,MAPPED,,
48,ZinaDaoudia @zinadaoudia,2600000.0,0.76,Morocco,Singer Music,777500.0,instagram,morocco,False,2024,Music,MAPPED,,
49,Asmae Amrani @asmaeamraniofficiel,2600000.0,1.5,Morocco,Beauty and Self Care Life and Society Lifestyle,776600.0,instagram,morocco,False,2024,Beauty&Fashion,MAPPED,,
50,B O U C H R A D D E A U ⚡️🇲🇦 @bouchra_ddeau,2500000.0,0.07,Morocco,Entertainment and Music,752100.0,instagram,morocco,False,2024,Music,MAPPED,,
51,JAMILA EL BADAOUI🇲🇦 @jamila_elbadaoui,2400000.0,0.85,Morocco,Beauty and Self Care Singer,732400.0,instagram,morocco,False,2024,Beauty&Fashion,MAPPED,,
52,Rabie Skalli | ربيع الصقلي @rabii.skalli,2400000.0,2.71,Morocco,Entertainment and Music Acting and Drama Celebrity,723100.0,instagram,morocco,False,2024,Music,MAPPED,,
53,Btissam Batma | ابتسام بطمة @btissambatmaofficial,2300000.0,0.61,Morocco,Fashion and Accessories,701700.0,instagram,morocco,False,2024,Beauty&Fashion,MAPPED,,
54,📍زهراء الساهر🇲🇦🀄️ @zahrae_al_saher,2200000.0,1.74,Morocco,Entertainment and Music Fashion and Accessories Music,665200.0,instagram,morocco,False,2024,Beauty&Fashion,MAPPED,,
55,YouYou🦁 @ennesyri15,2200000.0,10.28,Morocco,Soccer,648100.0,instagram,morocco,False,2024,Sports,MAPPED,,
56,مروى الريوي | Marwa Rioui @marwarioui,2100000.0,1.93,Morocco,Fitness and Health Food Travel,644900.0,instagram,morocco,False,2024,Sports,MAPPED,,
57,Zakaria Ghafouli @zakariaghafouli,2100000.0,0.03,Morocco,Entertainment and Music Music,637000.0,instagram,morocco,False,2024,Music,MAPPED,,
58,Fatine Badi @cooking_by_fatine,2100000.0,3.15,Morocco,Food Food and Drink,628400.0,instagram,morocco,False,2024,Lifestyle,MAPPED,,
59,Idar Hatim @hatimidarofficial,2100000.0,0.08,Morocco,Celebrity Actors Music Singer,626300.0,instagram,morocco,False,2024,Music,MAPPED,,
60,Hind Elmekaoui - هند المكاوي @hindelmekaoui,2100000.0,4.69,Morocco,Beauty and Self Care Romance and Wedding Events,626100.0,instagram,morocco,False,2024,Beauty&Fashion,MAPPED,,
61,Narjiss El Hallak نرجس الحلاق @narjiss.el_hallak,2100000.0,4.22,Morocco,family Marketing and Advertising,623900.0,instagram,morocco,False,2024,Knowledge&Info,MAPPED,,
62,Miryam Labiad 🇲🇦 @mimialeblanc,2100000.0,1.37,Morocco,Fashion and Accessories Arts and Crafts Parenting Lifestyle,618500.0,instagram,morocco,False,2024,Beauty&Fashion,MAPPED,,
63,Badr Soultan @badrsoultan,2000000.0,0.64,Morocco,Entertainment and Music Celebrity Soccer Lifestyle,612600.0,instagram,morocco,False,2024,Sports,MAPPED,,
64,Ghita Asfour @ghita_asfour,2000000.0,1.64,Morocco,Beauty and Self Care,611000.0,instagram,morocco,False,2024,Beauty&Fashion,MAPPED,,
65,Amal Amal @essaqramal,2000000.0,0.25,Morocco,Acting and Drama Celebrity Singer Music,610000.0,instagram,morocco,False,2024,Music,MAPPED,,
66,Abubakr Abu Azaitar @abuazaitar,2000000.0,0.82,Morocco,Sports,607400.0,instagram,morocco,False,2024,Sports,MAPPED,,
67,Sofia Charaf | صوفيا شرف @sofiacharafofficiel,2000000.0,2.4,Morocco,Acting and Drama Lifestyle,602900.0,instagram,morocco,False,2024,Entertainment,MAPPED,,
68,الـــمـــغــرب بـــلادي 🇲🇦 @morocco_beladi,1900000.0,0.23,Morocco,,580100.0,instagram,morocco,False,2024,,,,
69,SONBOLA @fatima_zahra_el_ibrahimi,1900000.0,0.47,Morocco,Acting and Drama Entertainment and Music Celebrity Modeling,578200.0,instagram,morocco,False,2024,Beauty&Fashion,MAPPED,,
70,rajoua es_sahely @rajoua.officiel,1900000.0,0.79,Morocco,Entertainment and Music family Arts and Crafts Fashion and Accessories,564900.0,instagram,morocco,False,2024,Beauty&Fashion,MAPPED,,
71,Bilal El Khannouss @bilalekns_34,1900000.0,14.78,Morocco,Sports,559400.0,instagram,morocco,False,2024,Sports,MAPPED,,
72,JAYLANN ✨ @jaylann_official,1900000.0,0.65,Morocco,Art,556700.0,instagram,morocco,False,2024,Lifestyle,MAPPED,,
73,AMINE RADI @radi_amine,1900000.0,2.25,Morocco,Entertainment and Music Celebrity Lifestyle Celebrities,556000.0,instagram,morocco,False,2024,Music,MAPPED,,
74,AHLAM ZAIMI احلام الزعيمي @ahlamzaimiofficiel,1800000.0,0.32,Morocco,Fashion and Accessories Travel family Beauty and Self Care,549500.0,instagram,morocco,False,2024,Beauty&Fashion,MAPPED,,
75,Ikram El Abdia | إكرام العبدية @ikramelabdia,1800000.0,0.65,Morocco,Entertainment and Music Music,548600.0,instagram,morocco,False,2024,Music,MAPPED,,
76,Med Bassou @bassou_mohammed,1800000.0,0.37,Morocco,Entertainment and Music Celebrity Actors Modeling,547800.0,instagram,morocco,False,2024,Beauty&Fashion,MAPPED,,
77,mariees marocaines @mariees_marocaines1,1800000.0,0.84,Morocco,Romance and Wedding,542800.0,instagram,morocco,False,2024,Beauty&Fashion,MAPPED,,
78,@maghrebia_hora,1800000.0,0.74,Morocco,Fashion and Accessories Marketing and Advertising,530700.0,instagram,morocco,False,2024,Beauty&Fashion,MAPPED,,
79,Rabab Azmani @rababazmani,1700000.0,0.54,Morocco,Entertainment and Music Fashion and Accessories Moms Modeling,520300.0,instagram,morocco,False,2024,Beauty&Fashion,MAPPED,,
80,Samia Akariou @samia_akariou,1700000.0,0.32,Morocco,Acting and Drama Lifestyle Modeling,519700.00000000006,instagram,morocco,False,2024,Beauty&Fashion,MAPPED,,
81,manal lemzamzam - منال لمزمزم @manwela.cherkaoui,1700000.0,1.03,Morocco,Fashion and Accessories Beauty and Self Care DIY and Life Hacks Lifestyle,519600.0,instagram,morocco,False,2024,Beauty&Fashion,MAPPED,,
82,🇲🇦✨Stars Moroccan | ستارز موروكان✨🇲🇦 @stars_moroccan,1700000.0,0.25,Morocco,,514600.0,instagram,morocco,False,2024,,,,
83,fatima zahra laaroussi @fatimazahralaaroussi,1700000.0,0.22,Morocco,Entertainment and Music,506900.0,instagram,morocco,False,2024,Music,MAPPED,,
84,Raja Meziane @raja_meziane,1700000.0,1.26,Morocco,Education Music Actors Singer,505100.0,instagram,morocco,False,2024,Knowledge&Info,MAPPED,,
85,Sofia Saidi @sofiasaidiofficiel,1600000.0,1.58,Morocco,,493500.0,instagram,morocco,False,2024,,,,
86,ILY إيلي 🇲🇦 @iam.ily,1600000.0,1.89,Morocco,Romance and Wedding,490000.0,instagram,morocco,False,2024,Beauty&Fashion,MAPPED,,
87,𝐡𝐢𝐛𝐚 𝐳𝐚𝐢𝐦 | هبة زعيم @hiba.zaim1,1600000.0,4.08,Morocco,Fashion and Accessories,485700.0,instagram,morocco,False,2024,Beauty&Fashion,MAPPED,,
88,Nordin Amrabat @n_amrabat_official,1600000.0,4.9,Morocco,Soccer,485300.0,instagram,morocco,False,2024,Sports,MAPPED,,
89,Maryem Bakouche مريم باكوش @maryembakouche1,1600000.0,0.99,Morocco,Acting and Drama Celebrity Modeling,482700.0,instagram,morocco,False,2024,Beauty&Fashion,MAPPED,,
90,Hind ziadi - هند زيادي @hindziadi,1600000.0,6.72,Morocco,Entertainment and Music Music,469900.0,instagram,morocco,False,2024,Music,MAPPED,,
91,🇫🇷 🇲🇦🇪🇬 MARINE EL HIMER @marinelhimer,1500000.0,1.91,Morocco,Fashion and Accessories Lifestyle Modeling,457300.0,instagram,morocco,False,2024,Beauty&Fashion,MAPPED,,
92,Ahmed Chawki @chawki_official,1500000.0,0.38,Morocco,Art,456300.0,instagram,morocco,False,2024,Lifestyle,MAPPED,,
93,Hazeb Taoufik 🇲🇦 @donbiggofficial,1500000.0,1.5,Morocco,Entertainment and Music Music Producers Singer,453400.0,instagram,morocco,False,2024,Music,MAPPED,,
94,Hassan El Fad @elfadhassan,1500000.0,0.82,Morocco,,443200.0,instagram,morocco,False,2024,,,,
95,Soukayna naciri🍃سكينـة الناصري @soukayna_naciri_official,1500000.0,0.3,Morocco,Beauty,438500.0,instagram,morocco,False,2024,Beauty&Fashion,MAPPED,,
96,سكينة soukaina @souky_s_life,1400000.0,4.58,Morocco,Beauty and Self Care Fashion and Accessories Business,430300.0,instagram,morocco,False,2024,Beauty&Fashion,MAPPED,,
97,♪ . ♬ ▪ Mido Belahbib ▪♬ .♪ @mido.belahbib,1400000.0,1.55,Morocco,Entertainment and Music,416700.0,instagram,morocco,False,2024,Music,MAPPED,,
98,سمية العماري | soumaya aomari @soma_officiel,1400000.0,0.54,Morocco,Fashion Beauty Soccer,416100.0,instagram,morocco,False,2024,Sports,MAPPED,,
99,𝕄𝕦𝕟𝕚𝕣 𝕄𝕠𝕙𝕒𝕞𝕖𝕕𝕚 @muny1,1400000.0,5.68,Morocco,Sports Soccer,411100.0,instagram,morocco,False,2024,Sports,MAPPED,,
100,Le roi Mohamed 6 ️️️ @le_roi_mohamed6,1400000.0,0.9,Morocco,Singer Music,410100.0,instagram,morocco,False,2024,Music,MAPPED,,
1,Memphis Depay @memphisdepay,17000000.0,1.06,Netherlands,Sports Soccer,5100000.0,instagram,netherlands,False,2024,Sports,MAPPED,,
2,Martin Garrix @martingarrix,15600000.0,1.29,Netherlands,Entertainment and Music DJ Music Producers,4700000.0,instagram,netherlands,False,2024,Music,MAPPED,,
3,Frenkie de Jong @frenkiedejong,12800000.0,0.1,Netherlands,Sports,3900000.0,instagram,netherlands,False,2024,Sports,MAPPED,,
4,Max Verstappen @maxverstappen1,11500000.0,3.69,Netherlands,Sports Auto and Vehicles Racing,3500000.0,instagram,netherlands,False,2024,Sports,MAPPED,,
5,Hakim Ziyech @hziyech,10600000.0,8.53,Netherlands,Sports Soccer Modeling,3200000.0,instagram,netherlands,False,2024,Sports,MAPPED,,
6,Doutzen Kroes @doutzen,8700000.0,0.39,Netherlands,Fashion and Accessories Modeling,2600000.0,instagram,netherlands,False,2024,Beauty&Fashion,MAPPED,,
7,AFC Ajax @afcajax,8400000.0,0.3,Netherlands,Sports Soccer,2500000.0,instagram,netherlands,False,2024,Sports,MAPPED,,
8,Romee Strijd @romeestrijd,8300000.000000001,0.83,Netherlands,family Beauty and Self Care Modeling Fashion Model,2500000.0,instagram,netherlands,False,2024,Beauty&Fashion,MAPPED,,
9,Negin Mirsalehi @negin_mirsalehi,7200000.0,0.14,Netherlands,Beauty and Self Care Fashion and Accessories Business and Finance Styling,2200000.0,instagram,netherlands,False,2024,Beauty&Fashion,MAPPED,,
10,Georginio (Gini) Wijnaldum @gwijnaldum,6100000.0,1.04,Netherlands,Sports Music,1800000.0,instagram,netherlands,False,2024,Sports,MAPPED,,
11,•Melisa Aslı Pamuk• @melisapamuk,5400000.0,3.09,Netherlands,Beauty and Self Care Fashion and Accessories Celebrity Actors,1600000.0,instagram,netherlands,False,2024,Beauty&Fashion,MAPPED,,
12,Xavi Simons @xavisimons,5300000.0,5.59,Netherlands,Sports Soccer,1600000.0,instagram,netherlands,False,2024,Sports,MAPPED,,
13,Robin van Persie @robinvanpersie,5100000.0,1.1,Netherlands,Sports,1500000.0,instagram,netherlands,False,2024,Sports,MAPPED,,
14,Armin van Buuren @arminvanbuuren,4300000.0,0.53,Netherlands,Entertainment and Music Modeling,1300000.0,instagram,netherlands,False,2024,Beauty&Fashion,MAPPED,,
15,Jutta Leerdam @juttaleerdam,4200000.0,3.31,Netherlands,Sports Modeling,1300000.0,instagram,netherlands,False,2024,Sports,MAPPED,,
16,Diya Mukherjee @diya_mukherjee_official_,4100000.0,1.06,Netherlands,Beauty and Self Care Fashion and Accessories,1200000.0,instagram,netherlands,False,2024,Beauty&Fashion,MAPPED,,
17,YOLANDA @yolanda.hadid,3800000.0,1.67,Netherlands,Beauty and Self Care Fashion and Accessories family Moms,1100000.0,instagram,netherlands,False,2024,Beauty&Fashion,MAPPED,,
18,Wim Hof @iceman_hof,3500000.0,0.8,Netherlands,Fitness and Health News Coaching Health,1000000.0,instagram,netherlands,False,2024,Sports,MAPPED,,
19,Lacrim @officielacrim,3000000.0,1.19,Netherlands,Entertainment and Music Music,915000.0,instagram,netherlands,False,2024,Music,MAPPED,,
20,Badr Hari @badrhariofficial,3000000.0,0.35,Netherlands,Sports Gym Coaching,898100.0,instagram,netherlands,False,2024,Sports,MAPPED,,
21,Donny van de Beek @donnyvdbeek,2900000.0,4.51,Netherlands,Sports,864500.0,instagram,netherlands,False,2024,Sports,MAPPED,,
22,Sophie van Oostenbrugge @gainsbybrains,2400000.0,0.42,Netherlands,Fitness and Health Training Coaching,723600.0,instagram,netherlands,False,2024,Sports,MAPPED,,
23,Don Diablo @dondiablo,2300000.0,1.16,Netherlands,Entertainment and Music Music DJ Producers,675600.0,instagram,netherlands,False,2024,Music,MAPPED,,
24,Daley Blind @blinddaley,2200000.0,2.16,Netherlands,Sports Soccer,675000.0,instagram,netherlands,False,2024,Sports,MAPPED,,
25,Wesley Sneijder @wesleysneijder,2100000.0,3.9,Netherlands,Sports Soccer,641900.0,instagram,netherlands,False,2024,Sports,MAPPED,,
26,Ryan Babel @ryanbabel,2100000.0,0.34,Netherlands,Sports Business and Finance Celebrities Humor,630500.0,instagram,netherlands,False,2024,Sports,MAPPED,,
27,Emma Heesters @emmaheesters,2000000.0,0.58,Netherlands,Art Entertainment Music Singer,614700.0,instagram,netherlands,False,2024,Music,MAPPED,,
28,Rico Verhoeven @ricoverhoeven,2000000.0,1.09,Netherlands,Sports Acting and Drama Celebrity Coaching,606200.0,instagram,netherlands,False,2024,Sports,MAPPED,,
29,Enzo Knol @enzoknol,2000000.0,0.53,Netherlands,Art Video Blogger,601300.0,instagram,netherlands,False,2024,Lifestyle,MAPPED,,
30,Diipa Büller-Khosla @diipakhosla,2000000.0,1.93,Netherlands,Fashion and Accessories Education Upskilling Business and Finance,586600.0,instagram,netherlands,False,2024,Beauty&Fashion,MAPPED,,
31,OnsOranje @onsoranje,1900000.0,0.93,Netherlands,,559700.0,instagram,netherlands,False,2024,,,,
32,Zeynep Kiliçer Gümüş @zeynolu_tatlar,1800000.0,2.09,Netherlands,Food Food and Drink,545000.0,instagram,netherlands,False,2024,Lifestyle,MAPPED,,
33,Chantal Janzen @chantaljanzen.official,1700000.0,1.78,Netherlands,Celebrity Music Lifestyle,524300.0,instagram,netherlands,False,2024,Music,MAPPED,,
34,Monster Energy Yamaha MotoGP @yamahamotogp,1700000.0,1.0,Netherlands,Auto and Vehicles Sports,520700.00000000006,instagram,netherlands,False,2024,Sports,MAPPED,,
35,Imaan Hammam @imaanhammam,1700000.0,2.86,Netherlands,Modeling Fashion Photography Fashion Model,515000.0,instagram,netherlands,False,2024,Beauty&Fashion,MAPPED,,
36,André Rieu @andrerieu,1700000.0,7.45,Netherlands,Music Film Actors Director,505400.0,instagram,netherlands,False,2024,Music,MAPPED,,
37,Arjen Robben @arjenrobben,1700000.0,10.49,Netherlands,Sports Personal Finance Soccer,504100.0,instagram,netherlands,False,2024,Sports,MAPPED,,
38,Edson Alvarez.🦁 @edsonnalvarez,1600000.0,11.19,Netherlands,Sports Actors Virtualization,494000.0,instagram,netherlands,False,2024,Sports,MAPPED,,
39,Laura Brouwers @cyarine,1600000.0,2.45,Netherlands,Arts and Crafts Illustrator Drawing Design,488500.0,instagram,netherlands,False,2024,Lifestyle,MAPPED,,
40,Clarence Seedorf @clarenceseedorf,1600000.0,1.36,Netherlands,Sports Personal Finance,467000.0,instagram,netherlands,False,2024,Sports,MAPPED,,
41,Lil Kleine @lilkleine,1500000.0,2.35,Netherlands,Entertainment and Music Singer Celebrities Animals & Pets,463300.0,instagram,netherlands,False,2024,Music,MAPPED,,
42,Rianne Atiya @rianne.meijer,1500000.0,3.95,Netherlands,Pets Fashion and Accessories Beauty and Self Care Lifestyle,459900.0,instagram,netherlands,False,2024,Beauty&Fashion,MAPPED,,
43,Reza Ghoochannejhad @rgucci16,1500000.0,1.4,Netherlands,Sports Finance,455800.0,instagram,netherlands,False,2024,Sports,MAPPED,,
44,🌴🦎 Oliver Heldens 🐨🌪 @oliverheldens,1400000.0,0.47,Netherlands,Entertainment and Music DJ,434900.0,instagram,netherlands,False,2024,Music,MAPPED,,
45,Monica Geuze @monicageuze,1400000.0,5.18,Netherlands,family Entertainment and Music Modeling Celebrities,433400.0,instagram,netherlands,False,2024,Beauty&Fashion,MAPPED,,
46,Nicolas Tagliafico @tagliafico3,1400000.0,4.81,Netherlands,Sports,431600.0,instagram,netherlands,False,2024,Sports,MAPPED,,
47,Edwin van der Sar @edwinvandersar1,1400000.0,4.01,Netherlands,Sports,430500.0,instagram,netherlands,False,2024,Sports,MAPPED,,
48,Sylvie Meis @sylviemeis,1400000.0,0.31,Netherlands,Entertainment and Music Beauty and Self Care Fashion and Accessories Romance and Wedding,422900.0,instagram,netherlands,False,2024,Beauty&Fashion,MAPPED,,
49,Johan Cruyff @johancruyff,1400000.0,4.86,Netherlands,Sports Soccer,422400.0,instagram,netherlands,False,2024,Sports,MAPPED,,
50,JESSE MEESTER @jessemeester,1300000.0,0.07,Netherlands,Entertainment and Music Marketing and Advertising Celebrity Coaching,395500.0,instagram,netherlands,False,2024,Knowledge&Info,MAPPED,,
51,Lieke Martens @liekemartens,1300000.0,2.91,Netherlands,Sports Soccer,386000.0,instagram,netherlands,False,2024,Sports,MAPPED,,
52,Carice van Houten @leavecaricealone,1200000.0,0.19,Netherlands,Celebrity Music Video Gaming Acting and Drama,359600.0,instagram,netherlands,False,2024,Tech&Gaming,MAPPED,,
53,Giel de Winter | StukTV @giel,1100000.0,1.36,Netherlands,Entertainment and Music Lifestyle,339900.0,instagram,netherlands,False,2024,Music,MAPPED,,
54,Fred van Leer @fredvanleer,1100000.0,1.33,Netherlands,Fashion and Accessories Business and Finance Music Lifestyle,334100.0,instagram,netherlands,False,2024,Beauty&Fashion,MAPPED,,
55,ARCHDOSE @archdose,1100000.0,1.1,Netherlands,Arts and Crafts Design Architecture Interior Design,328200.0,instagram,netherlands,False,2024,Lifestyle,MAPPED,,
56,Gio Latooy @gio,1100000.0,4.78,Netherlands,Entertainment and Music Video Gaming Lifestyle,323500.0,instagram,netherlands,False,2024,Tech&Gaming,MAPPED,,
57,Laila Aziz @lailaazizofficial,1100000.0,0.4,Netherlands,Fashion and Accessories Lifestyle Styling,321900.0,instagram,netherlands,False,2024,Beauty&Fashion,MAPPED,,
58,Céline Dept @celine.dept,1100000.0,5.33,Netherlands,Beauty and Self Care Entertainment and Music,321100.0,instagram,netherlands,False,2024,Beauty&Fashion,MAPPED,,
59,Sterre Meijer @surfsterre,1100000.0,6.66,Netherlands,,320900.0,instagram,netherlands,False,2024,,,,
60,"Armada Music - Electronic, Dance & Trance Music @armadamusic",1100000.0,0.17,Netherlands,Entertainment and Music Music DJ Producers,320000.0,instagram,netherlands,False,2024,Music,MAPPED,,
61,"Tuba Şark, mutfak aşktır 👩🏼‍🍳 @tubasarkhome",1100000.0,2.51,Netherlands,Food Home and Garden Parenting Chef,319300.0,instagram,netherlands,False,2024,Lifestyle,MAPPED,,
62,J U U L T J E @juultjetieleman,1000000.0,4.71,Netherlands,Fashion and Accessories Modeling Lifestyle,306900.0,instagram,netherlands,False,2024,Beauty&Fashion,MAPPED,,
63,The Plugz Europe @theplugzeurope,1000000.0,2.03,Netherlands,Entertainment and Music,300400.0,instagram,netherlands,False,2024,Music,MAPPED,,
64,Stephanie Abu-Sbeih @stephsa,988000.0,0.78,Netherlands,Fashion and Accessories Lifestyle,296400.0,instagram,netherlands,False,2024,Beauty&Fashion,MAPPED,,
65,William Bonac @william_bonac,977700.0,0.64,Netherlands,Fitness and Health Parenting Bodybuilding Gym,293300.0,instagram,netherlands,False,2024,Sports,MAPPED,,
66,Nienke Helthuis @nienkehelthuis,971000.0,2.43,Netherlands,Travel Business and Finance Video Blogger,291300.0,instagram,netherlands,False,2024,Knowledge&Info,MAPPED,,
67,FAMKE LOUISE @famkelouise_,966300.0,1.71,Netherlands,Pets Music Singer Entertainment,289900.0,instagram,netherlands,False,2024,Music,MAPPED,,
68,Miljuschka @miljuschka,965000.0,1.08,Netherlands,Television Lifestyle Design,289500.0,instagram,netherlands,False,2024,Entertainment,MAPPED,,
69,Maya Van De Wiel @mayadutch,959500.0,0.37,Netherlands,Fashion Beauty Modeling,287800.0,instagram,netherlands,False,2024,Beauty&Fashion,MAPPED,,
70,Ryan Jiro Gravenberch @ryanjiro_,955000.0,18.42,Netherlands,,286500.0,instagram,netherlands,False,2024,,,,
71,Vyvan Le @vyvan.le,949200.0,7.51,Netherlands,Celebrity Modeling,284700.0,instagram,netherlands,False,2024,Beauty&Fashion,MAPPED,,
72,Showtek @showtek,945500.0,0.26,Netherlands,Music,283600.0,instagram,netherlands,False,2024,Music,MAPPED,,
73,SUZANNE❄️⚡️🍭🌶💥🚀 @suzanneschulting,937200.0,3.46,Netherlands,Sports,281200.0,instagram,netherlands,False,2024,Sports,MAPPED,,
74,Nicolette van Dam @nicolettevandam1,933900.0,1.2,Netherlands,Entertainment and Music Romance and Wedding Celebrity Music,280200.0,instagram,netherlands,False,2024,Beauty&Fashion,MAPPED,,
75,Anna Nooshin @annanooshin,932100.0,0.99,Netherlands,Beauty and Self Care Fashion and Accessories Parenting Lifestyle,279600.0,instagram,netherlands,False,2024,Beauty&Fashion,MAPPED,,
76,Negar Habibzadeh @nika_adrian_holland,921200.0,1.25,Netherlands,,276400.0,instagram,netherlands,False,2024,,,,
77,Ryan Hexspoor | Entrepreneur @ryanhexspoor,901000.0,4.81,Netherlands,Finance Home and Garden Business and Finance Entertainment,270300.0,instagram,netherlands,False,2024,Knowledge&Info,MAPPED,,
78,Patrick Kluivert @patrickkluivert9,894100.0,1.56,Netherlands,Sports Parenting,268200.0,instagram,netherlands,False,2024,Sports,MAPPED,,
79,Andre Hazes @andrehazes,894000.0,0.92,Netherlands,Fashion Music,268200.0,instagram,netherlands,False,2024,Beauty&Fashion,MAPPED,,
80,Koninklijk Huis @koninklijkhuis,876000.0,0.7,Netherlands,Travel,262800.0,instagram,netherlands,False,2024,Lifestyle,MAPPED,,
81,Holland Lehr @hollandonholiday,868900.0,1.21,Netherlands,Music,260700.0,instagram,netherlands,False,2024,Music,MAPPED,,
82,Caro Calvagni @carocalvagni,868000.0,1.2,Netherlands,Fitness and Health Travel Actors Modeling,260400.0,instagram,netherlands,False,2024,Sports,MAPPED,,
83,Nyck De Vries @nyckdevries,864900.0,17.52,Netherlands,Sports Automotive Racing Bikes,259500.0,instagram,netherlands,False,2024,Sports,MAPPED,,
84,Samet Ecem @sametejemm,858200.0,0.63,Netherlands,,257500.0,instagram,netherlands,False,2024,,,,
85,Bas Smit @bassmit,845000.0,2.86,Netherlands,Fashion and Accessories Auto and Vehicles Lifestyle Music,253500.0,instagram,netherlands,False,2024,Beauty&Fashion,MAPPED,,
86,Vera @moreveradijkmans,845000.0,15.9,Netherlands,,253500.0,instagram,netherlands,False,2024,,,,
87,Ilham Cherradi @ilhamhome,840400.0,0.3,Netherlands,Home and Garden,252100.0,instagram,netherlands,False,2024,Lifestyle,MAPPED,,
88,YT🌹 @yardthip,825000.0,0.8,Netherlands,Modeling Fashion Graphics,247500.0,instagram,netherlands,False,2024,Beauty&Fashion,MAPPED,,
89,Ronald Koeman @ronaldkoeman,813700.0,4.37,Netherlands,Sports,244100.0,instagram,netherlands,False,2024,Sports,MAPPED,,
90,Gregory van der Wiel @gregoryvanderwiel,809000.0,1.65,Netherlands,Celebrity,242700.0,instagram,netherlands,False,2024,Entertainment,MAPPED,,
91,Viktor&Rolf @viktorandrolf,799800.0,0.97,Netherlands,Fashion and Accessories Fashion Design,239900.0,instagram,netherlands,False,2024,Beauty&Fashion,MAPPED,,
92,Jur - Jurrien @jurrienhendrikx,770900.0,24.99,Netherlands,Photography Auto and Vehicles Video Gaming Lifestyle,231300.0,instagram,netherlands,False,2024,Tech&Gaming,MAPPED,,
93,Yv. @lifeofyvonne,768600.0,1.0,Netherlands,Fashion and Accessories Lifestyle Celebrities,230600.0,instagram,netherlands,False,2024,Beauty&Fashion,MAPPED,,
94,Puck Moonen @puckmoonen,767800.0,2.94,Netherlands,Sports Auto and Vehicles Business and Finance Coaching,230300.0,instagram,netherlands,False,2024,Sports,MAPPED,,
95,Dennis Bergkamp @officialdennisbergkamp,755700.0,8.3,Netherlands,,226700.0,instagram,netherlands,False,2024,,,,
96,Pien Hersman @pienhersman,754800.0,0.79,Netherlands,Sports,226400.0,instagram,netherlands,False,2024,Sports,MAPPED,,
97,Dirk Kuyt @kuyt,747500.0,3.0,Netherlands,Sports Soccer,224300.0,instagram,netherlands,False,2024,Sports,MAPPED,,
98,DEBI FLÜGGE @debiflue,746600.0,0.43,Netherlands,Travel Business and Finance Adventure Entrepreneur,224000.0,instagram,netherlands,False,2024,Sports,MAPPED,,
99,Tarik Tissoudali @tissoudali14,736700.0,7.31,Netherlands,Sports,221000.0,instagram,netherlands,False,2024,Sports,MAPPED,,
100,Virgil Van Dijk @vandiijk4,736700.0,2.8,Netherlands,,221000.0,instagram,netherlands,False,2024,,,,
1,Erling Braut Haaland @erling.haaland,20100000.0,6.42,Norway,Sports Entertainment and Music,6000000.0,instagram,norway,False,2024,Sports,MAPPED,,
2,Alan Walker @alanwalkermusic,9700000.0,1.22,Norway,Entertainment and Music Music Singer Songwriting,2900000.0,instagram,norway,False,2024,Music,MAPPED,,
3,Martin Ødegaard @odegaard.98,5800000.0,6.62,Norway,Sports Soccer,1700000.0,instagram,norway,False,2024,Sports,MAPPED,,
4,Quick Style @thequickstyle,5400000.0,2.81,Norway,Entertainment and Music Outdoor Activity Dance Choreographer,1600000.0,instagram,norway,False,2024,Sports,MAPPED,,
5,Zenap Mohamed @zenap_mohamed,4800000.0,1.62,Norway,family Lifestyle,1500000.0,instagram,norway,False,2024,Lifestyle,MAPPED,,
6,alisha ilhaan bø @alishaboe,3700000.0,2.26,Norway,Actors Music Singer,1100000.0,instagram,norway,False,2024,Music,MAPPED,,
7,Kristofer Hivju @khivju,3400000.0,0.43,Norway,Celebrity Acting and Drama Actors Film,1000000.0,instagram,norway,False,2024,Entertainment,MAPPED,,
8,girl in red @girlinred,2900000.0,13.66,Norway,Entertainment and Music Music Songwriting Singer,859100.0,instagram,norway,False,2024,Music,MAPPED,,
9,Vicky Vette @vickyvette,2100000.0,0.3,Norway,Entertainment and Music Music Singer Modeling,623300.0,instagram,norway,False,2024,Beauty&Fashion,MAPPED,,
10,محمود العيساوي || Mahmoud Isawi @mamoisawi,1900000.0,3.76,Norway,Fashion Modeling,571000.0,instagram,norway,False,2024,Beauty&Fashion,MAPPED,,
11,⠀⠀⠀⠀⠀⠀⠀⠀Isa Brunelli @isabrunellii,1700000.0,3.71,Norway,Beauty and Self Care,521500.0,instagram,norway,False,2024,Beauty&Fashion,MAPPED,,
12,Magnus Carlsen @magnus_carlsen,1400000.0,9.97,Norway,Education Games Athlete Creators & Celebrities,432800.0,instagram,norway,False,2024,Sports,MAPPED,,
13,Fariba Rahimi @faribarahimiofficial,1400000.0,0.13,Norway,Fashion and Accessories,415000.0,instagram,norway,False,2024,Beauty&Fashion,MAPPED,,
14,Sigurd Vedal @sigurd.vedal,1400000.0,0.21,Norway,Upskilling Finance,412000.0,instagram,norway,False,2024,Knowledge&Info,MAPPED,,
15,Marcus & Martinus ♪ @marcusandmartinus,1300000.0,1.48,Norway,Entertainment and Music Music Singer,400800.0,instagram,norway,False,2024,Music,MAPPED,,
16,Leon Gillies Mannes @leonstreetskills,1300000.0,5.56,Norway,Sports,400400.0,instagram,norway,False,2024,Sports,MAPPED,,
17,𝐓𝐨𝐦𝐚𝐬𝐳 𝐎𝐬𝐰𝐢𝐞𝐜𝐢𝐧𝐬𝐤𝐢 @tomasz_oswiecinski_official,1300000.0,1.24,Norway,Pets Outdoor Activity Fashion and Accessories Actors,398900.0,instagram,norway,False,2024,Sports,MAPPED,,
18,Espen Hatleskog @pilotviking,1300000.0,1.36,Norway,Outdoor Activity Travel Adventure Nature & Outdoors,386400.0,instagram,norway,False,2024,Sports,MAPPED,,
19,❤️FASHIONFORALL❤️ @fashionforall,1100000.0,0.1,Norway,Fashion and Accessories Photography Lifestyle Styling,331500.0,instagram,norway,False,2024,Beauty&Fashion,MAPPED,,
20,Even Tryggstrand @eventyr,989700.0,0.75,Norway,Outdoor Activity Travel Adventure Personal Blog,296900.0,instagram,norway,False,2024,Sports,MAPPED,,
21,🎻 ALEXANDER RYBAK 🎻 @rybakofficial,930200.0,1.61,Norway,Entertainment and Music,279000.0,instagram,norway,False,2024,Music,MAPPED,,
22,Lucas Casanova | Budismo Laico & Trauma @lucas.casanova.yoga,880000.0,1.5,Norway,Books Upskilling Fitness and Health,264000.0,instagram,norway,False,2024,Sports,MAPPED,,
23,Thomas Hayes @thohay,843700.0,3.52,Norway,Fashion and Accessories,253100.0,instagram,norway,False,2024,Beauty&Fashion,MAPPED,,
24,Ada Stolsmo Hegerberg @ahegerberg,839800.0,0.87,Norway,Sports Soccer,251900.0,instagram,norway,False,2024,Sports,MAPPED,,
25,Sondre Eriksen Hensema @itseriksen,820100.0,7.92,Norway,Travel Food Landscaping,246000.0,instagram,norway,False,2024,Lifestyle,MAPPED,,
26,Vegar Landsverk @funnywhenitswrong,811400.0,0.46,Norway,,243400.0,instagram,norway,False,2024,,,,
27,Steffen Fossbakk @seffis,774500.0,2.62,Norway,Nature Photography Outdoor Activity Tennis,232400.0,instagram,norway,False,2024,Sports,MAPPED,,
28,Helene Myhre @helenemoo,762200.0,4.96,Norway,Travel Nature Outdoor Activity,228700.0,instagram,norway,False,2024,Sports,MAPPED,,
29,Mikkel Pedersen @missenell,749900.0,2.83,Norway,Animals Pets Parenting Blues,225000.0,instagram,norway,False,2024,Lifestyle,MAPPED,,
30,Jørgine Massa Vasstrand @funkygine,668800.0,3.42,Norway,Fitness and Health Music Modeling,200600.0,instagram,norway,False,2024,Sports,MAPPED,,
31,Herman Flesvig @hermanflesvig,653300.0,4.86,Norway,Entertainment and Music Celebrity Marketing and Advertising Design,196000.0,instagram,norway,False,2024,Knowledge&Info,MAPPED,,
32,Sara Benedikte Nilsen 👸🏼 @saranilsen,622900.0,1.14,Norway,Fitness and Health Travel Business and Finance Modeling,186900.0,instagram,norway,False,2024,Sports,MAPPED,,
33,Cecilia Blomdahl ✘ Svalbard @sejsejlija,607900.0,3.92,Norway,Travel,182400.0,instagram,norway,False,2024,Lifestyle,MAPPED,,
34,Sophie Elise @sophieelise,601800.0,0.47,Norway,Fashion and Accessories,180500.0,instagram,norway,False,2024,Beauty&Fashion,MAPPED,,
35,Kjetil Krogstad🕺 @kjetil.krogstad,586000.0,2.11,Norway,,175800.0,instagram,norway,False,2024,,,,
36,Norway 🇳🇴 @norway,581100.0,3.28,Norway,Travel Outdoor Activity News Adventure,174300.0,instagram,norway,False,2024,Sports,MAPPED,,
37,Mitt Norge @mittnorge,565500.0,2.34,Norway,Travel Nature Adventure,169700.0,instagram,norway,False,2024,Sports,MAPPED,,
38,Angelina Jordan @angelinajordana,556200.0,3.34,Norway,Entertainment and Music Events Singer Music,166900.0,instagram,norway,False,2024,Music,MAPPED,,
39,Jakob Ingebrigtsen @jakobing,551500.0,13.26,Norway,Sports Design Interior Design,165500.0,instagram,norway,False,2024,Sports,MAPPED,,
40,🦙ina @meh_boulaa,541600.0,7.63,Norway,Fashion and Accessories Basketball Lifestyle,162500.0,instagram,norway,False,2024,Sports,MAPPED,,
41,Joik i Norge @joikinorge,539600.0,,Norway,Funny,161900.0,instagram,norway,False,2024,Entertainment,MAPPED,,
42,Johanna Emma Olsson @johannaeolsson,531600.0,1.83,Norway,Fashion and Accessories Soccer Lifestyle Modeling,159500.0,instagram,norway,False,2024,Sports,MAPPED,,
43,Bruno Maltor @brunomaltor,520300.0,3.12,Norway,Travel,156100.0,instagram,norway,False,2024,Lifestyle,MAPPED,,
44,Aksel Lund Svindal @asvindal,517700.00000000006,3.6,Norway,Travel Bikes Mountain,155300.0,instagram,norway,False,2024,Lifestyle,MAPPED,,
45,Petter Northug Jr @jantelov1,505400.0,0.79,Norway,Sports,151600.0,instagram,norway,False,2024,Sports,MAPPED,,
46,مريمه @a.shilea,498900.0,3.56,Norway,Art,149700.0,instagram,norway,False,2024,Lifestyle,MAPPED,,
47,Vegard Harm @vegardharm,492600.0,3.4,Norway,,147800.0,instagram,norway,False,2024,,,,
48,Fisherbenny @benjamin_bakke,484300.0,26.12,Norway,Nature Animals Television,145300.0,instagram,norway,False,2024,Entertainment,MAPPED,,
49,Iman Meskini @imanmeskini,484100.0,0.62,Norway,Acting and Drama Education Celebrity Modeling,145200.0,instagram,norway,False,2024,Beauty&Fashion,MAPPED,,
50,Jenny Skavlan @jennyskavlan,480000.0,1.63,Norway,Arts and Crafts News Design Interior Design,144000.0,instagram,norway,False,2024,Knowledge&Info,MAPPED,,
51,Truls Svendsen @trulssv,461700.0,0.6,Norway,Celebrity,138500.0,instagram,norway,False,2024,Entertainment,MAPPED,,
52,MARIA TAFTESUND @mariataftesund,460900.0,3.3,Norway,Fitness and Health,138300.0,instagram,norway,False,2024,Sports,MAPPED,,
53,David Vidal @vidal31,448100.0,0.64,Norway,Food Marketing and Advertising Restaurants Chef,134400.0,instagram,norway,False,2024,Knowledge&Info,MAPPED,,
54,Johannes Høsflot Klæbo @johanneshk,436300.0,2.86,Norway,Outdoor Activity Sports Ski Mountain,130900.0,instagram,norway,False,2024,Sports,MAPPED,,
55,ENERGY GODDESS⚡ @mccharleneofficial,434000.0,1.69,Norway,Art,130200.0,instagram,norway,False,2024,Lifestyle,MAPPED,,
56,Abdalrhman Mohammed|🇳🇴 النرويج بعيوني @alhaqab201,413000.0,0.39,Norway,Travel Outdoor Activity Photography,123900.0,instagram,norway,False,2024,Sports,MAPPED,,
57,Content Machine @the_content_machine,395200.0,9.41,Norway,,118600.0,instagram,norway,False,2024,,,,
58,PLANET EARTH SHOTS @planet_earth_shots,386600.0,0.71,Norway,Nature Photography Home and Garden Landscaping,116000.0,instagram,norway,False,2024,Lifestyle,MAPPED,,
59,Ken André Ottesen @badesken,384700.0,1.04,Norway,Entertainment and Music Funny Life and Society,115400.0,instagram,norway,False,2024,Knowledge&Info,MAPPED,,
60,saraaemiliee @saraaemiliee,384700.0,3.4,Norway,family Design DIY & Crafts,115400.0,instagram,norway,False,2024,Lifestyle,MAPPED,,
61,EXPLOSIVE ATHLETES @exsplosive_athlete,381800.0,0.63,Norway,Sports Fitness and Health,114600.0,instagram,norway,False,2024,Sports,MAPPED,,
62,Honey 🍯 @honeytheiggy,376000.0,9.9,Norway,,112800.0,instagram,norway,False,2024,,,,
63,Stian Bjørnes @stiking1,371600.0,1.17,Norway,Outdoor Activity Coaching Training Health & Fitness,111500.0,instagram,norway,False,2024,Sports,MAPPED,,
64,Helene Noor • hellylife @helene.noor,356600.0,0.48,Norway,Modeling Fashion Art Celebrities,107000.0,instagram,norway,False,2024,Beauty&Fashion,MAPPED,,
65,Tobias Becs @tobiasfreestyle,355000.0,0.74,Norway,Sports Personal Finance Soccer,106500.0,instagram,norway,False,2024,Sports,MAPPED,,
66,BRAGE VESTAVIK 🇳🇴 B-RAGE ⚔️ @bragevestavik,348800.0,7.69,Norway,Outdoor Activity Sports Home and Garden Riders,104600.0,instagram,norway,False,2024,Sports,MAPPED,,
67,Samuel Taipale @eljackson,343900.0,0.49,Norway,Arts and Crafts Photography Adventure Nature & Outdoors,103200.0,instagram,norway,False,2024,Sports,MAPPED,,
68,Det Norske Kongehuset @detnorskekongehus,343300.0,5.65,Norway,Entertainment and Music family Design Interior Design,103000.0,instagram,norway,False,2024,Music,MAPPED,,
69,Karsten Warholm @kwarholm,343100.0,5.11,Norway,Sports Personal Finance Design,102900.0,instagram,norway,False,2024,Sports,MAPPED,,
70,𝒾𝓈𝒶𝒷𝑒𝓁 𝓇𝒶𝒶𝒹 @isabelsraad,341300.0,0.78,Norway,"Arts and Crafts Romance and Wedding Celebrities Film, Music & Books",102400.0,instagram,norway,False,2024,Beauty&Fashion,MAPPED,,
71,Stian Blipp @stianblipp,339900.0,0.92,Norway,Entertainment and Music,102000.0,instagram,norway,False,2024,Music,MAPPED,,
72,CECILIE FLØTRE @fashionluxuries,334200.0,0.02,Norway,Fashion and Accessories,100200.0,instagram,norway,False,2024,Beauty&Fashion,MAPPED,,
73,ᚠᛖᚾᚱᛁᚱ | Fenris from Norway @fenris_the_vikingdog,332900.0,10.43,Norway,Animals Pets Nature & Outdoors Animals & Pets,99900.0,instagram,norway,False,2024,Lifestyle,MAPPED,,
74,Arunya Guillot @arunyaguillot,332800.0,1.56,Norway,Entertainment and Music,99800.0,instagram,norway,False,2024,Music,MAPPED,,
75,Maria Rosaria® @mariarosariadalmontereal,330800.0,0.73,Norway,Arts and Crafts,99200.0,instagram,norway,False,2024,Lifestyle,MAPPED,,
76,Ellinor Furu @ellishjem,321100.0,0.46,Norway,Home and Garden,96300.0,instagram,norway,False,2024,Lifestyle,MAPPED,,
77,Stale Sandbech @stalesandbech,320700.0,1.9,Norway,,96200.0,instagram,norway,False,2024,,,,
78,S U Z A N N E S V A N E V I K 🦄 @suzannesvanevik,320400.0,0.35,Norway,Fitness and Health Outdoor Activity Coaching Training,96100.0,instagram,norway,False,2024,Sports,MAPPED,,
79,Kristin Emilie Nordvik @kristinemilien,318600.0,7.81,Norway,Fashion and Accessories,95600.0,instagram,norway,False,2024,Beauty&Fashion,MAPPED,,
80,Beela @beelaqur,316500.0,4.31,Norway,Fashion and Accessories,95000.0,instagram,norway,False,2024,Beauty&Fashion,MAPPED,,
81,Thomas Lotter @lotter_live,309600.0,0.33,Norway,Travel Food and Drink,92900.0,instagram,norway,False,2024,Lifestyle,MAPPED,,
82,Emelie Forsberg @tinaemelie,309000.0,3.0,Norway,,92700.0,instagram,norway,False,2024,,,,
83,Suleman Malik @sulllyquick,303200.0,3.88,Norway,,90900.0,instagram,norway,False,2024,,,,
84,thomas Sankara @thomas_sankara2,301300.0,0.3,Norway,,90400.0,instagram,norway,False,2024,,,,
85,Cara Belle 🦋 @officialcarabelle,300400.0,3.9,Norway,,90100.0,instagram,norway,False,2024,,,,
86,Caroline Berg Eriksen @carolinebergeriksenno,299700.0,0.55,Norway,family Fitness and Health Journalists,89900.0,instagram,norway,False,2024,Sports,MAPPED,,
87,H.K.H Mette-Marit @crownprincessmm,298800.0,11.6,Norway,Design Interior Design,89600.0,instagram,norway,False,2024,Lifestyle,MAPPED,,
88,Jan Olav Baustad @thelovelyhorrorshow,297500.0,1.79,Norway,,89200.0,instagram,norway,False,2024,,,,
89,MARNA HAUGEN @marnahaugen,295300.0,0.9,Norway,Design Interior Design,88600.0,instagram,norway,False,2024,Lifestyle,MAPPED,,
90,Tussetroll and Tingeling 🇳🇴 Oslo 🇳🇴 Norway @tussetroll_and_tingeling,293200.0,0.77,Norway,Entertainment and Music family Parenting Dogs,88000.0,instagram,norway,False,2024,Music,MAPPED,,
91,"Tiara, Luna & Lizzie @mainecoonqueens",289200.0,1.33,Norway,Animals Pets Home and Garden,86800.0,instagram,norway,False,2024,Lifestyle,MAPPED,,
92,GHOST @ghost_the_samoyed,286700.0,12.79,Norway,Animals Pets,86000.0,instagram,norway,False,2024,Lifestyle,MAPPED,,
93,𝐎𝐦𝐚𝐫 𝐇𝐚𝐤𝐢𝐦𝐢 @o.hstudio,284900.0,0.33,Norway,Beauty and Self Care Medical Health Events Portraits,85500.0,instagram,norway,False,2024,Beauty&Fashion,MAPPED,,
94,Jennie Sofie @jenniesofie,279200.0,1.74,Norway,Beauty and Self Care Fashion and Accessories News Design,83700.0,instagram,norway,False,2024,Beauty&Fashion,MAPPED,,
95,John Arne Riise @jariiseofficial,277900.0,14.03,Norway,Sports Education Coaching Training,83400.0,instagram,norway,False,2024,Sports,MAPPED,,
96,A N N I J O R @annijor,275700.0,0.85,Norway,Fashion and Accessories Arts and Crafts family Celebrity,82700.0,instagram,norway,False,2024,Beauty&Fashion,MAPPED,,
97,Lousiana Arild Faaberg @lousianafaaberg,274600.0,0.86,Norway,Fitness and Health Yoga,82400.0,instagram,norway,False,2024,Sports,MAPPED,,
98,Torstein @torsteinhorgmo,273700.0,1.85,Norway,Outdoor Activity Sports Snowboarding Ski,82100.0,instagram,norway,False,2024,Sports,MAPPED,,
99,Alexander Sørloth @asorloth,272400.0,7.12,Norway,Sports Personal Finance Soccer,81700.0,instagram,norway,False,2024,Sports,MAPPED,,
100,Tiril Eckhoff @tirileckhoff,271100.0,7.79,Norway,Sports News Design Interior Design,81300.0,instagram,norway,False,2024,Sports,MAPPED,,
1,Ayeza Khan @ayezakhan.ak,13800000.0,0.34,Pakistan,Entertainment and Music Modeling,4100000.0,instagram,pakistan,False,2024,Beauty&Fashion,MAPPED,,
2,Aiman Muneeb @aimankhan.official,12000000.0,0.9,Pakistan,Celebrity,3600000.0,instagram,pakistan,False,2024,Entertainment,MAPPED,,
3,Hania Aamir 哈尼亚·阿米尔 @haniaheheofficial,12000000.0,4.67,Pakistan,Art Entertainment and Music Modeling,3600000.0,instagram,pakistan,False,2024,Beauty&Fashion,MAPPED,,
4,Mrs.Falak @sarahkhanofficial,11600000.0,1.41,Pakistan,Entertainment and Music Celebrity Actors Modeling,3500000.0,instagram,pakistan,False,2024,Beauty&Fashion,MAPPED,,
5,IQRA AZIZ HUSSAIN🇵🇰 @iiqraaziz,10800000.0,2.85,Pakistan,Art Music,3200000.0,instagram,pakistan,False,2024,Music,MAPPED,,
6,Mahira Khan @mahirahkhan,10300000.0,1.28,Pakistan,Entertainment and Music Fashion and Accessories,3100000.0,instagram,pakistan,False,2024,Beauty&Fashion,MAPPED,,
7,Sajal Ali @sajalaly,9800000.0,1.8,Pakistan,Acting and Drama Celebrity Modeling Actors,2900000.0,instagram,pakistan,False,2024,Beauty&Fashion,MAPPED,,
8,Imran Khan @imrankhan.pti,8700000.0,1.84,Pakistan,Education Founder,2600000.0,instagram,pakistan,False,2024,Knowledge&Info,MAPPED,,
9,Imran Abbas @imranabbas.official,8400000.0,0.4,Pakistan,Acting and Drama Celebrity Modeling Actors,2500000.0,instagram,pakistan,False,2024,Beauty&Fashion,MAPPED,,
10,𝐌𝐔𝐍𝐌𝐔𝐍 𝐃𝐔𝐓𝐓𝐀 🧚🏻‍♀️🦋 @mmoonstar,8100000.0,2.9,Pakistan,Animals Travel Actors,2400000.0,instagram,pakistan,False,2024,Entertainment,MAPPED,,
11,Feroze Khan Abu Sultan 🇵🇰 @ferozekhan,8000000.0,2.34,Pakistan,Fashion Modeling,2400000.0,instagram,pakistan,False,2024,Beauty&Fashion,MAPPED,,
12,Hira Mani @hiramaniofficial,7800000.0,1.29,Pakistan,Music,2400000.0,instagram,pakistan,False,2024,Music,MAPPED,,
13,Maya Ali @official_mayaali,7500000.0,1.0,Pakistan,Entertainment and Music Celebrity Modeling Actors,2300000.0,instagram,pakistan,False,2024,Beauty&Fashion,MAPPED,,
14,Danish Taimoor @danishtaimoor16,7400000.0,0.14,Pakistan,Celebrity Food,2200000.0,instagram,pakistan,False,2024,Entertainment,MAPPED,,
15,Humayun Saeed @saeedhumayun,7100000.0,0.44,Pakistan,Entertainment and Music Music Actors,2100000.0,instagram,pakistan,False,2024,Music,MAPPED,,
16,Neelam Muneer Khan @neelammuneerkhan,7000000.0,1.71,Pakistan,TV Shows Modeling Photography Fashion,2100000.0,instagram,pakistan,False,2024,Beauty&Fashion,MAPPED,,
17,Zahrah S Khan @zarakhan,7000000.0,1.42,Pakistan,Acting and Drama Fitness and Health Romance and Wedding Celebrity,2100000.0,instagram,pakistan,False,2024,Sports,MAPPED,,
18,URWA TUL WUSQUA HOCANE @urwatistic,6100000.0,0.9,Pakistan,Acting and Drama Celebrity Modeling,1800000.0,instagram,pakistan,False,2024,Beauty&Fashion,MAPPED,,
19,Zara Noor Abbas Siddiqui @zaranoorabbas.official,6000000.0,1.12,Pakistan,Entertainment and Music Lifestyle,1800000.0,instagram,pakistan,False,2024,Music,MAPPED,,
20,Ali Zafar @ali_zafar,5900000.0,0.49,Pakistan,Entertainment and Music Arts and Crafts Singer Music,1800000.0,instagram,pakistan,False,2024,Music,MAPPED,,
21,Ayesha M Omar @ayesha.m.omar,5500000.0,0.08,Pakistan,Art Celebrity Music Modeling,1700000.0,instagram,pakistan,False,2024,Beauty&Fashion,MAPPED,,
22,Mehwish Hayat @mehwishhayatofficial,5200000.0,1.3,Pakistan,Arts and Crafts Entertainment and Music Actors,1600000.0,instagram,pakistan,False,2024,Music,MAPPED,,
23,Jannat Mirza @jannatmirza_,5100000.0,2.33,Pakistan,Entertainment and Music Business and Finance,1500000.0,instagram,pakistan,False,2024,Knowledge&Info,MAPPED,,
24,Rabeeca Khan @rabeecakhan,5000000.0,1.32,Pakistan,Entertainment and Music,1500000.0,instagram,pakistan,False,2024,Music,MAPPED,,
25,PAK.KOM @arya.saloka,5000000.0,1.26,Pakistan,Beauty and Self Care Entertainment and Music,1500000.0,instagram,pakistan,False,2024,Beauty&Fashion,MAPPED,,
26,Shavkat Mirziyoyev @mirziyoyev_sh,4700000.0,0.26,Pakistan,,1400000.0,instagram,pakistan,False,2024,,,,
27,Muneeb Butt @muneeb_butt,4600000.0,3.26,Pakistan,Acting and Drama Celebrity Modeling,1400000.0,instagram,pakistan,False,2024,Beauty&Fashion,MAPPED,,
28,Aliza shah @alizehshahofficial,4400000.0,1.76,Pakistan,Celebrity TV Shows Styling Modeling,1300000.0,instagram,pakistan,False,2024,Beauty&Fashion,MAPPED,,
29,Shahid Afridi @safridiofficial,4200000.0,3.77,Pakistan,Sports Modeling,1300000.0,instagram,pakistan,False,2024,Sports,MAPPED,,
30,Momina Mustehsan @mominamustehsan,4200000.0,2.36,Pakistan,Education Entertainment and Music News Moms,1200000.0,instagram,pakistan,False,2024,Knowledge&Info,MAPPED,,
31,Farhan Saeed @farhan_saeed,4000000.0,1.29,Pakistan,Entertainment and Music Modeling Music Actors,1200000.0,instagram,pakistan,False,2024,Beauty&Fashion,MAPPED,,
32,Areeka Haq @areeka__haq,3800000.0,4.21,Pakistan,,1100000.0,instagram,pakistan,False,2024,,,,
33,Wasim Badami @waseembadami_official,3700000.0,0.5,Pakistan,,1100000.0,instagram,pakistan,False,2024,,,,
34,ZaidAliT @zaidalit,3400000.0,9.15,Pakistan,Celebrity Lifestyle Actors,1000000.0,instagram,pakistan,False,2024,Entertainment,MAPPED,,
35,Nimra Khan @nimrakhan_official,3100000.0,0.27,Pakistan,Entertainment and Music Celebrity Modeling,933100.0,instagram,pakistan,False,2024,Beauty&Fashion,MAPPED,,
36,Naimal Khawar Abbasi @naimalkhawarkhan,3100000.0,1.3,Pakistan,Arts and Crafts,919900.0,instagram,pakistan,False,2024,Lifestyle,MAPPED,,
37,Fahad Mustafa @mustafafahad26,3000000.0,0.6,Pakistan,Entertainment and Music Modeling,913900.0,instagram,pakistan,False,2024,Beauty&Fashion,MAPPED,,
38,Momal Sheikh @momal15,3000000.0,0.49,Pakistan,Celebrity Moms Modeling,908200.0,instagram,pakistan,False,2024,Beauty&Fashion,MAPPED,,
39,Sonya Hussyn Bukharee @sonyahussyn,3000000.0,1.67,Pakistan,Entertainment and Music Education Animals Celebrity,905200.0,instagram,pakistan,False,2024,Knowledge&Info,MAPPED,,
40,ALISHBAH ANJUM @alishbahannjum,3000000.0,2.91,Pakistan,,899600.0,instagram,pakistan,False,2024,,,,
41,Hamza Zaidi @hamzazaidi97,3000000.0,2.42,Pakistan,Fashion and Accessories Soccer Animals & Pets Design,890200.0,instagram,pakistan,False,2024,Sports,MAPPED,,
42,𝐑𝐢𝐳𝐚 𝐀𝐟𝐫𝐞𝐞𝐧 ( ريزا افرين) 💫 @rizaafreen,3000000.0,1.3,Pakistan,,889600.0,instagram,pakistan,False,2024,,,,
43,Ahad Raza Mir @ahadrazamir,3000000.0,6.28,Pakistan,Celebrity Modeling Music Singer,885800.0,instagram,pakistan,False,2024,Beauty&Fashion,MAPPED,,
44,Saboor Aly @sabooraly,2900000.0,3.0,Pakistan,Modeling Music Entertainment,857500.0,instagram,pakistan,False,2024,Beauty&Fashion,MAPPED,,
45,Hareem Farooq @hareemfarooq,2800000.0,1.9,Pakistan,Actors,853400.0,instagram,pakistan,False,2024,Entertainment,MAPPED,,
46,Asim Azhar @asimazhar,2800000.0,2.78,Pakistan,Entertainment and Music Music Singer Modeling,844900.0,instagram,pakistan,False,2024,Beauty&Fashion,MAPPED,,
47,Ali “SypherPK” Hassan @sypherpk,2800000.0,1.06,Pakistan,Games Entertainment and Music Video Gaming Dogs,844200.0,instagram,pakistan,False,2024,Tech&Gaming,MAPPED,,
48,Pakistan Cricket @therealpcb,2800000.0,1.8,Pakistan,Sports Cricket,842200.0,instagram,pakistan,False,2024,Sports,MAPPED,,
49,𝑫𝒂𝒍𝒊𝒅𝒂 𝑲𝒉𝒂𝒍𝒊𝒍 @dalidakhalilofficial,2700000.0,2.13,Pakistan,Arts and Crafts Acting and Drama Celebrity Music,814400.0,instagram,pakistan,False,2024,Music,MAPPED,,
50,Kunwar Moeez Khan @kunwarmoeez,2700000.0,10.5,Pakistan,,796800.0,instagram,pakistan,False,2024,,,,
51,Malala Yousafzai @malala,2600000.0,4.6,Pakistan,Education Cricket,789900.0,instagram,pakistan,False,2024,Knowledge&Info,MAPPED,,
52,Nadia Khan @outstylewithnadia,2300000.0,0.12,Pakistan,Fashion and Accessories Parenting Business,697700.0,instagram,pakistan,False,2024,Beauty&Fashion,MAPPED,,
53,𝐌𝐀𝐑𝐢𝐘𝐀 𝐊𝐎𝐙𝐀𝐃 @mariya.kozad,2300000.0,0.14,Pakistan,Fashion and Accessories,692200.0,instagram,pakistan,False,2024,Beauty&Fashion,MAPPED,,
54,Sanam Jung @jung_sanam,2300000.0,0.33,Pakistan,Celebrity Modeling,681900.0,instagram,pakistan,False,2024,Beauty&Fashion,MAPPED,,
55,Muniba Mazari @muniba.mazari,2200000.0,1.0,Pakistan,Fashion Actors,652700.0,instagram,pakistan,False,2024,Beauty&Fashion,MAPPED,,
56,Nasim Shah @inaseemshah,2000000.0,14.2,Pakistan,Sports,607600.0,instagram,pakistan,False,2024,Sports,MAPPED,,
57,Veena Malik @theveenamalik,2000000.0,0.19,Pakistan,Fashion and Accessories,605600.0,instagram,pakistan,False,2024,Beauty&Fashion,MAPPED,,
58,Junaid Khan @calljunaidkhan,2000000.0,1.41,Pakistan,Entertainment and Music Acting and Drama Celebrity Modeling,604800.0,instagram,pakistan,False,2024,Beauty&Fashion,MAPPED,,
59,Mikaal Zulfiqar @mikaalzulfiqar,2000000.0,0.07,Pakistan,Finance Entertainment and Music Celebrity Actors,598500.0,instagram,pakistan,False,2024,Knowledge&Info,MAPPED,,
60,Tariq Jamil @tariqjamilofficial,2000000.0,7.3,Pakistan,Education,593000.0,instagram,pakistan,False,2024,Knowledge&Info,MAPPED,,
61,Arslan Aslam @arslanaslamofficial,2000000.0,1.55,Pakistan,Entertainment and Music,590100.0,instagram,pakistan,False,2024,Music,MAPPED,,
62,Food Fusion @foodfusionpk,1900000.0,0.12,Pakistan,Food Food and Drink Events Cooking,578600.0,instagram,pakistan,False,2024,Entertainment,MAPPED,,
63,Sarwat Gilani 🇵🇰 @sarwatg,1900000.0,0.21,Pakistan,Business and Finance Art Parenting Modeling,567400.0,instagram,pakistan,False,2024,Beauty&Fashion,MAPPED,,
64,Kainat Faisal @kainatfaisal.kf,1800000.0,1.01,Pakistan,Fashion and Accessories,549800.0,instagram,pakistan,False,2024,Beauty&Fashion,MAPPED,,
65,Dananeer | 🇵🇰🌻 @dananeerr,1800000.0,5.5,Pakistan,,547100.0,instagram,pakistan,False,2024,,,,
66,Sahir Ali Bagga @thesahiralibagga_official,1800000.0,0.08,Pakistan,Entertainment and Music,531300.0,instagram,pakistan,False,2024,Music,MAPPED,,
67,Dr. Shaista Lodhi @iamshaistalodhi,1800000.0,0.39,Pakistan,Beauty and Self Care Modeling Actors Entertainment,527400.0,instagram,pakistan,False,2024,Beauty&Fashion,MAPPED,,
68,𝗨𝗿𝗱𝘂 𝗣𝗼𝗲𝘁𝗿𝘆 𝗣𝗼𝗶𝗻𝘁 @urdupoetrypoint,1700000.0,0.17,Pakistan,Fashion,510400.0,instagram,pakistan,False,2024,Beauty&Fashion,MAPPED,,
69,Shoaib Akhtar @imshoaibakhtar,1700000.0,2.31,Pakistan,Sports,495400.0,instagram,pakistan,False,2024,Sports,MAPPED,,
70,Muhammad Anas Shahid ®️ @anas_shahid_official,1600000.0,5.02,Pakistan,Fitness and Health Business and Finance Training Coaching,490800.0,instagram,pakistan,False,2024,Sports,MAPPED,,
71,Nida Yasir @itsnidayasir.official,1600000.0,0.8,Pakistan,,490000.0,instagram,pakistan,False,2024,,,,
72,Government of Pakistan @govtofpakistan,1600000.0,0.01,Pakistan,Education,481800.0,instagram,pakistan,False,2024,Knowledge&Info,MAPPED,,
73,Hamid Shaikh @hamids9898,1600000.0,0.07,Pakistan,Travel Business and Finance Actors Business,476100.0,instagram,pakistan,False,2024,Knowledge&Info,MAPPED,,
74,معاز♥️ @maazsafder,1600000.0,10.65,Pakistan,Fashion and Accessories,473400.0,instagram,pakistan,False,2024,Beauty&Fashion,MAPPED,,
75,Samina Humayun Saeed @saminahumayunsaeed,1500000.0,0.07,Pakistan,Entertainment and Music Business and Finance Celebrity Actors,458300.0,instagram,pakistan,False,2024,Knowledge&Info,MAPPED,,
76,HUMAIMA MALICK @humaimamalick,1500000.0,0.61,Pakistan,Entertainment and Music Modeling,452800.0,instagram,pakistan,False,2024,Beauty&Fashion,MAPPED,,
77,Pakistani Beauty @pakistani_.beauty,1500000.0,0.03,Pakistan,Beauty and Self Care,437300.0,instagram,pakistan,False,2024,Beauty&Fashion,MAPPED,,
78,Nawal Mustafa @thebraincoach,1500000.0,1.53,Pakistan,Education,435100.0,instagram,pakistan,False,2024,Knowledge&Info,MAPPED,,
79,Sham Idrees @shamidrees,1400000.0,5.94,Pakistan,Entertainment and Music Funny Director,433700.0,instagram,pakistan,False,2024,Music,MAPPED,,
80,Geo TV - Har Pal Geo @harpalgeotv,1400000.0,0.16,Pakistan,Entertainment and Music Celebrity News Actors,433500.0,instagram,pakistan,False,2024,Knowledge&Info,MAPPED,,
81,Sanam Baloch Jatoi @thesanambaloch,1400000.0,1.5,Pakistan,Celebrity Modeling,430400.0,instagram,pakistan,False,2024,Beauty&Fashion,MAPPED,,
82,@hafsa._.khan1,1400000.0,4.8,Pakistan,,429600.0,instagram,pakistan,False,2024,,,,
83,Dulha & Dulhan @dulhaanddulhan,1300000.0,0.03,Pakistan,Romance and Wedding,404200.0,instagram,pakistan,False,2024,Beauty&Fashion,MAPPED,,
84,Hassan Ali @ha55an_ali,1300000.0,2.19,Pakistan,Sports Cricket,398900.0,instagram,pakistan,False,2024,Sports,MAPPED,,
85,Waliya Najib @waliyanajib,1300000.0,4.8,Pakistan,Photography Portraits Modeling,394700.0,instagram,pakistan,False,2024,Beauty&Fashion,MAPPED,,
86,Sheheryar Munawar Siddiqui @sheheryarmunawar,1300000.0,2.29,Pakistan,Acting and Drama Modeling,389900.0,instagram,pakistan,False,2024,Beauty&Fashion,MAPPED,,
87,Bilal Saeed @bilalsaeed_music,1300000.0,3.0,Pakistan,Entertainment and Music Music Singer Producers,389700.0,instagram,pakistan,False,2024,Music,MAPPED,,
88,Geo News Urdu @geourdudottv,1300000.0,0.06,Pakistan,News Celebrity Sports Entertainment and Music,383600.0,instagram,pakistan,False,2024,Sports,MAPPED,,
89,Pakistani Celebrities 🇵🇰 @pakistani__celebrities,1300000.0,0.68,Pakistan,Entertainment and Music Parenting Modeling,382400.0,instagram,pakistan,False,2024,Beauty&Fashion,MAPPED,,
90,Merub Ali @meruub,1300000.0,3.82,Pakistan,Fashion,377000.0,instagram,pakistan,False,2024,Beauty&Fashion,MAPPED,,
91,Faryal 🥀 @faryal_fairyyy,1200000.0,0.87,Pakistan,Entertainment and Music Funny,368700.0,instagram,pakistan,False,2024,Music,MAPPED,,
92,ʙᴀsᴇᴇʀ ᴀʟɪ @baseer_bob,1200000.0,4.81,Pakistan,Entertainment and Music Fashion and Accessories Product Showcase Actors,366900.0,instagram,pakistan,False,2024,Beauty&Fashion,MAPPED,,
93,Ghana Ali Umair @ghanaaliofficial,1200000.0,0.44,Pakistan,,360300.0,instagram,pakistan,False,2024,,,,
94,Hadiqa Kiani @hadiqakianiofficial,1200000.0,1.58,Pakistan,Entertainment and Music Beauty and Self Care Celebrity,350800.0,instagram,pakistan,False,2024,Beauty&Fashion,MAPPED,,
95,Hunz IPH @hunz_iph,1200000.0,0.23,Pakistan,Entertainment and Music Celebrity Singer,348900.0,instagram,pakistan,False,2024,Music,MAPPED,,
96,Mashal Khan @mashalkh,1200000.0,1.71,Pakistan,Acting and Drama Life and Society Parenting Modeling,348700.0,instagram,pakistan,False,2024,Beauty&Fashion,MAPPED,,
97,Sadia Hassan Hayat @sadiaghaffar,1200000.0,0.76,Pakistan,Beauty Art,347500.0,instagram,pakistan,False,2024,Beauty&Fashion,MAPPED,,
98,Fakhar Zaman @fakharzaman719,1200000.0,11.04,Pakistan,Sports Music Singer Entertainment,347400.0,instagram,pakistan,False,2024,Sports,MAPPED,,
99,Sunita Marshall Ahmed @sunitamarshallofficial,1200000.0,0.99,Pakistan,Art Modeling Fashion,347000.0,instagram,pakistan,False,2024,Beauty&Fashion,MAPPED,,
100,@shaheer._.khan018,1100000.0,4.44,Pakistan,,343300.0,instagram,pakistan,False,2024,,,,
1,SECH / EL BLOKE HP 🇵🇦 @sechmusic,7200000.0,1.14,Panama,Entertainment and Music Video Gaming Actors Music,2200000.0,instagram,panama,False,2024,Tech&Gaming,MAPPED,,
2,𝐍𝐈𝐊𝐈 𝐃𝐄𝐌𝐀𝐑 @niki,3800000.0,0.39,Panama,Entertainment and Music Music Modeling,1100000.0,instagram,panama,False,2024,Beauty&Fashion,MAPPED,,
3,Abraham David @abrahamdpe,2000000.0,3.22,Panama,Food Celebrity Actors,603600.0,instagram,panama,False,2024,Entertainment,MAPPED,,
4,Tráfico Panamá @traficocpanama,1400000.0,0.01,Panama,Life and Society,433500.0,instagram,panama,False,2024,Knowledge&Info,MAPPED,,
5,La Cáscara @la_cascara,1400000.0,0.33,Panama,Marketing and Advertising Actors,415400.0,instagram,panama,False,2024,Knowledge&Info,MAPPED,,
6,💎 @mrgringox,1400000.0,,Panama,Travel,414100.0,instagram,panama,False,2024,Lifestyle,MAPPED,,
7,Sandra Sandoval @sandrasandovals,1400000.0,0.38,Panama,Art Music Actors,405900.0,instagram,panama,False,2024,Music,MAPPED,,
8,"LaCuchita,🇵🇦🧜‍♀️ @anyurimusica",1300000.0,3.08,Panama,Pets Outdoor Activity Entertainment and Music Actors,395200.0,instagram,panama,False,2024,Sports,MAPPED,,
9,Valeria Sandoval @valeriasandoval,1300000.0,1.74,Panama,Art Actors,394900.0,instagram,panama,False,2024,Entertainment,MAPPED,,
10,Joshua Blake @itssblakee,1100000.0,1.5,Panama,Funny Marketing and Advertising Actors Celebrities,332000.0,instagram,panama,False,2024,Knowledge&Info,MAPPED,,
11,ᴊᴀᴄᴋʏ ɢᴜᴢᴍᴀɴ @jackyguzmanpty,1100000.0,2.43,Panama,Fashion and Accessories Nature & Outdoors,332000.0,instagram,panama,False,2024,Beauty&Fashion,MAPPED,,
12,بدر بن عبدالله | zSHOWz @ziisnik,1100000.0,0.49,Panama,Upskilling Product Showcase Modeling,318800.0,instagram,panama,False,2024,Beauty&Fashion,MAPPED,,
13,Jonathan Heres @jonathanheres,966900.0,2.96,Panama,Photography Education Food and Drink Actors,290100.0,instagram,panama,False,2024,Knowledge&Info,MAPPED,,
14,Daluna Kraemer🧠 (Frieda) @superdalu,953100.0,1.57,Panama,Nature Animals Actors Modeling,285900.0,instagram,panama,False,2024,Beauty&Fashion,MAPPED,,
15,Bettina Garcia @bettinaromina,910000.0,0.46,Panama,family Romance and Wedding Actors Modeling,273000.0,instagram,panama,False,2024,Beauty&Fashion,MAPPED,,
16,Boza 🇵🇦 @bozamusic,902700.0,2.62,Panama,"Entertainment and Music Music Actors Film, Music & Books",270800.0,instagram,panama,False,2024,Knowledge&Info,MAPPED,,
17,Ingrid De Ycaza @ingriddeycaza,889500.0,0.4,Panama,Entertainment and Music Fashion and Accessories Business and Finance Music,266900.0,instagram,panama,False,2024,Beauty&Fashion,MAPPED,,
18,@graciebon,794000.0,6.6,Panama,,238200.0,instagram,panama,False,2024,,,,
19,Earth • Travel • Nature @earthca,773700.0,0.6,Panama,Travel Travel Company Transportation & Accomodation Services,232100.0,instagram,panama,False,2024,Lifestyle,MAPPED,,
20,N E K A @neka_prila,763100.0,0.22,Panama,Education Upskilling Sports Tennis,228900.0,instagram,panama,False,2024,Sports,MAPPED,,
21,Anthony Anel @anthonyanel,757400.0,1.7,Panama,Entertainment and Music Animation and Cosplay Video Blogger Celebrities,227200.0,instagram,panama,False,2024,Tech&Gaming,MAPPED,,
22,Eliza Ibeth @elizaibeth23,725300.0,1.37,Panama,,217600.0,instagram,panama,False,2024,,,,
23,Katherine Graciela🇵🇦 📸⚽🏀💕 @katheriine0584,724000.0,0.92,Panama,,217200.0,instagram,panama,False,2024,,,,
24,ZAHIDA HORR @zahida.horr,699800.0,6.9,Panama,Entertainment and Music Music Actors Modeling,209900.0,instagram,panama,False,2024,Beauty&Fashion,MAPPED,,
25,La One Two @onetwo507,694600.0,0.35,Panama,Entertainment and Music Business and Finance Actors Virtualization,208400.0,instagram,panama,False,2024,Knowledge&Info,MAPPED,,
26,MELFI @miguelmelfi,693900.0,0.69,Panama,Art,208200.0,instagram,panama,False,2024,Lifestyle,MAPPED,,
27,𝐏𝐀𝐔𝐋 𝐌𝐂𝐃𝐎𝐍𝐀𝐋𝐃 @paulmcdonald09,692400.0,0.44,Panama,Fashion and Accessories Fitness and Health Music Actors,207700.0,instagram,panama,False,2024,Sports,MAPPED,,
28,Diario Día a Día @diaadiapa,674400.0,0.86,Panama,Entertainment and Music News Actors Virtualization,202300.0,instagram,panama,False,2024,Knowledge&Info,MAPPED,,
29,Doralis Mela @doralismela,673100.0,0.87,Panama,Entertainment and Music Finance Marketing and Advertising Actors,201900.0,instagram,panama,False,2024,Knowledge&Info,MAPPED,,
30,DIMELO FLOW @dimeloflowofficial,669800.0,1.4,Panama,Music Actors,200900.0,instagram,panama,False,2024,Music,MAPPED,,
31,Dy-Mi @the_dymi,649900.0,2.4,Panama,Music Singer Songwriting,195000.0,instagram,panama,False,2024,Music,MAPPED,,
32,Nito Cortizo @nitocortizo,619800.0,0.87,Panama,,185900.0,instagram,panama,False,2024,,,,
33,El Chotin | Panamá @elchotin.xyz,618500.0,1.19,Panama,,185600.0,instagram,panama,False,2024,,,,
34,Zulay Rodriguez Lu @zulayrodriguezlu,603400.0,0.64,Panama,Actors,181000.0,instagram,panama,False,2024,Entertainment,MAPPED,,
35,Mia Victoria Ayoleth @ayolethvivian_01,598700.0,0.2,Panama,,179600.0,instagram,panama,False,2024,,,,
36,Michelle Simons @michellesimons,597000.0,0.25,Panama,family Actors,179100.0,instagram,panama,False,2024,Entertainment,MAPPED,,
37,• Conciertos Cristianos • 🇵🇦 @conciertos_cristianos,580100.0,1.48,Panama,Entertainment and Music,174000.0,instagram,panama,False,2024,Music,MAPPED,,
38,Génesis Arjona @genearjona,567000.0,0.26,Panama,family Actors,170100.0,instagram,panama,False,2024,Entertainment,MAPPED,,
39,Josenid Adamaris Quintero💕😍 @josenid507,552600.0,0.55,Panama,Music,165800.0,instagram,panama,False,2024,Music,MAPPED,,
40,Dubosky musica urbana @dubosky,549600.0,0.78,Panama,Actors,164900.0,instagram,panama,False,2024,Entertainment,MAPPED,,
41,Denisse Becerra @demibecerra,536400.0,0.86,Panama,Education Life and Society Actors,160900.0,instagram,panama,False,2024,Knowledge&Info,MAPPED,,
42,Mónica Lee 🇵🇦 @itsmonicaleec,534700.0,2.06,Panama,Fitness and Health Actors,160400.0,instagram,panama,False,2024,Sports,MAPPED,,
43,ＣＬＡＲＩＳＳＡ ＡＢＲＥＧＯ @clarissabrego,515200.00000000006,0.96,Panama,Fitness and Health Actors Journalists,154600.0,instagram,panama,False,2024,Sports,MAPPED,,
44,La Pantera @yoanifitness,501100.0,1.7,Panama,Actors,150300.0,instagram,panama,False,2024,Entertainment,MAPPED,,
45,Rosa Iveth 👄• @rosaivethm,473400.0,1.06,Panama,Fashion and Accessories Marketing and Advertising Actors,142000.0,instagram,panama,False,2024,Beauty&Fashion,MAPPED,,
46,𝑨𝒏𝒂 𝑳𝒐𝒓𝒆𝒏𝒂 𝑶𝒍𝒊𝒗𝒆𝒓𝒐🦋🇵🇦 @ofc_analorena,470000.0,,Panama,,141000.0,instagram,panama,False,2024,,,,
47,Yaneth Marín 🇵🇦 @yanethhmarin,464900.0,9.7,Panama,,139500.0,instagram,panama,False,2024,,,,
48,El Gallinazo @elgallinazo,464400.0,2.62,Panama,Funny Life and Society News Actors,139300.0,instagram,panama,False,2024,Knowledge&Info,MAPPED,,
49,Javi Ghan🇵🇦 @javighan,456200.0,3.39,Panama,Arts and Crafts Actors,136800.0,instagram,panama,False,2024,Entertainment,MAPPED,,
50,Wyznick @wyznick,449000.0,0.5,Panama,Actors Journalists,134700.0,instagram,panama,False,2024,Knowledge&Info,MAPPED,,
51,Sheldry Sáez | INSPÍRATE @sheldrysaez,444200.0,0.29,Panama,Education Business and Finance Video Gaming Lifestyle,133200.0,instagram,panama,False,2024,Knowledge&Info,MAPPED,,
52,Ednita Nazario @ednitanazario,438100.0,0.17,Panama,Entertainment and Music Actors Music Singer,131400.0,instagram,panama,False,2024,Music,MAPPED,,
53,Nicole Pinto @nicolepinto22,429300.0,2.27,Panama,Fashion and Accessories Marketing and Advertising Actors Modeling,128800.0,instagram,panama,False,2024,Beauty&Fashion,MAPPED,,
54,KRISTEL VENENCIA 🇵🇦 @kristel28_,428800.0,1.2,Panama,Travel Marketing and Advertising Actors Journalists,128600.0,instagram,panama,False,2024,Knowledge&Info,MAPPED,,
55,CoCoas_net ®© @cocoas_net,424100.0,0.28,Panama,"Food News Journalists Film, Music & Books",127200.0,instagram,panama,False,2024,Knowledge&Info,MAPPED,,
56,K A R L A B @karlabstyle,415200.0,0.51,Panama,Fashion and Accessories,124600.0,instagram,panama,False,2024,Beauty&Fashion,MAPPED,,
57,Yurielis Peñalba 👑🐵💕👸 @asdpyurielis,414700.0,0.5,Panama,Actors Virtualization,124400.0,instagram,panama,False,2024,Tech&Gaming,MAPPED,,
58,𝐎𝐂𝐀 𝐋𝐎𝐂𝐀 @almacenocaloca,405100.0,0.21,Panama,Fashion and Accessories Arts and Crafts Parenting Actors,121500.0,instagram,panama,False,2024,Beauty&Fashion,MAPPED,,
59,𝐒𝐚𝐫𝐚 𝐝𝐞 𝐒𝐚𝐥𝐚𝐳𝐚𝐫 @sarariveraoficial,403800.0,0.7,Panama,Sports Parenting Actors Virtualization,121100.0,instagram,panama,False,2024,Sports,MAPPED,,
60,TRAFICOLOGO @traficologo,394900.0,0.12,Panama,Life and Society News News & Politics,118500.0,instagram,panama,False,2024,Knowledge&Info,MAPPED,,
61,Foto Sonido Panamá @fotosonidopty,373300.0,0.02,Panama,Product Showcase Marketing and Advertising Actors,112000.0,instagram,panama,False,2024,Beauty&Fashion,MAPPED,,
62,RomanticStyle @flexoficial,370500.0,0.74,Panama,"Actors Music Celebrities Film, Music & Books",111100.0,instagram,panama,False,2024,Knowledge&Info,MAPPED,,
63,Steven's Panamá @stevenspanama,368900.0,0.13,Panama,Fashion Actors,110700.0,instagram,panama,False,2024,Beauty&Fashion,MAPPED,,
64,Eddy Vasquez @eddyvasquezwao,367900.0,0.62,Panama,Entertainment and Music Marketing and Advertising Actors,110400.0,instagram,panama,False,2024,Knowledge&Info,MAPPED,,
65,Keith Husted ⚡️ @kjsmoothh,364000.0,12.81,Panama,,109200.0,instagram,panama,False,2024,,,,
66,CERDITOS @cerditos,360000.0,0.04,Panama,Food Food and Drink Tennis Actors,108000.0,instagram,panama,False,2024,Sports,MAPPED,,
67,Ricardo Martinelli @ricardomartinelli99,359100.0,0.5,Panama,,107700.0,instagram,panama,False,2024,,,,
68,Luis Casis @luiscasis,358100.0,0.39,Panama,Food Entertainment and Music Actors Journalists,107400.0,instagram,panama,False,2024,Knowledge&Info,MAPPED,,
69,Ashlany Gómez @ashlanylissette,352900.0,0.36,Panama,family Entertainment and Music Actors,105900.0,instagram,panama,False,2024,Music,MAPPED,,
70,Moises Bell | Pastor y Profeta @pastormoisesbell,352900.0,0.62,Panama,,105900.0,instagram,panama,False,2024,,,,
71,ParkerBoats 🇵🇦 @parkerboatspty,352700.0,0.3,Panama,,105800.0,instagram,panama,False,2024,,,,
72,MR. SAIK 👁 @mrsaikofficial,350800.0,0.34,Panama,Entertainment and Music Marketing and Advertising Actors Music,105200.0,instagram,panama,False,2024,Knowledge&Info,MAPPED,,
73,Mictia00 @abriguerra,349700.0,16.27,Panama,Entertainment and Music Education Games Video Gaming,104900.0,instagram,panama,False,2024,Knowledge&Info,MAPPED,,
74,Supermercados Rey @sm_rey,347600.0,0.05,Panama,Product Showcase Auto and Vehicles Actors,104300.0,instagram,panama,False,2024,Beauty&Fashion,MAPPED,,
75,La Bibi Pty®️ @labibipty,346400.0,0.22,Panama,Actors,103900.0,instagram,panama,False,2024,Entertainment,MAPPED,,
76,Critica Panamá @criticapa02,342100.0,0.42,Panama,,102600.0,instagram,panama,False,2024,,,,
77,🌏🚺BARBEL👑💸📈JM5🇵🇦 @barbel_507,338500.0,3.27,Panama,Music,101600.0,instagram,panama,False,2024,Music,MAPPED,,
78,ana paola @anapaolalynch,333700.0,1.31,Panama,Food,100100.0,instagram,panama,False,2024,Lifestyle,MAPPED,,
79,Celibeth Y. Pimentel J. @lazambita,331700.0,1.23,Panama,Entertainment and Music Actors Journalists,99500.0,instagram,panama,False,2024,Knowledge&Info,MAPPED,,
80,Joy Fong | OFICIAL🇵🇦 @joyfong15,330100.0,1.4,Panama,Entertainment and Music Actors Virtualization Celebrities,99000.0,instagram,panama,False,2024,Tech&Gaming,MAPPED,,
81,Blanca Herrera Arauz @blancaherreraarauz,326400.0,0.73,Panama,Dogs Actors Virtualization,97900.0,instagram,panama,False,2024,Tech&Gaming,MAPPED,,
82,EL MUTANTE @kafubanton507,323700.0,1.0,Panama,"Entertainment and Music Actors Film, Music & Books",97100.0,instagram,panama,False,2024,Knowledge&Info,MAPPED,,
83,LISSETTE JURADO @lissilionoficial,321500.0,0.19,Panama,Fitness and Health,96500.0,instagram,panama,False,2024,Sports,MAPPED,,
84,José Peláez @josepelaez,318100.0,2.52,Panama,Automotive Cars & Motorcycles Design Celebrities,95400.0,instagram,panama,False,2024,Tech&Gaming,MAPPED,,
85,Alberto Abdiel Quintero 🇵🇦 @negritime19,311300.0,5.0,Panama,family Actors Virtualization,93400.0,instagram,panama,False,2024,Tech&Gaming,MAPPED,,
86,🅒 🅗 🅐 🅡 🅛 🅢 🅛 🅐 🅣 🅣 🅐 🅝 @charlslattan,311200.0,0.52,Panama,Funny Entertainment and Music Politics Actors,93400.0,instagram,panama,False,2024,Knowledge&Info,MAPPED,,
87,AELLEEN DEL VALLE 🇵🇦 Energy Coach @_aelleen,307900.0,0.54,Panama,Product Showcase Entertainment and Music Marketing and Advertising Celebrities,92400.0,instagram,panama,False,2024,Beauty&Fashion,MAPPED,,
88,>❤️Tu mundo de felicidad❤️<^-^ @prisley_memes,306400.0,0.11,Panama,Beauty and Self Care Celebrity,91900.0,instagram,panama,False,2024,Beauty&Fashion,MAPPED,,
89,MAJO PAIZ ARIAS @segunmajo,300100.0,0.67,Panama,,90000.0,instagram,panama,False,2024,,,,
90,Fernando Broce @fernandobroce,299900.0,4.95,Panama,Life and Society Business and Finance Actors,90000.0,instagram,panama,False,2024,Knowledge&Info,MAPPED,,
91,✨🌸'Adᥲmᥱs'🌸✨ @__yeriiselladames__,295000.0,1.86,Panama,,88500.0,instagram,panama,False,2024,,,,
92,Neiben - RUBEN NEIRA® @neibenart,294800.0,10.7,Panama,Entertainment and Music Actors,88400.0,instagram,panama,False,2024,Music,MAPPED,,
93,Yenvideo < Video Viral @yenvideo,294000.0,4.14,Panama,Funny,88200.0,instagram,panama,False,2024,Entertainment,MAPPED,,
94,Margarita Henríquez @margaritahenriquez507,289400.0,0.59,Panama,Entertainment and Music Marketing and Advertising Actors Virtualization,86800.0,instagram,panama,False,2024,Knowledge&Info,MAPPED,,
95,Blas Pérez 🇵🇦 @elraton7,288900.0,1.74,Panama,Soccer,86700.0,instagram,panama,False,2024,Sports,MAPPED,,
96,MAKANO @makano507,287700.0,0.49,Panama,Entertainment and Music Actors Virtualization,86300.0,instagram,panama,False,2024,Tech&Gaming,MAPPED,,
97,Jaime E. Chong B. @bugamaran,287300.0,0.26,Panama,Entertainment and Music Funny Celebrity Actors,86200.0,instagram,panama,False,2024,Music,MAPPED,,
98,PY @yc_98yineth,287100.0,0.9,Panama,Actors Modeling,86100.0,instagram,panama,False,2024,Beauty&Fashion,MAPPED,,
99,Almacén Picadilly Store Panamá @picadillystore,285500.0,0.09,Panama,,85600.0,instagram,panama,False,2024,,,,
100,Elmis @elmiscastillo,283000.0,7.1,Panama,Acting and Drama Entertainment and Music Celebrity Actors,84900.0,instagram,panama,False,2024,Music,MAPPED,,
1,Laurys Rodriguez @laurysdyva,8500000.0,0.41,Paraguay,,2600000.0,instagram,paraguay,False,2024,,,,
2,Patty Orue @pattyorue_,2000000.0,0.14,Paraguay,Actors Fashion,607400.0,instagram,paraguay,False,2024,Beauty&Fashion,MAPPED,,
3,Sole Cardozo🐰 UNICA CUENTA @solecardozopy,1600000.0,1.05,Paraguay,Fashion and Accessories Entertainment and Music Actors,479600.0,instagram,paraguay,False,2024,Beauty&Fashion,MAPPED,,
4,Marilina Bogado @marilina_oficial,1500000.0,2.9,Paraguay,Art,448000.0,instagram,paraguay,False,2024,Lifestyle,MAPPED,,
5,Fabi Martinez @fabimartinezoficial,1300000.0,0.42,Paraguay,Fitness Actors,394800.0,instagram,paraguay,False,2024,Sports,MAPPED,,
6,Jessica Torres @jessitorresm,1300000.0,0.38,Paraguay,Arts and Crafts Marketing and Advertising Actors,383700.0,instagram,paraguay,False,2024,Knowledge&Info,MAPPED,,
7,Malala Olitte ♾ @malalaolitteoficial,1200000.0,0.5,Paraguay,Entertainment and Music Marketing and Advertising Actors,359800.0,instagram,paraguay,False,2024,Knowledge&Info,MAPPED,,
8,Nadia Portillo @nadiaportillooficial,1200000.0,0.46,Paraguay,Entertainment and Music,345600.0,instagram,paraguay,False,2024,Music,MAPPED,,
9,FARA MONTGOMERY @faramontgomery,1100000.0,0.92,Paraguay,Music,331300.0,instagram,paraguay,False,2024,Music,MAPPED,,
10,RomeroTeam @romeroteam,1100000.0,8.25,Paraguay,Actors,328100.0,instagram,paraguay,False,2024,Entertainment,MAPPED,,
11,Ivan Torres @ivan_torres11,1100000.0,3.18,Paraguay,Sports Actors,318400.0,instagram,paraguay,False,2024,Sports,MAPPED,,
12,PAM RUIZ DIAZ 🪄 @pamruizdiazok,1000000.0,2.9,Paraguay,Actors Fashion,304900.0,instagram,paraguay,False,2024,Beauty&Fashion,MAPPED,,
13,Dahiana Bresanovich @dahianabresanovich,932800.0,0.94,Paraguay,Actors,279800.0,instagram,paraguay,False,2024,Entertainment,MAPPED,,
14,lacomadrepy @lacomadrepy,927800.0,2.24,Paraguay,Automotive Actors,278300.0,instagram,paraguay,False,2024,Tech&Gaming,MAPPED,,
15,Club Olimpia Oficial @elclubolimpia,922900.0,1.45,Paraguay,Sports Actors Sports Team Creators & Celebrities,276900.0,instagram,paraguay,False,2024,Sports,MAPPED,,
16,Melissa Quiñonez @yendy_melissa,918600.0,0.24,Paraguay,family Lifestyle,275600.0,instagram,paraguay,False,2024,Lifestyle,MAPPED,,
17,Jazmin Mernes 💎 @lamernesok,906600.0,0.19,Paraguay,,272000.0,instagram,paraguay,False,2024,,,,
18,Gabriela Wolscham @gawolscham,800400.0,0.16,Paraguay,Fitness and Health Business and Finance Actors Modeling,240100.0,instagram,paraguay,False,2024,Sports,MAPPED,,
19,PARAWHY @meta_parawhy,764300.0,2.5,Paraguay,Games,229300.0,instagram,paraguay,False,2024,Tech&Gaming,MAPPED,,
20,Mariela Bogado @mariela_bogadook,673400.0,1.24,Paraguay,Actors,202000.0,instagram,paraguay,False,2024,Entertainment,MAPPED,,
21,🌸Andrea Ocampos🌸 @andru99__,671100.0,0.14,Paraguay,Fashion Beauty,201300.0,instagram,paraguay,False,2024,Beauty&Fashion,MAPPED,,
22,🔥 MARLY FIGUEREDO⭐⭐⭐⭐⭐ @marlyfigueredo_paraguay____,663400.0,0.1,Paraguay,,199000.0,instagram,paraguay,False,2024,,,,
23,Derlis Gonzalez @derlis10gonzalez,654600.0,3.37,Paraguay,Actors,196400.0,instagram,paraguay,False,2024,Entertainment,MAPPED,,
24,Norita Rodriguez @noritarodriguezok,623300.0,0.32,Paraguay,Entertainment and Music Actors Modeling,187000.0,instagram,paraguay,False,2024,Beauty&Fashion,MAPPED,,
25,Yentel Argüello @yentelarguello,612700.0,4.23,Paraguay,Art,183800.0,instagram,paraguay,False,2024,Lifestyle,MAPPED,,
26,MaritoAbdo @maritopresidente,611600.0,3.26,Paraguay,Life and Society Actors,183500.0,instagram,paraguay,False,2024,Knowledge&Info,MAPPED,,
27,Selección Paraguaya de Fútbol @albirroja,606000.0,1.58,Paraguay,Sports,181800.0,instagram,paraguay,False,2024,Sports,MAPPED,,
28,Rosy Alderete🇵🇾 (Única cuenta) @rosyalderetepy,596000.0,1.21,Paraguay,,178800.0,instagram,paraguay,False,2024,,,,
29,"Vicente Saenger ""jaka"" @saengervicente",593300.0,0.6,Paraguay,,178000.0,instagram,paraguay,False,2024,,,,
30,La Emperatriz Fátima Román @fati_roman,584900.0,0.64,Paraguay,Acting and Drama Virtualization Actors,175500.0,instagram,paraguay,False,2024,Tech&Gaming,MAPPED,,
31,Will Fretes @will_fretes,574300.0,2.19,Paraguay,Entertainment and Music Marketing and Advertising Actors,172300.0,instagram,paraguay,False,2024,Knowledge&Info,MAPPED,,
32,Clara Franco @clarafrancor,555700.0,0.27,Paraguay,Acting and Drama Actors,166700.0,instagram,paraguay,False,2024,Entertainment,MAPPED,,
33,Chenny Tv @chennytv,553700.0,7.3,Paraguay,Entertainment and Music Actors,166100.0,instagram,paraguay,False,2024,Music,MAPPED,,
34,L A S O L E ' I ♥️ @shuli_riquelme,540900.0,5.7,Paraguay,Entertainment and Music Actors Modeling,162300.0,instagram,paraguay,False,2024,Beauty&Fashion,MAPPED,,
35,Andrea Araujo @andrealaaraujo,530900.0,0.75,Paraguay,Coaching Sports Fitness,159300.0,instagram,paraguay,False,2024,Sports,MAPPED,,
36,Jennifer Ruiz Diaz @jenniferruizdiaz,530600.0,0.33,Paraguay,Acting and Drama Marketing and Advertising Modeling,159200.0,instagram,paraguay,False,2024,Beauty&Fashion,MAPPED,,
37,Bruno Valdez @bruno_valdez,519900.0,3.4,Paraguay,Actors,156000.0,instagram,paraguay,False,2024,Entertainment,MAPPED,,
38,Milagro Britez Obregon @milybritezmusica,519100.0,0.6,Paraguay,Music,155700.0,instagram,paraguay,False,2024,Music,MAPPED,,
39,Contame Paraguay @contameparaguay,493700.0,0.5,Paraguay,Travel Arts and Crafts,148100.0,instagram,paraguay,False,2024,Lifestyle,MAPPED,,
40,ʟᴀʟɪ ɢᴏɴᴢᴀʟᴇᴢ @lalilalig,473000.0,0.69,Paraguay,Entertainment and Music Funny Romance and Wedding Actors,141900.0,instagram,paraguay,False,2024,Beauty&Fashion,MAPPED,,
41,LINEA 12 MBARETE 🇵🇾 @linea12mbarete,468500.0,0.6,Paraguay,Food,140500.0,instagram,paraguay,False,2024,Lifestyle,MAPPED,,
42,Línea 27 | Memes•Videos•Tweets @linea27py,466200.0,0.6,Paraguay,News News & Politics,139900.0,instagram,paraguay,False,2024,Knowledge&Info,MAPPED,,
43,Tamyy Ayala @tamyyayalaoficial,454000.0,0.33,Paraguay,Fitness and Health Entertainment and Music Marketing and Advertising,136200.0,instagram,paraguay,False,2024,Sports,MAPPED,,
44,Ruth Alcaraz @ruthalcarazboutique,453400.0,0.16,Paraguay,Fashion and Accessories,136000.0,instagram,paraguay,False,2024,Beauty&Fashion,MAPPED,,
45,Seini Gisselle @seinikim,451600.0,0.87,Paraguay,Life and Society Actors Modeling,135500.0,instagram,paraguay,False,2024,Beauty&Fashion,MAPPED,,
46,Nadia Aranda Perfil Official @nadiaaranda,450800.0,1.46,Paraguay,Actors,135200.0,instagram,paraguay,False,2024,Entertainment,MAPPED,,
47,Chiche Corte @chichecorte,445100.0,0.11,Paraguay,Entertainment and Music Actors Journalists,133500.0,instagram,paraguay,False,2024,Knowledge&Info,MAPPED,,
48,Isa ♡ @isa_ro19,443900.0,2.5,Paraguay,,133200.0,instagram,paraguay,False,2024,,,,
49,Lilian Lopez @lizandrilopezdure,436600.0,0.41,Paraguay,Beauty and Self Care Actors Coaching Gym,131000.0,instagram,paraguay,False,2024,Sports,MAPPED,,
50,Roque Santa Cruz @roquesantacruz,434900.0,0.84,Paraguay,Sports,130500.0,instagram,paraguay,False,2024,Sports,MAPPED,,
51,Oscar Pintos @oscarpintos_,434500.0,0.4,Paraguay,Food Marketing and Advertising Chef,130400.0,instagram,paraguay,False,2024,Knowledge&Info,MAPPED,,
52,Reite un poco y no seas argel @ani_nde_argel,422100.0,2.2,Paraguay,,126600.0,instagram,paraguay,False,2024,,,,
53,Chris Ferreira @chrisferreiranutri,421200.0,6.89,Paraguay,Fitness and Health,126400.0,instagram,paraguay,False,2024,Sports,MAPPED,,
54,Magie González ✨ @resilienciainfinita,410500.0,0.34,Paraguay,Business and Finance,123100.0,instagram,paraguay,False,2024,Knowledge&Info,MAPPED,,
55,shopping itaipu loja 🛒🛍🛍 @shoppingitaipuoficial,405000.0,0.09,Paraguay,Shopping,121500.0,instagram,paraguay,False,2024,UNMAPPED,UNMAPPED,,
56,David Mussi Bécker @davidmussi,400700.0,0.65,Paraguay,Business and Finance Actors Virtualization Journalists,120200.0,instagram,paraguay,False,2024,Knowledge&Info,MAPPED,,
57,T H A L I S O L I S🐰 @thalisolis,396400.0,3.48,Paraguay,,118900.0,instagram,paraguay,False,2024,,,,
58,Edgar Benítez @elpajaro23,395400.0,5.19,Paraguay,Soccer Actors,118600.0,instagram,paraguay,False,2024,Sports,MAPPED,,
59,ANA RIOS ❤️✨ @anariospy,394500.0,0.98,Paraguay,Entertainment and Music Marketing and Advertising Actors,118300.0,instagram,paraguay,False,2024,Knowledge&Info,MAPPED,,
60,Fabian Balbuena @fbalbuenito,390800.0,3.1,Paraguay,Sports Soccer,117200.0,instagram,paraguay,False,2024,Sports,MAPPED,,
61,LUANA HILDEBRAND @luhildbrand,377200.0,5.31,Paraguay,,113200.0,instagram,paraguay,False,2024,,,,
62,Ortíz Carolina @carolinaortcez,367500.0,3.07,Paraguay,,110200.0,instagram,paraguay,False,2024,,,,
63,Alejandro Royg @alejandroroyg,356400.0,0.22,Paraguay,,106900.0,instagram,paraguay,False,2024,,,,
64,Alejandra Beltrán @labeltranpy,351600.0,1.3,Paraguay,Actors Modeling,105500.0,instagram,paraguay,False,2024,Beauty&Fashion,MAPPED,,
65,Anabell Ruiz Diaz @anabellruizdiaz,348500.0,0.7,Paraguay,,104500.0,instagram,paraguay,False,2024,,,,
66,Menchi Barriocanal @menchibarriocan,348400.0,0.17,Paraguay,Education Entertainment and Music Actors Journalists,104500.0,instagram,paraguay,False,2024,Knowledge&Info,MAPPED,,
67,Santiago Peña @santipenapy,345300.0,0.51,Paraguay,Finance Actors Political Candidate,103600.0,instagram,paraguay,False,2024,Knowledge&Info,MAPPED,,
68,YenysOlmedo💛 @yenysolmedo,342200.0,1.7,Paraguay,,102700.0,instagram,paraguay,False,2024,,,,
69,Andrea Quattrocchi @andrequattrocchi,340800.0,0.62,Paraguay,Acting and Drama Entertainment and Music Romance and Wedding Actors,102200.0,instagram,paraguay,False,2024,Beauty&Fashion,MAPPED,,
70,Alejandro Silva @ale_silva89,340200.0,5.43,Paraguay,Actors,102100.0,instagram,paraguay,False,2024,Entertainment,MAPPED,,
71,Amparo Velázquez @amparovelazquez1,333200.0,0.82,Paraguay,Actors Humor Celebrities Technology,100000.0,instagram,paraguay,False,2024,Tech&Gaming,MAPPED,,
72,Nancy Quintana @nancy_quintana06_official,331500.0,0.7,Paraguay,,99500.0,instagram,paraguay,False,2024,,,,
73,Robert Piris Da Motta 🇵🇾 @robertpiris26,330200.0,1.57,Paraguay,Video Gaming Actors,99100.0,instagram,paraguay,False,2024,Tech&Gaming,MAPPED,,
74,Rodrigo Ruiz Díaz @ruizdiazrodrigo,327900.0,2.53,Paraguay,,98400.0,instagram,paraguay,False,2024,,,,
75,Haku Jeyma 🔥 @hakujeyma,325500.0,2.4,Paraguay,,97600.0,instagram,paraguay,False,2024,,,,
76,♡ Yanina González ♡ @yani_gonzalex,324400.0,2.11,Paraguay,,97300.0,instagram,paraguay,False,2024,,,,
77,#TeleShow @teleshowtv,323500.0,0.3,Paraguay,Actors,97100.0,instagram,paraguay,False,2024,Entertainment,MAPPED,,
78,B E T H A B O R B A✨ @bethania_borba,315600.0,2.41,Paraguay,,94700.0,instagram,paraguay,False,2024,,,,
79,Liliana Alvarez @lilianayninon,311900.0,0.4,Paraguay,Actors,93600.0,instagram,paraguay,False,2024,Entertainment,MAPPED,,
80,Silvana Abdo @silvanaabdolopezm,306600.0,3.74,Paraguay,,92000.0,instagram,paraguay,False,2024,,,,
81,El Joven Rapuzzz @darlin_moronta,304300.0,2.8,Paraguay,,91300.0,instagram,paraguay,False,2024,,,,
82,Alexia Notto @alexiaa_notto,302100.0,3.45,Paraguay,Fashion and Accessories Marketing and Advertising Actors,90600.0,instagram,paraguay,False,2024,Beauty&Fashion,MAPPED,,
83,Carolina Sosky @carososky,300400.0,0.82,Paraguay,Fitness and Health,90100.0,instagram,paraguay,False,2024,Sports,MAPPED,,
84,@eremao100vece,294100.0,1.3,Paraguay,,88200.0,instagram,paraguay,False,2024,,,,
85,Pablo Aguilar @paguilar87,293100.0,1.21,Paraguay,Sports Actors,87900.0,instagram,paraguay,False,2024,Sports,MAPPED,,
86,Irupé Cabrera @cabrera.iru,284400.0,1.34,Paraguay,Beauty and Self Care Fashion and Accessories Marketing and Advertising Actors,85300.0,instagram,paraguay,False,2024,Beauty&Fashion,MAPPED,,
87,sosa-17 @ramon.sosa17,280100.0,18.96,Paraguay,Sports,84000.0,instagram,paraguay,False,2024,Sports,MAPPED,,
88,Renato Prono @renatoprono,278900.0,6.4,Paraguay,Sports Celebrity Coaching Actors,83700.0,instagram,paraguay,False,2024,Sports,MAPPED,,
89,Nenito Vargas & Plumas Negras @nenitovargasplumasnegras,278500.0,0.27,Paraguay,Animals Marketing and Advertising Actors DJ,83500.0,instagram,paraguay,False,2024,Knowledge&Info,MAPPED,,
90,Rodrigo e Ravel @rodrigoeraveloficial,272900.0,,Paraguay,"Film, Music & Books Cars & Motorcycles",81900.0,instagram,paraguay,False,2024,Knowledge&Info,MAPPED,,
91,Luana Careaga @luanacareagapy,272400.0,0.52,Paraguay,Entertainment and Music Sports Education Dogs,81700.0,instagram,paraguay,False,2024,Sports,MAPPED,,
92,Enrique E. Gutièrrez @rommelito09,272100.0,0.53,Paraguay,Sports Soccer Actors,81600.0,instagram,paraguay,False,2024,Sports,MAPPED,,
93,Ilana Rubín @ilana_rubin,269000.0,0.23,Paraguay,Entertainment and Music family Events Actors,80700.0,instagram,paraguay,False,2024,Music,MAPPED,,
94,Roberto Pérez @robertoperezpy1,268700.0,1.92,Paraguay,Education Entertainment and Music Actors,80600.0,instagram,paraguay,False,2024,Knowledge&Info,MAPPED,,
95,ElConejoTv @elconejotv,268000.0,,Paraguay,,80400.0,instagram,paraguay,False,2024,,,,
96,🇵🇾WʜᴀᴛsAᴘᴘ Pᴀʀᴀɢᴜᴀʏ🇵🇾 @whatsappparaguay,267300.0,,Paraguay,Actors,80200.0,instagram,paraguay,False,2024,Entertainment,MAPPED,,
97,Aslin_Mendiola @aslin_almiron,262000.0,0.72,Paraguay,Fashion,78600.0,instagram,paraguay,False,2024,Beauty&Fashion,MAPPED,,
98,Ana Paula Cespedes | Pilot 👩🏻‍✈️ @anapaulacespedes,261200.0,0.89,Paraguay,Outdoor Activity Actors Modeling,78400.0,instagram,paraguay,False,2024,Sports,MAPPED,,
99,Kassandra Frutos @kasstuli,260600.00000000003,1.59,Paraguay,Entertainment and Music Marketing and Advertising Actors,78200.0,instagram,paraguay,False,2024,Knowledge&Info,MAPPED,,
100,Men - Tendencia Masculina® @menparaguay,259600.00000000003,0.07,Paraguay,Fashion and Accessories Marketing and Advertising Modeling,77900.0,instagram,paraguay,False,2024,Beauty&Fashion,MAPPED,,
1,L U C I A N A 🦋 F U S T E R @lucianafusterg,5100000.0,0.65,Peru,Fashion and Accessories Actors,1500000.0,instagram,peru,False,2024,Beauty&Fashion,MAPPED,,
2,Rosangela Espinoza @rosangelaeslo,4500000.0,0.34,Peru,Fashion and Accessories Arts and Crafts Entertainment and Music Funny,1300000.0,instagram,peru,False,2024,Beauty&Fashion,MAPPED,,
3,Maria Pia Copello @piacopello,4400000.0,0.37,Peru,Entertainment and Music Actors,1300000.0,instagram,peru,False,2024,Music,MAPPED,,
4,Angie Arizaga @angiearizaga,4300000.0,0.45,Peru,Entertainment and Music Celebrity Actors,1300000.0,instagram,peru,False,2024,Music,MAPPED,,
5,JAZMIN PINEDO @jazminpinedo,4300000.0,0.52,Peru,Entertainment and Music Television Actors,1300000.0,instagram,peru,False,2024,Music,MAPPED,,
6,JEFFERSON A. FARFAN GUADALUPE @jefferson_farfan_oficial,4100000.0,0.88,Peru,Sports Actors,1200000.0,instagram,peru,False,2024,Sports,MAPPED,,
7,Alejandra Baigorria A. @alejandrabaigorria,4000000.0,0.47,Peru,Fashion and Accessories Beauty and Self Care TV Host Actors,1200000.0,instagram,peru,False,2024,Beauty&Fashion,MAPPED,,
8,Natalie Vertiz @msperu,3700000.0,0.74,Peru,Fashion and Accessories,1100000.0,instagram,peru,False,2024,Beauty&Fashion,MAPPED,,
9,ISABELA🇵🇪🇺🇸 @isabelamerced,3700000.0,4.29,Peru,,1100000.0,instagram,peru,False,2024,,,,
10,𝘒𝘈𝘙𝘌𝘕 𝘚𝘊𝘏𝘞𝘈𝘙𝘡 @karenschwarzespinoza,3600000.0,0.21,Peru,Arts and Crafts Entertainment and Music Education Actors,1100000.0,instagram,peru,False,2024,Knowledge&Info,MAPPED,,
11,Leslie Shaw @leslieshaw,3400000.0,0.34,Peru,Arts and Crafts Entertainment and Music,1000000.0,instagram,peru,False,2024,Music,MAPPED,,
12,Brunella Horna 💕 @brunehorna,3400000.0,1.55,Peru,Entertainment and Music Fashion and Accessories Business and Finance Lifestyle,1000000.0,instagram,peru,False,2024,Beauty&Fashion,MAPPED,,
13,MICHEILLE SOIFER @micheillesoifer8,3300000.0,0.29,Peru,Entertainment and Music Music Actors,987500.0,instagram,peru,False,2024,Music,MAPPED,,
14,Daniela Darcourt @danieladarcourtoficial,3200000.0,0.29,Peru,Entertainment and Music Acting and Drama Music Actors,963300.0,instagram,peru,False,2024,Music,MAPPED,,
15,Ana Jara @anajaramartinezok,3100000.0,0.32,Peru,Acting and Drama Celebrity Actors Journalists,923000.0,instagram,peru,False,2024,Knowledge&Info,MAPPED,,
16,Yahaira @yahairaplasencia,3100000.0,0.25,Peru,Entertainment and Music Actors,919500.0,instagram,peru,False,2024,Music,MAPPED,,
17,Santa Zinos @santazinos,3000000.0,2.78,Peru,Fashion and Accessories Actors Music,910300.0,instagram,peru,False,2024,Beauty&Fashion,MAPPED,,
18,La Foka @lafoka,3000000.0,2.27,Peru,Actors,903400.0,instagram,peru,False,2024,Entertainment,MAPPED,,
19,Maricarmen Marin @maricarmenmarins,2900000.0,0.09,Peru,Entertainment and Music Actors,880700.0,instagram,peru,False,2024,Music,MAPPED,,
20,Tilsa Lozano @tilsa_lozano,2800000.0,0.15,Peru,family Entertainment and Music Moms Actors,849900.0,instagram,peru,False,2024,Music,MAPPED,,
21,Hugo Garcia @hugogarcia,2700000.0,0.2,Peru,Sports Actors,810600.0,instagram,peru,False,2024,Sports,MAPPED,,
22,Clara Divano | Cusi | Fitness @cusifit,2600000.0,0.43,Peru,Fitness and Health Marketing and Advertising Coaching Gym,781200.0,instagram,peru,False,2024,Sports,MAPPED,,
23,Mario Irivarren @marioirivarren,2600000.0,0.56,Peru,Marketing and Advertising TV Host Actors,774100.0,instagram,peru,False,2024,Knowledge&Info,MAPPED,,
24,Patricio Parodi Costa @patoparodi18,2500000.0,0.48,Peru,Entertainment and Music Marketing and Advertising Actors Modeling,761300.0,instagram,peru,False,2024,Beauty&Fashion,MAPPED,,
25,Ricardo Ponce @ricardoponce,2500000.0,0.06,Peru,Books Actors Virtualization Journalists,751700.0,instagram,peru,False,2024,Knowledge&Info,MAPPED,,
26,Rebeca Escribens @dona_rebe,2400000.0,0.1,Peru,Acting and Drama Actors,721100.0,instagram,peru,False,2024,Entertainment,MAPPED,,
27,iaaras2 @iaaras2,2300000.0,5.0,Peru,Entertainment and Music Funny,700200.0,instagram,peru,False,2024,Music,MAPPED,,
28,Carol Reali @carolreali,2300000.0,0.04,Peru,Beauty and Self Care Fashion and Accessories Life and Society Actors,691300.0,instagram,peru,False,2024,Beauty&Fashion,MAPPED,,
29,Maju Mantilla @majumantilla,2200000.0,0.29,Peru,Travel Fitness and Health Actors Virtualization,673900.0,instagram,peru,False,2024,Sports,MAPPED,,
30,Shirley Arica @shirleyarica27,2100000.0,1.55,Peru,Fashion and Accessories,644400.0,instagram,peru,False,2024,Beauty&Fashion,MAPPED,,
31,𝕄𝕚𝕕𝕟𝕚𝕘𝕙𝕥 𝕄𝕠𝕠𝕕 @midnightmood_oficial,2000000.0,8.89,Peru,,614000.0,instagram,peru,False,2024,,,,
32,🅛🅐🅤🅡🅐 🅢🅟🅞🅨🅐 @lauraspoya,2000000.0,0.66,Peru,Beauty and Self Care Fashion and Accessories Actors,613800.0,instagram,peru,False,2024,Beauty&Fashion,MAPPED,,
33,🩸Lossiblings 🍭 @lossiblings_,2000000.0,3.93,Peru,Pets Entertainment and Music family,611400.0,instagram,peru,False,2024,Music,MAPPED,,
34,Rafael Cardozo @rafaelcardozotv,2000000.0,0.04,Peru,Entertainment and Music Business and Finance Actors Modeling,607200.0,instagram,peru,False,2024,Beauty&Fashion,MAPPED,,
35,Merly Morello @merly_morello_oficial,1900000.0,1.48,Peru,Acting and Drama Actors Modeling,569400.0,instagram,peru,False,2024,Beauty&Fashion,MAPPED,,
36,Gianluca Lapadula @gianluca_lapadula_official,1900000.0,4.67,Peru,Sports Soccer Lifestyle Celebrities,561200.0,instagram,peru,False,2024,Sports,MAPPED,,
37,YIDDA @yiddaeslavap,1900000.0,0.43,Peru,Entertainment and Music Video Gaming Actors,558400.0,instagram,peru,False,2024,Tech&Gaming,MAPPED,,
38,Stephanie Cayo 🍓 @unlunar,1800000.0,1.32,Peru,Arts and Crafts Entertainment and Music Actors Music,552700.0,instagram,peru,False,2024,Music,MAPPED,,
39,TEPHA 🦋 @tephaloza8,1800000.0,0.26,Peru,Food Actors Modeling,551100.0,instagram,peru,False,2024,Beauty&Fashion,MAPPED,,
40,Luis Advincula @luisadvincula17_,1800000.0,3.25,Peru,Soccer Actors,543600.0,instagram,peru,False,2024,Sports,MAPPED,,
41,Magaly Medina @magalymedinav,1800000.0,1.05,Peru,Entertainment and Music Marketing and Advertising Actors Virtualization,532700.0,instagram,peru,False,2024,Knowledge&Info,MAPPED,,
42,Paola Gallegos ✶ Calligraphy & Lettering @calligraphilic,1800000.0,0.72,Peru,Arts and Crafts Education Marketing and Advertising,532200.0,instagram,peru,False,2024,Knowledge&Info,MAPPED,,
43,Gianella Neyra @gianellaneyra_,1700000.0,0.2,Peru,Acting and Drama Entertainment and Music Actors Journalists,514600.0,instagram,peru,False,2024,Knowledge&Info,MAPPED,,
44,Ezio Oliva @eziooliva,1700000.0,0.34,Peru,Entertainment and Music family Music Actors,506300.0,instagram,peru,False,2024,Music,MAPPED,,
45,Melissa Rios @lissamrios,1700000.0,14.51,Peru,Romance and Wedding Food and Drink Events Actors,503200.0,instagram,peru,False,2024,Beauty&Fashion,MAPPED,,
46,Said Palao Castro @saidpalao_fit,1700000.0,0.93,Peru,Fitness and Health Actors Modeling Coaching,501200.0,instagram,peru,False,2024,Sports,MAPPED,,
47,Anahi de Cárdenas 🇵🇪 @anahidec,1600000.0,1.22,Peru,Animals family Actors,494500.0,instagram,peru,False,2024,Entertainment,MAPPED,,
48,𝐗𝐈𝐌𝐄𝐍𝐀 @ximehoyosp,1600000.0,0.97,Peru,Fitness and Health Actors,492400.0,instagram,peru,False,2024,Sports,MAPPED,,
49,Edison Flores @edisonflores1020,1600000.0,0.88,Peru,Sports Actors,465300.0,instagram,peru,False,2024,Sports,MAPPED,,
50,Johanna San Miguel Dammert @johanna_san_miguel_dammert,1500000.0,0.4,Peru,Entertainment and Music Actors,463700.0,instagram,peru,False,2024,Music,MAPPED,,
51,Juliana Oxenford @julianaoxenford.oficial,1500000.0,0.33,Peru,Education Actors Journalists Virtualization,440600.0,instagram,peru,False,2024,Knowledge&Info,MAPPED,,
52,Pedro Gallese Quiroz @pedrogallese1,1400000.0,1.1,Peru,Sports Actors Virtualization,432700.0,instagram,peru,False,2024,Sports,MAPPED,,
53,Katia Palma. @katiapalmam17,1400000.0,1.1,Peru,Acting and Drama Entertainment and Music Actors,431900.0,instagram,peru,False,2024,Music,MAPPED,,
54,𝐅á𝐭𝐢𝐦𝐚 𝐒𝐞𝐠𝐨𝐯𝐢𝐚 🍭🫧🫦🍒 @fatima.segovia,1400000.0,3.54,Peru,Celebrity Actors,425200.0,instagram,peru,False,2024,Entertainment,MAPPED,,
55,Jossmery Toledo @jossmerytol,1400000.0,3.77,Peru,Fitness and Health Fashion and Accessories Automotive,419700.0,instagram,peru,False,2024,Sports,MAPPED,,
56,Dorita Orbegoso @doritaoficial,1400000.0,0.69,Peru,Actors Virtualization,417300.0,instagram,peru,False,2024,Tech&Gaming,MAPPED,,
57,@nataliasalasz,1400000.0,0.81,Peru,Entertainment and Music Pets Marketing and Advertising Actors,414800.0,instagram,peru,False,2024,Knowledge&Info,MAPPED,,
58,Karen Dejo @karendejoy,1400000.0,0.37,Peru,Entertainment and Music Marketing and Advertising,413700.0,instagram,peru,False,2024,Knowledge&Info,MAPPED,,
59,Janick Maceta Del Castillo ♥ @janickmaceta,1400000.0,3.82,Peru,Beauty and Self Care Fashion and Accessories Entertainment and Music family,406700.0,instagram,peru,False,2024,Beauty&Fashion,MAPPED,,
60,𝘶𝘯 𝘮𝘪𝘯𝘶𝘵𝘰 𝘰 𝘮𝘢𝘴 @unminutoomas_,1300000.0,1.5,Peru,,393300.0,instagram,peru,False,2024,,,,
61,Maria del Pilar Vargas @queenpee,1300000.0,0.1,Peru,Fashion and Accessories Product Education Product Showcase Marketing and Advertising,390800.0,instagram,peru,False,2024,Beauty&Fashion,MAPPED,,
62,Rodrigo Cuba @gatocuba16,1300000.0,3.0,Peru,Sports Soccer Actors Virtualization,389300.0,instagram,peru,False,2024,Sports,MAPPED,,
63,Amy Gutiérrez @amygutierrezperu,1300000.0,0.58,Peru,Art Music Actors Virtualization,386900.0,instagram,peru,False,2024,Tech&Gaming,MAPPED,,
64,Wapa.pe @revistawapa,1300000.0,0.2,Peru,Beauty and Self Care Fashion and Accessories,384000.0,instagram,peru,False,2024,Beauty&Fashion,MAPPED,,
65,Yliana Diaz @ylidiaz_2,1300000.0,2.37,Peru,,381500.0,instagram,peru,False,2024,,,,
66,Deyvis Orosco @deyvisorosco,1300000.0,0.08,Peru,Entertainment and Music Actors Music,379800.0,instagram,peru,False,2024,Music,MAPPED,,
67,Fluxo Luqueta @lucasgagliasso,1300000.0,14.03,Peru,Entertainment and Music Video Gaming,378800.0,instagram,peru,False,2024,Tech&Gaming,MAPPED,,
68,Tula Rodríguez ✨ @tulaperu,1300000.0,0.44,Peru,Entertainment and Music Actors Virtualization Journalists,376900.0,instagram,peru,False,2024,Knowledge&Info,MAPPED,,
69,Andrea San Martin Pilares @mama.porpartidadoble,1200000.0,0.95,Peru,family Beauty and Self Care Marketing and Advertising,362300.0,instagram,peru,False,2024,Beauty&Fashion,MAPPED,,
70,Luana Barron @luanabarron,1200000.0,1.31,Peru,Fashion and Accessories TV Shows Actors,354000.0,instagram,peru,False,2024,Beauty&Fashion,MAPPED,,
71,Josimar @josimarfideloficial,1200000.0,0.07,Peru,Entertainment and Music,353500.0,instagram,peru,False,2024,Music,MAPPED,,
72,picus @picus.oficial,1200000.0,1.06,Peru,Entertainment and Music Music,347100.0,instagram,peru,False,2024,Music,MAPPED,,
73,Renato Tapia @renatotapiac,1200000.0,2.1,Peru,Sports,347000.0,instagram,peru,False,2024,Sports,MAPPED,,
74,Gino Pesaressi Torres @ginopesaressi,1200000.0,0.72,Peru,Art,345400.0,instagram,peru,False,2024,Lifestyle,MAPPED,,
75,LORDPINGOSTINI 🦹🏼‍♂️ @fabioagostinifit,1100000.0,1.3,Peru,Actors Journalists,344100.0,instagram,peru,False,2024,Knowledge&Info,MAPPED,,
76,ABUELAFITPERU ®️ @abuelafitperu,1100000.0,0.25,Peru,Fitness and Health,339500.0,instagram,peru,False,2024,Sports,MAPPED,,
77,Papi Dolla Signs 🤑🤴🏻🇵🇪 @capdollaz,1100000.0,1.13,Peru,Entertainment and Music Music Singer Entertainment,337800.0,instagram,peru,False,2024,Music,MAPPED,,
78,Facu Gonzalez @facundogonzalez28,1100000.0,1.1,Peru,Acting and Drama Actors,333100.0,instagram,peru,False,2024,Entertainment,MAPPED,,
79,Carol Villanes @carolvillanes,1100000.0,4.66,Peru,Entertainment and Music,323700.0,instagram,peru,False,2024,Music,MAPPED,,
80,Jorge Benavides @jbjorgebenavides,1100000.0,0.96,Peru,Entertainment and Music Funny Acting and Drama Celebrity,322000.0,instagram,peru,False,2024,Music,MAPPED,,
81,Misias pero viajeras @misiasperoviajeras,1100000.0,1.46,Peru,Travel Actors,320600.0,instagram,peru,False,2024,Entertainment,MAPPED,,
82,Isabel Acevedo Oficial @isabelacevedoarenas,1100000.0,0.91,Peru,Entertainment and Music Actors,319700.0,instagram,peru,False,2024,Music,MAPPED,,
83,Sabrina Maya @sabris.maya,1100000.0,1.85,Peru,Marketing and Advertising Modeling Celebrities Animals & Pets,317100.0,instagram,peru,False,2024,Beauty&Fashion,MAPPED,,
84,Samahara Lobaton Klug @sam_lobaton_klug,1000000.0,1.34,Peru,family Actors,314300.0,instagram,peru,False,2024,Entertainment,MAPPED,,
85,GUTY @gutycarrera,1000000.0,0.93,Peru,Entertainment and Music Fitness and Health Actors Modeling,307800.0,instagram,peru,False,2024,Sports,MAPPED,,
86,Marlon Vargas | Entrenador Personal | Coach Online @marlon.vafit,1000000.0,0.23,Peru,Fitness and Health,301700.0,instagram,peru,False,2024,Sports,MAPPED,,
87,Club Alianza Lima @alianzalima,1000000.0,1.73,Peru,Home and Garden Soccer,300500.0,instagram,peru,False,2024,Sports,MAPPED,,
88,Gianella Marquina Klug @gianemarquina,980600.0,0.62,Peru,family Actors Modeling,294200.0,instagram,peru,False,2024,Beauty&Fashion,MAPPED,,
89,Pedro Aquino @pedroaquinos95,976700.0,0.74,Peru,Actors,293000.0,instagram,peru,False,2024,Entertainment,MAPPED,,
90,Adriana Campos-Salazar @adriana_campossalazar,964800.0,2.88,Peru,Art Acting and Drama,289400.0,instagram,peru,False,2024,Entertainment,MAPPED,,
91,Maria Grazia Gamarra @mariasonrisa,959100.0,0.45,Peru,Art Television Entertainment and Music Actors,287700.0,instagram,peru,False,2024,Music,MAPPED,,
92,Ethel Pozo @lapozo,955900.0,0.38,Peru,,286800.0,instagram,peru,False,2024,,,,
93,Sebastian Lizarzaburu @sebaslizar,955700.0,0.77,Peru,Fitness and Health Finance Coaching Gym,286700.0,instagram,peru,False,2024,Sports,MAPPED,,
94,Paula Arias @paulatentacion24,950900.0,0.89,Peru,Acting and Drama family Marketing and Advertising Actors,285300.0,instagram,peru,False,2024,Knowledge&Info,MAPPED,,
95,DELIZA RODRIGUEZ🍑 @delizaboom,947500.0,0.06,Peru,Actors Modeling,284200.0,instagram,peru,False,2024,Beauty&Fashion,MAPPED,,
96,Yefrim Smith Reyes Castillo @luayfire16,943400.0,8.16,Peru,Video Gaming,283000.0,instagram,peru,False,2024,Tech&Gaming,MAPPED,,
97,Faraón love shady @faraon_love_shady,940900.0,9.81,Peru,Romance and Wedding,282300.0,instagram,peru,False,2024,Beauty&Fashion,MAPPED,,
98,Lacausarecords @emil.lacausa,938300.0,0.2,Peru,Entertainment and Music Actors Music,281500.0,instagram,peru,False,2024,Music,MAPPED,,
99,Bruno Pinasco @brunopinasco,934200.0,0.71,Peru,Entertainment and Music Marketing and Advertising Actors,280300.0,instagram,peru,False,2024,Knowledge&Info,MAPPED,,
100,Melania Urbina @melaniaurbinak,924300.0,0.36,Peru,Acting and Drama family Actors,277300.0,instagram,peru,False,2024,Entertainment,MAPPED,,
1,Anne Curtis @annecurtissmith,20500000.0,0.39,Philippines,Entertainment and Music Beauty and Self Care Celebrity Actors,6200000.0,instagram,philippines,False,2024,Beauty&Fashion,MAPPED,,
2,Liza Soberano @lizasoberano,18100000.0,1.33,Philippines,Entertainment and Music Celebrity Modeling Actors,5400000.0,instagram,philippines,False,2024,Beauty&Fashion,MAPPED,,
3,Heart Evangelista @iamhearte,16000000.0,0.16,Philippines,Arts and Crafts Celebrity Business and Finance Actors,4800000.0,instagram,philippines,False,2024,Knowledge&Info,MAPPED,,
4,Andrea Brillantes @blythe,14000000.0,2.08,Philippines,Beauty and Self Care Celebrity Modeling Lifestyle,4200000.0,instagram,philippines,False,2024,Beauty&Fashion,MAPPED,,
5,Catriona Gray @catriona_gray,14000000.0,0.6,Philippines,Entertainment and Music Music Modeling,4200000.0,instagram,philippines,False,2024,Beauty&Fashion,MAPPED,,
6,Immanuel Caesar Hito @hitocaesar,13600000.0,0.25,Philippines,Beauty and Self Care Fashion and Accessories Celebrity Lifestyle,4100000.0,instagram,philippines,False,2024,Beauty&Fashion,MAPPED,,
7,Marian Rivera Gracia Dantes @marianrivera,13000000.0,0.12,Philippines,Entertainment and Music family Celebrity,3900000.0,instagram,philippines,False,2024,Music,MAPPED,,
8,Alex Gonzaga-Morada @cathygonzaga,12200000.0,0.65,Philippines,Celebrity TV Host,3700000.0,instagram,philippines,False,2024,Entertainment,MAPPED,,
9,Kim Chiu 🌸 @chinitaprincess,11800000.0,0.52,Philippines,Art Travel Actors,3500000.0,instagram,philippines,False,2024,Entertainment,MAPPED,,
10,Julia Barretto @juliabarretto,11600000.0,0.96,Philippines,Fashion and Accessories Celebrity,3500000.0,instagram,philippines,False,2024,Beauty&Fashion,MAPPED,,
11,JoseMarieViceral / Vice Ganda @praybeytbenjamin,10900000.0,1.16,Philippines,Entertainment and Music Celebrity Singer Modeling,3300000.0,instagram,philippines,False,2024,Beauty&Fashion,MAPPED,,
12,Yassi Pressman @yassipressman,10300000.0,0.09,Philippines,Entertainment and Music Fashion and Accessories Business and Finance Celebrity,3100000.0,instagram,philippines,False,2024,Beauty&Fashion,MAPPED,,
13,Ivana Alawi @ivanaalawi,10200000.0,1.48,Philippines,Entertainment and Music Beauty and Self Care Business and Finance Celebrity,3100000.0,instagram,philippines,False,2024,Beauty&Fashion,MAPPED,,
14,Sandara Park @daraxxi,10100000.0,1.42,Philippines,Actors Music of Asia Singer,3000000.0,instagram,philippines,False,2024,Music,MAPPED,,
15,Gabbi Garcia ♡ @gabbi,9900000.0,0.36,Philippines,Food,3000000.0,instagram,philippines,False,2024,Lifestyle,MAPPED,,
16,Coleen Garcia Crawford @coleen,9600000.0,0.67,Philippines,Celebrity Modeling,2900000.0,instagram,philippines,False,2024,Beauty&Fashion,MAPPED,,
17,Sarah Lahbati @sarahlahbati,8500000.0,0.11,Philippines,family Celebrity Music Actors,2600000.0,instagram,philippines,False,2024,Music,MAPPED,,
18,Janella Salvador @superjanella,8100000.0,0.87,Philippines,Art Actors Modeling,2400000.0,instagram,philippines,False,2024,Beauty&Fashion,MAPPED,,
19,BARBIE IMPERIAL @msbarbieimperial,8000000.0,1.53,Philippines,Entertainment and Music,2400000.0,instagram,philippines,False,2024,Music,MAPPED,,
20,Jessy Mendiola - Manzano @jessymendiola,7900000.0,0.8,Philippines,Actors Modeling Music,2400000.0,instagram,philippines,False,2024,Beauty&Fashion,MAPPED,,
21,N I C O L E A M A D O @amadorat,7900000.0,0.13,Philippines,Fashion Events Lifestyle Actors,2400000.0,instagram,philippines,False,2024,Beauty&Fashion,MAPPED,,
22,Lovi Poe Blencowe @lovipoe,7500000.0,0.2,Philippines,Fitness and Health Parenting Actors Modeling,2300000.0,instagram,philippines,False,2024,Sports,MAPPED,,
23,Yeng Constantino @yeng,7500000.0,0.14,Philippines,Entertainment and Music Music,2200000.0,instagram,philippines,False,2024,Music,MAPPED,,
24,Angelica Panganiban @iamangelicap,7300000.0,1.69,Philippines,Acting and Drama Entertainment and Music Celebrity Actors,2200000.0,instagram,philippines,False,2024,Music,MAPPED,,
25,MayMay Entrata @maymay,7300000.0,0.59,Philippines,Art Actors,2200000.0,instagram,philippines,False,2024,Entertainment,MAPPED,,
26,Vhong Navarro @vhongx44,7300000.0,0.39,Philippines,Entertainment and Music,2200000.0,instagram,philippines,False,2024,Music,MAPPED,,
27,Donnalyn 🇵🇭 @donna,7100000.0,1.18,Philippines,Art Singer,2100000.0,instagram,philippines,False,2024,Music,MAPPED,,
28,Camille Trinidad @camilleptrinidad,5400000.0,0.15,Philippines,Beauty and Self Care Celebrity,1600000.0,instagram,philippines,False,2024,Beauty&Fashion,MAPPED,,
29,@zeinab_harake,5200000.0,3.5,Philippines,Modeling Singer Music,1600000.0,instagram,philippines,False,2024,Beauty&Fashion,MAPPED,,
30,Scarlet Snow Belo @scarletsnowbelo,5100000.0,0.14,Philippines,family Pets Modeling Children,1500000.0,instagram,philippines,False,2024,Beauty&Fashion,MAPPED,,
31,Erich Gonzales @erichgg,5100000.0,1.28,Philippines,Entertainment and Music Film,1500000.0,instagram,philippines,False,2024,Music,MAPPED,,
32,Ellen Adarna Ramsay @maria.elena.adarna,4800000.0,0.5,Philippines,Technology,1400000.0,instagram,philippines,False,2024,Tech&Gaming,MAPPED,,
33,Kyline Alcantara @itskylinealcantara,4700000.0,0.21,Philippines,Entertainment and Music Celebrity Actors Modeling,1400000.0,instagram,philippines,False,2024,Beauty&Fashion,MAPPED,,
34,Erwan Heussaff @erwan,4500000.0,0.21,Philippines,Food Food and Drink,1400000.0,instagram,philippines,False,2024,Lifestyle,MAPPED,,
35,Luis Manzano @luckymanzano,4500000.0,0.95,Philippines,Entertainment and Music TV Host,1300000.0,instagram,philippines,False,2024,Music,MAPPED,,
36,Julia Montes @montesjulia08,4300000.0,0.83,Philippines,Music Singer,1300000.0,instagram,philippines,False,2024,Music,MAPPED,,
37,Jillian Ward @jillian,4300000.0,0.26,Philippines,Beauty and Self Care Celebrity,1300000.0,instagram,philippines,False,2024,Beauty&Fashion,MAPPED,,
38,BAILEY @baileymay,4200000.0,0.26,Philippines,Entertainment and Music Celebrity Music Songwriting,1300000.0,instagram,philippines,False,2024,Music,MAPPED,,
39,Sanya Lopez @sanyalopez,4200000.0,0.11,Philippines,Life and Society Upskilling Celebrity Actors,1300000.0,instagram,philippines,False,2024,Knowledge&Info,MAPPED,,
40,Chienna Filomeno @chiefilomeno,4200000.0,0.24,Philippines,Food Celebrity Modeling,1300000.0,instagram,philippines,False,2024,Beauty&Fashion,MAPPED,,
41,Andi Eigenmann @andieigengirl,4100000.0,3.09,Philippines,family Travel Outdoor Activity Home and Garden,1200000.0,instagram,philippines,False,2024,Sports,MAPPED,,
42,Maine Mendoza @mainedcm,4100000.0,9.88,Philippines,Technology Actors,1200000.0,instagram,philippines,False,2024,Tech&Gaming,MAPPED,,
43,"KC ~ also, KRISTINA. @kristinaconcepcion",4100000.0,0.32,Philippines,Travel Business and Finance Design Founder,1200000.0,instagram,philippines,False,2024,Knowledge&Info,MAPPED,,
44,Alden Richards @aldenrichards02,4100000.0,0.21,Philippines,Entertainment and Music Actors,1200000.0,instagram,philippines,False,2024,Music,MAPPED,,
45,Dingdong Dantes @dongdantes,4000000.0,0.22,Philippines,Actors,1200000.0,instagram,philippines,False,2024,Entertainment,MAPPED,,
46,KARLA ESTRADA @karlaestrada1121,4000000.0,0.51,Philippines,Actors,1200000.0,instagram,philippines,False,2024,Entertainment,MAPPED,,
47,Christine Gonzalez-Crisologo @beauty_gonzalez,4000000.0,0.1,Philippines,Beauty and Self Care Celebrity Design Interior Design,1200000.0,instagram,philippines,False,2024,Beauty&Fashion,MAPPED,,
48,Darren Espanto @darrenespanto,4000000.0,0.6,Philippines,Singer,1200000.0,instagram,philippines,False,2024,Music,MAPPED,,
49,Iñaki Torres @aki.torres,3900000.0,0.11,Philippines,Fashion and Accessories Business and Finance,1200000.0,instagram,philippines,False,2024,Beauty&Fashion,MAPPED,,
50,Alexa Ilacad @alexailacad,3900000.0,0.38,Philippines,Entertainment and Music Actors,1200000.0,instagram,philippines,False,2024,Music,MAPPED,,
51,Cindy Miranda @cindy,3800000.0,0.03,Philippines,Celebrity Entertainment and Music,1200000.0,instagram,philippines,False,2024,Music,MAPPED,,
52,Judy Ann Agoncillo @officialjuday,3800000.0,0.27,Philippines,Actors,1200000.0,instagram,philippines,False,2024,Entertainment,MAPPED,,
53,Marie Pauleen Luna- Sotto @pauleenlunasotto,3800000.0,0.25,Philippines,Entertainment and Music Travel Acting and Drama family,1100000.0,instagram,philippines,False,2024,Music,MAPPED,,
54,Neri Miranda @mrsnerimiranda,3600000.0,0.05,Philippines,Food Home and Garden family Business and Finance,1100000.0,instagram,philippines,False,2024,Knowledge&Info,MAPPED,,
55,Jennylyn Mercado @mercadojenny,3600000.0,1.2,Philippines,Entertainment and Music Actors,1100000.0,instagram,philippines,False,2024,Music,MAPPED,,
56,Manila Gorio @manilagorio_official,3500000.0,0.13,Philippines,Fashion and Accessories Creators & Celebrities,1100000.0,instagram,philippines,False,2024,Beauty&Fashion,MAPPED,,
57,Bianca Umali @bianxa,3500000.0,0.18,Philippines,Celebrity Actors,1100000.0,instagram,philippines,False,2024,Entertainment,MAPPED,,
58,Femi Adebayo @femiadebayosalami,3500000.0,0.17,Philippines,Acting and Drama Finance Celebrity Actors,1100000.0,instagram,philippines,False,2024,Knowledge&Info,MAPPED,,
59,Iya Villania-Arellano @iyavillania,3500000.0,0.23,Philippines,family Food and Drink TV Host,1100000.0,instagram,philippines,False,2024,Entertainment,MAPPED,,
60,Georgina Wilson @ilovegeorgina,3500000.0,0.17,Philippines,Fashion and Accessories Beauty and Self Care Business and Finance Modeling,1000000.0,instagram,philippines,False,2024,Beauty&Fashion,MAPPED,,
61,"Vicki Belo, M.D. @victoria_belo",3500000.0,0.13,Philippines,Beauty and Self Care Education Parenting Lifestyle,1000000.0,instagram,philippines,False,2024,Beauty&Fashion,MAPPED,,
62,Kristel Fulgar @kristelfulgar,3400000.0,0.31,Philippines,Fashion Music Singer,1000000.0,instagram,philippines,False,2024,Beauty&Fashion,MAPPED,,
63,Mona ♡ @_monaalawi,3300000.0,4.65,Philippines,family,992800.0,instagram,philippines,False,2024,Lifestyle,MAPPED,,
64,J A N E @imjanedeleon,3300000.0,1.32,Philippines,Celebrity Modeling Music,980400.0,instagram,philippines,False,2024,Beauty&Fashion,MAPPED,,
65,Matteo Guidicelli @matteog,3200000.0,0.15,Philippines,Arts and Crafts Business and Finance Celebrity Actors,965800.0,instagram,philippines,False,2024,Knowledge&Info,MAPPED,,
66,Ronnie Alonte @iamr2alonte,3200000.0,0.64,Philippines,Art,958500.0,instagram,philippines,False,2024,Lifestyle,MAPPED,,
67,Megan Young @meganbata,3200000.0,0.33,Philippines,family Entertainment and Music Marketing and Advertising Celebrity,949800.0,instagram,philippines,False,2024,Knowledge&Info,MAPPED,,
68,JULIE ANNE SAN JOSE @myjaps,3100000.0,0.2,Philippines,Entertainment and Music Singer Music Songwriting,927500.0,instagram,philippines,False,2024,Music,MAPPED,,
69,Enrique Gil @enriquegil17,3100000.0,1.72,Philippines,Actors,927500.0,instagram,philippines,False,2024,Entertainment,MAPPED,,
70,Jodi Sta.Maria @jodistamaria,3100000.0,0.91,Philippines,Acting and Drama Travel Education Fitness and Health,921900.0,instagram,philippines,False,2024,Sports,MAPPED,,
71,Marietta Subong @itspokwang27,3100000.0,0.1,Philippines,Entertainment and Music family Celebrity Actors,918700.0,instagram,philippines,False,2024,Music,MAPPED,,
72,Rhian Ramos @whianwamos,3000000.0,0.25,Philippines,Entertainment and Music Actors Music Modeling,904600.0,instagram,philippines,False,2024,Beauty&Fashion,MAPPED,,
73,Richard Gutierrez @richardgutz,3000000.0,1.6,Philippines,Actors,903500.0,instagram,philippines,False,2024,Entertainment,MAPPED,,
74,Sunshine Cruz @sunshinecruz718,3000000.0,0.14,Philippines,Entertainment and Music Modeling Singer Actors,903400.0,instagram,philippines,False,2024,Beauty&Fashion,MAPPED,,
75,🌹WindyGirk🦋𒀭 @windygirk,2800000.0,0.35,Philippines,Entertainment and Music Animation and Cosplay Funny Video Gaming,845300.0,instagram,philippines,False,2024,Tech&Gaming,MAPPED,,
76,Bianca Gonzalez Intal @iamsuperbianca,2800000.0,0.04,Philippines,family Journalists,840200.0,instagram,philippines,False,2024,Knowledge&Info,MAPPED,,
77,Maxene Magalona @maxenemagalona,2800000.0,0.12,Philippines,family Parenting Modeling,828400.0,instagram,philippines,False,2024,Beauty&Fashion,MAPPED,,
78,Karol Jesús Lucero V. @karol_lucerov,2700000.0,0.56,Philippines,Travel Entertainment and Music Actors Journalists,824400.0,instagram,philippines,False,2024,Knowledge&Info,MAPPED,,
79,Jhong Hilario @jhonghilario,2700000.0,0.66,Philippines,Celebrity Upskilling,822400.0,instagram,philippines,False,2024,Knowledge&Info,MAPPED,,
80,신재은 Zenny 辛載恩 @zennyrt,2700000.0,5.2,Philippines,,820200.0,instagram,philippines,False,2024,,,,
81,Camille Prats Yambao @camilleprats,2700000.0,0.19,Philippines,Fitness and Health Acting and Drama family Parenting,810500.0,instagram,philippines,False,2024,Sports,MAPPED,,
82,R O M U L O E S T R E L A ® @romuloestrela,2700000.0,0.6,Philippines,Arts and Crafts Entertainment and Music Acting and Drama Celebrity,804100.0,instagram,philippines,False,2024,Music,MAPPED,,
83,John Paulo Q. Prats @johnprats,2700000.0,0.09,Philippines,Acting and Drama family Celebrity Singer,802600.0,instagram,philippines,False,2024,Music,MAPPED,,
84,Carla Abellana @carlaangeline,2500000.0,0.34,Philippines,Acting and Drama Animals Celebrity Actors,754800.0,instagram,philippines,False,2024,Entertainment,MAPPED,,
85,Paolo Ballesteros @pochoy_29,2500000.0,0.38,Philippines,Art Actors Celebrities Animals & Pets,748700.0,instagram,philippines,False,2024,Entertainment,MAPPED,,
86,jinkeepacquiao @jinkeepacquiao,2500000.0,0.22,Philippines,Beauty,748000.0,instagram,philippines,False,2024,Beauty&Fashion,MAPPED,,
87,Christianne Ramelb @misscjmiles,2400000.0,0.96,Philippines,,716100.0,instagram,philippines,False,2024,,,,
88,mika dela cruz まりこ @mikadlacruz,2400000.0,0.27,Philippines,Beauty Music,715700.0,instagram,philippines,False,2024,Beauty&Fashion,MAPPED,,
89,Gretchen @gretchenho,2400000.0,0.19,Philippines,Entertainment and Music,705900.0,instagram,philippines,False,2024,Music,MAPPED,,
90,Carmina Villarroel-Legaspi @mina_villarroel,2300000.0,1.06,Philippines,Entertainment and Music Celebrity Music Actors,704300.0,instagram,philippines,False,2024,Music,MAPPED,,
91,Princess Mae 🇵🇭 @realprincessmae,2300000.0,0.45,Philippines,Entertainment and Music Fashion and Accessories,702600.0,instagram,philippines,False,2024,Beauty&Fashion,MAPPED,,
92,Sarah Geronimo @justsarahgph,2300000.0,0.8,Philippines,Entertainment and Music Singer Music Modeling,701700.0,instagram,philippines,False,2024,Beauty&Fashion,MAPPED,,
93,Enchong Dee @mr_enchongdee,2300000.0,0.32,Philippines,Entertainment and Music Actors,694800.0,instagram,philippines,False,2024,Music,MAPPED,,
94,Sam Pinto-Semerad @sampinto_,2300000.0,0.16,Philippines,Fashion and Accessories Actors Lifestyle Modeling,694100.0,instagram,philippines,False,2024,Beauty&Fashion,MAPPED,,
95,Maeurn smiles @maeurn.tv,2200000.0,1.67,Philippines,Fitness and Health Entertainment and Music,674600.0,instagram,philippines,False,2024,Sports,MAPPED,,
96,RUFFA GUTIERREZ @iloveruffag,2200000.0,0.26,Philippines,Acting and Drama Beauty and Self Care Education Business and Finance,672000.0,instagram,philippines,False,2024,Beauty&Fashion,MAPPED,,
97,Kristine Hermosa-Sotto @khsotto,2200000.0,0.98,Philippines,Celebrity family Actors,671500.0,instagram,philippines,False,2024,Entertainment,MAPPED,,
98,Jericho Rosales @jerichorosalesofficial,2200000.0,1.07,Philippines,Acting and Drama Actors,659900.0,instagram,philippines,False,2024,Entertainment,MAPPED,,
99,Pachara Marcel Chirathivat @peach_pachara,2200000.0,1.64,Philippines,"Beauty and Self Care Celebrity Nature & Outdoors Film, Music & Books",651300.0,instagram,philippines,False,2024,Beauty&Fashion,MAPPED,,
100,Edward Barber @edward_barber,2200000.0,0.29,Philippines,Entertainment and Music Celebrity Lifestyle,649100.0,instagram,philippines,False,2024,Music,MAPPED,,
1,CAROLINE MARIA DERPIENSKI @carolinederpienski,8800000.0,2.56,Poland,Fashion and Accessories Celebrity Parenting Modeling,2600000.0,instagram,poland,False,2024,Beauty&Fashion,MAPPED,,
2,𝗔𝗻𝗻𝗮 𝗟𝗲𝘄𝗮𝗻𝗱𝗼𝘄𝘀𝗸𝗮 @annalewandowskahpba,4500000.0,0.72,Poland,Sports Fitness and Health Food,1400000.0,instagram,poland,False,2024,Sports,MAPPED,,
3,Anna-Maria Sieklucka @anna_maria.sieklucka,4500000.0,1.52,Poland,Acting and Drama,1400000.0,instagram,poland,False,2024,Entertainment,MAPPED,,
4,Karol Wiśniewski @frizoluszek,4100000.0,6.67,Poland,Arts and Crafts Marketing and Advertising Actors,1200000.0,instagram,poland,False,2024,Knowledge&Info,MAPPED,,
5,Wojciech Szczesny @wojciech.szczesny1,3900000.0,2.59,Poland,Pets Soccer,1200000.0,instagram,poland,False,2024,Sports,MAPPED,,
6,Dahlia Poland @dahliachr,3700000.0,1.93,Poland,Beauty and Self Care family Parenting Moms,1100000.0,instagram,poland,False,2024,Beauty&Fashion,MAPPED,,
7,WERONIKA SOWA @wersow,3600000.0,5.06,Poland,Entertainment and Music News,1100000.0,instagram,poland,False,2024,Knowledge&Info,MAPPED,,
8,Marcin Dubiel @marcindubiel,2400000.0,6.17,Poland,"Entertainment and Music DIY and Life Hacks Celebrities Film, Music & Books",709200.0,instagram,poland,False,2024,Knowledge&Info,MAPPED,,
9,Martyna Wojciechowska @martyna.world,2200000.0,0.17,Poland,Education Travel Arts and Crafts Upskilling,665400.0,instagram,poland,False,2024,Knowledge&Info,MAPPED,,
10,Jakub Patecki @patec_wariatec,2100000.0,7.59,Poland,Photography Celebrity,623400.0,instagram,poland,False,2024,Entertainment,MAPPED,,
11,Sylwia Dąbrowska @sylwiaprzybysz,2100000.0,3.06,Poland,"Entertainment and Music Celebrity Celebrities Film, Music & Books",620600.0,instagram,poland,False,2024,Knowledge&Info,MAPPED,,
12,Томаш Кудрявый @tomaschgood,2000000.0,1.37,Poland,Beauty and Self Care Fashion and Accessories News Video Blogger,611900.0,instagram,poland,False,2024,Beauty&Fashion,MAPPED,,
13,Joanna Jedrzejczyk @joannajedrzejczyk,2000000.0,0.44,Poland,Sports Fitness and Health Business and Finance Gym,597400.0,instagram,poland,False,2024,Sports,MAPPED,,
14,Ewa Chodakowska Fitness Expert @chodakowskaewa,2000000.0,0.31,Poland,Fitness and Health Cooking Health & Fitness Food & Drink,592200.0,instagram,poland,False,2024,Sports,MAPPED,,
15,Suchar Codzienny @sucharcodzienny,1900000.0,1.27,Poland,Funny,570100.0,instagram,poland,False,2024,Entertainment,MAPPED,,
16,NJ @nataliajanoszek,1800000.0,4.92,Poland,Entertainment and Music Parenting Actors Lifestyle,541600.0,instagram,poland,False,2024,Music,MAPPED,,
17,Agnieszka Grzelak Vlog/Beauty @agagrzelakk,1800000.0,1.57,Poland,Beauty and Self Care Travel,538800.0,instagram,poland,False,2024,Beauty&Fashion,MAPPED,,
18,Marta Błoch @murcix,1800000.0,2.32,Poland,Entertainment and Music,538400.0,instagram,poland,False,2024,Music,MAPPED,,
19,AQ🌙ARIA @dodaqueen,1800000.0,1.16,Poland,Entertainment and Music Music Celebrity Singer,532900.0,instagram,poland,False,2024,Music,MAPPED,,
20,Anja Rubik @anja_rubik,1700000.0,0.58,Poland,Fashion and Accessories Education Lifestyle,506900.0,instagram,poland,False,2024,Beauty&Fashion,MAPPED,,
21,Ola Nowak @ola_nowak,1700000.0,0.67,Poland,"Education Fashion and Accessories Celebrities Film, Music & Books",502200.0,instagram,poland,False,2024,Beauty&Fashion,MAPPED,,
22,Trendy Polish @trendypolish,1600000.0,0.78,Poland,Beauty and Self Care Music,478900.0,instagram,poland,False,2024,Beauty&Fashion,MAPPED,,
23,Remigiusz reZi Wierzgoń @rezigiusz,1600000.0,3.59,Poland,Entertainment and Music DIY and Life Hacks Automotive,476900.0,instagram,poland,False,2024,Tech&Gaming,MAPPED,,
24,Romi Chase @romi_chase,1600000.0,2.0,Poland,Fashion and Accessories,466700.0,instagram,poland,False,2024,Beauty&Fashion,MAPPED,,
25,Małgorzata Rozenek-Majdan @m_rozenek,1500000.0,0.72,Poland,Entertainment and Music,457000.0,instagram,poland,False,2024,Music,MAPPED,,
26,Red Lipstick Monster (ona/jej) @redlipstickmonster,1400000.0,0.33,Poland,"Beauty and Self Care Modeling Celebrities Film, Music & Books",427000.0,instagram,poland,False,2024,Beauty&Fashion,MAPPED,,
27,JULIA KUCZYŃSKA @maffashion_official,1400000.0,0.99,Poland,Fashion and Accessories Modeling Celebrities,423500.0,instagram,poland,False,2024,Beauty&Fashion,MAPPED,,
28,Arek Milik @arekmilik,1400000.0,3.33,Poland,Soccer,409900.0,instagram,poland,False,2024,Sports,MAPPED,,
29,Basia Kurdej-Szatan @kurdejszatan,1300000.0,0.22,Poland,Art,404400.0,instagram,poland,False,2024,Lifestyle,MAPPED,,
30,PLK 🇵🇱 @plkpb,1300000.0,12.61,Poland,Entertainment and Music Lifestyle Music,400500.0,instagram,poland,False,2024,Music,MAPPED,,
31,N🔺tH @nataliasiwiec.official,1300000.0,0.78,Poland,Beauty and Self Care Fashion and Accessories Marketing and Advertising Modeling,398300.0,instagram,poland,False,2024,Beauty&Fashion,MAPPED,,
32,DAWID KWIATKOWSKI @kwiatkowsky,1300000.0,2.04,Poland,"Music Celebrities Film, Music & Books",397200.0,instagram,poland,False,2024,Knowledge&Info,MAPPED,,
33,Patikayy 🇵🇱🇨🇦🇺🇸 @patryciakayy,1300000.0,3.1,Poland,,397100.0,instagram,poland,False,2024,,,,
34,Łukasz Wojtyca @wujekluki,1300000.0,8.71,Poland,Entertainment and Music,396500.0,instagram,poland,False,2024,Music,MAPPED,,
35,MONA @monika.kociolek,1300000.0,3.09,Poland,Fashion and Accessories,394600.0,instagram,poland,False,2024,Beauty&Fashion,MAPPED,,
36,Magda Gessler @magdagessler_official,1300000.0,0.24,Poland,Food,388800.0,instagram,poland,False,2024,Lifestyle,MAPPED,,
37,@bedoes2115,1300000.0,9.41,Poland,"Entertainment and Music Film, Music & Books Celebrities",377700.0,instagram,poland,False,2024,Knowledge&Info,MAPPED,,
38,ANDREW CROWD (#1 EDM GHOST PRODUCER) @andrewcrowd,1200000.0,0.78,Poland,Entertainment and Music Celebrity DJ Producers,373000.0,instagram,poland,False,2024,Music,MAPPED,,
39,FANPAGE FROM POLAND🇵🇱 @cristiano7poland,1100000.0,0.2,Poland,Sports Soccer,338200.0,instagram,poland,False,2024,Sports,MAPPED,,
40,Małgorzata Kożuchowska @malgorzatakozuchowska_,1100000.0,0.42,Poland,Entertainment and Music Celebrity,336000.0,instagram,poland,False,2024,Music,MAPPED,,
41,🌸Wiktoria Gąsiewska🌸 @wiktoria_gasiewska,1100000.0,3.03,Poland,Art Actors,334400.0,instagram,poland,False,2024,Entertainment,MAPPED,,
42,Szymon Kasprzyk @isamupt,1100000.0,5.29,Poland,Entertainment and Music,330900.0,instagram,poland,False,2024,Music,MAPPED,,
43,Adam Zdrójkowski @adam_zdrojkowski,1100000.0,0.85,Poland,"Arts and Crafts Health and Medical Services Celebrities Film, Music & Books",325300.0,instagram,poland,False,2024,Knowledge&Info,MAPPED,,
44,Asia Ladowska @ladowska,1100000.0,1.31,Poland,Arts and Crafts Illustrator,322800.0,instagram,poland,False,2024,Lifestyle,MAPPED,,
45,Ира Кудашова @irinaa_kudashova,1100000.0,1.33,Poland,Acting and Drama Celebrity Modeling,319800.0,instagram,poland,False,2024,Beauty&Fashion,MAPPED,,
46,vetulani. @quebahombre,1100000.0,7.76,Poland,Music,317900.0,instagram,poland,False,2024,Music,MAPPED,,
47,Małgorzata Socha @malgosia_socha,1100000.0,0.75,Poland,Fashion Pets,316800.0,instagram,poland,False,2024,Beauty&Fashion,MAPPED,,
48,Wiktoria Bochnak @kartonii,1100000.0,15.73,Poland,Fashion,315400.0,instagram,poland,False,2024,Beauty&Fashion,MAPPED,,
49,Kinga Sawczuk ☀️ @kingasawczuk,1000000.0,1.02,Poland,Fashion and Accessories Modeling,314300.0,instagram,poland,False,2024,Beauty&Fashion,MAPPED,,
50,HIGH League @highleague_official,1000000.0,3.39,Poland,,308400.0,instagram,poland,False,2024,,,,
51,𝕸𝖆𝖗𝖎𝖓𝖆 @marina_official,1000000.0,1.42,Poland,Entertainment and Music Moms Soccer,303500.0,instagram,poland,False,2024,Sports,MAPPED,,
52,𝐍𝐀𝐓𝐀𝐋𝐈𝐀 𝐓𝐎𝐌𝐂𝐙𝐘𝐊 @nathalie_tom,1000000.0,5.11,Poland,Fashion and Accessories Celebrity Modeling Celebrities,302800.0,instagram,poland,False,2024,Beauty&Fashion,MAPPED,,
53,CLEO @cleo_don,1000000.0,0.74,Poland,Music,302400.0,instagram,poland,False,2024,Music,MAPPED,,
54,Anna @anna__michalczyk,1000000.0,0.46,Poland,Fashion and Accessories Photography Travel,301700.0,instagram,poland,False,2024,Beauty&Fashion,MAPPED,,
55,Nicole Sochacki-Wójcicka @mamaginekolog,960100.0,1.75,Poland,Fashion Moms,288000.0,instagram,poland,False,2024,Beauty&Fashion,MAPPED,,
56,Fausti 💋 @faustynaf,946600.0,12.36,Poland,Fashion and Accessories,284000.0,instagram,poland,False,2024,Beauty&Fashion,MAPPED,,
57,Karolina Pisarek-Salla @karolina_pisarek,944200.0,1.51,Poland,Fashion and Accessories Marketing and Advertising Fashion Model Creators & Celebrities,283300.0,instagram,poland,False,2024,Beauty&Fashion,MAPPED,,
58,LILA JANOWSKA @lilajanowska,921800.0,6.06,Poland,Beauty and Self Care Modeling,276500.0,instagram,poland,False,2024,Beauty&Fashion,MAPPED,,
59,Donald Guerrier ⚜️♈️🇭🇹 🇵🇱 @dguerrier77,915300.0,0.21,Poland,Entertainment and Music Entertainment Singer Modeling,274600.0,instagram,poland,False,2024,Beauty&Fashion,MAPPED,,
60,Jessica Mercedes Kirschner @jemerced,909800.0,1.07,Poland,Fashion and Accessories Arts and Crafts Home and Garden Lifestyle,272900.0,instagram,poland,False,2024,Beauty&Fashion,MAPPED,,
61,Adrian Salamon @medusaoficjalnie,909600.0,2.69,Poland,Entertainment and Music,272900.0,instagram,poland,False,2024,Music,MAPPED,,
62,Klaudia El Dursi @klaudia_el_dursi,904800.0,3.24,Poland,Entertainment and Music Television,271400.0,instagram,poland,False,2024,Music,MAPPED,,
63,Krzysztof Piątek @pjona_9,902800.0,1.35,Poland,Sports,270800.0,instagram,poland,False,2024,Sports,MAPPED,,
64,Sylwia Bomba @sylwiabomba,895800.0,4.46,Poland,Photography Entertainment and Music Moms,268700.0,instagram,poland,False,2024,Music,MAPPED,,
65,sanah @sanahmusic,891700.0,5.41,Poland,Entertainment and Music Music,267500.0,instagram,poland,False,2024,Music,MAPPED,,
66,Marta Rentel @martirenti,889300.0,2.49,Poland,Fashion Health & Fitness Hair & Beauty Celebrities,266800.0,instagram,poland,False,2024,Sports,MAPPED,,
67,Maria Jeleniewska🌻 @jeleniewska,878100.0,2.4,Poland,Entertainment and Music,263400.0,instagram,poland,False,2024,Music,MAPPED,,
68,Martyna Zbirańska🎀 @martyna.pysia,872800.0,1.94,Poland,Fashion and Accessories News,261800.0,instagram,poland,False,2024,Beauty&Fashion,MAPPED,,
69,Eva zu Beck | Raw Adventure @evazubeck,850300.0,1.23,Poland,Travel Outdoor Activity Photography Adventure,255100.0,instagram,poland,False,2024,Sports,MAPPED,,
70,Dj SLAVIC🎧👱🏻‍♀️🖤🎵 @ola_ciupa,850000.0,3.54,Poland,Entertainment and Music Artist Creators & Celebrities,255000.0,instagram,poland,False,2024,Music,MAPPED,,
71,Kubańczyk @kubanczyk.official,837800.0,5.3,Poland,,251300.0,instagram,poland,False,2024,,,,
72,Patrycja Mołczanow⋆｡°✩ @patrycjamolczanow,826200.0,3.89,Poland,Fashion,247900.0,instagram,poland,False,2024,Beauty&Fashion,MAPPED,,
73,Wiedza Bezuzyteczna @bezuzytecznapl,826100.0,6.79,Poland,News,247800.0,instagram,poland,False,2024,Knowledge&Info,MAPPED,,
74,Sandra A Kubicka @sandrakubicka,822100.0,2.2,Poland,Fashion and Accessories Modeling Celebrities,246600.0,instagram,poland,False,2024,Beauty&Fashion,MAPPED,,
75,Klaudia Halejcio @klaudiahalejcio,820200.0,2.06,Poland,Acting and Drama Entertainment and Music,246100.0,instagram,poland,False,2024,Music,MAPPED,,
76,Filip Aleksander Chajzer @filip_chajzer,818000.0,0.36,Poland,Fashion,245400.0,instagram,poland,False,2024,Beauty&Fashion,MAPPED,,
77,WHITE 2115 @2115white,790200.0,13.29,Poland,Music,237100.0,instagram,poland,False,2024,Music,MAPPED,,
78,Joanna Koroniewska - Dowbor @joannakoroniewska,772100.0,0.8,Poland,Beauty and Self Care,231600.0,instagram,poland,False,2024,Beauty&Fashion,MAPPED,,
79,PL ⬅️ @platinum__lifestyle_,744900.0,0.06,Poland,Fashion Styling Lifestyle,223500.0,instagram,poland,False,2024,Beauty&Fashion,MAPPED,,
80,⚜️ 𝐎𝐥𝐚 𝐖𝐚𝐧𝐬𝐞𝐫𝐬𝐤𝐚 ⚜️ @ola_wanserska,736300.0,1.16,Poland,Beauty and Self Care Travel Auto and Vehicles Modeling,220900.0,instagram,poland,False,2024,Beauty&Fashion,MAPPED,,
81,Lena Moonlight 🌙 @lena_moonlight,734700.0,1.39,Poland,Entertainment and Music Celebrity,220400.0,instagram,poland,False,2024,Music,MAPPED,,
82,Magda Pieczonka @magdapieczonkamakeup,734400.0,0.45,Poland,Beauty and Self Care Public Figure Creators & Celebrities,220300.0,instagram,poland,False,2024,Beauty&Fashion,MAPPED,,
83,Robert Makłowicz @robertmaklowicz_official,731300.0,3.28,Poland,Food,219400.0,instagram,poland,False,2024,Lifestyle,MAPPED,,
84,Ewa Staniszewska @ewastaniszewska,716300.0,0.53,Poland,Beauty and Self Care,214900.0,instagram,poland,False,2024,Beauty&Fashion,MAPPED,,
85,Marta Borkowska | Photographer @marta_lvlfit,712000.0,0.39,Poland,Photography Fitness and Health Modeling Coaching,213600.0,instagram,poland,False,2024,Sports,MAPPED,,
86,Grzegorz Krychowiak @grzegorz.krychowiak,710200.0,1.13,Poland,Sports Soccer,213100.0,instagram,poland,False,2024,Sports,MAPPED,,
87,Justyna Sukanek @sukanek,705100.0,2.88,Poland,"Funny Life and Society Celebrities Film, Music & Books",211500.0,instagram,poland,False,2024,Knowledge&Info,MAPPED,,
88,Amadeusz Ferrari @amadeusznolove,683200.0,12.45,Poland,Entertainment and Music Automotive,205000.0,instagram,poland,False,2024,Tech&Gaming,MAPPED,,
89,Beata Drzazga @beata_drzazga_official,675900.0,0.03,Poland,,202800.0,instagram,poland,False,2024,,,,
90,Ewa Farna @ewa_farna93,671900.0,0.74,Poland,Entertainment and Music News,201600.0,instagram,poland,False,2024,Knowledge&Info,MAPPED,,
91,MARLEY Marlena Sojka @marlenasojka,665700.0,4.82,Poland,Fashion and Accessories Parenting Music Dogs,199700.0,instagram,poland,False,2024,Beauty&Fashion,MAPPED,,
92,LUKA @lucky_luka_official,662900.0,4.76,Poland,Fashion and Accessories Entertainment and Music Food and Drink,198900.0,instagram,poland,False,2024,Beauty&Fashion,MAPPED,,
93,Adrianna Muranowicz @truebeautyisinternal,657900.0,0.67,Poland,Beauty and Self Care Parenting Actors Celebrities,197400.0,instagram,poland,False,2024,Beauty&Fashion,MAPPED,,
94,👸🏼 @magie__may,656400.0,2.06,Poland,Food and Drink Fashion Fashion and Accessories,196900.0,instagram,poland,False,2024,Beauty&Fashion,MAPPED,,
95,Nadia Długosz / ex YT BEKSY @nadjowa,654500.0,1.24,Poland,Fashion Art Celebrities,196300.0,instagram,poland,False,2024,Beauty&Fashion,MAPPED,,
96,Marcin Prokop @_marcinprokop_,639800.0,0.8,Poland,Journalists,192000.0,instagram,poland,False,2024,Knowledge&Info,MAPPED,,
97,DeeJayPallaside @deejaypallaside,636800.0,1.79,Poland,"Entertainment and Music Modeling Celebrities Film, Music & Books",191000.0,instagram,poland,False,2024,Beauty&Fashion,MAPPED,,
98,Maja Kuczynska @kuczynska.maja,617200.0,2.28,Poland,Outdoor Activity Sports,185200.0,instagram,poland,False,2024,Sports,MAPPED,,
99,Ania Starmach @ania_starmach,611900.0,0.53,Poland,Food,183600.0,instagram,poland,False,2024,Lifestyle,MAPPED,,
100,"Joanna Kosidlovska | Influencer, Warsaw @kosidlovska",611300.0,7.96,Poland,Sports Fashion and Accessories Education News,183400.0,instagram,poland,False,2024,Sports,MAPPED,,
1,Cristiano Ronaldo @cristiano,626200000.0,0.91,Portugal,Finance Soccer,187900000.0,instagram,portugal,False,2024,Sports,MAPPED,,
2,Portugal @portugal,16600000.000000002,1.16,Portugal,Fashion and Accessories Automotive Soccer,5000000.0,instagram,portugal,False,2024,Sports,MAPPED,,
3,João Félix @joaofelix79,11500000.0,6.98,Portugal,Sports,3400000.0,instagram,portugal,False,2024,Sports,MAPPED,,
4,𝐄𝐃𝐔𝐀𝐑𝐃𝐎 𝐂𝐎𝐒𝐓𝐀 @eduardocosta,10900000.0,0.17,Portugal,Entertainment and Music Musicians,3300000.0,instagram,portugal,False,2024,Music,MAPPED,,
5,Sara Sampaio @sarasampaio,8700000.0,0.68,Portugal,Fashion and Accessories Music Modeling,2600000.0,instagram,portugal,False,2024,Beauty&Fashion,MAPPED,,
6,João Cancelo @jpcancelo,6600000.0,7.88,Portugal,Sports Automotive Soccer,2000000.0,instagram,portugal,False,2024,Sports,MAPPED,,
7,Bernardo Carvalho E Silva @bernardocarvalhosilva,4800000.0,5.55,Portugal,Sports Soccer,1400000.0,instagram,portugal,False,2024,Sports,MAPPED,,
8,Maria Dolores @doloresaveiroofficial,4100000.0,4.06,Portugal,family Marketing and Advertising Singer,1200000.0,instagram,portugal,False,2024,Knowledge&Info,MAPPED,,
9,Jose Mourinho @josemourinho,3900000.0,4.01,Portugal,Sports,1200000.0,instagram,portugal,False,2024,Sports,MAPPED,,
10,Jorge Jesus @jorgejesus,3100000.0,1.08,Portugal,Sports,920600.0,instagram,portugal,False,2024,Sports,MAPPED,,
11,Bruno Fernandes @brunofernandes.10,2900000.0,9.8,Portugal,,869100.0,instagram,portugal,False,2024,,,,
12,Sport Lisboa e Benfica @slbenfica,2700000.0,1.41,Portugal,Sports Soccer,811700.0,instagram,portugal,False,2024,Sports,MAPPED,,
13,TIAGO @tiagoiorc,2700000.0,0.76,Portugal,Entertainment and Music Singer,808500.0,instagram,portugal,False,2024,Music,MAPPED,,
14,Barbie Forteza @barbaraforteza,2700000.0,1.35,Portugal,Entertainment and Music Modeling Actors Singer,804900.0,instagram,portugal,False,2024,Beauty&Fashion,MAPPED,,
15,D A M A N T E @andreadamante,2600000.0,0.34,Portugal,DJ Music,782400.0,instagram,portugal,False,2024,Music,MAPPED,,
16,Luís Nani @luisnani,2500000.0,1.56,Portugal,Sports Soccer Gamer,758600.0,instagram,portugal,False,2024,Sports,MAPPED,,
17,FC Porto @fcporto,2500000.0,0.95,Portugal,Sports Marketing and Advertising Soccer,752300.0,instagram,portugal,False,2024,Sports,MAPPED,,
18,The GOAT. @cristiano.ronaldo7_,2500000.0,0.79,Portugal,Sports News,745400.0,instagram,portugal,False,2024,Sports,MAPPED,,
19,🌺🌸 Lilli Luxe 🌸🌺 @lilliluxe,2500000.0,3.1,Portugal,Fashion and Accessories Parenting Modeling Publishing,742100.0,instagram,portugal,False,2024,Beauty&Fashion,MAPPED,,
20,Simon Unge @unge,2400000.0,0.22,Portugal,Video Blogger Video Games,712800.0,instagram,portugal,False,2024,Tech&Gaming,MAPPED,,
21,Fábio Coentrão @fabio_coentrao,2100000.0,1.07,Portugal,Soccer,643700.0,instagram,portugal,False,2024,Sports,MAPPED,,
22,MDL DANTES @dantes.ff,2100000.0,1.83,Portugal,Games Video Gaming,638100.0,instagram,portugal,False,2024,Tech&Gaming,MAPPED,,
23,Piques @piques,2100000.0,4.29,Portugal,Entertainment and Music Funny Celebrity Celebrities,637900.0,instagram,portugal,False,2024,Music,MAPPED,,
24,Gilmario Vemba @mr_filadagodaaa,2100000.0,0.47,Portugal,Entertainment and Music,625300.0,instagram,portugal,False,2024,Music,MAPPED,,
25,Cristiano Araújo @cristianoaraujo,2100000.0,13.1,Portugal,Entertainment and Music Singer,616600.0,instagram,portugal,False,2024,Music,MAPPED,,
26,André Gomes @aftgomes21,1900000.0,0.34,Portugal,Sports Video Gaming Soccer,576000.0,instagram,portugal,False,2024,Sports,MAPPED,,
27,D É B O R Δ P O R T O ® @deboraportooficial,1700000.0,0.41,Portugal,Fashion and Accessories Beauty and Self Care Travel Plus Size,524500.0,instagram,portugal,False,2024,Beauty&Fashion,MAPPED,,
28,MC iG 👱🏿‍♂️ @ig.4m,1700000.0,4.8,Portugal,Events,509100.0,instagram,portugal,False,2024,Entertainment,MAPPED,,
29,Margarida Corceiro @magui_corceiro,1600000.0,4.1,Portugal,Acting and Drama Fashion and Accessories Celebrity,481000.0,instagram,portugal,False,2024,Beauty&Fashion,MAPPED,,
30,Diogo Dalot @diogodalot,1600000.0,6.1,Portugal,,477500.0,instagram,portugal,False,2024,,,,
31,Cristina Ferreira @dailycristina,1600000.0,1.15,Portugal,Fashion and Accessories,475400.0,instagram,portugal,False,2024,Beauty&Fashion,MAPPED,,
32,André Silva @andresilva9,1600000.0,2.38,Portugal,Travel Soccer,474300.0,instagram,portugal,False,2024,Sports,MAPPED,,
33,Rita Pereira @hyndia,1600000.0,1.2,Portugal,Entertainment and Music Fashion and Accessories Celebrity Dogs,472200.0,instagram,portugal,False,2024,Beauty&Fashion,MAPPED,,
34,Cláudia Canção @claudiacancao,1500000.0,2.48,Portugal,Entertainment and Music Music,435300.0,instagram,portugal,False,2024,Music,MAPPED,,
35,Carlos César @fixa.10,1400000.0,1.07,Portugal,Sports Auto and Vehicles Marketing and Advertising,424500.0,instagram,portugal,False,2024,Sports,MAPPED,,
36,Frei Alex Nuno @freialexnuno,1400000.0,0.06,Portugal,Marketing and Advertising,421400.0,instagram,portugal,False,2024,Knowledge&Info,MAPPED,,
37,𝑴𝒂𝒇𝒆 𝑩𝒆𝒓𝒕𝒆𝒓𝒐 @mafebertero,1400000.0,4.63,Portugal,Beauty and Self Care Actors,409000.0,instagram,portugal,False,2024,Beauty&Fashion,MAPPED,,
38,Pedro Geraldes Carvalho @pedrocarvalho_oficial,1300000.0,0.9,Portugal,Actor,403300.0,instagram,portugal,False,2024,Entertainment,MAPPED,,
39,Hélio Albuquerque @heliopersonalshopper,1300000.0,0.61,Portugal,Fashion and Accessories,391100.0,instagram,portugal,False,2024,Beauty&Fashion,MAPPED,,
40,Ricardinho10 @ricardinho10oficial,1300000.0,0.82,Portugal,Sports Soccer,385100.0,instagram,portugal,False,2024,Sports,MAPPED,,
41,Cláudia Vieira @claudiavieiraoficial,1200000.0,1.76,Portugal,,356800.0,instagram,portugal,False,2024,,,,
42,Suzy Medina @suzymedina,1200000.0,0.23,Portugal,Fashion and Accessories Travel,355900.0,instagram,portugal,False,2024,Beauty&Fashion,MAPPED,,
43,Daniela Ruah @danielaruah,1200000.0,3.4,Portugal,Acting and Drama family,349100.0,instagram,portugal,False,2024,Entertainment,MAPPED,,
44,Daniel Lenhardt @daniellenhardt,1200000.0,0.78,Portugal,Photography,348200.0,instagram,portugal,False,2024,Lifestyle,MAPPED,,
45,Roy Fernandes @roy69,1100000.0,4.8,Portugal,Actors Music,343700.0,instagram,portugal,False,2024,Music,MAPPED,,
46,Pedro Barroso @pedrobarrosopb,1100000.0,2.36,Portugal,Acting and Drama Fashion and Accessories Celebrity,336800.0,instagram,portugal,False,2024,Beauty&Fashion,MAPPED,,
47,Pedro Victor @pedrovictor38_,1100000.0,10.4,Portugal,,332000.0,instagram,portugal,False,2024,,,,
48,CristianoRonaldo Fan page🇵🇹AP7 @cristianr0naldo,1100000.0,0.29,Portugal,Sports Marketing and Advertising Soccer,324900.0,instagram,portugal,False,2024,Sports,MAPPED,,
49,Sofia Ribeiro @sofiarribeiro,1100000.0,1.04,Portugal,Entertainment and Music Celebrity Actors Actor,324700.0,instagram,portugal,False,2024,Music,MAPPED,,
50,Jessy James 🧿 @jessica_athayde,1100000.0,1.77,Portugal,Entertainment and Music,321700.0,instagram,portugal,False,2024,Music,MAPPED,,
51,David Carreira @davidcarreiraoficial,1100000.0,1.43,Portugal,Entertainment and Music Music,321400.0,instagram,portugal,False,2024,Music,MAPPED,,
52,Sara Matos @saramatosofficial,1000000.0,2.01,Portugal,Acting and Drama Actors,313300.0,instagram,portugal,False,2024,Entertainment,MAPPED,,
53,PATRICIA KISS 💋 @patriciakiss_,1000000.0,0.08,Portugal,Fashion Beauty Travel,309500.0,instagram,portugal,False,2024,Beauty&Fashion,MAPPED,,
54,Aaron Philby & Saemee Yoon's caricatures @caricatureparty,1000000.0,7.01,Portugal,,306900.0,instagram,portugal,False,2024,,,,
55,Elen Portugal @elenportugal,1000000.0,0.32,Portugal,Fitness and Health,303900.0,instagram,portugal,False,2024,Sports,MAPPED,,
56,Luciano Bramusse @lucianobramusse,1000000.0,0.1,Portugal,Beauty and Self Care Marketing and Advertising,302400.0,instagram,portugal,False,2024,Beauty&Fashion,MAPPED,,
57,Fabiano Matos @f43iano,1000000.0,0.05,Portugal,,302000.0,instagram,portugal,False,2024,,,,
58,Gabrielle Araujo @gabriellearaujoc,999700.0,0.55,Portugal,Fashion and Accessories Marketing and Advertising Celebrities Animals & Pets,299900.0,instagram,portugal,False,2024,Beauty&Fashion,MAPPED,,
59,Katie Stevens @thekatiestevens,975800.0,6.79,Portugal,Singer Music Actors,292700.0,instagram,portugal,False,2024,Music,MAPPED,,
60,Carolina Patrocínio @carolinapatrocinio,972700.0,0.83,Portugal,Entertainment and Music,291800.0,instagram,portugal,False,2024,Music,MAPPED,,
61,O Momento da Blindada 🦋 @omomento_dablindada,972400.0,0.1,Portugal,Entertainment and Music TV Shows,291700.0,instagram,portugal,False,2024,Music,MAPPED,,
62,Lourenco Ortigao @lourencoortigao,964100.0,2.86,Portugal,Acting and Drama Actors,289200.0,instagram,portugal,False,2024,Entertainment,MAPPED,,
63,𝐏𝐞𝐝𝐫𝐨 𝐓𝐞𝐢𝐱𝐞𝐢𝐫𝐚 @pedroteixeiraoficial,912200.0,1.78,Portugal,Fashion and Accessories Actors,273700.0,instagram,portugal,False,2024,Beauty&Fashion,MAPPED,,
64,Diana Chaves @dichavesofficial,907000.0,0.76,Portugal,Entertainment and Music Celebrity Actors Moms,272100.0,instagram,portugal,False,2024,Music,MAPPED,,
65,Maria Ivakova (Masha) @maria_ivakova,902900.0,1.48,Portugal,Entertainment and Music Fashion and Accessories Celebrity Actors,270900.0,instagram,portugal,False,2024,Beauty&Fashion,MAPPED,,
66,BOA GRAVIDEZ | Patrícia Moreira @boagravidez,894900.0,4.45,Portugal,family Entertainment and Music,268500.0,instagram,portugal,False,2024,Music,MAPPED,,
67,Manuel Luis Goucha @mlgoucha,890400.0,0.23,Portugal,Entertainment and Music,267100.0,instagram,portugal,False,2024,Music,MAPPED,,
68,SoraiaRamoSs @soraiaramoss,887100.0,2.48,Portugal,Entertainment and Music Music,266100.0,instagram,portugal,False,2024,Music,MAPPED,,
69,Francisco Trincão @trincao,881000.0,17.3,Portugal,,264300.0,instagram,portugal,False,2024,,,,
70,Ana Garcia Martins @apipocamaisdoce,876300.0,2.27,Portugal,Entertainment and Music Video Gaming,262900.0,instagram,portugal,False,2024,Tech&Gaming,MAPPED,,
71,Santa Igreja Católica @santaigrejacatolica,874600.0,0.42,Portugal,,262400.0,instagram,portugal,False,2024,,,,
72,Inglês com MrTeacher 🌻 @mrteacherpaulo,873800.0,0.05,Portugal,Education Upskilling Marketing and Advertising,262100.00000000003,instagram,portugal,False,2024,Knowledge&Info,MAPPED,,
73,Angie Costa @angeladscosta,869400.0,3.07,Portugal,Events,260800.0,instagram,portugal,False,2024,Entertainment,MAPPED,,
74,Bernardo Soares | MUSTACHE @reviewsdomustache,854900.0,1.82,Portugal,Food Travel,256500.0,instagram,portugal,False,2024,Lifestyle,MAPPED,,
75,César Mourão @cesartmourao,853000.0,0.39,Portugal,Arts and Crafts,255900.0,instagram,portugal,False,2024,Lifestyle,MAPPED,,
76,Nuno Markl @nunomarkl,847400.0,0.35,Portugal,Arts and Crafts,254200.0,instagram,portugal,False,2024,Lifestyle,MAPPED,,
77,MiguelOliveira88 @88migueloliveira,826900.0,1.03,Portugal,Sports Auto and Vehicles,248100.0,instagram,portugal,False,2024,Sports,MAPPED,,
78,Antônio Costa Souza @antoniocostasouza,803800.0,0.72,Portugal,Finance Business and Finance Public Figure,241100.0,instagram,portugal,False,2024,Knowledge&Info,MAPPED,,
79,Kazzio @kazzio7,802600.0,0.72,Portugal,Funny Entertainment and Music,240800.0,instagram,portugal,False,2024,Music,MAPPED,,
80,Liliana Filipa @lilianafilipa__,793400.0,2.09,Portugal,Fashion and Accessories Business and Finance,238000.0,instagram,portugal,False,2024,Beauty&Fashion,MAPPED,,
81,Fátima Lopes @fatimalopesoficial,785000.0,0.41,Portugal,,235500.0,instagram,portugal,False,2024,,,,
82,Cédric Soares @cedricsoares41,761800.0,2.21,Portugal,Sports Soccer,228500.0,instagram,portugal,False,2024,Sports,MAPPED,,
83,joaomoutinho8 @joaomoutinho8,757400.0,2.2,Portugal,,227200.0,instagram,portugal,False,2024,,,,
84,Kéllyta Tharsys @kellytatharsys,748900.0,1.39,Portugal,,224700.0,instagram,portugal,False,2024,,,,
85,@bilbiamtengarsada,736800.0,3.5,Portugal,,221000.0,instagram,portugal,False,2024,,,,
86,Oceana Basílio @oceanabasilio,729300.0,0.5,Portugal,Fashion and Accessories Actors Modeling,218800.0,instagram,portugal,False,2024,Beauty&Fashion,MAPPED,,
87,Thiago Rodrigues @euthiagorodrigues,725300.0,0.32,Portugal,Acting and Drama Romance and Wedding Celebrity Tennis,217600.0,instagram,portugal,False,2024,Sports,MAPPED,,
88,Ibineizer Giro Sá @ibeneizergirosa7,722900.0,0.3,Portugal,,216900.0,instagram,portugal,False,2024,,,,
89,Hillary Medeiros @hillarymedeiross,714700.0,16.08,Portugal,Fashion and Accessories,214400.0,instagram,portugal,False,2024,Beauty&Fashion,MAPPED,,
90,adega correia @adegacorreia,710700.0,,Portugal,Food,213200.0,instagram,portugal,False,2024,Lifestyle,MAPPED,,
91,Tony Carreira @tonycarreiraoficial,705400.0,0.82,Portugal,Entertainment and Music,211600.0,instagram,portugal,False,2024,Music,MAPPED,,
92,𝐇 𝐄 𝐋 𝐄 𝐍 𝐀 𝐂 𝐎 𝐄 𝐋 𝐇 𝐎 @helenacoelhooo,698000.0,2.87,Portugal,Beauty and Self Care Parenting,209400.0,instagram,portugal,False,2024,Beauty&Fashion,MAPPED,,
93,Alina Solopova 🧘🏼‍♀️ @alinasolopovasworld,696000.0,2.88,Portugal,"Celebrity Travel Lifestyle Film, Music & Books",208800.0,instagram,portugal,False,2024,Knowledge&Info,MAPPED,,
94,Jéssica Silva @jessiicasilva10,686300.0,1.85,Portugal,Sports Soccer,205900.0,instagram,portugal,False,2024,Sports,MAPPED,,
95,Dânia @danianeto,678300.0,1.58,Portugal,Acting and Drama Celebrity,203500.0,instagram,portugal,False,2024,Entertainment,MAPPED,,
96,Lincoln Henrique @lincoln_henrique10,657100.0,4.67,Portugal,Fitness and Health Product Education Soccer,197100.0,instagram,portugal,False,2024,Sports,MAPPED,,
97,Mariana Monteiro @maryyy_monteiro,653700.0,1.71,Portugal,Celebrity,196100.0,instagram,portugal,False,2024,Entertainment,MAPPED,,
98,Ana Guiomar @anaguiomar.oficial,652600.0,0.85,Portugal,Celebrity,195800.0,instagram,portugal,False,2024,Entertainment,MAPPED,,
99,DIEGO MIRANDA @djdiegomiranda,646200.0,1.03,Portugal,Entertainment and Music DJ Producers Music,193800.0,instagram,portugal,False,2024,Music,MAPPED,,
100,Catarina Gouveia @categouveia,633800.0,2.12,Portugal,Nature Celebrity,190100.0,instagram,portugal,False,2024,Entertainment,MAPPED,,
1,Daddy Yankee @daddyyankee,48600000.0,1.03,Puerto Rico,Music Modeling Singer,14600000.0,instagram,puerto-rico,False,2024,Beauty&Fashion,MAPPED,,
2,NICKY JAM @nickyjam,44200000.0,0.32,Puerto Rico,Entertainment and Music Music Management Singer,13300000.0,instagram,puerto-rico,False,2024,Music,MAPPED,,
3,@rauwalejandro,18900000.0,8.59,Puerto Rico,,5700000.0,instagram,puerto-rico,False,2024,,,,
4,Ricky Martin @ricky_martin,17300000.0,1.1,Puerto Rico,Entertainment and Music Actors Music Writers,5200000.0,instagram,puerto-rico,False,2024,Music,MAPPED,,
5,Llandel Veguilla @yandel,13100000.0,0.56,Puerto Rico,Entertainment and Music Actors Music,3900000.0,instagram,puerto-rico,False,2024,Music,MAPPED,,
6,LUNAY @lunay,10400000.0,2.16,Puerto Rico,,3100000.0,instagram,puerto-rico,False,2024,,,,
7,Cosculluela @cosculluela,9600000.0,3.05,Puerto Rico,Entertainment and Music Actors,2900000.0,instagram,puerto-rico,False,2024,Music,MAPPED,,
8,Adamari Lopez @adamarilopez,8900000.0,0.31,Puerto Rico,Acting and Drama family Automotive Actors,2700000.0,instagram,puerto-rico,False,2024,Tech&Gaming,MAPPED,,
9,Edwin Rosa Vasquez @nengoflowofficial,8900000.0,1.81,Puerto Rico,Entertainment and Music Automotive Songwriting Celebrities,2700000.0,instagram,puerto-rico,False,2024,Tech&Gaming,MAPPED,,
10,Justin Quiles AKA J Qui @jquiles,8700000.0,0.82,Puerto Rico,Entertainment and Music Actors,2600000.0,instagram,puerto-rico,False,2024,Music,MAPPED,,
11,"De La Ghetto ""De La Geezy"" @delaghetto",8500000.0,0.39,Puerto Rico,"Entertainment and Music Singer Film, Music & Books Animals & Pets",2500000.0,instagram,puerto-rico,False,2024,Knowledge&Info,MAPPED,,
12,TRAPERO DE TRAPEROS @bryanttmyers,8000000.0,2.99,Puerto Rico,Entertainment and Music,2400000.0,instagram,puerto-rico,False,2024,Music,MAPPED,,
13,IvyQueenDiva @ivyqueendiva,6200000.0,2.07,Puerto Rico,Entertainment and Music Music Actors Celebrities,1900000.0,instagram,puerto-rico,False,2024,Music,MAPPED,,
14,Joan Smalls @joansmalls,6100000.0,0.16,Puerto Rico,Fashion Fashion and Accessories,1800000.0,instagram,puerto-rico,False,2024,Beauty&Fashion,MAPPED,,
15,Super Jon.Z @jonzmen,5800000.0,2.38,Puerto Rico,"Entertainment and Music Funny Film, Music & Books Celebrities",1700000.0,instagram,puerto-rico,False,2024,Knowledge&Info,MAPPED,,
16,Brytiago🐯 @brytiago,5600000.0,1.1,Puerto Rico,Entertainment and Music Actors Music Celebrities,1700000.0,instagram,puerto-rico,False,2024,Music,MAPPED,,
17,Tito El Patrón / El Bambino 🦅 @titobambinoelpatron,5200000.0,2.11,Puerto Rico,Entertainment and Music Marketing and Advertising Actors Virtualization,1600000.0,instagram,puerto-rico,False,2024,Knowledge&Info,MAPPED,,
18,LOS OG … 90 PIKETES🇵🇷🦁 @mikywoodz,5100000.0,2.03,Puerto Rico,Entertainment and Music Music Actors DJ,1500000.0,instagram,puerto-rico,False,2024,Music,MAPPED,,
19,ALEJANMDRO MOSQUEDA PAZ 🇨🇺X🇮🇱X🇵🇷 @almightytgc,4600000.0,0.65,Puerto Rico,Entertainment and Music Music Actors,1400000.0,instagram,puerto-rico,False,2024,Music,MAPPED,,
20,Baby Rasta @babyrasta,4000000.0,0.93,Puerto Rico,Entertainment and Music Music Actors Celebrities,1200000.0,instagram,puerto-rico,False,2024,Music,MAPPED,,
21,Carlos Ponce @poncecarlos1,3400000.0,0.34,Puerto Rico,Acting and Drama Entertainment and Music Actors,1000000.0,instagram,puerto-rico,False,2024,Music,MAPPED,,
22,Lennox @lennox,2900000.0,0.05,Puerto Rico,Entertainment and Music Moms Music Actors,870000.0,instagram,puerto-rico,False,2024,Music,MAPPED,,
23,Zabdiel De Jesús @zabdieldejesus,2900000.0,3.7,Puerto Rico,Singer,856600.0,instagram,puerto-rico,False,2024,Music,MAPPED,,
24,roselyn sanchez @roselyn_sanchez,2300000.0,0.41,Puerto Rico,Acting and Drama family Entertainment and Music Romance and Wedding,699300.0,instagram,puerto-rico,False,2024,Beauty&Fashion,MAPPED,,
25,LOS MAGICOS 👻🔮🎩 @casper_magico,2300000.0,1.91,Puerto Rico,Entertainment and Music Actors Music,689100.0,instagram,puerto-rico,False,2024,Music,MAPPED,,
26,Wisin Y Yandel @wisinyyandel,2300000.0,1.21,Puerto Rico,Entertainment and Music Romance and Wedding Actors Music,678900.0,instagram,puerto-rico,False,2024,Beauty&Fashion,MAPPED,,
27,Manuel Varet @vakero,2300000.0,0.07,Puerto Rico,Entertainment and Music Singer,677800.0,instagram,puerto-rico,False,2024,Music,MAPPED,,
28,Molusco @yosoymolusco,2300000.0,0.2,Puerto Rico,,677000.0,instagram,puerto-rico,False,2024,,,,
29,SUPA @_supapeach,2100000.0,2.09,Puerto Rico,Arts and Crafts Beauty and Self Care Business and Finance Singer,643400.0,instagram,puerto-rico,False,2024,Beauty&Fashion,MAPPED,,
30,Paige Audrey-Marie Hurd🦒 @thugginn,2100000.0,9.47,Puerto Rico,"Parenting Actors Humor Film, Music & Books",640600.0,instagram,puerto-rico,False,2024,Knowledge&Info,MAPPED,,
31,Baby Rasta y Gringo @babyrastaygringo,2100000.0,0.17,Puerto Rico,Music Actors Celebrities Humor,617900.0,instagram,puerto-rico,False,2024,Music,MAPPED,,
32,Barber A-ROD @arod23pr,2000000.0,0.95,Puerto Rico,Finance Product Showcase Business and Finance Styling,612600.0,instagram,puerto-rico,False,2024,Beauty&Fashion,MAPPED,,
33,RKM & Ken-Y @rkmykeny,2000000.0,0.08,Puerto Rico,Entertainment and Music Romance and Wedding Music DJ,606600.0,instagram,puerto-rico,False,2024,Beauty&Fashion,MAPPED,,
34,BABY RANKS @babyranksabm1,2000000.0,6.89,Puerto Rico,Art,605800.0,instagram,puerto-rico,False,2024,Lifestyle,MAPPED,,
35,Alex Zurdo @alexzurdomusic,1800000.0,0.69,Puerto Rico,Entertainment and Music Marketing and Advertising Actors Music,549000.0,instagram,puerto-rico,False,2024,Knowledge&Info,MAPPED,,
36,Kany Garcia @kanygarcia,1800000.0,2.08,Puerto Rico,Entertainment and Music Actors,546600.0,instagram,puerto-rico,False,2024,Music,MAPPED,,
37,Mireddys 🧡 @mireddys,1800000.0,2.71,Puerto Rico,Beauty and Self Care Actors,540700.0,instagram,puerto-rico,False,2024,Beauty&Fashion,MAPPED,,
38,Yani Latorre @yanilatorre,1800000.0,2.59,Puerto Rico,Entertainment and Music Actors Journalists,536300.0,instagram,puerto-rico,False,2024,Knowledge&Info,MAPPED,,
39,Y$Y A EL ARTISTA @ysy__a,1800000.0,6.9,Puerto Rico,Entertainment and Music Actors Music Singer,531300.0,instagram,puerto-rico,False,2024,Music,MAPPED,,
40,Dayanara Torres @dayanarapr,1700000.0,0.75,Puerto Rico,Entertainment and Music Romance and Wedding Life and Society Celebrity,523200.00000000006,instagram,puerto-rico,False,2024,Beauty&Fashion,MAPPED,,
41,El Bokisucio 😈 @luigi21plus,1700000.0,0.32,Puerto Rico,Entertainment and Music Actors Music,496400.0,instagram,puerto-rico,False,2024,Music,MAPPED,,
42,ⒿⓊⒽⓃ ✭ @juhnelallstar,1600000.0,3.44,Puerto Rico,Art Actors Music,490700.0,instagram,puerto-rico,False,2024,Music,MAPPED,,
43,Maripily @maripilyoficial,1500000.0,0.08,Puerto Rico,Actors,453100.0,instagram,puerto-rico,False,2024,Entertainment,MAPPED,,
44,Javier Báez 🎩 @javy23baez,1500000.0,4.94,Puerto Rico,Actors Modeling Fashion Athlete,452400.0,instagram,puerto-rico,False,2024,Sports,MAPPED,,
45,Juanka Bauza Blasini @juanka_problematik,1500000.0,1.57,Puerto Rico,Entertainment and Music Actors Music Singer,446000.0,instagram,puerto-rico,False,2024,Music,MAPPED,,
46,Tanya Walls ✨ @house_to_home_at_no1,1500000.0,1.07,Puerto Rico,Home and Garden,437700.0,instagram,puerto-rico,False,2024,Lifestyle,MAPPED,,
47,PLAN B @planblive,1400000.0,0.7,Puerto Rico,Entertainment and Music Marketing and Advertising DJ Music,406400.0,instagram,puerto-rico,False,2024,Knowledge&Info,MAPPED,,
48,Jowell & Randy #20Aniversario🎂 @jowellyrandy,1300000.0,0.45,Puerto Rico,Entertainment and Music Music Actors,396600.0,instagram,puerto-rico,False,2024,Music,MAPPED,,
49,Víctor Manuelle @victormanuelleonline,1200000.0,0.24,Puerto Rico,Entertainment and Music Actors Music,371100.0,instagram,puerto-rico,False,2024,Music,MAPPED,,
50,Kay-Lani @viva_glam_kay,1200000.0,0.42,Puerto Rico,Beauty and Self Care Hair & Beauty Celebrities,369000.0,instagram,puerto-rico,False,2024,Beauty&Fashion,MAPPED,,
51,Gregorio Rossello @gregorossello,1200000.0,2.48,Puerto Rico,Entertainment and Music Celebrity Actors Journalists,364800.0,instagram,puerto-rico,False,2024,Knowledge&Info,MAPPED,,
52,Tay Sweat 🇵🇷 🇵🇹 🇺🇸 @taysweat,1200000.0,0.68,Puerto Rico,Finance Travel Auto and Vehicles,361800.0,instagram,puerto-rico,False,2024,Knowledge&Info,MAPPED,,
53,Laura Carmine @lauracarmine,1100000.0,0.75,Puerto Rico,Acting and Drama Entertainment and Music Travel Celebrity,331800.0,instagram,puerto-rico,False,2024,Music,MAPPED,,
54,Ambar @ambarmusical,1100000.0,0.39,Puerto Rico,Entertainment and Music Music Actors Journalists,330200.0,instagram,puerto-rico,False,2024,Knowledge&Info,MAPPED,,
55,Barbie Rican @barbiericanoficial,1100000.0,1.58,Puerto Rico,Entertainment and Music Automotive,328300.0,instagram,puerto-rico,False,2024,Tech&Gaming,MAPPED,,
56,Amaury Nolasco @amaurynolasco,1100000.0,3.5,Puerto Rico,Entertainment and Music Acting and Drama Actors,322900.0,instagram,puerto-rico,False,2024,Music,MAPPED,,
57,Victor Cruz @victorcruz,1100000.0,0.77,Puerto Rico,family Soccer Music Entertainment,317200.0,instagram,puerto-rico,False,2024,Sports,MAPPED,,
58,"𝐀𝐌𝐀,𝐕𝐈𝐕𝐄 𝐘 𝐃𝐄𝐉𝐀 𝐕𝐈𝐕𝐈𝐑 @jotabenz92",1100000.0,1.13,Puerto Rico,Actors,316500.0,instagram,puerto-rico,False,2024,Entertainment,MAPPED,,
59,CHECK-IN @checkinmela,1000000.0,1.46,Puerto Rico,Actors,309800.0,instagram,puerto-rico,False,2024,Entertainment,MAPPED,,
60,Carissa Rosario @carissarosario,1000000.0,0.16,Puerto Rico,Fitness and Health Food Actors Celebrities,302900.0,instagram,puerto-rico,False,2024,Sports,MAPPED,,
61,Ken-Y @ken_y_official,962700.0,0.34,Puerto Rico,,288800.0,instagram,puerto-rico,False,2024,,,,
62,Ugglytruth @ugglytruth,962200.0,1.83,Puerto Rico,Funny Actors Modeling,288700.0,instagram,puerto-rico,False,2024,Beauty&Fashion,MAPPED,,
63,La Mariposa @lamariposa_mr,957700.0,0.96,Puerto Rico,Art,287300.0,instagram,puerto-rico,False,2024,Lifestyle,MAPPED,,
64,Frabian Eli @frabianeli,951500.0,4.2,Puerto Rico,Entertainment and Music Music,285500.0,instagram,puerto-rico,False,2024,Music,MAPPED,,
65,𝐼𝑛𝑛𝑑𝑖𝑎 @indiabocavermelha,946000.0,1.2,Puerto Rico,Fashion and Accessories,283800.0,instagram,puerto-rico,False,2024,Beauty&Fashion,MAPPED,,
66,Gilberto Santa Rosa @santarosalive,942600.0,0.32,Puerto Rico,Entertainment and Music Actors,282800.0,instagram,puerto-rico,False,2024,Music,MAPPED,,
67,JEDI @chrisjedi,934600.0,4.01,Puerto Rico,Art,280400.0,instagram,puerto-rico,False,2024,Lifestyle,MAPPED,,
68,JACKY 🇵🇷❤️‍🔥 @jackyfontanez,933900.0,0.53,Puerto Rico,Fashion and Accessories Actors,280200.0,instagram,puerto-rico,False,2024,Beauty&Fashion,MAPPED,,
69,Jasmine Morales @reallaytonbenton,932200.0,1.2,Puerto Rico,Fashion and Accessories Soccer Modeling Entertainment,279600.0,instagram,puerto-rico,False,2024,Sports,MAPPED,,
70,Carlos Correa @teamcjcorrea,925500.0,5.1,Puerto Rico,family Sports Modeling Actors,277600.0,instagram,puerto-rico,False,2024,Sports,MAPPED,,
71,J.R. Ramirez @jr8ramirez,858100.0,8.25,Puerto Rico,Entertainment and Music Actors Music Singer,257400.0,instagram,puerto-rico,False,2024,Music,MAPPED,,
72,FLAWLESS @flawlessri,838400.0,2.11,Puerto Rico,Entertainment and Music Fashion and Accessories Music Singer,251500.0,instagram,puerto-rico,False,2024,Beauty&Fashion,MAPPED,,
73,Maldy @maldysociety,833200.0,4.56,Puerto Rico,Romance and Wedding Music Actors,250000.0,instagram,puerto-rico,False,2024,Beauty&Fashion,MAPPED,,
74,Kike Hernández @kikehndez,831700.0,7.67,Puerto Rico,Sports Music,249500.0,instagram,puerto-rico,False,2024,Sports,MAPPED,,
75,Jess Val Ortiz @jessvalortiz,822900.0,8.26,Puerto Rico,Fashion and Accessories Celebrity,246900.0,instagram,puerto-rico,False,2024,Beauty&Fashion,MAPPED,,
76,Lorena Arce 🇨🇴 @lorena_arcee,815100.0,4.7,Puerto Rico,Fitness and Health Education Marketing and Advertising,244500.0,instagram,puerto-rico,False,2024,Sports,MAPPED,,
77,Johnny Lozada @johnnylozada,811200.0,0.37,Puerto Rico,Actors,243400.0,instagram,puerto-rico,False,2024,Entertainment,MAPPED,,
78,PRISCILLA HUGGINS ORTIZ @priscilla_huggins,809100.0,3.09,Puerto Rico,Fashion and Accessories Celebrity Modeling,242700.0,instagram,puerto-rico,False,2024,Beauty&Fashion,MAPPED,,
79,DEI V @deivpr,807600.0,14.93,Puerto Rico,Art,242300.0,instagram,puerto-rico,False,2024,Lifestyle,MAPPED,,
80,"GOTAY ""EL AUTENTIKO"" @gotayelautentiko",804400.0,0.18,Puerto Rico,"Music Singer Actors Film, Music & Books",241300.0,instagram,puerto-rico,False,2024,Knowledge&Info,MAPPED,,
81,Shapo 🇨🇴 @shapotheking,796800.0,,Puerto Rico,,239000.0,instagram,puerto-rico,False,2024,,,,
82,⚜️Jessica Clare⚜️ @jclare_,791300.0,2.8,Puerto Rico,,237400.0,instagram,puerto-rico,False,2024,,,,
83,Adventure Puerto Rico 🇵🇷| Social Media Manager @adventure_puertorico,773500.0,1.42,Puerto Rico,Travel News Adventure Nature & Outdoors,232100.0,instagram,puerto-rico,False,2024,Sports,MAPPED,,
84,Alessandra Rampolla 🌺 @alessarampolla,771100.0,1.26,Puerto Rico,Education family Beauty and Self Care Actors,231300.0,instagram,puerto-rico,False,2024,Beauty&Fashion,MAPPED,,
85,KYRA @kyrasantoro,721400.0,1.12,Puerto Rico,Fashion and Accessories Modeling Actors,216400.0,instagram,puerto-rico,False,2024,Beauty&Fashion,MAPPED,,
86,Denise Marie Bidot @denisebidot,710200.0,0.7,Puerto Rico,Fashion and Accessories Beauty and Self Care family Modeling,213100.0,instagram,puerto-rico,False,2024,Beauty&Fashion,MAPPED,,
87,Gredmarie Colón @gredmarie_colon,689100.0,0.53,Puerto Rico,Acting and Drama Fitness and Health Entertainment and Music Modeling,206700.0,instagram,puerto-rico,False,2024,Sports,MAPPED,,
88,Reby Hardy @rebysky,686500.0,1.23,Puerto Rico,Entertainment and Music Education Video Gaming Modeling,206000.0,instagram,puerto-rico,False,2024,Beauty&Fashion,MAPPED,,
89,@dimeloking,673200.0,0.22,Puerto Rico,,202000.0,instagram,puerto-rico,False,2024,,,,
90,TeamPuertoRico LLC @teampuertoricoo,665200.0,12.68,Puerto Rico,Entertainment and Music,199600.0,instagram,puerto-rico,False,2024,Music,MAPPED,,
91,Jeannette Howard @lajbooty1228,661900.0,0.6,Puerto Rico,,198600.0,instagram,puerto-rico,False,2024,,,,
92,Jose Bautista @joeybats19,656400.0,4.43,Puerto Rico,Sports,196900.0,instagram,puerto-rico,False,2024,Sports,MAPPED,,
93,Jay Fonseca @jayfonsecapr,653400.0,0.39,Puerto Rico,Romance and Wedding Entertainment and Music Actors,196000.0,instagram,puerto-rico,False,2024,Beauty&Fashion,MAPPED,,
94,El Circo de La Mega @elcircodelamega,646000.0,,Puerto Rico,Entertainment and Music Actors,193800.0,instagram,puerto-rico,False,2024,Music,MAPPED,,
95,Chris Distefano @chrisdcomedy,645200.0,1.06,Puerto Rico,Entertainment and Music Parenting Modeling Music,193500.0,instagram,puerto-rico,False,2024,Beauty&Fashion,MAPPED,,
96,Lena @iammisschase,642400.0,0.12,Puerto Rico,Entertainment and Music Parenting Modeling Celebrities,192700.0,instagram,puerto-rico,False,2024,Beauty&Fashion,MAPPED,,
97,Sofía Jirau @sofiajirau,637800.0,1.11,Puerto Rico,Fashion Fashion and Accessories,191300.0,instagram,puerto-rico,False,2024,Beauty&Fashion,MAPPED,,
98,Keisy Nayobi @keisy_nayobi,630700.0,0.94,Puerto Rico,Fashion and Accessories Product Showcase Plus Size Modeling,189200.0,instagram,puerto-rico,False,2024,Beauty&Fashion,MAPPED,,
99,Daniel El Travieso @danieleltraviesofotos,622700.0,0.4,Puerto Rico,Funny Marketing and Advertising Actors Journalists,186800.0,instagram,puerto-rico,False,2024,Knowledge&Info,MAPPED,,
100,Official IG For Tattedup Holly @tattedupholly,617100.0,1.1,Puerto Rico,Fashion Celebrities,185100.0,instagram,puerto-rico,False,2024,Beauty&Fashion,MAPPED,,
1,🌟🌟𝙍𝙚𝙛𝙡𝙚𝙭𝙞𝙤𝙣 𝘿𝙞𝙖𝙧𝙞𝙖🌟🌟 @reflexion.diaria,2700000.0,0.7,رومانيا,تعليم الحياة والمجتمع,803700.0,instagram,romania,False,2024,Knowledge&Info,MAPPED,,Teaching life and society
2,Dorian Popa @eusuntdorian,2400000.0,0.41,رومانيا,الأزياء والإكسسوارات,735000.0,instagram,romania,False,2024,Beauty&Fashion,MAPPED,,Fashion and accessories
3,Alina Eremia @alinaeremia,2100000.0,0.39,رومانيا,فن,620000.0,instagram,romania,False,2024,Lifestyle,MAPPED,,Art
4,𝐆𝐚𝐛𝐫𝐢𝐞𝐥 𝐑𝐨𝐥𝐨́𝐧 @gabriel.rolon,1900000.0,0.43,رومانيا,تعليم السيارات ممثلين,568800.0,instagram,romania,False,2024,Knowledge&Info,MAPPED,,Car education representatives
5,Loredana Chivu ♠️ @loredanachivu_official,1900000.0,0.32,رومانيا,الأزياء والإكسسوارات الفنون والحرف اليدوية الترفيه والموسيقى تمثيل,563500.0,instagram,romania,False,2024,Beauty&Fashion,MAPPED,,Fashion and accessories arts and crafts entertainment and music acting
6,Adelina Pestritu @adelina.pestritu,1800000.0,0.42,رومانيا,الأزياء والإكسسوارات الترفيه والموسيقى مشاهير,554900.0,instagram,romania,False,2024,Beauty&Fashion,MAPPED,,Fashion accessories entertainment music celebrities
7,Investing | Motivation | Technology @investearnsave,1800000.0,0.19,رومانيا,الأعمال والتمويل التمويل الشخصي,526000.0,instagram,romania,False,2024,Knowledge&Info,MAPPED,,Business and Finance Personal Finance
8,Simona Halep @simonahalep,1700000.0,0.64,رومانيا,رياضة تنس تمثيل,516000.0,instagram,romania,False,2024,Sports,MAPPED,,Acting tennis
9,Andreea Balan @andreeabalanofficial,1700000.0,0.41,رومانيا,الترفيه والموسيقى الأسرة موسيقى,501600.0,instagram,romania,False,2024,Music,MAPPED,,Entertainment Music Family Music
10,Mihai Bendeac @jurnalul_unui_burlac,1400000.0,1.42,رومانيا,فن,431500.0,instagram,romania,False,2024,Lifestyle,MAPPED,,Art
11,Lidia Buble @lidiabuble,1400000.0,0.39,رومانيا,موسيقى,429200.0,instagram,romania,False,2024,Music,MAPPED,,music
12,Iuliana Beregoi @iulianaberegoiofficial,1400000.0,0.56,رومانيا,الترفيه والموسيقى,420300.0,instagram,romania,False,2024,Music,MAPPED,,Entertainment and music
13,💎𝐀NDA ADAM 💎 @andaadam,1300000.0,0.15,رومانيا,الترفيه والموسيقى الأزياء والإكسسوارات الأعمال والتمويل تمثيل,388800.0,instagram,romania,False,2024,Beauty&Fashion,MAPPED,,"Entertainment, Music, Fashion and Accessories, Business and Finance Representation"
14,THEO ROSE @theorose.official,1300000.0,1.54,رومانيا,الترفيه والموسيقى التسويق والإعلان موسيقى,376900.0,instagram,romania,False,2024,Knowledge&Info,MAPPED,,"Entertainment, Music, Marketing and Advertising Music"
15,SPEAK @iamspeak,1200000.0,0.71,رومانيا,الأزياء والإكسسوارات الترفيه والموسيقى التسويق والإعلان فنان,366900.0,instagram,romania,False,2024,Beauty&Fashion,MAPPED,,"Fashion, accessories, entertainment, music, marketing and advertising artist"
16,CATRINEL MARLON @catrinelmarlon,1200000.0,1.39,رومانيا,التمثيل والدراما الأزياء والإكسسوارات تمثيل,363000.0,instagram,romania,False,2024,Beauty&Fashion,MAPPED,,Acting and Drama Fashion and Accessories Acting
17,Catalin Botezatu @catalinbotezatu1,1200000.0,0.75,رومانيا,الأزياء والإكسسوارات الفنون والحرف اليدوية الترفيه والموسيقى الأعمال والتمويل,360300.0,instagram,romania,False,2024,Beauty&Fashion,MAPPED,,Fashion and accessories arts and crafts entertainment and music business and finance
18,Bianca Dragusanu @biancadragusanu18,1200000.0,0.24,رومانيا,الأزياء والإكسسوارات الأعمال والتمويل Television,359500.0,instagram,romania,False,2024,Beauty&Fashion,MAPPED,,Fashion & Accessories Business & Finance Television
19,𝟰𝟰𝟰 @oltean_vld,1100000.0,2.07,رومانيا,تعليم تحسين المهارات تمثيل مشاهير,331800.0,instagram,romania,False,2024,Entertainment,MAPPED,,Teaching to improve the skills of acting celebrities
20,Cristina Ciobanasu @cristinaciobanasu_oficial,1100000.0,0.74,رومانيا,التمثيل والدراما موسيقى مشهور ممثلين,318800.0,instagram,romania,False,2024,Music,MAPPED,,"Acting, drama, music, famous actors"
21,ANAMARIA PRODAN @anamariaprodanreghecampf,1000000.0,0.15,رومانيا,أمهات,304500.0,instagram,romania,False,2024,UNMAPPED,UNMAPPED,,Mothers
22,ОЛЕКСАНДР ЗАЛІСКО @o_zalisko,1000000.0,1.84,رومانيا,,300300.0,instagram,romania,False,2024,,,,
23,Culiță Sterp @culita.sterp,991800.0,1.65,رومانيا,الترفيه والموسيقى الأزياء والإكسسوارات موسيقى,297500.0,instagram,romania,False,2024,Beauty&Fashion,MAPPED,,Entertainment & Music Fashion & Accessories Music
24,ALINA TISHA @alinaceusan,979200.0,0.59,رومانيا,الأزياء والإكسسوارات تربية الأطفال تمثيل,293800.0,instagram,romania,False,2024,Beauty&Fashion,MAPPED,,Costumes and accessories raising children representation
25,Elena Andrei @sasha_elena_real,955100.0,16.73,رومانيا,الترفيه والموسيقى,286500.0,instagram,romania,False,2024,Music,MAPPED,,Entertainment and music
26,Drei @dreiros,923300.0,0.85,رومانيا,الترفيه والموسيقى موسيقى منتجون ترفيه,277000.0,instagram,romania,False,2024,Music,MAPPED,,Entertainment & Music Music Entertainment Producers
27,Cristina Ich @christina_ich,920400.0,1.16,رومانيا,تعليم تحسين المهارات نمط الحياة,276100.0,instagram,romania,False,2024,Lifestyle,MAPPED,,Teaching improving lifestyle skills
28,SORÉ @soreonline,903200.0,0.3,رومانيا,الفنون والحرف اليدوية الأزياء والإكسسوارات موسيقى تمثيل,271000.0,instagram,romania,False,2024,Beauty&Fashion,MAPPED,,Arts & Crafts Fashion & Accessories Music Acting
29,Aqua Swim @aquaswimromania,897300.0,,رومانيا,اللياقة البدنية والصحة,269200.0,instagram,romania,False,2024,Sports,MAPPED,,Fitness and health
30,Chef Sorin Bontea @chef.sorinbontea.official,892300.0,0.77,رومانيا,طعام,267700.0,instagram,romania,False,2024,Lifestyle,MAPPED,,food
31,Alex Velea @iamvelea,891800.0,1.64,رومانيا,فن ممثلين,267500.0,instagram,romania,False,2024,Entertainment,MAPPED,,Art of actors
32,Simona Păun | Pilot @pilot_simona,865700.0,0.63,رومانيا,تعليم تحسين المهارات,259700.0,instagram,romania,False,2024,Knowledge&Info,MAPPED,,Skills improvement education
33,Mihai Morar @mihaimorar,840300.0,0.88,رومانيا,الترفيه والموسيقى,252100.0,instagram,romania,False,2024,Music,MAPPED,,Entertainment and music
34,Irina Rimes 🇷🇴🇫🇷 @irinarimes,836400.0,1.62,رومانيا,فن موسيقى فنان,250900.0,instagram,romania,False,2024,Music,MAPPED,,Art music artist
35,Patricia Druţă @patricia_druta,818500.0,2.05,رومانيا,,245500.0,instagram,romania,False,2024,,,,
36,Catalin Maruta @catalin_maruta,801600.0,2.07,رومانيا,تعليم تحسين المهارات,240500.0,instagram,romania,False,2024,Knowledge&Info,MAPPED,,Skills improvement education
37,ADDA @addabaladda,788200.0,0.92,رومانيا,تعليم أمهات,236500.0,instagram,romania,False,2024,UNMAPPED,UNMAPPED,,Educating mothers
38,Oana Radu @eusuntoanaradu,785200.0,0.11,رومانيا,الفنون والحرف اليدوية الترفيه والموسيقى ممثلين,235600.0,instagram,romania,False,2024,Music,MAPPED,,Arts and crafts entertainment and music actors
39,Romania @romania,783500.0,0.43,رومانيا,سفر,235000.0,instagram,romania,False,2024,Lifestyle,MAPPED,,travel
40,CRISTIAN MUNTEANU @mntchristian,778400.0,2.6,رومانيا,فن,233500.0,instagram,romania,False,2024,Lifestyle,MAPPED,,Art
41,lauracosoi @lauracosoi,762500.0,0.29,رومانيا,التمثيل والدراما طعام مشهور أمهات,228700.0,instagram,romania,False,2024,Entertainment,MAPPED,,Acting and drama are famous food moms
42,🐝 Bianca Vanessa 🦋 @biancaandreescu_,733700.0,3.8,رومانيا,رياضة مغني موسيقى,220100.0,instagram,romania,False,2024,Sports,MAPPED,,Sports singer music
43,iulia bochis @iuliastration,724200.0,5.14,رومانيا,الفنون والحرف اليدوية,217300.0,instagram,romania,False,2024,Lifestyle,MAPPED,,Arts and crafts
44,⚜️Daniela Crudu⚜️ @daniela_crudu_official,718700.0,1.26,رومانيا,,215600.0,instagram,romania,False,2024,,,,
45,Liviu Teodorescu @liviuteodorescu,716900.0,0.36,رومانيا,الترفيه والموسيقى Musicians موسيقى,215100.0,instagram,romania,False,2024,Music,MAPPED,,Entertainment and Music Musicians Music
46,Bogdan De La Ploiesti @bogdandelaploiesti,715700.0,2.95,رومانيا,الترفيه والموسيقى,214700.0,instagram,romania,False,2024,Music,MAPPED,,Entertainment and music
47,𝐕𝐥𝐚𝐝 𝐆𝐡𝐞𝐫𝐦𝐚𝐧 @vladgherman_oficial,701900.0,0.88,رومانيا,التمثيل والدراما الترفيه والموسيقى مشهور,210600.0,instagram,romania,False,2024,Music,MAPPED,,"Famous for his acting, drama, entertainment and music"
48,Vlăduța Lupău @vladutalupau,701500.0,1.46,رومانيا,الترفيه والموسيقى التسويق والإعلان,210400.0,instagram,romania,False,2024,Knowledge&Info,MAPPED,,"Entertainment, music, marketing and advertising"
49,CARMEN GREBENISAN @grebenisancarmen,688500.0,0.61,رومانيا,الأزياء والإكسسوارات نمط الحياة,206600.0,instagram,romania,False,2024,Beauty&Fashion,MAPPED,,Fashion and lifestyle accessories
50,Andreea Ioana @andreeaesca,675600.0,0.94,رومانيا,الترفيه والموسيقى ممثلين,202700.0,instagram,romania,False,2024,Music,MAPPED,,Entertainment and music actors
51,🦄Ana Beregoi🦄 @anaberegoiofficial__,675600.0,2.25,رومانيا,الترفيه والموسيقى رقص مخرج رقص,202700.0,instagram,romania,False,2024,Music,MAPPED,,"Entertainment, music, dance, dance director"
52,ABI @1babyabi1,662500.0,30.09,رومانيا,فن,198700.0,instagram,romania,False,2024,Lifestyle,MAPPED,,Art
53,Salvo Lo Castro @realchefsalvolocastro,658400.0,0.21,رومانيا,الطعام والشراب Television طعام,197500.0,instagram,romania,False,2024,Entertainment,MAPPED,,Food and Drink Television Food
54,doinitaoancea @doinitaoancea,632800.0,0.54,رومانيا,الترفيه والموسيقى تحسين المهارات مشهور,189900.0,instagram,romania,False,2024,Music,MAPPED,,"Entertainment, music, skill improvement, popular"
55,Mirela Vaida @mirelavaida,632200.0,0.42,رومانيا,الترفيه والموسيقى الأسرة الطعام والشراب,189700.0,instagram,romania,False,2024,Music,MAPPED,,"Entertainment, music, family, food and drink"
56,dani otil @daniotil,624400.0,1.01,رومانيا,السيارات,187300.0,instagram,romania,False,2024,Tech&Gaming,MAPPED,,Cars
57,Jesse Al Hamdaniجاسم الحمداني @jalhamdani,618200.0,0.02,رومانيا,تمويل مشهور كرة قدم مشاهير,185400.0,instagram,romania,False,2024,Sports,MAPPED,,Celebrity Finance Celebrity Football
58,LOREDANA @loredanagroza,613600.0,0.29,رومانيا,الفنون والحرف اليدوية موسيقى مغني تمثيل,184100.0,instagram,romania,False,2024,Music,MAPPED,,Arts and crafts music singer acting
59,Danna Alquati 🐁 @magicaldemon,611400.0,6.55,رومانيا,الترفيه والموسيقى الفنون والحرف اليدوية ممثلين تمثيل,183400.0,instagram,romania,False,2024,Music,MAPPED,,"Entertainment, music, arts and crafts, actors, acting"
60,zbir @andreizbir,600000.0,2.26,رومانيا,تعليم تحسين المهارات,180000.0,instagram,romania,False,2024,Knowledge&Info,MAPPED,,Skills improvement education
61,Florin Dumitrescu @chefflorindumitrescu,591600.0,1.5,رومانيا,طعام,177500.0,instagram,romania,False,2024,Lifestyle,MAPPED,,food
62,Ema Uta @emauta,589200.0,3.51,رومانيا,فن جمال,176800.0,instagram,romania,False,2024,Beauty&Fashion,MAPPED,,Beauty art
63,Theo Zeciu @theozeciu,586100.0,5.62,رومانيا,فن,175800.0,instagram,romania,False,2024,Lifestyle,MAPPED,,Art
64,Andreea Ibacka @andreeaibacka,585300.0,0.82,رومانيا,التمثيل والدراما الأسرة تعليم مشهور,175600.0,instagram,romania,False,2024,Knowledge&Info,MAPPED,,Acting and drama family education is famous
65,George Ciupilan @georgeciupilan,571500.0,11.6,رومانيا,,171500.0,instagram,romania,False,2024,,,,
66,Almășan Cristina @cristinalmasan,568700.0,0.21,رومانيا,التمثيل والدراما مشهور,170600.0,instagram,romania,False,2024,Entertainment,MAPPED,,Famous for his acting and drama
67,Simona Mihaela Fatu @mihiela_simona,562900.0,0.72,رومانيا,الأعمال والتمويل,168900.0,instagram,romania,False,2024,Knowledge&Info,MAPPED,,Business and finance
68,Teo Trandafir | TV HOST @teotrandafir,552100.0,0.52,رومانيا,الترفيه والموسيقى,165600.0,instagram,romania,False,2024,Music,MAPPED,,Entertainment and music
69,OANA ZAVORANU OFFICIAL @oana.zavoranu,551700.0,1.1,رومانيا,,165500.0,instagram,romania,False,2024,,,,
70,Andreea Marin @andreeamarinromania,550900.0,0.4,رومانيا,الترفيه والموسيقى,165300.0,instagram,romania,False,2024,Music,MAPPED,,Entertainment and music
71,MADALIN @madalinserbann,538500.0,0.71,رومانيا,السيارات والمركبات,161600.0,instagram,romania,False,2024,Tech&Gaming,MAPPED,,Cars and vehicles
72,Mihaela Schwartzenberg @mihaelaradulescuschwartzenberg,537500.0,0.42,رومانيا,أزياء,161300.0,instagram,romania,False,2024,Beauty&Fashion,MAPPED,,Fashion
73,cezara @cezaracristescu,537100.0,1.08,رومانيا,الأزياء والإكسسوارات التمثيل والدراما مشهور ممثلين,161100.0,instagram,romania,False,2024,Beauty&Fashion,MAPPED,,Fashion & Accessories Acting & Drama Famous Actors
74,MARISA PALOMA @marisa.paloma,534100.0,0.44,رومانيا,الجمال والعناية الذاتية الأعمال والتمويل تمثيل مشاهير,160200.0,instagram,romania,False,2024,Beauty&Fashion,MAPPED,,Beauty & Self Care Business & Finance Celebrity Acting
75,RUXI @rux.si.opulenta,532000.0,1.04,رومانيا,مشهور,159600.0,instagram,romania,False,2024,UNMAPPED,UNMAPPED,,famous
76,ElenaIonescu @elenaionescumusic,529600.0,0.86,رومانيا,الترفيه والموسيقى مغني موسيقى تأليف الأغاني,158900.0,instagram,romania,False,2024,Music,MAPPED,,Entertainment Music Singer Songwriting Music
77,PavelBartos @pavelbartos,513200.00000000006,0.54,رومانيا,الترفيه والموسيقى مشهور ممثلين,154000.0,instagram,romania,False,2024,Music,MAPPED,,Entertainment and music famous actors
78,Radu Constantin @radu.co,508400.0,0.72,رومانيا,التمثيل والدراما تعليم مشهور التسويق والإعلان,152500.0,instagram,romania,False,2024,Knowledge&Info,MAPPED,,"Acting and Drama, Famous Education, Marketing and Advertising"
79,Bianca Maria Comănici @comanicibianca,503600.0,1.08,رومانيا,الترفيه والموسيقى رومانسية وزفاف,151100.0,instagram,romania,False,2024,Beauty&Fashion,MAPPED,,"Entertainment, romantic and wedding music"
80,Flavia Mihasan @flavia_mihasan,502000.0,0.24,رومانيا,الأسرة تمثيل,150600.0,instagram,romania,False,2024,Lifestyle,MAPPED,,Family representation
81,MARILU @mariludobrescu,500000.0,1.91,رومانيا,مضحك تعليم ممثلين نمط الحياة,150000.0,instagram,romania,False,2024,Entertainment,MAPPED,,Funny teaching actors lifestyle
82,Cosmin Nedelcu @micutzustandup,496600.0,0.45,رومانيا,الترفيه والموسيقى مضحك التسويق والإعلان ممثلين,149000.0,instagram,romania,False,2024,Knowledge&Info,MAPPED,,"Entertainment, Funny Music, Marketing and Advertising Representatives"
83,SMARANDA STIRBU @smarandastirbu,489300.0,2.6,رومانيا,,146800.0,instagram,romania,False,2024,,,,
84,Corina Caragea @corinacaragea,485300.0,1.16,رومانيا,صحافيين,145600.0,instagram,romania,False,2024,Knowledge&Info,MAPPED,,Journalists
85,Victor Slav @slavvictor,476400.0,0.22,رومانيا,جمال,142900.0,instagram,romania,False,2024,Beauty&Fashion,MAPPED,,beauty
86,Anna Lesko Official @anna_lesko,466500.0,0.36,رومانيا,الترفيه والموسيقى طعام موسيقى تمثيل,140000.0,instagram,romania,False,2024,Music,MAPPED,,"Entertainment, music, food, music, acting"
87,Anca Sina Serea @anca_sina_serea,465600.0,0.39,رومانيا,أخبار,139700.0,instagram,romania,False,2024,Knowledge&Info,MAPPED,,news
88,Raluca Munte @munteraluca,445700.0,0.41,رومانيا,الأزياء والإكسسوارات عرض المنتج,133700.0,instagram,romania,False,2024,Beauty&Fashion,MAPPED,,Fashion accessories product display
89,𝐆𝐢𝐮𝐥𝐢𝐚 𝐀𝐧𝐠𝐡𝐞𝐥𝐞𝐬𝐜𝐮 @mygiulia,442700.0,0.73,رومانيا,الأزياء والإكسسوارات تربية الأطفال أمهات فنان,132800.0,instagram,romania,False,2024,Beauty&Fashion,MAPPED,,Fashion accessories parenting mothers artist
90,Alex Alvarez @alexalvarezab,438000.0,0.31,رومانيا,فن موسيقى,131400.0,instagram,romania,False,2024,Music,MAPPED,,Art music
91,Florin Ristei @fristei,427400.0,0.25,رومانيا,الترفيه والموسيقى مضحك موسيقى,128200.0,instagram,romania,False,2024,Music,MAPPED,,Entertainment music funny music
92,Roxana Vancea @roxanavancea,410600.0,0.54,رومانيا,الأسرة تدريب تدريب,123200.0,instagram,romania,False,2024,Lifestyle,MAPPED,,Family training training
93,Andreea Berecleanu @andreeaberecleanu,407800.0,0.4,رومانيا,أخبار,122300.0,instagram,romania,False,2024,Knowledge&Info,MAPPED,,news
94,Roxana Buzoiu @buzoiuroxanaofficial,404600.0,0.98,رومانيا,الترفيه والموسيقى الأزياء والإكسسوارات,121400.0,instagram,romania,False,2024,Beauty&Fashion,MAPPED,,"Entertainment, music, fashion and accessories"
95,Ana Maria Barnoschi @ambarnoschi,402300.0,0.65,رومانيا,الترفيه والموسيقى التمثيل والدراما الأزياء والإكسسوارات مشهور,120700.0,instagram,romania,False,2024,Beauty&Fashion,MAPPED,,"Entertainment, Music, Acting, Drama, Fashion and Accessories Famous"
96,JOY 🌻 @jo.ioanaa,399200.0,2.62,رومانيا,فن الترفيه والموسيقى موسيقى تمثيل,119800.0,instagram,romania,False,2024,Music,MAPPED,,"Entertainment art, music, music, acting"
97,Maria Pălăria @mariapalaria,387500.0,8.12,رومانيا,الأزياء والإكسسوارات الفنون والحرف اليدوية عرض المنتج,116300.0,instagram,romania,False,2024,Beauty&Fashion,MAPPED,,Fashion accessories arts and crafts product display
98,Codin Maticiuc @maticiuc_codin,378500.0,1.03,رومانيا,الترفيه والموسيقى,113600.0,instagram,romania,False,2024,Music,MAPPED,,Entertainment and music
99,Raluca Badulescu @raluca.badulescu,373900.0,0.6,رومانيا,تمثيل,112200.0,instagram,romania,False,2024,Entertainment,MAPPED,,acting
100,MaxINFINITE @maxinfiniteofficial,372400.0,0.9,رومانيا,الترفيه والموسيقى الألعاب ألعاب فيديو,111700.0,instagram,romania,False,2024,Tech&Gaming,MAPPED,,"Entertainment, music, gaming, video games"
1,Хабиб Нурмагомедов @khabib_nurmagomedov,36600000.0,0.94,Russia,Mixed martial arts Sports,11000000.0,instagram,russia,False,2024,Sports,MAPPED,,
2,ГУСЕЙН ГАСАНОВ @gusein.gasanov,28100000.0,1.91,Russia,Music Video Blogger,8400000.0,instagram,russia,False,2024,Music,MAPPED,,
3,Olga Buzova @buzova86,24100000.0,0.31,Russia,Entertainment and Music Music Celebrity TV Host,7200000.0,instagram,russia,False,2024,Music,MAPPED,,
4,irina shayk @irinashayk,23400000.0,1.31,Russia,Fashion and Accessories Modeling Public Figure,7000000.0,instagram,russia,False,2024,Beauty&Fashion,MAPPED,,
5,Ксения Бородина @borodylia,21100000.0,0.45,Russia,Celebrity TV Host,6300000.0,instagram,russia,False,2024,Entertainment,MAPPED,,
6,Anton Tregubov @caviarmagnat,18400000.0,3.41,Russia,Finance Product Education,5500000.0,instagram,russia,False,2024,Knowledge&Info,MAPPED,,
7,НАСТЯ ИВЛЕЕВА @_agentgirl_,18100000.0,1.23,Russia,Entertainment and Music Fashion and Accessories Home and Garden TV Host,5400000.0,instagram,russia,False,2024,Beauty&Fashion,MAPPED,,
8,Андрей Золотов 🚀 SMM | PR | Блогер Москва Дубай @zolotov.producer,18000000.0,0.36,Russia,Celebrity Entertainment and Music,5400000.0,instagram,russia,False,2024,Music,MAPPED,,
9,Samoylova Oxana @samoylovaoxana,15800000.0,3.96,Russia,Beauty and Self Care Lifestyle Moms,4700000.0,instagram,russia,False,2024,Beauty&Fashion,MAPPED,,
10,Павел Воля | Pavel Volya @pavelvolyaofficial,15300000.0,0.17,Russia,Entertainment and Music Fashion and Accessories Celebrity Comedy,4600000.0,instagram,russia,False,2024,Beauty&Fashion,MAPPED,,
11,Михаил Литвин @mikhail_litvin,14800000.0,4.74,Russia,Video Blogger,4400000.0,instagram,russia,False,2024,UNMAPPED,UNMAPPED,,
12,Егор Крид @egorkreed,14600000.0,0.98,Russia,Entertainment and Music Music Singer,4400000.0,instagram,russia,False,2024,Music,MAPPED,,
13,Михаил Галустян Galustyan @m_galustyan,14600000.0,0.12,Russia,Entertainment and Music Celebrity Humor,4400000.0,instagram,russia,False,2024,Music,MAPPED,,
14,Настасья СамбурскАя @samburskaya,12300000.0,0.4,Russia,Entertainment and Music Acting and Drama Celebrity Actors,3700000.0,instagram,russia,False,2024,Music,MAPPED,,
15,Goar Avetisyan @goar_avetisyan,12000000.0,2.57,Russia,Beauty Art,3600000.0,instagram,russia,False,2024,Beauty&Fashion,MAPPED,,
16,Иван Ургант @urgantcom,11900000.0,1.08,Russia,Entertainment and Music TV Host Actors,3600000.0,instagram,russia,False,2024,Music,MAPPED,,
17,Александр Ревва @arthurpirozhkov,11200000.0,0.57,Russia,Acting and Drama Entertainment and Music Celebrity Music,3400000.0,instagram,russia,False,2024,Music,MAPPED,,
18,VICTORIA BONYA @victoriabonya,10900000.0,0.09,Russia,Beauty and Self Care Fashion and Accessories Celebrities,3300000.0,instagram,russia,False,2024,Beauty&Fashion,MAPPED,,
19,Карина Лазарьянц @karinakross,10600000.0,1.83,Russia,Entertainment and Music Music TV Host Fashion Design,3200000.0,instagram,russia,False,2024,Beauty&Fashion,MAPPED,,
20,Валерия Чекалина @ler_chek,10400000.0,2.89,Russia,Beauty and Self Care family Lifestyle Celebrities,3100000.0,instagram,russia,False,2024,Beauty&Fashion,MAPPED,,
21,Елена Сажина @helen_yes1,10300000.0,0.67,Russia,family Romance and Wedding Automotive Moms,3100000.0,instagram,russia,False,2024,Beauty&Fashion,MAPPED,,
22,Kate Clapp / Катя Клэп @kateclapp,10200000.0,0.8,Russia,Entertainment and Music Funny Video Blogger,3100000.0,instagram,russia,False,2024,Music,MAPPED,,
23,Анна Хилькевич @annakhilkevich,10000000.0,0.4,Russia,Acting and Drama Actors,3000000.0,instagram,russia,False,2024,Entertainment,MAPPED,,
24,Ксения Собчак @xenia_sobchak,9600000.0,0.17,Russia,Art Politics Celebrities,2900000.0,instagram,russia,False,2024,Knowledge&Info,MAPPED,,
25,Дмитрий Нагиев @nagiev.universal,9500000.0,3.29,Russia,Actors,2800000.0,instagram,russia,False,2024,Entertainment,MAPPED,,
26,Гарик Харламов @garikkharlamov,9300000.0,0.11,Russia,Entertainment and Music Humor,2800000.0,instagram,russia,False,2024,Music,MAPPED,,
27,Максим Галкин @maxgalkinru,9200000.0,0.97,Russia,Entertainment and Music TV Host,2800000.0,instagram,russia,False,2024,Music,MAPPED,,
28,Polina Gagarina 🇷🇺 @gagara1987,9000000.0,0.2,Russia,Singer Music,2700000.0,instagram,russia,False,2024,Music,MAPPED,,
29,КЛАВА КОКА | Black Star @klavacoca,8199999.999999999,1.22,Russia,Entertainment and Music Music,2500000.0,instagram,russia,False,2024,Music,MAPPED,,
30,Vladimir Morozov @websecure,8100000.0,1.68,Russia,Business and Finance Finance Luxury Business,2400000.0,instagram,russia,False,2024,Beauty&Fashion,MAPPED,,
31,НАСТЯ ИВЛЕЕВА @nastyaivleeva,7800000.0,0.85,Russia,Entertainment and Music Funny,2300000.0,instagram,russia,False,2024,Music,MAPPED,,
32,КАТЯ ВАРНАВА @kativarnava,7600000.0,0.1,Russia,Fitness and Health Celebrity Actors Celebrities,2300000.0,instagram,russia,False,2024,Sports,MAPPED,,
33,POKROV🥑 @pokrov90,7300000.0,0.86,Russia,Food Modeling,2200000.0,instagram,russia,False,2024,Beauty&Fashion,MAPPED,,
34,Влад Бумага @a4omg,7200000.0,1.22,Russia,Entertainment and Music Styling Modeling,2200000.0,instagram,russia,False,2024,Beauty&Fashion,MAPPED,,
35,Смешные видео @golos,6800000.0,,Russia,,2000000.0,instagram,russia,False,2024,,,,
36,Islam_Makhachev @islam_makhachev,6600000.0,3.82,Russia,Mixed martial arts,2000000.0,instagram,russia,False,2024,Lifestyle,MAPPED,,
37,Ekaterina Gorodnicheva @katyagorod,6200000.0,0.16,Russia,Travel Education Computers,1900000.0,instagram,russia,False,2024,Knowledge&Info,MAPPED,,
38,Katrin Klimova @katrinka_family,6200000.0,0.61,Russia,Home and Garden DIY and Life Hacks Lifestyle,1900000.0,instagram,russia,False,2024,Lifestyle,MAPPED,,
39,Yana Rudkovskaya @rudkovskayaofficial,6100000.0,0.12,Russia,,1800000.0,instagram,russia,False,2024,,,,
40,Зуев - Грейсман Владимир Психолог @zuevmotivator,6100000.0,0.08,Russia,Fitness and Health Finance,1800000.0,instagram,russia,False,2024,Sports,MAPPED,,
41,Николай Басков @nikolaibaskov,6000000.0,0.53,Russia,Entertainment and Music Actors Singer Music,1800000.0,instagram,russia,False,2024,Music,MAPPED,,
42,Брайн Мапс (Макс Тарасенко) @brianmaps,5900000.0,5.69,Russia,Music Entertainment Singer Humor,1800000.0,instagram,russia,False,2024,Music,MAPPED,,
43,Alena Shishkova @missalena.92,5800000.0,0.38,Russia,Modeling,1800000.0,instagram,russia,False,2024,Beauty&Fashion,MAPPED,,
44,АНАСТАСИЯ АНИСИМОВА✨ ДЕНЕЖНАЯ ФЕЯ 🧚🏻Крипто инвестор @formagiclife,5700000.0,0.68,Russia,Arts and Crafts,1700000.0,instagram,russia,False,2024,Lifestyle,MAPPED,,
45,"Бабич, БабиТч или Бубич?😂 @ba.bitch_",5700000.0,3.49,Russia,Music,1700000.0,instagram,russia,False,2024,Music,MAPPED,,
46,ANASTASIIA SOZONIK @nastyasozonik,5500000.0,0.32,Russia,Arts and Crafts Entertainment and Music Automotive Blogger,1700000.0,instagram,russia,False,2024,Tech&Gaming,MAPPED,,
47,Lera Kudryavtseva @leratv,5500000.0,0.18,Russia,Entertainment and Music Acting and Drama Celebrity Celebrities,1700000.0,instagram,russia,False,2024,Music,MAPPED,,
48,Маша Вэй | Maria Way @maria__way,5500000.0,0.25,Russia,Fashion Pets Modeling Celebrities,1700000.0,instagram,russia,False,2024,Beauty&Fashion,MAPPED,,
49,ANNA SEDOKOVA @annasedokova,5500000.0,0.4,Russia,Entertainment and Music Music Singer Celebrities,1600000.0,instagram,russia,False,2024,Music,MAPPED,,
50,◽️ERSHOV🤘🏻🎸 @ershovich,5400000.0,0.33,Russia,Fitness and Health,1600000.0,instagram,russia,False,2024,Sports,MAPPED,,
51,Филипп Киркоров @fkirkorov,5400000.0,1.26,Russia,Entertainment and Music Music Producers Singer,1600000.0,instagram,russia,False,2024,Music,MAPPED,,
52,Omarov Kurban @zimamoscow,5400000.0,0.3,Russia,Product Showcase Automotive Entrepreneur,1600000.0,instagram,russia,False,2024,Beauty&Fashion,MAPPED,,
53,Ляйсан Утяшева @liasanutiasheva,5400000.0,0.26,Russia,Entertainment and Music,1600000.0,instagram,russia,False,2024,Music,MAPPED,,
54,SASHA SPILBERG @sashaspilberg,5300000.0,0.34,Russia,Entertainment and Music Fashion and Accessories Beauty and Self Care Video Blogger,1600000.0,instagram,russia,False,2024,Beauty&Fashion,MAPPED,,
55,Джиган Денис @iamgeegun,5200000.0,1.25,Russia,Entertainment and Music Singer Music,1600000.0,instagram,russia,False,2024,Music,MAPPED,,
56,Тамаев Асхаб @tamaaev,5100000.0,6.35,Russia,Fitness,1500000.0,instagram,russia,False,2024,Sports,MAPPED,,
57,VIKI ODINTCOVA @viki_odintcova,5100000.0,0.6,Russia,Beauty and Self Care Modeling,1500000.0,instagram,russia,False,2024,Beauty&Fashion,MAPPED,,
58,Elena Temnikova ・ Темникова @lenatemnikovaofficial,5000000.0,0.33,Russia,Entertainment and Music Singer Celebrities,1500000.0,instagram,russia,False,2024,Music,MAPPED,,
59,Anastasiia Tarasova @nastya_docs,5000000.0,0.86,Russia,Finance Product,1500000.0,instagram,russia,False,2024,Knowledge&Info,MAPPED,,
60,NYUSHA @nyusha_nyusha,5000000.0,0.31,Russia,Entertainment and Music Music Songwriting,1500000.0,instagram,russia,False,2024,Music,MAPPED,,
61,@shnurovs,5000000.0,1.8,Russia,Entertainment and Music Celebrity Singer,1500000.0,instagram,russia,False,2024,Music,MAPPED,,
62,Екатерина Бибишева @katya_vagimagia,5000000.0,0.2,Russia,Education,1500000.0,instagram,russia,False,2024,Knowledge&Info,MAPPED,,
63,МОТ @mmott23,4900000.0,0.42,Russia,Entertainment and Music Music Singer,1500000.0,instagram,russia,False,2024,Music,MAPPED,,
64,Юрий Дудь @yurydud,4800000.0,1.79,Russia,Entertainment and Music Funny Video Blogger Journalists,1500000.0,instagram,russia,False,2024,Knowledge&Info,MAPPED,,
65,Sergey Lazarev @lazarevsergey,4800000.0,0.86,Russia,Fashion Singer,1400000.0,instagram,russia,False,2024,Beauty&Fashion,MAPPED,,
66,DREAM TEAM HOUSE @dream_team_house,4800000.0,0.32,Russia,Entertainment and Music Music,1400000.0,instagram,russia,False,2024,Music,MAPPED,,
67,Рифмы и Панчи 🖤 @rhymehit,4700000.0,0.12,Russia,,1400000.0,instagram,russia,False,2024,,,,
68,Maria Sharapova @mariasharapova,4700000.0,1.08,Russia,Sports Tennis,1400000.0,instagram,russia,False,2024,Sports,MAPPED,,
69,Эрик Давидович @eric_davidich,4500000.0,0.99,Russia,Entertainment and Music Funny Automotive Modeling,1400000.0,instagram,russia,False,2024,Beauty&Fashion,MAPPED,,
70,Наташа Рудова @rudovanata,4500000.0,0.53,Russia,Acting and Drama Celebrity Actors,1300000.0,instagram,russia,False,2024,Entertainment,MAPPED,,
71,Ирина Дружинина @mrs.druzhinina,4500000.0,2.4,Russia,family Education Moms,1300000.0,instagram,russia,False,2024,Knowledge&Info,MAPPED,,
72,Musicas Eternas @musicas.eternas,4400000.0,0.46,Russia,,1300000.0,instagram,russia,False,2024,,,,
73,ARTEM KALAIDZHIAN (SERGO) @sergo_artemka,4400000.0,3.36,Russia,Arts and Crafts Actors,1300000.0,instagram,russia,False,2024,Entertainment,MAPPED,,
74,Натали Лялина Москва @lyalinanatalie,4300000.0,1.48,Russia,family Lifestyle,1300000.0,instagram,russia,False,2024,Lifestyle,MAPPED,,
75,Елена Беркова @berkova,4300000.0,1.54,Russia,Entertainment and Music Romance and Wedding TV Host,1300000.0,instagram,russia,False,2024,Beauty&Fashion,MAPPED,,
76,ЭЛДЖЕЙ @sayonaraboy,4200000.0,1.66,Russia,Entertainment and Music Music,1300000.0,instagram,russia,False,2024,Music,MAPPED,,
77,Reshetova A 🌙 @volkonskaya.reshetova,4200000.0,1.08,Russia,Fashion and Accessories Product Showcase Business and Finance Modeling,1300000.0,instagram,russia,False,2024,Beauty&Fashion,MAPPED,,
78,Михаил Лабковский | психолог с 40-летним стажем @labkovskiyofficial,4200000.0,0.51,Russia,Fashion,1200000.0,instagram,russia,False,2024,Beauty&Fashion,MAPPED,,
79,Саша Митрошина. Она же Матерь Бложья @alexandramitroshina,4100000.0,0.91,Russia,Fashion and Accessories Automotive Video Blogger,1200000.0,instagram,russia,False,2024,Beauty&Fashion,MAPPED,,
80,Yelena Kryukova @hristafarida,4100000.0,0.01,Russia,Education Finance Gym Modeling,1200000.0,instagram,russia,False,2024,Sports,MAPPED,,
81,Natalia Vodianova @natasupernova,4000000.0,1.06,Russia,Fashion and Accessories Entertainment and Music Modeling,1200000.0,instagram,russia,False,2024,Beauty&Fashion,MAPPED,,
82,Helga Lovekaty @helga_model,4000000.0,1.84,Russia,Fitness and Health Fashion and Accessories Celebrity Modeling,1200000.0,instagram,russia,False,2024,Sports,MAPPED,,
83,@anivar77,4000000.0,1.5,Russia,Entertainment and Music Singer Music Songwriting,1200000.0,instagram,russia,False,2024,Music,MAPPED,,
84,Алена Венум @alana_venum,4000000.0,1.28,Russia,Beauty and Self Care Fashion and Accessories Lifestyle,1200000.0,instagram,russia,False,2024,Beauty&Fashion,MAPPED,,
85,IRINA BAEVA @irinabaeva,3900000.0,0.24,Russia,Beauty and Self Care Celebrity Actors,1200000.0,instagram,russia,False,2024,Beauty&Fashion,MAPPED,,
86,Zubaira Tukhugov @zubairatukhugov,3900000.0,0.7,Russia,Sports Mixed martial arts,1200000.0,instagram,russia,False,2024,Sports,MAPPED,,
87,Лолита Милявская @lolitamilyavskaya,3900000.0,0.53,Russia,Animation and Cosplay Music Singer,1200000.0,instagram,russia,False,2024,Tech&Gaming,MAPPED,,
88,Алина Акилова @alina_akilova,3800000.0,1.32,Russia,News Modeling Celebrities,1200000.0,instagram,russia,False,2024,Beauty&Fashion,MAPPED,,
89,Вечерний Ургант @vecherniy_urgant,3800000.0,0.4,Russia,TV Shows,1100000.0,instagram,russia,False,2024,Entertainment,MAPPED,,
90,Куки @slivki_kuki,3800000.0,0.3,Russia,DIY and Life Hacks Modeling,1100000.0,instagram,russia,False,2024,Beauty&Fashion,MAPPED,,
91,Dima Bilan @bilanofficial,3700000.0,0.45,Russia,Entertainment and Music Music Actors,1100000.0,instagram,russia,False,2024,Music,MAPPED,,
92,Mari Melnikova @maryme.23,3700000.0,1.54,Russia,Fashion and Accessories Modeling,1100000.0,instagram,russia,False,2024,Beauty&Fashion,MAPPED,,
93,Дима Гордей @dimagordey,3700000.0,0.9,Russia,Entertainment and Music Careers TV Host,1100000.0,instagram,russia,False,2024,Music,MAPPED,,
94,VALERIYA @valeriya,3700000.0,0.21,Russia,Entertainment and Music Music Singer Bands Musicians,1100000.0,instagram,russia,False,2024,Music,MAPPED,,
95,Ольга Серябкина @seryabkina,3600000.0,0.43,Russia,Entertainment and Music Band Music Singer,1100000.0,instagram,russia,False,2024,Music,MAPPED,,
96,Дмитрий Солдатов @dmitry_soldatov_ru,3600000.0,,Russia,Fashion Gym Modeling,1100000.0,instagram,russia,False,2024,Sports,MAPPED,,
97,SLAVA @nastya_slava,3500000.0,0.73,Russia,Entertainment and Music Music Singer,1100000.0,instagram,russia,False,2024,Music,MAPPED,,
98,T-killah @t_killah,3500000.0,0.41,Russia,Entertainment and Music Celebrity Music Modeling,1000000.0,instagram,russia,False,2024,Beauty&Fashion,MAPPED,,
99,Сергей Безруков @s_bezrukov,3500000.0,0.47,Russia,Acting and Drama Arts and Crafts Modeling,1000000.0,instagram,russia,False,2024,Beauty&Fashion,MAPPED,,
100,Anita Tsoy - Анита Цой @anitatsoy,3500000.0,1.13,Russia,Entertainment and Music Singer Celebrities,1000000.0,instagram,russia,False,2024,Music,MAPPED,,
1,نادي النصر السعودي @alnassr,24300000.0,0.55,Saudi Arabia,,7300000.0,instagram,saudi-arabia,False,2024,,,,
2,TURKI ALALSHIKH تركي آل الشيخ @turkialalshik,17900000.0,3.08,Saudi Arabia,Celebrity Gym Modeling,5400000.0,instagram,saudi-arabia,False,2024,Sports,MAPPED,,
3,أحمد الشقيري @ahmadalshugairi,17600000.0,0.41,Saudi Arabia,Education TV Host,5300000.0,instagram,saudi-arabia,False,2024,Knowledge&Info,MAPPED,,
4,أخبار السعودية @saudinews50,13900000.0,0.1,Saudi Arabia,Education Life and Society News News & Politics,4200000.0,instagram,saudi-arabia,False,2024,Knowledge&Info,MAPPED,,
5,ميتو الشامسي | Mohammed Shamsi @imeeto,8700000.0,1.88,Saudi Arabia,Entertainment and Music Funny Celebrity Game,2600000.0,instagram,saudi-arabia,False,2024,Music,MAPPED,,
6,Fifi Abdou @fifiabdouofficial,8500000.0,0.21,Saudi Arabia,Art Modeling,2600000.0,instagram,saudi-arabia,False,2024,Beauty&Fashion,MAPPED,,
7,thoriq halilintar @thariqhalilintar,7900000.0,1.18,Saudi Arabia,Entertainment and Music Celebrity Video Blogger,2400000.0,instagram,saudi-arabia,False,2024,Music,MAPPED,,
8,شيمي 🎼. @sheme._.a,6900000.0,0.44,Saudi Arabia,"Music Lifestyle Humor Film, Music & Books",2100000.0,instagram,saudi-arabia,False,2024,Knowledge&Info,MAPPED,,
9,Aseel | أسيل 🇸🇦 @aseel,6700000.0,0.26,Saudi Arabia,Acting and Drama Beauty and Self Care Celebrity Singer,2000000.0,instagram,saudi-arabia,False,2024,Beauty&Fashion,MAPPED,,
10,Ola Al Fares ⚖️ عُلا الفارس @olaalfares,6700000.0,0.47,Saudi Arabia,Education,2000000.0,instagram,saudi-arabia,False,2024,Knowledge&Info,MAPPED,,
11,Top Saudia @mi.2v,6200000.0,0.41,Saudi Arabia,Business and Finance Funny,1900000.0,instagram,saudi-arabia,False,2024,Knowledge&Info,MAPPED,,
12,سيرج 🔎 @search2news,6000000.0,0.03,Saudi Arabia,,1800000.0,instagram,saudi-arabia,False,2024,,,,
13,Shraddha Arya @sarya12,5800000.0,2.53,Saudi Arabia,Upskilling Celebrity Actors Modeling,1800000.0,instagram,saudi-arabia,False,2024,Beauty&Fashion,MAPPED,,
14,عُمر آل عوضه | Omar Al Odah @bin_odahx,5800000.0,1.34,Saudi Arabia,Life and Society Writers,1700000.0,instagram,saudi-arabia,False,2024,Knowledge&Info,MAPPED,,
15,ابو ملك @r.mjrm,5700000.0,0.46,Saudi Arabia,Modeling,1700000.0,instagram,saudi-arabia,False,2024,Beauty&Fashion,MAPPED,,
16,@dj4,5500000.0,0.03,Saudi Arabia,Celebrity Celebrities Game Cars & Motorcycles,1700000.0,instagram,saudi-arabia,False,2024,Tech&Gaming,MAPPED,,
17,Abdulaziz @bin_baz,5200000.0,0.1,Saudi Arabia,Fitness Fashion Soccer Architecture,1600000.0,instagram,saudi-arabia,False,2024,Sports,MAPPED,,
18,@elfiraloy,5100000.0,0.3,Saudi Arabia,Fashion and Accessories Business and Finance Public Figure,1500000.0,instagram,saudi-arabia,False,2024,Beauty&Fashion,MAPPED,,
19,د. ملاك الحسيني @malak_alhusaini,4600000.0,0.15,Saudi Arabia,Education Marketing and Advertising Hair & Beauty Celebrities,1400000.0,instagram,saudi-arabia,False,2024,Beauty&Fashion,MAPPED,,
20,Hisham Baeshen - هشام باعشن @misho_baeshen,4600000.0,0.14,Saudi Arabia,Food,1400000.0,instagram,saudi-arabia,False,2024,Lifestyle,MAPPED,,
21,رغد دايز @raghad_days,4400000.0,0.19,Saudi Arabia,,1300000.0,instagram,saudi-arabia,False,2024,,,,
22,Darin Al Bayed • دارين البايض @darin00013,4100000.0,0.04,Saudi Arabia,Beauty Fashion and Accessories Beauty and Self Care Celebrity,1200000.0,instagram,saudi-arabia,False,2024,Beauty&Fashion,MAPPED,,
23,أحمد الزامل Ahmad AlZamel @ahmadalzamel,4100000.0,0.17,Saudi Arabia,Food Food and Drink Chef,1200000.0,instagram,saudi-arabia,False,2024,Lifestyle,MAPPED,,
24,فايز المالكي @fayezalmal,4100000.0,0.1,Saudi Arabia,Acting and Drama Celebrity Modeling,1200000.0,instagram,saudi-arabia,False,2024,Beauty&Fashion,MAPPED,,
25,احمد شعيب ahmad Shoaib @ahmed_shoaib_,4100000.0,0.13,Saudi Arabia,Celebrity Modeling,1200000.0,instagram,saudi-arabia,False,2024,Beauty&Fashion,MAPPED,,
26,نوف فاشن | نوف الشعلان @nouf__fashion,4000000.0,0.08,Saudi Arabia,Fashion and Accessories Beauty and Self Care,1200000.0,instagram,saudi-arabia,False,2024,Beauty&Fashion,MAPPED,,
27,Rajeh Alharthi | راجح الحارثي @rajeh_90,4000000.0,0.01,Saudi Arabia,Entertainment and Music Lifestyle,1200000.0,instagram,saudi-arabia,False,2024,Music,MAPPED,,
28,Dyler 🥖 @dyl3r,3800000.0,6.23,Saudi Arabia,Art,1100000.0,instagram,saudi-arabia,False,2024,Lifestyle,MAPPED,,
29,الشيخ الدكتور عثمان الخميس @othmanalkamees,3800000.0,0.35,Saudi Arabia,Education Medical Health Politics,1100000.0,instagram,saudi-arabia,False,2024,Knowledge&Info,MAPPED,,
30,مقاطع ناصر 😂😂 @nasser_videos,3800000.0,0.07,Saudi Arabia,Entertainment and Music Music Singer Modeling,1100000.0,instagram,saudi-arabia,False,2024,Beauty&Fashion,MAPPED,,
31,Nora Bo Awadh NB @nora1352,3700000.0,0.35,Saudi Arabia,Fashion and Accessories Business,1100000.0,instagram,saudi-arabia,False,2024,Beauty&Fashion,MAPPED,,
32,مشعل الاسباني @m000966,3700000.0,0.07,Saudi Arabia,Fashion,1100000.0,instagram,saudi-arabia,False,2024,Beauty&Fashion,MAPPED,,
33,دكتور نشمي ضحك @of77,3600000.0,0.57,Saudi Arabia,Funny,1100000.0,instagram,saudi-arabia,False,2024,Entertainment,MAPPED,,
34,Nandi_Madida 🇿🇦 @nandi_madida,3500000.0,0.64,Saudi Arabia,Entertainment and Music Fashion and Accessories Celebrity Entertainment,1000000.0,instagram,saudi-arabia,False,2024,Beauty&Fashion,MAPPED,,
35,الربع ... صديق الكل @rbaa33,3500000.0,2.26,Saudi Arabia,DIY and Life Hacks Education Upskilling Lifestyle,1000000.0,instagram,saudi-arabia,False,2024,Knowledge&Info,MAPPED,,
36,S7S 👌🏼 سحس @hussain.sallam,3300000.0,0.19,Saudi Arabia,Entertainment and Music Business and Finance Food Restaurants,992700.0,instagram,saudi-arabia,False,2024,Knowledge&Info,MAPPED,,
37,الفنان عبدالعزيز المسلَّمْ @azizalmesallam,3300000.0,0.47,Saudi Arabia,Acting and Drama,990500.0,instagram,saudi-arabia,False,2024,Entertainment,MAPPED,,
38,رياض الخالد 🍴 @rodr_1997,3300000.0,0.12,Saudi Arabia,Food Lifestyle,979700.0,instagram,saudi-arabia,False,2024,Lifestyle,MAPPED,,
39,Majid Almohandis ماجد المهندس. @majidalmohandis,3300000.0,1.0,Saudi Arabia,Entertainment and Music Singer,978900.0,instagram,saudi-arabia,False,2024,Music,MAPPED,,
40,Abdullah Bakr | عبدالله بكر @boodyzozo,3200000.0,0.38,Saudi Arabia,"Beauty and Self Care Fashion and Accessories Film, Music & Books Humor",962700.0,instagram,saudi-arabia,False,2024,Beauty&Fashion,MAPPED,,
41,ابراهيم الحجاج @barmz_alhajjaj,3100000.0,3.44,Saudi Arabia,Celebrity Acting and Drama,941400.0,instagram,saudi-arabia,False,2024,Entertainment,MAPPED,,
42,ام ساره👩🏻‍🍳 @_om__sarah_,3100000.0,0.47,Saudi Arabia,,919300.0,instagram,saudi-arabia,False,2024,,,,
43,لغة الجسد @b.d.f,3000000.0,0.03,Saudi Arabia,Education Upskilling Life and Society,904000.0,instagram,saudi-arabia,False,2024,Knowledge&Info,MAPPED,,
44,FAREED HAMZAH @22l2_,3000000.0,0.01,Saudi Arabia,,900400.0,instagram,saudi-arabia,False,2024,,,,
45,مطبخ مرايم // طبخات سهله @mraaaim444,3000000.0,0.03,Saudi Arabia,Food,899800.0,instagram,saudi-arabia,False,2024,Lifestyle,MAPPED,,
46,فؤاد عبدالواحد @fouadabdulwahed,3000000.0,0.22,Saudi Arabia,Entertainment and Music Music Singer,897800.0,instagram,saudi-arabia,False,2024,Music,MAPPED,,
47,ريناد @h6.yr,3000000.0,3.66,Saudi Arabia,Auto and Vehicles Celebrity Chickens,889600.0,instagram,saudi-arabia,False,2024,Tech&Gaming,MAPPED,,
48,Andre Carrillo 🇵🇪 @18andrecarrillo,3000000.0,1.5,Saudi Arabia,Actors Virtualization,887400.0,instagram,saudi-arabia,False,2024,Tech&Gaming,MAPPED,,
49,د. نبيل علي العوضي @nabilalawadhy,2900000.0,0.38,Saudi Arabia,Education Speaker,858100.0,instagram,saudi-arabia,False,2024,Knowledge&Info,MAPPED,,
50,اطيب طبخة - atyabtabkha @atyabtabkha,2800000.0,0.03,Saudi Arabia,Food Home and Garden Recipes,846100.0,instagram,saudi-arabia,False,2024,Lifestyle,MAPPED,,
51,هيفاء حسين haifa hussain @haifaahussain1,2800000.0,0.19,Saudi Arabia,Celebrity Acting and Drama Actors,825600.0,instagram,saudi-arabia,False,2024,Entertainment,MAPPED,,
52,سارا الودعاني @sarah_wad3ani,2700000.0,0.11,Saudi Arabia,"Beauty and Self Care Cars & Motorcycles Film, Music & Books Celebrities",814100.0,instagram,saudi-arabia,False,2024,Beauty&Fashion,MAPPED,,
53,anwar rashak-انور رشك @20q4,2700000.0,6.24,Saudi Arabia,,809900.0,instagram,saudi-arabia,False,2024,,,,
54,Nahla نهلة ✨ @nahlatv,2700000.0,5.23,Saudi Arabia,Entertainment and Music Music,804000.0,instagram,saudi-arabia,False,2024,Music,MAPPED,,
55,زياد بن حجاب بن نحيت @abinneheet,2600000.0,0.04,Saudi Arabia,,792800.0,instagram,saudi-arabia,False,2024,,,,
56,✨ سعودي ريبورترز ✨ @saudireporters,2600000.0,0.23,Saudi Arabia,"Entertainment and Music TV Shows Modeling Film, Music & Books",771400.0,instagram,saudi-arabia,False,2024,Beauty&Fashion,MAPPED,,
57,Mutlaq | مطلق @mutlaq_alsultan,2600000.0,0.68,Saudi Arabia,Marketing and Advertising Lifestyle,766100.0,instagram,saudi-arabia,False,2024,Knowledge&Info,MAPPED,,
58,بلوقر افنانيتا afnaneta 🥣🥑 @afnaneta3,2500000.0,0.17,Saudi Arabia,Art Beauty,764600.0,instagram,saudi-arabia,False,2024,Beauty&Fashion,MAPPED,,
59,Alice @aliceabdelaziz,2500000.0,2.17,Saudi Arabia,Travel Modeling Lifestyle Hair & Beauty,760700.0,instagram,saudi-arabia,False,2024,Beauty&Fashion,MAPPED,,
60,هتان الفيصل @iih66,2500000.0,0.6,Saudi Arabia,Music,748200.0,instagram,saudi-arabia,False,2024,Music,MAPPED,,
61,ثنيان خالد || Thunayyan Khalid @thunayyan16,2500000.0,1.55,Saudi Arabia,Finance,741900.0,instagram,saudi-arabia,False,2024,Knowledge&Info,MAPPED,,
62,رهف العنزي @official.rahaf,2500000.0,0.42,Saudi Arabia,Art Actors,741800.0,instagram,saudi-arabia,False,2024,Entertainment,MAPPED,,
63,غرام || الصفحة الرسميّة @gharam_official,2500000.0,2.11,Saudi Arabia,Life and Society Politics,738900.0,instagram,saudi-arabia,False,2024,Knowledge&Info,MAPPED,,
64,عبدالرحمن خالد |💻 @abdulrahman_khaalid,2400000.0,0.16,Saudi Arabia,,729000.0,instagram,saudi-arabia,False,2024,,,,
65,Mansour AlSalmy - منصور السالمي @m.alsalmy1,2400000.0,0.73,Saudi Arabia,Education,721300.0,instagram,saudi-arabia,False,2024,Knowledge&Info,MAPPED,,
66,حمود الخضر Humood @humoodalkhudher,2400000.0,0.92,Saudi Arabia,Entertainment and Music,717900.0,instagram,saudi-arabia,False,2024,Music,MAPPED,,
67,زياد العمري Ziyad Alamri @zyiaz,2400000.0,0.13,Saudi Arabia,"Entertainment and Music Humor Film, Music & Books Design",717800.0,instagram,saudi-arabia,False,2024,Knowledge&Info,MAPPED,,
68,𝐑𝐚𝐠𝐡𝐚𝐝 𝐌𝐨𝐡𝐚𝐦𝐦𝐞𝐝 • رغد محمد @raghrd,2400000.0,,Saudi Arabia,Beauty Lifestyle,715100.0,instagram,saudi-arabia,False,2024,Beauty&Fashion,MAPPED,,
69,فوراس التركي | Foras Altruki @foras1,2400000.0,0.09,Saudi Arabia,Product Showcase Celebrity Entertainment,713500.0,instagram,saudi-arabia,False,2024,Beauty&Fashion,MAPPED,,
70,Omar Al Somah ⚽️ عمر السومة @somah,2300000.0,3.31,Saudi Arabia,Sports Soccer,703100.0,instagram,saudi-arabia,False,2024,Sports,MAPPED,,
71,Rotana.net @rotananet,2300000.0,,Saudi Arabia,Entertainment and Music,695400.0,instagram,saudi-arabia,False,2024,Music,MAPPED,,
72,زينة عماد | zena emad @zenaemaad,2300000.0,1.03,Saudi Arabia,Music,689000.0,instagram,saudi-arabia,False,2024,Music,MAPPED,,
73,🇸🇦موسوعة المعجنات والمخبوزات @ftafeeta,2300000.0,0.06,Saudi Arabia,Food,679600.0,instagram,saudi-arabia,False,2024,Lifestyle,MAPPED,,
74,شيماء سبت Shaima Sabt @shaima4sabt,2200000.0,0.07,Saudi Arabia,Acting and Drama Celebrity,661400.0,instagram,saudi-arabia,False,2024,Entertainment,MAPPED,,
75,احمد البارقي @aax66,2200000.0,0.37,Saudi Arabia,Fashion Lifestyle,657900.0,instagram,saudi-arabia,False,2024,Beauty&Fashion,MAPPED,,
76,7𝐌𝐄𝐒𝐊7 ❤⃤⠀⠀⠀⠀⠀⠀⠀ @77mesk7,2200000.0,,Saudi Arabia,,657600.0,instagram,saudi-arabia,False,2024,,,,
77,Faten Mahmoud/فاتن محمود @fatenuser,2200000.0,0.09,Saudi Arabia,Food Celebrity,648100.0,instagram,saudi-arabia,False,2024,Entertainment,MAPPED,,
78,رند الشهيلي Rand Alshehili @rand_hamad1,2100000.0,0.31,Saudi Arabia,Auto and Vehicles Celebrity Music Marketing and Advertising,643900.0,instagram,saudi-arabia,False,2024,Knowledge&Info,MAPPED,,
79,RAKAN SULIMAN @rakan,2100000.0,0.13,Saudi Arabia,Entertainment and Music Video Blogger Humor Celebrities,637100.0,instagram,saudi-arabia,False,2024,Music,MAPPED,,
80,Mohammed Al Turki @moalturki,2100000.0,2.0,Saudi Arabia,Fashion,634600.0,instagram,saudi-arabia,False,2024,Beauty&Fashion,MAPPED,,
81,Hamdy | حمدي الفريدي @hamdy_s,2100000.0,0.41,Saudi Arabia,Education Upskilling Celebrity Lifestyle,628400.0,instagram,saudi-arabia,False,2024,Knowledge&Info,MAPPED,,
82,Joe Raad Raad @joeraad,2100000.0,0.2,Saudi Arabia,Music,626000.0,instagram,saudi-arabia,False,2024,Music,MAPPED,,
83,أخبار الوطن @alwatannews24,2100000.0,0.03,Saudi Arabia,,622100.0,instagram,saudi-arabia,False,2024,,,,
84,Dr.Talal Almuhaisin د.طلال المحيسن @dr_jeldeya,2100000.0,0.27,Saudi Arabia,Beauty and Self Care Doctor,618200.0,instagram,saudi-arabia,False,2024,Beauty&Fashion,MAPPED,,
85,Salem Al Dawsari @29salem,2100000.0,3.97,Saudi Arabia,Sports Soccer,617500.0,instagram,saudi-arabia,False,2024,Sports,MAPPED,,
86,مطبخ أفكار خلطات @kuwait_women,2000000.0,,Saudi Arabia,,612800.0,instagram,saudi-arabia,False,2024,,,,
87,اقوال ابراهيم الفقي رحمه الله @ibrahemelfiky,2000000.0,0.14,Saudi Arabia,Education Upskilling Parenting,612600.0,instagram,saudi-arabia,False,2024,Knowledge&Info,MAPPED,,
88,وصفــــات @rree_mpp,2000000.0,,Saudi Arabia,Food Gym Modeling,607800.0,instagram,saudi-arabia,False,2024,Sports,MAPPED,,
89,Hamad /Azazi عزازي /حمد @hazi088,2000000.0,,Saudi Arabia,,606500.0,instagram,saudi-arabia,False,2024,,,,
90,وعد محمد ⚜️ @dso,2000000.0,0.26,Saudi Arabia,Acting and Drama Entertainment and Music Celebrity Music,606000.0,instagram,saudi-arabia,False,2024,Music,MAPPED,,
91,Muslim @muslimprodofficial,2000000.0,0.78,Saudi Arabia,Entertainment and Music Music,605400.0,instagram,saudi-arabia,False,2024,Music,MAPPED,,
92,Mohammed Sal | محمد سال @moasalem,2000000.0,0.15,Saudi Arabia,"Food Entertainment and Music Film, Music & Books Humor",604900.0,instagram,saudi-arabia,False,2024,Knowledge&Info,MAPPED,,
93,@6f6fr,2000000.0,90.6,Saudi Arabia,,602300.0,instagram,saudi-arabia,False,2024,,,,
94,Mohammed Almousa محمد الموسى @m_almousa399,2000000.0,0.03,Saudi Arabia,Beauty Modeling Entertainment,600300.0,instagram,saudi-arabia,False,2024,Beauty&Fashion,MAPPED,,
95,وجدان محمد Wejdan Mohammad @wejdan_mohammad_1,2000000.0,1.81,Saudi Arabia,Food,600300.0,instagram,saudi-arabia,False,2024,Lifestyle,MAPPED,,
96,Eleen Suliman | الين سليمان 🇸🇦 @eleen_su,2000000.0,0.28,Saudi Arabia,Fashion and Accessories Beauty and Self Care,599200.0,instagram,saudi-arabia,False,2024,Beauty&Fashion,MAPPED,,
97,Syafiq Riza Basalamah @syafiqrizabasalamah_official,2000000.0,0.39,Saudi Arabia,Education,596500.0,instagram,saudi-arabia,False,2024,Knowledge&Info,MAPPED,,
98,The Moshaya Family @mmoshaya,2000000.0,0.27,Saudi Arabia,family Celebrity,592500.0,instagram,saudi-arabia,False,2024,Entertainment,MAPPED,,
99,م.عبدالعزيز العقلا @3zoqla,2000000.0,0.14,Saudi Arabia,Celebrity,589900.0,instagram,saudi-arabia,False,2024,Entertainment,MAPPED,,
100,Aya Fawzy | ايه فوزى @ayafwzy,2000000.0,0.95,Saudi Arabia,Beauty and Self Care family Travel,589600.0,instagram,saudi-arabia,False,2024,Beauty&Fashion,MAPPED,,
1,Herbert R. Sim @herbertrsim,2100000.0,1.27,Singapore,Arts and Crafts Food and Drink Marketing Founder,634600.0,instagram,singapore,False,2024,Knowledge&Info,MAPPED,,
2,Isha Borah @ishaborah,1800000.0,0.56,Singapore,Pets Fashion and Accessories,546400.0,instagram,singapore,False,2024,Beauty&Fashion,MAPPED,,
3,Jamie Chua 蔡欣颖 @ec24m,1500000.0,0.35,Singapore,Beauty and Self Care Business and Finance Design Celebrities,445500.0,instagram,singapore,False,2024,Beauty&Fashion,MAPPED,,
4,CHUANDO TAN 陈传多 @chuando_chuandoandfrey,1400000.0,0.75,Singapore,Arts and Crafts Entertainment and Music Acting and Drama Celebrity,430500.0,instagram,singapore,False,2024,Music,MAPPED,,
5,Marissa Leufke Nasution @marissaln,1400000.0,0.11,Singapore,Education Careers Parenting Moms,414600.0,instagram,singapore,False,2024,Knowledge&Info,MAPPED,,
6,Jeryl 🇸🇬 @smilewithjeryl,1200000.0,0.92,Singapore,Arts and Crafts Architecture Nature & Outdoors,367400.0,instagram,singapore,False,2024,Lifestyle,MAPPED,,
7,Dorothy Soh @dotzsoh,1200000.0,1.43,Singapore,Travel Adventure Nature & Outdoors Architecture,364500.0,instagram,singapore,False,2024,Sports,MAPPED,,
8,Yik Keat @yk,1200000.0,0.97,Singapore,Arts and Crafts Photography Architecture Nature & Outdoors,360900.0,instagram,singapore,False,2024,Lifestyle,MAPPED,,
9,Joseph Prince @josephprince,1200000.0,0.9,Singapore,Education,358700.0,instagram,singapore,False,2024,Knowledge&Info,MAPPED,,
10,athar maulana✨ @atharryann_,1100000.0,0.3,Singapore,Product Showcase,339600.0,instagram,singapore,False,2024,Beauty&Fashion,MAPPED,,
11,Nick Thng @nickthng,1100000.0,0.57,Singapore,Finance Business and Finance Entrepreneur Business,335100.0,instagram,singapore,False,2024,Knowledge&Info,MAPPED,,
12,yuuno_小琦 @y.uuno,1000000.0,1.83,Singapore,Fashion and Accessories Fitness and Health Video Gaming,305900.0,instagram,singapore,False,2024,Sports,MAPPED,,
13,Shi Qi @qiwiie,1000000.0,7.3,Singapore,Fashion and Accessories,305200.0,instagram,singapore,False,2024,Beauty&Fashion,MAPPED,,
14,Weronika Heck @mamikoyoko,972900.0,0.77,Singapore,Fashion and Accessories Celebrities,291900.0,instagram,singapore,False,2024,Beauty&Fashion,MAPPED,,
15,Aadhya Anand @aadhya_anand,954600.0,16.22,Singapore,Celebrity,286400.0,instagram,singapore,False,2024,Entertainment,MAPPED,,
16,Nadya Hutagalung @nadyahutagalung,908200.0,0.28,Singapore,Nature Education Entertainment and Music Modeling,272400.0,instagram,singapore,False,2024,Beauty&Fashion,MAPPED,,
17,Arian Teo 🇸🇬 @arianteo,759800.0,6.78,Singapore,Animation and Cosplay Celebrity,227900.0,instagram,singapore,False,2024,Tech&Gaming,MAPPED,,
18,𝓡𝓮𝓫𝓮𝓬𝓬𝓪 𝓒𝓱𝓮𝓷 @rebeccachenxoxo,743400.0,1.56,Singapore,Fashion Modeling Nature & Outdoors,223000.0,instagram,singapore,False,2024,Beauty&Fashion,MAPPED,,
19,JIANHAO TAN @thejianhaotan,654700.0,2.98,Singapore,Entertainment and Music Parenting Video Blogger Video Creator,196400.0,instagram,singapore,False,2024,Music,MAPPED,,
20,TRAVEL SUNLIT @travelsunlit,593600.0,0.11,Singapore,Travel,178100.0,instagram,singapore,False,2024,Lifestyle,MAPPED,,
21,Wendy Cheng 👑 Xiaxue @xiaxue,575600.0,0.59,Singapore,Beauty and Self Care Fashion and Accessories Business Public Figure,172700.0,instagram,singapore,False,2024,Beauty&Fashion,MAPPED,,
22,KIM LIM @kimlimhl,532300.0,8.38,Singapore,Beauty and Self Care Business and Finance Lifestyle Design,159700.0,instagram,singapore,False,2024,Beauty&Fashion,MAPPED,,
23,胡佳琪 Jayley Woo @jiaqiwoo,521700.00000000006,0.75,Singapore,Fashion and Accessories Celebrity Styling Lifestyle,156500.0,instagram,singapore,False,2024,Beauty&Fashion,MAPPED,,
24,小鱼FISHY @xiaoyukiko,516400.0,1.21,Singapore,Animation and Cosplay Games Game Food & Drink,154900.0,instagram,singapore,False,2024,Tech&Gaming,MAPPED,,
25,"katerina | travel, fashion & lifestyle @life_in_tokyo",502800.0,1.35,Singapore,Travel Lifestyle,150800.0,instagram,singapore,False,2024,Lifestyle,MAPPED,,
26,YOYO CAO @yoyokulala,486700.0,1.07,Singapore,Beauty and Self Care Fashion Design Lifestyle Design,146000.0,instagram,singapore,False,2024,Beauty&Fashion,MAPPED,,
27,PLANT LILY🇻🇳🇸🇬 @plant.lily,465200.0,5.33,Singapore,Animation and Cosplay Video Gaming Geek Comics,139600.0,instagram,singapore,False,2024,Tech&Gaming,MAPPED,,
28,stephanie ༺♡༻ @stephaniepriscilla,463100.0,2.25,Singapore,Arts and Crafts Modeling Design DIY & Crafts,138900.0,instagram,singapore,False,2024,Beauty&Fashion,MAPPED,,
29,Miki Tew @miki_tew,460000.0,3.5,Singapore,Fashion and Accessories Video Blogger,138000.0,instagram,singapore,False,2024,Beauty&Fashion,MAPPED,,
30,✨🌟Fann Wong💋💋 @fannaiaiwong,458500.0,0.56,Singapore,Celebrity Actors Modeling Food,137500.0,instagram,singapore,False,2024,Beauty&Fashion,MAPPED,,
31,Rebecca Lim 林慧玲 @limrebecca,456900.0,2.28,Singapore,Food Celebrity Actors Modeling,137100.0,instagram,singapore,False,2024,Beauty&Fashion,MAPPED,,
32,Benjamin Kheng @benjaminkheng,442300.0,4.82,Singapore,Entertainment and Music Music Actor,132700.0,instagram,singapore,False,2024,Music,MAPPED,,
33,Jeanette Aw 欧萱 @jeanetteaw,437500.0,0.79,Singapore,Acting and Drama Business and Finance Celebrity Food,131300.0,instagram,singapore,False,2024,Knowledge&Info,MAPPED,,
34,Sean Gelael @gelaelized,436200.0,2.55,Singapore,Fitness Racing,130900.0,instagram,singapore,False,2024,Sports,MAPPED,,
35,KING COCO 👑 @k1ngcoco_1,419100.0,0.44,Singapore,Careers,125700.0,instagram,singapore,False,2024,UNMAPPED,UNMAPPED,,
36,HELLO SINGAPORE 🇸🇬 @hello_.singapore,406500.0,3.31,Singapore,Travel,122000.0,instagram,singapore,False,2024,Lifestyle,MAPPED,,
37,Loh Kean Yew OLY 骆建佑 @lohkeanyew,403300.0,8.46,Singapore,Sports Athlete,121000.0,instagram,singapore,False,2024,Sports,MAPPED,,
38,Carrie Wong 黄思恬 @carriewst,385100.0,1.15,Singapore,Entertainment and Music Celebrity Modeling Lifestyle,115500.0,instagram,singapore,False,2024,Beauty&Fashion,MAPPED,,
39,Lennard Yeong @lennardy,377400.0,3.51,Singapore,Food and Drink Food Restaurants Cooking,113200.0,instagram,singapore,False,2024,Lifestyle,MAPPED,,
40,Singapore Foodie @singapore.foodie,376700.0,0.41,Singapore,Food Travel Food and Drink News,113000.0,instagram,singapore,False,2024,Knowledge&Info,MAPPED,,
41,黃靜 @cchs0909,370600.0,0.59,Singapore,Education Finance Health and Medical Services,111200.0,instagram,singapore,False,2024,Knowledge&Info,MAPPED,,
42,SOH PEI SHI 苏培诗 @speishi,363300.0,0.82,Singapore,Beauty and Self Care Fashion and Accessories Lifestyle Public Figure,109000.0,instagram,singapore,False,2024,Beauty&Fashion,MAPPED,,
43,Phillip Vu @phillipqvu,362400.0,1.57,Singapore,Entertainment and Music Travel Health and Medical Services,108700.0,instagram,singapore,False,2024,Knowledge&Info,MAPPED,,
44,刘子绚 Jesseca Liu @jesssseca,359100.0,1.12,Singapore,Entertainment and Music Actors Actor,107700.0,instagram,singapore,False,2024,Music,MAPPED,,
45,Willabelle Ong @willamazing,358200.0,0.4,Singapore,Fashion and Accessories Beauty and Self Care Entertainment and Music Arts and Crafts,107500.0,instagram,singapore,False,2024,Beauty&Fashion,MAPPED,,
46,💎Tung Sheng💎 @tungsheng.sg,338500.0,0.29,Singapore,Fashion and Accessories Game Nature & Outdoors Humor,101600.0,instagram,singapore,False,2024,Beauty&Fashion,MAPPED,,
47,Ok毛 / Madeleine Ang @okokokmou,332700.0,2.45,Singapore,Arts and Crafts Photography Product Showcase Public Figure,99800.0,instagram,singapore,False,2024,Beauty&Fashion,MAPPED,,
48,Dharni @dharni,328000.0,7.95,Singapore,"Entertainment and Music Modeling Film, Music & Books",98400.0,instagram,singapore,False,2024,Beauty&Fashion,MAPPED,,
49,James Wong @jameswong.kl,323600.0,6.49,Singapore,Entertainment and Music Music Bands Musicians Musician Band,97100.0,instagram,singapore,False,2024,Music,MAPPED,,
50,🄶🄸🄰🄼🄿🄰🄾🄻🄾 🅂🄶🅄🅁🄰 @giampaolosgura,320800.0,0.48,Singapore,Fashion Art Modeling,96200.0,instagram,singapore,False,2024,Beauty&Fashion,MAPPED,,
51,WonderBoy EmilianoCyrus|EC一平 @emilianocyrus_wonderboy,319600.0,2.6,Singapore,,95900.0,instagram,singapore,False,2024,,,,
52,Fel💫 @feliciatissue,317800.0,2.45,Singapore,family,95300.0,instagram,singapore,False,2024,Lifestyle,MAPPED,,
53,ʟɪɴᴅᴀ ᴀ @lansva,317800.0,0.07,Singapore,Food Travel Adventure,95300.0,instagram,singapore,False,2024,Sports,MAPPED,,
54,مساعد الدوسري @msdossary7,313100.0,2.65,Singapore,Video Gaming,93900.0,instagram,singapore,False,2024,Tech&Gaming,MAPPED,,
55,Annette @skannette,313000.0,4.75,Singapore,Travel,93900.0,instagram,singapore,False,2024,Lifestyle,MAPPED,,
56,Josh Niland @mrniland,311200.0,1.64,Singapore,Product Education Food Food and Drink Chef,93400.0,instagram,singapore,False,2024,Knowledge&Info,MAPPED,,
57,A mama cat 😻 @natashaelyzza,309300.0,0.45,Singapore,Beauty and Self Care Fashion and Accessories Celebrity Music,92800.0,instagram,singapore,False,2024,Beauty&Fashion,MAPPED,,
58,Mongchin Yeoh @mongabong,302700.0,0.38,Singapore,Fashion and Accessories Food Pets Blogger,90800.0,instagram,singapore,False,2024,Beauty&Fashion,MAPPED,,
59,Sabrina Tan Langlois @thesabrinatan,301600.0,3.31,Singapore,Home and Garden Styling Lifestyle Hair & Beauty,90500.0,instagram,singapore,False,2024,Beauty&Fashion,MAPPED,,
60,Matt Liu @mattllh,299300.0,0.7,Singapore,Travel Auto and Vehicles,89800.0,instagram,singapore,False,2024,Tech&Gaming,MAPPED,,
61,Haus by G @hausbyg,292000.0,5.01,Singapore,,87600.0,instagram,singapore,False,2024,,,,
62,sahur saleim @sahursart,285900.0,2.07,Singapore,Beauty and Self Care Business and Finance Celebrity Business,85800.0,instagram,singapore,False,2024,Beauty&Fashion,MAPPED,,
63,Melissa Celestine Koh @melissackoh,281200.0,2.3,Singapore,family Parenting Lifestyle Architecture,84400.0,instagram,singapore,False,2024,Lifestyle,MAPPED,,
64,QiuTing 洪萩庭 @bongqiuqiu,281000.0,0.4,Singapore,Food family Parenting Lifestyle,84300.0,instagram,singapore,False,2024,Lifestyle,MAPPED,,
65,Lena Kalinicheva @vinillna,275100.0,7.52,Singapore,Art,82500.0,instagram,singapore,False,2024,Lifestyle,MAPPED,,
66,Riza @rizasalahudin,273400.0,2.12,Singapore,Travel Outdoor Activity Photography,82000.0,instagram,singapore,False,2024,Sports,MAPPED,,
67,Bradley Tan @bradleytattoo,272100.0,2.88,Singapore,Arts and Crafts News Health and Medical Services,81600.0,instagram,singapore,False,2024,Knowledge&Info,MAPPED,,
68,💕🌈🔥Yvonne Lim 林湘萍🔥🌈💕 @yvonnelim928,271600.0,1.15,Singapore,Entertainment and Music Celebrity,81500.0,instagram,singapore,False,2024,Music,MAPPED,,
69,Vì Ăn Mà Đến @vietnamese.foody,271300.0,0.03,Singapore,Food Travel Health and Medical Services,81400.0,instagram,singapore,False,2024,Knowledge&Info,MAPPED,,
70,Dennis Lim Ming @dennislimming,266900.0,1.6,Singapore,Games Careers Video Gaming Video Blogger,80100.0,instagram,singapore,False,2024,Tech&Gaming,MAPPED,,
71,Akbar Ali Seth @thebuffessor,266500.0,7.89,Singapore,,80000.0,instagram,singapore,False,2024,,,,
72,panpiano @panpianoatelier,265200.0,1.27,Singapore,Animation and Cosplay Entertainment and Music Music,79500.0,instagram,singapore,False,2024,Tech&Gaming,MAPPED,,
73,Jus /dʒʌs/ Yu Jiahao @jus.yu,258600.00000000003,0.95,Singapore,Fashion and Accessories Outdoor Activity Parenting,77600.0,instagram,singapore,False,2024,Sports,MAPPED,,
74,Brian D. Evans @briandevans,258100.00000000003,1.1,Singapore,Finance Upskilling Entertainment and Music Business and Finance,77400.0,instagram,singapore,False,2024,Knowledge&Info,MAPPED,,
75,Nicole Evangeline Lee-Taylor @nicoleleekaiwen,258100.00000000003,0.54,Singapore,Fashion and Accessories Parenting Modeling Lifestyle,77400.0,instagram,singapore,False,2024,Beauty&Fashion,MAPPED,,
76,Gavy Geffen (SINGH ) @geffen22,256000.0,,Singapore,,76800.0,instagram,singapore,False,2024,,,,
77,DESMOND TAN 陈泂江 @thedesmondtan,253500.0,1.59,Singapore,Entertainment and Music Fashion and Accessories Celebrity Modeling,76000.0,instagram,singapore,False,2024,Beauty&Fashion,MAPPED,,
78,𝙉𝘼𝙈𝙍𝘼𝙏𝘼 𝙎𝘼𝘿𝙃𝙍𝙀 @namrata_sadhre,251600.0,,Singapore,Travel,75500.0,instagram,singapore,False,2024,Lifestyle,MAPPED,,
79,Sonalini Sampangi @sonaaaa_sam,249500.0,1.25,Singapore,Travel Hair & Beauty Health & Fitness Food & Drink,74800.0,instagram,singapore,False,2024,Sports,MAPPED,,
80,Nekoneko JX @nekoneko_jx,247800.0,2.4,Singapore,Animation and Cosplay,74300.0,instagram,singapore,False,2024,Tech&Gaming,MAPPED,,
81,𝗺𝗮𝘂𝘁𝘂𝗶𝘁𝗶 𝘅 𝘆𝘂𝗸𝗶𝗸𝗮𝘁𝗼 𝘅 𝗺𝗼𝘀𝗵𝗶 @tutiandyuki,247600.0,2.47,Singapore,Funny,74300.0,instagram,singapore,False,2024,Entertainment,MAPPED,,
82,AKAEI RAY ♡ アカエイ♡ 蕊蕊 @akaei_ray,243900.0,2.26,Singapore,Animation and Cosplay Fashion and Accessories,73200.0,instagram,singapore,False,2024,Beauty&Fashion,MAPPED,,
83,R O M E O T A N @romeotan,241500.0,0.62,Singapore,Celebrity Actors Actor Creators & Celebrities,72500.0,instagram,singapore,False,2024,Entertainment,MAPPED,,
84,TiffwithMi Tiffanie 티파니 🐯💎🎵 @iamtiffanie,237000.0,11.09,Singapore,Education Product Showcase,71100.0,instagram,singapore,False,2024,Beauty&Fashion,MAPPED,,
85,𝒁.𝑪𝒂𝒎𝒂𝒓𝒂 @z.camara,234400.0,0.92,Singapore,Entertainment and Music Basketball,70300.0,instagram,singapore,False,2024,Sports,MAPPED,,
86,Mrs Seraphina Genesis ✝️ Singapore KOL 🇸🇬 @seraphinagenesis,234200.0,0.22,Singapore,Beauty and Self Care Travel Food Food and Drink,70300.0,instagram,singapore,False,2024,Beauty&Fashion,MAPPED,,
87,Chance 🐻‍❄️💕 @btsforarmy_ig,231300.0,6.2,Singapore,,69400.0,instagram,singapore,False,2024,,,,
88,Tatiana Sheremetieva @liveyourdream_asia,230500.0,4.57,Singapore,Life and Society Finance,69200.0,instagram,singapore,False,2024,Knowledge&Info,MAPPED,,
89,Dina Kumar (Singapore) 🇸🇬 @numerology.dina,228200.0,2.3,Singapore,,68500.0,instagram,singapore,False,2024,,,,
90,NADEERA @nvdism,227100.0,0.47,Singapore,Beauty and Self Care Product Showcase Health & Fitness Health/Beauty,68100.0,instagram,singapore,False,2024,Sports,MAPPED,,
91,Ya Hui 雅慧 @yahuiyh,221600.0,0.9,Singapore,Beauty and Self Care Celebrity Actors Modeling,66500.0,instagram,singapore,False,2024,Beauty&Fashion,MAPPED,,
92,TiffwithMi Michy @iammichy,218300.0,5.86,Singapore,Pets Business,65500.0,instagram,singapore,False,2024,Knowledge&Info,MAPPED,,
93,𝐐𝐢𝐦𝐦𝐲𝐒𝐡𝐢𝐦𝐦𝐲 @qimmyshimmy,216100.0,4.46,Singapore,Arts and Crafts Design Painting,64800.0,instagram,singapore,False,2024,Lifestyle,MAPPED,,
94,Cheng Wing Yee @kiaraakitty,212900.0,3.78,Singapore,Outdoor Activity Entertainment and Music Finance Modeling,63900.0,instagram,singapore,False,2024,Sports,MAPPED,,
95,🏠 Home Swee Home @home.swee.home,212700.0,1.13,Singapore,Home and Garden,63800.0,instagram,singapore,False,2024,Lifestyle,MAPPED,,
96,adri • interior lifestyle @madspatial,212600.0,4.6,Singapore,Home and Garden,63800.0,instagram,singapore,False,2024,Lifestyle,MAPPED,,
97,Raiko/Sean Tay @raikoart,212300.0,9.68,Singapore,Arts and Crafts Home and Garden Comics Geek,63700.0,instagram,singapore,False,2024,Lifestyle,MAPPED,,
98,TINA YONG @tina_yong,210000.0,2.62,Singapore,Beauty and Self Care Arts and Crafts Video Blogger Business,63000.0,instagram,singapore,False,2024,Beauty&Fashion,MAPPED,,
99,Annette Lee 李安 @annettelee,206400.0,5.85,Singapore,Art Celebrity Artist,61900.0,instagram,singapore,False,2024,Entertainment,MAPPED,,
100,TheWildChild🦇💕👽⛷️🦋 @1sacklifepg,203400.0,0.2,Singapore,Entertainment and Music Funny Music,61000.0,instagram,singapore,False,2024,Music,MAPPED,,
1,Peter Sagan @petosagan,1900000.0,0.89,Slovakia,Sports,578900.0,instagram,slovakia,False,2024,Sports,MAPPED,,
2,Lucia Mikušová @lucia_mikusova,1900000.0,10.17,Slovakia,Fitness and Health,567800.0,instagram,slovakia,False,2024,Sports,MAPPED,,
3,Jan Dragunov Podraný🥊🥋 @dragunovjepan,935600.0,2.9,Slovakia,Fashion Beauty Business and Finance,280700.0,instagram,slovakia,False,2024,Beauty&Fashion,MAPPED,,
4,TOMAS REZAK @tomas.coach,899300.0,2.87,Slovakia,Fitness and Health,269800.0,instagram,slovakia,False,2024,Sports,MAPPED,,
5,Genevieve LaMonaca @chefgenevieve,893300.0,0.6,Slovakia,Food,268000.0,instagram,slovakia,False,2024,Lifestyle,MAPPED,,
6,Lucy @lucypug,768900.0,1.42,Slovakia,Fashion Lifestyle Animals & Pets Blogger,230700.0,instagram,slovakia,False,2024,Beauty&Fashion,MAPPED,,
7,@rytmusking,764300.0,0.65,Slovakia,Entertainment and Music Health and Medical Services Musicians Celebrities,229300.0,instagram,slovakia,False,2024,Knowledge&Info,MAPPED,,
8,GianlucaVacchi-Slovakia 🇸🇰 @gianlucavacchislovakiafanpage,644200.0,0.51,Slovakia,Entertainment and Music Music Modeling,193200.0,instagram,slovakia,False,2024,Beauty&Fashion,MAPPED,,
9,Fatimaaa💜 @ukookie7,623900.0,1.77,Slovakia,,187200.0,instagram,slovakia,False,2024,,,,
10,sandra @slythi,564700.0,8.89,Slovakia,"Life and Society Celebrities Film, Music & Books Humor",169400.0,instagram,slovakia,False,2024,Knowledge&Info,MAPPED,,
11,Peter Altof - Expl0ited @expl0ited_,539700.0,1.83,Slovakia,Entertainment and Music Lifestyle Celebrities Animals & Pets,161900.0,instagram,slovakia,False,2024,Music,MAPPED,,
12,Gabby Murray @gabbymurrayy,514600.0,1.09,Slovakia,Celebrity,154400.0,instagram,slovakia,False,2024,Entertainment,MAPPED,,
13,Dominika Cibulkova @domicibulkova,481000.0,0.74,Slovakia,Fashion Tennis,144300.0,instagram,slovakia,False,2024,Sports,MAPPED,,
14,Zuzana Čaputová @zuzana_caputova,460300.0,0.93,Slovakia,,138100.0,instagram,slovakia,False,2024,,,,
15,SIMA @simonahegerova,436100.0,5.7,Slovakia,Entertainment and Music Modeling,130800.0,instagram,slovakia,False,2024,Beauty&Fashion,MAPPED,,
16,simonakrainova @simonakrainova,429300.0,0.27,Slovakia,Entertainment and Music Product Showcase Celebrity Food and Drink,128800.0,instagram,slovakia,False,2024,Beauty&Fashion,MAPPED,,
17,Tina Halada @tinahalada,414100.0,1.0,Slovakia,Fashion and Accessories Home and Garden Business,124200.0,instagram,slovakia,False,2024,Beauty&Fashion,MAPPED,,
18,Attila Vegh @veghattila,401200.0,0.46,Slovakia,Sports Modeling,120300.0,instagram,slovakia,False,2024,Sports,MAPPED,,
19,Matej Slažanský @menameselassie,370800.0,0.96,Slovakia,Product Showcase Marketing and Advertising Careers Video Blogger,111200.0,instagram,slovakia,False,2024,Beauty&Fashion,MAPPED,,
20,Monika Jákliová @monika_jakliova,349400.0,2.69,Slovakia,Beauty and Self Care Bikini Modeling,104800.0,instagram,slovakia,False,2024,Beauty&Fashion,MAPPED,,
21,Klára Miščíková @klarisa_7777,325100.0,6.74,Slovakia,Entertainment and Music Music,97500.0,instagram,slovakia,False,2024,Music,MAPPED,,
22,Michal Straka @egoemo,307900.0,1.28,Slovakia,Entertainment and Music Marketing and Advertising Rap Singer,92400.0,instagram,slovakia,False,2024,Knowledge&Info,MAPPED,,
23,Lucia Sladeckova @lucidstyle_official,300600.0,1.25,Slovakia,Fashion,90200.0,instagram,slovakia,False,2024,Beauty&Fashion,MAPPED,,
24,Lucia Mokranova® @luciamokranova,279100.0,0.45,Slovakia,Fitness and Health Business and Finance Coaching,83700.0,instagram,slovakia,False,2024,Sports,MAPPED,,
25,🔥RACHEL♌️ @rachellkka,273600.0,4.16,Slovakia,Travel,82100.0,instagram,slovakia,False,2024,Lifestyle,MAPPED,,
26,Paula Karpowicz-Zimecka @paulakarpowicz,270100.0,2.35,Slovakia,Music Beauty and Self Care Product Education,81000.0,instagram,slovakia,False,2024,Beauty&Fashion,MAPPED,,
27,TIMEA TRAJTELOVA @timeatrajtelova,261800.0,1.38,Slovakia,Fitness and Health,78500.0,instagram,slovakia,False,2024,Sports,MAPPED,,
28,Petra Vlhova @petravlhova13,260200.0,1.91,Slovakia,Sports Ski Mountain,78000.0,instagram,slovakia,False,2024,Sports,MAPPED,,
29,MATT Zrebný @matejzrebny,249700.0,2.63,Slovakia,Art Music Celebrity Lifestyle,74900.0,instagram,slovakia,False,2024,Music,MAPPED,,
30,Ana Čolić @_ana_colic_,247600.0,1.34,Slovakia,Fitness and Health Fashion and Accessories,74300.0,instagram,slovakia,False,2024,Sports,MAPPED,,
31,vebi @veronikatwiins,242200.0,0.33,Slovakia,Entertainment and Music Fashion and Accessories Health and Medical Services Celebrities,72700.0,instagram,slovakia,False,2024,Beauty&Fashion,MAPPED,,
32,L E O N A ☁️ @leonaridajovaa,241600.0,3.1,Slovakia,Fashion and Accessories Travel,72500.0,instagram,slovakia,False,2024,Beauty&Fashion,MAPPED,,
33,Polícia SR @policiaslovakia,234000.0,1.6,Slovakia,,70200.0,instagram,slovakia,False,2024,,,,
34,DanielaTWiiNS @danielatwiins,230400.0,0.55,Slovakia,Entertainment and Music Music Singer,69100.0,instagram,slovakia,False,2024,Music,MAPPED,,
35,Jana Hrmová @janahrmi,229800.0,1.88,Slovakia,Beauty and Self Care Fashion and Accessories Travel,69000.0,instagram,slovakia,False,2024,Beauty&Fashion,MAPPED,,
36,Olga Olikova @oobraider,225900.0,0.51,Slovakia,,67800.0,instagram,slovakia,False,2024,,,,
37,Som Idealista @somidealista,225000.0,0.64,Slovakia,Education Marketing and Advertising Poetry,67500.0,instagram,slovakia,False,2024,Knowledge&Info,MAPPED,,
38,⠀Ivana Gaborik @iversanns,224800.0,2.53,Slovakia,Fashion,67400.0,instagram,slovakia,False,2024,Beauty&Fashion,MAPPED,,
39,Bianka Rumanová @biankarumanova,218000.0,7.29,Slovakia,Fashion and Accessories Travel Lifestyle Celebrities,65400.00000000001,instagram,slovakia,False,2024,Beauty&Fashion,MAPPED,,
40,Veronika Cifrová Ostrihoňová @veronikaostrihonova,216500.0,0.52,Slovakia,Entertainment and Music Journalists,65000.0,instagram,slovakia,False,2024,Knowledge&Info,MAPPED,,
41,BTS 방탄소년단 @bigihit.bts,216500.0,30.6,Slovakia,,65000.0,instagram,slovakia,False,2024,,,,
42,Juraj Kucka @kuco33,215400.0,1.3,Slovakia,Soccer,64599.99999999999,instagram,slovakia,False,2024,Sports,MAPPED,,
43,Slovak and Czech girls @slovakgirls,212500.0,0.13,Slovakia,Fashion and Accessories Product Showcase Modeling,63700.0,instagram,slovakia,False,2024,Beauty&Fashion,MAPPED,,
44,MÁRIA KACHÚTOVÁ ČÍROVÁ @mariacirova,211200.0,1.04,Slovakia,Entertainment and Music Marketing and Advertising,63300.0,instagram,slovakia,False,2024,Knowledge&Info,MAPPED,,
45,Michaela Kocianova @michaelakocianova,196400.0,0.42,Slovakia,Modeling Fashion,58900.0,instagram,slovakia,False,2024,Beauty&Fashion,MAPPED,,
46,Baukó Éva @baukoeva,194900.0,1.21,Slovakia,,58500.0,instagram,slovakia,False,2024,,,,
47,Martina Malinová 🍇🥭🥑 @tinka_malinova,191600.0,0.06,Slovakia,Fitness and Health Medical Health,57500.0,instagram,slovakia,False,2024,Sports,MAPPED,,
48,cikindeles @cikindeles,185200.0,8.61,Slovakia,,55600.0,instagram,slovakia,False,2024,,,,
49,Andrea Ena U Taliana® @andreaena_utaliana,184700.0,2.3,Slovakia,Food and Drink Health and Medical Services,55400.0,instagram,slovakia,False,2024,Knowledge&Info,MAPPED,,
50,kristinakovesova @kristinakovesova,183400.0,0.96,Slovakia,Romance and Wedding Education News,55000.0,instagram,slovakia,False,2024,Beauty&Fashion,MAPPED,,
51,Ｍ Ａ Ｒ Ｉ Ａ Ｂ Ａ Ｒ Ｔ Ａ Ｌ Ｏ Ｓ @maria.bartalos,178500.0,2.57,Slovakia,family,53600.0,instagram,slovakia,False,2024,Lifestyle,MAPPED,,
52,Milan Bardún @milan_bezmapy,170600.0,4.96,Slovakia,Travel Alcohol,51200.0,instagram,slovakia,False,2024,Lifestyle,MAPPED,,
53,Simi @simileskovska,170600.0,2.57,Slovakia,Sports,51200.0,instagram,slovakia,False,2024,Sports,MAPPED,,
54,Bekim Aziri @bekimko,169600.0,7.73,Slovakia,Fitness and Health Health and Medical Services Lifestyle Celebrities,50900.0,instagram,slovakia,False,2024,Sports,MAPPED,,
55,Helena Opálená @mystoryofcooking,167800.0,1.03,Slovakia,Food Product Education DIY and Life Hacks,50300.0,instagram,slovakia,False,2024,Knowledge&Info,MAPPED,,
56,"Denisa ""DeDe"" Vysnovska @denisa.vysnovska",163400.0,7.94,Slovakia,Fashion and Accessories Travel Nature & Outdoors Food & Drink,49000.0,instagram,slovakia,False,2024,Beauty&Fashion,MAPPED,,
57,Lucia Almaksus @llnzz,163300.0,6.93,Slovakia,Fashion and Accessories Product Showcase Careers Video Blogger,49000.0,instagram,slovakia,False,2024,Beauty&Fashion,MAPPED,,
58,SONA SKONCOVA @sonaskoncova,162700.0,1.99,Slovakia,Entertainment and Music Business and Finance Journalists Celebrities,48800.0,instagram,slovakia,False,2024,Knowledge&Info,MAPPED,,
59,Deni Minar | Art | Drawing @deniminar,161300.0,0.79,Slovakia,Arts and Crafts Nature,48400.0,instagram,slovakia,False,2024,Lifestyle,MAPPED,,
60,Peter Vlk @petervlk,161000.0,1.47,Slovakia,Travel Food Athlete,48300.0,instagram,slovakia,False,2024,Sports,MAPPED,,
61,Vladimir @korba.007,155400.0,0.81,Slovakia,Romance and Wedding,46600.0,instagram,slovakia,False,2024,Beauty&Fashion,MAPPED,,
62,Karin Hegedüs Dvořáková @karinnett,155400.0,4.06,Slovakia,family Parenting,46600.0,instagram,slovakia,False,2024,Lifestyle,MAPPED,,
63,O L I V E R O S W A L D ❌ @oswaldphotoss,154400.0,2.98,Slovakia,Entertainment and Music Celebrity Actors,46300.0,instagram,slovakia,False,2024,Music,MAPPED,,
64,Eugen Krajčovič @life.of.eugen,151900.0,6.03,Slovakia,,45600.0,instagram,slovakia,False,2024,,,,
65,🌸 Cynthia Tóthová 🌸 @cynthia_tothova,148700.0,9.17,Slovakia,Fashion and Accessories,44600.0,instagram,slovakia,False,2024,Beauty&Fashion,MAPPED,,
66,Lucia Furmankova @luccianka,142300.0,0.88,Slovakia,Fitness and Health Outdoor Activity Health and Medical Services Lifestyle,42700.0,instagram,slovakia,False,2024,Sports,MAPPED,,
67,Jakub Zitron Ťapák @zitron_citron,141600.0,20.02,Slovakia,Celebrity,42500.0,instagram,slovakia,False,2024,Entertainment,MAPPED,,
68,Angelika Motúzová @queen__of_sagitarius,140700.0,0.95,Slovakia,Funny Life and Society,42200.0,instagram,slovakia,False,2024,Knowledge&Info,MAPPED,,
69,Eva Strážnická (Zelníková) @evazelnikova,138700.0,0.57,Slovakia,Fitness and Health,41600.0,instagram,slovakia,False,2024,Sports,MAPPED,,
70,Aless @aless_capparelli,138300.0,1.24,Slovakia,"Entertainment and Music Music Rap Film, Music & Books",41500.0,instagram,slovakia,False,2024,Knowledge&Info,MAPPED,,
71,REIF HARRISON @reifharrison,138200.0,1.04,Slovakia,Entertainment and Music Funny,41500.0,instagram,slovakia,False,2024,Music,MAPPED,,
72,Matúš @ixography,137100.0,35.6,Slovakia,Photography,41100.0,instagram,slovakia,False,2024,Lifestyle,MAPPED,,
73,Doke @doketv,137000.0,1.81,Slovakia,Arts and Crafts Education Entertainment and Music Dogs,41100.0,instagram,slovakia,False,2024,Knowledge&Info,MAPPED,,
74,Tereza Anna Mašková @terezaa.maskova,136600.0,2.05,Slovakia,Fashion and Accessories,41000.0,instagram,slovakia,False,2024,Beauty&Fashion,MAPPED,,
75,Gabi Cabadajova @chica_pixiestyle,136200.0,2.68,Slovakia,Fashion and Accessories Arts and Crafts,40900.0,instagram,slovakia,False,2024,Beauty&Fashion,MAPPED,,
76,Alžbeta Saloňová @beth.sal,136100.0,1.49,Slovakia,Fashion and Accessories Health,40800.0,instagram,slovakia,False,2024,Beauty&Fashion,MAPPED,,
77,ANGRY EARTH @angryearth,134800.0,2.43,Slovakia,,40400.0,instagram,slovakia,False,2024,,,,
78,Imrich Štefaník @imi.baron,133600.0,2.0,Slovakia,,40100.0,instagram,slovakia,False,2024,,,,
79,Miska Gargano @miskagargano,133100.0,0.57,Slovakia,family Marketing and Advertising Moms Actors,39900.0,instagram,slovakia,False,2024,Knowledge&Info,MAPPED,,
80,Different car services®️ @different_cars_showroom,131200.0,0.29,Slovakia,Auto and Vehicles,39400.0,instagram,slovakia,False,2024,Tech&Gaming,MAPPED,,
81,Lenka Petrovičová @leens2,130800.0,2.7,Slovakia,Fashion and Accessories Travel Modeling,39200.0,instagram,slovakia,False,2024,Beauty&Fashion,MAPPED,,
82,Andy Opalena @andyopalena,130300.0,7.4,Slovakia,Beauty Fitness and Health Product Education,39100.0,instagram,slovakia,False,2024,Sports,MAPPED,,
83,Alexandra Orviska @alexandraorviska,123800.0,1.46,Slovakia,Fashion and Accessories News Lifestyle,37100.0,instagram,slovakia,False,2024,Beauty&Fashion,MAPPED,,
84,Refew @refewofficial,121100.0,2.91,Slovakia,Entertainment and Music Product Education,36300.0,instagram,slovakia,False,2024,Knowledge&Info,MAPPED,,
85,Šárka Peková @sarkapekova,120300.0,1.46,Slovakia,,36100.0,instagram,slovakia,False,2024,,,,
86,Lenka Poláčková @lenkavacval,119000.0,7.81,Slovakia,Outdoor Activity Fitness and Health Celebrity Actors,35700.0,instagram,slovakia,False,2024,Sports,MAPPED,,
87,Gabriela Queenie @gabika.queenie,117900.0,1.6,Slovakia,Fashion and Accessories Beauty and Self Care Modeling Lifestyle,35400.0,instagram,slovakia,False,2024,Beauty&Fashion,MAPPED,,
88,Marek Fasiang @marekfasiang,115400.0,1.88,Slovakia,Celebrity,34600.0,instagram,slovakia,False,2024,Entertainment,MAPPED,,
89,Hockey Slovakia @hockeyslovakia,113700.0,2.36,Slovakia,Sports Health and Medical Services,34100.0,instagram,slovakia,False,2024,Sports,MAPPED,,
90,Lukas Bielka @lukasbielka,112800.0,0.08,Slovakia,Beauty and Self Care Business and Finance,33800.0,instagram,slovakia,False,2024,Beauty&Fashion,MAPPED,,
91,PYCO [ Martin PYCO Rausch ] @mrpyco,112600.0,0.54,Slovakia,Food Automotive Chef,33800.0,instagram,slovakia,False,2024,Tech&Gaming,MAPPED,,
92,Boris Michaliček / Slovakia🇸🇰 @borievkyphotogallery,112000.0,3.74,Slovakia,Nature Travel Photography,33600.0,instagram,slovakia,False,2024,Lifestyle,MAPPED,,
93,Joey Drippiani @dalybhahacrew,110400.0,7.66,Slovakia,Entertainment and Music,33100.0,instagram,slovakia,False,2024,Music,MAPPED,,
94,Filip Jánoš @fifqo,108400.0,5.8,Slovakia,Funny Games Health and Medical Services News,32500.0,instagram,slovakia,False,2024,Knowledge&Info,MAPPED,,
95,YAK.SHA @yak.sha,107600.0,1.64,Slovakia,Entertainment and Music Business and Finance Music,32300.0,instagram,slovakia,False,2024,Knowledge&Info,MAPPED,,
96,👑MISS SLOVAK REPUBLIC T. '15👑 @domineckamarkova,107300.0,1.42,Slovakia,Beauty and Self Care Fashion and Accessories Modeling Lifestyle,32200.000000000004,instagram,slovakia,False,2024,Beauty&Fashion,MAPPED,,
97,San Dra @s_andra_9,106400.0,1.43,Slovakia,Fitness and Health,31900.0,instagram,slovakia,False,2024,Sports,MAPPED,,
98,Bratislava by Michaela Tlapova @bratislava_,106200.0,0.89,Slovakia,Travel Food and Drink Nature & Outdoors,31900.0,instagram,slovakia,False,2024,Lifestyle,MAPPED,,
99,Jane Beata art @janebeata,106100.0,0.6,Slovakia,Arts and Crafts,31800.0,instagram,slovakia,False,2024,Lifestyle,MAPPED,,
100,LENKA | Balanced food ideas🍎🍕🥗 @lilchef_lenka,103400.0,1.95,Slovakia,Food Food and Drink,31000.0,instagram,slovakia,False,2024,Lifestyle,MAPPED,,
1,AB de Villiers @abdevilliers17,24300000.0,0.74,South Africa,Sports Cricket,7300000.0,instagram,south-africa,False,2024,Sports,MAPPED,,
2,Dean Schneider @dean.schneider,11000000.0,1.45,South Africa,Animals Music,3300000.0,instagram,south-africa,False,2024,Music,MAPPED,,
3,Trevor Noah @trevornoah,8900000.0,1.35,South Africa,Entertainment and Music Celebrity Modeling Entertainment,2700000.0,instagram,south-africa,False,2024,Beauty&Fashion,MAPPED,,
4,Boity Thulo @boity,6300000.0,0.15,South Africa,Entertainment and Music Fashion and Accessories Beauty and Self Care Business and Finance,1900000.0,instagram,south-africa,False,2024,Beauty&Fashion,MAPPED,,
5,Refiloe Phoolo 🇿🇦 @casspernyovest,6200000.0,1.33,South Africa,Entertainment and Music Sports Celebrity Music,1900000.0,instagram,south-africa,False,2024,Sports,MAPPED,,
6,Alph Lukau @alphlukau,6200000.0,0.06,South Africa,Education,1900000.0,instagram,south-africa,False,2024,Knowledge&Info,MAPPED,,
7,Natasha Thahane @natasha_thahane,6100000.0,1.98,South Africa,Acting and Drama Entertainment and Music Celebrity Actors,1800000.0,instagram,south-africa,False,2024,Music,MAPPED,,
8,Khanyi Mbau Metanoia @mbaureloaded,5700000.0,0.66,South Africa,Entertainment and Music Finance Product Showcase Celebrity,1700000.0,instagram,south-africa,False,2024,Beauty&Fashion,MAPPED,,
9,NOEL DEYZEL 🇿🇦 @noeldeyzel_bodybuilder,5300000.0,10.6,South Africa,Fitness and Health,1600000.0,instagram,south-africa,False,2024,Sports,MAPPED,,
10,Minnie Dlamini @minniedlamini,5200000.0,0.18,South Africa,Entertainment and Music Sports Celebrity Entertainment,1600000.0,instagram,south-africa,False,2024,Sports,MAPPED,,
11,ZINHLE JIYANE @djzinhle,5200000.0,0.61,South Africa,Entertainment and Music Business and Finance Modeling Music,1600000.0,instagram,south-africa,False,2024,Beauty&Fashion,MAPPED,,
12,Bonang Matheba @bonang_m,5200000.0,1.97,South Africa,Entertainment and Music Celebrities,1600000.0,instagram,south-africa,False,2024,Music,MAPPED,,
13,Somizi @somizi,5000000.0,0.17,South Africa,Entertainment and Music Music Modeling Celebrities,1500000.0,instagram,south-africa,False,2024,Beauty&Fashion,MAPPED,,
14,Amanda du-Pont @amandadupont,5000000.0,0.3,South Africa,Beauty and Self Care Business and Finance Celebrity Coaching,1500000.0,instagram,south-africa,False,2024,Beauty&Fashion,MAPPED,,
15,Connie Ferguson @connie_ferguson,4800000.0,0.58,South Africa,Entertainment and Music family Business and Finance Actors,1400000.0,instagram,south-africa,False,2024,Knowledge&Info,MAPPED,,
16,Nomzamo Mbatha (Nxumalo)🇿🇦 @nomzamo_m,4800000.0,0.22,South Africa,Acting and Drama Education Celebrity Actors,1400000.0,instagram,south-africa,False,2024,Knowledge&Info,MAPPED,,
17,I LOVE IT HERE @nasty_csa,4700000.0,0.2,South Africa,Entertainment and Music Singer Music Entertainment,1400000.0,instagram,south-africa,False,2024,Music,MAPPED,,
18,Ms Ntando Duma Mthombeni🇿🇦 @dumantando,4700000.0,0.88,South Africa,Acting and Drama Celebrity Entertainment Music,1400000.0,instagram,south-africa,False,2024,Music,MAPPED,,
19,Tabitha Brown @iamtabithabrown,4500000.0,1.34,South Africa,Food Celebrity Business and Finance Actors,1300000.0,instagram,south-africa,False,2024,Knowledge&Info,MAPPED,,
20,F A F D U P L E S S I S @fafdup,4500000.0,7.01,South Africa,Sports Cricket,1300000.0,instagram,south-africa,False,2024,Sports,MAPPED,,
21,MRS CHUI🐆 @fahyvanny,4100000.0,0.54,South Africa,Fashion and Accessories Business and Finance Entertainment Modeling,1200000.0,instagram,south-africa,False,2024,Beauty&Fashion,MAPPED,,
22,Thando Thabooty Thabethe @thando_thabethe,4000000.0,0.55,South Africa,Fashion and Accessories Celebrity Modeling Music,1200000.0,instagram,south-africa,False,2024,Beauty&Fashion,MAPPED,,
23,Thulisile Phongolo @thuliphongolo,3800000.0,2.16,South Africa,Entertainment and Music Entertainment Actors Singer,1100000.0,instagram,south-africa,False,2024,Music,MAPPED,,
24,Black Coffee @realblackcoffee,3800000.0,1.65,South Africa,Entertainment and Music Band,1100000.0,instagram,south-africa,False,2024,Music,MAPPED,,
25,P E A R L 🔸 M O D I A D I E @pearlmodiadie,3700000.0,0.6,South Africa,Entertainment and Music family Celebrity Parenting,1100000.0,instagram,south-africa,False,2024,Music,MAPPED,,
26,Jessica Nkosi @jessicankosi,3600000.0,0.23,South Africa,Acting and Drama Celebrity Moms Entertainment,1100000.0,instagram,south-africa,False,2024,Entertainment,MAPPED,,
27,BRAGGA @nadianakai,3600000.0,1.38,South Africa,Entertainment and Music Music Singer Modeling,1100000.0,instagram,south-africa,False,2024,Beauty&Fashion,MAPPED,,
28,Latiffah 🇿🇦🇹🇿 @princess_tiffah,3500000.0,0.78,South Africa,,1100000.0,instagram,south-africa,False,2024,,,,
29,Lesley-Ann Brandt @lesleyannbrandt,3400000.0,0.4,South Africa,Moms Modeling,1000000.0,instagram,south-africa,False,2024,Beauty&Fashion,MAPPED,,
30,Thembi Seete 🇿🇦 @thembiseete_,3200000.0,0.45,South Africa,Celebrity Music Modeling,968100.0,instagram,south-africa,False,2024,Beauty&Fashion,MAPPED,,
31,@cosmopolitansa,3000000.0,0.01,South Africa,Fashion and Accessories Entertainment and Music News News & Politics,905200.0,instagram,south-africa,False,2024,Beauty&Fashion,MAPPED,,
32,Lerato Kganyago Ndlala @leratokganyago,3000000.0,1.03,South Africa,Entertainment and Music Celebrities Health & Fitness Hair & Beauty,902500.0,instagram,south-africa,False,2024,Sports,MAPPED,,
33,THEE FAITH NKETSI @faith.nketsi,3000000.0,2.46,South Africa,Entertainment and Music Fashion and Accessories Music Modeling,894300.0,instagram,south-africa,False,2024,Beauty&Fashion,MAPPED,,
34,Zozibini Tunzi @zozitunzi,2800000.0,1.01,South Africa,,849800.0,instagram,south-africa,False,2024,,,,
35,The Voice Of Africa @kellykhumaloza,2700000.0,0.32,South Africa,Entertainment and Music Singer Music Entertainment,813300.0,instagram,south-africa,False,2024,Music,MAPPED,,
36,KIKI 🧚🏾‍♀️ @kamo_mphelaxx,2500000.0,1.52,South Africa,Entertainment and Music Travel Music,758500.0,instagram,south-africa,False,2024,Music,MAPPED,,
37,Dawn Thandeka King @dawnthandeka_king,2500000.0,0.04,South Africa,Entertainment and Music Education Business and Finance Modeling,754100.0,instagram,south-africa,False,2024,Beauty&Fashion,MAPPED,,
38,Enhle Mbali Mlotshwa @enhlembali_,2500000.0,1.28,South Africa,Acting and Drama Celebrity Modeling Actors,750400.0,instagram,south-africa,False,2024,Beauty&Fashion,MAPPED,,
39,FitnessBunnie @sbahle_mpisane,2500000.0,1.0,South Africa,Fitness and Health Automotive Business and Finance Training,748400.0,instagram,south-africa,False,2024,Sports,MAPPED,,
40,Thuso Mbedu @thuso.mbedu,2500000.0,2.5,South Africa,Life and Society Celebrity Modeling,748100.0,instagram,south-africa,False,2024,Beauty&Fashion,MAPPED,,
41,Simphiwe Ngema @simzngema,2500000.0,0.94,South Africa,Acting and Drama Celebrity Music Humor,740700.0,instagram,south-africa,False,2024,Music,MAPPED,,
42,PRESIDENT YA STRAATA 👨🏾‍💼 @focalistic,2300000.0,1.42,South Africa,Entertainment and Music Fashion and Accessories,682600.0,instagram,south-africa,False,2024,Beauty&Fashion,MAPPED,,
43,NAAK 🇿🇦 @iamnaakmusiq,2300000.0,0.19,South Africa,Entertainment and Music Finance Product Showcase Business and Finance,681700.0,instagram,south-africa,False,2024,Beauty&Fashion,MAPPED,,
44,Cindy Mahlangu @cindy_thando,2300000.0,3.66,South Africa,Acting and Drama Celebrity Modeling,677500.0,instagram,south-africa,False,2024,Beauty&Fashion,MAPPED,,
45,Mihlali Ndamase @mihlalii_n,2300000.0,3.01,South Africa,Beauty and Self Care Product Education Business and Finance Business,676700.0,instagram,south-africa,False,2024,Beauty&Fashion,MAPPED,,
46,Khanya Mkangisa @ilovekhanya,2200000.0,1.22,South Africa,Acting and Drama Pets Celebrity Music,660000.0,instagram,south-africa,False,2024,Music,MAPPED,,
47,"Rikhado ""Riky Rick"" Makhado @rikyrickworld",2000000.0,3.56,South Africa,Art Modeling,609000.0,instagram,south-africa,False,2024,Beauty&Fashion,MAPPED,,
48,Lamiez Holworthy-Morule @lamiez_holworthy,2000000.0,1.64,South Africa,Entertainment and Music Fitness and Health Modeling Actors,600400.0,instagram,south-africa,False,2024,Sports,MAPPED,,
49,Andiswa Selepe @thebomb.rsa,1900000.0,3.32,South Africa,Fashion and Accessories Entertainment and Music Entertainment Music,576700.0,instagram,south-africa,False,2024,Beauty&Fashion,MAPPED,,
50,Big Hustle @emteethehustla,1900000.0,1.08,South Africa,Entertainment and Music Music,573200.0,instagram,south-africa,False,2024,Music,MAPPED,,
51,Londiwe Zulu @londie_london_official,1900000.0,2.14,South Africa,Entertainment and Music Business and Finance,560400.0,instagram,south-africa,False,2024,Knowledge&Info,MAPPED,,
52,AMAWELE 📿 @majorleaguedjz,1900000.0,0.6,South Africa,Pets Music Entertainment,557200.0,instagram,south-africa,False,2024,Music,MAPPED,,
53,Dineo Langa @dineomoeketsi,1900000.0,0.95,South Africa,Acting and Drama Fashion and Accessories Entertainment and Music Life and Society,556300.0,instagram,south-africa,False,2024,Beauty&Fashion,MAPPED,,
54,Nkosazanah _Daughter @nkosazana_daughter,1800000.0,2.91,South Africa,Art,542200.0,instagram,south-africa,False,2024,Lifestyle,MAPPED,,
55,Nomuzi Mabena @moozlie,1800000.0,0.32,South Africa,Parenting Music Singer Songwriting,539100.0,instagram,south-africa,False,2024,Music,MAPPED,,
56,Joselu Mato @joselumato,1700000.0,11.71,South Africa,Soccer,524500.0,instagram,south-africa,False,2024,Sports,MAPPED,,
57,Ayanda Ncwane 🇿🇦 @ayandancwane,1700000.0,1.2,South Africa,Entertainment and Music Finance Education Business and Finance,523400.0,instagram,south-africa,False,2024,Knowledge&Info,MAPPED,,
58,Zola @znombona,1700000.0,1.16,South Africa,Entertainment and Music Celebrity Entertainment Modeling,522200.00000000006,instagram,south-africa,False,2024,Beauty&Fashion,MAPPED,,
59,Siphesihle Ndaba 🇿🇦 @ceecee_ndaba,1700000.0,2.95,South Africa,Art,505300.0,instagram,south-africa,False,2024,Lifestyle,MAPPED,,
60,Busiswa Gqulu @busiswaah,1700000.0,0.17,South Africa,Entertainment and Music Modeling,500400.0,instagram,south-africa,False,2024,Beauty&Fashion,MAPPED,,
61,Arnold Vosloo 🇿🇦 @arnold_vosloo_official,1700000.0,3.5,South Africa,Fitness and Health Actors Training Gym,496200.0,instagram,south-africa,False,2024,Sports,MAPPED,,
62,Clement Maosa @clementmaosa,1600000.0,1.36,South Africa,Arts and Crafts Entertainment and Music Acting and Drama Singer,493900.0,instagram,south-africa,False,2024,Music,MAPPED,,
63,Nelisiwe Sibiya @nelisiwe_faith_sibiya,1600000.0,0.62,South Africa,Acting and Drama Entertainment and Music Singer Music,485500.0,instagram,south-africa,False,2024,Music,MAPPED,,
64,De-Ben Gogo @dbngogo,1600000.0,1.17,South Africa,Entertainment and Music,474400.0,instagram,south-africa,False,2024,Music,MAPPED,,
65,KwestaDaKAR @kwestadakar,1500000.0,0.44,South Africa,Entertainment and Music Music Singer Entertainment,461100.0,instagram,south-africa,False,2024,Music,MAPPED,,
66,VT @vusithembekwayo,1500000.0,1.09,South Africa,Business and Finance Personal Finance Music Modeling,458000.0,instagram,south-africa,False,2024,Beauty&Fashion,MAPPED,,
67,Kefilwe Mabote @kefilwe_mabote,1500000.0,1.53,South Africa,Finance Fashion and Accessories Styling Modeling,453400.0,instagram,south-africa,False,2024,Beauty&Fashion,MAPPED,,
68,Norma.Mngoma 🇿🇦 @norma.mngoma,1500000.0,0.33,South Africa,Fashion and Accessories Modeling Moms,450500.0,instagram,south-africa,False,2024,Beauty&Fashion,MAPPED,,
69,FERGUSON FILMS @ferguson_films,1500000.0,1.63,South Africa,Actors Singer,449900.0,instagram,south-africa,False,2024,Music,MAPPED,,
70,Buhle Samuels @buhlesamuels,1500000.0,1.76,South Africa,Fashion and Accessories Modeling,442300.0,instagram,south-africa,False,2024,Beauty&Fashion,MAPPED,,
71,Tumelo Candice Modiselle @candicemodiselle,1400000.0,1.01,South Africa,Entertainment and Music Celebrity Entertainment Actors,425300.0,instagram,south-africa,False,2024,Music,MAPPED,,
72,Mrs Asavela Mqokiyana 🇿🇦 @asavela__m,1400000.0,4.92,South Africa,Acting and Drama Celebrity Entertainment Music,424900.0,instagram,south-africa,False,2024,Music,MAPPED,,
73,Kairo Forbes World 🇿🇦 @kairo.forbes,1400000.0,3.32,South Africa,Fashion and Accessories family Parenting Design,424500.0,instagram,south-africa,False,2024,Beauty&Fashion,MAPPED,,
74,Lady Zamar @lady_zamar,1400000.0,0.08,South Africa,Art Music Producers Singer,415800.0,instagram,south-africa,False,2024,Music,MAPPED,,
75,Samú @samkelondlovu,1400000.0,0.54,South Africa,Acting and Drama Entertainment and Music Film Actors,409000.0,instagram,south-africa,False,2024,Music,MAPPED,,
76,It’s Sho time 🪩 @shomadjozi,1300000.0,1.16,South Africa,Entertainment and Music Music Singer,404900.0,instagram,south-africa,False,2024,Music,MAPPED,,
77,Gugu Gumede @itsgugugumede,1300000.0,2.16,South Africa,family Celebrity,404600.0,instagram,south-africa,False,2024,Entertainment,MAPPED,,
78,Big Zulu @bigzulu_sa,1300000.0,0.55,South Africa,Entertainment and Music,404500.0,instagram,south-africa,False,2024,Music,MAPPED,,
79,MASHAYA @youngstunna_rsa,1300000.0,2.44,South Africa,Entertainment and Music Acting and Drama Music,392600.0,instagram,south-africa,False,2024,Music,MAPPED,,
80,Jade 🇿🇦🌊 @jadegrobler,1300000.0,0.86,South Africa,Nature Outdoor Activity Modeling Lifestyle,391900.0,instagram,south-africa,False,2024,Sports,MAPPED,,
81,DJ Sbu @djsbulive,1300000.0,0.21,South Africa,Entertainment and Music Business and Finance Speaker Moms,387800.0,instagram,south-africa,False,2024,Knowledge&Info,MAPPED,,
82,Dineo Ranaka @dineoranaka,1300000.0,0.64,South Africa,Fashion Music Modeling,382200.0,instagram,south-africa,False,2024,Beauty&Fashion,MAPPED,,
83,Mohale Motaung @mohale_77,1300000.0,0.35,South Africa,Food Business and Finance Celebrity Modeling,377500.0,instagram,south-africa,False,2024,Beauty&Fashion,MAPPED,,
84,Jub Jub @official_jubjub,1300000.0,0.64,South Africa,Entertainment and Music Business and Finance Celebrity Music,375100.0,instagram,south-africa,False,2024,Knowledge&Info,MAPPED,,
85,Amar Million 🤍 @lady_amar1,1200000.0,0.43,South Africa,Entertainment and Music Business and Finance,371500.0,instagram,south-africa,False,2024,Knowledge&Info,MAPPED,,
86,Maps Maponyane @mmaponyane,1200000.0,0.28,South Africa,Entertainment and Music Food Business and Finance Celebrity,371400.0,instagram,south-africa,False,2024,Knowledge&Info,MAPPED,,
87,Oros Mampofu | Actor @oros_mampofu,1200000.0,1.21,South Africa,Acting and Drama Celebrity Music Entertainment,362400.0,instagram,south-africa,False,2024,Music,MAPPED,,
88,Ntokozo Dlamini @tk_dlaminii,1200000.0,2.06,South Africa,Fitness Actors Modeling Art,360800.0,instagram,south-africa,False,2024,Sports,MAPPED,,
89,Rami Chuene @ramichuene,1200000.0,0.33,South Africa,Acting and Drama Celebrity Music Entertainment,360000.0,instagram,south-africa,False,2024,Music,MAPPED,,
90,Reece Madlisa @reecemadlisa09,1200000.0,1.75,South Africa,Entertainment and Music,356500.0,instagram,south-africa,False,2024,Music,MAPPED,,
91,Thembisa Liyema Nxumalo @thembisamdoda,1200000.0,0.37,South Africa,Acting and Drama Celebrity Moms Modeling,353000.0,instagram,south-africa,False,2024,Beauty&Fashion,MAPPED,,
92,Omuhle Makaziwe Gela 🇿🇦 @omuhlegela,1200000.0,1.13,South Africa,Fashion and Accessories family Fitness and Health Business and Finance,350100.0,instagram,south-africa,False,2024,Sports,MAPPED,,
93,Basetsana Kumalo @basetsanakumalo,1200000.0,0.35,South Africa,Art Modeling Actors,347000.0,instagram,south-africa,False,2024,Beauty&Fashion,MAPPED,,
94,Moshe Ndiki @moshendiki,1100000.0,0.85,South Africa,Arts and Crafts Modeling Actors,344900.0,instagram,south-africa,False,2024,Beauty&Fashion,MAPPED,,
95,Nhlanhla Nciza @nhlanhla_nciza,1100000.0,1.5,South Africa,Entertainment and Music Music Entertainment Singer,344000.0,instagram,south-africa,False,2024,Music,MAPPED,,
96,Boohle🇿🇦 @boohle_sa,1100000.0,1.88,South Africa,Entertainment and Music Music,343900.0,instagram,south-africa,False,2024,Music,MAPPED,,
97,Zenande Mfenyana 🇿🇦 @zenandemfenyana,1100000.0,1.9,South Africa,Acting and Drama Celebrity Music Entertainment,341900.0,instagram,south-africa,False,2024,Music,MAPPED,,
98,Khaya Dladla @khaya_dladla,1100000.0,0.23,South Africa,Acting and Drama Entertainment and Music Celebrity Singer,341300.0,instagram,south-africa,False,2024,Music,MAPPED,,
99,✩ 𝙂 𝙍 𝙀 𝙀 𝙉 ✩ @green_ausadaporn,1100000.0,0.38,South Africa,Beauty and Self Care News,339200.0,instagram,south-africa,False,2024,Beauty&Fashion,MAPPED,,
100,Seemah Mangolwane @s.eemah_x,1100000.0,8.47,South Africa,Fashion and Accessories,335300.0,instagram,south-africa,False,2024,Beauty&Fashion,MAPPED,,
1,LISA @lalalalisa_m,102200000.0,7.02,South Korea,Singer,30700000.0,instagram,south-korea,False,2024,Music,MAPPED,,
2,BTS official @bts.bighitofficial,74400000.0,2.32,South Korea,Entertainment and Music Music Band Singer,22300000.0,instagram,south-korea,False,2024,Music,MAPPED,,
3,SUGA of BTS 민윤기 @agustd,48700000.0,9.67,South Korea,Entertainment and Music Music Musician Band,14600000.0,instagram,south-korea,False,2024,Music,MAPPED,,
4,Jin of BTS @jin,48000000.0,15.54,South Korea,Art Music Artist,14400000.0,instagram,south-korea,False,2024,Music,MAPPED,,
5,이민호 leeminho @actorleeminho,35100000.0,4.6,South Korea,Actors,10500000.0,instagram,south-korea,False,2024,Entertainment,MAPPED,,
6,이지금 IU @dlwlrma,31400000.0,10.75,South Korea,Entertainment and Music Celebrity Modeling,9400000.0,instagram,south-korea,False,2024,Beauty&Fashion,MAPPED,,
7,TWICE @twicetagram,28800000.0,1.42,South Korea,Art Music Band Modeling,8600000.0,instagram,south-korea,False,2024,Beauty&Fashion,MAPPED,,
8,Stray Kids @realstraykids,27800000.0,3.67,South Korea,Entertainment and Music Band Music Music of Asia,8300000.000000001,instagram,south-korea,False,2024,Music,MAPPED,,
9,권지용(權志龍) @xxxibgdrgn,22400000.0,3.1,South Korea,Entertainment and Music Adventure Entertainment,6700000.0,instagram,south-korea,False,2024,Sports,MAPPED,,
10,SOMI @somsomi0309,19700000.0,3.14,South Korea,Modeling Styling Singer Artist,5900000.0,instagram,south-korea,False,2024,Beauty&Fashion,MAPPED,,
11,Bretman Rock @bretmanrock,18900000.0,3.78,South Korea,Celebrity Video Blogger Celebrities Movie Character,5700000.0,instagram,south-korea,False,2024,Entertainment,MAPPED,,
12,Hyuna Kim @hyunah_aa,18000000.0,0.06,South Korea,Music of Asia Singer,5400000.0,instagram,south-korea,False,2024,Music,MAPPED,,
13,황인엽 @hi_high_hiy,17700000.0,11.92,South Korea,Acting and Drama,5300000.0,instagram,south-korea,False,2024,Entertainment,MAPPED,,
14,TOP 최승현🌙 @choi_seung_hyun_tttop,17600000.0,0.72,South Korea,Entertainment and Music,5300000.0,instagram,south-korea,False,2024,Music,MAPPED,,
15,NCT Official Instagram @nct,17300000.0,0.09,South Korea,Entertainment and Music Music Band Musician Band,5200000.0,instagram,south-korea,False,2024,Music,MAPPED,,
16,Song hyekyo @kyo1122,17300000.0,6.31,South Korea,Entertainment and Music Actors,5200000.0,instagram,south-korea,False,2024,Music,MAPPED,,
17,이동욱 (Official_Instagram) @leedongwook_official,17200000.0,4.4,South Korea,Acting and Drama Celebrity Actors Actor,5200000.0,instagram,south-korea,False,2024,Entertainment,MAPPED,,
18,NCT 127 Official Instagram @nct127,16600000.000000002,0.1,South Korea,Entertainment and Music Music Modeling Bands Musicians,5000000.0,instagram,south-korea,False,2024,Beauty&Fashion,MAPPED,,
19,TOMORROW X TOGETHER OFFICIAL @txt_bighit,15800000.0,0.09,South Korea,,4700000.0,instagram,south-korea,False,2024,,,,
20,박신혜/Shin Hye Park @ssinz7,15600000.0,3.62,South Korea,Actors Singer Artist,4700000.0,instagram,south-korea,False,2024,Music,MAPPED,,
21,SM Entertainment Group @smtown,14700000.0,0.51,South Korea,Entertainment and Music Celebrity Music Singer,4400000.0,instagram,south-korea,False,2024,Music,MAPPED,,
22,김수현 Kim Soo Hyun 金秀賢 @soohyun_k216,14400000.0,5.8,South Korea,Entertainment and Music Gym Modeling Artist,4300000.0,instagram,south-korea,False,2024,Sports,MAPPED,,
23,Mark Tuan @marktuan,14000000.0,3.88,South Korea,Entertainment and Music Music Actors,4200000.0,instagram,south-korea,False,2024,Music,MAPPED,,
24,MUN KA YOUNG @m_kayoung,13100000.0,0.1,South Korea,Actors,3900000.0,instagram,south-korea,False,2024,Entertainment,MAPPED,,
25,Son HeungMin(손흥민)🇰🇷 @hm_son7,12700000.0,6.16,South Korea,Sports,3800000.0,instagram,south-korea,False,2024,Sports,MAPPED,,
26,Red Velvet Official @redvelvet.smtown,12100000.0,2.32,South Korea,Entertainment and Music Music of Asia Styling,3600000.0,instagram,south-korea,False,2024,Music,MAPPED,,
27,송중기 songjoongki official @hi_songjoongki,12000000.0,0.12,South Korea,,3600000.0,instagram,south-korea,False,2024,,,,
28,김유정 KIM YOU JUNG 🇰🇷 @you_r_love,12000000.0,0.17,South Korea,Fashion Modeling,3600000.0,instagram,south-korea,False,2024,Beauty&Fashion,MAPPED,,
29,박형식 / PARKHYUNGSIK @phs1116,11900000.0,13.09,South Korea,Arts and Crafts Business,3600000.0,instagram,south-korea,False,2024,Knowledge&Info,MAPPED,,
30,(G)I-DLE (여자)아이들 @official_g_i_dle,11800000.0,2.08,South Korea,Entertainment and Music Music Modeling,3600000.0,instagram,south-korea,False,2024,Beauty&Fashion,MAPPED,,
31,장원영 WONYOUNG @for_everyoung10,11800000.0,0.16,South Korea,,3500000.0,instagram,south-korea,False,2024,,,,
32,aespa 에스파 @aespa_official,11700000.0,0.51,South Korea,Entertainment and Music,3500000.0,instagram,south-korea,False,2024,Music,MAPPED,,
33,TAEYONG @taeoxo_nct,11400000.0,10.78,South Korea,Entertainment and Music Celebrity Food and Drink,3400000.0,instagram,south-korea,False,2024,Music,MAPPED,,
34,SUHO @kimjuncotton,11100000.0,0.24,South Korea,Travel Music Boutique,3300000.0,instagram,south-korea,False,2024,Music,MAPPED,,
35,EXO Official @weareone.exo,10800000.0,2.77,South Korea,Entertainment and Music Singer Band,3200000.0,instagram,south-korea,False,2024,Music,MAPPED,,
36,위하준 Wi Ha Jun @wi__wi__wi,10500000.0,6.89,South Korea,Fashion Gym Modeling,3100000.0,instagram,south-korea,False,2024,Sports,MAPPED,,
37,채영 CHAEYOUNG @chaeyo.0,9900000.0,14.23,South Korea,Music,3000000.0,instagram,south-korea,False,2024,Music,MAPPED,,
38,김선호 @seonho__kim,9800000.0,0.19,South Korea,Celebrity Gym Modeling,3000000.0,instagram,south-korea,False,2024,Sports,MAPPED,,
39,SHINee KEY @bumkeyk,9800000.0,1.9,South Korea,Entertainment and Music Singer,2900000.0,instagram,south-korea,False,2024,Music,MAPPED,,
40,HUH YUNJIN @jenaissante,9700000.0,0.16,South Korea,,2900000.0,instagram,south-korea,False,2024,,,,
41,미나 (MINA) @mina_sr_my,9300000.0,12.61,South Korea,,2800000.0,instagram,south-korea,False,2024,,,,
42,WayV @wayvofficial,9300000.0,0.13,South Korea,Entertainment and Music Modeling,2800000.0,instagram,south-korea,False,2024,Beauty&Fashion,MAPPED,,
43,ATEEZ(에이티즈) @ateez_official_,9300000.0,0.16,South Korea,Entertainment and Music Modeling Musician,2800000.0,instagram,south-korea,False,2024,Beauty&Fashion,MAPPED,,
44,CHOIWOOSHIK @dntlrdl,9200000.0,0.13,South Korea,Celebrity Actor,2800000.0,instagram,south-korea,False,2024,Entertainment,MAPPED,,
45,JUNGKOOK (전정국) Updates @jungkook_bighitentertainment,9100000.0,8.62,South Korea,Entertainment and Music,2700000.0,instagram,south-korea,False,2024,Music,MAPPED,,
46,TAEHYUNG (김태형) Updates @taehyung.bighitentertainment,9100000.0,8.79,South Korea,Art Entertainment and Music,2700000.0,instagram,south-korea,False,2024,Music,MAPPED,,
47,최시원 • Siwon Choi @siwonchoi,9000000.0,2.55,South Korea,Entertainment and Music Founder Marketing,2700000.0,instagram,south-korea,False,2024,Knowledge&Info,MAPPED,,
48,PONY 포니 @ponysmakeup,9000000.0,0.11,South Korea,Beauty and Self Care Fashion and Accessories Lifestyle,2700000.0,instagram,south-korea,False,2024,Beauty&Fashion,MAPPED,,
49,다현 (DAHYUN) @dahhyunnee,8900000.0,10.77,South Korea,,2700000.0,instagram,south-korea,False,2024,,,,
50,혜리 @hyeri_0609,8700000.0,0.12,South Korea,Beauty and Self Care Celebrity Singer,2600000.0,instagram,south-korea,False,2024,Beauty&Fashion,MAPPED,,
51,LE SSERAFIM @le_sserafim,8700000.0,6.48,South Korea,Music,2600000.0,instagram,south-korea,False,2024,Music,MAPPED,,
52,김민규 @mingue.k,8600000.0,10.48,South Korea,Celebrity,2600000.0,instagram,south-korea,False,2024,Entertainment,MAPPED,,
53,Joshua Hong @joshu_acoustic,8600000.0,0.35,South Korea,Entertainment and Music Music Singer,2600000.0,instagram,south-korea,False,2024,Music,MAPPED,,
54,정연 (JEONGYEON) @jy_piece,8500000.0,0.18,South Korea,Music,2500000.0,instagram,south-korea,False,2024,Music,MAPPED,,
55,SEOHYUN @seojuhyun_s,8199999.999999999,0.14,South Korea,Celebrity Music Music of Asia Singer,2500000.0,instagram,south-korea,False,2024,Music,MAPPED,,
56,LOVE MYSELF @bts_love_myself,8100000.0,5.6,South Korea,Education Celebrity,2400000.0,instagram,south-korea,False,2024,Knowledge&Info,MAPPED,,
57,승관 SEUNGKWAN @pledis_boos,7900000.0,0.27,South Korea,Entertainment and Music Singer,2400000.0,instagram,south-korea,False,2024,Music,MAPPED,,
58,SUGA (민윤기) Updates @suga_bighitentertainment,7900000.0,16.0,South Korea,Entertainment and Music,2400000.0,instagram,south-korea,False,2024,Music,MAPPED,,
59,마마무 (MAMAMOO) @mamamoo_official,7800000.0,0.66,South Korea,Entertainment and Music,2300000.0,instagram,south-korea,False,2024,Music,MAPPED,,
60,The8 디에잇 @xuminghao_o,7700000.0,19.02,South Korea,Singer,2300000.0,instagram,south-korea,False,2024,Music,MAPPED,,
61,Sooyoung Choi @sooyoungchoi,7700000.0,0.14,South Korea,Fashion Lifestyle Beauty,2300000.0,instagram,south-korea,False,2024,Beauty&Fashion,MAPPED,,
62,YangYang 양양 @yangyang_x2,7700000.0,0.16,South Korea,Arts and Crafts Animation and Cosplay Entertainment and Music,2300000.0,instagram,south-korea,False,2024,Tech&Gaming,MAPPED,,
63,JIN (김석진) Updates @jin_bighitentertainment,7400000.0,14.6,South Korea,Art Entertainment and Music,2200000.0,instagram,south-korea,False,2024,Music,MAPPED,,
64,J-HOPE (제이홉) Updates @jhope_bighitentertainment,7200000.0,9.68,South Korea,Entertainment and Music,2200000.0,instagram,south-korea,False,2024,Music,MAPPED,,
65,TREASURE (트레저) @yg_treasure_official,6900000.0,6.21,South Korea,,2100000.0,instagram,south-korea,False,2024,,,,
66,OFFICIAL MONSTA X @official_monsta_x,6900000.0,1.55,South Korea,Entertainment and Music Singer Music Songwriting,2100000.0,instagram,south-korea,False,2024,Music,MAPPED,,
67,Vernon 버논 @vernonline,6800000.0,10.12,South Korea,Art Entertainment Music,2000000.0,instagram,south-korea,False,2024,Music,MAPPED,,
68,LEE JENO @leejen_o_423,6800000.0,29.36,South Korea,Entertainment and Music,2000000.0,instagram,south-korea,False,2024,Music,MAPPED,,
69,설리가진리 (Sulli) @jelly_jilli,6800000.0,16.39,South Korea,Actors,2000000.0,instagram,south-korea,False,2024,Entertainment,MAPPED,,
70,배우 이준기 李準基 @actor_jg,6700000.0,3.15,South Korea,Acting and Drama Celebrity Modeling,2000000.0,instagram,south-korea,False,2024,Beauty&Fashion,MAPPED,,
71,Hyoyeon Kim @hyoyeon_x_x,6700000.0,1.29,South Korea,Entertainment and Music Music,2000000.0,instagram,south-korea,False,2024,Music,MAPPED,,
72,권유리 ʏᴜʀɪ ᴋᴡᴏɴ I’m GK @yulyulk,6600000.0,1.74,South Korea,Entertainment and Music Music Lifestyle,2000000.0,instagram,south-korea,False,2024,Music,MAPPED,,
73,이준호 @le2jh,6500000.0,21.79,South Korea,Music Actors,2000000.0,instagram,south-korea,False,2024,Music,MAPPED,,
74,Lomon 991111 @lomon991111,6500000.0,14.98,South Korea,Celebrity Actors,1900000.0,instagram,south-korea,False,2024,Entertainment,MAPPED,,
75,@ggonekim,6400000.0,3.59,South Korea,Celebrity Gym Modeling,1900000.0,instagram,south-korea,False,2024,Sports,MAPPED,,
76,아스트로 @officialastro,6400000.0,4.39,South Korea,Entertainment and Music Modeling,1900000.0,instagram,south-korea,False,2024,Beauty&Fashion,MAPPED,,
77,BTS V 방탄소년단 뷔🐯 @bts_v,6100000.0,1.58,South Korea,Entertainment and Music Music Fan Pages,1800000.0,instagram,south-korea,False,2024,Music,MAPPED,,
78,WOOZI @woozi_universefactory,5900000.0,9.82,South Korea,Entertainment and Music Music,1800000.0,instagram,south-korea,False,2024,Music,MAPPED,,
79,방탄소년단 BTS 김남준 RM @btsnamjoon,5800000.0,5.5,South Korea,Singer Rap,1700000.0,instagram,south-korea,False,2024,Music,MAPPED,,
80,Amber Liu 刘逸云 @amberliu,5600000.0,1.0,South Korea,Art Singer Music Rap,1700000.0,instagram,south-korea,False,2024,Music,MAPPED,,
81,김희철 @kimheenim,5600000.0,4.62,South Korea,Entertainment and Music Singer,1700000.0,instagram,south-korea,False,2024,Music,MAPPED,,
82,써니 (Sunny) @515sunnyday,5500000.0,3.24,South Korea,Movies,1600000.0,instagram,south-korea,False,2024,UNMAPPED,UNMAPPED,,
83,샤이니(SHINee) Official @shinee,5400000.0,0.39,South Korea,Entertainment and Music News Band Music,1600000.0,instagram,south-korea,False,2024,Knowledge&Info,MAPPED,,
84,이특 leeteuk @xxteukxx,5300000.0,2.11,South Korea,Entertainment and Music Singer,1600000.0,instagram,south-korea,False,2024,Music,MAPPED,,
85,JHOPE @bts_jhope,5100000.0,6.83,South Korea,Singer,1500000.0,instagram,south-korea,False,2024,Music,MAPPED,,
86,청하 CHUNG HA @chungha_official,5100000.0,1.58,South Korea,Entertainment and Music Singer,1500000.0,instagram,south-korea,False,2024,Music,MAPPED,,
87,Jisoo @actor_jisoo,5000000.0,11.66,South Korea,Celebrity Actors Modeling,1500000.0,instagram,south-korea,False,2024,Beauty&Fashion,MAPPED,,
88,여진구 Yeo Jin Goo @yeojin9oo,4900000.0,2.37,South Korea,Entertainment and Music Actors,1500000.0,instagram,south-korea,False,2024,Music,MAPPED,,
89,윤찬영 Chan-young Yoon @yooncy1,4900000.0,10.8,South Korea,Celebrity,1500000.0,instagram,south-korea,False,2024,Entertainment,MAPPED,,
90,Daniel Kang=강다니엘 @daniel.k.here,4800000.0,4.27,South Korea,Entertainment and Music,1400000.0,instagram,south-korea,False,2024,Music,MAPPED,,
91,Hari Won(하리원) @wonhari,4700000.0,0.23,South Korea,Entertainment and Music Arts and Crafts Music,1400000.0,instagram,south-korea,False,2024,Music,MAPPED,,
92,에릭남 Eric Nam @ericnam,4600000.0,1.33,South Korea,Entertainment and Music Music Actors,1400000.0,instagram,south-korea,False,2024,Music,MAPPED,,
93,안희연 @ahnanihh,4600000.0,1.11,South Korea,Music Singer Music of Asia,1400000.0,instagram,south-korea,False,2024,Music,MAPPED,,
94,효린 ʜʏᴏʟʏɴ of bridʒ 🎤🇰🇷 @xhyolynx,4600000.0,0.48,South Korea,Music Modeling,1400000.0,instagram,south-korea,False,2024,Beauty&Fashion,MAPPED,,
95,박지훈 Park Jihoon @0529.jihoon.ig,4500000.0,16.32,South Korea,,1300000.0,instagram,south-korea,False,2024,,,,
96,Jay Park / 박재범 ($hway bum) @jparkitrighthere,4400000.0,2.9,South Korea,Music,1300000.0,instagram,south-korea,False,2024,Music,MAPPED,,
97,강민혁 KANG MIN HYUK @mr_kanggun,4300000.0,0.26,South Korea,Entertainment and Music Skateboarding Modeling,1300000.0,instagram,south-korea,False,2024,Beauty&Fashion,MAPPED,,
98,IVE 아이브 @ivestarship,4200000.0,5.14,South Korea,,1300000.0,instagram,south-korea,False,2024,,,,
99,더보이즈(THE BOYZ) @official_theboyz,4100000.0,3.16,South Korea,Entertainment and Music Parenting,1200000.0,instagram,south-korea,False,2024,Music,MAPPED,,
100,서인국 Seo In Guk @seo_cccc,4100000.0,11.59,South Korea,Entertainment and Music,1200000.0,instagram,south-korea,False,2024,Music,MAPPED,,
1,Sergio Ramos @sergioramos,62800000.0,1.14,Spain,Sports Soccer,18800000.0,instagram,spain,False,2024,Sports,MAPPED,,
2,Georgina Rodríguez @georginagio,58100000.0,0.03,Spain,Books Lifestyle Modeling,17400000.0,instagram,spain,False,2024,Beauty&Fashion,MAPPED,,
3,Gareth Bale @garethbale11,52600000.0,1.42,Spain,Soccer,15800000.0,instagram,spain,False,2024,Sports,MAPPED,,
4,Andres Iniesta @andresiniesta8,43500000.0,0.35,Spain,Sports Soccer,13000000.0,instagram,spain,False,2024,Sports,MAPPED,,
5,Isco Alarcon Suarez @iscoalarcon,29800000.0,0.95,Spain,Soccer,8900000.0,instagram,spain,False,2024,Sports,MAPPED,,
6,Gerard Piqué @3gerardpique,22500000.0,5.38,Spain,Entertainment and Music Soccer,6700000.0,instagram,spain,False,2024,Sports,MAPPED,,
7,Álvaro Morata @alvaromorata,22100000.0,0.74,Spain,Sports family Journalists Soccer,6600000.0,instagram,spain,False,2024,Sports,MAPPED,,
8,Úrsula Corberó 🧸 @ursulolita,21400000.0,3.15,Spain,Entertainment and Music Celebrity Modeling Actors,6400000.0,instagram,spain,False,2024,Beauty&Fashion,MAPPED,,
9,Iker Casillas @ikercasillas,20600000.0,0.05,Spain,Sports Soccer,6200000.0,instagram,spain,False,2024,Sports,MAPPED,,
10,Lucas Vázquez @lucasvazquez91,20200000.0,1.19,Spain,Sports Soccer,6100000.0,instagram,spain,False,2024,Sports,MAPPED,,
11,Rafa Nadal @rafaelnadal,20100000.0,0.52,Spain,Sports Tennis,6000000.0,instagram,spain,False,2024,Sports,MAPPED,,
12,Enrique Iglesias @enriqueiglesias,18500000.0,0.8,Spain,Entertainment and Music,5600000.0,instagram,spain,False,2024,Music,MAPPED,,
13,Marc ter Stegen @mterstegen1,15900000.0,3.09,Spain,Sports Soccer,4800000.0,instagram,spain,False,2024,Sports,MAPPED,,
14,Marco Asensio @marcoasensio10,15800000.0,3.1,Spain,Soccer,4700000.0,instagram,spain,False,2024,Sports,MAPPED,,
15,David De Gea @d_degeaofficial,15700000.0,4.19,Spain,Sports Soccer,4700000.0,instagram,spain,False,2024,Sports,MAPPED,,
16,Cesc Fàbregas @cescf4bregas,15100000.0,0.23,Spain,Sports Soccer,4500000.0,instagram,spain,False,2024,Sports,MAPPED,,
17,Thibaut Courtois @thibautcourtois,14400000.0,1.92,Spain,Sports Soccer,4300000.0,instagram,spain,False,2024,Sports,MAPPED,,
18,Pedri González @pedri,13200000.0,0.09,Spain,Sports,4000000.0,instagram,spain,False,2024,Sports,MAPPED,,
19,Jordi Alba @jordialbaoficial,12900000.0,1.4,Spain,Soccer Sports,3900000.0,instagram,spain,False,2024,Sports,MAPPED,,
20,Nacho Fernandez Iglesias @nachofdez90,12700000.0,1.33,Spain,Soccer Sports,3800000.0,instagram,spain,False,2024,Sports,MAPPED,,
21,Pilar Rubio @pilarrubio,11000000.0,0.49,Spain,Fashion and Accessories family Entertainment and Music Actors,3300000.0,instagram,spain,False,2024,Beauty&Fashion,MAPPED,,
22,Álvaro Morte @alvaromorte,11000000.0,0.89,Spain,Entertainment and Music Actors,3300000.0,instagram,spain,False,2024,Music,MAPPED,,
23,Manu Rios @manurios,10900000.0,6.36,Spain,Entertainment and Music Music Singer Dance,3300000.0,instagram,spain,False,2024,Music,MAPPED,,
24,Carles Puyol @carles5puyol,10800000.0,2.6,Spain,Sports Soccer,3200000.0,instagram,spain,False,2024,Sports,MAPPED,,
25,Alba Flores @albafloresoficial,10600000.0,1.14,Spain,Entertainment and Music Actors,3200000.0,instagram,spain,False,2024,Music,MAPPED,,
26,Xabi Alonso @xabialonso,10400000.0,0.84,Spain,Soccer Sports,3100000.0,instagram,spain,False,2024,Sports,MAPPED,,
27,Ibai @ibaillanos,10300000.0,13.5,Spain,Education Soccer Actors,3100000.0,instagram,spain,False,2024,Sports,MAPPED,,
28,Ansu Fati @ansufati,10200000.0,3.95,Spain,Sports,3100000.0,instagram,spain,False,2024,Sports,MAPPED,,
29,FC Barcelona B @fcbarcelonab,9600000.0,0.88,Spain,Sports Food and Drink,2900000.0,instagram,spain,False,2024,Sports,MAPPED,,
30,Daniel Carvajal @dani.carvajal.2,9200000.0,2.48,Spain,Soccer Actors,2800000.0,instagram,spain,False,2024,Sports,MAPPED,,
31,David Villa @davidvilla,8800000.0,0.2,Spain,Sports Soccer,2600000.0,instagram,spain,False,2024,Sports,MAPPED,,
32,Sergi Roberto @sergiroberto,8100000.0,2.63,Spain,Sports Soccer,2400000.0,instagram,spain,False,2024,Sports,MAPPED,,
33,FC Barcelona La Masia @fcbmasia,8100000.0,0.22,Spain,Sports Personal Finance Soccer,2400000.0,instagram,spain,False,2024,Sports,MAPPED,,
34,𝕯𝖆𝖓𝖎𝖊𝖑𝖆 𝕭𝖚𝖊𝖓𝖗𝖔𝖘𝖙𝖗𝖔 𝖇𝖇 🤍 @queenbuenrostro,8000000.0,1.95,Spain,Fashion and Accessories Food & Drink DIY & Crafts Design,2400000.0,instagram,spain,False,2024,Beauty&Fashion,MAPPED,,
35,Diego Costa @diego.costa,7700000.0,0.64,Spain,Soccer,2300000.0,instagram,spain,False,2024,Sports,MAPPED,,
36,TheGrefg =) @grefg_official,7700000.0,2.16,Spain,Video Gaming,2300000.0,instagram,spain,False,2024,Tech&Gaming,MAPPED,,
37,Juan Mata @juanmatagarcia,7300000.0,2.97,Spain,Sports,2200000.0,instagram,spain,False,2024,Sports,MAPPED,,
38,Cindy Kimberly @wolfiecindy,7200000.0,3.19,Spain,Beauty and Self Care Fashion and Accessories Modeling Lifestyle,2200000.0,instagram,spain,False,2024,Beauty&Fashion,MAPPED,,
39,Neiva Mara @neivamara,7200000.0,1.81,Spain,Fitness and Health Lifestyle Modeling,2200000.0,instagram,spain,False,2024,Sports,MAPPED,,
40,Alejandro Sanz @alejandrosanz,7200000.0,1.72,Spain,Sports Actors Journalists,2200000.0,instagram,spain,False,2024,Sports,MAPPED,,
41,Jordi Koalitic 🐨📸 @jordi.koalitic,7200000.0,34.34,Spain,Arts and Crafts Photography Outdoor Activity Architecture,2100000.0,instagram,spain,False,2024,Sports,MAPPED,,
42,Mario Casas @mario_houses,7100000.0,1.6,Spain,Art Actors Lifestyle Training,2100000.0,instagram,spain,False,2024,Entertainment,MAPPED,,
43,Star Yuuki @staryuukiii,7100000.0,3.53,Spain,Entertainment and Music Funny,2100000.0,instagram,spain,False,2024,Music,MAPPED,,
44,Marc Márquez @marcmarquez93,7100000.0,3.11,Spain,Sports Motorcycle Racing,2100000.0,instagram,spain,False,2024,Sports,MAPPED,,
45,Marc Bartra @marcbartra,6800000.0,1.1,Spain,Sports Soccer,2000000.0,instagram,spain,False,2024,Sports,MAPPED,,
46,Penélope Cruz @penelopecruzoficial,6500000.0,1.01,Spain,Journalists,2000000.0,instagram,spain,False,2024,Knowledge&Info,MAPPED,,
47,Miguel Bernardeau @miguel_bernardeau,6400000.0,2.91,Spain,Actors,1900000.0,instagram,spain,False,2024,Entertainment,MAPPED,,
48,Naim Alejandro Darrechi 🥷💙 @naimdarrechi,6400000.0,1.36,Spain,Entertainment and Music Actors,1900000.0,instagram,spain,False,2024,Music,MAPPED,,
49,♈️ Samuel De Luque ♈️ @vegetta777,6300000.0,15.57,Spain,Entertainment and Music Lifestyle Actors,1900000.0,instagram,spain,False,2024,Music,MAPPED,,
50,Sergio Busquets @5sergiob,6300000.0,9.55,Spain,Sports,1900000.0,instagram,spain,False,2024,Sports,MAPPED,,
51,Pedro Rodriguez Ledesma @_pedro17_,6000000.0,1.8,Spain,Sports Soccer,1800000.0,instagram,spain,False,2024,Sports,MAPPED,,
52,Pablo Alborán @pabloalboran,5800000.0,1.8,Spain,Music,1700000.0,instagram,spain,False,2024,Music,MAPPED,,
53,Sergi Constance @sergiconstance,5800000.0,1.04,Spain,Fitness and Health Training Coaching Health & Fitness,1700000.0,instagram,spain,False,2024,Sports,MAPPED,,
54,Roberto Carlos 罗伯特卡洛斯 @oficialrc3,5500000.0,0.6,Spain,Entertainment and Music Sports Soccer,1600000.0,instagram,spain,False,2024,Sports,MAPPED,,
55,FC Barcelona Femeni @fcbfemeni,5500000.0,0.99,Spain,Sports Soccer,1600000.0,instagram,spain,False,2024,Sports,MAPPED,,
56,Itziar Ituño (OFIZIAL) @itziarituno,5300000.0,3.0,Spain,Entertainment and Music,1600000.0,instagram,spain,False,2024,Music,MAPPED,,
57,Najwa Nimri @najwanimri,5200000.0,1.81,Spain,Acting and Drama Entertainment and Music Actors,1600000.0,instagram,spain,False,2024,Music,MAPPED,,
58,Mina El Hammani @minaelhammani,5200000.0,0.89,Spain,Acting and Drama Entertainment and Music Lifestyle Actors,1600000.0,instagram,spain,False,2024,Music,MAPPED,,
59,💟Victoria Lomba Official💟 @victorialomba,5000000.0,0.1,Spain,Fashion and Accessories Fitness and Health Beauty and Self Care Modeling,1500000.0,instagram,spain,False,2024,Sports,MAPPED,,
60,Maria Alejandra Bustamante @piensoenpositivo,4800000.0,0.01,Spain,Education Marketing and Advertising Actors Virtualization,1400000.0,instagram,spain,False,2024,Knowledge&Info,MAPPED,,
61,Ander Herrera @anderherrera,4800000.0,0.52,Spain,Sports Soccer,1400000.0,instagram,spain,False,2024,Sports,MAPPED,,
62,Arci Muñoz 🌻 ラモナ 🌸 라모나 @ramonathornes,4800000.0,0.17,Spain,Arts and Crafts Actors Artist,1400000.0,instagram,spain,False,2024,Entertainment,MAPPED,,
63,Rels B .݁✧⋆ @skinnyflakk,4800000.0,0.27,Spain,Music DJ,1400000.0,instagram,spain,False,2024,Music,MAPPED,,
64,Blanca Suárez @blanca_suarez,4700000.0,0.77,Spain,Celebrity Acting and Drama Beauty and Self Care,1400000.0,instagram,spain,False,2024,Beauty&Fashion,MAPPED,,
65,Señor perez @papasecreto,4700000.0,0.71,Spain,Actors Music,1400000.0,instagram,spain,False,2024,Music,MAPPED,,
66,Daniella Semaan Fàbregas @daniellasemaan,4700000.0,0.18,Spain,family Parenting Soccer Moms,1400000.0,instagram,spain,False,2024,Sports,MAPPED,,
67,NOVIOS BIPOLARES @noviosbipolares,4600000.0,0.22,Spain,Romance and Wedding Actors,1400000.0,instagram,spain,False,2024,Beauty&Fashion,MAPPED,,
68,Las aventuras de Nacho @nachter,4500000.0,7.38,Spain,Arts and Crafts Funny Animals & Pets Cooking,1400000.0,instagram,spain,False,2024,Entertainment,MAPPED,,
69,Clara Galle🌀 @claaragalle,4400000.0,0.25,Spain,Entertainment and Music Marketing and Advertising,1300000.0,instagram,spain,False,2024,Knowledge&Info,MAPPED,,
70,Joaquin Sanchez @joaquinarte,4300000.0,1.64,Spain,Arts and Crafts Marketing and Advertising Soccer Actors,1300000.0,instagram,spain,False,2024,Sports,MAPPED,,
71,Miguel Angel Silvestre @miguelangelsilvestre,4300000.0,2.77,Spain,Celebrity Actors,1300000.0,instagram,spain,False,2024,Entertainment,MAPPED,,
72,Jon Kortajarena @jonkortajarena,4200000.0,0.61,Spain,Modeling,1300000.0,instagram,spain,False,2024,Beauty&Fashion,MAPPED,,
73,Héctor Bellerín @hectorbellerin,4100000.0,7.87,Spain,Sports Tennis,1200000.0,instagram,spain,False,2024,Sports,MAPPED,,
74,Fede Valverde @fedeevalverde,4100000.0,4.2,Spain,Soccer Actors,1200000.0,instagram,spain,False,2024,Sports,MAPPED,,
75,Selección Española de Fútbol @sefutbol,4000000.0,0.46,Spain,Sports Soccer,1200000.0,instagram,spain,False,2024,Sports,MAPPED,,
76,Ferran Torres @ferrantorres,3900000.0,2.42,Spain,Sports Soccer,1200000.0,instagram,spain,False,2024,Sports,MAPPED,,
77,Antonio Banderas @antoniobanderas,3900000.0,0.21,Spain,Acting and Drama Entertainment and Music Celebrity Actors,1200000.0,instagram,spain,False,2024,Music,MAPPED,,
78,DjMaRiiO @djmariio,3800000.0,0.3,Spain,Games Automotive Soccer Actors,1100000.0,instagram,spain,False,2024,Sports,MAPPED,,
79,Zaida Ward @zaida_ward,3800000.0,0.11,Spain,Art Food & Drink Health & Fitness Hair & Beauty,1100000.0,instagram,spain,False,2024,Sports,MAPPED,,
80,César Azpilicueta @cesarazpi,3700000.0,1.65,Spain,Sports Soccer,1100000.0,instagram,spain,False,2024,Sports,MAPPED,,
81,Inigo Dôminic Pascual 💎 @inigopascual,3500000.0,0.5,Spain,Entertainment and Music Music Singer Songwriting,1100000.0,instagram,spain,False,2024,Music,MAPPED,,
82,Amor de un café ✨ @amordeuncafe,3500000.0,0.54,Spain,,1000000.0,instagram,spain,False,2024,,,,
83,Ana Cozar @espana927,3400000.0,0.5,Spain,Fitness and Health Product Education Product Showcase Business and Finance,1000000.0,instagram,spain,False,2024,Sports,MAPPED,,
84,Aida Domenech @dulceida,3400000.0,1.4,Spain,Fashion and Accessories,1000000.0,instagram,spain,False,2024,Beauty&Fashion,MAPPED,,
85,Abraham Mateo @abrahammateo,3300000.0,1.17,Spain,Entertainment and Music Singer,999600.0,instagram,spain,False,2024,Music,MAPPED,,
86,KEO @thekiddkeo,3300000.0,4.08,Spain,Entertainment and Music Music Modeling Singer,999100.0,instagram,spain,False,2024,Beauty&Fashion,MAPPED,,
87,Ó S C A R C A S A S @oscar_casas_,3300000.0,5.84,Spain,Acting and Drama Celebrity Actors,997300.0,instagram,spain,False,2024,Entertainment,MAPPED,,
88,"Luis ""Potro"" Caballero Dussauge @luispotrocaballero",3300000.0,0.28,Spain,Music Marketing and Advertising Actors Cars & Motorcycles,988400.0,instagram,spain,False,2024,Knowledge&Info,MAPPED,,
89,MARIA POMBO @mariapombo,3200000.0,2.9,Spain,Fashion and Accessories Marketing and Advertising Actors Hair & Beauty,970800.0,instagram,spain,False,2024,Beauty&Fashion,MAPPED,,
90,André Lamoglia @andrelamoglia,3200000.0,0.35,Spain,Celebrity Celebrities Humor Animals & Pets,966500.0,instagram,spain,False,2024,Entertainment,MAPPED,,
91,Sevilla FC @sevillafc,3100000.0,0.44,Spain,Sports Personal Finance Soccer,941300.0,instagram,spain,False,2024,Sports,MAPPED,,
92,Arna Karls @arnakarls,3100000.0,6.62,Spain,Entertainment and Music Travel Education Celebrity,921800.0,instagram,spain,False,2024,Knowledge&Info,MAPPED,,
93,Jordi Wild @jordiwild8,3100000.0,8.54,Spain,Entertainment and Music Video Blogger Lifestyle Actors,919400.0,instagram,spain,False,2024,Music,MAPPED,,
94,Wismichu @wismichu,3100000.0,2.56,Spain,Actors,919200.0,instagram,spain,False,2024,Entertainment,MAPPED,,
95,Adama Traore Diarra @adamatrd37,3100000.0,7.01,Spain,Sports Soccer Coaching Training,917800.0,instagram,spain,False,2024,Sports,MAPPED,,
96,La Vecina Rubia @lavecinarubia,3000000.0,2.27,Spain,Arts and Crafts Entertainment and Music Video Gaming Modeling,909500.0,instagram,spain,False,2024,Beauty&Fashion,MAPPED,,
97,Raúl González @raulgonzalez,2900000.0,3.87,Spain,Soccer Journalists,857700.0,instagram,spain,False,2024,Sports,MAPPED,,
98,M A G N O S C A V O 🥭 @magno_scavo,2800000.0,4.28,Spain,Fashion and Accessories,852800.0,instagram,spain,False,2024,Beauty&Fashion,MAPPED,,
99,ANGELA AZUL ♡ @angelatorres,2700000.0,1.95,Spain,Entertainment and Music Actors,824500.0,instagram,spain,False,2024,Music,MAPPED,,
100,Marcos Alonso @marcosalonso28,2700000.0,3.94,Spain,,817900.0,instagram,spain,False,2024,,,,
1,Zlatan Ibrahimović @iamzlatanibrahimovic,64300000.0,0.46,Sweden,Fashion and Accessories Auto and Vehicles Soccer,19300000.0,instagram,sweden,False,2024,Sports,MAPPED,,
2,••Narin’s Beauty•• @narins_beauty,11800000.0,0.18,Sweden,Beauty and Self Care Music,3500000.0,instagram,sweden,False,2024,Beauty&Fashion,MAPPED,,
3,Zara Larsson @zaralarsson,8500000.0,0.12,Sweden,Entertainment and Music Music Singer Actors,2600000.0,instagram,sweden,False,2024,Music,MAPPED,,
4,ANNA NYSTRÖM @annanystrom,8300000.000000001,0.39,Sweden,Fitness and Health Fashion and Accessories Modeling,2500000.0,instagram,sweden,False,2024,Sports,MAPPED,,
5,Maher Zain @maherzainofficial,7100000.0,0.15,Sweden,Entertainment and Music,2100000.0,instagram,sweden,False,2024,Music,MAPPED,,
6,Avicii @avicii,7000000.0,11.86,Sweden,Music DJ Producers,2100000.0,instagram,sweden,False,2024,Music,MAPPED,,
7,Khamzat Chimaev @khamzat_chimaev,6000000.0,1.67,Sweden,Sports,1800000.0,instagram,sweden,False,2024,Sports,MAPPED,,
8,Ninh Dương Lan Ngọc @ninh.duong.lan.ngoc,5400000.0,0.48,Sweden,Beauty and Self Care Product Showcase Celebrity Actors,1600000.0,instagram,sweden,False,2024,Beauty&Fashion,MAPPED,,
9,Lena Situations @lenamahfouf,4500000.0,5.85,Sweden,Entertainment and Music Arts and Crafts Lifestyle Celebrities,1300000.0,instagram,sweden,False,2024,Music,MAPPED,,
10,Cedra Ammara @cedras_beauty,3900000.0,7.14,Sweden,Beauty and Self Care Business,1200000.0,instagram,sweden,False,2024,Beauty&Fashion,MAPPED,,
11,ʙʀɪɴɢ ᴍᴇ ᴛʜᴇ ʜᴏʀɪᴢᴏɴ @bringmethehorizon,3600000.0,0.3,Sweden,Entertainment and Music Music,1100000.0,instagram,sweden,False,2024,Music,MAPPED,,
12,Kerimcan Durmaz @kerimcandurmaz,3600000.0,1.6,Sweden,Entertainment and Music,1100000.0,instagram,sweden,False,2024,Music,MAPPED,,
13,Dolph Lundgren @dolphlundgren,3100000.0,0.9,Sweden,Actors Music,933300.0,instagram,sweden,False,2024,Music,MAPPED,,
14,Mirza Bico @ellentvshow,3000000.0,0.55,Sweden,Entertainment and Music Funny Parenting Humor,889800.0,instagram,sweden,False,2024,Music,MAPPED,,
15,Tove Lo @tovelo,2600000.0,1.24,Sweden,Entertainment and Music Songwriting,769800.0,instagram,sweden,False,2024,Music,MAPPED,,
16,Edvin Ryding @edvinrydings,2400000.0,20.97,Sweden,Acting and Drama,732100.0,instagram,sweden,False,2024,Entertainment,MAPPED,,
17,Natasha Crown @natasha_crown_official1,2400000.0,1.76,Sweden,Beauty and Self Care Fitness and Health Food and Drink,705800.0,instagram,sweden,False,2024,Sports,MAPPED,,
18,HANNA ÖBERG 🇸🇪 @hannaoeberg,2300000.0,1.04,Sweden,Fitness and Health Training Coaching Health & Fitness,680800.0,instagram,sweden,False,2024,Sports,MAPPED,,
19,Omar Rudberg @officialomar,2200000.0,13.07,Sweden,Modeling Fashion Music,673800.0,instagram,sweden,False,2024,Beauty&Fashion,MAPPED,,
20,Victor Lindelöf @victorlindelof,2200000.0,7.41,Sweden,Sports Soccer,671000.0,instagram,sweden,False,2024,Sports,MAPPED,,
21,Rachel Brathen @yoga_girl,2000000.0,1.75,Sweden,Fitness and Health Food and Drink Yoga Health & Fitness,594400.0,instagram,sweden,False,2024,Sports,MAPPED,,
22,𝕄𝕚𝕤𝕤 𝕐𝕠𝕫𝕚𝕝𝕝𝕒 @missyozilla,2000000.0,1.04,Sweden,,585600.0,instagram,sweden,False,2024,,,,
23,Clara Felicia Lindblom @clara_lindblom,1900000.0,0.83,Sweden,Fitness and Health Product Showcase Lifestyle Health & Fitness,555500.0,instagram,sweden,False,2024,Sports,MAPPED,,
24,Kenza Zouiten Subosic @kenzas,1800000.0,1.65,Sweden,Fashion and Accessories Moms Lifestyle,551200.0,instagram,sweden,False,2024,Beauty&Fashion,MAPPED,,
25,Kelly Gale @kellygale,1600000.0,0.87,Sweden,Acting and Drama,494700.0,instagram,sweden,False,2024,Entertainment,MAPPED,,
26,Jonna Jinton @jonnajinton,1600000.0,2.43,Sweden,Arts and Crafts Nature Home and Garden Nature & Outdoors,472700.0,instagram,sweden,False,2024,Lifestyle,MAPPED,,
27,The Band Ghost @thebandghost,1600000.0,6.11,Sweden,Entertainment and Music Parenting Music Band,467300.0,instagram,sweden,False,2024,Music,MAPPED,,
28,Gustaf Skarsgård @gustafskarsgard,1500000.0,3.5,Sweden,Entertainment and Music,452000.0,instagram,sweden,False,2024,Music,MAPPED,,
29,Omid Omidi @omidimusic,1400000.0,0.2,Sweden,Entertainment and Music Music,427000.0,instagram,sweden,False,2024,Music,MAPPED,,
30,FaZe Teeqo @teeqo,1400000.0,6.88,Sweden,Music Producers,424400.0,instagram,sweden,False,2024,Music,MAPPED,,
31,Ines Helene @ini.helen,1400000.0,0.86,Sweden,Education Outdoor Activity Business and Finance Health & Fitness,419000.0,instagram,sweden,False,2024,Sports,MAPPED,,
32,Joel Kinnaman @joelkinnaman,1300000.0,9.16,Sweden,Entertainment and Music Celebrity Music Singer,390400.0,instagram,sweden,False,2024,Music,MAPPED,,
33,ℨ𝔥𝔞𝔯𝔞 𝔑𝔦𝔩𝔰𝔰𝔬𝔫 @zhara,1300000.0,1.21,Sweden,Fashion and Accessories Lifestyle Modeling Health & Fitness,390200.0,instagram,sweden,False,2024,Sports,MAPPED,,
34,Kseniya Sundin @kseniyasundin,1300000.0,0.04,Sweden,Sports,389800.0,instagram,sweden,False,2024,Sports,MAPPED,,
35,Janni Delér @jannid,1200000.0,1.07,Sweden,family Fashion and Accessories Lifestyle,371800.0,instagram,sweden,False,2024,Beauty&Fashion,MAPPED,,
36,FASHION ╳ STYLE ╳ INSPIRATION @ootdgals,1200000.0,0.05,Sweden,Fashion and Accessories News Lifestyle,363700.0,instagram,sweden,False,2024,Beauty&Fashion,MAPPED,,
37,Manuela Kjeilen @passionforbaking,1200000.0,0.34,Sweden,Food Product Education Product Showcase Parenting,360200.0,instagram,sweden,False,2024,Beauty&Fashion,MAPPED,,
38,EMMA HALLBERG @eemmahallberg,1200000.0,5.05,Sweden,Fashion and Accessories Beauty and Self Care Business,358800.0,instagram,sweden,False,2024,Beauty&Fashion,MAPPED,,
39,Wafaa Eddahri @eddahri_wafaa,1200000.0,0.19,Sweden,Fashion and Accessories,345800.0,instagram,sweden,False,2024,Beauty&Fashion,MAPPED,,
40,Oliver Nordin @olivernordin1,1100000.0,19.31,Sweden,Fitness and Health Sports,343700.0,instagram,sweden,False,2024,Sports,MAPPED,,
41,Stephanie Mendez Espinoza @steffi.mendezz,1100000.0,1.73,Sweden,Fashion Actors,340800.0,instagram,sweden,False,2024,Beauty&Fashion,MAPPED,,
42,Miles Johnston @miles_art,1100000.0,2.44,Sweden,Arts and Crafts Actors Illustrator Painting,340600.0,instagram,sweden,False,2024,Entertainment,MAPPED,,
43,Sebastian Ingrosso @sebastianingrosso,1100000.0,4.61,Sweden,Entertainment and Music,337400.0,instagram,sweden,False,2024,Music,MAPPED,,
44,Christoffer Collin @wisslaren,1100000.0,1.35,Sweden,"Photography Nature & Outdoors Film, Music & Books Design",329200.0,instagram,sweden,False,2024,Knowledge&Info,MAPPED,,
45,Nika Forghani | نیکا فرقانی @nikaforghaniofficial,1100000.0,22.11,Sweden,Celebrity Entertainment and Music Actors Modeling,328800.0,instagram,sweden,False,2024,Beauty&Fashion,MAPPED,,
46,𝓐𝓻𝓲𝓪 🤍 / أريانة @ariana_aria,1100000.0,1.59,Sweden,Fashion and Accessories Travel Music,323800.0,instagram,sweden,False,2024,Beauty&Fashion,MAPPED,,
47,Joakim Lundell 🎥🎞️ @joakimlundell,1000000.0,4.78,Sweden,Entertainment and Music Music Musicians,312500.0,instagram,sweden,False,2024,Music,MAPPED,,
48,Filippa Fransson @filippafranssoon,1000000.0,4.57,Sweden,Fitness and Health Coaching Gym,311200.0,instagram,sweden,False,2024,Sports,MAPPED,,
49,Victoria Silvstedt Official @victoriasilvstedt,1000000.0,1.75,Sweden,Beauty and Self Care Fashion and Accessories Entertainment and Music Modeling,301000.0,instagram,sweden,False,2024,Beauty&Fashion,MAPPED,,
50,Sveriges Roligaste Barn @sverigesroligastebarn,989100.0,2.25,Sweden,Funny family Celebrity,296700.0,instagram,sweden,False,2024,Entertainment,MAPPED,,
51,Bill Skarsgård @billskarsgard_,985100.0,26.54,Sweden,Celebrity Acting and Drama Actors,295500.0,instagram,sweden,False,2024,Entertainment,MAPPED,,
52,M a b e l @mabel,958300.0,2.32,Sweden,Entertainment and Music Music Singer Bands Musicians,287500.0,instagram,sweden,False,2024,Music,MAPPED,,
53,70s.80s.90s.music @70s.80s.90s.music,865000.0,0.25,Sweden,Music Entertainment and Music,259500.0,instagram,sweden,False,2024,Music,MAPPED,,
54,Chahinez Caroline Florstad @joridchaz,854800.0,2.52,Sweden,Travel Entertainment and Music,256400.0,instagram,sweden,False,2024,Music,MAPPED,,
55,Pernilla Wahlgren @pernillawahlgren,842300.0,1.85,Sweden,Entertainment and Music Beauty and Self Care Music News,252700.0,instagram,sweden,False,2024,Beauty&Fashion,MAPPED,,
56,Art Psycho @_art_psycho,828600.0,0.27,Sweden,Arts and Crafts,248600.0,instagram,sweden,False,2024,Lifestyle,MAPPED,,
57,Domino Stålvant @fashionbook,820200.0,0.02,Sweden,Fashion and Accessories Adventure,246100.0,instagram,sweden,False,2024,Sports,MAPPED,,
58,IDA BERGFOTH || TRANSFORMATION COACH @idabergfoth,816700.0,3.46,Sweden,Fitness,245000.0,instagram,sweden,False,2024,Sports,MAPPED,,
59,𝓜𝓾𝓽𝓮 🦂 @mutya_lifyanareal,810100.0,0.79,Sweden,Fashion and Accessories,243000.0,instagram,sweden,False,2024,Beauty&Fashion,MAPPED,,
60,Matilda Dahlin @matildadahlinofficial,802600.0,1.03,Sweden,Fashion and Accessories Modeling Bikini Publishing,240800.0,instagram,sweden,False,2024,Beauty&Fashion,MAPPED,,
61,Adam Beyer @realadambeyer,792900.0,0.96,Sweden,Entertainment and Music DJ Music Modeling,237900.0,instagram,sweden,False,2024,Beauty&Fashion,MAPPED,,
62,Elly Tanya Amededji @ellytanyaamededji,785400.0,0.04,Sweden,Fashion and Accessories Lifestyle,235600.0,instagram,sweden,False,2024,Beauty&Fashion,MAPPED,,
63,Ekotipsen du inte vill missa! @ekotipset,759900.0,1.82,Sweden,Home and Garden Education Upskilling Design,228000.0,instagram,sweden,False,2024,Knowledge&Info,MAPPED,,
64,Amon Amarth @amonamarth,754500.0,1.16,Sweden,Entertainment and Music Music Singer,226400.0,instagram,sweden,False,2024,Music,MAPPED,,
65,Johanna F. Herrstedt 🕊 @johannaherrstedt,750800.0,2.84,Sweden,Arts and Crafts Parenting Business,225200.0,instagram,sweden,False,2024,Knowledge&Info,MAPPED,,
66,Oliver Forslin @oliverforslin,740500.0,5.82,Sweden,Fitness and Health Fashion and Accessories,222200.0,instagram,sweden,False,2024,Sports,MAPPED,,
67,Levavilt @levavilt,740000.0,1.49,Sweden,Arts and Crafts DIY and Life Hacks Education Upskilling,222000.0,instagram,sweden,False,2024,Knowledge&Info,MAPPED,,
68,Emma Christina @emmahaggstrom,711800.0,1.23,Sweden,Fashion and Accessories,213500.0,instagram,sweden,False,2024,Beauty&Fashion,MAPPED,,
69,Nordic Style Report @nordicstylereport,707500.0,2.3,Sweden,Fashion and Accessories Styling Lifestyle,212200.0,instagram,sweden,False,2024,Beauty&Fashion,MAPPED,,
70,Leyla Moaser @leylamoaser,700000.0,9.79,Sweden,Fashion,210000.0,instagram,sweden,False,2024,Beauty&Fashion,MAPPED,,
71,Елена Борботько @alenacool777_,698200.0,0.9,Sweden,,209500.0,instagram,sweden,False,2024,,,,
72,Marcus Samuelsson @marcuscooks,687800.0,0.13,Sweden,Food Chef,206300.0,instagram,sweden,False,2024,Lifestyle,MAPPED,,
73,🇸🇪Made In Sweden @ventura_angels,686400.0,0.81,Sweden,"Fashion Celebrities Film, Music & Books",205900.0,instagram,sweden,False,2024,Beauty&Fashion,MAPPED,,
74,CAROLINA GYNNING @carolinagynning,680100.0,1.66,Sweden,Arts and Crafts Fashion and Accessories Design Interior Design,204000.0,instagram,sweden,False,2024,Beauty&Fashion,MAPPED,,
75,ABBA @abba,674500.0,5.4,Sweden,Entertainment and Music,202300.0,instagram,sweden,False,2024,Music,MAPPED,,
76,ERICSSONSAMUEL 🇰🇷 @ericssonsamuel,674100.0,3.19,Sweden,Fitness and Health Sports Coaching Training,202200.0,instagram,sweden,False,2024,Sports,MAPPED,,
77,Tobias Hägg @airpixels,665400.0,0.8,Sweden,Photography Outdoor Activity Adventure Nature & Outdoors,199600.0,instagram,sweden,False,2024,Sports,MAPPED,,
78,Victoria Törnegren @victoriatornegren,661400.0,1.14,Sweden,Fashion Lifestyle Styling,198400.0,instagram,sweden,False,2024,Beauty&Fashion,MAPPED,,
79,BENJAMIN INGROSSO @benjaminingrosso,657100.0,3.23,Sweden,Entertainment and Music Design,197100.0,instagram,sweden,False,2024,Music,MAPPED,,
80,Alexander Gustafsson @alexthemauler,648200.0,0.28,Sweden,Sports Coaching Training Health & Fitness,194500.0,instagram,sweden,False,2024,Sports,MAPPED,,
81,Fadia El Mendelek @fadiaelmendelek,627000.0,0.99,Sweden,Beauty and Self Care Styling,188100.0,instagram,sweden,False,2024,Beauty&Fashion,MAPPED,,
82,Victor X @carlstromvictor,623800.0,,Sweden,,187100.0,instagram,sweden,False,2024,,,,
83,Andreas Wannerstedt @wannerstedt,616100.0,2.6,Sweden,Arts and Crafts Graphics Design Illustrator,184800.0,instagram,sweden,False,2024,Lifestyle,MAPPED,,
84,Dyngbaggen @dyngbaggegalan,604200.0,2.92,Sweden,Entertainment and Music News Design Interior Design,181200.0,instagram,sweden,False,2024,Knowledge&Info,MAPPED,,
85,Elif Dogan @mselifdogan,603100.0,2.53,Sweden,Arts and Crafts,180900.0,instagram,sweden,False,2024,Lifestyle,MAPPED,,
86,NIKI NORBERG @niki23gtr,587300.0,1.13,Sweden,Arts and Crafts Piercing,176200.0,instagram,sweden,False,2024,Lifestyle,MAPPED,,
87,Anders Bagge @andersbagge1,578900.0,0.65,Sweden,Animals Design Interior Design,173700.0,instagram,sweden,False,2024,Lifestyle,MAPPED,,
88,Yifan ho-Evanbeauty @evan.beauty,578400.0,0.65,Sweden,Beauty and Self Care,173500.0,instagram,sweden,False,2024,Beauty&Fashion,MAPPED,,
89,Sabaton @sabatonofficial,576700.0,1.92,Sweden,Entertainment and Music News Music Rock,173000.0,instagram,sweden,False,2024,Knowledge&Info,MAPPED,,
90,Alexander Isak @alex_isak,564100.0,12.81,Sweden,Events Sports,169200.0,instagram,sweden,False,2024,Sports,MAPPED,,
91,Sendi Skopljak @skopljak,551300.0,0.41,Sweden,Fitness and Health Lifestyle Health & Fitness Celebrities,165400.0,instagram,sweden,False,2024,Sports,MAPPED,,
92,Melinda Lindmark @melindalindmark,543600.0,6.94,Sweden,Fitness and Health Entertainment and Music Coaching Training,163100.0,instagram,sweden,False,2024,Sports,MAPPED,,
93,Olof Davidsson @od_form,543000.0,0.97,Sweden,Home and Garden,162900.0,instagram,sweden,False,2024,Lifestyle,MAPPED,,
94,Sebastian Jern @sebastianjern,541300.0,43.3,Sweden,Arts and Crafts,162400.0,instagram,sweden,False,2024,Lifestyle,MAPPED,,
95,Camilla Hamid @camillahamid,537000.0,1.28,Sweden,Food Design Interior Design Cooking,161100.0,instagram,sweden,False,2024,Lifestyle,MAPPED,,
96,Fafi Benshi @fatemabenshi,528800.0,2.15,Sweden,Beauty and Self Care,158600.0,instagram,sweden,False,2024,Beauty&Fashion,MAPPED,,
97,Sergio Peña @sergiop28,523200.00000000006,3.15,Sweden,Sports Actors Modeling,157000.0,instagram,sweden,False,2024,Sports,MAPPED,,
98,𝐹𝓇𝓊𝓏𝒶𝓃 S @fruzans_beauty,523100.0,0.11,Sweden,Beauty and Self Care Photography Parenting Business,156900.0,instagram,sweden,False,2024,Beauty&Fashion,MAPPED,,
99,Jelly Devote @jellydevote,521100.0,0.6,Sweden,,156300.0,instagram,sweden,False,2024,,,,
100,M A H A N B A G H D A D I @mahanbaghe,518600.0,4.93,Sweden,Sports Entertainment and Music Music Soccer,155600.0,instagram,sweden,False,2024,Sports,MAPPED,,
1,Alisha Lehmann @alishalehmann7,16600000.000000002,4.55,Switzerland,Outdoor Activity Sports Soccer,5000000.0,instagram,switzerland,False,2024,Sports,MAPPED,,
2,Roger Federer @rogerfederer,12200000.0,1.49,Switzerland,Sports Tennis,3600000.0,instagram,switzerland,False,2024,Sports,MAPPED,,
3,Michelle Hunziker @therealhunzigram,5800000.0,0.96,Switzerland,Entertainment and Music Pets Finance Modeling,1700000.0,instagram,switzerland,False,2024,Beauty&Fashion,MAPPED,,
4,Pamela Alexandra @pamelaalexandra,5400000.0,0.19,Switzerland,Food Travel Lifestyle Styling,1600000.0,instagram,switzerland,False,2024,Lifestyle,MAPPED,,
5,Sarah Angius @sarahangius,3900000.0,0.44,Switzerland,Beauty and Self Care Parenting Lifestyle Styling,1200000.0,instagram,switzerland,False,2024,Beauty&Fashion,MAPPED,,
6,Granit Xhaka @granitxhaka,3200000.0,1.99,Switzerland,Sports Romance and Wedding Soccer Coaching,946700.0,instagram,switzerland,False,2024,Sports,MAPPED,,
7,Dayan Kolev @dayan.kole,3100000.0,4.55,Switzerland,,936100.0,instagram,switzerland,False,2024,,,,
8,Kristina Bazan @kristinabazan,2700000.0,0.08,Switzerland,Entertainment and Music Modeling,800700.0,instagram,switzerland,False,2024,Beauty&Fashion,MAPPED,,
9,Claudio Castagnoli @claudiocsro,2500000.0,0.41,Switzerland,Sports Food Restaurants,750900.0,instagram,switzerland,False,2024,Sports,MAPPED,,
10,Rafiath Rashid Mithila @rafiath_rashid_mithila,2200000.0,0.09,Switzerland,Acting and Drama Education Celebrity Singer,673500.0,instagram,switzerland,False,2024,Knowledge&Info,MAPPED,,
11,Kevin Lütolf @kevinlutolf,2000000.0,2.69,Switzerland,Finance Business and Finance Modeling Lifestyle,599600.0,instagram,switzerland,False,2024,Beauty&Fashion,MAPPED,,
12,Patek Philippe @patekphilippe,2000000.0,0.51,Switzerland,Fashion and Accessories Luxury,587500.0,instagram,switzerland,False,2024,Beauty&Fashion,MAPPED,,
13,𝐆𝐮𝐢𝐥𝐥𝐚𝐮𝐦𝐞 𝐐𝐮𝐞𝐧𝐞𝐭 @balkrof,1800000.0,8.7,Switzerland,Parenting Fashion Moms Children,530300.0,instagram,switzerland,False,2024,Beauty&Fashion,MAPPED,,
14,Darius Sinathrya K @darius_sinathrya,1700000.0,0.54,Switzerland,Auto and Vehicles Celebrity,501800.0,instagram,switzerland,False,2024,Tech&Gaming,MAPPED,,
15,Igor Rickli @igorrickli,1600000.0,2.09,Switzerland,Education Life and Society Actors,470500.0,instagram,switzerland,False,2024,Knowledge&Info,MAPPED,,
16,Patrizia🇨🇭➕🇩🇴 @patriziayanguela,1500000.0,0.07,Switzerland,Entertainment and Music Automotive,451500.0,instagram,switzerland,False,2024,Tech&Gaming,MAPPED,,
17,📍SWITZERLAND🇨🇭 @landscapes_sisiswiss,1400000.0,1.02,Switzerland,Nature Outdoor Activity Travel,431600.0,instagram,switzerland,False,2024,Sports,MAPPED,,
18,swiss | Xplorers🇨🇭 @swissxplorers_,1400000.0,33.51,Switzerland,Nature Travel,417800.0,instagram,switzerland,False,2024,Lifestyle,MAPPED,,
19,Senai Senna @sennarelax,1400000.0,0.5,Switzerland,Travel Photography Adventure Nature & Outdoors,408200.0,instagram,switzerland,False,2024,Sports,MAPPED,,
20,JESSICA GISMONDI @jessica.gismondi,1400000.0,0.07,Switzerland,Travel Business and Finance Marketing and Advertising Lifestyle,405900.0,instagram,switzerland,False,2024,Knowledge&Info,MAPPED,,
21,👻 Snapchat: Fashion_lalo 👻 @fashion_lalo,1200000.0,0.08,Switzerland,Fashion and Accessories Lifestyle,366000.0,instagram,switzerland,False,2024,Beauty&Fashion,MAPPED,,
22,Daniela Scuderi @daniellapintto,1200000.0,1.6,Switzerland,family Fashion and Accessories Travel Video Creator,353200.0,instagram,switzerland,False,2024,Beauty&Fashion,MAPPED,,
23,Stefano Tratto @stefanotratto,1100000.0,3.49,Switzerland,Travel Lifestyle Modeling Celebrities,320600.0,instagram,switzerland,False,2024,Beauty&Fashion,MAPPED,,
24,Dimash Adilet | Geneva @dimashadilet,1100000.0,1.33,Switzerland,Finance Education Business and Finance Lifestyle,319200.0,instagram,switzerland,False,2024,Knowledge&Info,MAPPED,,
25,Gina Virahya @ginaa.24,1000000.0,0.61,Switzerland,Travel Beauty and Self Care Product Showcase Food,310100.0,instagram,switzerland,False,2024,Beauty&Fashion,MAPPED,,
26,Diana General @generalgirl666,1000000.0,0.53,Switzerland,,309600.0,instagram,switzerland,False,2024,,,,
27,Fabio Cordella @fabio_cordella,1000000.0,3.98,Switzerland,Business and Finance,306900.0,instagram,switzerland,False,2024,Knowledge&Info,MAPPED,,
28,Céline Centino🖤 @ccentino,1000000.0,7.34,Switzerland,Fashion and Accessories Modeling,305500.0,instagram,switzerland,False,2024,Beauty&Fashion,MAPPED,,
29,Daniela Christiansson @danielachristiansson,1000000.0,0.38,Switzerland,Education Parenting Modeling,304000.0,instagram,switzerland,False,2024,Beauty&Fashion,MAPPED,,
30,Camilla Neuroni @princesscamilla,1000000.0,0.98,Switzerland,Travel Fashion Photography Entrepreneur,301400.0,instagram,switzerland,False,2024,Beauty&Fashion,MAPPED,,
31,Mike Horn @mikehornexplorer,968400.0,0.74,Switzerland,Outdoor Activity Education,290500.0,instagram,switzerland,False,2024,Sports,MAPPED,,
32,CERN @cern,963100.0,0.78,Switzerland,Education,288900.0,instagram,switzerland,False,2024,Knowledge&Info,MAPPED,,
33,🇨 🇭 🇮 🇨 🇦 🇸 @chicasfelices,937900.0,0.65,Switzerland,Entertainment and Music,281400.0,instagram,switzerland,False,2024,Music,MAPPED,,
34,Stephan Lichtsteiner @stephanlichtsteiner,922800.0,0.6,Switzerland,,276800.0,instagram,switzerland,False,2024,,,,
35,Bada$$ B Christina Bertevello @christina.bertevello,910800.0,4.84,Switzerland,Fashion and Accessories Modeling Health & Fitness,273200.0,instagram,switzerland,False,2024,Sports,MAPPED,,
36,𝐆𝐈𝐍𝐓𝐀 @ginta,885700.0,3.88,Switzerland,Entertainment and Music Music Singer Songwriting,265700.0,instagram,switzerland,False,2024,Music,MAPPED,,
37,Linus @linus_dj,855900.0,1.01,Switzerland,Travel Fashion Photography,256800.0,instagram,switzerland,False,2024,Beauty&Fashion,MAPPED,,
38,عبدالمجيد الفوزان @mjeedalfawzan,789500.0,4.24,Switzerland,Entertainment and Music,236900.0,instagram,switzerland,False,2024,Music,MAPPED,,
39,ANTONIO BELLAROBA | MENSWEAR FASHION /TRAVEL /LIFESTYLE @toni.b_official,787700.0,0.66,Switzerland,Fashion and Accessories Upskilling,236300.0,instagram,switzerland,False,2024,Beauty&Fashion,MAPPED,,
40,Switzerland 🇨🇭 @swissaway,785100.0,0.84,Switzerland,Travel Nature,235500.0,instagram,switzerland,False,2024,Lifestyle,MAPPED,,
41,Cindy Landolt @cindytraining,766800.0,1.86,Switzerland,Fitness and Health Coaching Training,230000.0,instagram,switzerland,False,2024,Sports,MAPPED,,
42,The Gstaad Guy @gstaadguy,713800.0,11.55,Switzerland,Art,214100.0,instagram,switzerland,False,2024,Lifestyle,MAPPED,,
43,Songül Ünsal @songulunsall,662200.0,1.2,Switzerland,Education,198600.0,instagram,switzerland,False,2024,Knowledge&Info,MAPPED,,
44,Nadine Huber @house.of.huber,632900.0,0.34,Switzerland,Fashion and Accessories family Business and Finance Moms,189900.0,instagram,switzerland,False,2024,Beauty&Fashion,MAPPED,,
45,Nicolas Sandmeier @nicoceps,602000.0,4.98,Switzerland,Fitness and Health Photography Gym Training,180600.0,instagram,switzerland,False,2024,Sports,MAPPED,,
46,Nguyen Ngoc Cam Tu @kundigtu,596000.0,2.24,Switzerland,,178800.0,instagram,switzerland,False,2024,,,,
47,Hani Liha @makeupbyliha,588900.0,0.25,Switzerland,Beauty and Self Care Business Hair & Beauty Celebrities,176700.0,instagram,switzerland,False,2024,Beauty&Fashion,MAPPED,,
48,Switzerland 🇨🇭 Travel | Hotels | Food | Tips @switzerland_incredible,585700.0,0.08,Switzerland,,175700.0,instagram,switzerland,False,2024,,,,
49,Joshua Tyrell @joshtyrell,583300.0,0.46,Switzerland,Entertainment and Music,175000.0,instagram,switzerland,False,2024,Music,MAPPED,,
50,Nadège Lacroix @lacroixnadege,580700.0,1.27,Switzerland,Acting and Drama Fashion and Accessories Home and Garden Lifestyle,174200.0,instagram,switzerland,False,2024,Beauty&Fashion,MAPPED,,
51,let your soul glow @luanasilva,578900.0,0.64,Switzerland,family Travel Events Lifestyle,173700.0,instagram,switzerland,False,2024,Entertainment,MAPPED,,
52,Denis Zakaria @deniszakaria,555400.0,4.19,Switzerland,Sports Soccer,166600.0,instagram,switzerland,False,2024,Sports,MAPPED,,
53,Sylvia Michel 🇨🇭 @michelphotographych,553500.0,0.86,Switzerland,Pets Nature,166000.0,instagram,switzerland,False,2024,Lifestyle,MAPPED,,
54,Beatrice Egli @beatrice_egli_offiziell,549000.0,1.11,Switzerland,Entertainment and Music Music Lifestyle,164700.0,instagram,switzerland,False,2024,Music,MAPPED,,
55,DE HERTIST @zekisworld,548800.0,10.76,Switzerland,Celebrity,164600.0,instagram,switzerland,False,2024,Entertainment,MAPPED,,
56,Chef Emrah Fandaklı @emrahfandakli,538600.0,1.15,Switzerland,Food Business and Finance Food and Drink,161600.0,instagram,switzerland,False,2024,Knowledge&Info,MAPPED,,
57,xavierdelerue @xavierdelerue,533600.0,1.5,Switzerland,Travel Adventure Bikes,160100.0,instagram,switzerland,False,2024,Sports,MAPPED,,
58,Zürich🇨🇭Balayage / Airtouch / Educator @alennmj,523000.0,0.37,Switzerland,Beauty and Self Care Styling Hair Salons,156900.0,instagram,switzerland,False,2024,Beauty&Fashion,MAPPED,,
59,Sandra Rodrigues Pinto @entre_dois,479300.0,2.12,Switzerland,Fashion and Accessories Home and Garden Styling Lifestyle,143800.0,instagram,switzerland,False,2024,Beauty&Fashion,MAPPED,,
60,Leticia Lopes @leticialopesbsb,474300.0,1.03,Switzerland,Fashion and Accessories Marketing and Advertising,142300.0,instagram,switzerland,False,2024,Beauty&Fashion,MAPPED,,
61,Mr. Gary @switzerland.holiday,472100.0,0.33,Switzerland,,141600.0,instagram,switzerland,False,2024,,,,
62,Dunja Bitar @dunjabitar,466200.0,3.46,Switzerland,Pets Fitness and Health,139900.0,instagram,switzerland,False,2024,Sports,MAPPED,,
63,𝗟𝗲𝗮𝗿𝘁 @1earti,460300.0,0.1,Switzerland,,138100.0,instagram,switzerland,False,2024,,,,
64,Elvira Legrand @elviralegrand,455200.0,3.26,Switzerland,Entertainment and Music Lifestyle Celebrities,136500.0,instagram,switzerland,False,2024,Music,MAPPED,,
65,NICOLE STEINER @nicole.flipz,454600.0,1.5,Switzerland,Sports,136400.0,instagram,switzerland,False,2024,Sports,MAPPED,,
66,GLORY @gloriajoelle,454200.0,0.4,Switzerland,Fashion Lifestyle,136300.0,instagram,switzerland,False,2024,Beauty&Fashion,MAPPED,,
67,Vincenzo Nibali @vincenzonibali,450900.0,1.23,Switzerland,Sports Bikes,135300.0,instagram,switzerland,False,2024,Sports,MAPPED,,
68,Belinda Bencic @belindabencic,437800.0,0.89,Switzerland,Sports Tennis,131300.0,instagram,switzerland,False,2024,Sports,MAPPED,,
69,Manuel Obafemi Akanji @obafemi_36,434700.0,9.59,Switzerland,Sports,130400.0,instagram,switzerland,False,2024,Sports,MAPPED,,
70,Noa Dorian @noa_dorian,430400.0,5.12,Switzerland,Fashion and Accessories Lifestyle,129100.0,instagram,switzerland,False,2024,Beauty&Fashion,MAPPED,,
71,Daisy Gilardini @daisygilardini,424200.0,0.58,Switzerland,Nature Adventure,127300.0,instagram,switzerland,False,2024,Sports,MAPPED,,
72,Nargiza Wisbey @nargo.star,422800.0,0.01,Switzerland,,126800.0,instagram,switzerland,False,2024,,,,
73,IamColour @thecolourmemam,422300.0,2.72,Switzerland,Beauty and Self Care,126700.0,instagram,switzerland,False,2024,Beauty&Fashion,MAPPED,,
74,คลับฮา💨 (ch) @clubha,418900.0,0.89,Switzerland,Entertainment and Music,125700.0,instagram,switzerland,False,2024,Music,MAPPED,,
75,Amir Asani @amir_asani13,418800.0,1.73,Switzerland,Nature Travel,125600.0,instagram,switzerland,False,2024,Lifestyle,MAPPED,,
76,Michèle Krüsi @thefashionfraction,418300.0,0.21,Switzerland,Fashion and Accessories Business and Finance Lifestyle Celebrities,125500.0,instagram,switzerland,False,2024,Beauty&Fashion,MAPPED,,
77,ELISA B @elisabellareal,417100.0,0.05,Switzerland,Fashion and Accessories Bikini Lifestyle,125100.0,instagram,switzerland,False,2024,Beauty&Fashion,MAPPED,,
78,NICK @nick_hartm,410700.0,3.58,Switzerland,Home and Garden Fashion and Accessories Lifestyle Modeling,123200.0,instagram,switzerland,False,2024,Beauty&Fashion,MAPPED,,
79,𝘈𝘺𝘤𝘢𝘯 𝘚𝘦𝘯𝘤𝘢𝘯 @aycansencan,410300.0,0.52,Switzerland,Fashion and Accessories Music Lifestyle Styling,123100.0,instagram,switzerland,False,2024,Beauty&Fashion,MAPPED,,
80,Yukiko Tanzi @foodie.yuki,407400.0,1.87,Switzerland,Food Pets Recipes Vegan,122200.0,instagram,switzerland,False,2024,Lifestyle,MAPPED,,
81,PhD & Business coach 🇺🇦🇺🇸🇨🇭 @irengoryn,404300.0,0.68,Switzerland,,121300.0,instagram,switzerland,False,2024,,,,
82,Wesley Duong 🇨🇭 #chinesestyle @wesleyduong,400100.0,5.91,Switzerland,Arts and Crafts,120000.0,instagram,switzerland,False,2024,Lifestyle,MAPPED,,
83,Malwyn Burkhalter @naswyn,399500.0,0.69,Switzerland,Entertainment and Music,119900.0,instagram,switzerland,False,2024,Music,MAPPED,,
84,Shunsuke @shunsukecos,398700.0,15.27,Switzerland,Fashion and Accessories Arts and Crafts Animation and Cosplay Celebrity,119600.0,instagram,switzerland,False,2024,Beauty&Fashion,MAPPED,,
85,Nicolas Huber @hubercop,390700.0,0.94,Switzerland,Sports,117200.0,instagram,switzerland,False,2024,Sports,MAPPED,,
86,Anna Goncharova @hanna_redhead_fox,388200.0,1.22,Switzerland,Fashion and Accessories Parenting Lifestyle,116500.0,instagram,switzerland,False,2024,Beauty&Fashion,MAPPED,,
87,Denisa S. 🧜‍♀️ @denisa.marie46,386500.0,0.59,Switzerland,Fashion and Accessories Lifestyle,115900.0,instagram,switzerland,False,2024,Beauty&Fashion,MAPPED,,
88,Marco Odermatt @marcoodermatt,379500.0,8.75,Switzerland,Video Gaming,113900.0,instagram,switzerland,False,2024,Tech&Gaming,MAPPED,,
89,Michelle Bieri @michellebieri_,377400.0,5.88,Switzerland,Fitness and Health Fashion and Accessories Product Education Coaching,113200.0,instagram,switzerland,False,2024,Sports,MAPPED,,
90,☀️Zsuzsanna W.🦋 @ladyenergyzsw,373600.0,1.55,Switzerland,Fitness and Health family Bikini Coaching,112100.0,instagram,switzerland,False,2024,Sports,MAPPED,,
91,@ales2ndro here. @aless2ndro,370900.0,4.37,Switzerland,Entertainment and Music Lifestyle,111300.0,instagram,switzerland,False,2024,Music,MAPPED,,
92,Benjamin.M @benjaminmachet,370500.0,1.82,Switzerland,Travel Lifestyle,111200.0,instagram,switzerland,False,2024,Lifestyle,MAPPED,,
93,Njomëza Kastrati @couple.rn,368000.0,7.2,Switzerland,Fashion and Accessories,110400.0,instagram,switzerland,False,2024,Beauty&Fashion,MAPPED,,
94,Amal Ben Abdallah @amoulalyly,367200.0,2.03,Switzerland,Travel Modeling,110200.0,instagram,switzerland,False,2024,Beauty&Fashion,MAPPED,,
95,Debora Gabriella Cicciolina @deboragabriella_,366400.0,0.97,Switzerland,Beauty and Self Care Lifestyle Health & Fitness Food & Drink,109900.0,instagram,switzerland,False,2024,Sports,MAPPED,,
96,Charles Legrand 🇨🇭 @legrandcharles,366300.0,2.23,Switzerland,Fashion and Accessories Lifestyle,109900.0,instagram,switzerland,False,2024,Beauty&Fashion,MAPPED,,
97,𝗚𝗟𝗢𝗥𝗬 𝗖𝗢𝗟𝗟𝗔𝗚𝗘𝗡 (TH) @glory_officials,364000.0,0.09,Switzerland,Food Modeling Lifestyle,109200.0,instagram,switzerland,False,2024,Beauty&Fashion,MAPPED,,
98,Zoë Pastelle @zoepastelle,360800.0,0.87,Switzerland,Nature Arts and Crafts Acting and Drama Celebrity,108200.0,instagram,switzerland,False,2024,Entertainment,MAPPED,,
99,Carmen Ramona Bieri 🇨🇭 @carmenbieri_,360300.0,2.09,Switzerland,Sports Fitness and Health,108100.0,instagram,switzerland,False,2024,Sports,MAPPED,,
100,Карина @matildamylove,358200.0,0.86,Switzerland,Travel Fashion and Accessories Music,107500.0,instagram,switzerland,False,2024,Beauty&Fashion,MAPPED,,
1,Win Metawin O. @winmetawin,14400000.0,0.11,Thailand,Acting and Drama,4300000.0,instagram,thailand,False,2024,Entertainment,MAPPED,,
2,Urassaya Sperbund @urassayas,12900000.0,1.45,Thailand,Entertainment and Music Home and Garden Celebrity Modeling,3900000.0,instagram,thailand,False,2024,Beauty&Fashion,MAPPED,,
3,baifernbah @baifernbah,12800000.0,1.11,Thailand,Fashion and Accessories Celebrity Modeling Actor,3900000.0,instagram,thailand,False,2024,Beauty&Fashion,MAPPED,,
4,Araya Alberta Hargate @chomismaterialgirl,11400000.0,0.65,Thailand,family Actors Lifestyle Personal Blog,3400000.0,instagram,thailand,False,2024,Entertainment,MAPPED,,
5,Woonsen @vjwoonsen,10200000.0,0.14,Thailand,Pets Actors,3000000.0,instagram,thailand,False,2024,Entertainment,MAPPED,,
6,Patt Napapa T. @pat_napapa,9900000.0,0.4,Thailand,Acting and Drama Celebrity Actors TV Shows,3000000.0,instagram,thailand,False,2024,Entertainment,MAPPED,,
7,박진영 @jinyoung_0922jy,9600000.0,9.49,Thailand,Music Music of Asia Band,2900000.0,instagram,thailand,False,2024,Music,MAPPED,,
8,Ploy Chermarn @chermarn,9200000.0,0.66,Thailand,Entertainment and Music Celebrity Actors Actor,2800000.0,instagram,thailand,False,2024,Music,MAPPED,,
9,Bella Ranee Campen @bellacampen,9000000.0,1.2,Thailand,Acting and Drama Celebrity Lifestyle Actors,2700000.0,instagram,thailand,False,2024,Entertainment,MAPPED,,
10,Margie Balenciaga @margie_rasri,8900000.0,0.24,Thailand,Acting and Drama Travel Celebrity Lifestyle,2700000.0,instagram,thailand,False,2024,Entertainment,MAPPED,,
11,PunPun Sutatta Udomsilp♡ @punpun_sutatta,8600000.0,1.18,Thailand,Celebrity Modeling Design Celebrities,2600000.0,instagram,thailand,False,2024,Beauty&Fashion,MAPPED,,
12,Prin Suparat @mark_prin,8000000.0,1.07,Thailand,Entertainment and Music Celebrity Business,2400000.0,instagram,thailand,False,2024,Knowledge&Info,MAPPED,,
13,Noey Chotika @noeychotika,7900000.0,0.18,Thailand,Beauty and Self Care Fashion and Accessories Celebrity Modeling,2400000.0,instagram,thailand,False,2024,Beauty&Fashion,MAPPED,,
14,TJ @toeyjarinporn,7900000.0,0.74,Thailand,Business and Finance Modeling Entrepreneur,2400000.0,instagram,thailand,False,2024,Beauty&Fashion,MAPPED,,
15,Kwan Usamanee Official @kwanusa9,7500000.0,0.08,Thailand,Beauty and Self Care Business and Finance Celebrity Modeling,2300000.0,instagram,thailand,False,2024,Beauty&Fashion,MAPPED,,
16,t ae wt ae w @taewaew_natapohn,7200000.0,0.39,Thailand,Entertainment and Music Acting and Drama Actors,2200000.0,instagram,thailand,False,2024,Music,MAPPED,,
17,Anne Jakrajutatip | แอน จักรพงษ์ @annejkn.official,6700000.0,0.25,Thailand,Entertainment and Music Business and Finance,2000000.0,instagram,thailand,False,2024,Knowledge&Info,MAPPED,,
18,Jirayu Tangsrisuk @jirayu_jj,6700000.0,0.62,Thailand,Actors,2000000.0,instagram,thailand,False,2024,Entertainment,MAPPED,,
19,Panward Hemmanee @ppanward,6500000.0,0.43,Thailand,Acting and Drama Beauty and Self Care Celebrity,2000000.0,instagram,thailand,False,2024,Beauty&Fashion,MAPPED,,
20,Mew Suppasit @mewsuppasit,5900000.0,2.22,Thailand,Entertainment and Music Modeling Moms Actors,1800000.0,instagram,thailand,False,2024,Beauty&Fashion,MAPPED,,
21,Tawan Vihokratana @tawan_v,5900000.0,0.2,Thailand,Entertainment and Music Lifestyle,1800000.0,instagram,thailand,False,2024,Music,MAPPED,,
22,WORANUCH BHIROM BHAKDI @nuneworanuch,5600000.0,0.16,Thailand,Acting and Drama Actors Singer Music,1700000.0,instagram,thailand,False,2024,Music,MAPPED,,
23,Pitchanart Sakhakorn @maypitchy,5400000.0,0.07,Thailand,Entertainment and Music Acting and Drama Celebrity Modeling,1600000.0,instagram,thailand,False,2024,Beauty&Fashion,MAPPED,,
24,Lydia Sarunrat Deane @lydiasarunrat,5200000.0,0.62,Thailand,Actors Food,1500000.0,instagram,thailand,False,2024,Entertainment,MAPPED,,
25,Cris Horwang️️️️️️ @crishorwang,5100000.0,0.18,Thailand,Actors,1500000.0,instagram,thailand,False,2024,Entertainment,MAPPED,,
26,GMMTV @gmmtv,5100000.0,0.28,Thailand,Entertainment and Music Parenting Modeling Tv Show,1500000.0,instagram,thailand,False,2024,Beauty&Fashion,MAPPED,,
27,JT @janienineeleven,4900000.0,1.44,Thailand,Fashion and Accessories Business and Finance Actor,1500000.0,instagram,thailand,False,2024,Beauty&Fashion,MAPPED,,
28,ตุ๊กกี้ สุดารัตน์ @tukky66,4700000.0,0.02,Thailand,,1400000.0,instagram,thailand,False,2024,,,,
29,Kan Kantathavorn @kankantathavorn,4500000.0,0.03,Thailand,Acting and Drama family Marketing and Advertising Celebrity,1400000.0,instagram,thailand,False,2024,Knowledge&Info,MAPPED,,
30,Mook Worranit Thawornwong @mookworranit,4500000.0,1.54,Thailand,Actors,1300000.0,instagram,thailand,False,2024,Entertainment,MAPPED,,
31,New Thitipoom @newwiee,4400000.0,0.24,Thailand,Celebrity,1300000.0,instagram,thailand,False,2024,Entertainment,MAPPED,,
32,Naphat Siangsomboon นาย ณภัทร @naphat_nine,4400000.0,2.32,Thailand,Acting and Drama Arts and Crafts Photography Celebrity,1300000.0,instagram,thailand,False,2024,Entertainment,MAPPED,,
33,Esther Supreeleela @esthersupree,4300000.0,0.46,Thailand,Actors,1300000.0,instagram,thailand,False,2024,Entertainment,MAPPED,,
34,𝗝 𝗘 𝗙 𝗙 𝗦 𝗔 𝗧 𝗨 𝗥 (罗杰夫) @jeffsatur,4200000.0,9.9,Thailand,Entertainment and Music Music,1300000.0,instagram,thailand,False,2024,Music,MAPPED,,
35,Ice Apitsada ไอซ์ อภิษฎา @apitsada,4200000.0,0.41,Thailand,Art Celebrity Styling Lifestyle,1300000.0,instagram,thailand,False,2024,Entertainment,MAPPED,,
36,Warattaya Nilkuha (Jooy) @warattaya,4200000.0,1.54,Thailand,Celebrity Entertainment and Music Beauty and Self Care Fashion and Accessories,1300000.0,instagram,thailand,False,2024,Beauty&Fashion,MAPPED,,
37,Violette Wautier @violettewautier,4100000.0,1.2,Thailand,Entertainment and Music Music Modeling Artist,1200000.0,instagram,thailand,False,2024,Beauty&Fashion,MAPPED,,
38,徐志贤𝕭𝖎𝖊 @biexu1991,4100000.0,2.71,Thailand,Modeling Fashion,1200000.0,instagram,thailand,False,2024,Beauty&Fashion,MAPPED,,
39,Sririta Jensen Narongdej @sriritajensen,4100000.0,0.22,Thailand,Business and Finance Organics,1200000.0,instagram,thailand,False,2024,Knowledge&Info,MAPPED,,
40,Vanda Sahawong @vanda29,4100000.0,0.33,Thailand,Fashion and Accessories Business and Finance Modeling Public Figure,1200000.0,instagram,thailand,False,2024,Beauty&Fashion,MAPPED,,
41,Krit Amnuaydechkorn @pp.kritt,4000000.0,3.3,Thailand,Fashion and Accessories Celebrity Modeling,1200000.0,instagram,thailand,False,2024,Beauty&Fashion,MAPPED,,
42,Nattawin Wattanagitiphat @apo555,3800000.0,13.52,Thailand,Celebrity,1100000.0,instagram,thailand,False,2024,Entertainment,MAPPED,,
43,Thanapob Leeratanakachorn @thanapob_lee,3700000.0,1.59,Thailand,Acting and Drama Celebrity,1100000.0,instagram,thailand,False,2024,Entertainment,MAPPED,,
44,Love Pattranite (เลิฟ) @loverrukk,3700000.0,3.78,Thailand,Entertainment and Music Celebrity Modeling,1100000.0,instagram,thailand,False,2024,Beauty&Fashion,MAPPED,,
45,Rhatha Yaya Phongam @realyingrhatha,3700000.0,0.06,Thailand,Nature Animals Celebrity Actors,1100000.0,instagram,thailand,False,2024,Entertainment,MAPPED,,
46,Sunny Suwanmethanont @sunny_suwanmethanont,3700000.0,2.09,Thailand,Funny Fashion and Accessories Travel Celebrity,1100000.0,instagram,thailand,False,2024,Beauty&Fashion,MAPPED,,
47,MP 15.15 @milephakphum,3600000.0,7.46,Thailand,Pets Singer Music Songwriting,1100000.0,instagram,thailand,False,2024,Music,MAPPED,,
48,Thiti Mahayotaruk @bank_thiti,3600000.0,1.04,Thailand,Fashion and Accessories Celebrity Actors,1100000.0,instagram,thailand,False,2024,Beauty&Fashion,MAPPED,,
49,J @jaylerr,3500000.0,0.94,Thailand,Entertainment and Music Modeling,1000000.0,instagram,thailand,False,2024,Beauty&Fashion,MAPPED,,
50,PANITA N @ningpanita,3500000.0,0.08,Thailand,Beauty and Self Care News Lifestyle Modeling,1000000.0,instagram,thailand,False,2024,Beauty&Fashion,MAPPED,,
51,Engfa Waraha 🇹🇭 @fa_engfa8,3500000.0,5.15,Thailand,Business and Finance Art,1000000.0,instagram,thailand,False,2024,Knowledge&Info,MAPPED,,
52,Thanavat Vatthanaputi @popezaap,3400000.0,1.56,Thailand,Acting and Drama Celebrity Actors Modeling,1000000.0,instagram,thailand,False,2024,Beauty&Fashion,MAPPED,,
53,Singto | Prachaya Ruangroj @__singto,3400000.0,1.48,Thailand,Celebrity Modeling Actors Film,1000000.0,instagram,thailand,False,2024,Beauty&Fashion,MAPPED,,
54,Wachirawit @chimonac,3400000.0,4.22,Thailand,Entertainment and Music,1000000.0,instagram,thailand,False,2024,Music,MAPPED,,
55,MARCH @marchutavuth,3400000.0,0.32,Thailand,Acting and Drama Celebrity Modeling Actors,1000000.0,instagram,thailand,False,2024,Beauty&Fashion,MAPPED,,
56,💗 Fonthip Watcharatrakul 💗 @pooklook_fonthip,3400000.0,0.25,Thailand,Beauty and Self Care Celebrity Modeling Actors,1000000.0,instagram,thailand,False,2024,Beauty&Fashion,MAPPED,,
57,Sushar M. @aom_sushar,3300000.0,0.5,Thailand,Acting and Drama Actor,985000.0,instagram,thailand,False,2024,Entertainment,MAPPED,,
58,Praya Lundberg @prayalundberg,3300000.0,0.47,Thailand,Celebrity Actors Modeling,982300.0,instagram,thailand,False,2024,Beauty&Fashion,MAPPED,,
59,พลอยชมพู | Ploychompoo @jannineweigel,3200000.0,1.96,Thailand,Entertainment and Music Celebrity Music Singer,971800.0,instagram,thailand,False,2024,Music,MAPPED,,
60,Ter Chantavit @terchantavit,3200000.0,0.66,Thailand,Celebrity Actors,958800.0,instagram,thailand,False,2024,Entertainment,MAPPED,,
61,Amy Klinpratoom @amy_klinpratoom,3200000.0,0.21,Thailand,Acting and Drama Celebrity Lifestyle,951800.0,instagram,thailand,False,2024,Entertainment,MAPPED,,
62,Jennie Panhan @jennie_panhan,3100000.0,1.71,Thailand,Music Singer,945000.0,instagram,thailand,False,2024,Music,MAPPED,,
63,Putthipong Assaratanakul @bbillkin,3100000.0,2.55,Thailand,Fashion and Accessories Entertainment and Music Product Showcase Celebrity,944500.0,instagram,thailand,False,2024,Beauty&Fashion,MAPPED,,
64,Peak @peakpattarasaya,3100000.0,0.17,Thailand,Acting and Drama Celebrity Modeling Design,940400.0,instagram,thailand,False,2024,Beauty&Fashion,MAPPED,,
65,Chanon Santinatornkul @nonkul,3100000.0,6.72,Thailand,Arts and Crafts Celebrity Music Actors,934400.0,instagram,thailand,False,2024,Music,MAPPED,,
66,arachaporn's @goyyog,3100000.0,2.82,Thailand,Celebrity Piercing Actor,932800.0,instagram,thailand,False,2024,Entertainment,MAPPED,,
67,Thanat Lowkhunsombat 🇹🇭 @lee_thanat,3100000.0,2.34,Thailand,Music Singer,920300.0,instagram,thailand,False,2024,Music,MAPPED,,
68,Toptap Jirakit K. @toptap_jirakit,3000000.0,0.34,Thailand,Acting and Drama Entertainment and Music Celebrity Video Games,913400.0,instagram,thailand,False,2024,Tech&Gaming,MAPPED,,
69,Thaisupermodel 2013 @bow_maylada,3000000.0,3.05,Thailand,Celebrity Modeling Singer Music,908000.0,instagram,thailand,False,2024,Beauty&Fashion,MAPPED,,
70,Paula Taylor @paulataylorbuttery,3000000.0,0.21,Thailand,Celebrity Actors,901600.0,instagram,thailand,False,2024,Entertainment,MAPPED,,
71,จ๊ะ 🐒 @jaja_nongpanee,3000000.0,0.19,Thailand,Singer,900800.0,instagram,thailand,False,2024,Music,MAPPED,,
72,Popor Sapsiree Taerattanachai @popor_sapsiree,3000000.0,1.74,Thailand,Sports Personal Finance,896300.0,instagram,thailand,False,2024,Sports,MAPPED,,
73,ภูวินทร์ GMMTV @phuwintang,3000000.0,7.89,Thailand,Acting and Drama Music,893700.0,instagram,thailand,False,2024,Music,MAPPED,,
74,Gemiyakii♊️ @gemini_nt,2900000.0,8.21,Thailand,Entertainment and Music,877900.0,instagram,thailand,False,2024,Music,MAPPED,,
75,ken_phupoom @ken_phupoom,2900000.0,0.28,Thailand,Entertainment and Music Actors,876600.0,instagram,thailand,False,2024,Music,MAPPED,,
76,Four Sakonrut @khunfour,2900000.0,0.83,Thailand,Entertainment and Music Artist,875800.0,instagram,thailand,False,2024,Music,MAPPED,,
77,★𝗣𝗔𝗡𝗖𝗔𝗞𝗘 𝗞𝗛𝗘𝗠𝗔𝗡𝗜𝗧 𝗝𝗔𝗠𝗜𝗞𝗢𝗥𝗡 ★ @khemanito,2900000.0,0.09,Thailand,Animals Entertainment and Music Modeling Actors,873400.0,instagram,thailand,False,2024,Beauty&Fashion,MAPPED,,
78,Tatiana Marakhovskaya @sa_spinoi_angela,2800000.0,0.31,Thailand,Life and Society Coaching,850600.0,instagram,thailand,False,2024,Knowledge&Info,MAPPED,,
79,Third Lapat Ngamchaweng @thirdd,2800000.0,2.14,Thailand,Entertainment and Music Arts and Crafts Music Parenting,846800.0,instagram,thailand,False,2024,Music,MAPPED,,
80,mootono29😈 @mootono29,2800000.0,0.24,Thailand,Music Modeling,840900.0,instagram,thailand,False,2024,Beauty&Fashion,MAPPED,,
81,Harit Cheewagaroon @ssingss,2800000.0,1.98,Thailand,Actors Modeling Fashion Photography,835700.0,instagram,thailand,False,2024,Beauty&Fashion,MAPPED,,
82,Rinrada Thurapan @yoshirinrada,2800000.0,5.1,Thailand,Beauty and Self Care Fashion and Accessories Actors,826100.0,instagram,thailand,False,2024,Beauty&Fashion,MAPPED,,
83,poydtreechada @poydtreechada,2700000.0,1.44,Thailand,Modeling,822100.0,instagram,thailand,False,2024,Beauty&Fashion,MAPPED,,
84,พิธา ลิ้มเจริญรัตน์ @pita.ig,2700000.0,1.03,Thailand,,820600.0,instagram,thailand,False,2024,,,,
85,Sananthachat Thanapatpisal @sananthachat,2700000.0,0.75,Thailand,Entertainment and Music Celebrity Actors Modeling,818700.0,instagram,thailand,False,2024,Beauty&Fashion,MAPPED,,
86,James Teeradon Supapunpinyo @jamyjamess,2700000.0,1.72,Thailand,Travel Photography Celebrity Modeling,815200.0,instagram,thailand,False,2024,Beauty&Fashion,MAPPED,,
87,𝐌𝐨𝐫𝐚𝐤𝐨𝐭 𝐀𝐢𝐦𝐞𝐞 𝐒𝐚𝐧𝐠𝐭𝐚𝐰𝐞𝐞𝐩 @aimeemorakot,2700000.0,0.1,Thailand,Fitness and Health Business and Finance Actors,808400.0,instagram,thailand,False,2024,Sports,MAPPED,,
88,Family first🤍 @iamkratae,2600000.0,0.12,Thailand,Fashion and Accessories Modeling,783100.0,instagram,thailand,False,2024,Beauty&Fashion,MAPPED,,
89,Padung Songsang @jazzpadung,2600000.0,1.31,Thailand,Celebrity Lifestyle,782600.0,instagram,thailand,False,2024,Entertainment,MAPPED,,
90,Bsumettikul @biblesumett,2600000.0,4.65,Thailand,Education,774700.0,instagram,thailand,False,2024,Knowledge&Info,MAPPED,,
91,EARTH KATSAMONNAT @cooheart,2600000.0,4.15,Thailand,Arts and Crafts Celebrity,771700.0,instagram,thailand,False,2024,Entertainment,MAPPED,,
92,🌱BEBE🤸🏻‍♀️ @thisisbebe,2600000.0,0.49,Thailand,Fitness and Health Celebrities Animals & Pets Design,768100.0,instagram,thailand,False,2024,Sports,MAPPED,,
93,Phiravich Attachitsataporn @m34nismind,2500000.0,2.23,Thailand,Product Showcase,754300.0,instagram,thailand,False,2024,Beauty&Fashion,MAPPED,,
94,A Suppachai Srivijit @a_supachai1,2400000.0,0.2,Thailand,Entertainment and Music Celebrity,716200.0,instagram,thailand,False,2024,Music,MAPPED,,
95,Thanawat Rattanakitpaisan @khaotungg,2300000.0,8.3,Thailand,Entertainment and Music Celebrity Modeling,703000.0,instagram,thailand,False,2024,Beauty&Fashion,MAPPED,,
96,Luke Ishikawa Plowden @lukevoyage,2300000.0,0.45,Thailand,Acting and Drama Parenting Singer DJ,702600.0,instagram,thailand,False,2024,Music,MAPPED,,
97,STARWIN NARKTHONGPET @sungstarwin,2300000.0,3.95,Thailand,Outdoor Activity Modeling,697400.0,instagram,thailand,False,2024,Sports,MAPPED,,
98,Amine Aouni | أمين العوني @amine_aouni,2300000.0,7.39,Thailand,,692200.0,instagram,thailand,False,2024,,,,
99,Joe Weller @joeweller,2300000.0,1.62,Thailand,Fitness and Health Entertainment and Music Music Adventure,683700.0,instagram,thailand,False,2024,Sports,MAPPED,,
100,Chanathip Songkrasin @jaychanathip,2300000.0,1.21,Thailand,Sports Soccer,679600.0,instagram,thailand,False,2024,Sports,MAPPED,,
1,Burak Özdemir @cznburak,54600000.0,0.03,Turkey,Food Music Chef,16399999.999999998,instagram,turkey,False,2024,Music,MAPPED,,
2,Hande Erçel @handemiyy,32100000.0,3.6,Turkey,Fashion and Accessories Animation and Cosplay Celebrity Actors,9600000.0,instagram,turkey,False,2024,Beauty&Fashion,MAPPED,,
3,Burak Özçivit @burakozcivit,25200000.0,0.57,Turkey,Acting and Drama Actors,7600000.0,instagram,turkey,False,2024,Entertainment,MAPPED,,
4,Demet Özdemir @demetozdemir,16300000.0,2.32,Turkey,Celebrity Actors,4900000.0,instagram,turkey,False,2024,Entertainment,MAPPED,,
5,Çağrı Taner @cagritaner,15600000.0,0.18,Turkey,Education Writer,4700000.0,instagram,turkey,False,2024,Knowledge&Info,MAPPED,,
6,Acun Ilıcalı @acunilicali,14200000.0,0.98,Turkey,Actors Creators & Celebrities,4300000.0,instagram,turkey,False,2024,Entertainment,MAPPED,,
7,Fahriye Evcen Özçivit @evcenf,13700000.0,2.33,Turkey,Art,4100000.0,instagram,turkey,False,2024,Lifestyle,MAPPED,,
8,Gürkan Topçu @gurkansef,13000000.0,1.18,Turkey,Chef Food,3900000.0,instagram,turkey,False,2024,Lifestyle,MAPPED,,
9,Recep Tayyip Erdoğan @rterdogan,11900000.0,0.45,Turkey,News & Politics Politics,3600000.0,instagram,turkey,False,2024,Knowledge&Info,MAPPED,,
10,Murat Boz @muratboz,11400000.0,0.43,Turkey,Entertainment and Music,3400000.0,instagram,turkey,False,2024,Music,MAPPED,,
11,Kerem Bürsin @thebursin,11300000.0,2.6,Turkey,Celebrity Art,3400000.0,instagram,turkey,False,2024,Entertainment,MAPPED,,
12,Arda Turan @ardaturan,10600000.0,1.68,Turkey,Sports Soccer,3200000.0,instagram,turkey,False,2024,Sports,MAPPED,,
13,Aras Bulut İynemli @iynemliarasbulut,10500000.0,2.47,Turkey,Art Lifestyle Actors,3100000.0,instagram,turkey,False,2024,Entertainment,MAPPED,,
14,DEMET AKALIN @demetakalin,10100000.0,0.14,Turkey,Entertainment and Music Music Singer,3000000.0,instagram,turkey,False,2024,Music,MAPPED,,
15,Serenay Sarıkaya @serenayss,10100000.0,1.79,Turkey,Celebrity Actors Modeling Actor,3000000.0,instagram,turkey,False,2024,Beauty&Fashion,MAPPED,,
16,Cagatay Ulusoy @cagatayulusoy,10100000.0,3.08,Turkey,Art,3000000.0,instagram,turkey,False,2024,Lifestyle,MAPPED,,
17,Fenerbahçe @fenerbahce,9500000.0,1.99,Turkey,Sports Automotive Basketball,2900000.0,instagram,turkey,False,2024,Sports,MAPPED,,
18,İrem Derici @iremderici,8900000.0,0.45,Turkey,Music,2700000.0,instagram,turkey,False,2024,Music,MAPPED,,
19,Elçin Sangu @elcinsangu,8800000.0,1.81,Turkey,Acting and Drama Celebrity Lifestyle Actors,2600000.0,instagram,turkey,False,2024,Entertainment,MAPPED,,
20,Karikatürhane @karikaturhane,8300000.000000001,0.24,Turkey,Arts and Crafts Nature,2500000.0,instagram,turkey,False,2024,Lifestyle,MAPPED,,
21,Eda Ece Tuncer @eda.ece,8000000.0,6.94,Turkey,Entertainment and Music Actors Actor,2400000.0,instagram,turkey,False,2024,Music,MAPPED,,
22,Hazal Kaya @hazalkaya,7800000.0,6.53,Turkey,Art Lifestyle Actors,2300000.0,instagram,turkey,False,2024,Entertainment,MAPPED,,
23,Aykut Elmas @aykutelmas,7600000.0,4.61,Turkey,"Pets Comedy Film, Music & Books Digital Creator",2300000.0,instagram,turkey,False,2024,Knowledge&Info,MAPPED,,
24,Ekrem İmamoglu @ekremimamoglu,7500000.0,0.83,Turkey,Life and Society Creators & Celebrities,2300000.0,instagram,turkey,False,2024,Knowledge&Info,MAPPED,,
25,Esra Bilgic @esbilgic,7500000.0,2.93,Turkey,Celebrity Modeling Actors,2200000.0,instagram,turkey,False,2024,Beauty&Fashion,MAPPED,,
26,Remix Adam @remixadam,7500000.0,0.9,Turkey,Music Digital Creator,2200000.0,instagram,turkey,False,2024,Music,MAPPED,,
27,Doğuş YILMAZ @dogushyilmaz,7200000.0,0.5,Turkey,Business and Finance,2200000.0,instagram,turkey,False,2024,Knowledge&Info,MAPPED,,
28,Özcan Ocak @ozcanocaktr,7000000.0,0.9,Turkey,,2100000.0,instagram,turkey,False,2024,,,,
29,SAVAŞ @savasugurlu,7000000.0,1.02,Turkey,News,2100000.0,instagram,turkey,False,2024,Knowledge&Info,MAPPED,,
30,Barış Arduç @arducbrs,6900000.0,7.35,Turkey,Actors Lifestyle,2100000.0,instagram,turkey,False,2024,Entertainment,MAPPED,,
31,Recep agar @insaatmuh_mimar,6900000.0,12.05,Turkey,,2100000.0,instagram,turkey,False,2024,,,,
32,Burak Deniz @_burakdeniz,6800000.0,3.47,Turkey,Actors,2000000.0,instagram,turkey,False,2024,Entertainment,MAPPED,,
33,Oğuzhan Uğur @oguzhanugur_,6800000.0,6.36,Turkey,Entertainment and Music Funny Life and Society Musicians,2000000.0,instagram,turkey,False,2024,Knowledge&Info,MAPPED,,
34,Şükran Kaymak @sukrankaymak,6800000.0,1.57,Turkey,Food Nutrition Lifestyle,2000000.0,instagram,turkey,False,2024,Lifestyle,MAPPED,,
35,Asli Enver @aslienver,6600000.0,5.14,Turkey,Entertainment and Music Lifestyle Actors,2000000.0,instagram,turkey,False,2024,Music,MAPPED,,
36,Yasemin Sakallıoğlu @yasemoz88,6600000.0,4.51,Turkey,Entertainment and Music Funny Journalists Modeling,2000000.0,instagram,turkey,False,2024,Beauty&Fashion,MAPPED,,
37,Sinan Akçıl @sinanakcil,6500000.0,0.95,Turkey,Art Singer,1900000.0,instagram,turkey,False,2024,Music,MAPPED,,
38,NaSuH İsTaNBuLi مهمد نصوح اوذدمير @nasuhistanbuli,6500000.0,2.89,Turkey,Art Entertainment and Music,1900000.0,instagram,turkey,False,2024,Music,MAPPED,,
39,Esra Ezmeci @esraezmecii,6300000.0,1.17,Turkey,Education Medical Health,1900000.0,instagram,turkey,False,2024,Knowledge&Info,MAPPED,,
40,Deniz Işın Coşkuner @denizisincoskuner,6200000.0,,Turkey,Art,1900000.0,instagram,turkey,False,2024,Lifestyle,MAPPED,,
41,Deniz Baysal Yurtcu @denizbaysal_,6200000.0,1.76,Turkey,Celebrity Actors,1900000.0,instagram,turkey,False,2024,Entertainment,MAPPED,,
42,Özge Gürel @ozgecangurelofficial,6100000.0,5.37,Turkey,Acting and Drama Actors Artist,1800000.0,instagram,turkey,False,2024,Entertainment,MAPPED,,
43,Sinem Kobal @sinemkobal,6100000.0,0.62,Turkey,Celebrity,1800000.0,instagram,turkey,False,2024,Entertainment,MAPPED,,
44,Neslim Güngen @neslimgungen,6000000.0,1.86,Turkey,Beauty and Self Care Upskilling Product Showcase Business and Finance,1800000.0,instagram,turkey,False,2024,Beauty&Fashion,MAPPED,,
45,Miralem Pjanić @miralem_pjanic,5900000.0,3.0,Turkey,Sports Soccer,1800000.0,instagram,turkey,False,2024,Sports,MAPPED,,
46,Cem Yılmaz @cmylmz,5700000.0,1.61,Turkey,Entertainment and Music Actors,1700000.0,instagram,turkey,False,2024,Music,MAPPED,,
47,Lia @sssniperwolf,5500000.0,5.25,Turkey,Beauty and Self Care Food and Drink Singer,1700000.0,instagram,turkey,False,2024,Beauty&Fashion,MAPPED,,
48,BErEn Saat @berenn_saat,5500000.0,2.45,Turkey,Celebrity Actors,1600000.0,instagram,turkey,False,2024,Entertainment,MAPPED,,
49,Engin Altan Düzyatan @enginaltandzytn,5400000.0,1.58,Turkey,Entertainment and Music Celebrity Actors,1600000.0,instagram,turkey,False,2024,Music,MAPPED,,
50,Gülben Ergen ✨ @gulben123,5300000.0,0.28,Turkey,Entertainment and Music Music Singer Artist,1600000.0,instagram,turkey,False,2024,Music,MAPPED,,
51,Dilan Çiçek Deniz @dilandeniz,5300000.0,2.35,Turkey,Acting and Drama Entertainment and Music Actors,1600000.0,instagram,turkey,False,2024,Music,MAPPED,,
52,1ncicaps @1ncicaps,5200000.0,0.41,Turkey,Funny,1600000.0,instagram,turkey,False,2024,Entertainment,MAPPED,,
53,Yusuf Güney @yusufguney,5100000.0,0.54,Turkey,Education,1500000.0,instagram,turkey,False,2024,Knowledge&Info,MAPPED,,
54,Kalust Şalcıoğlu @ksalcioglu,5100000.0,,Turkey,Celebrity Singer,1500000.0,instagram,turkey,False,2024,Music,MAPPED,,
55,Tuvana Türkay @tuvanaturkay,5000000.0,0.71,Turkey,Art Acting and Drama Actors,1500000.0,instagram,turkey,False,2024,Entertainment,MAPPED,,
56,Pelin Karahan @pelinkarahan,5000000.0,0.93,Turkey,Acting and Drama Actors,1500000.0,instagram,turkey,False,2024,Entertainment,MAPPED,,
57,Gamze Erçel Yıldırım @gamze_ercel,4900000.0,2.2,Turkey,Fashion and Accessories Actors Digital Creator,1500000.0,instagram,turkey,False,2024,Beauty&Fashion,MAPPED,,
58,B U R Λ K Y E T Ξ R 🪐 @burakyeter,4800000.0,0.33,Turkey,Parenting Music Singer Producers,1400000.0,instagram,turkey,False,2024,Music,MAPPED,,
59,Alina Boz @alinaboz,4700000.0,2.5,Turkey,Celebrity Actors,1400000.0,instagram,turkey,False,2024,Entertainment,MAPPED,,
60,Murat Can Ünverdi @mcanunverdi,4700000.0,1.22,Turkey,Business and Finance Pets Sports Modeling,1400000.0,instagram,turkey,False,2024,Sports,MAPPED,,
61,Serkan Cayoglu @serkancayoglu,4700000.0,0.23,Turkey,Celebrity Actors,1400000.0,instagram,turkey,False,2024,Entertainment,MAPPED,,
62,Kıvanç Tatlıtuğ @kivanctatlitug,4600000.0,0.32,Turkey,Celebrity Actors,1400000.0,instagram,turkey,False,2024,Entertainment,MAPPED,,
63,Esra EROL ÖZBİR @esraerol,4600000.0,0.75,Turkey,Moms,1400000.0,instagram,turkey,False,2024,Lifestyle,MAPPED,,
64,Çağla Şıkel @caglasikel,4600000.0,0.23,Turkey,family Fashion and Accessories Celebrities Personal Blog,1400000.0,instagram,turkey,False,2024,Beauty&Fashion,MAPPED,,
65,İrem Helvacıoğlu @iremhlvcioglu,4500000.0,1.76,Turkey,Fashion and Accessories Celebrity Modeling,1400000.0,instagram,turkey,False,2024,Beauty&Fashion,MAPPED,,
66,Haluk Levent @halukleventacil,4500000.0,2.65,Turkey,Entertainment and Music Music,1400000.0,instagram,turkey,False,2024,Music,MAPPED,,
67,Selin @selincigerci,4400000.0,0.87,Turkey,Beauty and Self Care Music,1300000.0,instagram,turkey,False,2024,Beauty&Fashion,MAPPED,,
68,Gökçe Akyıldız @akyldzgkce,4400000.0,1.79,Turkey,Celebrity,1300000.0,instagram,turkey,False,2024,Entertainment,MAPPED,,
69,Felipe Melo @felipemelo,4400000.0,1.26,Turkey,Sports,1300000.0,instagram,turkey,False,2024,Sports,MAPPED,,
70,Murat Yıldırım @mrtyldrm,4400000.0,1.84,Turkey,Entertainment and Music Actors,1300000.0,instagram,turkey,False,2024,Music,MAPPED,,
71,Bülent Kaya @bulentkaya_azka,4400000.0,,Turkey,Business and Finance,1300000.0,instagram,turkey,False,2024,Knowledge&Info,MAPPED,,
72,burcu esmersoy @burcues,4300000.0,0.2,Turkey,Fashion and Accessories Modeling News Personality,1300000.0,instagram,turkey,False,2024,Beauty&Fashion,MAPPED,,
73,Ebru Şahin Osman @rebrusahin,4300000.0,2.55,Turkey,Celebrity,1300000.0,instagram,turkey,False,2024,Entertainment,MAPPED,,
74,Süleyman SOYLU @suleyman_soylu,4300000.0,0.84,Turkey,,1300000.0,instagram,turkey,False,2024,,,,
75,Şahan Gökbakar @sahangokbakar,4200000.0,0.81,Turkey,Entertainment and Music Celebrity,1300000.0,instagram,turkey,False,2024,Music,MAPPED,,
76,İlber Ortaylı @ilberortayli,4200000.0,3.36,Turkey,Education Books,1300000.0,instagram,turkey,False,2024,Knowledge&Info,MAPPED,,
77,Nermin Yazılıtaş @nerminyazilitas,4200000.0,2.25,Turkey,Food Blogger,1200000.0,instagram,turkey,False,2024,Lifestyle,MAPPED,,
78,Mine Tugay @minetugay,4100000.0,2.28,Turkey,Actors Actor Creators & Celebrities,1200000.0,instagram,turkey,False,2024,Entertainment,MAPPED,,
79,Aytaç Şaşmaz @aytacsasmaz,4100000.0,3.07,Turkey,Actors Music Lifestyle,1200000.0,instagram,turkey,False,2024,Music,MAPPED,,
80,Pelin Su @pelinsu_,4000000.0,0.27,Turkey,Entertainment and Music,1200000.0,instagram,turkey,False,2024,Music,MAPPED,,
81,Mansur Yavaş @yavasmansur,3900000.0,0.47,Turkey,Life and Society Politician Creators & Celebrities,1200000.0,instagram,turkey,False,2024,Knowledge&Info,MAPPED,,
82,Cemre @cemrebaysel,3900000.0,14.87,Turkey,Education,1200000.0,instagram,turkey,False,2024,Knowledge&Info,MAPPED,,
83,YASMINE BELKACEM @yasmine__belkacem,3700000.0,0.85,Turkey,Fashion and Accessories Singer Music,1100000.0,instagram,turkey,False,2024,Beauty&Fashion,MAPPED,,
84,Yemek.com @yemekcom,3700000.0,0.27,Turkey,Food Product Education Medical Health,1100000.0,instagram,turkey,False,2024,Knowledge&Info,MAPPED,,
85,Nez Demir @nezdemir,3700000.0,2.84,Turkey,Finance Business and Finance Celebrities Design,1100000.0,instagram,turkey,False,2024,Knowledge&Info,MAPPED,,
86,Akın Akınözü @akinakinozu,3700000.0,5.6,Turkey,Acting and Drama Modeling,1100000.0,instagram,turkey,False,2024,Beauty&Fashion,MAPPED,,
87,Erkan Kolçak Köstendil @erkankeka,3700000.0,1.45,Turkey,Gym Actors Travel,1100000.0,instagram,turkey,False,2024,Sports,MAPPED,,
88,Murat ÖVÜÇ @muratovucofficiall,3600000.0,0.42,Turkey,Entertainment and Music Music,1100000.0,instagram,turkey,False,2024,Music,MAPPED,,
89,Burcu Biricik Yetkin @burcubiricik,3600000.0,4.7,Turkey,Entertainment and Music Celebrity Actors,1100000.0,instagram,turkey,False,2024,Music,MAPPED,,
90,Ozge Ozpirincci @ozpirincci,3600000.0,1.66,Turkey,Celebrity Actors,1100000.0,instagram,turkey,False,2024,Entertainment,MAPPED,,
91,Emre Mor @emre.mor9,3600000.0,4.88,Turkey,Sports Soccer,1100000.0,instagram,turkey,False,2024,Sports,MAPPED,,
92,Eylül Öztürk Özkan @eylulonline,3600000.0,0.91,Turkey,Entertainment and Music Celebrity,1100000.0,instagram,turkey,False,2024,Music,MAPPED,,
93,Ricardo Quaresma @ricardoquaresmaoficial,3600000.0,6.69,Turkey,Art Soccer,1100000.0,instagram,turkey,False,2024,Sports,MAPPED,,
94,Seda Sayan @sedasayan,3500000.0,0.41,Turkey,Entertainment and Music Actors,1100000.0,instagram,turkey,False,2024,Music,MAPPED,,
95,Röportaj Adam @roportajadam,3500000.0,12.82,Turkey,Entertainment and Music,1100000.0,instagram,turkey,False,2024,Music,MAPPED,,
96,T.C. Sağlık Bakanlığı @saglikbakanligi,3400000.0,0.05,Turkey,Education,1000000.0,instagram,turkey,False,2024,Knowledge&Info,MAPPED,,
97,EBRU POLAT💎 @ebrupolat,3400000.0,0.12,Turkey,Beauty and Self Care Marketing and Advertising Music,1000000.0,instagram,turkey,False,2024,Beauty&Fashion,MAPPED,,
98,Nurgul Yesilcay @nurgulyesilcayy,3400000.0,4.81,Turkey,Arts and Crafts Celebrity Actors,1000000.0,instagram,turkey,False,2024,Entertainment,MAPPED,,
99,Avni Göldağı @avnigoldagi,3400000.0,0.5,Turkey,Education Upskilling,1000000.0,instagram,turkey,False,2024,Knowledge&Info,MAPPED,,
100,Sayko Turkey @saykoturkeys,3400000.0,0.2,Turkey,,1000000.0,instagram,turkey,False,2024,,,,
1,Володимир Зеленський @zelenskiy_official,16900000.0,0.4,Ukraine,Actors,5100000.0,instagram,ukraine,False,2024,Entertainment,MAPPED,,
2,Snejana Onopka @snejanaonopka15,15600000.0,0.15,Ukraine,Fashion and Accessories Modeling Fashion Design,4700000.0,instagram,ukraine,False,2024,Beauty&Fashion,MAPPED,,
3,LOBODA @lobodaofficial,14700000.0,0.07,Ukraine,,4400000.0,instagram,ukraine,False,2024,,,,
4,Vera Brezhneva @ververa,13600000.0,0.07,Ukraine,Arts and Crafts Music Singer,4100000.0,instagram,ukraine,False,2024,Music,MAPPED,,
5,Mirjam Semenenko @artmodel.one,10800000.0,4.98,Ukraine,Arts and Crafts Artist,3200000.0,instagram,ukraine,False,2024,Lifestyle,MAPPED,,
6,Михайло Поплавський @poplavskiy_michail,8100000.0,0.15,Ukraine,Entertainment and Music,2400000.0,instagram,ukraine,False,2024,Music,MAPPED,,
7,Доктор Комаровский @doctor_komarovskiy,7900000.0,0.13,Ukraine,family Education Health and Medical Services Children,2400000.0,instagram,ukraine,False,2024,Knowledge&Info,MAPPED,,
8,АНИ ЛОРАК @anilorak,7000000.0,0.45,Ukraine,Entertainment and Music Music Singer,2100000.0,instagram,ukraine,False,2024,Music,MAPPED,,
9,Moneyx Leads @x.moneylead,6100000.0,1.79,Ukraine,Business and Finance,1800000.0,instagram,ukraine,False,2024,Knowledge&Info,MAPPED,,
10,Katheryn Winnick @katherynwinnick,5800000.0,3.07,Ukraine,Celebrity Acting and Drama Actors Modeling,1700000.0,instagram,ukraine,False,2024,Beauty&Fashion,MAPPED,,
11,DOROFEEVA @nadyadorofeeva,5300000.0,0.67,Ukraine,Music Singer,1600000.0,instagram,ukraine,False,2024,Music,MAPPED,,
12,Леся Нікітюк @lesia_nikituk,4200000.0,1.75,Ukraine,Education Luxury,1300000.0,instagram,ukraine,False,2024,Beauty&Fashion,MAPPED,,
13,Sasha Ray @sasha.ray,4200000.0,1.88,Ukraine,Education Marketing and Advertising Lifestyle,1200000.0,instagram,ukraine,False,2024,Knowledge&Info,MAPPED,,
14,Alina Baikova @alina_baikova,4100000.0,0.37,Ukraine,Fashion and Accessories Education Upskilling Health and Medical Services,1200000.0,instagram,ukraine,False,2024,Beauty&Fashion,MAPPED,,
15,Вячеслав Валерьевич @avgust.green,3500000.0,0.01,Ukraine,,1100000.0,instagram,ukraine,False,2024,,,,
16,Nengi Hampson @nengiofficial,3300000.0,1.5,Ukraine,Business and Finance,996900.0,instagram,ukraine,False,2024,Knowledge&Info,MAPPED,,
17,Olena Zelenska @olenazelenska_official,3300000.0,0.3,Ukraine,,983900.0,instagram,ukraine,False,2024,,,,
18,Доктор Ольга Белоконь @doctor_belokon,3100000.0,1.6,Ukraine,Education Fitness and Health Health and Medical Services Doctor,938200.0,instagram,ukraine,False,2024,Sports,MAPPED,,
19,Марина Кравец @marinakravets,3100000.0,0.32,Ukraine,Entertainment and Music Funny,929800.0,instagram,ukraine,False,2024,Music,MAPPED,,
20,Louisa Khovanski @louisakhovanski,3000000.0,4.79,Ukraine,,907600.0,instagram,ukraine,False,2024,,,,
21,Simon Sinek @simonsinek,2900000.0,0.94,Ukraine,Fashion,884400.0,instagram,ukraine,False,2024,Beauty&Fashion,MAPPED,,
22,Оля Полякова @polyakovamusic,2900000.0,0.84,Ukraine,Entertainment and Music Music,861100.0,instagram,ukraine,False,2024,Music,MAPPED,,
23,Dmytro Monatik @monatik_official,2800000.0,0.31,Ukraine,Entertainment and Music Music Modeling,849500.0,instagram,ukraine,False,2024,Beauty&Fashion,MAPPED,,
24,Eduard Perets @edisonperets,2600000.0,1.75,Ukraine,Entertainment and Music Video Blogger Lifestyle,789100.0,instagram,ukraine,False,2024,Music,MAPPED,,
25,@mariyasolodar,2600000.0,0.13,Ukraine,Education Upskilling Business and Finance Marketing,786400.0,instagram,ukraine,False,2024,Knowledge&Info,MAPPED,,
26,Mateusz Trabka @trombabomba,2400000.0,5.48,Ukraine,Pets Art,719700.0,instagram,ukraine,False,2024,Lifestyle,MAPPED,,
27,"Онлайн тренировки для ЛИЦА и ТЕЛА без косметологов, диет и зала @face_gimnastics_nakonechnaya",2400000.0,0.43,Ukraine,Fitness and Health Gym Modeling,712300.0,instagram,ukraine,False,2024,Sports,MAPPED,,
28,Dara @dara_official,2300000.0,0.03,Ukraine,Entertainment and Music Beauty and Self Care Music,703500.0,instagram,ukraine,False,2024,Beauty&Fashion,MAPPED,,
29,Anastasiia @n.stadnyk,2300000.0,0.36,Ukraine,Romance and Wedding Arts and Crafts Home and Garden Moms,682900.0,instagram,ukraine,False,2024,Beauty&Fashion,MAPPED,,
30,⭐️ АЛЕКСЕЙ ГУБАРЕНКО ⭐️ @alekseygubarenko,2300000.0,0.79,Ukraine,Fashion and Accessories Acting and Drama Entertainment and Music Life and Society,675500.0,instagram,ukraine,False,2024,Beauty&Fashion,MAPPED,,
31,Gyrol Anna @gyrolanna,2200000.0,1.13,Ukraine,Entertainment and Music Books Celebrities Author,667900.0,instagram,ukraine,False,2024,Knowledge&Info,MAPPED,,
32,Elena Kosmina @elena.kosmina,2200000.0,1.0,Ukraine,Fashion and Accessories Modeling,660300.0,instagram,ukraine,False,2024,Beauty&Fashion,MAPPED,,
33,Anton Ptushkin @ptuxerman,2200000.0,4.13,Ukraine,Pets Entertainment Singer,655600.0,instagram,ukraine,False,2024,Music,MAPPED,,
34,@annatrincher_official,2100000.0,2.56,Ukraine,Entertainment and Music Music Modeling,643000.0,instagram,ukraine,False,2024,Beauty&Fashion,MAPPED,,
35,𝑺𝒉𝒆𝒗𝒄𝒉𝒆𝒏𝒌𝒐 𝑶𝒍𝒈𝒂 @olya.shelby,2100000.0,0.26,Ukraine,Arts and Crafts Beauty and Self Care News Singer,642000.0,instagram,ukraine,False,2024,Beauty&Fashion,MAPPED,,
36,Masha Efrosinina @mashaefrosinina,2100000.0,1.22,Ukraine,family Celebrity Modeling,635600.0,instagram,ukraine,False,2024,Beauty&Fashion,MAPPED,,
37,Марина Кравченко @marishadeboshir,2100000.0,0.33,Ukraine,Fitness and Health Cars & Motorcycles,631700.0,instagram,ukraine,False,2024,Sports,MAPPED,,
38,"Студія ""Квартал 95"" @kvartal95official",2100000.0,0.23,Ukraine,Entertainment and Music Entertainment,622600.0,instagram,ukraine,False,2024,Music,MAPPED,,
39,Сергій Притула @siriy_ua,2000000.0,1.48,Ukraine,TV Host,602100.0,instagram,ukraine,False,2024,Entertainment,MAPPED,,
40,Артем Пивоваров / Pivovarov @pivovarovmusic,2000000.0,0.95,Ukraine,"Pets Singer Music Film, Music & Books",586600.0,instagram,ukraine,False,2024,Knowledge&Info,MAPPED,,
41,@andreyofficial12,1900000.0,3.8,Ukraine,Life and Society Lifestyle,559900.0,instagram,ukraine,False,2024,Knowledge&Info,MAPPED,,
42,САША БО 🇺🇦 @sashaabo,1900000.0,2.42,Ukraine,family Beauty and Self Care Business and Finance,557600.0,instagram,ukraine,False,2024,Beauty&Fashion,MAPPED,,
43,Sasha Chistova @sashachistova,1800000.0,0.82,Ukraine,Fitness and Health,554900.0,instagram,ukraine,False,2024,Sports,MAPPED,,
44,Katya Osadcha @kosadcha,1800000.0,0.82,Ukraine,Entertainment and Music TV Host Modeling Journalists,552800.0,instagram,ukraine,False,2024,Beauty&Fashion,MAPPED,,
45,Tina Karol @tina_karol,1800000.0,1.12,Ukraine,Entertainment and Music Music,551900.0,instagram,ukraine,False,2024,Music,MAPPED,,
46,Alex Zinchenko @zinchenko_96,1800000.0,9.04,Ukraine,Sports Soccer,551100.0,instagram,ukraine,False,2024,Sports,MAPPED,,
47,Daria Kvitkova 🇺🇦 @kvittkova,1800000.0,4.54,Ukraine,Beauty and Self Care Romance and Wedding Education Upskilling,550700.0,instagram,ukraine,False,2024,Beauty&Fashion,MAPPED,,
48,Дима Евтушенко @evtushenko_dima,1800000.0,1.96,Ukraine,Entertainment and Music Modeling,545500.0,instagram,ukraine,False,2024,Beauty&Fashion,MAPPED,,
49,K A R I N A Z H O S A N @karinazhosanofficial,1800000.0,2.52,Ukraine,Fashion and Accessories Entertainment and Music Music Modeling,540500.0,instagram,ukraine,False,2024,Beauty&Fashion,MAPPED,,
50,Andrii Biedniakov @biedniakov,1800000.0,1.55,Ukraine,Life and Society Lifestyle,537700.0,instagram,ukraine,False,2024,Knowledge&Info,MAPPED,,
51,Юрій Ткач 🇺🇦 @yuriy_tkach,1800000.0,0.85,Ukraine,Celebrity Actors,525000.0,instagram,ukraine,False,2024,Entertainment,MAPPED,,
52,OPEN KIDS @open_kids,1700000.0,0.21,Ukraine,Entertainment and Music Music,516200.00000000006,instagram,ukraine,False,2024,Music,MAPPED,,
53,Таня Парфільєва @tanyaparfileva,1700000.0,5.39,Ukraine,Fashion and Accessories Arts and Crafts Modeling Lifestyle,503800.0,instagram,ukraine,False,2024,Beauty&Fashion,MAPPED,,
54,Sasha Kostyliev @s1mpleo,1700000.0,17.29,Ukraine,Games Video Gaming,501300.0,instagram,ukraine,False,2024,Tech&Gaming,MAPPED,,
55,#ʟᴏᴡᴋᴇʏғᴀᴍᴏᴜs @kyivstoner,1700000.0,0.67,Ukraine,Entertainment and Music Musicians,496000.0,instagram,ukraine,False,2024,Music,MAPPED,,
56,Олексій Арестович @alexey.arestovich,1500000.0,4.4,Ukraine,Education,463200.0,instagram,ukraine,False,2024,Knowledge&Info,MAPPED,,
57,LizianeTierrez @liziane_gutierrez,1500000.0,0.56,Ukraine,Fashion and Accessories Celebrities,454700.0,instagram,ukraine,False,2024,Beauty&Fashion,MAPPED,,
58,🍀Український 4chan @4chan_ukr,1500000.0,,Ukraine,,443300.0,instagram,ukraine,False,2024,,,,
59,Луцук Людмила @lyudashollywooda,1400000.0,2.07,Ukraine,Fashion and Accessories Gym Modeling,430100.0,instagram,ukraine,False,2024,Sports,MAPPED,,
60,Diana Harkusha •📍London 🇬🇧 • Humanitarian Activist @dianagarkushaofficial,1400000.0,0.04,Ukraine,Beauty and Self Care Health and Medical Services Modeling Lifestyle,418600.0,instagram,ukraine,False,2024,Beauty&Fashion,MAPPED,,
61,Наталія Могилевська @nataliya_mogilevskaya,1400000.0,0.71,Ukraine,Entertainment and Music Actors Modeling Music,414900.0,instagram,ukraine,False,2024,Beauty&Fashion,MAPPED,,
62,Andrew Shatyrko @andrew_shatyrko,1400000.0,0.15,Ukraine,Marketing and Advertising Education Music,414600.0,instagram,ukraine,False,2024,Knowledge&Info,MAPPED,,
63,Степан @loveyoustepan,1300000.0,11.6,Ukraine,Animals Pets,403400.0,instagram,ukraine,False,2024,Lifestyle,MAPPED,,
64,Танюша Самбурська 🤍 @__samburska,1300000.0,0.94,Ukraine,Beauty and Self Care Automotive,402800.0,instagram,ukraine,False,2024,Beauty&Fashion,MAPPED,,
65,Alina Istomina @alinaistominaofficial,1300000.0,0.16,Ukraine,Beauty and Self Care Actors,402300.0,instagram,ukraine,False,2024,Beauty&Fashion,MAPPED,,
66,Alina Shamanska @shamankaa,1300000.0,0.94,Ukraine,"Fashion and Accessories Journalists Celebrities Film, Music & Books",393500.0,instagram,ukraine,False,2024,Beauty&Fashion,MAPPED,,
67,V A L E R I A @valeria__yurchenko,1300000.0,1.46,Ukraine,Beauty and Self Care Product Education,390100.0,instagram,ukraine,False,2024,Beauty&Fashion,MAPPED,,
68,Ника Белоцерковская @belonika,1300000.0,3.12,Ukraine,Product Showcase,383100.0,instagram,ukraine,False,2024,Beauty&Fashion,MAPPED,,
69,ᴅᴀɴɴᴇᴇʟ ᴀᴄᴋʟᴇs @danneelackles512,1300000.0,4.8,Ukraine,Education Lifestyle,382300.0,instagram,ukraine,False,2024,Knowledge&Info,MAPPED,,
70,Afinka @afinkadiy,1300000.0,0.64,Ukraine,DIY and Life Hacks Celebrity Modeling,381000.0,instagram,ukraine,False,2024,Beauty&Fashion,MAPPED,,
71,Ектор Хіменес-Браво @hectorjimenezbravo,1200000.0,1.18,Ukraine,Food Chef,371000.0,instagram,ukraine,False,2024,Lifestyle,MAPPED,,
72,Елизавета Вальдемаровна @elkasinger,1200000.0,1.18,Ukraine,Entertainment and Music Music Singer,366300.0,instagram,ukraine,False,2024,Music,MAPPED,,
73,Bohdan Prylepa @prylepab,1200000.0,0.3,Ukraine,Finance,366200.0,instagram,ukraine,False,2024,Knowledge&Info,MAPPED,,
74,Игорь Крутой @igorkrutoy65,1200000.0,3.05,Ukraine,Art,365200.0,instagram,ukraine,False,2024,Lifestyle,MAPPED,,
75,Max Barskih | Макс Барских @max_barskih,1200000.0,1.41,Ukraine,Entertainment and Music Music Modeling,363900.0,instagram,ukraine,False,2024,Beauty&Fashion,MAPPED,,
76,Nikita Dobrynin @nikitadobrynin,1200000.0,1.45,Ukraine,Entertainment and Music Education Actors,358100.0,instagram,ukraine,False,2024,Knowledge&Info,MAPPED,,
77,Kat Soria @katerina.soria,1200000.0,3.71,Ukraine,Fashion and Accessories,356700.0,instagram,ukraine,False,2024,Beauty&Fashion,MAPPED,,
78,Anita Lutsenko @anitasporty,1200000.0,0.29,Ukraine,Fitness and Health Trainers,353100.0,instagram,ukraine,False,2024,Sports,MAPPED,,
79,David Guttenfelder @dguttenfelder,1200000.0,0.28,Ukraine,Photography Journalists,352200.0,instagram,ukraine,False,2024,Knowledge&Info,MAPPED,,
80,Streetstyle Daily @streetstyle__daily,1200000.0,0.16,Ukraine,Education Styling Lifestyle,346600.0,instagram,ukraine,False,2024,Knowledge&Info,MAPPED,,
81,Діма Варварук @dima_varvaruk,1100000.0,6.5,Ukraine,Product Showcase,343800.0,instagram,ukraine,False,2024,Beauty&Fashion,MAPPED,,
82,Таня Пренткович🕊🇺🇦 @tanyaprentkovych,1100000.0,1.46,Ukraine,Product Showcase Education Moms,342700.0,instagram,ukraine,False,2024,Beauty&Fashion,MAPPED,,
83,KRISTINA KHRYPTA @kristina_sharkadi,1100000.0,0.89,Ukraine,Education family,339400.0,instagram,ukraine,False,2024,Knowledge&Info,MAPPED,,
84,"Алевтина, також відома як Оливка🫒 @diva_olivka",1100000.0,1.33,Ukraine,Fashion and Accessories Marketing and Advertising Humor,337400.0,instagram,ukraine,False,2024,Beauty&Fashion,MAPPED,,
85,Oleksandr Lozytskyi @a_lozitsky,1100000.0,0.32,Ukraine,Business and Finance Photography,336100.0,instagram,ukraine,False,2024,Knowledge&Info,MAPPED,,
86,Юлия Красная @krasnay_julia,1100000.0,0.09,Ukraine,Business and Finance Modeling,335200.0,instagram,ukraine,False,2024,Beauty&Fashion,MAPPED,,
87,Aigul Eshmatova @aiguleshmatova,1100000.0,0.1,Ukraine,,333700.0,instagram,ukraine,False,2024,,,,
88,Свiтське Життя @svitsketv,1100000.0,1.74,Ukraine,Fashion Modeling Music,333300.0,instagram,ukraine,False,2024,Beauty&Fashion,MAPPED,,
89,ANOUKI ARESHIDZE @anoukigold,1100000.0,1.01,Ukraine,Fashion and Accessories Arts and Crafts Education Product Showcase,331600.0,instagram,ukraine,False,2024,Beauty&Fashion,MAPPED,,
90,Команда Зеленського @zeteam2019,1100000.0,0.12,Ukraine,,329600.0,instagram,ukraine,False,2024,,,,
91,Дмитрий Гордон @gordondmytro,1100000.0,0.31,Ukraine,Entertainment and Music Auto and Vehicles,327300.0,instagram,ukraine,False,2024,Tech&Gaming,MAPPED,,
92,Ваша искренняя Яна Дога🤍 @yana_doga,1100000.0,2.7,Ukraine,Life and Society,319600.0,instagram,ukraine,False,2024,Knowledge&Info,MAPPED,,
93,Andriy Khvetkevych 🇺🇦 @diveeasy,1100000.0,1.31,Ukraine,Outdoor Activity Adventure,316600.0,instagram,ukraine,False,2024,Sports,MAPPED,,
94,Koriak Tatiana @korya4ka,1100000.0,3.61,Ukraine,Fashion and Accessories Home and Garden Health & Fitness,315800.0,instagram,ukraine,False,2024,Sports,MAPPED,,
95,Ірка Пістрюга🇺🇦 @irka_pistryuga,1100000.0,2.65,Ukraine,,315100.0,instagram,ukraine,False,2024,,,,
96,Александра Хадж БЛОГЕР|КРЫМ @krim_na_ladoni,1000000.0,3.5,Ukraine,,309800.0,instagram,ukraine,False,2024,,,,
97,Ilona Chernobai @ilonachernobai,1000000.0,1.2,Ukraine,Fitness and Health Education Photography Product Showcase,309300.0,instagram,ukraine,False,2024,Sports,MAPPED,,
98,Юлий Онешко @juliusspeak,1000000.0,3.13,Ukraine,Games Lifestyle,308800.0,instagram,ukraine,False,2024,Tech&Gaming,MAPPED,,
99,Elina Monfils @elisvitolina,1000000.0,3.49,Ukraine,Sports Tennis,308500.0,instagram,ukraine,False,2024,Sports,MAPPED,,
100,ARKADII BIBIKOV ВРАЧ @expert_bibikov_health,1000000.0,0.03,Ukraine,,307300.0,instagram,ukraine,False,2024,,,,
1,HUDA BEAUTY @hudabeauty,54100000.0,0.05,Emirados Árabes Unidos,Beleza e Cuidados Pessoais Blogueiro Criadores e Celebridades,16200000.0,instagram,united-arab-emirates,False,2024,Beauty&Fashion,MAPPED,,Beauty and Personal Care Blogger Creators and Celebrities
2,Mai Omar @maiomar_,17100000.0,0.26,Emirados Árabes Unidos,Educação Família Modelagem,5100000.0,instagram,united-arab-emirates,False,2024,Beauty&Fashion,MAPPED,,Education Family Modeling
3,Ahlam Alshamsi @ahlamalshamsi,15400000.0,0.07,Emirados Árabes Unidos,Artes e Artesanato Cantor,4600000.0,instagram,united-arab-emirates,False,2024,Music,MAPPED,,Singer Arts and Crafts
4,Pia Jauncey @piawurtzbach,14700000.0,0.59,Emirados Árabes Unidos,Fitness e Saúde Moda e Acessórios Beleza e Cuidados Pessoais Negócios e Finanças,4400000.0,instagram,united-arab-emirates,False,2024,Sports,MAPPED,,Fitness and Health Fashion and Accessories Beauty and Personal Care Business and Finance
5,نور ستارز | Noor Stars @noorstars,14500000.0,0.92,Emirados Árabes Unidos,Entretenimento e Música Beleza e Cuidados Pessoais Educação,4400000.0,instagram,united-arab-emirates,False,2024,Beauty&Fashion,MAPPED,,Entertainment and Music Beauty and Personal Care Education
6,Sania Mirza @mirzasaniar,13100000.0,1.96,Emirados Árabes Unidos,Esportes Entretenimento e Música Fitness e Saúde Tênis,3900000.0,instagram,united-arab-emirates,False,2024,Sports,MAPPED,,Sports Entertainment & Music Fitness & Health Tennis
7,Lojain Omran @lojain_omran,11700000.0,0.08,Emirados Árabes Unidos,Artes e Artesanato Entretenimento e Música Moda e Acessórios Apresentador de TV,3500000.0,instagram,united-arab-emirates,False,2024,Beauty&Fashion,MAPPED,,Arts and Crafts Entertainment and Music Fashion and Accessories TV Presenter
8,فرح الهادي @farah_alhady,10300000.0,1.03,Emirados Árabes Unidos,Moda e Acessórios Celebridade Atores,3100000.0,instagram,united-arab-emirates,False,2024,Beauty&Fashion,MAPPED,,Fashion and Accessories Celebrities Actors
9,Mohamed Alsalim - محمد السالم @mohamedalsalim,10100000.0,0.47,Emirados Árabes Unidos,Entretenimento e Música Cantor,3000000.0,instagram,united-arab-emirates,False,2024,Music,MAPPED,,Entertainment and Music Singer
10,Ulugbekhon Maksumov @ulugbekhon,10000000.0,2.27,Emirados Árabes Unidos,Automóveis e Veículos Empreendedor Negócios,3000000.0,instagram,united-arab-emirates,False,2024,Knowledge&Info,MAPPED,,Automobiles and Vehicles Entrepreneur Business
11,Ajay Keswani @ajaykeswaniofficial,9600000.0,1.92,Emirados Árabes Unidos,Entretenimento e Música Cantor Música Composição de Músicas,2900000.0,instagram,united-arab-emirates,False,2024,Music,MAPPED,,Entertainment & Music Singer Music Songwriting
12,Mohammed bin Rashid Al Maktoum @hhshkmohd,8500000.0,0.57,Emirados Árabes Unidos,Política Fundador Empreendedor,2600000.0,instagram,united-arab-emirates,False,2024,Knowledge&Info,MAPPED,,Politics Founder Entrepreneur
13,Willyrex @willyrex,8100000.0,3.09,Emirados Árabes Unidos,Jogos Entretenimento e Música Vlogger,2400000.0,instagram,united-arab-emirates,False,2024,Tech&Gaming,MAPPED,,Games Entertainment and Music Vlogger
14,Mounir @mounir,8100000.0,0.65,Emirados Árabes Unidos,Beleza e Cuidados Pessoais Estilo,2400000.0,instagram,united-arab-emirates,False,2024,Beauty&Fashion,MAPPED,,Beauty and Personal Care Style
15,Dina Saeva @senoritasaeva,7900000.0,1.29,Emirados Árabes Unidos,Livros Estilo de Vida,2400000.0,instagram,united-arab-emirates,False,2024,Knowledge&Info,MAPPED,,Lifestyle Books
16,Nazriya Nazim Fahadh @nazriyafahadh,7600000.0,6.68,Emirados Árabes Unidos,Arte,2300000.0,instagram,united-arab-emirates,False,2024,UNMAPPED,UNMAPPED,,until
17,Ghaith Marwan 🍉 غيث مروان @ghaith_marwan,7400000.0,5.2,Emirados Árabes Unidos,Entretenimento e Música,2200000.0,instagram,united-arab-emirates,False,2024,Music,MAPPED,,Entertainment and Music
18,Leyla Brunton @leylabrunton,7300000.0,0.05,Emirados Árabes Unidos,Automóveis e Veículos Negócios e Finanças Estilo Estilo de Vida,2200000.0,instagram,united-arab-emirates,False,2024,Knowledge&Info,MAPPED,,Automobiles and Vehicles Business and Finance Style Lifestyle
19,SHADAN FAROOQUI @saddu07dz,6900000.0,1.64,Emirados Árabes Unidos,Fitness Moda Moda e Acessórios,2100000.0,instagram,united-arab-emirates,False,2024,Sports,MAPPED,,Fitness Fashion Fashion and Accessories
20,Amira Riaa أميرة ريا @amira_riaa,6700000.0,1.42,Emirados Árabes Unidos,Entretenimento e Música Moda e Acessórios Paternidade Estilo de Vida,2000000.0,instagram,united-arab-emirates,False,2024,Beauty&Fashion,MAPPED,,Entertainment & Music Fashion & Accessories Parenting Lifestyle
21,Mila Semeshkina @your_smart_mila,6500000.0,0.8,Emirados Árabes Unidos,"Educação Negócios e Finanças Comida Cinema, Música & Livros",1900000.0,instagram,united-arab-emirates,False,2024,Knowledge&Info,MAPPED,,"Education Business & Finance Food Cinema, Music & Books"
22,Hussain Al Jassmi حسين الجسمي @7sainaljassmi,6400000.0,0.16,Emirados Árabes Unidos,Arte Cantor,1900000.0,instagram,united-arab-emirates,False,2024,Music,MAPPED,,Singer Art
23,Victoria Lopyreva @lopyrevavika,6300000.0,0.87,Emirados Árabes Unidos,Entretenimento e Música Viagem Romance e Casamento Modelagem,1900000.0,instagram,united-arab-emirates,False,2024,Beauty&Fashion,MAPPED,,Entertainment and Music Travel Romance and Wedding Modeling
24,Andrei Deiu' @andreideiu_,6200000.0,2.97,Emirados Árabes Unidos,Fitness e Saúde,1900000.0,instagram,united-arab-emirates,False,2024,Sports,MAPPED,,Fitness and Health
25,Afrae Es-satte | عفراء السطي @afrae.es,6200000.0,0.19,Emirados Árabes Unidos,Entretenimento e Música Marketing e Publicidade Celebridade,1900000.0,instagram,united-arab-emirates,False,2024,Knowledge&Info,MAPPED,,Entertainment and Music Marketing and Advertising Celebrity
26,رغـد | Raghad @rragoode,6100000.0,0.19,Emirados Árabes Unidos,Beleza e Cuidados Pessoais Educação Entretenimento e Música,1800000.0,instagram,united-arab-emirates,False,2024,Beauty&Fashion,MAPPED,,Beauty and Personal Care Education Entertainment and Music
27,Azza Zarour | عزة زعرور @azzazarour,6100000.0,2.12,Emirados Árabes Unidos,Entretenimento e Música Celebridade Música Estilo de Vida,1800000.0,instagram,united-arab-emirates,False,2024,Music,MAPPED,,Entertainment & Music Celebrity Music Lifestyle
28,Amit Majithia @amit_majithia,6000000.0,0.2,Emirados Árabes Unidos,,1800000.0,instagram,united-arab-emirates,False,2024,,,,
29,Liubava Rose ❤️ 🌹 @love__rose92,5900000.0,0.18,Emirados Árabes Unidos,Moda e Acessórios Fitness e Saúde Viagem Negócios,1800000.0,instagram,united-arab-emirates,False,2024,Sports,MAPPED,,Fashion and Accessories Fitness and Health Travel Business
30,Reem Khabbazeh ريم أبوسمرة @reemabousamra,5400000.0,1.6,Emirados Árabes Unidos,Beleza e Cuidados Pessoais Viagem Negócios e Finanças Celebridades,1600000.0,instagram,united-arab-emirates,False,2024,Beauty&Fashion,MAPPED,,Beauty & Personal Care Travel Business & Finance Celebrities
31,Rozzah @rozzah,5300000.0,4.68,Emirados Árabes Unidos,Entretenimento e Música,1600000.0,instagram,united-arab-emirates,False,2024,Music,MAPPED,,Entertainment and Music
32,Amro maskoun عمرو مسكون @amrmaskoun,5300000.0,1.68,Emirados Árabes Unidos,Entretenimento e Música Celebridade,1600000.0,instagram,united-arab-emirates,False,2024,Music,MAPPED,,Celebrity Entertainment and Music
33,Jalila جليلة @jalila_official,5200000.0,1.32,Emirados Árabes Unidos,Moda e Acessórios,1600000.0,instagram,united-arab-emirates,False,2024,Beauty&Fashion,MAPPED,,Fashion and Accessories
34,Mayssa Maghrebi ميساء مغربي @mayssamaghrebi,5100000.0,0.06,Emirados Árabes Unidos,Atores,1500000.0,instagram,united-arab-emirates,False,2024,Entertainment,MAPPED,,Actors
35,Harraj Lamba @__harraj_s_lamba_,5000000.0,0.81,Emirados Árabes Unidos,Educação Fitness e Saúde Coach Treinamento,1500000.0,instagram,united-arab-emirates,False,2024,Sports,MAPPED,,Education Fitness and Health Coach Training
36,غلا الجسمي @gagaaljasmi,5000000.0,0.38,Emirados Árabes Unidos,Crianças,1500000.0,instagram,united-arab-emirates,False,2024,UNMAPPED,UNMAPPED,,Children
37,REDA EL WAHABI • رضا الوهابي @reda_elwahabii,4900000.0,3.5,Emirados Árabes Unidos,Viagem Educação Aperfeiçoamento de Habilidades Modelagem,1500000.0,instagram,united-arab-emirates,False,2024,Beauty&Fashion,MAPPED,,Travel Education Skills Development Modeling
38,NURIIA KAMIEVA @momforkings,4900000.0,3.25,Emirados Árabes Unidos,Beleza e Cuidados Pessoais Moda e Acessórios Negócios e Finanças,1500000.0,instagram,united-arab-emirates,False,2024,Beauty&Fashion,MAPPED,,Beauty and Personal Care Fashion and Accessories Business and Finance
39,Taim AlFalasi تيم الفلاسي | 🇦🇪 @taimalfalasi,4800000.0,0.1,Emirados Árabes Unidos,Viagem Comida Comida e Bebida,1400000.0,instagram,united-arab-emirates,False,2024,Lifestyle,MAPPED,,Travel Food Food and Drink
40,"Dr.Brian ""Bardia"" Etemad,Esq. @brianetemad",4600000.0,5.95,Emirados Árabes Unidos,Negócios e Finanças Finanças Empreendedor Modelagem,1400000.0,instagram,united-arab-emirates,False,2024,Beauty&Fashion,MAPPED,,Business and Finance Finance Entrepreneur Modeling
41,Rawan & Rayan | روان و ريان @rawanandrayan,4600000.0,3.21,Emirados Árabes Unidos,Entretenimento e Música Crianças,1400000.0,instagram,united-arab-emirates,False,2024,Music,MAPPED,,Entertainment and Music Children
42,Movlogs @movlogs,4500000.0,4.52,Emirados Árabes Unidos,Música Automotivo Modelagem Carros & Motos,1300000.0,instagram,united-arab-emirates,False,2024,Beauty&Fashion,MAPPED,,Music Automotive Modeling Cars & Motorcycles
43,دكتور مصرقع 🎫 @dr_m9rg3,4400000.0,0.04,Emirados Árabes Unidos,Negócios e Finanças Humor,1300000.0,instagram,united-arab-emirates,False,2024,Knowledge&Info,MAPPED,,Business and Finance Humor
44,Ellen Sheidlin @sheidlina,4400000.0,1.49,Emirados Árabes Unidos,Artes e Artesanato,1300000.0,instagram,united-arab-emirates,False,2024,Lifestyle,MAPPED,,Arts and Crafts
45,Дарья Пынзарь @darya_pinzar86,4300000.0,0.42,Emirados Árabes Unidos,Viagem Apresentador de TV Celebridades Humor,1300000.0,instagram,united-arab-emirates,False,2024,Entertainment,MAPPED,,Travel TV Presenter Celebrities Humor
46,انس الشايب - ANAS ELSHAYIB @anas_alshayb,4300000.0,0.68,Emirados Árabes Unidos,Moda e Acessórios Educação,1300000.0,instagram,united-arab-emirates,False,2024,Beauty&Fashion,MAPPED,,Fashion and Accessories Education
47,Sofya Plotnikova @sofyaplotnikova,4300000.0,0.25,Emirados Árabes Unidos,Entretenimento e Música Música,1300000.0,instagram,united-arab-emirates,False,2024,Music,MAPPED,,Entertainment and Music Music
48,Arutyun Nazaryan @arutmain,4300000.0,0.27,Emirados Árabes Unidos,Negócios e Finanças Empreendedor Negócios Marketing,1300000.0,instagram,united-arab-emirates,False,2024,Knowledge&Info,MAPPED,,Business and Finance Entrepreneur Business Marketing
49,Joe HaTab @joe_hattab,4200000.0,0.41,Emirados Árabes Unidos,Animação e Cosplay Entretenimento e Música Viagem Artes e Artesanato,1300000.0,instagram,united-arab-emirates,False,2024,Tech&Gaming,MAPPED,,Animation and Cosplay Entertainment and Music Travel Arts and Crafts
50,Jwana Karim @jwanagram,4200000.0,0.09,Emirados Árabes Unidos,Moda e Acessórios Negócios e Finanças Estilo de Vida Celebridades,1300000.0,instagram,united-arab-emirates,False,2024,Beauty&Fashion,MAPPED,,Fashion and Accessories Business and Finance Lifestyle Celebrities
51,Amal Al Awadhi @amalalawadhiofficial,4200000.0,0.2,Emirados Árabes Unidos,Entretenimento e Música Apresentador de TV,1300000.0,instagram,united-arab-emirates,False,2024,Music,MAPPED,,Entertainment and Music TV Presenter
52,Banen Naem | بنين نعيم @baneenstars,4100000.0,2.5,Emirados Árabes Unidos,Moda e Acessórios,1200000.0,instagram,united-arab-emirates,False,2024,Beauty&Fashion,MAPPED,,Fashion and Accessories
53,Gharbi Amel @amelgharbiofficial,4100000.0,1.0,Emirados Árabes Unidos,,1200000.0,instagram,united-arab-emirates,False,2024,,,,
54,Dr Ali Ghozlan @alighozlanofficial,4100000.0,0.79,Emirados Árabes Unidos,Finanças Negócios e Finanças Celebridade Medical Health,1200000.0,instagram,united-arab-emirates,False,2024,Knowledge&Info,MAPPED,,Finance Business and Finance Celebrity Medical Health
55,Dilawar Singh @officialdilawarsingh,4100000.0,3.4,Emirados Árabes Unidos,Negócios e Finanças Música Finanças,1200000.0,instagram,united-arab-emirates,False,2024,Knowledge&Info,MAPPED,,Business and Finance Music Finance
56,ABDUL RAHMAN AL-AWADHI @abduuu_21,4000000.0,6.22,Emirados Árabes Unidos,Estilo de Vida,1200000.0,instagram,united-arab-emirates,False,2024,Lifestyle,MAPPED,,Lifestyle
57,SHR | شمة حمدان @shamma1hamdan,4000000.0,0.07,Emirados Árabes Unidos,Música Modelagem Cantor,1200000.0,instagram,united-arab-emirates,False,2024,Beauty&Fashion,MAPPED,,Music Modeling Singer
58,Muhammad Junaid @realjunaidofficial,4000000.0,2.68,Emirados Árabes Unidos,Entretenimento e Música Negócios,1200000.0,instagram,united-arab-emirates,False,2024,Knowledge&Info,MAPPED,,Entertainment and Music Business
59,Köksal Baba @koksalbaba,4000000.0,1.96,Emirados Árabes Unidos,Jogos de Vídeo,1200000.0,instagram,united-arab-emirates,False,2024,Tech&Gaming,MAPPED,,Video games
60,Roaa alsabban رؤى الصبان @roaa_alsabban,4000000.0,0.25,Emirados Árabes Unidos,Entretenimento e Música Atores,1200000.0,instagram,united-arab-emirates,False,2024,Music,MAPPED,,Entertainment and Music Actors
61,yusur Al-khalidi 🇫🇮🇮🇶 @asoothesizzler,4000000.0,1.22,Emirados Árabes Unidos,Beleza e Cuidados Pessoais Moda e Acessórios,1200000.0,instagram,united-arab-emirates,False,2024,Beauty&Fashion,MAPPED,,Beauty and Personal Care Fashion and Accessories
62,national archaeology @national_archaeology,4000000.0,1.79,Emirados Árabes Unidos,,1200000.0,instagram,united-arab-emirates,False,2024,,,,
63,Fabri Lemus @fabrilemus,3900000.0,0.86,Emirados Árabes Unidos,Entretenimento e Música Paternidade Atores,1200000.0,instagram,united-arab-emirates,False,2024,Music,MAPPED,,Entertainment & Music Parenthood Actors
64,LANA MOHD | لانا محمد @lana_mohd89,3900000.0,6.75,Emirados Árabes Unidos,Entretenimento e Música Engraçado,1200000.0,instagram,united-arab-emirates,False,2024,Music,MAPPED,,Funny Entertainment and Music
65,Polli Cannabis|Miss Top Model👑 @polli_cannabis,3900000.0,1.15,Emirados Árabes Unidos,Beleza e Cuidados Pessoais Moda e Acessórios Educação de Produtos Modelagem,1200000.0,instagram,united-arab-emirates,False,2024,Beauty&Fashion,MAPPED,,Beauty and Personal Care Fashion and Accessories Product Education Modeling
66,Ahmed Hossam احمد حسام . @ahmedhossam,3900000.0,7.43,Emirados Árabes Unidos,Atuação e Drama Entretenimento e Música Celebridade Celebridades,1200000.0,instagram,united-arab-emirates,False,2024,Music,MAPPED,,Acting and Drama Entertainment and Music Celebrities Celebrities
67,Shahad Hassan @shahadssl,3900000.0,3.71,Emirados Árabes Unidos,Beleza e Cuidados Pessoais Entretenimento e Música,1200000.0,instagram,united-arab-emirates,False,2024,Beauty&Fashion,MAPPED,,Beauty and Personal Care Entertainment and Music
68,🇰🇼 ﮼الملحن،فهد،الناصر @fhd_alnasser,3700000.0,0.91,Emirados Árabes Unidos,Entretenimento e Música Careers,1100000.0,instagram,united-arab-emirates,False,2024,Music,MAPPED,,Entertainment and Music Careers
69,Karim Usama كريم اسامة @karimusamaofficial,3700000.0,3.12,Emirados Árabes Unidos,Celebridade,1100000.0,instagram,united-arab-emirates,False,2024,Entertainment,MAPPED,,Celebrity
70,Arwa | اروى @arwaonline,3600000.0,0.44,Emirados Árabes Unidos,Beleza e Cuidados Pessoais Entretenimento e Música Música,1100000.0,instagram,united-arab-emirates,False,2024,Beauty&Fashion,MAPPED,,Beauty and Personal Care Entertainment and Music Music
71,بوسلطان الحربي 🇦🇪 @emirates_mix,3600000.0,0.07,Emirados Árabes Unidos,,1100000.0,instagram,united-arab-emirates,False,2024,,,,
72,Mohamed bin Zayed Al Nahyan @mohamedbinzayed,3500000.0,1.12,Emirados Árabes Unidos,Vida e Sociedade Política,1100000.0,instagram,united-arab-emirates,False,2024,Knowledge&Info,MAPPED,,Life and Political Society
73,Nisha SK😘 @nskstyles,3500000.0,1.64,Emirados Árabes Unidos,,1100000.0,instagram,united-arab-emirates,False,2024,,,,
74,MURAD OSMANN @muradosmann,3400000.0,3.01,Emirados Árabes Unidos,Viagem Fotografia Celebridade Natureza & Ar Livre,1000000.0,instagram,united-arab-emirates,False,2024,Entertainment,MAPPED,,Travel Photography Celebrity Nature & Outdoors
75,Ajmal Khan | AK @ajmal_khan_,3300000.0,1.44,Emirados Árabes Unidos,Viagem Estilo de Vida,1000000.0,instagram,united-arab-emirates,False,2024,Lifestyle,MAPPED,,Travel Lifestyle
76,MILLA JASMINE @millajasmineoff,3200000.0,2.54,Emirados Árabes Unidos,Beleza e Cuidados Pessoais Negócios e Finanças Estilo de Vida Saúde & Fitness,972800.0,instagram,united-arab-emirates,False,2024,Sports,MAPPED,,Beauty & Personal Care Business & Finance Lifestyle Health & Fitness
77,شجــرة الدر @shajarataldurr1,3200000.0,0.5,Emirados Árabes Unidos,Atuação e Drama Entretenimento e Música Celebridade,959000.0,instagram,united-arab-emirates,False,2024,Music,MAPPED,,Acting and Drama Entertainment and Music Celebrity
78,MUHAMMAD USMAN @maanumalik_04,3100000.0,1.57,Emirados Árabes Unidos,Moda e Acessórios Viagem Atuação e Drama,942800.0,instagram,united-arab-emirates,False,2024,Beauty&Fashion,MAPPED,,Fashion and Accessories Travel Acting and Drama
79,KARI KARI Petrosyan @kari____kari,3100000.0,1.6,Emirados Árabes Unidos,Moda e Acessórios Fotografia Educação de Produtos Aperfeiçoamento de Habilidades,942100.0,instagram,united-arab-emirates,False,2024,Beauty&Fashion,MAPPED,,Fashion and Accessories Photography Product Education Skills Improvement
80,Frank Fourie @frank.fourie,3100000.0,0.59,Emirados Árabes Unidos,Negócios e Finanças,928200.0,instagram,united-arab-emirates,False,2024,Knowledge&Info,MAPPED,,Business and Finance
81,Globe Soccer @globesoccer,3100000.0,0.38,Emirados Árabes Unidos,Esportes Eventos Futebol,927900.0,instagram,united-arab-emirates,False,2024,Sports,MAPPED,,Sports Events Football
82,Mona Kattan Elamin✌🏽🤎🧸🍉✨🪽 @monakattan,3100000.0,0.45,Emirados Árabes Unidos,Beleza e Cuidados Pessoais Negócios e Finanças Atores Modelagem,920800.0,instagram,united-arab-emirates,False,2024,Beauty&Fashion,MAPPED,,Beauty and Personal Care Business and Finance Actors Modeling
83,Zahra ben mime- زهراء بن ميم @zahra_ben_mime,3100000.0,1.79,Emirados Árabes Unidos,Atuação e Drama Jornalistas,920500.0,instagram,united-arab-emirates,False,2024,Knowledge&Info,MAPPED,,Acting and Drama Journalists
84,mahiraabdelaziz مهيرة @mahiraabdelaziz,3000000.0,0.04,Emirados Árabes Unidos,Entretenimento e Música Celebridade,908500.0,instagram,united-arab-emirates,False,2024,Music,MAPPED,,Celebrity Entertainment and Music
85,Mustafa Jabbar || مصطفى ألاسدي @t.i,3000000.0,1.45,Emirados Árabes Unidos,Modelagem Moda,903900.0,instagram,united-arab-emirates,False,2024,Beauty&Fashion,MAPPED,,Fashion Modeling
86,طارق العلي @tareq_al_ali,3000000.0,0.07,Emirados Árabes Unidos,Atores,903700.0,instagram,united-arab-emirates,False,2024,Entertainment,MAPPED,,Actors
87,Ibrahim Assad @ibrahim_assad,3000000.0,0.23,Emirados Árabes Unidos,Automóveis e Veículos Automotivo Negócios e Finanças Casa e Jardim,889200.0,instagram,united-arab-emirates,False,2024,Knowledge&Info,MAPPED,,Cars and Vehicles Automotive Business and Finance Home and Garden
88,Adel Alaa | عادل علاء @adeelalaa_,3000000.0,2.55,Emirados Árabes Unidos,Viagem Celebridade Eventos Retratos,887900.0,instagram,united-arab-emirates,False,2024,Entertainment,MAPPED,,Travel Celebrity Events Portraits
89,محمد طارق Mohammed Tarek @mohammedtarek0,2900000.0,1.39,Emirados Árabes Unidos,Entretenimento e Música Engraçado,857100.0,instagram,united-arab-emirates,False,2024,Music,MAPPED,,Funny Entertainment and Music
90,Nadé blata @nade_blata,2800000.0,0.05,Emirados Árabes Unidos,Moda e Acessórios,851100.0,instagram,united-arab-emirates,False,2024,Beauty&Fashion,MAPPED,,Fashion and Accessories
91,Saniya Iyappan @_saniya_iyappan_,2800000.0,0.37,Emirados Árabes Unidos,Entretenimento e Música Celebridade Atores Modelagem,844000.0,instagram,united-arab-emirates,False,2024,Beauty&Fashion,MAPPED,,Entertainment & Music Celebrities Actors Modeling
92,خليفه المعمري @5k,2800000.0,1.7,Emirados Árabes Unidos,Política,840200.0,instagram,united-arab-emirates,False,2024,UNMAPPED,UNMAPPED,,Policy
93,Elli Di @_ellidi,2700000.0,0.2,Emirados Árabes Unidos,Família Vlogger,823500.0,instagram,united-arab-emirates,False,2024,Lifestyle,MAPPED,,Vlogger Family
94,Patrick Abrahão @patrickabrahao,2700000.0,0.44,Emirados Árabes Unidos,,814400.0,instagram,united-arab-emirates,False,2024,,,,
95,RAHAF ELSHAMI | رهف الشامى @rahafelshamiofficial,2700000.0,2.11,Emirados Árabes Unidos,Blogueiro Criadores e Celebridades,800100.0,instagram,united-arab-emirates,False,2024,Entertainment,MAPPED,,Blogger Creators and Celebrities
96,⚡️A.K⚡️ @_ahmedkhalfan,2700000.0,4.16,Emirados Árabes Unidos,,796500.0,instagram,united-arab-emirates,False,2024,,,,
97,Nour Mar| نور مار @5nourrmar,2600000.0,5.81,Emirados Árabes Unidos,Viagem,793000.0,instagram,united-arab-emirates,False,2024,UNMAPPED,UNMAPPED,,Trip
98,FARHANA @farhanabodi,2600000.0,0.43,Emirados Árabes Unidos,Moda e Acessórios Estilo de Vida Estilo Cabelo & Beleza,791400.0,instagram,united-arab-emirates,False,2024,Beauty&Fashion,MAPPED,,Fashion & Accessories Lifestyle Hair & Beauty
99,Avinash Chavan @aviichavan,2600000.0,0.51,Emirados Árabes Unidos,Negócios e Finanças,788200.0,instagram,united-arab-emirates,False,2024,Knowledge&Info,MAPPED,,Business and Finance
100,KAMILA @kamilaofficiel,2600000.0,5.47,Emirados Árabes Unidos,Família Comida Estilo de Vida,770400.0,instagram,united-arab-emirates,False,2024,Lifestyle,MAPPED,,Family Food Lifestyle
1,David Beckham @davidbeckham,87000000.0,0.64,United Kingdom,Sports Soccer Public Figure,26100000.0,instagram,united-kingdom,False,2024,Sports,MAPPED,,
2,Emma Watson @emmawatson,75400000.0,1.41,United Kingdom,Entertainment and Music Fashion and Accessories Education Celebrity,22600000.0,instagram,united-kingdom,False,2024,Beauty&Fashion,MAPPED,,
3,Tom Holland @tomholland2013,66500000.0,4.52,United Kingdom,Entertainment and Music Acting and Drama Actors,19900000.0,instagram,united-kingdom,False,2024,Music,MAPPED,,
4,Millie Bobby Brown @milliebobbybrown,63300000.0,0.02,United Kingdom,Celebrity Actors,19000000.0,instagram,united-kingdom,False,2024,Entertainment,MAPPED,,
5,Adele @adele,55900000.0,4.14,United Kingdom,Singer Music,16800000.0,instagram,united-kingdom,False,2024,Music,MAPPED,,
6,Zayn Malik @zayn,52200000.0,5.09,United Kingdom,Entertainment and Music Music Singer Musician,15700000.0,instagram,united-kingdom,False,2024,Music,MAPPED,,
7,Ed Sheeran @teddysphotos,46900000.0,0.81,United Kingdom,Entertainment and Music Music Songwriting Singer,14100000.0,instagram,united-kingdom,False,2024,Music,MAPPED,,
8,Liverpool Football Club @liverpoolfc,44300000.0,0.39,United Kingdom,Sports Soccer,13300000.0,instagram,united-kingdom,False,2024,Sports,MAPPED,,
9,Cara Delevingne @caradelevingne,42100000.0,0.55,United Kingdom,Fashion and Accessories Modeling Actor,12600000.0,instagram,united-kingdom,False,2024,Beauty&Fashion,MAPPED,,
10,Jason Statham @jasonstatham,40500000.0,2.4,United Kingdom,Luxury Photography Art,12200000.0,instagram,united-kingdom,False,2024,Beauty&Fashion,MAPPED,,
11,Lewis Hamilton @lewishamilton,35300000.0,3.01,United Kingdom,Sports Racing Formula1 Riders,10600000.0,instagram,united-kingdom,False,2024,Sports,MAPPED,,
12,Victoria Beckham @victoriabeckham,32700000.000000004,0.07,United Kingdom,Fashion and Accessories Beauty and Self Care Product Showcase Modeling,9800000.0,instagram,united-kingdom,False,2024,Beauty&Fashion,MAPPED,,
13,Arsenal @arsenal,27700000.0,0.36,United Kingdom,Sports Soccer Sports Team Creators & Celebrities,8300000.000000001,instagram,united-kingdom,False,2024,Sports,MAPPED,,
14,Henry Cavill @henrycavill,27200000.0,5.77,United Kingdom,Art,8199999.999999999,instagram,united-kingdom,False,2024,Lifestyle,MAPPED,,
15,Mia K. @miakhalifa,26900000.0,2.54,United Kingdom,Entertainment and Music Celebrity Actors,8100000.0,instagram,united-kingdom,False,2024,Music,MAPPED,,
16,Liam Payne @liampayne,26800000.0,4.41,United Kingdom,Sports Singer,8000000.0,instagram,united-kingdom,False,2024,Sports,MAPPED,,
17,Raphael Varane @raphaelvarane,23200000.0,0.72,United Kingdom,Sports Soccer,7000000.0,instagram,united-kingdom,False,2024,Sports,MAPPED,,
18,One Direction @onedirection,22600000.0,17.92,United Kingdom,Entertainment and Music Music Band Rock,6800000.0,instagram,united-kingdom,False,2024,Music,MAPPED,,
19,Rosie HW @rosiehw,19800000.0,1.25,United Kingdom,Beauty and Self Care Fashion and Accessories Modeling Entrepreneur,5900000.0,instagram,united-kingdom,False,2024,Beauty&Fashion,MAPPED,,
20,Perrie 🖤 @perrieedwards,19400000.0,1.24,United Kingdom,Entertainment and Music Beauty and Self Care Singer Music,5800000.0,instagram,united-kingdom,False,2024,Beauty&Fashion,MAPPED,,
21,Louis Tomlinson @louist91,18200000.0,3.46,United Kingdom,Music Shopping,5500000.0,instagram,united-kingdom,False,2024,Music,MAPPED,,
22,Little Mix @littlemix,17600000.0,1.29,United Kingdom,Music,5300000.0,instagram,united-kingdom,False,2024,Music,MAPPED,,
23,Gordon Ramsay @gordongram,17100000.0,0.31,United Kingdom,Food Chef,5100000.0,instagram,united-kingdom,False,2024,Lifestyle,MAPPED,,
24,Marcus Rashford MBE @marcusrashford,17000000.0,2.6,United Kingdom,Sports Soccer,5100000.0,instagram,united-kingdom,False,2024,Sports,MAPPED,,
25,Tottenham Hotspur @spursofficial,16300000.0,0.15,United Kingdom,Sports Sports Team Creators & Celebrities,4900000.0,instagram,united-kingdom,False,2024,Sports,MAPPED,,
26,RITA ORA @ritaora,16100000.000000002,0.27,United Kingdom,Entertainment and Music Music Modeling,4800000.0,instagram,united-kingdom,False,2024,Beauty&Fashion,MAPPED,,
27,Dr .🧿Naomi Campbell @naomi,16000000.0,0.4,United Kingdom,Fashion and Accessories Celebrity Actors Entertainment,4800000.0,instagram,united-kingdom,False,2024,Beauty&Fashion,MAPPED,,
28,Harry Kane @harrykane,15200000.0,0.8,United Kingdom,Sports Soccer,4600000.0,instagram,united-kingdom,False,2024,Sports,MAPPED,,
29,Jay Shetty @jayshetty,14900000.0,0.82,United Kingdom,Education Upskilling Entertainment and Music Parenting,4500000.0,instagram,united-kingdom,False,2024,Knowledge&Info,MAPPED,,
30,SAM SMITH @samsmith,14600000.0,0.91,United Kingdom,Entertainment and Music Modeling Music,4400000.0,instagram,united-kingdom,False,2024,Beauty&Fashion,MAPPED,,
31,S O P H I E T U R N E R @sophiet,14500000.0,5.07,United Kingdom,Fashion Writers Modeling,4300000.0,instagram,united-kingdom,False,2024,Beauty&Fashion,MAPPED,,
32,Jessie J @jessiej,14000000.0,0.69,United Kingdom,Music Singer Songwriting,4200000.0,instagram,united-kingdom,False,2024,Music,MAPPED,,
33,Julián Alvarez🕷 @juliaanalvarez,14000000.0,9.99,United Kingdom,Sports,4200000.0,instagram,united-kingdom,False,2024,Sports,MAPPED,,
34,Emi Martinez @emi_martinez26,13700000.0,4.16,United Kingdom,,4100000.0,instagram,united-kingdom,False,2024,,,,
35,Amy Jackson @iamamyjackson,13600000.0,0.46,United Kingdom,Entertainment and Music Celebrity Modeling Styling,4100000.0,instagram,united-kingdom,False,2024,Beauty&Fashion,MAPPED,,
36,KSI @ksi,13200000.0,0.11,United Kingdom,Business and Finance Lifestyle Actors Music,4000000.0,instagram,united-kingdom,False,2024,Knowledge&Info,MAPPED,,
37,Sophie Dee @sophiedee,12900000.0,0.87,United Kingdom,Celebrity Actors Celebrities,3900000.0,instagram,united-kingdom,False,2024,Entertainment,MAPPED,,
38,Nof @nof.ad,12700000.0,3.51,United Kingdom,Sports Celebrities,3800000.0,instagram,united-kingdom,False,2024,Sports,MAPPED,,
39,Kanika Kapoor @kanik4kapoor,12600000.0,1.52,United Kingdom,Fashion and Accessories Singer Music Songwriting,3800000.0,instagram,united-kingdom,False,2024,Beauty&Fashion,MAPPED,,
40,Tom Felton @t22felton,12100000.0,1.85,United Kingdom,Entertainment and Music,3600000.0,instagram,united-kingdom,False,2024,Music,MAPPED,,
41,Steven Gerrard @stevengerrard,11700000.0,0.56,United Kingdom,Sports Soccer,3500000.0,instagram,united-kingdom,False,2024,Sports,MAPPED,,
42,Tom Hiddleston @twhiddleston,11400000.0,8.4,United Kingdom,Acting and Drama Actors,3400000.0,instagram,united-kingdom,False,2024,Entertainment,MAPPED,,
43,Mercedes-AMG PETRONAS F1 Team @mercedesamgf1,11300000.0,0.44,United Kingdom,Sports Cars Racing Mercedes,3400000.0,instagram,united-kingdom,False,2024,Sports,MAPPED,,
44,Calvin Harris @calvinharris,11300000.0,0.81,United Kingdom,Entertainment and Music Music Producers Singer,3400000.0,instagram,united-kingdom,False,2024,Music,MAPPED,,
45,Raheem Sterling x 😇 @sterling7,10800000.0,1.84,United Kingdom,Sports Personal Finance Soccer,3300000.0,instagram,united-kingdom,False,2024,Sports,MAPPED,,
46,jade amelia thirlwall @jadethirlwall,10600000.0,1.59,United Kingdom,Entertainment and Music Singer Dance,3200000.0,instagram,united-kingdom,False,2024,Music,MAPPED,,
47,Ed Westwick @edwestwick,10500000.0,1.08,United Kingdom,Entertainment and Music Actors Music Lifestyle,3200000.0,instagram,united-kingdom,False,2024,Music,MAPPED,,
48,Anya Taylor-Joy @anyataylorjoy,10000000.0,9.29,United Kingdom,Entertainment and Music Actors Modeling Singer,3000000.0,instagram,united-kingdom,False,2024,Beauty&Fashion,MAPPED,,
49,England football team @england,9800000.0,0.32,United Kingdom,Sports,3000000.0,instagram,united-kingdom,False,2024,Sports,MAPPED,,
50,Maisie Williams @maisie_williams,9800000.0,1.19,United Kingdom,Entertainment and Music Modeling TV Shows Actors,2900000.0,instagram,united-kingdom,False,2024,Beauty&Fashion,MAPPED,,
51,Tom Hardy @tomhardy,9700000.0,0.94,United Kingdom,Actors,2900000.0,instagram,united-kingdom,False,2024,Entertainment,MAPPED,,
52,JLingz @jesselingard,9500000.0,1.95,United Kingdom,Sports Soccer,2800000.0,instagram,united-kingdom,False,2024,Sports,MAPPED,,
53,Tom Ellis @officialtomellis,9400000.0,2.23,United Kingdom,Entertainment and Music Celebrity Actors,2800000.0,instagram,united-kingdom,False,2024,Music,MAPPED,,
54,Florence Pugh @florencepugh,9300000.0,5.31,United Kingdom,Entertainment and Music Acting and Drama Celebrity Actors,2800000.0,instagram,united-kingdom,False,2024,Music,MAPPED,,
55,Phil Foden @philfoden,9300000.0,10.26,United Kingdom,Sports Soccer,2800000.0,instagram,united-kingdom,False,2024,Sports,MAPPED,,
56,Zoë Sugg @zoesugg,9300000.0,0.11,United Kingdom,Fashion and Accessories Entertainment and Music Business and Finance Video Blogger,2800000.0,instagram,united-kingdom,False,2024,Beauty&Fashion,MAPPED,,
57,Jack Grealish @jackgrealish,9100000.0,8.38,United Kingdom,Sports Outdoor Activity,2700000.0,instagram,united-kingdom,False,2024,Sports,MAPPED,,
58,Charlotte Letitia Crosby @charlottegshore,8800000.0,0.57,United Kingdom,Fashion and Accessories Fitness and Health TV Shows,2600000.0,instagram,united-kingdom,False,2024,Sports,MAPPED,,
59,Holly Willoughby @hollywilloughby,8500000.0,0.32,United Kingdom,Entertainment and Music Beauty and Self Care,2600000.0,instagram,united-kingdom,False,2024,Beauty&Fashion,MAPPED,,
60,John Terry @johnterry.26,8300000.000000001,1.01,United Kingdom,Sports,2500000.0,instagram,united-kingdom,False,2024,Sports,MAPPED,,
61,Karen Gillan @karengillan,8100000.0,2.09,United Kingdom,Entertainment and Music Food Actors,2400000.0,instagram,united-kingdom,False,2024,Music,MAPPED,,
62,Molly-Mae Hague @mollymae,7900000.0,0.13,United Kingdom,Fashion and Accessories Home and Garden Business and Finance Actors,2400000.0,instagram,united-kingdom,False,2024,Beauty&Fashion,MAPPED,,
63,The UK07 Rider @anurag_dobhal,7900000.0,13.93,United Kingdom,Education Upskilling,2400000.0,instagram,united-kingdom,False,2024,Knowledge&Info,MAPPED,,
64,Bela Padilla @bela,7800000.0,0.6,United Kingdom,Arts and Crafts Entertainment and Music Celebrity Actors,2300000.0,instagram,united-kingdom,False,2024,Music,MAPPED,,
65,Hero Fiennes Tiffin @hero_ft,7500000.0,9.89,United Kingdom,Celebrity Modeling Styling,2300000.0,instagram,united-kingdom,False,2024,Beauty&Fashion,MAPPED,,
66,Lewis Capaldi @lewiscapaldi,7400000.0,4.7,United Kingdom,Entertainment and Music Music Songwriting Band,2200000.0,instagram,united-kingdom,False,2024,Music,MAPPED,,
67,Jessica Alves @jessicaalvesuk,7400000.0,0.05,United Kingdom,Fashion and Accessories Travel Television Modeling,2200000.0,instagram,united-kingdom,False,2024,Beauty&Fashion,MAPPED,,
68,Arctic Monkeys @arcticmonkeys,7300000.0,8.84,United Kingdom,Entertainment and Music Music Producers,2200000.0,instagram,united-kingdom,False,2024,Music,MAPPED,,
69,Gregg Sulkin @greggsulkin,7200000.0,0.56,United Kingdom,Celebrity Actors,2200000.0,instagram,united-kingdom,False,2024,Entertainment,MAPPED,,
70,Harry Styles HQ @hshq,7200000.0,14.59,United Kingdom,Entertainment and Music Music Singer,2200000.0,instagram,united-kingdom,False,2024,Music,MAPPED,,
71,Orlando Bloom @orlandobloom,7200000.0,0.62,Suurbritannia,Näitlejad Näitleja,2100000.0,instagram,united-kingdom,False,2024,UNMAPPED,UNMAPPED,,
72,Frank Lampard @franklampard,7000000.0,2.02,Suurbritannia,Sport Jalgpall,2100000.0,instagram,united-kingdom,False,2024,Sports,MAPPED,,
73,Julius Dein @juliusdein,6700000.0,3.31,Suurbritannia,Meelelahutus ja muusika Lõbus Elustiil Kuulsused,2000000.0,instagram,united-kingdom,False,2024,UNMAPPED,UNMAPPED,,
74,Michelle Keegan @michkeegan,6700000.0,0.97,Suurbritannia,Elustiil,2000000.0,instagram,united-kingdom,False,2024,UNMAPPED,UNMAPPED,,
75,MARIO TESTINO @mariotestino,6600000.0,0.36,Suurbritannia,Romantika ja pulmad Kunst ja käsitöö Korvpall,2000000.0,instagram,united-kingdom,False,2024,UNMAPPED,UNMAPPED,,
76,Mason Mount @masonmount,6400000.0,13.71,Suurbritannia,Sport,1900000.0,instagram,united-kingdom,False,2024,Sports,MAPPED,,
77,James Corden @j_corden,6300000.0,1.29,Suurbritannia,Näitlejad,1900000.0,instagram,united-kingdom,False,2024,UNMAPPED,UNMAPPED,,
78,Idris Elba @idriselba,6300000.0,1.22,Suurbritannia,,1900000.0,instagram,united-kingdom,False,2024,,,,
79,Regé-Jean Page @regejean,6300000.0,6.89,Suurbritannia,Näitlemine ja draama,1900000.0,instagram,united-kingdom,False,2024,UNMAPPED,UNMAPPED,,
80,Séan Garnier| World Champion @seanfreestyle,6200000.0,3.09,Suurbritannia,Sport Äri ja finants Jalgpall Mäng,1900000.0,instagram,united-kingdom,False,2024,Sports,MAPPED,,
81,Nathalie Emmanuel @nathalieemmanuel,6200000.0,0.75,Suurbritannia,Toit Ilutooted ja enesehooldus Näitlejad,1900000.0,instagram,united-kingdom,False,2024,UNMAPPED,UNMAPPED,,
82,Kit Connor @kit.connor,6100000.0,28.68,Suurbritannia,Meelelahutus ja muusika,1800000.0,instagram,united-kingdom,False,2024,UNMAPPED,UNMAPPED,,
83,Charlie Heaton @charlie.r.heaton,6100000.0,5.46,Suurbritannia,Näitlejad Muusika,1800000.0,instagram,united-kingdom,False,2024,UNMAPPED,UNMAPPED,,
84,Saraya Bevis @realpaigewwe,6000000.0,2.5,Suurbritannia,Sport Muusika Laulja Modellindus,1800000.0,instagram,united-kingdom,False,2024,Sports,MAPPED,,
85,Stacey Solomon @staceysolomon,5900000.0,5.18,Suurbritannia,Pere Meelelahutus ja muusika Lapsevanemlus Muusika,1800000.0,instagram,united-kingdom,False,2024,UNMAPPED,UNMAPPED,,
86,Rio Ferdinand OBE @rioferdy5,5900000.0,0.75,Suurbritannia,Meelelahutus ja muusika Jalgpall,1800000.0,instagram,united-kingdom,False,2024,UNMAPPED,UNMAPPED,,
87,Queen @officialqueenmusic,5900000.0,0.7,Suurbritannia,Meelelahutus ja muusika Muusika Rock Laulja,1800000.0,instagram,united-kingdom,False,2024,UNMAPPED,UNMAPPED,,
88,Ozzy Osbourne @ozzyosbourne,5800000.0,0.56,Suurbritannia,Meelelahutus ja muusika Muusika,1700000.0,instagram,united-kingdom,False,2024,UNMAPPED,UNMAPPED,,
89,Zakir Khan @zakirkhan_208,5700000.0,4.63,Suurbritannia,Meelelahutus ja muusika Lõbus Elu ja ühiskond Kuulsus,1700000.0,instagram,united-kingdom,False,2024,UNMAPPED,UNMAPPED,,
90,Kate Beckinsale @katebeckinsale,5600000.0,0.84,Suurbritannia,Meelelahutus ja muusika Modellindus,1700000.0,instagram,united-kingdom,False,2024,UNMAPPED,UNMAPPED,,
91,Tommy TNT Fury @tommyfury,5500000.0,3.58,Suurbritannia,Sport,1700000.0,instagram,united-kingdom,False,2024,Sports,MAPPED,,
92,Vicky Pattison @vickypattison,5500000.0,0.3,Suurbritannia,Meelelahutus ja muusika Romantika ja pulmad Lapsevanemlus Telejuht,1700000.0,instagram,united-kingdom,False,2024,UNMAPPED,UNMAPPED,,
93,Catherine Zeta-Jones @catherinezetajones,5500000.0,0.73,Suurbritannia,Meelelahutus ja muusika Pere Kodu ja aed Kuulsus,1600000.0,instagram,united-kingdom,False,2024,UNMAPPED,UNMAPPED,,
94,Jordan Henderson @jordanhenderson,5400000.0,3.73,Suurbritannia,Sport Jalgpall,1600000.0,instagram,united-kingdom,False,2024,Sports,MAPPED,,
95,Harry Maguire @harrymaguire93,5300000.0,3.02,Suurbritannia,Sport Jalgpall,1600000.0,instagram,united-kingdom,False,2024,Sports,MAPPED,,
96,Adnan Alkateb @adnanalkateb,5300000.0,1.01,Suurbritannia,Kuulsus Ajakirjanikud,1600000.0,instagram,united-kingdom,False,2024,UNMAPPED,UNMAPPED,,
97,Alex Oxlade-Chamberlain @alexoxchamberlain,5200000.0,3.35,Suurbritannia,Sport Jalgpall,1600000.0,instagram,united-kingdom,False,2024,Sports,MAPPED,,
98,Luke Shaw @lukeshaw23,5100000.0,3.87,Suurbritannia,Sport Moekaubad ja aksessuaarid Jalgpall,1500000.0,instagram,united-kingdom,False,2024,Sports,MAPPED,,
99,Ranjit Bawa @ranjitbawa,5100000.0,0.97,Suurbritannia,Meelelahutus ja muusika Muusika Modellindus Laulja,1500000.0,instagram,united-kingdom,False,2024,UNMAPPED,UNMAPPED,,
100,𝐆📀𝐋𝐃𝐄𝐍💰 @barnabaclassic,5000000.0,0.1,Suurbritannia,Meelelahutus ja muusika Lapsevanemlus Laulja,1500000.0,instagram,united-kingdom,False,2024,UNMAPPED,UNMAPPED,,
1,Selena Gomez @selenagomez,429700000.0,1.09,United States,Beauty and Self Care Entertainment and Music Music Actors,128900000.0,instagram,united-states,False,2024,Beauty&Fashion,MAPPED,,
2,Kylie @kyliejenner,400500000.0,,United States,Beauty and Self Care Product Showcase Modeling Public Figure,120100000.0,instagram,united-states,False,2024,Beauty&Fashion,MAPPED,,
3,Dwayne Johnson @therock,397800000.0,0.13,United States,Entertainment and Music Actors Public Figure,119300000.0,instagram,united-states,False,2024,Music,MAPPED,,
4,Ariana Grande @arianagrande,380300000.0,0.58,United States,Entertainment and Music Music Singer Actors,114100000.0,instagram,united-states,False,2024,Music,MAPPED,,
5,Kim Kardashian @kimkardashian,364300000.0,0.32,United States,Fashion and Accessories Beauty and Self Care Actors Public Figure,109300000.0,instagram,united-states,False,2024,Beauty&Fashion,MAPPED,,
6,Beyoncé @beyonce,319900000.0,0.48,United States,Music Singer,96000000.0,instagram,united-states,False,2024,Music,MAPPED,,
7,Khloé Kardashian @khloekardashian,310600000.0,0.19,United States,Fashion and Accessories Modeling Public Figure,93200000.0,instagram,united-states,False,2024,Beauty&Fashion,MAPPED,,
8,Taylor Swift @taylorswift,283400000.0,,United States,Entertainment and Music Music Singer Songwriting,85000000.0,instagram,united-states,False,2024,Music,MAPPED,,
9,Jennifer Lopez @jlo,253600000.0,0.01,United States,Art Food and Drink Entertainment and Music Celebrity,76100000.0,instagram,united-states,False,2024,Music,MAPPED,,
10,Kourtney Kardashian Barker @kourtneykardash,224300000.0,0.5,United States,Entertainment and Music Business and Finance Modeling Actors,67300000.0,instagram,united-states,False,2024,Beauty&Fashion,MAPPED,,
11,Miley Cyrus @mileycyrus,217200000.0,0.01,United States,Music,65099999.99999999,instagram,united-states,False,2024,Music,MAPPED,,
12,KATY PERRY @katyperry,207100000.0,0.01,United States,Entertainment and Music Music Singer Bands Musicians,62100000.0,instagram,united-states,False,2024,Music,MAPPED,,
13,Zendaya @zendaya,184800000.0,2.92,United States,Entertainment and Music Acting and Drama Celebrity Actors,55500000.0,instagram,united-states,False,2024,Music,MAPPED,,
14,Kevin Hart @kevinhart4real,180200000.0,0.06,United States,Entertainment and Music Comedian Creators & Celebrities,54100000.0,instagram,united-states,False,2024,Music,MAPPED,,
15,Cardi B @iamcardib,169000000.0,1.05,United States,Entertainment and Music Singer Hair & Beauty Celebrities,50700000.0,instagram,united-states,False,2024,Beauty&Fashion,MAPPED,,
16,Demi Lovato @ddlovato,157300000.0,0.01,United States,Entertainment and Music Singer Songwriting Music,47200000.0,instagram,united-states,False,2024,Music,MAPPED,,
17,Ellen DeGeneres @ellendegeneres,139600000.0,0.02,United States,Celebrity TV Shows Comedy Actors,41900000.0,instagram,united-states,False,2024,Entertainment,MAPPED,,
18,BILLIE EILISH @billieeilish,110200000.0,0.03,United States,Art Singer,33100000.0,instagram,united-states,False,2024,Music,MAPPED,,
19,Vin Diesel @vindiesel,102800000.0,0.64,United States,Producers Director Actors,30800000.0,instagram,united-states,False,2024,Music,MAPPED,,
20,DUA LIPA @dualipa,88700000.0,1.05,United States,Entertainment and Music Singer Artist,26600000.0,instagram,united-states,False,2024,Music,MAPPED,,
21,Gigi Hadid @gigihadid,78600000.0,1.74,United States,Fashion and Accessories Business and Finance Modeling TV Host,23600000.0,instagram,united-states,False,2024,Beauty&Fashion,MAPPED,,
22,Justin Timberlake @justintimberlake,72500000.0,0.08,United States,Art Actors Entertainment Songwriting,21800000.0,instagram,united-states,False,2024,Music,MAPPED,,
23,Abel Tesfaye @theweeknd,71800000.0,1.95,United States,Art Singer Artist,21500000.0,instagram,united-states,False,2024,Music,MAPPED,,
24,camila @camila_cabello,66500000.0,1.42,United States,Entertainment and Music Celebrity Singer Music,20000000.0,instagram,united-states,False,2024,Music,MAPPED,,
25,Will Smith @willsmith,64700000.0,0.28,United States,Entertainment and Music Producers Hip hop music Artist,19400000.0,instagram,united-states,False,2024,Music,MAPPED,,
26,Leonardo DiCaprio @leonardodicaprio,62100000.0,0.2,United States,Entertainment and Music Celebrity Actors Producers,18600000.0,instagram,united-states,False,2024,Music,MAPPED,,
27,Zac Efron @zacefron,62000000.0,0.02,United States,Actors,18600000.0,instagram,united-states,False,2024,Entertainment,MAPPED,,
28,Bella 🦋 @bellahadid,60900000.0,1.83,United States,Technology Modeling Scientist,18300000.0,instagram,united-states,False,2024,Beauty&Fashion,MAPPED,,
29,Robert Downey Jr. @robertdowneyjr,57200000.0,0.62,United States,Actors,17100000.0,instagram,united-states,False,2024,Entertainment,MAPPED,,
30,Lady Gaga @ladygaga,56400000.0,0.96,United States,Shopping Music Singer Songwriting,16900000.0,instagram,united-states,False,2024,Music,MAPPED,,
31,Wardell Curry @stephencurry30,56400000.0,0.9,United States,Sports Basketball Athlete Creators & Celebrities,16900000.0,instagram,united-states,False,2024,Sports,MAPPED,,
32,Nusr_et#Saltbae @nusr_et,54000000.0,0.16,United States,Food Business and Finance Chef,16200000.0,instagram,united-states,False,2024,Knowledge&Info,MAPPED,,
33,flame @travisscott,53700000.0,2.31,United States,Music Art DJ,16100000.000000002,instagram,united-states,False,2024,Music,MAPPED,,
34,Lele Pons @lelepons,53600000.0,1.3,United States,Art Entertainment and Music Video Blogger Artist,16100000.000000002,instagram,united-states,False,2024,Music,MAPPED,,
35,Kris Jenner @krisjenner,52800000.0,0.31,United States,TV Shows Celebrities Producers Public Figure,15800000.0,instagram,united-states,False,2024,Music,MAPPED,,
36,House of Highlights @houseofhighlights,52000000.0,0.72,United States,Sports Entertainment and Music News Video Gaming,15600000.0,instagram,united-states,False,2024,Sports,MAPPED,,
37,MrBeast @mrbeast,51400000.0,3.77,United States,Food Entertainment and Music Finance,15400000.0,instagram,united-states,False,2024,Knowledge&Info,MAPPED,,
38,🔮Vanessa Hudgens🔮 @vanessahudgens,51300000.0,0.67,United States,Entertainment and Music Fashion and Accessories Actors Personal Blog,15400000.0,instagram,united-states,False,2024,Beauty&Fashion,MAPPED,,
39,Hailey Rhode Baldwin Bieber @haileybieber,51100000.0,3.5,United States,Fashion and Accessories Celebrity Modeling,15300000.0,instagram,united-states,False,2024,Beauty&Fashion,MAPPED,,
40,Chris Pratt @prattprattpratt,46000000.0,0.45,United States,Acting and Drama Sports Celebrity Actors,13800000.0,instagram,united-states,False,2024,Sports,MAPPED,,
41,Jennifer Aniston @jenniferaniston,45200000.0,5.63,United States,Entertainment and Music Celebrity,13600000.0,instagram,united-states,False,2024,Music,MAPPED,,
42,Blake Lively @blakelively,44700000.0,0.04,United States,Entertainment and Music Business and Finance Actors Entrepreneur,13400000.0,instagram,united-states,False,2024,Knowledge&Info,MAPPED,,
43,T-Raww @tyga,44500000.0,2.95,United States,Art Singer Music Rap,13400000.0,instagram,united-states,False,2024,Music,MAPPED,,
44,chrissy teigen @chrissyteigen,42700000.0,0.1,United States,Food Modeling TV Host Personal Blog,12800000.0,instagram,united-states,False,2024,Beauty&Fashion,MAPPED,,
45,Marshall Mathers @eminem,41400000.0,1.6,United States,Music Singer Rap,12400000.0,instagram,united-states,False,2024,Music,MAPPED,,
46,Wiz Khalifa @wizkhalifa,40500000.0,0.42,United States,Entertainment and Music Music DJ Singer,12200000.0,instagram,united-states,False,2024,Music,MAPPED,,
47,Jenna Ortega @jennaortega,39700000.0,8.22,United States,Lifestyle Actors,11900000.0,instagram,united-states,False,2024,Entertainment,MAPPED,,
48,French Montana @frenchmontana,38600000.0,0.89,United States,Entertainment and Music Music Singer Rap,11600000.0,instagram,united-states,False,2024,Music,MAPPED,,
49,DJ KHALED @djkhaled,38500000.0,0.08,United States,Entertainment and Music Parenting DJ Celebrities,11500000.0,instagram,united-states,False,2024,Music,MAPPED,,
50,Madison Beer @madisonbeer,38000000.0,0.03,United States,Entertainment and Music Music Singer Actors,11400000.0,instagram,united-states,False,2024,Music,MAPPED,,
51,Becky G @iambeckyg,37800000.0,0.99,United States,Beauty and Self Care Music Musician,11400000.0,instagram,united-states,False,2024,Beauty&Fashion,MAPPED,,
52,Olivia Rodrigo @oliviarodrigo,36800000.0,0.05,United States,Entertainment and Music Modeling Music Musician,11000000.0,instagram,united-states,False,2024,Beauty&Fashion,MAPPED,,
53,Shay Mitchell @shaymitchell,36500000.0,0.28,United States,Celebrity Modeling Actor Creators & Celebrities,10900000.0,instagram,united-states,False,2024,Beauty&Fashion,MAPPED,,
54,Barack Obama @barackobama,36500000.0,0.39,United States,Politics Public Figure,10900000.0,instagram,united-states,False,2024,Knowledge&Info,MAPPED,,
55,Addison Rae @addisonraee,36000000.0,1.06,United States,Beauty and Self Care Public Figure Creators & Celebrities,10800000.0,instagram,united-states,False,2024,Beauty&Fashion,MAPPED,,
56,Nick Jonas @nickjonas,35400000.0,1.06,United States,Entertainment and Music Food Product Showcase Artist,10600000.0,instagram,united-states,False,2024,Beauty&Fashion,MAPPED,,
57,Ciara @ciara,35400000.0,0.97,United States,Beauty and Self Care Entertainment and Music Business and Finance Celebrity,10600000.0,instagram,united-states,False,2024,Beauty&Fashion,MAPPED,,
58,DR. SHAQUILLE O'NEAL Ed.D. @shaq,33700000.0,0.12,United States,Sports Celebrity Music Film Director,10100000.0,instagram,united-states,False,2024,Sports,MAPPED,,
59,Cole Sprouse @colesprouse,32700000.000000004,0.31,United States,Entertainment and Music Actors Day Care,9800000.0,instagram,united-states,False,2024,Music,MAPPED,,
60,Niall Horan @niallhoran,32700000.000000004,1.42,United States,Band Photography Music,9800000.0,instagram,united-states,False,2024,Music,MAPPED,,
61,Dan Bilzerian @danbilzerian,32600000.0,5.69,United States,Entertainment and Music Actors,9800000.0,instagram,united-states,False,2024,Music,MAPPED,,
62,Jason Derulo @jasonderulo,32300000.0,1.1,United States,Entertainment and Music Singer,9700000.0,instagram,united-states,False,2024,Music,MAPPED,,
63,Bruno Mars @brunomars,32200000.000000004,5.38,United States,,9700000.0,instagram,united-states,False,2024,,,,
64,AGNEZ MO @agnezmo,32100000.0,0.15,United States,Entertainment and Music Music Modeling Singer,9600000.0,instagram,united-states,False,2024,Beauty&Fashion,MAPPED,,
65,Anne Hathaway @annehathaway,32100000.0,1.33,United States,Entertainment and Music Celebrity Actors Music,9600000.0,instagram,united-states,False,2024,Music,MAPPED,,
66,Megan Thee Stallion @theestallion,32000000.0,0.06,United States,Entertainment and Music Music Entertainment Singer,9600000.0,instagram,united-states,False,2024,Music,MAPPED,,
67,50 Cent @50cent,31300000.0,0.15,United States,Entertainment and Music Entertainment Singer Music,9400000.0,instagram,united-states,False,2024,Music,MAPPED,,
68,Ice Cube @icecube,30900000.0,0.11,United States,Entertainment and Music Singer Rap,9300000.0,instagram,united-states,False,2024,Music,MAPPED,,
69,hakki akdeniz @hakkiakdenizz,30500000.0,,United States,Parenting Music Entrepreneur,9200000.0,instagram,united-states,False,2024,Music,MAPPED,,
70,Reese Witherspoon @reesewitherspoon,30200000.0,0.68,United States,Entertainment and Music Actors Artist,9100000.0,instagram,united-states,False,2024,Music,MAPPED,,
71,Emily Ratajkowski @emrata,30000000.0,1.37,United States,Fashion and Accessories Beauty and Self Care Entertainment and Music Creators & Celebrities,9000000.0,instagram,united-states,False,2024,Beauty&Fashion,MAPPED,,
72,Floyd Mayweather @floydmayweather,29600000.0,0.2,United States,Sports Boxing,8900000.0,instagram,united-states,False,2024,Sports,MAPPED,,
73,Scott Disick @letthelordbewithyou,29400000.0,0.35,United States,Fashion and Accessories Product Showcase Entrepreneur,8800000.0,instagram,united-states,False,2024,Beauty&Fashion,MAPPED,,
74,Zach King @zachking,29400000.0,2.3,United States,Entertainment and Music Arts and Crafts Animation and Cosplay Celebrity,8800000.0,instagram,united-states,False,2024,Tech&Gaming,MAPPED,,
75,Johnny Depp @johnnydepp,28800000.0,4.01,United States,Entertainment and Music Celebrity,8700000.0,instagram,united-states,False,2024,Music,MAPPED,,
76,Mark Wahlberg @markwahlberg,28600000.0,0.31,United States,Entertainment and Music Food Fitness and Health Celebrity,8600000.0,instagram,united-states,False,2024,Sports,MAPPED,,
77,Salma Hayek Pinault @salmahayek,28500000.0,1.29,United States,Actors Actor Creators & Celebrities,8500000.0,instagram,united-states,False,2024,Entertainment,MAPPED,,
78,Lily Collins @lilyjcollins,28400000.0,1.51,United States,Modeling Fashion Design,8500000.0,instagram,united-states,False,2024,Beauty&Fashion,MAPPED,,
79,LA ROSALÍA @rosalia.vt,28100000.0,7.25,United States,Music Actors,8400000.0,instagram,united-states,False,2024,Music,MAPPED,,
80,Alicia Keys @aliciakeys,27600000.0,0.3,United States,Entertainment and Music Beauty and Self Care Celebrity Modeling,8300000.000000001,instagram,united-states,False,2024,Beauty&Fashion,MAPPED,,
81,Mike Tyson @miketyson,27100000.0,3.92,United States,Sports Fan Pages Public Figure Creators & Celebrities,8100000.0,instagram,united-states,False,2024,Sports,MAPPED,,
82,Logan Paul @loganpaul,27100000.0,1.8,United States,Entertainment and Music Product Showcase Video Blogger,8100000.0,instagram,united-states,False,2024,Beauty&Fashion,MAPPED,,
83,Hilary Duff @hilaryduff,26900000.0,0.5,United States,Entertainment and Music Modeling Singer Actors,8100000.0,instagram,united-states,False,2024,Beauty&Fashion,MAPPED,,
84,Jimmy Fallon @jimmyfallon,26700000.0,0.58,United States,Entertainment and Music TV Shows Music Humor,8000000.0,instagram,united-states,False,2024,Music,MAPPED,,
85,Paris Hilton @parishilton,26400000.0,0.89,United States,Entertainment and Music Fashion and Accessories Creators & Celebrities,7900000.0,instagram,united-states,False,2024,Beauty&Fashion,MAPPED,,
86,Hannah Stocking @hannahstocking,26400000.0,0.47,United States,Entertainment and Music Funny Parenting Modeling,7900000.0,instagram,united-states,False,2024,Beauty&Fashion,MAPPED,,
87,Nina Dobrev @nina,26300000.0,1.7,United States,Actors Artist,7900000.0,instagram,united-states,False,2024,Entertainment,MAPPED,,
88,Sadie Sink @sadiesink_,26200000.0,10.51,United States,Entertainment and Music Lifestyle Modeling,7900000.0,instagram,united-states,False,2024,Beauty&Fashion,MAPPED,,
89,Lili Reinhart @lilireinhart,26100000.0,2.71,United States,Acting and Drama Fitness and Health Celebrity Actors,7800000.0,instagram,united-states,False,2024,Sports,MAPPED,,
90,King Bach @kingbach,25800000.0,0.46,United States,Entertainment and Music Music Producers Modeling,7700000.0,instagram,united-states,False,2024,Beauty&Fashion,MAPPED,,
91,Jake Paul @jakepaul,25600000.0,1.17,United States,Entertainment and Music Sports Parenting Animals & Pets,7700000.0,instagram,united-states,False,2024,Sports,MAPPED,,
92,Future PLUTO Hendrix @future,25300000.0,5.71,United States,Singer Rap,7600000.0,instagram,united-states,False,2024,Music,MAPPED,,
93,Sommer Ray @sommerray,24800000.0,0.39,United States,Fitness and Health Beauty and Self Care Business and Finance Modeling,7500000.0,instagram,united-states,False,2024,Sports,MAPPED,,
94,Madelaine Petsch @madelame,24800000.0,4.28,United States,Celebrity Actors,7400000.0,instagram,united-states,False,2024,Entertainment,MAPPED,,
95,Noah Schnapp @noahschnapp,24600000.0,10.41,United States,Actors Film Actor,7400000.0,instagram,united-states,False,2024,Entertainment,MAPPED,,
96,Victoria Justice @victoriajustice,24500000.0,0.57,United States,Entertainment and Music Celebrity Actors Modeling,7400000.0,instagram,united-states,False,2024,Beauty&Fashion,MAPPED,,
97,Amber Rose @amberrose,24500000.0,0.12,United States,Beauty and Self Care Entertainment and Music Parenting Actors,7400000.0,instagram,united-states,False,2024,Beauty&Fashion,MAPPED,,
98,Doja Cat @dojacat,24500000.0,3.85,United States,Entertainment and Music Music Modeling Entertainment,7300000.0,instagram,united-states,False,2024,Beauty&Fashion,MAPPED,,
99,Susane Damouni @susana.dxoxo,24400000.0,5.3,United States,Beauty and Self Care Fashion and Accessories Life and Society Bikini,7300000.0,instagram,united-states,False,2024,Beauty&Fashion,MAPPED,,
100,Lucy Hale @lucyhale,24400000.0,0.53,United States,Celebrity Pets Actors,7300000.0,instagram,united-states,False,2024,Entertainment,MAPPED,,
1,Luis Suárez @luissuarez9,48900000.0,3.02,Uruguay,Sports,14700000.0,instagram,uruguay,False,2024,Sports,MAPPED,,
2,Edinson Cavani @cavaniofficial21,7600000.0,3.8,Uruguay,Soccer,2300000.0,instagram,uruguay,False,2024,Sports,MAPPED,,
3,Yao Cabrera @yaocabrera,5200000.0,5.1,Uruguay,Entertainment and Music Finance,1600000.0,instagram,uruguay,False,2024,Knowledge&Info,MAPPED,,
4,Fernando Muslera @muslera,3000000.0,10.6,Uruguay,Sports Entertainment and Music Soccer,909100.0,instagram,uruguay,False,2024,Sports,MAPPED,,
5,Agustin Casanova @agustincasanova_,2600000.0,1.88,Uruguay,Entertainment and Music Music Actors,768900.0,instagram,uruguay,False,2024,Music,MAPPED,,
6,Joaquin Mendez @mendezjoaquin,2500000.0,0.46,Uruguay,Entertainment and Music Marketing and Advertising Actors Modeling,755200.0,instagram,uruguay,False,2024,Beauty&Fashion,MAPPED,,
7,Lucas Torreira #LT14 @ltorreira34,2100000.0,9.75,Uruguay,Sports Soccer,629100.0,instagram,uruguay,False,2024,Sports,MAPPED,,
8,Rodrigo Bentancur @rodrigo_bentancur,1800000.0,2.42,Uruguay,Soccer,539900.0,instagram,uruguay,False,2024,Sports,MAPPED,,
9,ROMBAI @rombai,1600000.0,0.4,Uruguay,,476000.0,instagram,uruguay,False,2024,,,,
10,Natalia Oreiro|Наталия Орейро @nataliaoreirosoy,1500000.0,1.69,Uruguay,Entertainment and Music Marketing and Advertising,458600.0,instagram,uruguay,False,2024,Knowledge&Info,MAPPED,,
11,Mathias @mathisellanes,1400000.0,0.35,Uruguay,Entertainment and Music Business and Finance Actors,427200.0,instagram,uruguay,False,2024,Knowledge&Info,MAPPED,,
12,GABRIELA BEE @gabrielabee,1400000.0,6.42,Uruguay,Art Music Actors Modeling,420100.0,instagram,uruguay,False,2024,Beauty&Fashion,MAPPED,,
13,Juanpa Barbot @barbotsoy,1400000.0,6.52,Uruguay,Entertainment and Music Finance,405700.0,instagram,uruguay,False,2024,Knowledge&Info,MAPPED,,
14,Fernando Montero “ Monti “ @fernandomontero_oficial,1200000.0,3.8,Uruguay,Entertainment and Music Medical Health,363800.0,instagram,uruguay,False,2024,Knowledge&Info,MAPPED,,
15,Nahitan Nandez @nahitannandez25,1100000.0,1.8,Uruguay,Actors,321900.0,instagram,uruguay,False,2024,Entertainment,MAPPED,,
16,Guillermo Varela @guillermovarela4,1100000.0,6.72,Uruguay,Sports Actors,319300.0,instagram,uruguay,False,2024,Sports,MAPPED,,
17,𝗔𝗹𝗲𝗷𝗮𝗻𝗱𝗿𝗮 𝗕𝘂𝗶𝘁𝗿𝗮𝗴𝗼. @alebuitragoh,1100000.0,0.92,Uruguay,Entertainment and Music Actors Virtualization,317800.0,instagram,uruguay,False,2024,Tech&Gaming,MAPPED,,
18,Jose Maria Gimenez @josemariagimenez,1000000.0,3.7,Uruguay,Soccer,305100.0,instagram,uruguay,False,2024,Sports,MAPPED,,
19,Fernanda Giménez @ferchuugimeenez,888900.0,12.44,Uruguay,,266700.0,instagram,uruguay,False,2024,,,,
20,Club Atlético Peñarol @oficialcap,820300.0,1.55,Uruguay,,246100.0,instagram,uruguay,False,2024,,,,
21,Fede Chuch @fedechuch,746400.0,1.59,Uruguay,Entertainment and Music Marketing and Advertising Actors,223900.0,instagram,uruguay,False,2024,Knowledge&Info,MAPPED,,
22,Diego Forlán @diegoforlancorazo,689600.0,2.27,Uruguay,Sports,206900.0,instagram,uruguay,False,2024,Sports,MAPPED,,
23,Lucas Sugo @lucas_sugo,678200.0,0.44,Uruguay,Entertainment and Music Actors Music,203500.0,instagram,uruguay,False,2024,Music,MAPPED,,
24,PEKEÑO 77 @peke_77,627000.0,1.39,Uruguay,Art,188100.0,instagram,uruguay,False,2024,Lifestyle,MAPPED,,
25,Jorge Drexler @drexlerjorge,613500.0,2.75,Uruguay,Fashion Actors Music,184100.0,instagram,uruguay,False,2024,Beauty&Fashion,MAPPED,,
26,NTVG @notevagustaroficial,606700.0,0.58,Uruguay,Entertainment and Music Romance and Wedding Music Actors,182000.0,instagram,uruguay,False,2024,Beauty&Fashion,MAPPED,,
27,🌸JOHANA RIVA🌸 @johanarivag,601100.0,0.8,Uruguay,Beauty and Self Care Fashion and Accessories Modeling Actors,180300.0,instagram,uruguay,False,2024,Beauty&Fashion,MAPPED,,
28,Pablo Agustín @pabloagustinnn,553500.0,4.26,Uruguay,Entertainment and Music Marketing and Advertising Actors,166000.0,instagram,uruguay,False,2024,Knowledge&Info,MAPPED,,
29,Katrina Moreno @katrinamorenooficial,552300.0,5.02,Uruguay,Arts and Crafts Animals Events Actors,165700.0,instagram,uruguay,False,2024,Entertainment,MAPPED,,
30,Matias Ferreira @matiasferreiraa,540600.0,0.36,Uruguay,Beauty and Self Care Business and Finance Celebrity Music,162200.0,instagram,uruguay,False,2024,Beauty&Fashion,MAPPED,,
31,𝐋𝐮𝐜𝐚𝐬 𝐜𝐨𝐫𝐛𝐨 @lucascorboo,513800.0,4.01,Uruguay,Entertainment and Music,154200.0,instagram,uruguay,False,2024,Music,MAPPED,,
32,NICO @nicolopezoficial,493500.0,4.33,Uruguay,,148000.0,instagram,uruguay,False,2024,,,,
33,Gabriel Gonzalez @gabrielgonzalez108,480600.0,4.09,Uruguay,,144200.0,instagram,uruguay,False,2024,,,,
34,MESA TRA’ 📀🩸🦈 @mesita,475500.0,6.0,Uruguay,,142700.0,instagram,uruguay,False,2024,,,,
35,RomiiNacional🪼 @nacionalromii,472100.0,1.05,Uruguay,Art,141600.0,instagram,uruguay,False,2024,Lifestyle,MAPPED,,
36,Club Nacional De Football @nacional,451700.0,1.85,Uruguay,Sports,135500.0,instagram,uruguay,False,2024,Sports,MAPPED,,
37,RUMA® @rumatienda,432400.0,0.31,Uruguay,Fashion and Accessories Actors,129700.0,instagram,uruguay,False,2024,Beauty&Fashion,MAPPED,,
38,Vanesa Britos @vanesabritos,426000.0,1.02,Uruguay,,127800.0,instagram,uruguay,False,2024,,,,
39,Eric Berni @ericberniok,419100.0,6.54,Uruguay,Entertainment and Music Soccer,125700.0,instagram,uruguay,False,2024,Sports,MAPPED,,
40,Rossana Burgos @mamabee,391000.0,2.07,Uruguay,Fitness Moms,117300.0,instagram,uruguay,False,2024,Sports,MAPPED,,
41,La Vela Puerca @lavela_oficial,389800.0,0.94,Uruguay,,116900.0,instagram,uruguay,False,2024,,,,
42,Luna. @evitta_luna_,374800.0,5.19,Uruguay,Entertainment and Music Marketing and Advertising,112400.0,instagram,uruguay,False,2024,Knowledge&Info,MAPPED,,
43,Federico Viñas @federicovinas98,374800.0,12.9,Uruguay,,112400.0,instagram,uruguay,False,2024,,,,
44,Adriana Artieda @adrianartiedaa,358700.0,2.05,Uruguay,Entertainment and Music Celebrity,107600.0,instagram,uruguay,False,2024,Music,MAPPED,,
45,Alejandro Curcio @alecurcio_capitaldevida,350900.0,0.21,Uruguay,Auto and Vehicles,105300.0,instagram,uruguay,False,2024,Tech&Gaming,MAPPED,,
46,Pipa Barbato @pipabarbato,350500.0,2.7,Uruguay,Entertainment and Music Actors Music,105200.0,instagram,uruguay,False,2024,Music,MAPPED,,
47,Matías Vecino @vecino,346200.0,8.8,Uruguay,Soccer Actors,103800.0,instagram,uruguay,False,2024,Sports,MAPPED,,
48,Marcelo Saracchi @cheloosaracchi,332000.0,14.1,Uruguay,Actors Modeling,99600.0,instagram,uruguay,False,2024,Beauty&Fashion,MAPPED,,
49,🔥Juani Fer🔥 @juani_fer_yt,324900.0,3.29,Uruguay,,97500.0,instagram,uruguay,False,2024,,,,
50,Teledoce @teledoce,316000.0,0.07,Uruguay,Actors,94800.0,instagram,uruguay,False,2024,Entertainment,MAPPED,,
51,Facu Torres 🤙🏻 @facutorres11,313600.0,12.64,Uruguay,Sports,94100.0,instagram,uruguay,False,2024,Sports,MAPPED,,
52,Luis Lacalle Pou @luislacallepou,313400.0,1.97,Uruguay,Education Actors Journalists,94000.0,instagram,uruguay,False,2024,Knowledge&Info,MAPPED,,
53,Fede Anto Puñales 🔥 @fedepunales_,311500.0,1.58,Uruguay,Entertainment and Music Marketing and Advertising Actors,93500.0,instagram,uruguay,False,2024,Knowledge&Info,MAPPED,,
54,Felipe Carballo @felicarballo,309500.0,12.7,Uruguay,Outdoor Activity Actors,92900.0,instagram,uruguay,False,2024,Sports,MAPPED,,
55,Manuel Ugarte @ugartemanu,299500.0,18.84,Uruguay,Sports,89900.0,instagram,uruguay,False,2024,Sports,MAPPED,,
56,cande @candeesamp,284500.0,7.01,Uruguay,Celebrity,85400.0,instagram,uruguay,False,2024,Entertainment,MAPPED,,
57,LUCHO🧢 @lulilamas03,283800.0,0.56,Uruguay,Marketing and Advertising,85100.0,instagram,uruguay,False,2024,Knowledge&Info,MAPPED,,
58,Agustín Galeano 🌱 @hijo_de_la_tierra,283000.0,4.53,Uruguay,Arts and Crafts Life and Society Home and Garden Parenting,84900.0,instagram,uruguay,False,2024,Knowledge&Info,MAPPED,,
59,Catalina de Palleja @catadepalleja,282100.0,0.64,Uruguay,Food Marketing and Advertising Chef Recipes,84600.0,instagram,uruguay,False,2024,Knowledge&Info,MAPPED,,
60,José Rodríguez @pumitaa_4,280800.0,9.31,Uruguay,Sports,84200.0,instagram,uruguay,False,2024,Sports,MAPPED,,
61,Florencia Servente Arquitecta @mamaarquitectauy,279600.0,0.41,Uruguay,Home and Garden,83900.0,instagram,uruguay,False,2024,Lifestyle,MAPPED,,
62,Luli Rodriguez 📍🇺🇾 @luli_rodriguez01,273500.0,7.5,Uruguay,Education Arts and Crafts,82100.0,instagram,uruguay,False,2024,Knowledge&Info,MAPPED,,
63,L U A N A @luanapersincula,267400.0,3.93,Uruguay,Art Actors,80200.0,instagram,uruguay,False,2024,Entertainment,MAPPED,,
64,Montero 🤯 @_montero.okk_,263700.0,24.5,Uruguay,,79100.0,instagram,uruguay,False,2024,,,,
65,Álvaro Recoba @chino_recoba20,257900.0,2.16,Uruguay,Soccer Actors,77400.0,instagram,uruguay,False,2024,Sports,MAPPED,,
66,club de fans de Natalia Oreiro @natalia_oreiro_official,254600.0,3.8,Uruguay,Entertainment and Music Music DJ,76400.0,instagram,uruguay,False,2024,Music,MAPPED,,
67,Agustin Canobbio @agus_cano7,252200.0,6.93,Uruguay,Sports Soccer Actors,75700.0,instagram,uruguay,False,2024,Sports,MAPPED,,
68,•🦋 𝓕𝓪𝓽𝓲𝓲 🦋• @pitufita_blanca,235800.0,4.9,Uruguay,,70700.0,instagram,uruguay,False,2024,,,,
69,Matias Mier @mati.mier,231500.0,2.9,Uruguay,Sports,69400.0,instagram,uruguay,False,2024,Sports,MAPPED,,
70,Canal 4 @canal4_uy,230200.0,0.01,Uruguay,Entertainment and Music News Actors,69100.0,instagram,uruguay,False,2024,Knowledge&Info,MAPPED,,
71,Guadalupe Larrachart @glarrachart_,226100.0,2.26,Uruguay,,67800.0,instagram,uruguay,False,2024,,,,
72,Beel @belnavadian,216400.0,0.66,Uruguay,Life and Society family Marketing and Advertising Actors,64900.00000000001,instagram,uruguay,False,2024,Knowledge&Info,MAPPED,,
73,N.A.R.K @nark_free,214300.0,22.1,Uruguay,Entertainment and Music Funny Life and Society Marketing and Advertising,64300.0,instagram,uruguay,False,2024,Knowledge&Info,MAPPED,,
74,Rodrigo Lussich @rodrilussich,214000.0,1.1,Uruguay,Actors,64200.0,instagram,uruguay,False,2024,Entertainment,MAPPED,,
75,Diego Laxalt @cdlss93,213800.0,1.1,Uruguay,Sports Soccer,64099.99999999999,instagram,uruguay,False,2024,Sports,MAPPED,,
76,Santiago Pisano @santipisano.cb,208100.0,9.19,Uruguay,Beauty and Self Care Marketing and Advertising,62400.0,instagram,uruguay,False,2024,Beauty&Fashion,MAPPED,,
77,Iván Alonso @alonsoivan24,207300.0,0.7,Uruguay,Soccer Actors,62200.0,instagram,uruguay,False,2024,Sports,MAPPED,,
78,Nicolas Lodeiro @nicolaslodeiro,207000.0,1.79,Uruguay,Soccer Journalists,62100.0,instagram,uruguay,False,2024,Sports,MAPPED,,
79,Marco Alvez Misterios de Nuestro Planeta @misterios_tierra00,204600.0,1.59,Uruguay,,61400.0,instagram,uruguay,False,2024,,,,
80,Yuyu @yhubertt,198100.0,7.42,Uruguay,Fashion Actors Modeling,59400.0,instagram,uruguay,False,2024,Beauty&Fashion,MAPPED,,
81,Hugo Martin Sierra @hugomartin_sierra,193900.0,5.5,Uruguay,,58200.0,instagram,uruguay,False,2024,,,,
82,Sodimac Uruguay @sodimacuy,190000.0,0.21,Uruguay,Home and Garden,57000.0,instagram,uruguay,False,2024,Lifestyle,MAPPED,,
83,El Observador (Uruguay) @observadoruy,189600.0,0.2,Uruguay,News Actors Journalists,56900.0,instagram,uruguay,False,2024,Knowledge&Info,MAPPED,,
84,CAU7E 🇺🇾 Martin Cauteruccio @mcaute,189600.0,10.3,Uruguay,Sports Soccer Actors Journalists,56900.0,instagram,uruguay,False,2024,Sports,MAPPED,,
85,@tia_stefi,189400.0,3.4,Uruguay,,56800.0,instagram,uruguay,False,2024,,,,
86,maius @itsmaius,188700.0,7.09,Uruguay,Marketing and Advertising,56600.0,instagram,uruguay,False,2024,Knowledge&Info,MAPPED,,
87,Sebastian Caceres @seba4caceres,184100.0,13.73,Uruguay,,55200.0,instagram,uruguay,False,2024,,,,
88,Gaston “Tonga” Reyno @gastonreyno,182400.0,1.94,Uruguay,Actors Coaching Gym,54700.0,instagram,uruguay,False,2024,Sports,MAPPED,,
89,Paulo Pezzolano @pezzolanodt,182000.0,7.35,Uruguay,Sports,54600.0,instagram,uruguay,False,2024,Sports,MAPPED,,
90,Fernando Sosa🇺🇾🇺🇾🇺🇾 @fernandososa_tropicalgem,179900.0,1.35,Uruguay,Entertainment and Music Celebrity,54000.0,instagram,uruguay,False,2024,Music,MAPPED,,
91,𝝙𝗡𝗗𝗬 𝗩𝗜𝗟𝝙 @andyyvila,176800.0,1.3,Uruguay,Entertainment and Music Marketing and Advertising,53000.0,instagram,uruguay,False,2024,Knowledge&Info,MAPPED,,
92,Tabare Viudez @tabare_viudez,173900.0,6.77,Uruguay,,52200.0,instagram,uruguay,False,2024,,,,
93,𝐂𝐋𝐀𝐑𝐈𝐒𝐀 𝐀𝐁𝐑𝐄𝐔 | Uruguaya 🇺🇾 @clariabreuok,169200.0,0.73,Uruguay,Fashion and Accessories Actors Modeling,50800.0,instagram,uruguay,False,2024,Beauty&Fashion,MAPPED,,
94,El Reja @elrejaoficial,168600.0,3.72,Uruguay,Entertainment and Music Marketing and Advertising Music Actors,50600.0,instagram,uruguay,False,2024,Knowledge&Info,MAPPED,,
95,Brian Rodriguez.⚡️🇺🇾 @brianrodriguez_10,164400.0,12.0,Uruguay,,49300.0,instagram,uruguay,False,2024,,,,
96,Rafa Cotelo @rafaelcotelo,162900.0,0.68,Uruguay,Actors Travel Photography,48900.0,instagram,uruguay,False,2024,Entertainment,MAPPED,,
97,Seba Almada @sebaalmadaok,159800.0,0.36,Uruguay,Entertainment and Music Actors,48000.0,instagram,uruguay,False,2024,Music,MAPPED,,
98,Las Pelotas @laspelotas,158800.0,1.3,Uruguay,Actors,47600.0,instagram,uruguay,False,2024,Entertainment,MAPPED,,
99,🎬Alexis Drewed 🇺🇾(Youtuber) @alex_drewed,156900.0,1.8,Uruguay,Actors Modeling,47100.0,instagram,uruguay,False,2024,Beauty&Fashion,MAPPED,,
100,Ruben Rada @negrorada,156600.0,4.88,Uruguay,Entertainment and Music Actors,47000.0,instagram,uruguay,False,2024,Music,MAPPED,,
