rank,name,followers,er,audience_country,topic_of_influence,potential_reach,_platform,_country,_is_global,_year,category_unified,category_status,id,topic_of_influence_en
1,Ziba Gulley 🥀 @xzayx89,14500000.0,0.3,Afghanistan,Business and Finance,4400000.0,tiktok,afghanistan,False,2024,Knowledge&Info,MAPPED,,
2,Bryan Kazaka @bryankazaka,9000000.0,,Afghanistan,Entertainment and Music Finance Upskilling,2700000.0,tiktok,afghanistan,False,2024,Knowledge&Info,MAPPED,,
3,JasleenKaur Official @jasleenxbeauty,4100000.0,,Afghanistan,Beauty and Self Care Acting and Drama Celebrity,1200000.0,tiktok,afghanistan,False,2024,Beauty&Fashion,MAPPED,,
4,Pary Gull Moti @parygullofficial,1400000.0,,Afghanistan,Business and Finance,420000.0,tiktok,afghanistan,False,2024,Knowledge&Info,MAPPED,,
5,Valentino @baravalentino_,1300000.0,,Afghanistan,,390000.0,tiktok,afghanistan,False,2024,,,,
6,QueenofTikTok👸 @mashazlatifiofficial7,1100000.0,,Afghanistan,Fitness,330000.0,tiktok,afghanistan,False,2024,Sports,MAPPED,,
7,Mehral Shams @mehral,1100000.0,,Afghanistan,,330000.0,tiktok,afghanistan,False,2024,,,,
8,haniyemazariofficial @haniye_mazari_officiall,946500.0,,Afghanistan,,284000.0,tiktok,afghanistan,False,2024,,,,
9,SlayerGirl💕 @x_s.l.a.y.e.r.g.i.r.l_x,928100.0,,Afghanistan,Beauty,278400.0,tiktok,afghanistan,False,2024,Beauty&Fashion,MAPPED,,
10,777zvrahfn @777zvrahfn,860900.0,,Afghanistan,Entertainment and Music,258300.0,tiktok,afghanistan,False,2024,Music,MAPPED,,
11,MC RAJI @mcrajiofficial,852900.0,0.1,Afghanistan,Entertainment and Music Funny Celebrity,255900.0,tiktok,afghanistan,False,2024,Music,MAPPED,,
12,Soma Zafari @somazafari,813800.0,,Afghanistan,Travel,244100.0,tiktok,afghanistan,False,2024,Lifestyle,MAPPED,,
13,Andro @andro_121,806400.0,,Afghanistan,,241900.0,tiktok,afghanistan,False,2024,,,,
14,Ayesha khan 🇦🇫🇵🇰 @nageen_afghan,806300.0,,Afghanistan,,241900.0,tiktok,afghanistan,False,2024,,,,
15,A @arsalannoori07,749100.0,6.6,Afghanistan,,224700.0,tiktok,afghanistan,False,2024,,,,
16,『Savage』GIRL❣️ @savage.bye,706500.0,,Afghanistan,Video Gaming,212000.0,tiktok,afghanistan,False,2024,Tech&Gaming,MAPPED,,
17,Z E R O @zero.503,706200.0,,Afghanistan,Video Gaming,211900.0,tiktok,afghanistan,False,2024,Tech&Gaming,MAPPED,,
18,😝Ziarat khan funny😝🙈 @ziaratkhan5050,702600.0,,Afghanistan,,210800.0,tiktok,afghanistan,False,2024,,,,
19,Zainab-official @zainabjan2001,674700.0,,Afghanistan,,202400.0,tiktok,afghanistan,False,2024,,,,
20,🇦🇫🇹🇷 @shabir_7m,658800.0,,Afghanistan,,197600.0,tiktok,afghanistan,False,2024,,,,
21,Ｒ¹丨ＢＯＯＭ @r1.boom,622200.0,0.2,Afghanistan,,186700.0,tiktok,afghanistan,False,2024,,,,
22,𝐇𝐚𝐬𝐞𝐞𝐛 𝐊𝐡𝐚𝐧 @thekhan_,584200.0,,Afghanistan,,175300.0,tiktok,afghanistan,False,2024,,,,
23,Jeffy Nachapim @jeffynachapim,575300.0,,Afghanistan,,172600.0,tiktok,afghanistan,False,2024,,,,
24,Afsana Zeddi @afsanazeddi,558200.0,,Afghanistan,,167500.0,tiktok,afghanistan,False,2024,,,,
25,Icxmaria @icxmaria,534300.0,,Afghanistan,,160300.0,tiktok,afghanistan,False,2024,,,,
26,Free Fire 🔥 @moe_ff,522100.0,,Afghanistan,,156600.0,tiktok,afghanistan,False,2024,,,,
27,¹Ｏp・MARYAM 👸🏻🇦🇫 @official_maryam,521900.0,,Afghanistan,,156600.0,tiktok,afghanistan,False,2024,,,,
28,Siyad Abdali @siyad998,516300.0,,Afghanistan,Nature,154900.0,tiktok,afghanistan,False,2024,Lifestyle,MAPPED,,
29,Habari_Njema @habari_njema,513400.0,0.2,Afghanistan,Entertainment and Music Education,154000.0,tiktok,afghanistan,False,2024,Knowledge&Info,MAPPED,,
30,menokakar @menokakar,505000.0,,Afghanistan,,151500.0,tiktok,afghanistan,False,2024,,,,
31,Sami Sadat @sami_sadat,490200.0,,Afghanistan,,147100.0,tiktok,afghanistan,False,2024,,,,
32,Aimal Habibi @aimalhabibi01,486600.0,,Afghanistan,,146000.0,tiktok,afghanistan,False,2024,,,,
33,🔥Jan Nawid🔥 @nawidsamadi_07,484700.0,,Afghanistan,Games,145400.0,tiktok,afghanistan,False,2024,Tech&Gaming,MAPPED,,
34,96 | B L A C K @96black1,481700.0,,Afghanistan,Video Gaming,144500.0,tiktok,afghanistan,False,2024,Tech&Gaming,MAPPED,,
35,theshaniproject @theshaniproject,477900.0,,Afghanistan,Education,143400.0,tiktok,afghanistan,False,2024,Knowledge&Info,MAPPED,,
36,khushal_jan @khushal_jan28,476900.0,,Afghanistan,,143100.0,tiktok,afghanistan,False,2024,,,,
37,Yassna @anarkali_08,474300.0,,Afghanistan,,142300.0,tiktok,afghanistan,False,2024,,,,
38,Abid Mahmood Khogyanai @abidmahmoodkhogya,460100.0,,Afghanistan,Food Nature,138000.0,tiktok,afghanistan,False,2024,Lifestyle,MAPPED,,
39,🅗🅐🅚🅘🅜🅘 @_shamshakimi,449300.0,,Afghanistan,,134800.0,tiktok,afghanistan,False,2024,,,,
40,❦︎🅒︎🅡︎🅘︎🅖︎🅔︎ 🅜︎🅐︎🅝︎❦︎ @gamergalaxyskin009_yt,444700.0,,Afghanistan,,133400.0,tiktok,afghanistan,False,2024,,,,
41,♥️🤤 @sonasadat,440000.0,0.1,Afghanistan,,132000.0,tiktok,afghanistan,False,2024,,,,
42,Rahmanullah 21 @rahmanullahgurbaz31,437100.0,,Afghanistan,,131100.0,tiktok,afghanistan,False,2024,,,,
43,🇦🇫👑Salman Helmandai 👑🇦🇫 @ismailshahjeweller,435700.0,,Afghanistan,,130700.0,tiktok,afghanistan,False,2024,,,,
44,❤️Javed Afghan❤️ @javedafghanshinwari,433400.0,,Afghanistan,,130000.0,tiktok,afghanistan,False,2024,,,,
45,IM AFGHANISTAN FAMILY PIOLT @niloofar_rahmani,417800.0,,Afghanistan,family,125300.0,tiktok,afghanistan,False,2024,Lifestyle,MAPPED,,
46,Rukhsar Achakzai @rukhsar_x0o,416700.0,,Afghanistan,Funny,125000.0,tiktok,afghanistan,False,2024,Entertainment,MAPPED,,
47,Massud Shirzad @massud.shirzad,416200.0,,Afghanistan,,124900.0,tiktok,afghanistan,False,2024,,,,
48,🧿مرواری هوتک🧿افغانی مور🇦🇫 @marwari_hotak,405400.0,,Afghanistan,,121600.0,tiktok,afghanistan,False,2024,,,,
49,Latifa Azizi @latifaazizi404,403400.0,,Afghanistan,,121000.0,tiktok,afghanistan,False,2024,,,,
50,official_hafsaidris4 @hafsaidris4,391400.0,,Afghanistan,Entertainment and Music,117400.0,tiktok,afghanistan,False,2024,Music,MAPPED,,
51,🥀فیضو_مندوخیل🥀 @malang_weror,390900.0,,Afghanistan,,117300.0,tiktok,afghanistan,False,2024,,,,
52,✨⚡️Shinwari ⚡️✨ @pekhawari_laila,388900.0,,Afghanistan,,116700.0,tiktok,afghanistan,False,2024,,,,
53,hazratullah Zazai 3 @hazratullah_zazai33333,379100.0,,Afghanistan,Sports,113700.0,tiktok,afghanistan,False,2024,Sports,MAPPED,,
54,👑 Įᒪ¥𝐀ş💙ｋ𝐡 @ilyas_khan41,376900.0,,Afghanistan,,113100.0,tiktok,afghanistan,False,2024,,,,
55,majidkha991 @majidkpk991,371800.0,,Afghanistan,,111500.0,tiktok,afghanistan,False,2024,,,,
56,Mr. 🇦🇫🐅 @rahilreehanofficial,368900.0,,Afghanistan,,110700.0,tiktok,afghanistan,False,2024,,,,
57,Sultana2 @sultanalove2,367900.0,0.3,Afghanistan,,110400.0,tiktok,afghanistan,False,2024,,,,
58,user8902640896943 @altaf.mokhlis123,355200.0,0.1,Afghanistan,,106600.0,tiktok,afghanistan,False,2024,,,,
59,Pathan @suliman_kaka,354000.0,,Afghanistan,,106200.0,tiktok,afghanistan,False,2024,,,,
60,Ada qaderi 007 @ada.qaderi007,345600.0,,Afghanistan,,103700.0,tiktok,afghanistan,False,2024,,,,
61,Ziba hamidi @ziba.hamidiofficial,340200.0,,Afghanistan,,102100.0,tiktok,afghanistan,False,2024,,,,
62,🖤ツلـونـګـيـن🇦🇫🥀 @mr_lawangen,338300.0,,Afghanistan,,101500.0,tiktok,afghanistan,False,2024,,,,
63,Sana faisal 🇦🇫 @sana_faisal_official1,337600.0,,Afghanistan,,101300.0,tiktok,afghanistan,False,2024,,,,
64,Neyaz Mohseni 🥇 @neyazmohseni,330800.0,,Afghanistan,Celebrity Medical Health Music,99200.0,tiktok,afghanistan,False,2024,Knowledge&Info,MAPPED,,
65,S I K A N D A R©️ سکندر نجیب @sikandar.najib7,330100.0,,Afghanistan,Entertainment and Music Upskilling,99000.0,tiktok,afghanistan,False,2024,Knowledge&Info,MAPPED,,
66,chief 💫 @officiallchief,325100.0,0.5,Afghanistan,Entertainment and Music,97500.0,tiktok,afghanistan,False,2024,Music,MAPPED,,
67,ROOHULLAH @roohullah_tareen,322800.0,,Afghanistan,,96800.0,tiktok,afghanistan,False,2024,,,,
68,user243360 @mohammad78123,322300.0,,Afghanistan,,96700.0,tiktok,afghanistan,False,2024,,,,
69,🍁🅼🅰🆀🆂🅾🅾🅳 🅳🅰🆆🅰🆁 🍁 @maqsood_dawar,320200.0,,Afghanistan,,96100.0,tiktok,afghanistan,False,2024,,,,
70,𝖘𝖍𝖚𝖍𝖆𝖎𝖑𝖆🇦🇫🇵🇭 @shuhailasayedsultan0,320100.0,,Afghanistan,,96000.0,tiktok,afghanistan,False,2024,,,,
71,RTG_ شيخ @rtg_shikh,307300.0,,Afghanistan,,92200.0,tiktok,afghanistan,False,2024,,,,
72,دختر اسلام @dokhtar_islam,305900.0,,Afghanistan,,91800.0,tiktok,afghanistan,False,2024,,,,
73,Hejro To @hejro_afghan75,304400.0,,Afghanistan,,91300.0,tiktok,afghanistan,False,2024,,,,
74,Ataulahafghan☝️🇦🇫 @ataualahafghan1,303800.0,,Afghanistan,,91100.0,tiktok,afghanistan,False,2024,,,,
75,Abadullah Niazi @abadullah_niazi,296600.0,,Afghanistan,,89000.0,tiktok,afghanistan,False,2024,,,,
76,naz @nazfarzana24,295200.0,,Afghanistan,,88600.0,tiktok,afghanistan,False,2024,,,,
77,Masoodgorwan @masoodgorwan143,293900.0,,Afghanistan,Acting and Drama Celebrity,88200.0,tiktok,afghanistan,False,2024,Entertainment,MAPPED,,
78,Masoma Hosseini @_elena_203,290800.0,,Afghanistan,,87200.0,tiktok,afghanistan,False,2024,,,,
79,KHALID SHERZAD @khalid_sherzad,286700.0,0.4,Afghanistan,Funny,86000.0,tiktok,afghanistan,False,2024,Entertainment,MAPPED,,
80,Sorosh Haidari @sorosh_001,285700.0,,Afghanistan,,85700.0,tiktok,afghanistan,False,2024,,,,
81,🇦🇫⛤AFG⛤🇦🇫 @ahmet__jam,285300.0,,Afghanistan,,85600.0,tiktok,afghanistan,False,2024,,,,
82,Azami Family @iqbalazami,283500.0,,Afghanistan,,85100.0,tiktok,afghanistan,False,2024,,,,
83,Azaria Afghan 🇦🇫 @azariaafghan,283400.0,,Afghanistan,Pets,85000.0,tiktok,afghanistan,False,2024,Lifestyle,MAPPED,,
84,عصمت پاچا @asmat.pacha,280700.0,,Afghanistan,,84200.0,tiktok,afghanistan,False,2024,,,,
85,MIKAELA @mikyneazesilva,280000.0,,Afghanistan,,84000.0,tiktok,afghanistan,False,2024,,,,
86,Edrees Sharifi @edreessharifi,276000.0,0.3,Afghanistan,Video Gaming,82800.0,tiktok,afghanistan,False,2024,Tech&Gaming,MAPPED,,
87,Ubaidmalikbhai @ubaidmalikbhai,273900.0,,Afghanistan,,82200.0,tiktok,afghanistan,False,2024,,,,
88,Ayaan @ayaan_ahb,273400.0,,Afghanistan,,82000.0,tiktok,afghanistan,False,2024,,,,
89,Ali Khan ahmadzai @ali_ahmadzai90,267600.0,,Afghanistan,,80300.0,tiktok,afghanistan,False,2024,,,,
90,5 Star @5_star1,265800.0,,Afghanistan,Video Gaming,79700.0,tiktok,afghanistan,False,2024,Tech&Gaming,MAPPED,,
91,Shenkhalai @shenkhalai45,265000.0,,Afghanistan,,79500.0,tiktok,afghanistan,False,2024,,,,
92,Masoud Rostami ✅ @masoud.rostami,263200.0,,Afghanistan,,79000.0,tiktok,afghanistan,False,2024,,,,
93,Afsar Afghan @afsar_afghan8,261200.0,,Afghanistan,,78400.0,tiktok,afghanistan,False,2024,,,,
94,rehman khan <<<<” @rk_khan75,259600.00000000003,,Afghanistan,,77900.0,tiktok,afghanistan,False,2024,,,,
95,🔥𝙈𝘼𝙇𝘼𝙉𝙂 𝙈𝘼𝙍𝘿𝘼𝙉🔥 @mansoormalang83,259000.0,,Afghanistan,,77700.0,tiktok,afghanistan,False,2024,,,,
96,Zafar Jamıl @zafar.babak,259000.0,,Afghanistan,,77700.0,tiktok,afghanistan,False,2024,,,,
97,🔥Nawid Faizi🔥 @nawid.faizi,258700.0,,Afghanistan,Fitness,77600.0,tiktok,afghanistan,False,2024,Sports,MAPPED,,
98,Trgsafi @trgsafi,254800.0,,Afghanistan,Video Gaming,76400.0,tiktok,afghanistan,False,2024,Tech&Gaming,MAPPED,,
99,user6292984813953 @shaz_nawabi1,253900.0,0.1,Afghanistan,Funny,76200.0,tiktok,afghanistan,False,2024,Entertainment,MAPPED,,
100,Freshta Alimi @freshta.alimi,253000.0,0.1,Afghanistan,,75900.0,tiktok,afghanistan,False,2024,,,,
1,Khabane lame ,161900000.0,0.2,Italy,Funny Entertainment and Music,48600000.0,tiktok,aland-islands,False,2024,Music,MAPPED,khaby.lame,
2,Bella Poarch ,92600000.0,0.8,United States,,27800000.0,tiktok,aland-islands,False,2024,,,bellapoarch,
3,Addison Rae ,88500000.0,1.0,United States,Beauty and Self Care,26600000.0,tiktok,aland-islands,False,2024,Beauty&Fashion,MAPPED,addisonre,
4,MrBeast ,85400000.0,4.0,,Entertainment and Music,25600000.0,tiktok,aland-islands,False,2024,Music,MAPPED,mrbeast,
5,Zach King ,78100000.0,2.9,United States,Entertainment and Music,23400000.0,tiktok,aland-islands,False,2024,Music,MAPPED,zachking,
6,Kimberly Loaiza ,76100000.0,1.6,Mexico,,22800000.0,tiktok,aland-islands,False,2024,,,kimberly.loaiza,
7,The Rock ,74200000.0,0.9,United States,Entertainment and Music Fitness and Health Business and Finance,22300000.0,tiktok,aland-islands,False,2024,Sports,MAPPED,therock,
8,Will Smith ,74100000.0,0.7,United States,,22200000.0,tiktok,aland-islands,False,2024,,,willsmith,
9,cznburak ,72000000.0,0.2,,,21600000.0,tiktok,aland-islands,False,2024,,,cznburak,
10,Jason Derulo ,58900000.0,0.4,United States,Entertainment and Music,17700000.0,tiktok,aland-islands,False,2024,Music,MAPPED,jasonderulo,
11,Kylie Jenner ,56000000.0,3.2,United States,Beauty and Self Care Fashion and Accessories,16800000.0,tiktok,aland-islands,False,2024,Beauty&Fashion,MAPPED,kyliejenner,
12,Karol G ,51900000.0,3.8,Colombia,Entertainment and Music,15600000.0,tiktok,aland-islands,False,2024,Music,MAPPED,karolg,
13,Michael Le ,51400000.0,,Vietnam,,15400000.0,tiktok,aland-islands,False,2024,,,justmaiko,
14,BTS ,51000000.0,1.0,,Entertainment and Music,15300000.0,tiktok,aland-islands,False,2024,Music,MAPPED,bts_official_bighit,
15,BILLIE EILISH ,51000000.0,,,,15300000.0,tiktok,aland-islands,False,2024,,,billieeilish,
16,JoJo Siwa ,45600000.0,0.3,United States,Entertainment and Music,13700000.0,tiktok,aland-islands,False,2024,Music,MAPPED,itsjojosiwa,
17,ESPN ,44000000.0,,,Entertainment and Music,13200000.0,tiktok,aland-islands,False,2024,Music,MAPPED,espn,
18,Junya/じゅんや ,42800000.0,,,,12800000.0,tiktok,aland-islands,False,2024,,,junya1gou,
19,ХОМЯК ,42100000.0,,,Fashion and Accessories,12600000.0,tiktok,aland-islands,False,2024,Beauty&Fashion,MAPPED,homm9k,
20,XO Team ,41400000.0,,,Entertainment and Music,12400000.0,tiktok,aland-islands,False,2024,Music,MAPPED,xoteam,
21,ROD🫠 ,41100000.0,,,Entertainment and Music,12300000.0,tiktok,aland-islands,False,2024,Music,MAPPED,elrodcontreras,
22,Joe ,40800000.0,,,family Entertainment and Music,12200000.0,tiktok,aland-islands,False,2024,Music,MAPPED,joealbanese,
23,Gordon Ramsay ,40000000.0,1.1,United Kingdom,Food,12000000.0,tiktok,aland-islands,False,2024,Lifestyle,MAPPED,gordonramsayofficial,
24,Carlos Feria ,39200000.0,,,,11800000.0,tiktok,aland-islands,False,2024,,,carlosferiag,
25,ondy mikula ,38800000.0,,,,11600000.0,tiktok,aland-islands,False,2024,,,ondymikula,
26,Scott 🔥 ,38400000.0,0.2,,Entertainment and Music,11500000.0,tiktok,aland-islands,False,2024,Music,MAPPED,scottsreality,
27,Shakira ,38200000.0,2.0,,,11500000.0,tiktok,aland-islands,False,2024,,,shakira,
28,Barstool Sports ,36900000.0,0.1,United States,Entertainment and Music Sports,11100000.0,tiktok,aland-islands,False,2024,Sports,MAPPED,barstoolsports,
29,James Charles ,36200000.0,,United States,Beauty and Self Care Arts and Crafts,10900000.0,tiktok,aland-islands,False,2024,Beauty&Fashion,MAPPED,jamescharles,
30,kyle thomas 🌿 ,35400000.0,0.1,,,10600000.0,tiktok,aland-islands,False,2024,,,kylethomas,
31,Q Park ,35200000.0,,,,10600000.0,tiktok,aland-islands,False,2024,,,qpark,
32,GIL CROES ,35100000.0,,,Entertainment and Music,10500000.0,tiktok,aland-islands,False,2024,Music,MAPPED,gilmhercroes,
33,Kevin Hart ,34800000.0,1.7,United States,Entertainment and Music,10400000.0,tiktok,aland-islands,False,2024,Music,MAPPED,imkevinhart,
34,Kirya Kolesnikov ,34700000.0,,,Entertainment and Music Funny,10400000.0,tiktok,aland-islands,False,2024,Music,MAPPED,thekiryalife,
35,arianagrande ,34400000.0,,,Entertainment and Music,10300000.0,tiktok,aland-islands,False,2024,Music,MAPPED,arianagrande,
36,Pongámoslo a Prueba ,34200000.0,,,,10300000.0,tiktok,aland-islands,False,2024,,,pongamoslo_a_prueba,
37,ThatLittlePuff ,33500000.0,0.6,,Pets,10100000.0,tiktok,aland-islands,False,2024,Lifestyle,MAPPED,thatlittlepuff,
38,Montpantoja ,33300000.0,,,,10000000.0,tiktok,aland-islands,False,2024,,,montpantoja,
39,Devon Rodriguez ,32100000.0,0.2,United States,Arts and Crafts Education Upskilling,9600000.0,tiktok,aland-islands,False,2024,Knowledge&Info,MAPPED,devonrodriguezart,
40,Bad Bunny ,31800000.0,18.4,Puerto Rico,,9500000.0,tiktok,aland-islands,False,2024,,,badbunny,
41,Brooke Monk ,31700000.0,2.1,United States,Entertainment and Music Funny,9500000.0,tiktok,aland-islands,False,2024,Music,MAPPED,brookemonk_,
42,Indi skovar ,31600000.0,0.4,,Entertainment and Music,9500000.0,tiktok,aland-islands,False,2024,Music,MAPPED,indiskovar3.0,
43,Lele Pons ,31500000.0,0.9,United States,,9500000.0,tiktok,aland-islands,False,2024,,,lelepons,
44,Stokes Twins ,31200000.0,,United States,Entertainment and Music,9400000.0,tiktok,aland-islands,False,2024,Music,MAPPED,stokestwins,
45,Kira Kosarin ,31100000.0,0.7,,Entertainment and Music,9300000.0,tiktok,aland-islands,False,2024,Music,MAPPED,kirakosarin,
46,La Rosalia ,30900000.0,,Spain,,9300000.0,tiktok,aland-islands,False,2024,,,rosalia,
47,Alejandro Nieto ,30400000.0,,Colombia,,9100000.0,tiktok,aland-islands,False,2024,,,soybans,
48,Michel Chavez ,30200000.0,,Mexico,,9100000.0,tiktok,aland-islands,False,2024,,,its.michhh,
49,Liza Koshy ,30200000.0,,United States,,9100000.0,tiktok,aland-islands,False,2024,,,lizzza,
50,beca ,29200000.0,1.0,Brazil,Travel,8800000.0,tiktok,aland-islands,False,2024,Lifestyle,MAPPED,beca,
51,Topper Guild ,29000000.0,,United States,Entertainment and Music Celebrity,8700000.0,tiktok,aland-islands,False,2024,Music,MAPPED,topperguild,
52,Ignacia Antonia👑 ,28200000.0,,Chile,Beauty and Self Care,8500000.0,tiktok,aland-islands,False,2024,Beauty&Fashion,MAPPED,ignaciaa_antonia,
53,Camilo ,28000000.0,,,Entertainment and Music,8400000.0,tiktok,aland-islands,False,2024,Music,MAPPED,camilo,
54,Daniel Ibarra ,27600000.0,,,Entertainment and Music,8300000.000000001,tiktok,aland-islands,False,2024,Music,MAPPED,juandaniel.ibarra,
55,시아지우 sia_jiwoo ,27500000.0,0.2,South Korea,,8300000.000000001,tiktok,aland-islands,False,2024,,,sia_jiwoo,
56,Lexi Rivera ,27100000.0,4.5,,,8100000.0,tiktok,aland-islands,False,2024,,,lexibrookerivera,
57,KEEMOKAZI ,27000000.0,,,Entertainment and Music,8100000.0,tiktok,aland-islands,False,2024,Music,MAPPED,keemokazi,
58,psg ,26700000.0,,,Sports,8000000.0,tiktok,aland-islands,False,2024,Sports,MAPPED,psg,
59,JeisonGiraldo ,26300000.0,,,family Romance and Wedding,7900000.0,tiktok,aland-islands,False,2024,Beauty&Fashion,MAPPED,jeison_giraldo,
60,JeanCarlo Leon ,26300000.0,,,,7900000.0,tiktok,aland-islands,False,2024,,,jashlem,
61,Jimena ,26100000.0,1.2,,Funny,7800000.0,tiktok,aland-islands,False,2024,Entertainment,MAPPED,jimena.jimenezr,
62,Doja Cat ,26000000.0,0.1,United States,Entertainment and Music,7800000.0,tiktok,aland-islands,False,2024,Music,MAPPED,dojacat,
63,Bader Al Safar ,26000000.0,,Kuwait,Fashion and Accessories,7800000.0,tiktok,aland-islands,False,2024,Beauty&Fashion,MAPPED,baderalsafar,
64,DAVID DOBRIK ,26000000.0,,United States,Entertainment and Music Funny,7800000.0,tiktok,aland-islands,False,2024,Music,MAPPED,daviddobrik,
65,LARRAY ,25900000.0,,,Entertainment and Music,7800000.0,tiktok,aland-islands,False,2024,Music,MAPPED,larrayeeee,
66,Era Ays ,25900000.0,,,,7800000.0,tiktok,aland-islands,False,2024,,,era_ays,
67,Karla Bustillos ❤️ ,25700000.0,0.1,,,7700000.0,tiktok,aland-islands,False,2024,,,karla.bustillos,
68,BORREGO ,25700000.0,4.6,,,7700000.0,tiktok,aland-islands,False,2024,,,lagranjadelborrego,
69,Arnaldo Mangini ,25400000.0,,,Beauty and Self Care Funny,7600000.0,tiktok,aland-islands,False,2024,Beauty&Fashion,MAPPED,arnaldomangini,
70,Jaykindafunny ,25400000.0,,,Funny,7600000.0,tiktok,aland-islands,False,2024,Entertainment,MAPPED,jaykindafunny8,
71,Malu Trevejo ,25200000.0,,,,7600000.0,tiktok,aland-islands,False,2024,,,malutrevejo,
72,AriGameplays ,25100000.0,1.0,,Games,7500000.0,tiktok,aland-islands,False,2024,Tech&Gaming,MAPPED,arigameplays,
73,Dina ,24900000.0,0.6,,,7500000.0,tiktok,aland-islands,False,2024,,,dina,
74,DonaldDucc 🦆 ,24700000.0,,,Animals,7400000.0,tiktok,aland-islands,False,2024,Lifestyle,MAPPED,donaldducc,
75,adrilatinatv ,24500000.0,,,,7400000.0,tiktok,aland-islands,False,2024,,,adrilatinatv,
76,Victor Melo ,24500000.0,,,,7400000.0,tiktok,aland-islands,False,2024,,,victormelo,
77,Chingu Amiga ,24100000.0,,,Food Beauty and Self Care,7200000.0,tiktok,aland-islands,False,2024,Beauty&Fashion,MAPPED,chinguamiga,
78,The Mannii Show ,24000000.0,0.8,,Entertainment and Music Funny,7200000.0,tiktok,aland-islands,False,2024,Music,MAPPED,the_mannii,
79,Terry Crews ,23900000.0,0.4,United States,Entertainment and Music Celebrity,7200000.0,tiktok,aland-islands,False,2024,Music,MAPPED,terrycrews,
80,Jacob Sartorius ,23700000.0,,United States,Entertainment and Music,7100000.0,tiktok,aland-islands,False,2024,Music,MAPPED,jacobsartorius,
81,Luara ,23600000.0,0.6,,,7100000.0,tiktok,aland-islands,False,2024,,,luara,
82,Nicolle Figueroa ,23400000.0,5.1,,,7000000.0,tiktok,aland-islands,False,2024,,,nicollefigueroaa,
83,Ryan Reynolds ,22900000.0,8.5,Canada,,6900000.0,tiktok,aland-islands,False,2024,,,vancityreynolds,
84,Lauren Godwin ,22600000.0,0.3,United States,Entertainment and Music family,6800000.0,tiktok,aland-islands,False,2024,Music,MAPPED,laurengodwin,
85,mingweirocks ,22500000.0,,,,6800000.0,tiktok,aland-islands,False,2024,,,mingweirocks,
86,Cardi B ,22400000.0,8.0,,,6700000.0,tiktok,aland-islands,False,2024,,,iamcardib,
87,Latiktokeuse869 ,22200000.0,,,Funny Entertainment and Music,6700000.0,tiktok,aland-islands,False,2024,Music,MAPPED,latiktokeuse869,
88,Mackenzie Ziegler ,22100000.0,,,,6600000.0,tiktok,aland-islands,False,2024,,,mackenzieziegler,
89,Lance Stewart ,22100000.0,,United States,Entertainment and Music,6600000.0,tiktok,aland-islands,False,2024,Music,MAPPED,lance210,
90,Anitta ,22100000.0,0.8,,,6600000.0,tiktok,aland-islands,False,2024,,,anitta,
91,Marrkadams ,22100000.0,,,,6600000.0,tiktok,aland-islands,False,2024,,,marrkadams,
92,ROMINA ,22000000.0,0.2,United States,Entertainment and Music,6600000.0,tiktok,aland-islands,False,2024,Music,MAPPED,rominagafur,
93,창하CHANGHA ,22000000.0,,,,6600000.0,tiktok,aland-islands,False,2024,,,chang._.a,
94,josi ,21900000.0,,,Funny,6600000.0,tiktok,aland-islands,False,2024,Entertainment,MAPPED,jmartineze_,
95,Caín Guzmán ,21900000.0,,,Entertainment and Music,6600000.0,tiktok,aland-islands,False,2024,Music,MAPPED,cainguzman,
96,Bryce Hall ,21500000.0,,United States,Entertainment and Music,6500000.0,tiktok,aland-islands,False,2024,Music,MAPPED,brycehall,
97,온오빠 On Oppa ,21500000.0,,,Entertainment and Music,6500000.0,tiktok,aland-islands,False,2024,Music,MAPPED,korea.on,
98,Seany ,21300000.0,,,,6400000.0,tiktok,aland-islands,False,2024,,,seandoesmagic,
99,Pk ,21300000.0,2.6,,,6400000.0,tiktok,aland-islands,False,2024,,,pkllipe,
100,The Hype House ,21100000.0,,,Entertainment and Music,6300000.0,tiktok,aland-islands,False,2024,Music,MAPPED,thehypehouse,
1,Khabane lame @khaby.lame,161900000.0,0.2,Italy,Funny Entertainment and Music,48600000.0,tiktok,all-countries,True,2024,Music,MAPPED,,
2,Bella Poarch @bellapoarch,92600000.0,0.8,United States,,27800000.0,tiktok,all-countries,True,2024,,,,
3,Addison Rae @addisonre,88500000.0,1.0,United States,Beauty and Self Care,26600000.0,tiktok,all-countries,True,2024,Beauty&Fashion,MAPPED,,
4,MrBeast @mrbeast,85400000.0,4.0,,Entertainment and Music,25600000.0,tiktok,all-countries,True,2024,Music,MAPPED,,
5,Zach King @zachking,78100000.0,2.9,United States,Entertainment and Music,23400000.0,tiktok,all-countries,True,2024,Music,MAPPED,,
6,Kimberly Loaiza @kimberly.loaiza,76100000.0,1.6,Mexico,,22800000.0,tiktok,all-countries,True,2024,,,,
7,The Rock @therock,74200000.0,0.9,United States,Entertainment and Music Fitness and Health Business and Finance,22300000.0,tiktok,all-countries,True,2024,Sports,MAPPED,,
8,Will Smith @willsmith,74100000.0,0.7,United States,,22200000.0,tiktok,all-countries,True,2024,,,,
9,cznburak @cznburak,72000000.0,0.2,,,21600000.0,tiktok,all-countries,True,2024,,,,
10,Jason Derulo @jasonderulo,58900000.0,0.4,United States,Entertainment and Music,17700000.0,tiktok,all-countries,True,2024,Music,MAPPED,,
11,Kylie Jenner @kyliejenner,56000000.0,3.2,United States,Beauty and Self Care Fashion and Accessories,16800000.0,tiktok,all-countries,True,2024,Beauty&Fashion,MAPPED,,
12,Karol G @karolg,51900000.0,3.8,Colombia,Entertainment and Music,15600000.0,tiktok,all-countries,True,2024,Music,MAPPED,,
13,Michael Le @justmaiko,51400000.0,,Vietnam,,15400000.0,tiktok,all-countries,True,2024,,,,
14,BTS @bts_official_bighit,51000000.0,1.0,,Entertainment and Music,15300000.0,tiktok,all-countries,True,2024,Music,MAPPED,,
15,BILLIE EILISH @billieeilish,51000000.0,,,,15300000.0,tiktok,all-countries,True,2024,,,,
16,JoJo Siwa @itsjojosiwa,45600000.0,0.3,United States,Entertainment and Music,13700000.0,tiktok,all-countries,True,2024,Music,MAPPED,,
17,ESPN @espn,44000000.0,,,Entertainment and Music,13200000.0,tiktok,all-countries,True,2024,Music,MAPPED,,
18,Junya/じゅんや @junya1gou,42800000.0,,,,12800000.0,tiktok,all-countries,True,2024,,,,
19,ХОМЯК @homm9k,42100000.0,,,Fashion and Accessories,12600000.0,tiktok,all-countries,True,2024,Beauty&Fashion,MAPPED,,
20,XO Team @xoteam,41400000.0,,,Entertainment and Music,12400000.0,tiktok,all-countries,True,2024,Music,MAPPED,,
21,ROD🫠 @elrodcontreras,41100000.0,,,Entertainment and Music,12300000.0,tiktok,all-countries,True,2024,Music,MAPPED,,
22,Joe @joealbanese,40800000.0,,,family Entertainment and Music,12200000.0,tiktok,all-countries,True,2024,Music,MAPPED,,
23,Gordon Ramsay @gordonramsayofficial,40000000.0,1.1,United Kingdom,Food,12000000.0,tiktok,all-countries,True,2024,Lifestyle,MAPPED,,
24,Carlos Feria @carlosferiag,39200000.0,,,,11800000.0,tiktok,all-countries,True,2024,,,,
25,ondy mikula @ondymikula,38800000.0,,,,11600000.0,tiktok,all-countries,True,2024,,,,
26,Scott 🔥 @scottsreality,38400000.0,0.2,,Entertainment and Music,11500000.0,tiktok,all-countries,True,2024,Music,MAPPED,,
27,Shakira @shakira,38200000.0,2.0,,,11500000.0,tiktok,all-countries,True,2024,,,,
28,Barstool Sports @barstoolsports,36900000.0,0.1,United States,Entertainment and Music Sports,11100000.0,tiktok,all-countries,True,2024,Sports,MAPPED,,
29,James Charles @jamescharles,36200000.0,,United States,Beauty and Self Care Arts and Crafts,10900000.0,tiktok,all-countries,True,2024,Beauty&Fashion,MAPPED,,
30,kyle thomas 🌿 @kylethomas,35400000.0,0.1,,,10600000.0,tiktok,all-countries,True,2024,,,,
31,Q Park @qpark,35200000.0,,,,10600000.0,tiktok,all-countries,True,2024,,,,
32,GIL CROES @gilmhercroes,35100000.0,,,Entertainment and Music,10500000.0,tiktok,all-countries,True,2024,Music,MAPPED,,
33,Kevin Hart @imkevinhart,34800000.0,1.7,United States,Entertainment and Music,10400000.0,tiktok,all-countries,True,2024,Music,MAPPED,,
34,Kirya Kolesnikov @thekiryalife,34700000.0,,,Entertainment and Music Funny,10400000.0,tiktok,all-countries,True,2024,Music,MAPPED,,
35,arianagrande @arianagrande,34400000.0,,,Entertainment and Music,10300000.0,tiktok,all-countries,True,2024,Music,MAPPED,,
36,Pongámoslo a Prueba @pongamoslo_a_prueba,34200000.0,,,,10300000.0,tiktok,all-countries,True,2024,,,,
37,ThatLittlePuff @thatlittlepuff,33500000.0,0.6,,Pets,10100000.0,tiktok,all-countries,True,2024,Lifestyle,MAPPED,,
38,Montpantoja @montpantoja,33300000.0,,,,10000000.0,tiktok,all-countries,True,2024,,,,
39,Devon Rodriguez @devonrodriguezart,32100000.0,0.2,United States,Arts and Crafts Education Upskilling,9600000.0,tiktok,all-countries,True,2024,Knowledge&Info,MAPPED,,
40,Bad Bunny @badbunny,31800000.0,18.4,Puerto Rico,,9500000.0,tiktok,all-countries,True,2024,,,,
41,Brooke Monk @brookemonk_,31700000.0,2.1,United States,Entertainment and Music Funny,9500000.0,tiktok,all-countries,True,2024,Music,MAPPED,,
42,Indi skovar @indiskovar3.0,31600000.0,0.4,,Entertainment and Music,9500000.0,tiktok,all-countries,True,2024,Music,MAPPED,,
43,Lele Pons @lelepons,31500000.0,0.9,United States,,9500000.0,tiktok,all-countries,True,2024,,,,
44,Stokes Twins @stokestwins,31200000.0,,United States,Entertainment and Music,9400000.0,tiktok,all-countries,True,2024,Music,MAPPED,,
45,Kira Kosarin @kirakosarin,31100000.0,0.7,,Entertainment and Music,9300000.0,tiktok,all-countries,True,2024,Music,MAPPED,,
46,La Rosalia @rosalia,30900000.0,,Spain,,9300000.0,tiktok,all-countries,True,2024,,,,
47,Alejandro Nieto @soybans,30400000.0,,Colombia,,9100000.0,tiktok,all-countries,True,2024,,,,
48,Michel Chavez @its.michhh,30200000.0,,Mexico,,9100000.0,tiktok,all-countries,True,2024,,,,
49,Liza Koshy @lizzza,30200000.0,,United States,,9100000.0,tiktok,all-countries,True,2024,,,,
50,beca @beca,29200000.0,1.0,Brazil,Travel,8800000.0,tiktok,all-countries,True,2024,Lifestyle,MAPPED,,
51,Topper Guild @topperguild,29000000.0,,United States,Entertainment and Music Celebrity,8700000.0,tiktok,all-countries,True,2024,Music,MAPPED,,
52,Ignacia Antonia👑 @ignaciaa_antonia,28200000.0,,Chile,Beauty and Self Care,8500000.0,tiktok,all-countries,True,2024,Beauty&Fashion,MAPPED,,
53,Camilo @camilo,28000000.0,,,Entertainment and Music,8400000.0,tiktok,all-countries,True,2024,Music,MAPPED,,
54,Daniel Ibarra @juandaniel.ibarra,27600000.0,,,Entertainment and Music,8300000.000000001,tiktok,all-countries,True,2024,Music,MAPPED,,
55,시아지우 sia_jiwoo @sia_jiwoo,27500000.0,0.2,South Korea,,8300000.000000001,tiktok,all-countries,True,2024,,,,
56,Lexi Rivera @lexibrookerivera,27100000.0,4.5,,,8100000.0,tiktok,all-countries,True,2024,,,,
57,KEEMOKAZI @keemokazi,27000000.0,,,Entertainment and Music,8100000.0,tiktok,all-countries,True,2024,Music,MAPPED,,
58,psg @psg,26700000.0,,,Sports,8000000.0,tiktok,all-countries,True,2024,Sports,MAPPED,,
59,JeisonGiraldo @jeison_giraldo,26300000.0,,,family Romance and Wedding,7900000.0,tiktok,all-countries,True,2024,Beauty&Fashion,MAPPED,,
60,JeanCarlo Leon @jashlem,26300000.0,,,,7900000.0,tiktok,all-countries,True,2024,,,,
61,Jimena @jimena.jimenezr,26100000.0,1.2,,Funny,7800000.0,tiktok,all-countries,True,2024,Entertainment,MAPPED,,
62,Doja Cat @dojacat,26000000.0,0.1,United States,Entertainment and Music,7800000.0,tiktok,all-countries,True,2024,Music,MAPPED,,
63,Bader Al Safar @baderalsafar,26000000.0,,Kuwait,Fashion and Accessories,7800000.0,tiktok,all-countries,True,2024,Beauty&Fashion,MAPPED,,
64,DAVID DOBRIK @daviddobrik,26000000.0,,United States,Entertainment and Music Funny,7800000.0,tiktok,all-countries,True,2024,Music,MAPPED,,
65,LARRAY @larrayeeee,25900000.0,,,Entertainment and Music,7800000.0,tiktok,all-countries,True,2024,Music,MAPPED,,
66,Era Ays @era_ays,25900000.0,,,,7800000.0,tiktok,all-countries,True,2024,,,,
67,Karla Bustillos ❤️ @karla.bustillos,25700000.0,0.1,,,7700000.0,tiktok,all-countries,True,2024,,,,
68,BORREGO @lagranjadelborrego,25700000.0,4.6,,,7700000.0,tiktok,all-countries,True,2024,,,,
69,Arnaldo Mangini @arnaldomangini,25400000.0,,,Beauty and Self Care Funny,7600000.0,tiktok,all-countries,True,2024,Beauty&Fashion,MAPPED,,
70,Jaykindafunny @jaykindafunny8,25400000.0,,,Funny,7600000.0,tiktok,all-countries,True,2024,Entertainment,MAPPED,,
71,Malu Trevejo @malutrevejo,25200000.0,,,,7600000.0,tiktok,all-countries,True,2024,,,,
72,AriGameplays @arigameplays,25100000.0,1.0,,Games,7500000.0,tiktok,all-countries,True,2024,Tech&Gaming,MAPPED,,
73,Dina @dina,24900000.0,0.6,,,7500000.0,tiktok,all-countries,True,2024,,,,
74,DonaldDucc 🦆 @donaldducc,24700000.0,,,Animals,7400000.0,tiktok,all-countries,True,2024,Lifestyle,MAPPED,,
75,adrilatinatv @adrilatinatv,24500000.0,,,,7400000.0,tiktok,all-countries,True,2024,,,,
76,Victor Melo @victormelo,24500000.0,,,,7400000.0,tiktok,all-countries,True,2024,,,,
77,Chingu Amiga @chinguamiga,24100000.0,,,Food Beauty and Self Care,7200000.0,tiktok,all-countries,True,2024,Beauty&Fashion,MAPPED,,
78,The Mannii Show @the_mannii,24000000.0,0.8,,Entertainment and Music Funny,7200000.0,tiktok,all-countries,True,2024,Music,MAPPED,,
79,Terry Crews @terrycrews,23900000.0,0.4,United States,Entertainment and Music Celebrity,7200000.0,tiktok,all-countries,True,2024,Music,MAPPED,,
80,Jacob Sartorius @jacobsartorius,23700000.0,,United States,Entertainment and Music,7100000.0,tiktok,all-countries,True,2024,Music,MAPPED,,
81,Luara @luara,23600000.0,0.6,,,7100000.0,tiktok,all-countries,True,2024,,,,
82,Nicolle Figueroa @nicollefigueroaa,23400000.0,5.1,,,7000000.0,tiktok,all-countries,True,2024,,,,
83,Ryan Reynolds @vancityreynolds,22900000.0,8.5,Canada,,6900000.0,tiktok,all-countries,True,2024,,,,
84,Lauren Godwin @laurengodwin,22600000.0,0.3,United States,Entertainment and Music family,6800000.0,tiktok,all-countries,True,2024,Music,MAPPED,,
85,mingweirocks @mingweirocks,22500000.0,,,,6800000.0,tiktok,all-countries,True,2024,,,,
86,Cardi B @iamcardib,22400000.0,8.0,,,6700000.0,tiktok,all-countries,True,2024,,,,
87,Latiktokeuse869 @latiktokeuse869,22200000.0,,,Funny Entertainment and Music,6700000.0,tiktok,all-countries,True,2024,Music,MAPPED,,
88,Mackenzie Ziegler @mackenzieziegler,22100000.0,,,,6600000.0,tiktok,all-countries,True,2024,,,,
89,Lance Stewart @lance210,22100000.0,,United States,Entertainment and Music,6600000.0,tiktok,all-countries,True,2024,Music,MAPPED,,
90,Anitta @anitta,22100000.0,0.8,,,6600000.0,tiktok,all-countries,True,2024,,,,
91,Marrkadams @marrkadams,22100000.0,,,,6600000.0,tiktok,all-countries,True,2024,,,,
92,ROMINA @rominagafur,22000000.0,0.2,United States,Entertainment and Music,6600000.0,tiktok,all-countries,True,2024,Music,MAPPED,,
93,창하CHANGHA @chang._.a,22000000.0,,,,6600000.0,tiktok,all-countries,True,2024,,,,
94,josi @jmartineze_,21900000.0,,,Funny,6600000.0,tiktok,all-countries,True,2024,Entertainment,MAPPED,,
95,Caín Guzmán @cainguzman,21900000.0,,,Entertainment and Music,6600000.0,tiktok,all-countries,True,2024,Music,MAPPED,,
96,Bryce Hall @brycehall,21500000.0,,United States,Entertainment and Music,6500000.0,tiktok,all-countries,True,2024,Music,MAPPED,,
97,온오빠 On Oppa @korea.on,21500000.0,,,Entertainment and Music,6500000.0,tiktok,all-countries,True,2024,Music,MAPPED,,
98,Seany @seandoesmagic,21300000.0,,,,6400000.0,tiktok,all-countries,True,2024,,,,
99,Pk @pkllipe,21300000.0,2.6,,,6400000.0,tiktok,all-countries,True,2024,,,,
100,The Hype House @thehypehouse,21100000.0,,,Entertainment and Music,6300000.0,tiktok,all-countries,True,2024,Music,MAPPED,,
1,Sergio Agüero @kunaguero,10400000.0,,Argentina,Sports,3100000.0,tiktok,argentina,False,2024,Sports,MAPPED,,
2,ᴄᴏɴʀᴀ @conradovillagra,9900000.0,,Argentina,Entertainment and Music,3000000.0,tiktok,argentina,False,2024,Music,MAPPED,,
3,🇦🇷ARITO🇦🇷 @arito__,8199999.999999999,,Argentina,Entertainment and Music,2500000.0,tiktok,argentina,False,2024,Music,MAPPED,,
4,Cande Copello @cande.copello,8000000.0,0.3,Argentina,Animation and Cosplay,2400000.0,tiktok,argentina,False,2024,Tech&Gaming,MAPPED,,
5,Andrade❤️🎬 @moreeandrade,7100000.0,,Argentina,Acting and Drama,2100000.0,tiktok,argentina,False,2024,Entertainment,MAPPED,,
6,Alejo Igoa @alejoigoa,6000000.0,,Argentina,,1800000.0,tiktok,argentina,False,2024,,,,
7,catita reyes @catareyyes,5500000.0,,Argentina,Food,1700000.0,tiktok,argentina,False,2024,Lifestyle,MAPPED,,
8,Andres Vernazza @emprendedormoderno,4600000.0,,Argentina,Education,1400000.0,tiktok,argentina,False,2024,Knowledge&Info,MAPPED,,
9,Yuli cagna @yulicagna,3200000.0,,Argentina,,960000.0,tiktok,argentina,False,2024,,,,
10,Martina Catini @marttucatiniii,3000000.0,,Argentina,,900000.0,tiktok,argentina,False,2024,,,,
11,EZE @ezequielitto,3000000.0,,Argentina,Travel,900000.0,tiktok,argentina,False,2024,Lifestyle,MAPPED,,
12,Jonas Montanaro @jonasmontanaro,2800000.0,,Argentina,,840000.0,tiktok,argentina,False,2024,,,,
13,juststef @iamjuststef,2700000.0,,Argentina,,810000.0,tiktok,argentina,False,2024,,,,
14,Fran Silva @fran_silva11,2700000.0,,Argentina,,810000.0,tiktok,argentina,False,2024,,,,
15,Alicia Castro @aliciacastro___,2600000.0,,Argentina,Funny Entertainment and Music,780000.0,tiktok,argentina,False,2024,Music,MAPPED,,
16,Julieta 🍒 @juli.castroo,2600000.0,,Argentina,,780000.0,tiktok,argentina,False,2024,,,,
17,mariam🦋 @mariamstar1,2600000.0,,Argentina,Entertainment and Music,780000.0,tiktok,argentina,False,2024,Music,MAPPED,,
18,Tincho Ruiz @tinchoo.ruiz,2400000.0,,Argentina,,720000.0,tiktok,argentina,False,2024,,,,
19,Maxi Fontan @maxi.fontan,2400000.0,4.3,Argentina,Entertainment and Music,720000.0,tiktok,argentina,False,2024,Music,MAPPED,,
20,Nico Melo @melojnico,2200000.0,,Argentina,Entertainment and Music,660000.0,tiktok,argentina,False,2024,Music,MAPPED,,
21,Francisco Ferella @franferellaa,2200000.0,,Argentina,Entertainment and Music,660000.0,tiktok,argentina,False,2024,Music,MAPPED,,
22,MatyCocinaok @matycocinaok,2100000.0,,Argentina,Home and Garden,630000.0,tiktok,argentina,False,2024,Lifestyle,MAPPED,,
23,Mica Coppola @micacoppola_,2100000.0,,Argentina,,630000.0,tiktok,argentina,False,2024,,,,
24,Jorgito_barrionuevo @jorgito_barrionuevo,1900000.0,,Argentina,,570000.0,tiktok,argentina,False,2024,,,,
25,bugutu @gerolaiker,1800000.0,,Argentina,Entertainment and Music,540000.0,tiktok,argentina,False,2024,Music,MAPPED,,
26,Maxi Chime @maxichimenti,1800000.0,,Argentina,Entertainment and Music,540000.0,tiktok,argentina,False,2024,Music,MAPPED,,
27,Ailu Tokman @ailutokman,1700000.0,0.6,Argentina,Food,510000.0,tiktok,argentina,False,2024,Lifestyle,MAPPED,,
28,Catarata @catalinafg1,1700000.0,,Argentina,Entertainment and Music,510000.0,tiktok,argentina,False,2024,Music,MAPPED,,
29,Ginecóloga juvenil @gineco.yvos,1600000.0,,Argentina,,480000.0,tiktok,argentina,False,2024,,,,
30,Natan Bianco @natanbianco,1600000.0,,Argentina,,480000.0,tiktok,argentina,False,2024,,,,
31,unXavi @unxavi,1600000.0,0.1,Argentina,Entertainment and Music,480000.0,tiktok,argentina,False,2024,Music,MAPPED,,
32,TN - Todo Noticias @todonoticias,1500000.0,,Argentina,,450000.0,tiktok,argentina,False,2024,,,,
33,einstein.libreria @einstein.libreria,1500000.0,,Argentina,Education,450000.0,tiktok,argentina,False,2024,Knowledge&Info,MAPPED,,
34,Eva Aranda @evarandaa,1400000.0,,Argentina,,420000.0,tiktok,argentina,False,2024,,,,
35,messi.magic @messi.magiic,1400000.0,0.3,Argentina,,420000.0,tiktok,argentina,False,2024,,,,
36,D I E G O S A N T ✨ @dieesant,1400000.0,,Argentina,Entertainment and Music,420000.0,tiktok,argentina,False,2024,Music,MAPPED,,
37,clari cremaschi @clari_cremaschi,1300000.0,9.6,Argentina,Beauty and Self Care,390000.0,tiktok,argentina,False,2024,Beauty&Fashion,MAPPED,,
38,Ximena Coronel @ximecoronel_,1300000.0,0.3,Argentina,,390000.0,tiktok,argentina,False,2024,,,,
39,Wendydaiana @wendydaiana4,1200000.0,,Argentina,Funny,360000.0,tiktok,argentina,False,2024,Entertainment,MAPPED,,
40,River Plate @riverplate,1200000.0,,Argentina,Sports,360000.0,tiktok,argentina,False,2024,Sports,MAPPED,,
41,evee_varass1 @evee_varass1,1200000.0,,Argentina,Pets,360000.0,tiktok,argentina,False,2024,Lifestyle,MAPPED,,
42,Seguime Y Te Sigo👏 @gabrielgonzaa,1200000.0,0.1,Argentina,Travel,360000.0,tiktok,argentina,False,2024,Lifestyle,MAPPED,,
43,Azuu @_azulomazzo,1100000.0,,Argentina,family,330000.0,tiktok,argentina,False,2024,Lifestyle,MAPPED,,
44,micaviciconte @micaviciconteoficial,1100000.0,,Argentina,Entertainment and Music,330000.0,tiktok,argentina,False,2024,Music,MAPPED,,
45,Sofi Halabi @sofiihalabi,1100000.0,,Argentina,,330000.0,tiktok,argentina,False,2024,,,,
46,Lourdes @lulignzalez,1100000.0,0.1,Argentina,,330000.0,tiktok,argentina,False,2024,,,,
47,Cata Zanotti @catazanotti,1100000.0,,Argentina,,330000.0,tiktok,argentina,False,2024,,,,
48,Alex♥️Rampit @barkiinglove,1100000.0,,Argentina,Pets,330000.0,tiktok,argentina,False,2024,Lifestyle,MAPPED,,
49,Alma Giuliano✨ @soyalmaok,1100000.0,,Argentina,,330000.0,tiktok,argentina,False,2024,,,,
50,Juana Alvarez Amespi @juanaalvarezamesp,1100000.0,,Argentina,Fashion and Accessories,330000.0,tiktok,argentina,False,2024,Beauty&Fashion,MAPPED,,
51,Chaterbox @chaterbox,1100000.0,2.7,Argentina,Entertainment and Music,330000.0,tiktok,argentina,False,2024,Music,MAPPED,,
52,Boca Juniors @bocajuniors,1100000.0,0.1,Argentina,Sports,330000.0,tiktok,argentina,False,2024,Sports,MAPPED,,
53,Lucho Cabrera @luchocarp1990,1000000.0,1.9,Argentina,Entertainment and Music,300000.0,tiktok,argentina,False,2024,Music,MAPPED,,
54,Dani @dani_14_j,1000000.0,1.6,Argentina,,300000.0,tiktok,argentina,False,2024,,,,
55,Valentin Vera @valentinvera01,998700.0,0.2,Argentina,Entertainment and Music,299600.0,tiktok,argentina,False,2024,Music,MAPPED,,
56,martinita🫀 @iammartyd_music,998300.0,,Argentina,,299500.0,tiktok,argentina,False,2024,,,,
57,Anto Gómez @antogomez001,988300.0,,Argentina,,296500.0,tiktok,argentina,False,2024,,,,
58,cinthia_fernandez_ @cinthia_fernandez_,974200.0,,Argentina,Fitness and Health,292300.0,tiktok,argentina,False,2024,Sports,MAPPED,,
59,Mauroponti @mauroponti666,973500.0,6.8,Argentina,,292100.0,tiktok,argentina,False,2024,,,,
60,Melany👽 @_meelfernandez,964000.0,,Argentina,Entertainment and Music,289200.0,tiktok,argentina,False,2024,Music,MAPPED,,
61,Ara Dittler🪐 @rcelaia,963400.0,,Argentina,,289000.0,tiktok,argentina,False,2024,,,,
62,Claudio Puppo I❤️80 @claudio.puppo,962800.0,,Argentina,,288800.0,tiktok,argentina,False,2024,,,,
63,Melina Vallejos @melinavallejos_,956400.0,0.3,Argentina,,286900.0,tiktok,argentina,False,2024,,,,
64,✨ J͙U͙L͙Y͙ ✨ @julylatorre4,952500.0,,Argentina,Beauty and Self Care,285800.0,tiktok,argentina,False,2024,Beauty&Fashion,MAPPED,,
65,Iara Castagno @iaracastagno,951000.0,,Argentina,,285300.0,tiktok,argentina,False,2024,,,,
66,TyC Sports @tycsports,946900.0,,Argentina,Sports,284100.0,tiktok,argentina,False,2024,Sports,MAPPED,,
67,El Mago Cocina @elmagococina,938700.0,0.4,Argentina,Food Product Showcase,281600.0,tiktok,argentina,False,2024,Beauty&Fashion,MAPPED,,
68,fan_de_goku @edist_dragonballz,929600.0,,Argentina,,278900.0,tiktok,argentina,False,2024,,,,
69,nitu @ruizdiaziara,925200.0,,Argentina,Entertainment and Music,277600.0,tiktok,argentina,False,2024,Music,MAPPED,,
70,RufusMda @marcos.maidanaa1,923600.0,0.1,Argentina,,277100.0,tiktok,argentina,False,2024,,,,
71,la tucuwoman :) @soylailu,920400.0,0.2,Argentina,,276100.0,tiktok,argentina,False,2024,,,,
72,Lichi Fignoni @lichifignoni,914600.0,,Argentina,,274400.0,tiktok,argentina,False,2024,,,,
73,Kevin Moreno ⚡️ @kevinmorenox,911900.0,,Argentina,,273600.0,tiktok,argentina,False,2024,,,,
74,🔥MOREVON🔥 @morevonh,909900.0,,Argentina,,273000.0,tiktok,argentina,False,2024,,,,
75,Agustín del Giorgio @agustindelgiorgio,907500.0,0.1,Argentina,,272300.0,tiktok,argentina,False,2024,,,,
76,Dantedg @danted.g,903400.0,0.1,Argentina,,271000.0,tiktok,argentina,False,2024,,,,
77,Dillom @dillom666,890600.0,0.1,Argentina,,267200.0,tiktok,argentina,False,2024,,,,
78,@manualtubee,886300.0,,Argentina,,265900.0,tiktok,argentina,False,2024,,,,
79,jorgelopez_as @jorgelopez_as,885000.0,0.2,Argentina,Celebrity,265500.0,tiktok,argentina,False,2024,Entertainment,MAPPED,,
80,Luana Zanek @luanazanek,883300.0,,Argentina,,265000.0,tiktok,argentina,False,2024,,,,
81,Tik Toker @_justjenn_,879100.0,,Argentina,,263700.0,tiktok,argentina,False,2024,,,,
82,LUCAS LEZIN @lucaslezin,876900.0,0.1,Argentina,Celebrity,263100.0,tiktok,argentina,False,2024,Entertainment,MAPPED,,
83,Liana Ronaldo @lianaronaldo,875300.0,0.3,Argentina,,262600.0,tiktok,argentina,False,2024,,,,
84,yaz <3 @yazmmin,873300.0,,Argentina,Entertainment and Music Funny,262000.0,tiktok,argentina,False,2024,Music,MAPPED,,
85,Nico Vázquez @vazqueznico,871100.0,,Argentina,Acting and Drama,261300.0,tiktok,argentina,False,2024,Entertainment,MAPPED,,
86,NACHITO & ROMAN @romanfrezzini,868700.0,,Argentina,,260600.00000000003,tiktok,argentina,False,2024,,,,
87,Tobias Di Odoardo @tobiasdiodoardo0,864700.0,,Argentina,,259400.0,tiktok,argentina,False,2024,,,,
88,Mari.ortiz77 @mari.ortiz77,864200.0,,Argentina,,259300.0,tiktok,argentina,False,2024,,,,
89,Teresa 🤍 @tererodriguezoficial,859900.0,,Argentina,,258000.0,tiktok,argentina,False,2024,,,,
90,JulyMarin @jjjjjjuly,857600.0,,Argentina,Celebrity,257300.0,tiktok,argentina,False,2024,Entertainment,MAPPED,,
91,Mariela Vicenzi @marielavicenz,855700.0,,Argentina,,256700.0,tiktok,argentina,False,2024,,,,
92,It’s Guadi 🦋 @guadalagrotteria,855600.0,,Argentina,Travel,256700.0,tiktok,argentina,False,2024,Lifestyle,MAPPED,,
93,Patricio Gómez Di Leva @psicosexologo,852800.0,,Argentina,,255800.0,tiktok,argentina,False,2024,,,,
94,lalirabbit @lalirabbit,852400.0,,Argentina,,255700.0,tiktok,argentina,False,2024,,,,
95,Ricardo Montaner @montaner,850600.0,,Argentina,,255200.0,tiktok,argentina,False,2024,,,,
96,Fresco Kirby @frescokirbyoficial,844200.0,0.2,Argentina,,253300.0,tiktok,argentina,False,2024,,,,
97,melaa_martinez @melaa_martinez,843000.0,,Argentina,Entertainment and Music,252900.0,tiktok,argentina,False,2024,Music,MAPPED,,
98,Love u <3 @coffesunkinzv,838000.0,,Argentina,,251400.0,tiktok,argentina,False,2024,,,,
99,Sabrina Mateos @sabrimateosok,837900.0,,Argentina,,251400.0,tiktok,argentina,False,2024,,,,
100,Lucas.h.slevin @lucasslevin,836200.0,,Argentina,,250900.0,tiktok,argentina,False,2024,,,,
1,Sarah Magusara @sarahmagusara,17800000.0,0.2,Australia,family,5300000.0,tiktok,australia,False,2024,Lifestyle,MAPPED,,
2,JoelBergs @joelbergs,11300000.0,,Australia,Fitness and Health,3400000.0,tiktok,australia,False,2024,Sports,MAPPED,,
3,Ash Magic💜 @ashmagic,9000000.0,,Australia,Entertainment and Music,2700000.0,tiktok,australia,False,2024,Music,MAPPED,,
4,Chris Hemsworth @chrishemsworth,7300000.0,6.1,Australia,,2200000.0,tiktok,australia,False,2024,,,,
5,Finn 🔥 @finnsreality,7100000.0,,Australia,Entertainment and Music,2100000.0,tiktok,australia,False,2024,Music,MAPPED,,
6,Jalals @jalals,6500000.0,0.5,Australia,Entertainment and Music Funny,2000000.0,tiktok,australia,False,2024,Music,MAPPED,,
7,Harry Jowsey @harryjowsey,4900000.0,2.7,Australia,,1500000.0,tiktok,australia,False,2024,,,,
8,Andy The Sk @andythesk,4600000.0,0.6,Australia,Outdoor Activity Sports,1400000.0,tiktok,australia,False,2024,Sports,MAPPED,,
9,Brodie Moss @ybsbrodie,4100000.0,,Australia,Nature Outdoor Activity,1200000.0,tiktok,australia,False,2024,Sports,MAPPED,,
10,Nathan Lust @nathanlust,3800000.0,,Australia,Travel,1100000.0,tiktok,australia,False,2024,Lifestyle,MAPPED,,
11,Baylebee 🐝 @baylebee,3700000.0,0.1,Australia,Beauty and Self Care,1100000.0,tiktok,australia,False,2024,Beauty&Fashion,MAPPED,,
12,Demi Skinner @demiskinner,3600000.0,,Australia,Entertainment and Music,1100000.0,tiktok,australia,False,2024,Music,MAPPED,,
13,Norris Nuts @norrisnuts,3300000.0,0.2,Australia,family,990000.0,tiktok,australia,False,2024,Lifestyle,MAPPED,,
14,The Kid LAROI. @thekidlaroi,3100000.0,0.1,Australia,,930000.0,tiktok,australia,False,2024,,,,
15,CarbonCoSkins @carboncoskins,2300000.0,,Australia,Product Showcase,690000.0,tiktok,australia,False,2024,Beauty&Fashion,MAPPED,,
16,Savannah.clarke @savannahclarkeofficial,2200000.0,0.3,Australia,,660000.0,tiktok,australia,False,2024,,,,
17,Naysy @naysy_vr,2000000.0,,Australia,Education Upskilling Entertainment and Music,600000.0,tiktok,australia,False,2024,Knowledge&Info,MAPPED,,
18,Esmé Louise James @esme.louisee,2000000.0,0.1,Australia,,600000.0,tiktok,australia,False,2024,,,,
19,AJ Clementine @ajclementine,1900000.0,,Australia,Entertainment and Music,570000.0,tiktok,australia,False,2024,Music,MAPPED,,
20,Tatenda Luna @tatendaluna,1900000.0,0.2,Australia,Entertainment and Music Fashion and Accessories,570000.0,tiktok,australia,False,2024,Beauty&Fashion,MAPPED,,
21,Troye Sivan @troyesivan,1900000.0,0.1,Australia,Entertainment and Music,570000.0,tiktok,australia,False,2024,Music,MAPPED,,
22,TayBeepBoop @taybeepboop,1800000.0,4.8,Australia,,540000.0,tiktok,australia,False,2024,,,,
23,Saksham Magic @sakshammagic,1800000.0,,Australia,Entertainment and Music,540000.0,tiktok,australia,False,2024,Music,MAPPED,,
24,Adam Tahere @adamtahere,1700000.0,,Australia,,510000.0,tiktok,australia,False,2024,,,,
25,Sia.Stasiia @stasiia.ponomore,1700000.0,,Australia,,510000.0,tiktok,australia,False,2024,,,,
26,Stephanie Coral Browitt @stephaniecoral96,1600000.0,,Australia,,480000.0,tiktok,australia,False,2024,,,,
27,Darren Levy @darrenlevyofficial,1600000.0,,Australia,,480000.0,tiktok,australia,False,2024,,,,
28,The Cob @thecob24,1500000.0,0.4,Australia,Entertainment and Music,450000.0,tiktok,australia,False,2024,Music,MAPPED,,
29,Celia Gercovich @celia.gercovich,1500000.0,,Australia,,450000.0,tiktok,australia,False,2024,,,,
30,CynicalSakura @cynicalsakura,1500000.0,,Australia,Entertainment and Music Games,450000.0,tiktok,australia,False,2024,Tech&Gaming,MAPPED,,
31,SYDNEY PURL 🤍 @sydneypurl,1500000.0,,Australia,Beauty and Self Care,450000.0,tiktok,australia,False,2024,Beauty&Fashion,MAPPED,,
32,Sam Fricker @samfrickerr,1400000.0,,Australia,,420000.0,tiktok,australia,False,2024,,,,
33,Flambo @flambothedog,1400000.0,,Australia,,420000.0,tiktok,australia,False,2024,,,,
34,Eystreem @eystreem,1400000.0,0.1,Australia,Entertainment and Music,420000.0,tiktok,australia,False,2024,Music,MAPPED,,
35,Ariella Nyssa @ariellanyssa,1400000.0,,Australia,Fashion and Accessories Entertainment and Music,420000.0,tiktok,australia,False,2024,Beauty&Fashion,MAPPED,,
36,erica padilla @ericapadilla,1300000.0,,Australia,,390000.0,tiktok,australia,False,2024,,,,
37,VenusInTheSky @benderchonkycat,1300000.0,,Australia,Nature Pets,390000.0,tiktok,australia,False,2024,Lifestyle,MAPPED,,
38,News.com.au @news.com.au,1300000.0,1.4,Australia,News,390000.0,tiktok,australia,False,2024,Knowledge&Info,MAPPED,,
39,Adelaide Kane @realadelaidekane,1200000.0,,Australia,,360000.0,tiktok,australia,False,2024,,,,
40,Kerwin Rae @kerwinrae,1200000.0,0.2,Australia,Education Upskilling,360000.0,tiktok,australia,False,2024,Knowledge&Info,MAPPED,,
41,Australian Open @ausopen,1200000.0,,Australia,,360000.0,tiktok,australia,False,2024,,,,
42,Natasha • Nómada Digital @holasoy.natasha,1200000.0,1.0,Australia,,360000.0,tiktok,australia,False,2024,,,,
43,TheFauxChanel Makeup | Cat @thefauxchanel,1200000.0,,Australia,Beauty and Self Care,360000.0,tiktok,australia,False,2024,Beauty&Fashion,MAPPED,,
44,Aussiebattlerz @aussiebattlerz,1200000.0,,Australia,Entertainment and Music,360000.0,tiktok,australia,False,2024,Music,MAPPED,,
45,MorallyGrey @morallygreyismyfavcolor,1200000.0,,Australia,Entertainment and Music,360000.0,tiktok,australia,False,2024,Music,MAPPED,,
46,Ryan Jon @ryanjondunn,1100000.0,0.1,Australia,,330000.0,tiktok,australia,False,2024,,,,
47,Bondi Rescue @bondirescue,1100000.0,,Australia,Outdoor Activity,330000.0,tiktok,australia,False,2024,Sports,MAPPED,,
48,Herberttwins @herberttwins,1100000.0,,Australia,Fashion and Accessories Fitness and Health,330000.0,tiktok,australia,False,2024,Sports,MAPPED,,
49,LifeSpaceUS @lifespacestudio,1000000.0,,Australia,,300000.0,tiktok,australia,False,2024,,,,
50,lucashayde @lucashayde,999300.0,,Australia,Fashion and Accessories,299800.0,tiktok,australia,False,2024,Beauty&Fashion,MAPPED,,
51,DRIVENZO @drivenzo,993600.0,,Australia,Auto and Vehicles,298100.0,tiktok,australia,False,2024,Tech&Gaming,MAPPED,,
52,SMG4 @smg4official,987100.0,0.5,Australia,,296100.0,tiktok,australia,False,2024,,,,
53,Falak Zaman your tiktok girl✅ @tanzia.zaman,981900.0,,Australia,,294600.0,tiktok,australia,False,2024,,,,
54,Megan Anderson @megana_mma,965600.0,,Australia,Entertainment and Music,289700.0,tiktok,australia,False,2024,Music,MAPPED,,
55,Stephanie Sanzo @stephaniesanzo,956200.0,,Australia,Fitness and Health,286900.0,tiktok,australia,False,2024,Sports,MAPPED,,
56,V.C @vibeconnect,956100.0,,Australia,Entertainment and Music,286800.0,tiktok,australia,False,2024,Music,MAPPED,,
57,Rebecca Alami @rebecca_alami,948200.0,,Australia,,284500.0,tiktok,australia,False,2024,,,,
58,Madi @m.tothea.d.i,936000.0,1.2,Australia,Pets,280800.0,tiktok,australia,False,2024,Lifestyle,MAPPED,,
59,✨ aash.pole ✨ @aash.pole,918200.0,,Australia,,275500.0,tiktok,australia,False,2024,,,,
60,Maisy @maisy_five,912300.0,0.1,Australia,,273700.0,tiktok,australia,False,2024,,,,
61,Celeste Barber @celestebarber,912200.0,0.9,Australia,Celebrity,273700.0,tiktok,australia,False,2024,Entertainment,MAPPED,,
62,Susan barratt @sjb61susan,910200.0,,Australia,Animals,273100.0,tiktok,australia,False,2024,Lifestyle,MAPPED,,
63,SYDNEY ADAMS @sydneymadams__,899700.0,,Australia,Fitness and Health Food,269900.0,tiktok,australia,False,2024,Sports,MAPPED,,
64,Yeva Berez @yevaberez,897400.0,,Australia,,269200.0,tiktok,australia,False,2024,,,,
65,Beaglebasil @beaglebasil,882000.0,,Australia,Pets,264600.0,tiktok,australia,False,2024,Lifestyle,MAPPED,,
66,sereinsilvers @sereinsilvers,880400.0,0.1,Australia,Animation and Cosplay,264100.0,tiktok,australia,False,2024,Tech&Gaming,MAPPED,,
67,Elvis Roberts @elvisroberts3,864700.0,,Australia,Entertainment and Music,259400.0,tiktok,australia,False,2024,Music,MAPPED,,
68,Skye Sutton @skyesutton12,864100.0,,Australia,,259200.0,tiktok,australia,False,2024,,,,
69,Kate Murdock @itskatematee,861700.0,,Australia,Fashion and Accessories Business and Finance,258500.0,tiktok,australia,False,2024,Beauty&Fashion,MAPPED,,
70,wobblyweezie @wobblyweezie,854900.0,,Australia,Pets,256500.0,tiktok,australia,False,2024,Lifestyle,MAPPED,,
71,Liv Kaplan @liv.kaplan,852200.0,,Australia,,255700.0,tiktok,australia,False,2024,,,,
72,TicTatts @tictatts,851600.0,,Australia,,255500.0,tiktok,australia,False,2024,,,,
73,Chantel Mila | Home Tips @mama_mila_,851000.0,,Australia,Home and Garden DIY and Life Hacks,255300.0,tiktok,australia,False,2024,Lifestyle,MAPPED,,
74,sydney worgan @itssydneyworgan,846700.0,,Australia,Food and Drink Education,254000.0,tiktok,australia,False,2024,Knowledge&Info,MAPPED,,
75,Sohaniisrat @sohani_israt_tamanna,846600.0,,Australia,,254000.0,tiktok,australia,False,2024,,,,
76,Laura @zaruchinator,842400.0,,Australia,Entertainment and Music Funny,252700.0,tiktok,australia,False,2024,Music,MAPPED,,
77,Arvin Jay @_arvinsroom,829800.0,0.8,Australia,Fashion and Accessories,248900.0,tiktok,australia,False,2024,Beauty&Fashion,MAPPED,,
78,Jed Hockin @jedhockin,825000.0,0.6,Australia,,247500.0,tiktok,australia,False,2024,,,,
79,𝖇𝖗𝖔𝖉𝖎𝖊 𝖒𝖆𝖓𝖓 @brodiemxnn,817200.0,,Australia,Entertainment and Music Fitness and Health,245200.0,tiktok,australia,False,2024,Sports,MAPPED,,
80,Kiarazara @kiarazaraaa,812000.0,,Australia,Entertainment and Music,243600.0,tiktok,australia,False,2024,Music,MAPPED,,
81,Leo @leo69555,805800.0,0.2,Australia,Pets,241700.0,tiktok,australia,False,2024,Lifestyle,MAPPED,,
82,Olivia Vivian @oliviavivian,802500.0,,Australia,Celebrity Sports,240800.0,tiktok,australia,False,2024,Sports,MAPPED,,
83,Royston G King @roystongking,796400.0,,Australia,,238900.0,tiktok,australia,False,2024,,,,
84,maha @mxtvenus,792300.0,,Australia,,237700.0,tiktok,australia,False,2024,,,,
85,zaira @zairayzabelleee,791500.0,0.1,Australia,Entertainment and Music,237500.0,tiktok,australia,False,2024,Music,MAPPED,,
86,saxcy @saxcy,788900.0,0.3,Australia,Games Entertainment and Music Video Gaming,236700.0,tiktok,australia,False,2024,Tech&Gaming,MAPPED,,
87,Alex the Lion 🦁 @alexrbsn,788600.0,0.1,Australia,Celebrity Sports,236600.0,tiktok,australia,False,2024,Sports,MAPPED,,
88,Toy Unboxings @pollyelectro,785400.0,,Australia,Product Showcase,235600.0,tiktok,australia,False,2024,Beauty&Fashion,MAPPED,,
89,🇦🇺 Editor @wizplugfc,777900.0,,Australia,,233400.0,tiktok,australia,False,2024,,,,
90,Peter @malleeboy3490,771800.0,,Australia,Nature Travel,231500.0,tiktok,australia,False,2024,Lifestyle,MAPPED,,
91,Scout The German Shepherd🐕 @scout_the_gsd,771300.0,,Australia,Animals Pets,231400.0,tiktok,australia,False,2024,Lifestyle,MAPPED,,
92,Sarah Hill @hillside_art_studio,757000.0,,Australia,Art,227100.0,tiktok,australia,False,2024,Lifestyle,MAPPED,,
93,sam.b.perry @sam.b.perry,751700.0,,Australia,Beauty and Self Care,225500.0,tiktok,australia,False,2024,Beauty&Fashion,MAPPED,,
94,Luke Damant @lukedamant,747400.0,,Australia,Travel,224200.0,tiktok,australia,False,2024,Lifestyle,MAPPED,,
95,The brother boys @the_brotherboys,730700.0,0.1,Australia,,219200.0,tiktok,australia,False,2024,,,,
96,Nuran 💚 @official.nurann,728000.0,,Australia,Entertainment and Music,218400.0,tiktok,australia,False,2024,Music,MAPPED,,
97,Loveleen Vats @loveleenvats,727900.0,,Australia,,218400.0,tiktok,australia,False,2024,,,,
98,💕Jenna with the PINK💕 @jennawiththepink,723800.0,,Australia,,217100.0,tiktok,australia,False,2024,,,,
99,Learn English Every Day @learnenglisheveryday,721900.0,,Australia,Education,216600.0,tiktok,australia,False,2024,Knowledge&Info,MAPPED,,
100,Scout & Frankie @scout.and.frankie,717800.0,,Australia,Animals Pets,215300.0,tiktok,australia,False,2024,Lifestyle,MAPPED,,
1,Mr&Mrs Hart @korimario,1800000.0,0.1,Austria,Romance and Wedding,540000.0,tiktok,austria,False,2024,Beauty&Fashion,MAPPED,,
2,Lisa Übelsbacher @lisaueb,1400000.0,,Austria,Entertainment and Music,420000.0,tiktok,austria,False,2024,Music,MAPPED,,
3,Stefan Warecka @techmagnet,1100000.0,,Austria,Auto and Vehicles Education Business and Finance Video Gaming,330000.0,tiktok,austria,False,2024,Knowledge&Info,MAPPED,,
4,🌹Ann @iamroannm,990500.0,,Austria,,297200.0,tiktok,austria,False,2024,,,,
5,EYOCANOO @eyocanoo,955700.0,0.1,Austria,,286700.0,tiktok,austria,False,2024,,,,
6,Sarah 🧸 @sarahthei,918900.0,,Austria,Travel,275700.0,tiktok,austria,False,2024,Lifestyle,MAPPED,,
7,Diablo @eldeldiablo_,844000.0,,Austria,,253200.0,tiktok,austria,False,2024,,,,
8,wibmergabriel @wibmergabriel,829000.0,,Austria,Outdoor Activity,248700.0,tiktok,austria,False,2024,Sports,MAPPED,,
9,ابو عباس @taanmohamed,817500.0,,Austria,,245300.0,tiktok,austria,False,2024,,,,
10,mero🖤🔥 @nermenhassan02,793100.0,,Austria,Acting and Drama,237900.0,tiktok,austria,False,2024,Entertainment,MAPPED,,
11,@dave.vero.ink @dave.vero.ink,763400.0,,Austria,,229000.0,tiktok,austria,False,2024,,,,
12,vienna ❤️‍🔥 @viennaayla,763300.0,0.1,Austria,,229000.0,tiktok,austria,False,2024,,,,
13,الزير Delshair @delshair777,732900.0,,Austria,,219900.0,tiktok,austria,False,2024,,,,
14,Avva @avva.ballerina3,691100.0,,Austria,,207300.0,tiktok,austria,False,2024,,,,
15,Bildhauer Alex @official_bildhauer,678100.0,,Austria,Arts and Crafts Home and Garden,203400.0,tiktok,austria,False,2024,Lifestyle,MAPPED,,
16,Maximilian Mateo 🤍✨ @maximilian.mateo,666900.0,,Austria,Funny,200100.0,tiktok,austria,False,2024,Entertainment,MAPPED,,
17,andiisworld @andiisworld,659700.0,,Austria,Entertainment and Music Fashion and Accessories,197900.0,tiktok,austria,False,2024,Beauty&Fashion,MAPPED,,
18,geridrux @gerid_rux,656800.0,,Austria,Fitness and Health Travel Food,197000.0,tiktok,austria,False,2024,Sports,MAPPED,,
19,Lukas @lukas.spindler,643200.0,,Austria,Sports,193000.0,tiktok,austria,False,2024,Sports,MAPPED,,
20,Sarah @niziundsatsch,614800.0,,Austria,,184400.0,tiktok,austria,False,2024,,,,
21,DJ Ötzi @dj_oetzi,614400.0,,Austria,,184300.0,tiktok,austria,False,2024,,,,
22,Caroll @carollgil_,609100.0,,Austria,,182700.0,tiktok,austria,False,2024,,,,
23,Red Bull Austria @redbullaustria,607700.0,,Austria,Sports,182300.0,tiktok,austria,False,2024,Sports,MAPPED,,
24,Sascha Zille @saschazille,588300.0,,Austria,Entertainment and Music,176500.0,tiktok,austria,False,2024,Music,MAPPED,,
25,edits_detodo_un_poc0o @edits_detodo_un_poc0o,567300.0,0.2,Austria,,170200.0,tiktok,austria,False,2024,,,,
26,✨Anαsταsια ✨ @nasti_pot,559500.0,,Austria,,167900.0,tiktok,austria,False,2024,,,,
27,Bee/Luna 🐝 @lunalupo.cosplay,539500.0,,Austria,,161900.0,tiktok,austria,False,2024,,,,
28,melsomm @melsomm,536300.0,,Austria,Travel,160900.0,tiktok,austria,False,2024,Lifestyle,MAPPED,,
29,แทนแทนฟุตบอลคลับ @tantan_football,523100.0,,Austria,,156900.0,tiktok,austria,False,2024,,,,
30,kiana @kiana.e.a,512000.0,3.9,Austria,Life and Society,153600.0,tiktok,austria,False,2024,Knowledge&Info,MAPPED,,
31,danny on canvas @dannyoncanvas,486400.0,,Austria,,145900.0,tiktok,austria,False,2024,,,,
32,hansi @hannahtulnik,457500.0,9.8,Austria,Entertainment and Music,137300.0,tiktok,austria,False,2024,Music,MAPPED,,
33,STIVFITNESS @stivfitness,449300.0,,Austria,,134800.0,tiktok,austria,False,2024,,,,
34,Schaefchen @schaefchen_17,441500.0,0.1,Austria,,132500.0,tiktok,austria,False,2024,,,,
35,شجاع🤞😎 @l5lz_1,421700.0,,Austria,,126500.0,tiktok,austria,False,2024,,,,
36,Hale Gündüz @hale.gndz,416700.0,,Austria,,125000.0,tiktok,austria,False,2024,,,,
37,HicksMarvin | Marvin Teufl @hicksmarvin,416700.0,2.0,Austria,Entertainment and Music,125000.0,tiktok,austria,False,2024,Music,MAPPED,,
38,emilia @hey_its_emi_,411500.0,,Austria,,123500.0,tiktok,austria,False,2024,,,,
39,Doniaelhelw @doniaelhelw,404900.0,,Austria,,121500.0,tiktok,austria,False,2024,,,,
40,juliachavanne @juliachavanne,402900.0,,Austria,Fitness and Health,120900.0,tiktok,austria,False,2024,Sports,MAPPED,,
41,AMELIEBRRR🐣 @ameliebrrr,390200.0,,Austria,,117100.0,tiktok,austria,False,2024,,,,
42,ÖFB @oefb1904,387500.0,,Austria,,116300.0,tiktok,austria,False,2024,,,,
43,Tony Z. Chen @tonyzchen,381000.0,,Austria,,114300.0,tiktok,austria,False,2024,,,,
44,Clemens Graf von Hoyos @kniggeakademie,363700.0,,Austria,,109100.0,tiktok,austria,False,2024,,,,
45,Kat @katpacher,362100.0,,Austria,,108600.0,tiktok,austria,False,2024,,,,
46,خواطر اسلامية @hazem_taan_1,354000.0,,Austria,,106200.0,tiktok,austria,False,2024,,,,
47,mk_creative @mk_creative,353300.0,0.1,Austria,Photography,106000.0,tiktok,austria,False,2024,Lifestyle,MAPPED,,
48,Eldin_S7 @eldin_s7,335000.0,,Austria,,100500.0,tiktok,austria,False,2024,,,,
49,fabi.enne0805 @fabi.enne0805,331400.0,,Austria,Entertainment and Music,99400.0,tiktok,austria,False,2024,Music,MAPPED,,
50,martyaustria @martyaustria,326100.0,,Austria,Entertainment and Music Funny,97800.0,tiktok,austria,False,2024,Music,MAPPED,,
51,@كائن الريهام😎🔥 @rihamkhalid183,325900.0,,Austria,,97800.0,tiktok,austria,False,2024,,,,
52,Noah @noahgusi,325400.0,0.4,Austria,,97600.0,tiktok,austria,False,2024,,,,
53,Lena @justtrustmeiknow,320100.0,,Austria,,96000.0,tiktok,austria,False,2024,,,,
54,Tabea Lehner @tabealehner,317100.0,,Austria,Entertainment and Music,95100.0,tiktok,austria,False,2024,Music,MAPPED,,
55,Hanna 🤍 @hannexa,304800.0,,Austria,Entertainment and Music,91400.0,tiktok,austria,False,2024,Music,MAPPED,,
56,🅱️ a z z l e r o @bazzlero,304400.0,9.0,Austria,Entertainment and Music,91300.0,tiktok,austria,False,2024,Music,MAPPED,,
57,Benni Wolf @benniiwolf,303700.0,,Austria,Funny Life and Society,91100.0,tiktok,austria,False,2024,Knowledge&Info,MAPPED,,
58,Azu @azuka_on_tiktok,296600.0,,Austria,,89000.0,tiktok,austria,False,2024,,,,
59,Tirolerschmäh @tirolerschmaeh,294000.0,0.1,Austria,,88200.0,tiktok,austria,False,2024,,,,
60,Hamodyyyy🖤🔥 @hamody_20_7,289500.0,,Austria,,86900.0,tiktok,austria,False,2024,,,,
61,No Way Out Escape @nowayoutescape,287700.0,,Austria,,86300.0,tiktok,austria,False,2024,,,,
62,Zeit im Bild - ZIB @zeitimbild,287300.0,0.8,Austria,,86200.0,tiktok,austria,False,2024,,,,
63,Lissy @lissytagebuch,287200.0,,Austria,,86200.0,tiktok,austria,False,2024,,,,
64,Nathan Trent @uptrent,266500.0,,Austria,,80000.0,tiktok,austria,False,2024,,,,
65,Mattiiiodersooo @mattiiiodersooo,263600.0,,Austria,Entertainment and Music,79100.0,tiktok,austria,False,2024,Music,MAPPED,,
66,Mostafa Mohamed @mustafamohamed.11,263300.0,,Austria,,79000.0,tiktok,austria,False,2024,,,,
67,✨BENU✨ @benuofficiaal,263000.0,0.1,Austria,,78900.0,tiktok,austria,False,2024,,,,
68,𝑊𝑜𝑟𝑘𝑖𝑛𝑔𝑑𝑜𝑔𝑠 🇦🇹 @frano91,260900.0,,Austria,Animals,78300.0,tiktok,austria,False,2024,Lifestyle,MAPPED,,
69,amy9x19 @amy9x19,260900.0,,Austria,Education Upskilling,78300.0,tiktok,austria,False,2024,Knowledge&Info,MAPPED,,
70,Austriasginger @austriasginger,259900.0,,Austria,,78000.0,tiktok,austria,False,2024,,,,
71,NoooN @jeffxchris,258500.0,0.8,Austria,Entertainment and Music,77600.0,tiktok,austria,False,2024,Music,MAPPED,,
72,Charly Schwarz @charly_schwarz,257800.0,,Austria,,77300.0,tiktok,austria,False,2024,,,,
73,Gibly @giblynow,253000.0,0.7,Austria,Animation and Cosplay,75900.0,tiktok,austria,False,2024,Tech&Gaming,MAPPED,,
74,مقتطفات+18😉 @jalals.tv,251900.0,0.1,Austria,,75600.0,tiktok,austria,False,2024,,,,
75,Izudin Vejzovic @isko.izudin,238000.0,0.1,Austria,Entertainment and Music,71400.0,tiktok,austria,False,2024,Music,MAPPED,,
76,SAM @samscheri,235600.0,0.2,Austria,,70700.0,tiktok,austria,False,2024,,,,
77,Edith Mair @edithmair,233700.0,,Austria,Beauty and Self Care Fashion and Accessories,70100.0,tiktok,austria,False,2024,Beauty&Fashion,MAPPED,,
78,majaaurell @majaaurell,232000.0,,Austria,,69600.0,tiktok,austria,False,2024,,,,
79,Ardik7 @ardiiiii.k,229300.0,,Austria,,68800.0,tiktok,austria,False,2024,,,,
80,JZ_VIE @jz_vie,229100.0,,Austria,,68700.0,tiktok,austria,False,2024,,,,
81,PE 🇦🇹 @haqpyman,227700.0,0.5,Austria,,68300.0,tiktok,austria,False,2024,,,,
82,florianmacek @florianmacek,227700.0,,Austria,,68300.0,tiktok,austria,False,2024,,,,
83,𝕊𝕨𝕚𝕝𝕝 @swill_123,227400.0,,Austria,,68200.0,tiktok,austria,False,2024,,,,
84,Yorman Sc @yorman_r.r,226800.0,0.1,Austria,,68000.0,tiktok,austria,False,2024,,,,
85,alexej hauser @alexejhauser,223300.0,5.5,Austria,,67000.0,tiktok,austria,False,2024,,,,
86,austrianrock @austrianrock333,222300.0,,Austria,Fitness and Health Sports,66700.0,tiktok,austria,False,2024,Sports,MAPPED,,
87,uros veljic @ksi.highlight,220100.0,,Austria,,66000.0,tiktok,austria,False,2024,,,,
88,fcredbullsalzburg @fcredbullsalzburg,219300.0,,Austria,,65800.0,tiktok,austria,False,2024,,,,
89,_Natalie_ @allofnatalie,218800.0,,Austria,,65600.0,tiktok,austria,False,2024,,,,
90,Stojo @stojo_official,208500.0,0.5,Austria,,62600.0,tiktok,austria,False,2024,,,,
91,أمير بكلمتي @mardini710,207400.0,0.1,Austria,,62200.0,tiktok,austria,False,2024,,,,
92,Patrick @just_patrick__,206800.0,,Austria,,62000.0,tiktok,austria,False,2024,,,,
93,САВАННА @mur_the_cat,206200.0,,Austria,,61900.0,tiktok,austria,False,2024,,,,
94,FeiziBine @feizibine,206200.0,,Austria,,61900.0,tiktok,austria,False,2024,,,,
95,𝓑𝓪𝓻𝓫𝓲𝓮 @_barbiee_3,206000.0,,Austria,,61800.0,tiktok,austria,False,2024,,,,
96,Marcel @soulofthehades,203600.0,,Austria,,61100.0,tiktok,austria,False,2024,,,,
97,عووماأر⚽️🔥🔥 @omarmahmoud1911,198400.0,,Austria,,59500.0,tiktok,austria,False,2024,,,,
98,max.drama @max.dramaa,197700.0,0.2,Austria,,59300.0,tiktok,austria,False,2024,,,,
99,paulo.jani @paulo.jani,196500.0,,Austria,,59000.0,tiktok,austria,False,2024,,,,
100,ⒶⓁⒺⓀⓈ @handyhinwohin.at,196100.0,,Austria,Entertainment and Music,58800.0,tiktok,austria,False,2024,Music,MAPPED,,
1,Chris Lobanzo @chrislobanzo,6500000.0,,Belgien,Unterhaltung und Musik Business und Finanzen,2000000.0,tiktok,belgium,False,2024,Knowledge&Info,MAPPED,,Entertainment and music business and finance
2,The Window Master @timothytancre,5800000.0,,Belgien,Fotografie,1700000.0,tiktok,belgium,False,2024,UNMAPPED,UNMAPPED,,Photo
3,Charlene @charlenevanwerveke,4200000.0,,Belgien,Romantik und Hochzeit,1300000.0,tiktok,belgium,False,2024,Beauty&Fashion,MAPPED,,Romance and wedding
4,Stien Edlund @stienedlund,4100000.0,,Belgien,Mode und Accessoires,1200000.0,tiktok,belgium,False,2024,Beauty&Fashion,MAPPED,,Fashion and accessories
5,aaron vancoppenolle @aaronthepoolshark,3300000.0,,Belgien,Unterhaltung und Musik,990000.0,tiktok,belgium,False,2024,Music,MAPPED,,Entertainment and music
6,SAB ♑️ @imallpanicnodisco,2200000.0,,Belgien,Unterhaltung und Musik,660000.0,tiktok,belgium,False,2024,Music,MAPPED,,Entertainment and music
7,Dylhan Fat @dylhanfat,1900000.0,,Belgien,Unterhaltung und Musik,570000.0,tiktok,belgium,False,2024,Music,MAPPED,,Entertainment and music
8,RSC Anderlecht @rscanderlecht,1100000.0,,Belgien,Sport,330000.0,tiktok,belgium,False,2024,Sports,MAPPED,,Sport
9,Nathan Nuyts @nathannuyts,1100000.0,,Belgien,,330000.0,tiktok,belgium,False,2024,,,,
10,𝕔𝕒𝕝𝕚𝕤𝕦𝕣𝕥𝕚𝕜𝕥𝕠𝕜 @calisurtiktok,1100000.0,0.1,Belgien,DIY und Lebenshacks Unterhaltung und Musik,330000.0,tiktok,belgium,False,2024,Music,MAPPED,,DIY and life hacks entertainment and music
11,PressTube @presstube,979900.0,,Belgien,,294000.0,tiktok,belgium,False,2024,,,,
12,Gracekitoko @gracekitoko.rdc,863100.0,,Belgien,,258900.0,tiktok,belgium,False,2024,,,,
13,Jeanfils @jeanfilslevrai,859100.0,,Belgien,,257700.0,tiktok,belgium,False,2024,,,,
14,Acrozzz @acrozzz.drift,843000.0,,Belgien,Videospiel,252900.0,tiktok,belgium,False,2024,Tech&Gaming,MAPPED,,Video game
15,Melissa / Parastou @melissa.kiani141595,815300.0,,Belgien,,244600.0,tiktok,belgium,False,2024,,,,
16,🦋💫yörük_kızı🦋💫 @deroo_42,775300.0,0.1,Belgien,,232600.0,tiktok,belgium,False,2024,,,,
17,TikTok queen 🇮🇹🇧🇪 @rose3brown,724300.0,,Belgien,,217300.0,tiktok,belgium,False,2024,,,,
18,Stevebrada @stevebradaa,679000.0,,Belgien,Lustig,203700.0,tiktok,belgium,False,2024,UNMAPPED,UNMAPPED,,Lustig
19,Grisela @grissy_,663000.0,,Belgien,Unterhaltung und Musik Essen,198900.0,tiktok,belgium,False,2024,Music,MAPPED,,Entertainment and music food
20,Macdi @macdi_off,648200.0,,Belgien,,194500.0,tiktok,belgium,False,2024,,,,
21,HIJAB STYLE 🧕 @hijabx2022,642100.0,0.3,Belgien,Mode und Accessoires,192600.0,tiktok,belgium,False,2024,Beauty&Fashion,MAPPED,,Fashion and accessories
22,Club Brugge @clubbrugge,635700.0,,Belgien,Sport,190700.0,tiktok,belgium,False,2024,Sports,MAPPED,,Sport
23,Chloé Lebacq @spicyychloebaby,628800.0,,Belgien,Romantik und Hochzeit,188600.0,tiktok,belgium,False,2024,Beauty&Fashion,MAPPED,,Romance and wedding
24,Sarah B.💛 @sarah_bossuwe,612700.0,,Belgien,,183800.0,tiktok,belgium,False,2024,,,,
25,Denisa Berisha @d.enisaaa,586800.0,,Belgien,,176000.0,tiktok,belgium,False,2024,,,,
26,Ramos Hajjaj @ramoshajjaj,579000.0,,Belgien,,173700.0,tiktok,belgium,False,2024,,,,
27,แบงค์ @bankkk695,575000.0,0.2,Belgien,,172500.0,tiktok,belgium,False,2024,,,,
28,iTunes @odayalsafar,571200.0,,Belgien,,171400.0,tiktok,belgium,False,2024,,,,
29,Emilie and Jonas @emiliexojonas,570200.0,,Belgien,Romantik und Hochzeit,171100.0,tiktok,belgium,False,2024,Beauty&Fashion,MAPPED,,Romance and wedding
30,Schoolfightquality @schoolfightquality,569000.0,14.1,Belgien,,170700.0,tiktok,belgium,False,2024,,,,
31,Mackenzie Brilot @mackenziebrilot,565300.0,,Belgien,,169600.0,tiktok,belgium,False,2024,,,,
32,Stijn Saman - Stino @stijnsaman,540800.0,0.4,Belgien,Unterhaltung und Musik,162200.0,tiktok,belgium,False,2024,Music,MAPPED,,Entertainment and music
33,Stlarusse🤪🤣 @stlarussee,535400.0,,Belgien,Unterhaltung und Musik,160600.0,tiktok,belgium,False,2024,Music,MAPPED,,Entertainment and music
34,سيد دنياصور 🦖 @mosayosf1,516600.0,,Belgien,,155000.0,tiktok,belgium,False,2024,,,,
35,Average Rob @averagerob,502300.0,0.2,Belgien,,150700.0,tiktok,belgium,False,2024,,,,
36,Célia @celia_itvai,492900.0,0.8,Belgien,,147900.0,tiktok,belgium,False,2024,,,,
37,Jeny Bsg @jenybsg93,488300.0,,Belgien,Unterhaltung und Musik,146500.0,tiktok,belgium,False,2024,Music,MAPPED,,Entertainment and music
38,LemedTV sur twitch @lemedtv,487700.0,,Belgien,Unterhaltung und Musik,146300.0,tiktok,belgium,False,2024,Music,MAPPED,,Entertainment and music
39,Koda @kodaytb_,479800.0,0.2,Belgien,,143900.0,tiktok,belgium,False,2024,,,,
40,LUFY @lufyyyy,467200.0,,Belgien,Lustig Familie,140200.0,tiktok,belgium,False,2024,Entertainment,MAPPED,,Funny family
41,💎Анатолий💎 @anatolishutak,459600.0,,Belgien,,137900.0,tiktok,belgium,False,2024,,,,
42,🐼EL PANDA🐼 @abe_10k,450100.0,,Belgien,,135000.0,tiktok,belgium,False,2024,,,,
43,Hannes Coudenys @hannescoudenys,435800.0,,Belgien,,130700.0,tiktok,belgium,False,2024,,,,
44,manon :) @manontondut,434000.0,,Belgien,,130200.0,tiktok,belgium,False,2024,,,,
45,Julie Vermeire @julievermeire,433500.0,,Belgien,Unterhaltung und Musik,130100.0,tiktok,belgium,False,2024,Music,MAPPED,,Entertainment and music
46,elo spits @elodie_spits,432800.0,,Belgien,,129800.0,tiktok,belgium,False,2024,,,,
47,nathalievandenberg @nathalievandenberg,394700.0,,Belgien,Mode und Accessoires Reisen,118400.0,tiktok,belgium,False,2024,Beauty&Fashion,MAPPED,,Fashion and accessories travel
48,k3.studio100 @k3.officieel,368000.0,,Belgien,Unterhaltung und Musik,110400.0,tiktok,belgium,False,2024,Music,MAPPED,,Entertainment and music
49,L 2B 💙 @_l2b_,364700.0,,Belgien,,109400.0,tiktok,belgium,False,2024,,,,
50,Velaktro @velaktro,363200.0,0.2,Belgien,Unterhaltung und Musik,109000.0,tiktok,belgium,False,2024,Music,MAPPED,,Entertainment and music
51,suzanna.demaeyer @suzanna.demaeyer,344500.0,,Belgien,,103400.0,tiktok,belgium,False,2024,,,,
52,maxbalandra @maxbalandra02,343500.0,,Belgien,,103100.0,tiktok,belgium,False,2024,,,,
53,bcsignature @bcsignature,340300.0,,Belgien,Auto und Fahrzeuge,102100.0,tiktok,belgium,False,2024,Tech&Gaming,MAPPED,,Car and vehicles
54,TaartenTatyana @taartentatyana,337300.0,,Belgien,,101200.0,tiktok,belgium,False,2024,,,,
55,Bert @bertnoternie,332300.0,0.4,Belgien,,99700.0,tiktok,belgium,False,2024,,,,
56,Ketnet @ketnet_officieel,314700.0,,Belgien,Bildung,94400.0,tiktok,belgium,False,2024,Knowledge&Info,MAPPED,,Education
57,Belgo @belgoturkyt,311400.0,,Belgien,,93400.0,tiktok,belgium,False,2024,,,,
58,hortaemvasosnaeuropa @hortaemvasosnaeuropa,309200.0,0.2,Belgien,,92800.0,tiktok,belgium,False,2024,,,,
59,Tess Taelman @tesstaelman,307700.0,,Belgien,,92300.0,tiktok,belgium,False,2024,,,,
60,guappamayy @guappamayy,303200.0,0.2,Belgien,,91000.0,tiktok,belgium,False,2024,,,,
61,Camille 👄 @camilledlby,299700.0,,Belgien,,89900.0,tiktok,belgium,False,2024,,,,
62,Alessio 📽 @pz.alessio,297500.0,,Belgien,,89300.0,tiktok,belgium,False,2024,,,,
63,KAA Gent @kaagent,297200.0,,Belgien,,89200.0,tiktok,belgium,False,2024,,,,
64,rachelnimegeers @rachelnimegeers,295700.0,,Belgien,Unterhaltung und Musik,88700.0,tiktok,belgium,False,2024,Music,MAPPED,,Entertainment and music
65,kimberley_romaine @kimberley.romaine,294000.0,,Belgien,Bildung Unterhaltung und Musik,88200.0,tiktok,belgium,False,2024,Knowledge&Info,MAPPED,,Education entertainment and music
66,Douzi @douziofficial,291200.0,,Belgien,,87400.0,tiktok,belgium,False,2024,,,,
67,LAUREN დ @siricalauren,287800.0,,Belgien,,86300.0,tiktok,belgium,False,2024,,,,
68,Jean-Claude Van Damme @jcvdtv,287400.0,0.2,Belgien,Schauspiel und Drama,86200.0,tiktok,belgium,False,2024,Entertainment,MAPPED,,Acting and drama
69,Instagram : cedced_vm @cedrakpirate,282200.0,0.1,Belgien,,84700.0,tiktok,belgium,False,2024,,,,
70,Noah Clai 🥥 @noah.clai,280900.0,,Belgien,,84300.0,tiktok,belgium,False,2024,,,,
71,Ralfagram @ralfagram,279100.0,,Belgien,,83700.0,tiktok,belgium,False,2024,,,,
72,BR4Zx FF @br4zx_uxiha,278500.0,4.0,Belgien,,83600.0,tiktok,belgium,False,2024,,,,
73,The Belgian Blondie @thebelgianblondie,275700.0,,Belgien,Essen und Trinken Mode,82700.0,tiktok,belgium,False,2024,Beauty&Fashion,MAPPED,,Food and drink fashion
74,Anastasiya @cocon_de_nesty,274300.0,0.3,Belgien,Kunst und Handwerk,82300.0,tiktok,belgium,False,2024,Lifestyle,MAPPED,,Arts and crafts
75,Alex @sttasenko,267300.0,0.1,Belgien,,80200.0,tiktok,belgium,False,2024,,,,
76,Anisa 🖤 @anisadebacker,267000.0,,Belgien,,80100.0,tiktok,belgium,False,2024,,,,
77,arjenspittael @lifebyarjen,266500.0,,Belgien,Reisen,80000.0,tiktok,belgium,False,2024,Lifestyle,MAPPED,,Travel
78,Tarmac @tarmac,263300.0,0.1,Belgien,,79000.0,tiktok,belgium,False,2024,,,,
79,HAYTAM 🥥 @haytam_mrn,255000.0,,Belgien,,76500.0,tiktok,belgium,False,2024,,,,
80,CarlDeman @calledeman,251200.0,0.3,Belgien,,75400.0,tiktok,belgium,False,2024,,,,
81,𝔀𝓮𝓮𝓻𝓪𝓼𝓪𝓴_🦊 @raseep12,243300.0,0.2,Belgien,Sport,73000.0,tiktok,belgium,False,2024,Sports,MAPPED,,Sport
82,Thor and Vader ❤️ @thorthebelgian,242000.0,,Belgien,Tiere Haustiere,72600.0,tiktok,belgium,False,2024,Lifestyle,MAPPED,,Animals pets
83,Vincent Bal465 @shadowology,238800.0,,Belgien,Kunst und Handwerk,71600.0,tiktok,belgium,False,2024,Lifestyle,MAPPED,,Arts and crafts
84,•s a l s 🧛 @salsxbn,237500.0,,Belgien,,71300.0,tiktok,belgium,False,2024,,,,
85,Lenka :) @verlenkabel,236300.0,,Belgien,,70900.0,tiktok,belgium,False,2024,,,,
86,Karrewiet @karrewiet,234100.0,0.6,Belgien,,70200.0,tiktok,belgium,False,2024,,,,
87,Aude Houdart @audehoudartt,231800.0,,Belgien,Schönheit und Selbstpflege,69500.0,tiktok,belgium,False,2024,Beauty&Fashion,MAPPED,,Beauty and self care
88,OmarBomouce @omarandbomouce,231500.0,0.1,Belgien,Prominenter,69500.0,tiktok,belgium,False,2024,Entertainment,MAPPED,,Celebrity
89,ig: belgicasasha @belgicasasha,231400.0,,Belgien,,69400.0,tiktok,belgium,False,2024,,,,
90,Alie @alie_official,230900.0,,Belgien,,69300.0,tiktok,belgium,False,2024,,,,
91,Caroline Van Cauter @caroline.vancauter,226600.0,0.2,Belgien,,68000.0,tiktok,belgium,False,2024,,,,
92,Thomas Delvaux @thomas.delvaux,224100.0,,Belgien,,67200.0,tiktok,belgium,False,2024,,,,
93,ciuci👑 @ciuci_t,223200.0,,Belgien,,67000.0,tiktok,belgium,False,2024,,,,
94,roor @rawanali851,222000.0,,Belgien,,66600.0,tiktok,belgium,False,2024,,,,
95,ortsagram @ortsagram,221300.0,0.1,Belgien,,66400.0,tiktok,belgium,False,2024,,,,
96,Céline @madamecelinec,219400.0,,Belgien,,65800.0,tiktok,belgium,False,2024,,,,
97,Tireje culin @idkmyname2323,218700.0,,Belgien,,65600.0,tiktok,belgium,False,2024,,,,
98,marthedepillecyn @marthi.party,217400.0,0.3,Belgien,Kunst und Handwerk,65200.0,tiktok,belgium,False,2024,Lifestyle,MAPPED,,Arts and crafts
99,Pommelien Thijs @pommelienpommelien,217100.0,0.1,Belgien,,65099.99999999999,tiktok,belgium,False,2024,,,,
100,🐰zanarah_official😸 @zanarah_official,216000.0,,Belgien,,64800.0,tiktok,belgium,False,2024,,,,
1,Ale Pinedo @alepinedotv,4200000.0,,Bolivia,,1300000.0,tiktok,bolivia,False,2024,,,,
2,Alex SG. Lyrics♪ @alex___sg,2500000.0,,Bolivia,,750000.0,tiktok,bolivia,False,2024,,,,
3,𝙘𝙤𝙥𝙮 𝙘𝙖𝙩 @juli_antecam,2300000.0,,Bolivia,,690000.0,tiktok,bolivia,False,2024,,,,
4,Carlos Marquina @carlosmarquina,1300000.0,,Bolivia,Entertainment and Music,390000.0,tiktok,bolivia,False,2024,Music,MAPPED,,
5,Minecraft Picraftsso @picraftsso,1300000.0,0.3,Bolivia,Arts and Crafts DIY and Life Hacks,390000.0,tiktok,bolivia,False,2024,Lifestyle,MAPPED,,
6,YOSSU @yossuvalerioo,1000000.0,,Bolivia,,300000.0,tiktok,bolivia,False,2024,,,,
7,Eduardo Escobar @eduescobar11,980100.0,,Bolivia,,294000.0,tiktok,bolivia,False,2024,,,,
8,Ferjin💜 @ferjin010,969300.0,,Bolivia,Entertainment and Music,290800.0,tiktok,bolivia,False,2024,Music,MAPPED,,
9,SOYFENIX @soy.fenix,965500.0,,Bolivia,,289700.0,tiktok,bolivia,False,2024,,,,
10,A tu rollo @a_tu_rollosczbo,892500.0,,Bolivia,,267800.0,tiktok,bolivia,False,2024,,,,
11,𝓓𝓪𝓿𝓲 🤍 @daviartl,874100.0,,Bolivia,Nature,262200.0,tiktok,bolivia,False,2024,Lifestyle,MAPPED,,
12,LuisLuchoVLogs @luislucho_vlogs,859500.0,,Bolivia,,257900.0,tiktok,bolivia,False,2024,,,,
13,Betza Bot @ff_betzaaa,856700.0,0.1,Bolivia,,257000.0,tiktok,bolivia,False,2024,,,,
14,King Paz @kingpaz_oficial,837300.0,0.1,Bolivia,,251200.0,tiktok,bolivia,False,2024,,,,
15,Nagueli_1 @nagueli,819700.0,,Bolivia,Travel,245900.0,tiktok,bolivia,False,2024,Lifestyle,MAPPED,,
16,Paluleos paluleos @paluleos2,804100.0,,Bolivia,,241200.0,tiktok,bolivia,False,2024,,,,
17,Yarit @yaritmusica,797200.0,0.1,Bolivia,Entertainment and Music,239200.0,tiktok,bolivia,False,2024,Music,MAPPED,,
18,BTSANTO🇧🇴 @btsanto_,794800.0,,Bolivia,,238400.0,tiktok,bolivia,False,2024,,,,
19,Fernando Villarroel @ferchovillarroel,792600.0,0.1,Bolivia,,237800.0,tiktok,bolivia,False,2024,,,,
20,Jime @jimenasuarezv,775800.0,,Bolivia,,232700.0,tiktok,bolivia,False,2024,,,,
21,Paisanitas 🤗🇧🇴 @valeriapaisanita,775700.0,0.2,Bolivia,,232700.0,tiktok,bolivia,False,2024,,,,
22,@soyluciAn’S @lucianamunoz7857,771900.0,0.5,Bolivia,,231600.0,tiktok,bolivia,False,2024,,,,
23,Anabel Angus @anabelangusa,766500.0,,Bolivia,,230000.0,tiktok,bolivia,False,2024,,,,
24,Haruu_xdd @haruu_414,755000.0,,Bolivia,,226500.0,tiktok,bolivia,False,2024,,,,
25,Middagh @eimimiddagh,736000.0,0.1,Bolivia,,220800.0,tiktok,bolivia,False,2024,,,,
26,Daniela Galvan M. @danielagalvanmolina,720900.0,,Bolivia,,216300.0,tiktok,bolivia,False,2024,,,,
27,🇦🇹 🇧🇴🇳🇬 SCZ LEO❤️ @scz_leo1,698500.0,0.1,Bolivia,,209600.0,tiktok,bolivia,False,2024,,,,
28,mavis..70 @mavis..70,693500.0,,Bolivia,,208100.0,tiktok,bolivia,False,2024,,,,
29,Raion @theraionmc,665800.0,,Bolivia,Entertainment and Music,199700.0,tiktok,bolivia,False,2024,Music,MAPPED,,
30,Maria Rene Leaños @rene_0002,657400.0,,Bolivia,,197200.0,tiktok,bolivia,False,2024,,,,
31,Ceci ✨ @ceciliaanayaa,656200.0,0.3,Bolivia,,196900.0,tiktok,bolivia,False,2024,,,,
32,Jose Maria Nuñez Lop @josema2197,652600.0,0.1,Bolivia,,195800.0,tiktok,bolivia,False,2024,,,,
33,ff_D!€GU!TO_ff @ff_thdiego,650600.0,0.2,Bolivia,,195200.0,tiktok,bolivia,False,2024,,,,
34,⛩⬛🈲️ANIMA🈲️⬛⛩ @anima.f7,650500.0,0.2,Bolivia,,195200.0,tiktok,bolivia,False,2024,,,,
35,David Mercado @davidmercadop,642800.0,,Bolivia,,192800.0,tiktok,bolivia,False,2024,,,,
36,Cristian Quino @quino27_7,639100.0,,Bolivia,,191700.0,tiktok,bolivia,False,2024,,,,
37,Librada Vergara @libradavergara4,613800.0,,Bolivia,,184100.0,tiktok,bolivia,False,2024,,,,
38,🎶 Yoana ✨ @_..yoana_..music,608100.0,0.2,Bolivia,,182400.0,tiktok,bolivia,False,2024,,,,
39,Ana Ormeño @anaormeno,596300.0,,Bolivia,Travel,178900.0,tiktok,bolivia,False,2024,Lifestyle,MAPPED,,
40,cake_boss0 @cake_boss0,591800.0,,Bolivia,,177500.0,tiktok,bolivia,False,2024,,,,
41,𝐀𝐧𝐭𝐨𝐧𝐲 @antony_sau1,589700.0,,Bolivia,Photography,176900.0,tiktok,bolivia,False,2024,Lifestyle,MAPPED,,
42,Gabriel Justiniano @elgaboooo0,585700.0,0.1,Bolivia,,175700.0,tiktok,bolivia,False,2024,,,,
43,Alex ozu♥️💥 @alexozusoge12,577900.0,,Bolivia,,173400.0,tiktok,bolivia,False,2024,,,,
44,ElBoliviano @e.p.r.s,565900.0,,Bolivia,,169800.0,tiktok,bolivia,False,2024,,,,
45,Kevin Valencia @valenciak7,557000.0,0.2,Bolivia,Education,167100.0,tiktok,bolivia,False,2024,Knowledge&Info,MAPPED,,
46,gatocringe @gatocringe211,552100.0,,Bolivia,,165600.0,tiktok,bolivia,False,2024,,,,
47,Edson Castro @soypapiedson,542300.0,0.2,Bolivia,,162700.0,tiktok,bolivia,False,2024,,,,
48,🌈 Nico Arnez 🌟 @nicoarnezz,531700.0,,Bolivia,,159500.0,tiktok,bolivia,False,2024,,,,
49,Cesar Mollinedo @cesarwithyou2,524300.0,,Bolivia,,157300.0,tiktok,bolivia,False,2024,,,,
50,ＬＵＣＫＥＲღᴳ @lucker_cocalero,521900.0,,Bolivia,,156600.0,tiktok,bolivia,False,2024,,,,
51,Jonathan Bacana @jonathanbacana6,520000.0,0.2,Bolivia,Video Gaming,156000.0,tiktok,bolivia,False,2024,Tech&Gaming,MAPPED,,
52,Ana Laura Franco Sua @anafrancosrz,516800.0,,Bolivia,,155000.0,tiktok,bolivia,False,2024,,,,
53,Natalia T @nattoledop,512200.00000000006,,Bolivia,,153700.0,tiktok,bolivia,False,2024,,,,
54,RED UNO DE BOLIVIA @redunotv,492300.0,,Bolivia,Entertainment and Music,147700.0,tiktok,bolivia,False,2024,Music,MAPPED,,
55,Jhoanna22 @jhoanna22_,491800.0,,Bolivia,,147500.0,tiktok,bolivia,False,2024,,,,
56,Khail @khail_27,491600.0,0.6,Bolivia,,147500.0,tiktok,bolivia,False,2024,,,,
57,Ainhoa Agreda @babynhoauwu,488600.0,,Bolivia,,146600.0,tiktok,bolivia,False,2024,,,,
58,useranime_Naruto_ @useranime_naruto_oficial,483800.0,,Bolivia,,145100.0,tiktok,bolivia,False,2024,,,,
59,𝒜𝒷𝒷𝓎🤍 @abigailriosnieve,461700.0,0.1,Bolivia,,138500.0,tiktok,bolivia,False,2024,,,,
60,Anavacortes @anavacortes,459800.0,,Bolivia,,137900.0,tiktok,bolivia,False,2024,,,,
61,亚瑟 arthur @dt8arthur,444100.0,,Bolivia,,133200.0,tiktok,bolivia,False,2024,,,,
62,PANÉ CONTRERAS @_el_pana_futbol_,437600.0,0.2,Bolivia,,131300.0,tiktok,bolivia,False,2024,,,,
63,Gilmar Zambrana @gigito_max1,424700.0,,Bolivia,,127400.0,tiktok,bolivia,False,2024,,,,
64,Hache. @_hache__,421300.0,,Bolivia,,126400.0,tiktok,bolivia,False,2024,,,,
65,Daniel Cuéllar @d4niel_cuell4r,413700.0,,Bolivia,,124100.0,tiktok,bolivia,False,2024,,,,
66,Sun Ho @ritodeviluke3,412800.0,,Bolivia,,123800.0,tiktok,bolivia,False,2024,,,,
67,Luz cruz 2117 @luzcruz2117,411300.0,,Bolivia,,123400.0,tiktok,bolivia,False,2024,,,,
68,Ruby Avila @rubyavilauriona,401500.0,,Bolivia,,120500.0,tiktok,bolivia,False,2024,,,,
69,Patricia Pedraza @patriciapedraza58,394300.0,,Bolivia,,118300.0,tiktok,bolivia,False,2024,,,,
70,🌻🌷marina carrim🌹🌺 @marimend177,394100.0,0.5,Bolivia,,118200.0,tiktok,bolivia,False,2024,,,,
71,Tumblr. Its @tumblr114,389200.0,0.1,Bolivia,,116800.0,tiktok,bolivia,False,2024,,,,
72,KIRYNG @kiryng,388000.0,,Bolivia,,116400.0,tiktok,bolivia,False,2024,,,,
73,David palacios @alanw131david,386800.0,,Bolivia,,116000.0,tiktok,bolivia,False,2024,,,,
74,Sergio Gumiel @sergiogumiel,383500.0,,Bolivia,,115100.0,tiktok,bolivia,False,2024,,,,
75,Jahiron Bascopé @jahironfotografia,371900.0,0.1,Bolivia,Photography,111600.0,tiktok,bolivia,False,2024,Lifestyle,MAPPED,,
76,Tik toker @ntl_ex,371200.0,1.6,Bolivia,,111400.0,tiktok,bolivia,False,2024,,,,
77,Noemi Ramos @noemiramos027,368000.0,,Bolivia,,110400.0,tiktok,bolivia,False,2024,,,,
78,ani_diybts @ani_diybts,367000.0,0.6,Bolivia,DIY and Life Hacks,110100.0,tiktok,bolivia,False,2024,Lifestyle,MAPPED,,
79,carolcarla_megaruffo @megaruffo_carolcarla,366100.0,,Bolivia,,109800.0,tiktok,bolivia,False,2024,,,,
80,videosdeterror64 @videosdeterror.666,366100.0,,Bolivia,,109800.0,tiktok,bolivia,False,2024,,,,
81,Moira Armella Barriga @moibarriga,365100.0,,Bolivia,,109500.0,tiktok,bolivia,False,2024,,,,
82,kinyocassidy @kinyocassidy,363800.0,,Bolivia,Pets,109100.0,tiktok,bolivia,False,2024,Lifestyle,MAPPED,,
83,⚡Soy_Hilda🥰🌹 @soy_hilda1,358500.0,0.3,Bolivia,,107600.0,tiktok,bolivia,False,2024,,,,
84,Pelusita123 @pelu123,357200.0,,Bolivia,Pets,107200.0,tiktok,bolivia,False,2024,Lifestyle,MAPPED,,
85,Alvinich @alvinicho,356200.0,0.5,Bolivia,,106900.0,tiktok,bolivia,False,2024,,,,
86,mamensaavedra @mamensaavedra,352000.0,0.6,Bolivia,,105600.0,tiktok,bolivia,False,2024,,,,
87,RanitaAlva @ranitaalva,346400.0,,Bolivia,Pets,103900.0,tiktok,bolivia,False,2024,Lifestyle,MAPPED,,
88,frederick.kelley @frederick.kelley,344400.0,,Bolivia,,103300.0,tiktok,bolivia,False,2024,,,,
89,Izumi_Jamado @izumi_jamado,342900.0,0.1,Bolivia,,102900.0,tiktok,bolivia,False,2024,,,,
90,GonzaloXZ @gonzaloxz,340100.0,5.5,Bolivia,,102000.0,tiktok,bolivia,False,2024,,,,
91,Nicol Michel @nicolmichelq,336700.0,,Bolivia,,101000.0,tiktok,bolivia,False,2024,,,,
92,Haru_xd @haruu_xd,335800.0,,Bolivia,,100700.0,tiktok,bolivia,False,2024,,,,
93,Juan Vargas @simpply.juan,334900.0,,Bolivia,,100500.0,tiktok,bolivia,False,2024,,,,
94,Bryan Limon @lemonsvet,333700.0,,Bolivia,,100100.0,tiktok,bolivia,False,2024,,,,
95,✨ 𝓐𝓝𝓓𝓡𝓔𝓐 ✨ @andreaferrada976,331300.0,0.3,Bolivia,Entertainment and Music,99400.0,tiktok,bolivia,False,2024,Music,MAPPED,,
96,Abuelita Divertida 🇧🇴🇧🇴 @abuelitadivertidajr,329900.0,,Bolivia,,99000.0,tiktok,bolivia,False,2024,,,,
97,Daniela Rodriguez @soydanyelamx,328300.0,,Bolivia,,98500.0,tiktok,bolivia,False,2024,,,,
98,Nikokoro @nofun.com,327200.0,0.4,Bolivia,,98200.0,tiktok,bolivia,False,2024,,,,
99,Roxeth @roxeth_a,319800.0,,Bolivia,,95900.0,tiktok,bolivia,False,2024,,,,
100,CAMI @camilanenos,319700.0,,Bolivia,,95900.0,tiktok,bolivia,False,2024,,,,
1,beca @beca,29200000.0,1.0,Brazil,Travel,8800000.0,tiktok,brazil,False,2024,Lifestyle,MAPPED,,
2,+a @maisa,19700000.0,0.6,Brazil,Arts and Crafts,5900000.0,tiktok,brazil,False,2024,Lifestyle,MAPPED,,
3,Ingrid Ohara @ingridohara,17100000.0,0.7,Brazil,Entertainment and Music,5100000.0,tiktok,brazil,False,2024,Music,MAPPED,,
4,Luísa Sonza @luisasonza,16300000.0,0.7,Brazil,Music,4900000.0,tiktok,brazil,False,2024,Music,MAPPED,,
5,Felipe Neto @felipeneto,15500000.0,,Brazil,,4700000.0,tiktok,brazil,False,2024,,,,
6,Emilly Vick @emillyvickof,15300000.0,,Brazil,Fashion and Accessories Beauty and Self Care,4600000.0,tiktok,brazil,False,2024,Beauty&Fashion,MAPPED,,
7,LK @lkzinhu,14500000.0,,Brazil,Arts and Crafts,4400000.0,tiktok,brazil,False,2024,Lifestyle,MAPPED,,
8,nilson ☻ @nilsonneto,13300000.0,,Brazil,Entertainment and Music,4000000.0,tiktok,brazil,False,2024,Music,MAPPED,,
9,marcelotwelve @marcelotwelve,11700000.0,,Brazil,,3500000.0,tiktok,brazil,False,2024,,,,
10,Isaías @isaias,11200000.0,,Brazil,Entertainment and Music Funny Acting and Drama,3400000.0,tiktok,brazil,False,2024,Music,MAPPED,,
11,Netflix Brasil @netflixbrasil,10200000.0,,Brazil,Entertainment and Music,3100000.0,tiktok,brazil,False,2024,Music,MAPPED,,
12,Celso Portiolli @portiolli,9800000.0,,Brazil,,2900000.0,tiktok,brazil,False,2024,,,,
13,Gabriela Moura @gabimfmoura,9400000.0,3.6,Brazil,,2800000.0,tiktok,brazil,False,2024,,,,
14,TikTok Brasil @tiktokbrasil,9300000.0,,Brazil,Entertainment and Music,2800000.0,tiktok,brazil,False,2024,Music,MAPPED,,
15,Ananda @ananda,9200000.0,,Brazil,Entertainment and Music,2800000.0,tiktok,brazil,False,2024,Music,MAPPED,,
16,Raissa Chaddad @raissachaddad,8900000.0,,Brazil,Acting and Drama,2700000.0,tiktok,brazil,False,2024,Entertainment,MAPPED,,
17,Victtória Medeiros @victtoriamedeiros,8800000.0,2.7,Brazil,,2600000.0,tiktok,brazil,False,2024,,,,
18,Simaria @simaria,8700000.0,0.1,Brazil,,2600000.0,tiktok,brazil,False,2024,,,,
19,lisa @lisabarcelox,8500000.0,,Brazil,,2600000.0,tiktok,brazil,False,2024,,,,
20,Jeipy @j3ipy_,8100000.0,0.1,Brazil,Education Entertainment and Music,2400000.0,tiktok,brazil,False,2024,Knowledge&Info,MAPPED,,
21,João Ferdnan @joaoferdnan,7700000.0,0.1,Brazil,Entertainment and Music,2300000.0,tiktok,brazil,False,2024,Music,MAPPED,,
22,Jojo Todynho @jojotodynho,7500000.0,,Brazil,,2300000.0,tiktok,brazil,False,2024,,,,
23,Humorista Talokudo @talokudo,7200000.0,,Brazil,Funny,2200000.0,tiktok,brazil,False,2024,Entertainment,MAPPED,,
24,Kau @kauanahofem,7100000.0,,Brazil,,2100000.0,tiktok,brazil,False,2024,,,,
25,Thiago Ventura @othiagoventura,6900000.0,,Brazil,Entertainment and Music Funny Celebrity,2100000.0,tiktok,brazil,False,2024,Music,MAPPED,,
26,Mateus Pain @mateuspain,6800000.0,0.3,Brazil,Entertainment and Music,2000000.0,tiktok,brazil,False,2024,Music,MAPPED,,
27,yaszou @yaszou,6700000.0,,Brazil,Fashion and Accessories,2000000.0,tiktok,brazil,False,2024,Beauty&Fashion,MAPPED,,
28,LOUD Mii @loud_mi,6500000.0,,Brazil,Entertainment and Music,2000000.0,tiktok,brazil,False,2024,Music,MAPPED,,
29,Juliana Paiva @juuliana_paiva,6400000.0,1.1,Brazil,Acting and Drama Celebrity,1900000.0,tiktok,brazil,False,2024,Entertainment,MAPPED,,
30,taby @tabyoriginal,5800000.0,,Brazil,Fashion and Accessories,1700000.0,tiktok,brazil,False,2024,Beauty&Fashion,MAPPED,,
31,Aninha Pereira @aninha,5700000.0,,Brazil,Arts and Crafts,1700000.0,tiktok,brazil,False,2024,Lifestyle,MAPPED,,
32,Ramana Borba @ramanaborba,5600000.0,,Brazil,,1700000.0,tiktok,brazil,False,2024,,,,
33,Júlio Cocielo @cocielo,5400000.0,0.1,Brazil,Entertainment and Music,1600000.0,tiktok,brazil,False,2024,Music,MAPPED,,
34,Tami @tamiriarodrigues,5200000.0,,Brazil,Fitness and Health,1600000.0,tiktok,brazil,False,2024,Sports,MAPPED,,
35,Amanda Araújo @_amanndaraujo,5100000.0,1.6,Brazil,Entertainment and Music,1500000.0,tiktok,brazil,False,2024,Music,MAPPED,,
36,Edivando Junior @ediqueixinho,5100000.0,2.4,Brazil,Entertainment and Music,1500000.0,tiktok,brazil,False,2024,Music,MAPPED,,
37,Carol Chamberlain @carolchamberlain,5100000.0,,Brazil,Acting and Drama,1500000.0,tiktok,brazil,False,2024,Entertainment,MAPPED,,
38,Daniele Lopes @danielelopes.s,5000000.0,,Brazil,,1500000.0,tiktok,brazil,False,2024,,,,
39,Ana Julia Mallmann ✨ @ana_mallmann_,5000000.0,,Brazil,,1500000.0,tiktok,brazil,False,2024,,,,
40,Bruna Louise @abrunalouise,5000000.0,,Brazil,,1500000.0,tiktok,brazil,False,2024,,,,
41,Dani Russo @danirussotv,5000000.0,,Brazil,Entertainment and Music,1500000.0,tiktok,brazil,False,2024,Music,MAPPED,,
42,doarda @doarda,4900000.0,,Brazil,Life and Society Travel,1500000.0,tiktok,brazil,False,2024,Knowledge&Info,MAPPED,,
43,Laizza @laizza,4900000.0,,Brazil,,1500000.0,tiktok,brazil,False,2024,,,,
44,Marina Ruy Barbosa @marinaruybarbosa,4900000.0,,Brazil,,1500000.0,tiktok,brazil,False,2024,,,,
45,Marvin @marvinlaqueen,4900000.0,,Brazil,Entertainment and Music,1500000.0,tiktok,brazil,False,2024,Music,MAPPED,,
46,Davi Kneip @davikneip,4600000.0,,Brazil,,1400000.0,tiktok,brazil,False,2024,,,,
47,Tailane Garcia @tailanegarcia,4600000.0,,Brazil,Funny,1400000.0,tiktok,brazil,False,2024,Entertainment,MAPPED,,
48,Bia @magicardb,4600000.0,,Brazil,Funny,1400000.0,tiktok,brazil,False,2024,Entertainment,MAPPED,,
49,TNT Sports Brasil @tntsportsbr,4600000.0,,Brazil,Sports,1400000.0,tiktok,brazil,False,2024,Sports,MAPPED,,
50,@julyanadaiane @julyanadaiane,4600000.0,,Brazil,Romance and Wedding,1400000.0,tiktok,brazil,False,2024,Beauty&Fashion,MAPPED,,
51,Big Brother Brasil @bbb,4400000.0,,Brazil,,1300000.0,tiktok,brazil,False,2024,,,,
52,Luan Santana @luansantana,4400000.0,,Brazil,Entertainment and Music,1300000.0,tiktok,brazil,False,2024,Music,MAPPED,,
53,Wesley Safadão @wesleysafadao,4300000.0,,Brazil,Entertainment and Music,1300000.0,tiktok,brazil,False,2024,Music,MAPPED,,
54,Castro Brothers @castrobrothersoficial,4200000.0,,Brazil,Entertainment and Music Funny,1300000.0,tiktok,brazil,False,2024,Music,MAPPED,,
55,Sil konce @silkonce,4200000.0,,Brazil,Entertainment and Music Funny,1300000.0,tiktok,brazil,False,2024,Music,MAPPED,,
56,Andressah Catty @andressahcatty,4100000.0,,Brazil,Education,1200000.0,tiktok,brazil,False,2024,Knowledge&Info,MAPPED,,
57,Agatha Moreira @agathaamoreiraa,4100000.0,0.1,Brazil,,1200000.0,tiktok,brazil,False,2024,,,,
58,amorporeceitas @amorporeceitas,4000000.0,,Brazil,,1200000.0,tiktok,brazil,False,2024,,,,
59,Caio Pericinoto @caiopericinoto,3900000.0,,Brazil,Entertainment and Music Funny,1200000.0,tiktok,brazil,False,2024,Music,MAPPED,,
60,C A M E R A B R O @camera_bro,3800000.0,0.7,Brazil,Photography,1100000.0,tiktok,brazil,False,2024,Lifestyle,MAPPED,,
61,Corinthians @corinthians,3700000.0,0.6,Brazil,Sports,1100000.0,tiktok,brazil,False,2024,Sports,MAPPED,,
62,Alice Oliveira 💕 @alicereja,3600000.0,,Brazil,Acting and Drama,1100000.0,tiktok,brazil,False,2024,Entertainment,MAPPED,,
63,Gabby B @gabbyb_music,3600000.0,,Brazil,Entertainment and Music,1100000.0,tiktok,brazil,False,2024,Music,MAPPED,,
64,Sam Bechara @sambechara_,3500000.0,,Brazil,Entertainment and Music,1100000.0,tiktok,brazil,False,2024,Music,MAPPED,,
65,Caciano Kuffel @cacianok,3500000.0,0.1,Brazil,Arts and Crafts Entertainment and Music,1100000.0,tiktok,brazil,False,2024,Music,MAPPED,,
66,Thay Couto @thaycouuto,3500000.0,,Brazil,Entertainment and Music,1100000.0,tiktok,brazil,False,2024,Music,MAPPED,,
67,Matheus Theodoro @matheus_theodoro,3400000.0,,Brazil,Entertainment and Music Funny,1000000.0,tiktok,brazil,False,2024,Music,MAPPED,,
68,South America Memes @southamericamemes,3300000.0,,Brazil,,990000.0,tiktok,brazil,False,2024,,,,
69,GrandeGringoBranco @grandegringobranco,3300000.0,0.1,Brazil,,990000.0,tiktok,brazil,False,2024,,,,
70,Isa Paoli @isapaoli,3200000.0,,Brazil,Funny,960000.0,tiktok,brazil,False,2024,Entertainment,MAPPED,,
71,Caio Oliveira @caioliveiralex,3200000.0,,Brazil,,960000.0,tiktok,brazil,False,2024,,,,
72,Manoella Campello @manoellacampello,3100000.0,,Brazil,,930000.0,tiktok,brazil,False,2024,,,,
73,Sophia Blair @sophiablairr,3100000.0,2.3,Brazil,Entertainment and Music,930000.0,tiktok,brazil,False,2024,Music,MAPPED,,
74,CALL ME LUCAS 🇧🇷 @00h.03m,3100000.0,,Brazil,Entertainment and Music,930000.0,tiktok,brazil,False,2024,Music,MAPPED,,
75,Barbie Boy Maiderson @barbieboymaiderson,3100000.0,,Brazil,Entertainment and Music,930000.0,tiktok,brazil,False,2024,Music,MAPPED,,
76,Ju Araújo @ajuaraujo,3100000.0,,Brazil,Entertainment and Music,930000.0,tiktok,brazil,False,2024,Music,MAPPED,,
77,Laura Fernandes @lauriinhafeer,3000000.0,,Brazil,,900000.0,tiktok,brazil,False,2024,,,,
78,Kim RosaCuca @kimrosacuca,3000000.0,,Brazil,Entertainment and Music,900000.0,tiktok,brazil,False,2024,Music,MAPPED,,
79,Wiris Viana @wirisvianaofficial,3000000.0,0.1,Brazil,Entertainment and Music,900000.0,tiktok,brazil,False,2024,Music,MAPPED,,
80,nilsinho @nilsonnetu,2900000.0,,Brazil,Entertainment and Music,870000.0,tiktok,brazil,False,2024,Music,MAPPED,,
81,Cleane Fontenele @cleanefonteneletv,2900000.0,,Brazil,,870000.0,tiktok,brazil,False,2024,,,,
82,Gabrielmatss @don_gbzin,2800000.0,,Brazil,,840000.0,tiktok,brazil,False,2024,,,,
83,Matheus Mazzola @m.mazzola,2800000.0,,Brazil,Outdoor Activity,840000.0,tiktok,brazil,False,2024,Sports,MAPPED,,
84,Sabrina Bruna @sabrinatattoo,2800000.0,4.4,Brazil,,840000.0,tiktok,brazil,False,2024,,,,
85,Gustax ✨ @gustaxoficial,2800000.0,,Brazil,Entertainment and Music Funny,840000.0,tiktok,brazil,False,2024,Music,MAPPED,,
86,Otaviano Costa @otaviano,2700000.0,,Brazil,Entertainment and Music,810000.0,tiktok,brazil,False,2024,Music,MAPPED,,
87,Ingrid Guimaraes @ingridguimaraesoficial,2700000.0,,Brazil,Acting and Drama Funny,810000.0,tiktok,brazil,False,2024,Entertainment,MAPPED,,
88,Jalex @jalexrosa,2700000.0,1.4,Brazil,,810000.0,tiktok,brazil,False,2024,,,,
89,Samsung Brasil @samsungbrasil,2600000.0,0.2,Brazil,Product Showcase,780000.0,tiktok,brazil,False,2024,Beauty&Fashion,MAPPED,,
90,Manual do Mundo @manualdomundo,2600000.0,,Brazil,Education DIY and Life Hacks,780000.0,tiktok,brazil,False,2024,Knowledge&Info,MAPPED,,
91,Mustache @reviewsdomustache,2600000.0,,Brazil,Food Travel,780000.0,tiktok,brazil,False,2024,Lifestyle,MAPPED,,
92,Júlia Gava @itsjuli4_,2600000.0,,Brazil,Acting and Drama,780000.0,tiktok,brazil,False,2024,Entertainment,MAPPED,,
93,Chloe Marie Dubois @chloemariedub,2600000.0,0.1,Brazil,,780000.0,tiktok,brazil,False,2024,,,,
94,Raylla fachin @rayllafachin33,2600000.0,,Brazil,,780000.0,tiktok,brazil,False,2024,,,,
95,Marcus Majella @marcusmajella,2600000.0,0.1,Brazil,,780000.0,tiktok,brazil,False,2024,,,,
96,Fãs do Cláudio Duarte @claudioduarteoficial0,2600000.0,,Brazil,family,780000.0,tiktok,brazil,False,2024,Lifestyle,MAPPED,,
97,Arthur e Letícia @loucurasdeumcasal_,2500000.0,,Brazil,,750000.0,tiktok,brazil,False,2024,,,,
98,Podologa Kelly Freitas 🦶🏽 @podologakellyfreitas,2500000.0,,Brazil,Beauty and Self Care,750000.0,tiktok,brazil,False,2024,Beauty&Fashion,MAPPED,,
99,Felipe Prior @eumesmofelipeprior,2400000.0,,Brazil,Arts and Crafts,720000.0,tiktok,brazil,False,2024,Lifestyle,MAPPED,,
100,rio @rio.tew,2400000.0,,Brazil,Entertainment and Music,720000.0,tiktok,brazil,False,2024,Music,MAPPED,,
1,Ryan Reynolds @vancityreynolds,22900000.0,8.5,Canada,,6900000.0,tiktok,canada,False,2024,,,,
2,Eh Bee Family @ehbeefamily,11000000.0,,Canada,family Entertainment and Music Funny,3300000.0,tiktok,canada,False,2024,Music,MAPPED,,
3,Brooklynne Webb @xobrooklynne,10900000.0,,Canada,,3300000.0,tiktok,canada,False,2024,,,,
4,Kim Migneault @kimmigneault,10300000.0,,Canada,Entertainment and Music,3100000.0,tiktok,canada,False,2024,Music,MAPPED,,
5,Howie Mandel @officialhowiemandel,9700000.0,,Canada,Entertainment and Music,2900000.0,tiktok,canada,False,2024,Music,MAPPED,,
6,Eric Struk @ericstruk,7700000.0,,Canada,Entertainment and Music,2300000.0,tiktok,canada,False,2024,Music,MAPPED,,
7,Shay Mitchell @shaymitchell,7200000.0,,Canada,,2200000.0,tiktok,canada,False,2024,,,,
8,Dan Shaba @danshaba,6300000.0,0.2,Canada,Food DIY and Life Hacks,1900000.0,tiktok,canada,False,2024,Lifestyle,MAPPED,,
9,Aileenchristineee @aileenchristineee,5900000.0,,Canada,Entertainment and Music,1800000.0,tiktok,canada,False,2024,Music,MAPPED,,
10,Basement Gang @basementgang,5400000.0,0.1,Canada,,1600000.0,tiktok,canada,False,2024,,,,
11,Nick Eh 30 @nickeh30,4600000.0,,Canada,,1400000.0,tiktok,canada,False,2024,,,,
12,Mark @markcannatarofilms,3900000.0,0.8,Canada,,1200000.0,tiktok,canada,False,2024,,,,
13,joey :) @joewoahy,3800000.0,,Canada,,1100000.0,tiktok,canada,False,2024,,,,
14,Samantha & Madeleine @caleontwins,3500000.0,,Canada,Entertainment and Music Funny,1100000.0,tiktok,canada,False,2024,Music,MAPPED,,
15,Olympus Great Danes @olympusgreatdanes,3400000.0,,Canada,Pets,1000000.0,tiktok,canada,False,2024,Lifestyle,MAPPED,,
16,Aylex Thunder™ @aylextv,3300000.0,,Canada,,990000.0,tiktok,canada,False,2024,,,,
17,Walk off the Earth @walkofftheearth,3100000.0,,Canada,Entertainment and Music Outdoor Activity,930000.0,tiktok,canada,False,2024,Sports,MAPPED,,
18,vorostwins @vorostwins,3100000.0,,Canada,Entertainment and Music,930000.0,tiktok,canada,False,2024,Music,MAPPED,,
19,LastMinit @lastminit_,3000000.0,,Canada,Entertainment and Music Games,900000.0,tiktok,canada,False,2024,Tech&Gaming,MAPPED,,
20,Tanyalee Davis @tanyaleedavis,3000000.0,,Canada,Entertainment and Music Education,900000.0,tiktok,canada,False,2024,Knowledge&Info,MAPPED,,
21,Ryan Doka @dokaryan,3000000.0,0.1,Canada,Arts and Crafts,900000.0,tiktok,canada,False,2024,Lifestyle,MAPPED,,
22,CAN @candraaditiyaaaa,2800000.0,,Canada,,840000.0,tiktok,canada,False,2024,,,,
23,Chris Bumstead @cbum,2600000.0,0.2,Canada,,780000.0,tiktok,canada,False,2024,,,,
24,Vivian Xue Rahey @vivxue,2500000.0,,Canada,Beauty and Self Care Business and Finance,750000.0,tiktok,canada,False,2024,Beauty&Fashion,MAPPED,,
25,Shania Twain @shaniatwain,2500000.0,,Canada,Entertainment and Music,750000.0,tiktok,canada,False,2024,Music,MAPPED,,
26,Rachid Badouri @rachidbadouriofficiel,2300000.0,0.5,Canada,Entertainment and Music,690000.0,tiktok,canada,False,2024,Music,MAPPED,,
27,Yes Theory @yestheory,2200000.0,0.1,Canada,Entertainment and Music,660000.0,tiktok,canada,False,2024,Music,MAPPED,,
28,Waffwl @waffwlwolf,2200000.0,,Canada,,660000.0,tiktok,canada,False,2024,,,,
29,MaximeB @maximeb,2100000.0,,Canada,Entertainment and Music Games,630000.0,tiktok,canada,False,2024,Tech&Gaming,MAPPED,,
30,Braeden O’Brien @braeden.obrien,2100000.0,,Canada,Arts and Crafts,630000.0,tiktok,canada,False,2024,Lifestyle,MAPPED,,
31,tikatheiggy @tikatheiggy,2100000.0,,Canada,Pets,630000.0,tiktok,canada,False,2024,Lifestyle,MAPPED,,
32,Sergio’s Talks @sergios.talks,2000000.0,0.1,Canada,Entertainment and Music,600000.0,tiktok,canada,False,2024,Music,MAPPED,,
33,Martu Boden @martuboden_,2000000.0,,Canada,,600000.0,tiktok,canada,False,2024,,,,
34,Sam Talu 🍒 @samtalu,1900000.0,,Canada,,570000.0,tiktok,canada,False,2024,,,,
35,Robert E. Blackmon @roberteblackmon,1800000.0,,Canada,Entertainment and Music,540000.0,tiktok,canada,False,2024,Music,MAPPED,,
36,Jehvon Gairy @jehvong,1800000.0,,Canada,Entertainment and Music Funny Life and Society,540000.0,tiktok,canada,False,2024,Knowledge&Info,MAPPED,,
37,Tory Lanez @torylanez,1800000.0,,Canada,Entertainment and Music,540000.0,tiktok,canada,False,2024,Music,MAPPED,,
38,WhiteChocolateGangster @whitechocolategangster,1800000.0,,Canada,,540000.0,tiktok,canada,False,2024,,,,
39,Zulushi @zulushi,1700000.0,,Canada,Entertainment and Music Funny,510000.0,tiktok,canada,False,2024,Music,MAPPED,,
40,A bordo Nati @abordonati,1700000.0,,Canada,,510000.0,tiktok,canada,False,2024,,,,
41,Old & Dumb @pepperonijoe,1700000.0,0.6,Canada,,510000.0,tiktok,canada,False,2024,,,,
42,Max Didluck @didluck,1700000.0,,Canada,,510000.0,tiktok,canada,False,2024,,,,
43,genobonfiglio @genobonfiglio,1700000.0,,Canada,Fitness and Health Entertainment and Music,510000.0,tiktok,canada,False,2024,Sports,MAPPED,,
44,Tati McQuay @tatimcquay,1700000.0,,Canada,Entertainment and Music,510000.0,tiktok,canada,False,2024,Music,MAPPED,,
45,paigemevans @paigemevans,1700000.0,,Canada,Acting and Drama,510000.0,tiktok,canada,False,2024,Entertainment,MAPPED,,
46,Ido_twins @ido_twins,1600000.0,,Canada,Arts and Crafts Entertainment and Music,480000.0,tiktok,canada,False,2024,Music,MAPPED,,
47,theScore esports @thescoreesports,1600000.0,,Canada,Games,480000.0,tiktok,canada,False,2024,Tech&Gaming,MAPPED,,
48,tristanvandrine @tristanvd,1600000.0,1.4,Canada,Fashion and Accessories,480000.0,tiktok,canada,False,2024,Beauty&Fashion,MAPPED,,
49,Raphael La Ferrara @raphlaf_magic,1600000.0,,Canada,Entertainment and Music,480000.0,tiktok,canada,False,2024,Music,MAPPED,,
50,Macy Ray @macyraydearing,1500000.0,,Canada,,450000.0,tiktok,canada,False,2024,,,,
51,helen li @heyhelenli,1500000.0,,Canada,Celebrity,450000.0,tiktok,canada,False,2024,Entertainment,MAPPED,,
52,Domino Santantonio @dominosantantonio,1500000.0,,Canada,,450000.0,tiktok,canada,False,2024,,,,
53,What’s up Claire @whatsupclaire,1500000.0,,Canada,DIY and Life Hacks,450000.0,tiktok,canada,False,2024,Lifestyle,MAPPED,,
54,emdoessketches @emdoessketches,1500000.0,,Canada,Arts and Crafts Education,450000.0,tiktok,canada,False,2024,Knowledge&Info,MAPPED,,
55,abdullah.pak @abdullah.pak,1500000.0,,Canada,Education Upskilling,450000.0,tiktok,canada,False,2024,Knowledge&Info,MAPPED,,
56,AJ @adia.john,1400000.0,,Canada,Entertainment and Music,420000.0,tiktok,canada,False,2024,Music,MAPPED,,
57,Duane Shoots Toys @duaneshootstoys,1400000.0,,Canada,Arts and Crafts Product Showcase,420000.0,tiktok,canada,False,2024,Beauty&Fashion,MAPPED,,
58,Mo Mustafa @mufastamo,1400000.0,,Canada,Funny Entertainment and Music,420000.0,tiktok,canada,False,2024,Music,MAPPED,,
59,Drew Barsness @canada_drew,1400000.0,,Canada,Education,420000.0,tiktok,canada,False,2024,Knowledge&Info,MAPPED,,
60,CallMeMing @hicallmeming,1400000.0,,Canada,,420000.0,tiktok,canada,False,2024,,,,
61,TRAILER PARK BOYS @trailerparkboysofficial,1400000.0,0.2,Canada,Entertainment and Music Funny,420000.0,tiktok,canada,False,2024,Music,MAPPED,,
62,Brad Gosse The Comedian @bradgosse,1300000.0,,Canada,Entertainment and Music Funny,390000.0,tiktok,canada,False,2024,Music,MAPPED,,
63,lily & bean 🐈🇨🇦 @beautynthebean,1300000.0,,Canada,Pets,390000.0,tiktok,canada,False,2024,Lifestyle,MAPPED,,
64,Lilly Singh @lilly,1300000.0,,Canada,Entertainment and Music,390000.0,tiktok,canada,False,2024,Music,MAPPED,,
65,The Icing Artist @theicingartist,1300000.0,,Canada,Food Arts and Crafts,390000.0,tiktok,canada,False,2024,Lifestyle,MAPPED,,
66,Coal @mastercoal,1300000.0,0.3,Canada,Video Gaming,390000.0,tiktok,canada,False,2024,Tech&Gaming,MAPPED,,
67,tayler @daddiefish,1300000.0,,Canada,Sports Outdoor Activity,390000.0,tiktok,canada,False,2024,Sports,MAPPED,,
68,Sóc Nâu @hoanglong.socnau,1300000.0,,Canada,Entertainment and Music Funny Life and Society,390000.0,tiktok,canada,False,2024,Knowledge&Info,MAPPED,,
69,Sterling Newton @lifeofsterlingnewton,1200000.0,,Canada,,360000.0,tiktok,canada,False,2024,,,,
70,Max Emerson Taylor @maxemersontaylor,1200000.0,,Canada,,360000.0,tiktok,canada,False,2024,,,,
71,_𝕋𝕙𝕖_𝕗𝕒𝕕𝕖𝕕_𝕝𝕚𝕟𝕖_ @_the_faded_line_,1200000.0,,Canada,,360000.0,tiktok,canada,False,2024,,,,
72,Vega @vega.cos,1200000.0,,Canada,,360000.0,tiktok,canada,False,2024,,,,
73,Knocknockwhosthere @knocknockwhosthere,1200000.0,,Canada,Education Upskilling,360000.0,tiktok,canada,False,2024,Knowledge&Info,MAPPED,,
74,Eythan Henson @ehthn,1200000.0,,Canada,,360000.0,tiktok,canada,False,2024,,,,
75,Kevin Dien @swaydk,1200000.0,,Canada,,360000.0,tiktok,canada,False,2024,,,,
76,360 @clinic360,1200000.0,,Canada,Product Showcase Product Education,360000.0,tiktok,canada,False,2024,Beauty&Fashion,MAPPED,,
77,Aviraj❤️Rupinder @avirims,1200000.0,,Canada,,360000.0,tiktok,canada,False,2024,,,,
78,Sara @saramokedanz,1100000.0,,Canada,,330000.0,tiktok,canada,False,2024,,,,
79,aneta @aneta.podolak,1100000.0,,Canada,Entertainment and Music,330000.0,tiktok,canada,False,2024,Music,MAPPED,,
80,Baani Sandhu @baanisandhu,1100000.0,,Canada,,330000.0,tiktok,canada,False,2024,,,,
81,Marcus Territory @marcusterritory,1100000.0,0.1,Canada,Fashion and Accessories,330000.0,tiktok,canada,False,2024,Beauty&Fashion,MAPPED,,
82,Eythan @imeythanhervey,1100000.0,,Canada,,330000.0,tiktok,canada,False,2024,,,,
83,Mimi Choi @mimles,1100000.0,,Canada,Arts and Crafts Beauty and Self Care,330000.0,tiktok,canada,False,2024,Beauty&Fashion,MAPPED,,
84,Nick Pro @the.nick.pro,1100000.0,,Canada,,330000.0,tiktok,canada,False,2024,,,,
85,Zachdubs @zachdubs,1100000.0,0.1,Canada,Entertainment and Music,330000.0,tiktok,canada,False,2024,Music,MAPPED,,
86,Bizzy Boom @bizzyboom,1100000.0,,Canada,Entertainment and Music,330000.0,tiktok,canada,False,2024,Music,MAPPED,,
87,Nick The Goalie @nickthegoalie_1,1100000.0,3.6,Canada,Finance,330000.0,tiktok,canada,False,2024,Knowledge&Info,MAPPED,,
88,Jay Amortegui @jayamortegui,1100000.0,,Canada,Entertainment and Music,330000.0,tiktok,canada,False,2024,Music,MAPPED,,
89,"Nico, Jackson & Zoey @nico.jackson.zoey",1000000.0,,Canada,Pets family,300000.0,tiktok,canada,False,2024,Lifestyle,MAPPED,,
90,Pierre-Émile Lv @love_by_pierreemile,1000000.0,41.3,Canada,Entertainment and Music,300000.0,tiktok,canada,False,2024,Music,MAPPED,,
91,Nando Sirianni @nandosirianni,997800.0,,Canada,Fashion and Accessories,299300.0,tiktok,canada,False,2024,Beauty&Fashion,MAPPED,,
92,Drew Ray Tanner @thewerdworld,997100.0,0.5,Canada,,299100.0,tiktok,canada,False,2024,,,,
93,Splorin Lauren @splorin.lauren,992800.0,,Canada,Travel Outdoor Activity,297800.0,tiktok,canada,False,2024,Sports,MAPPED,,
94,Annie @race_red_annie,980000.0,,Canada,,294000.0,tiktok,canada,False,2024,,,,
95,msdongan @msdongan,979500.0,,Canada,Fashion and Accessories Beauty and Self Care,293900.0,tiktok,canada,False,2024,Beauty&Fashion,MAPPED,,
96,s_kay_galot @s_kay_galot8,971200.0,,Canada,,291400.0,tiktok,canada,False,2024,,,,
97,Lindsey • Mom Life @tiktokin.mama,970200.0,,Canada,family Funny,291100.0,tiktok,canada,False,2024,Entertainment,MAPPED,,
98,Eel @eelfeel,964800.0,0.1,Canada,,289400.0,tiktok,canada,False,2024,,,,
99,Nicole Pangilinan @itsmenicolengg,959000.0,,Canada,Entertainment and Music Funny,287700.0,tiktok,canada,False,2024,Music,MAPPED,,
100,Billy Maverick @billymaver1ck,956100.0,,Canada,Business and Finance,286800.0,tiktok,canada,False,2024,Knowledge&Info,MAPPED,,
1,Ignacia Antonia👑 @ignaciaa_antonia,28200000.0,,Chile,Beauty and Self Care,8500000.0,tiktok,chile,False,2024,Beauty&Fashion,MAPPED,,
2,Ferchis✨🐿🐝✨ @fer_con_f_de_fergaaaaaaa,3700000.0,,Chile,,1100000.0,tiktok,chile,False,2024,,,,
3,Sofia Donoso @sofiadonosol,3200000.0,,Chile,Entertainment and Music,960000.0,tiktok,chile,False,2024,Music,MAPPED,,
4,Kangel @kaangeel,2500000.0,,Chile,,750000.0,tiktok,chile,False,2024,,,,
5,𝔄𝔩𝔢𝔧𝔬 𝔒𝔰 @alejooosorio,2400000.0,,Chile,Entertainment and Music,720000.0,tiktok,chile,False,2024,Music,MAPPED,,
6,Bufón Namasté @bufonnamaste,2300000.0,,Chile,Funny,690000.0,tiktok,chile,False,2024,Entertainment,MAPPED,,
7,Fran Chekal @franchekal,2100000.0,,Chile,,630000.0,tiktok,chile,False,2024,,,,
8,Renata Jara🏹 @renatosa,2000000.0,,Chile,Entertainment and Music Funny,600000.0,tiktok,chile,False,2024,Music,MAPPED,,
9,F.A.B.IA.N _ANDRI @f.abian.xx,1700000.0,,Chile,Entertainment and Music,510000.0,tiktok,chile,False,2024,Music,MAPPED,,
10,Princesita sofía @sofilatham,1600000.0,,Chile,,480000.0,tiktok,chile,False,2024,,,,
11,SEBASTIÁN TOBAR💀 @sebastiantobar.s,1600000.0,,Chile,Entertainment and Music,480000.0,tiktok,chile,False,2024,Music,MAPPED,,
12,Katita Dhq @katitadhq,1400000.0,,Chile,,420000.0,tiktok,chile,False,2024,,,,
13,🖤memi ☠️⚡️ @memibgc,1300000.0,,Chile,,390000.0,tiktok,chile,False,2024,,,,
14,Luz Celina Cervo @luzcelinacervo,1200000.0,,Chile,,360000.0,tiktok,chile,False,2024,,,,
15,✨Matias Peña✨ @matiaspfigueroaa,1200000.0,5.0,Chile,Entertainment and Music,360000.0,tiktok,chile,False,2024,Music,MAPPED,,
16,31 minutos @31minutostiktok,1200000.0,0.3,Chile,,360000.0,tiktok,chile,False,2024,,,,
17,Brass @tomsonbrass,1200000.0,,Chile,,360000.0,tiktok,chile,False,2024,,,,
18,virtualpapi @tomiipapii,1000000.0,0.4,Chile,Entertainment and Music,300000.0,tiktok,chile,False,2024,Music,MAPPED,,
19,Brahiron Chávez @bray.onn,1000000.0,0.1,Chile,Entertainment and Music,300000.0,tiktok,chile,False,2024,Music,MAPPED,,
20,Nicolas Cruces @nicolas.cruces,1000000.0,0.1,Chile,,300000.0,tiktok,chile,False,2024,,,,
21,Jose Pablo Leizgold @fallenbaby,998000.0,0.9,Chile,Animation and Cosplay,299400.0,tiktok,chile,False,2024,Tech&Gaming,MAPPED,,
22,rusio_s3b4 @rusio_s3b4,996000.0,0.1,Chile,,298800.0,tiktok,chile,False,2024,,,,
23,Coti Courard @iamcoti,981000.0,,Chile,Entertainment and Music,294300.0,tiktok,chile,False,2024,Music,MAPPED,,
24,FrozenFilms @frozenfilms,974500.0,,Chile,,292400.0,tiktok,chile,False,2024,,,,
25,ElJotaKing @eljotaking,957100.0,0.1,Chile,Entertainment and Music Funny,287100.0,tiktok,chile,False,2024,Music,MAPPED,,
26,sebadranzer @sebadranzer,951500.0,0.1,Chile,Entertainment and Music Education,285500.0,tiktok,chile,False,2024,Knowledge&Info,MAPPED,,
27,cortos_losdifuncional @cortos_losdifuncional,948300.0,,Chile,,284500.0,tiktok,chile,False,2024,,,,
28,Sergio Rojas @sergiortech,939500.0,,Chile,,281900.0,tiktok,chile,False,2024,,,,
29,Perfumería Comprar en Chile @comprarenchile.cl,928300.0,,Chile,Beauty and Self Care,278500.0,tiktok,chile,False,2024,Beauty&Fashion,MAPPED,,
30,Nameless @namelessgirlss,923100.0,1.8,Chile,,276900.0,tiktok,chile,False,2024,,,,
31,Jeicko.ff @jeicko.ff,921800.0,,Chile,,276500.0,tiktok,chile,False,2024,,,,
32,✨ El Tomi ✨ @soyeltomi,918200.0,,Chile,Entertainment and Music Funny,275500.0,tiktok,chile,False,2024,Music,MAPPED,,
33,BOTSITAAA 🍭✨ @soycaritoff._,906500.0,,Chile,Video Gaming,272000.0,tiktok,chile,False,2024,Tech&Gaming,MAPPED,,
34,Danicrutchik 💘 @danicrutchik,891700.0,,Chile,,267500.0,tiktok,chile,False,2024,,,,
35,SP┊DANYPLAУ @danyplay.ff,874100.0,,Chile,,262200.0,tiktok,chile,False,2024,,,,
36,renato Holzapfel jr🔥 @renvtitoou,871200.0,0.1,Chile,,261400.0,tiktok,chile,False,2024,,,,
37,Alexia @aalexiabravo,868900.0,,Chile,,260700.0,tiktok,chile,False,2024,,,,
38,slime afta! @sofiaveram,863800.0,,Chile,,259100.00000000003,tiktok,chile,False,2024,,,,
39,Diego Fuenzalida @diegofuenzalida0,862300.0,,Chile,,258700.0,tiktok,chile,False,2024,,,,
40,meganoticiascl @meganoticias.cl,857400.0,,Chile,,257200.0,tiktok,chile,False,2024,,,,
41,Ignacia Michelson ☠️😈 @nacha_acashore,852200.0,,Chile,,255700.0,tiktok,chile,False,2024,,,,
42,Saralina Solano @saradetalles_,842500.0,,Chile,,252800.0,tiktok,chile,False,2024,,,,
43,DustinAndMaya @dustinandmaya,835200.0,,Chile,,250600.0,tiktok,chile,False,2024,,,,
44,Diego Honorato @diegohonoratodc,825800.0,,Chile,Health and Medical Services,247700.0,tiktok,chile,False,2024,Knowledge&Info,MAPPED,,
45,✨Javiera Alejandra✨ @itsvlxj,822700.0,,Chile,,246800.0,tiktok,chile,False,2024,,,,
46,flaco🔥 @flaquitous,818100.0,,Chile,,245400.0,tiktok,chile,False,2024,,,,
47,Valentina Elena 🖤 @valentinaelenaaa,816500.0,,Chile,,245000.0,tiktok,chile,False,2024,,,,
48,alexitoh @nikowhois,813900.0,,Chile,,244200.0,tiktok,chile,False,2024,,,,
49,Don Plátano @platano_kkita,809800.0,0.2,Chile,,242900.0,tiktok,chile,False,2024,,,,
50,Rudy Alexis Haro @oye_rody,804300.0,,Chile,Entertainment and Music,241300.0,tiktok,chile,False,2024,Music,MAPPED,,
51,💤 @elwalalaqliao,800500.0,0.3,Chile,,240200.0,tiktok,chile,False,2024,,,,
52,ᓚᘏᗢ kim @luvmalboro,797300.0,0.2,Chile,,239200.0,tiktok,chile,False,2024,,,,
53,Journal Party 🥳 @journalparty,791900.0,,Chile,,237600.0,tiktok,chile,False,2024,,,,
54,Charlesitoo😼 @angelcharless_,790200.0,,Chile,,237100.0,tiktok,chile,False,2024,,,,
55,freestyles_sad @freestyles_sad,781000.0,0.1,Chile,,234300.0,tiktok,chile,False,2024,,,,
56,pro eres tú 💞 @_jihyolove_,774300.0,0.2,Chile,,232300.0,tiktok,chile,False,2024,,,,
57,EDITS TIKTOK CHILEAN @editstiktokchilean,771800.0,,Chile,,231500.0,tiktok,chile,False,2024,,,,
58,Nacho🤴🏽⚽️ @nelson_ignaciioo,769300.0,,Chile,,230800.0,tiktok,chile,False,2024,,,,
59,Maltrunks @noesmaltrunks,764500.0,0.2,Chile,,229400.0,tiktok,chile,False,2024,,,,
60,Alessia @aletraverso,760300.0,,Chile,,228100.0,tiktok,chile,False,2024,,,,
61,BENJA 🏌🏻♌️ @ibenjamora_,757500.0,,Chile,Sports,227300.0,tiktok,chile,False,2024,Sports,MAPPED,,
62,Tamii Navarrete ❁ @navarretteee,756300.0,,Chile,Business and Finance,226900.0,tiktok,chile,False,2024,Knowledge&Info,MAPPED,,
63,xkasenl @xkasenl,750000.0,,Chile,,225000.0,tiktok,chile,False,2024,,,,
64,IvyLacaballota @ivyqueenjefa,749400.0,,Chile,,224800.0,tiktok,chile,False,2024,,,,
65,Scarlett Castro M @scarbaby_,745500.0,,Chile,,223700.0,tiktok,chile,False,2024,,,,
66,Karla Andrea Melo @karlitamelo,738400.0,,Chile,,221500.0,tiktok,chile,False,2024,,,,
67,Jade reyes 👑 @jade_reyes_official,733400.0,,Chile,,220000.0,tiktok,chile,False,2024,,,,
68,🌊🌊 @e__hukkk2,712600.0,0.4,Chile,,213800.0,tiktok,chile,False,2024,,,,
69,Practicatest Chile @practicatest.cl,711200.0,,Chile,Auto and Vehicles,213400.0,tiktok,chile,False,2024,Tech&Gaming,MAPPED,,
70,Edits Sen Cal Kapimi✨ @_editssencalkapimi,703200.0,,Chile,,211000.0,tiktok,chile,False,2024,,,,
71,Josepha🤍 @sheisjoo,696800.0,,Chile,,209000.0,tiktok,chile,False,2024,,,,
72,David Avila @davidavilae,680200.0,0.1,Chile,Business and Finance,204100.0,tiktok,chile,False,2024,Knowledge&Info,MAPPED,,
73,Cato Riesco @cato.rd,678000.0,,Chile,,203400.0,tiktok,chile,False,2024,,,,
74,Elcanaldelpatron @elcanaldelpatron,677500.0,,Chile,,203300.0,tiktok,chile,False,2024,,,,
75,LA COCINA DE DAPHNE ❤️👩‍🍳 @cocina.con.daphne,671300.0,0.2,Chile,,201400.0,tiktok,chile,False,2024,,,,
76,isi🧸 @isidoraslime,670100.0,,Chile,DIY and Life Hacks,201000.0,tiktok,chile,False,2024,Lifestyle,MAPPED,,
77,jonasjeanbaptiste32 @donchipereloges04,666500.0,,Chile,,200000.0,tiktok,chile,False,2024,,,,
78,PablitoPesadilla @pablitopesadilla,665300.0,,Chile,Entertainment and Music,199600.0,tiktok,chile,False,2024,Music,MAPPED,,
79,Constanza @laconiee_,660800.0,,Chile,,198200.0,tiktok,chile,False,2024,,,,
80,Ayliwis @ayliwis.f,653600.0,0.1,Chile,,196100.0,tiktok,chile,False,2024,,,,
81,CENTRO DEL MIEDO @centromiedo,638300.0,,Chile,,191500.0,tiktok,chile,False,2024,,,,
82,🌌Meta 640k🌌 @famoxs_girl.7282,632900.0,0.6,Chile,,189900.0,tiktok,chile,False,2024,,,,
83,✨uwu✨ @lonapuwu,620600.0,0.1,Chile,,186200.0,tiktok,chile,False,2024,,,,
84,qué pasa mami @byeduardito,620400.0,0.3,Chile,Product Showcase,186100.0,tiktok,chile,False,2024,Beauty&Fashion,MAPPED,,
85,Kev Lehmann @kevlehmann,620000.0,1.1,Chile,Entertainment and Music Education,186000.0,tiktok,chile,False,2024,Knowledge&Info,MAPPED,,
86,TLC Latinoamérica @tlcla,613800.0,,Chile,,184100.0,tiktok,chile,False,2024,,,,
87,Quacking Medic @quackingmedic,609000.0,0.1,Chile,,182700.0,tiktok,chile,False,2024,,,,
88,Belén🌹 @k_vlen,602900.0,4.3,Chile,Arts and Crafts,180900.0,tiktok,chile,False,2024,Lifestyle,MAPPED,,
89,Joce Salinas @la_vecinitaasmr,599800.0,,Chile,,179900.0,tiktok,chile,False,2024,,,,
90,Marlon Sebastián🤍🦋 @marlonsebaas,597000.0,,Chile,,179100.0,tiktok,chile,False,2024,,,,
91,Melissa Sandoval @melissa8234,595000.0,,Chile,,178500.0,tiktok,chile,False,2024,,,,
92,Diegoo @yiego_dmn,589900.0,,Chile,,177000.0,tiktok,chile,False,2024,,,,
93,Vicente y Eduardo😂♥ @vicente_y_eduardo,589000.0,,Chile,,176700.0,tiktok,chile,False,2024,,,,
94,wilord _ly @wilord_ly,587300.0,,Chile,,176200.0,tiktok,chile,False,2024,,,,
95,martyslime_ @dios_es_amor1584,580300.0,,Chile,,174100.0,tiktok,chile,False,2024,,,,
96,Gabriel Boric Font @gabrielboric,564000.0,0.4,Chile,,169200.0,tiktok,chile,False,2024,,,,
97,Javi @_javierittaaa,563400.0,,Chile,Beauty Fashion,169000.0,tiktok,chile,False,2024,Beauty&Fashion,MAPPED,,
98,Alex Chen @alexchenc,546300.0,,Chile,Education Entertainment and Music Funny,163900.0,tiktok,chile,False,2024,Knowledge&Info,MAPPED,,
99,Kiara @kiaras_workshop,544500.0,,Chile,DIY and Life Hacks Education,163400.0,tiktok,chile,False,2024,Knowledge&Info,MAPPED,,
100,mar🤪🤪💅🏼 @marquierellorar,539700.0,0.2,Chile,Funny,161900.0,tiktok,chile,False,2024,Entertainment,MAPPED,,
1,Karol G @karolg,51900000.0,3.8,Colombia,Entertainment and Music,15600000.0,tiktok,colombia,False,2024,Music,MAPPED,,
2,Alejandro Nieto @soybans,30400000.0,,Colombia,,9100000.0,tiktok,colombia,False,2024,,,,
3,NICOLE AMADO 🐉 @amadorat,21000000.0,,Colombia,,6300000.0,tiktok,colombia,False,2024,,,,
4,🎭 Deiry Vargas 🎭 @deiryvargas,19600000.0,0.6,Colombia,Acting and Drama,5900000.0,tiktok,colombia,False,2024,Entertainment,MAPPED,,
5,Gemelas Ortega @gemelasortega,17300000.0,,Colombia,Pets Beauty and Self Care,5200000.0,tiktok,colombia,False,2024,Beauty&Fashion,MAPPED,,
6,Maleja 👑 @soymaaleja,11700000.0,0.7,Colombia,Entertainment and Music Fashion and Accessories,3500000.0,tiktok,colombia,False,2024,Beauty&Fashion,MAPPED,,
7,mapusa🦖 @mapusa,7800000.0,,Colombia,,2300000.0,tiktok,colombia,False,2024,,,,
8,jcamilopulgarin @jcamilopulgarin,7500000.0,,Colombia,Funny,2300000.0,tiktok,colombia,False,2024,Entertainment,MAPPED,,
9,Sofia Brano @sofiabrano,7200000.0,,Colombia,Entertainment and Music,2200000.0,tiktok,colombia,False,2024,Music,MAPPED,,
10,DIEGO CADENA @diegocadena,7100000.0,,Colombia,family Entertainment and Music,2100000.0,tiktok,colombia,False,2024,Music,MAPPED,,
11,Johanna Fadul @johafadul,5800000.0,,Colombia,Acting and Drama,1700000.0,tiktok,colombia,False,2024,Entertainment,MAPPED,,
12,Calle y Poché @calleypoche,5800000.0,,Colombia,Entertainment and Music,1700000.0,tiktok,colombia,False,2024,Music,MAPPED,,
13,Carolina Gaitán (La Gaita) @lagaitagaitan,5300000.0,,Colombia,Acting and Drama,1600000.0,tiktok,colombia,False,2024,Entertainment,MAPPED,,
14,Bianki Place ♡ @bianki,4800000.0,,Colombia,Fashion and Accessories,1400000.0,tiktok,colombia,False,2024,Beauty&Fashion,MAPPED,,
15,Daniel & Nicolas García 🇨🇴 @brotherstwinz,4600000.0,,Colombia,,1400000.0,tiktok,colombia,False,2024,,,,
16,Lina Tejeiro @linatejeiro8,4500000.0,0.1,Colombia,Acting and Drama,1400000.0,tiktok,colombia,False,2024,Entertainment,MAPPED,,
17,frank trejos @franktrejos,4100000.0,,Colombia,Entertainment and Music,1200000.0,tiktok,colombia,False,2024,Music,MAPPED,,
18,Yanita Karpova @yanitabebecita,3800000.0,,Colombia,,1100000.0,tiktok,colombia,False,2024,,,,
19,ZenSoto @zensoto10,3500000.0,,Colombia,,1100000.0,tiktok,colombia,False,2024,,,,
20,Sebastián Villalobos @sebas,3200000.0,,Colombia,,960000.0,tiktok,colombia,False,2024,,,,
21,Valu @valuhenaoo1,3100000.0,,Colombia,,930000.0,tiktok,colombia,False,2024,,,,
22,Juan Pablo Toro X @juanpatorox,3000000.0,0.1,Colombia,,900000.0,tiktok,colombia,False,2024,,,,
23,ALEX <3 @alexitoxedits,2800000.0,0.3,Colombia,Arts and Crafts,840000.0,tiktok,colombia,False,2024,Lifestyle,MAPPED,,
24,Saibu @sai_bu,2800000.0,,Colombia,Entertainment and Music,840000.0,tiktok,colombia,False,2024,Music,MAPPED,,
25,Andrea Brown @andreabrownvera,2600000.0,0.1,Colombia,,780000.0,tiktok,colombia,False,2024,,,,
26,Sebastian @sebastianteransilva,2600000.0,,Colombia,,780000.0,tiktok,colombia,False,2024,,,,
27,Daneydy Barrera @epa_colombia1,2500000.0,,Colombia,,750000.0,tiktok,colombia,False,2024,,,,
28,Kevin Daza @kevindaza,2300000.0,,Colombia,,690000.0,tiktok,colombia,False,2024,,,,
29,Mol @cmolasmr,2200000.0,,Colombia,Entertainment and Music,660000.0,tiktok,colombia,False,2024,Music,MAPPED,,
30,La Mafe Mendez @lamafemendez,2100000.0,,Colombia,Beauty and Self Care,630000.0,tiktok,colombia,False,2024,Beauty&Fashion,MAPPED,,
31,Maleja Restrepo @malejarestrepo0,2000000.0,,Colombia,,600000.0,tiktok,colombia,False,2024,,,,
32,Yokoi Kenji @yokoikenjidiaz,2000000.0,0.1,Colombia,,600000.0,tiktok,colombia,False,2024,,,,
33,thejasondiaz @thejasondiaz,2000000.0,,Colombia,,600000.0,tiktok,colombia,False,2024,,,,
34,Veronicahoyoz @veronicahoyozz,1900000.0,,Colombia,,570000.0,tiktok,colombia,False,2024,,,,
35,Golden @goldengera,1800000.0,,Colombia,,540000.0,tiktok,colombia,False,2024,,,,
36,Javier Silva @javier7silva,1800000.0,,Colombia,,540000.0,tiktok,colombia,False,2024,,,,
37,Baila Facilito @bailafacilito,1600000.0,,Colombia,,480000.0,tiktok,colombia,False,2024,,,,
38,💙YUZNEY💙 @yuzyaruro,1500000.0,,Colombia,,450000.0,tiktok,colombia,False,2024,,,,
39,YEIMY PAOLA V @yeimypaolav,1500000.0,,Colombia,,450000.0,tiktok,colombia,False,2024,,,,
40,Juanpadue @juanpadue,1500000.0,,Colombia,Romance and Wedding family,450000.0,tiktok,colombia,False,2024,Beauty&Fashion,MAPPED,,
41,Alejo Ospina @aospinad_tt,1400000.0,,Colombia,Fitness and Health Entertainment and Music,420000.0,tiktok,colombia,False,2024,Sports,MAPPED,,
42,Alejo Suárez @alejoosuarez,1400000.0,,Colombia,,420000.0,tiktok,colombia,False,2024,,,,
43,!!..Lu..!! @reina_luciaapp_oficial,1400000.0,,Colombia,,420000.0,tiktok,colombia,False,2024,,,,
44,Belinda Milanes Frieri @belindamilanesfrieri,1400000.0,,Colombia,Education,420000.0,tiktok,colombia,False,2024,Knowledge&Info,MAPPED,,
45,Laura Tobon @laura_tobon,1400000.0,1.1,Colombia,,420000.0,tiktok,colombia,False,2024,,,,
46,Valeria Giraldo @valeriagldr,1300000.0,,Colombia,,390000.0,tiktok,colombia,False,2024,,,,
47,🎶Nicolas Nuvan🎵 @nicolasnuvan,1300000.0,,Colombia,Entertainment and Music,390000.0,tiktok,colombia,False,2024,Music,MAPPED,,
48,valkeel @valkeel,1200000.0,0.2,Colombia,,360000.0,tiktok,colombia,False,2024,,,,
49,Marto @jemartob,1200000.0,0.6,Colombia,Animation and Cosplay,360000.0,tiktok,colombia,False,2024,Tech&Gaming,MAPPED,,
50,Ximena Duque @ximenaduque30,1200000.0,,Colombia,Education Upskilling Acting and Drama Celebrity,360000.0,tiktok,colombia,False,2024,Knowledge&Info,MAPPED,,
51,Olga Lucía Vives @olgaluciavives,1200000.0,,Colombia,,360000.0,tiktok,colombia,False,2024,,,,
52,S_HADES12 @s_hades12,1200000.0,,Colombia,,360000.0,tiktok,colombia,False,2024,,,,
53,David Barajas @davidfbarajas,1200000.0,,Colombia,,360000.0,tiktok,colombia,False,2024,,,,
54,Kelly apraez @kelly.apraez,1200000.0,0.5,Colombia,,360000.0,tiktok,colombia,False,2024,,,,
55,melissa @melissaarojas,1200000.0,,Colombia,,360000.0,tiktok,colombia,False,2024,,,,
56,Shaira Oficial @shairaoficial,1100000.0,,Colombia,,330000.0,tiktok,colombia,False,2024,,,,
57,FedeXx😛🔥 @fedricomontoya,1100000.0,,Colombia,Celebrity,330000.0,tiktok,colombia,False,2024,Entertainment,MAPPED,,
58,Sebas @sebasberon,1100000.0,,Colombia,Games,330000.0,tiktok,colombia,False,2024,Tech&Gaming,MAPPED,,
59,Alicia Valencia @aliciavalenciaf_,1100000.0,,Colombia,,330000.0,tiktok,colombia,False,2024,,,,
60,Sara Orrego @saraorrego__,1000000.0,,Colombia,Fashion and Accessories,300000.0,tiktok,colombia,False,2024,Beauty&Fashion,MAPPED,,
61,Missdayannavargas @missdayannavargas,1000000.0,,Colombia,,300000.0,tiktok,colombia,False,2024,,,,
62,Nis @nisriinejr,1000000.0,0.3,Colombia,,300000.0,tiktok,colombia,False,2024,,,,
63,𝙸𝚜𝚜𝚊𝚋 @i_ssab,1000000.0,,Colombia,,300000.0,tiktok,colombia,False,2024,,,,
64,estrellahurtado @soyestrellahurtado,999100.0,,Colombia,Arts and Crafts Animation and Cosplay Acting and Drama,299700.0,tiktok,colombia,False,2024,Tech&Gaming,MAPPED,,
65,LA PLAGA ♛ @soy.laplaga,993300.0,0.6,Colombia,,298000.0,tiktok,colombia,False,2024,,,,
66,Aprender Online @aprenderonline,992100.0,,Colombia,Education Upskilling,297600.0,tiktok,colombia,False,2024,Knowledge&Info,MAPPED,,
67,Salchimonster Colombia @salchimonsterco,988200.0,,Colombia,,296500.0,tiktok,colombia,False,2024,,,,
68,Soy janin @soyjaninalchair,986200.0,,Colombia,,295900.0,tiktok,colombia,False,2024,,,,
69,Pipe Pinzon @soypipepinzon,984500.0,,Colombia,,295400.0,tiktok,colombia,False,2024,,,,
70,Andrea Alayon @andreaalayon,984500.0,,Colombia,,295400.0,tiktok,colombia,False,2024,,,,
71,Vanessa Torres @vanessatorrescubi,983400.0,,Colombia,,295000.0,tiktok,colombia,False,2024,,,,
72,Julian Alexander Madrid @piroberta1,979700.0,0.1,Colombia,Entertainment and Music Funny,293900.0,tiktok,colombia,False,2024,Music,MAPPED,,
73,Marcela @marcelaglow,979500.0,,Colombia,,293900.0,tiktok,colombia,False,2024,,,,
74,Cristian F. Torres @cftorres,975500.0,,Colombia,,292700.0,tiktok,colombia,False,2024,,,,
75,Oscar Velasquez @oscarovelasquez08,973000.0,,Colombia,,291900.0,tiktok,colombia,False,2024,,,,
76,ElAndrex @elandrex_,971800.0,0.2,Colombia,,291500.0,tiktok,colombia,False,2024,,,,
77,Gabriela Hurtado @gabriellaa2606,967700.0,0.5,Colombia,,290300.0,tiktok,colombia,False,2024,,,,
78,Pitizion @pitizion,967700.0,,Colombia,,290300.0,tiktok,colombia,False,2024,,,,
79,Don adony @adonys16don,964200.0,,Colombia,,289300.0,tiktok,colombia,False,2024,,,,
80,Juan Jose @juanjop0,958700.0,,Colombia,Video Gaming,287600.0,tiktok,colombia,False,2024,Tech&Gaming,MAPPED,,
81,Lau J Madrid @soylaujmadrid,958400.0,,Colombia,,287500.0,tiktok,colombia,False,2024,,,,
82,Mateo Agudelo @matowelie,955800.0,0.3,Colombia,,286700.0,tiktok,colombia,False,2024,,,,
83,canelaa_20 @canelaa_20,953100.0,,Colombia,,285900.0,tiktok,colombia,False,2024,,,,
84,Tatiana 😍 @tatiana.bm_,951900.0,,Colombia,Beauty and Self Care,285600.0,tiktok,colombia,False,2024,Beauty&Fashion,MAPPED,,
85,Carolina @carolina.la.rosa,948900.0,4.5,Colombia,,284700.0,tiktok,colombia,False,2024,,,,
86,Legarda @legardaoficial,947300.0,0.9,Colombia,,284200.0,tiktok,colombia,False,2024,,,,
87,🇨🇴Juan Sebastian Toro🇨🇴 @inefable_jstj,944900.0,,Colombia,,283500.0,tiktok,colombia,False,2024,,,,
88,Es Ale @esalepulido,943600.0,0.1,Colombia,Business and Finance,283100.0,tiktok,colombia,False,2024,Knowledge&Info,MAPPED,,
89,Mariana Borrero @m.borrero00,943500.0,,Colombia,Entertainment and Music,283100.0,tiktok,colombia,False,2024,Music,MAPPED,,
90,Jicardenas @jicardenas2.0,938400.0,0.3,Colombia,Entertainment and Music Funny,281500.0,tiktok,colombia,False,2024,Music,MAPPED,,
91,hoolie! 🍒 @juliesofiaa,934400.0,,Colombia,,280300.0,tiktok,colombia,False,2024,,,,
92,Laura Mejia @lauramejiar,934000.0,,Colombia,Beauty,280200.0,tiktok,colombia,False,2024,Beauty&Fashion,MAPPED,,
93,Jhooss_ 🌵 @jhooss_,933700.0,1.0,Colombia,Arts and Crafts Education,280100.0,tiktok,colombia,False,2024,Knowledge&Info,MAPPED,,
94,Nicolas Moud @nicolasmoud,932300.0,,Colombia,,279700.0,tiktok,colombia,False,2024,,,,
95,Nicolas Santanilla @nicolassantanilla,929800.0,,Colombia,,278900.0,tiktok,colombia,False,2024,,,,
96,Angie Vargas @soyangievargas,926500.0,,Colombia,Entertainment and Music,278000.0,tiktok,colombia,False,2024,Music,MAPPED,,
97,Failed World👽🌎 @failedworld88,925700.0,,Colombia,,277700.0,tiktok,colombia,False,2024,,,,
98,Crisbasabe @crisbasabe,923900.0,0.1,Colombia,Funny,277200.0,tiktok,colombia,False,2024,Entertainment,MAPPED,,
99,Valentina Garzon @littlevalee,923600.0,,Colombia,,277100.0,tiktok,colombia,False,2024,,,,
100,Mallas Y Cerramientos Bogotá @mallasycerramientosbogot,923400.0,,Colombia,,277000.0,tiktok,colombia,False,2024,,,,
1,Ariasna @ariasna.ug,3000000.0,,Costa Rica,,900000.0,tiktok,costa-rica,False,2024,,,,
2,Jeka 24 @superjekitaa,3000000.0,0.1,Costa Rica,,900000.0,tiktok,costa-rica,False,2024,,,,
3,Milena González @milenagonzalez0810,2300000.0,,Costa Rica,,690000.0,tiktok,costa-rica,False,2024,,,,
4,Ashlooks @aashlooks,2200000.0,,Costa Rica,Beauty and Self Care,660000.0,tiktok,costa-rica,False,2024,Beauty&Fashion,MAPPED,,
5,rodezel @rodezel,1500000.0,0.3,Costa Rica,,450000.0,tiktok,costa-rica,False,2024,,,,
6,PeitonYT @peitonyt,1200000.0,0.3,Costa Rica,Entertainment and Music,360000.0,tiktok,costa-rica,False,2024,Music,MAPPED,,
7,Dra. Margarita Tercero @dramargaritatercero,993000.0,,Costa Rica,Education,297900.0,tiktok,costa-rica,False,2024,Knowledge&Info,MAPPED,,
8,Sebastián Cartín @thenutristudent,907900.0,,Costa Rica,Fitness,272400.0,tiktok,costa-rica,False,2024,Sports,MAPPED,,
9,ᴡᵃᵍⁿᵉʳ ᴍᵒⁿᶜᵃᵈᵃ @wagnermoncada_,883100.0,,Costa Rica,,264900.0,tiktok,costa-rica,False,2024,,,,
10,Valentino Lázaro @valentinolazarohpriv,830100.0,0.1,Costa Rica,,249000.0,tiktok,costa-rica,False,2024,,,,
11,Tiby Ulloa @tiby_ojitos14,815200.0,,Costa Rica,,244600.0,tiktok,costa-rica,False,2024,,,,
12,bryan morera @bryan.morera,798700.0,,Costa Rica,,239600.0,tiktok,costa-rica,False,2024,,,,
13,J.o.h.n.ny_Funado @j.o.h.n.ny_funado,794800.0,,Costa Rica,,238400.0,tiktok,costa-rica,False,2024,,,,
14,Dina @gerardina291286,770400.0,,Costa Rica,,231100.0,tiktok,costa-rica,False,2024,,,,
15,Emma 🦻🏻✨ @emmafallas0,711600.0,0.1,Costa Rica,,213500.0,tiktok,costa-rica,False,2024,,,,
16,Paula Dobles🕊🪴✨ @paudobless,710800.0,,Costa Rica,Entertainment and Music,213200.0,tiktok,costa-rica,False,2024,Music,MAPPED,,
17,Andy Ríos @andyriosm,684400.0,1.2,Costa Rica,,205300.0,tiktok,costa-rica,False,2024,,,,
18,Diego Madrigal @eldiegomadrigal,680400.0,,Costa Rica,Entertainment and Music,204100.0,tiktok,costa-rica,False,2024,Music,MAPPED,,
19,Frank Lopez Campos @djfrankplatinumcrew,679600.0,0.3,Costa Rica,,203900.0,tiktok,costa-rica,False,2024,,,,
20,♥️ Charlie ♥️ @charlie__castro,669400.0,,Costa Rica,,200800.0,tiktok,costa-rica,False,2024,,,,
21,Tony s2 @tony_ff_s2,666700.0,0.1,Costa Rica,Video Gaming,200000.0,tiktok,costa-rica,False,2024,Tech&Gaming,MAPPED,,
22,Esposito Mery @espositomery,657700.0,,Costa Rica,,197300.0,tiktok,costa-rica,False,2024,,,,
23,Cristian Garro @elprofecris,642300.0,,Costa Rica,Entertainment and Music,192700.0,tiktok,costa-rica,False,2024,Music,MAPPED,,
24,Georgeana🌷🧚✨ @dream_18_george,630400.0,,Costa Rica,,189100.0,tiktok,costa-rica,False,2024,,,,
25,Keyla Sánchez Granad @keylasanchezg,579700.0,0.1,Costa Rica,,173900.0,tiktok,costa-rica,False,2024,,,,
26,Madeling Mendoza @abig975,508100.0,,Costa Rica,,152400.0,tiktok,costa-rica,False,2024,,,,
27,Brenda Barrantes @brendabarrantes.cr,452600.0,,Costa Rica,Beauty and Self Care,135800.0,tiktok,costa-rica,False,2024,Beauty&Fashion,MAPPED,,
28,gabiconejooo @gabiconejooo,449300.0,,Costa Rica,,134800.0,tiktok,costa-rica,False,2024,,,,
29,Rachelle🌼 @just.rachelle,423200.0,,Costa Rica,,127000.0,tiktok,costa-rica,False,2024,,,,
30,Shany 🍄🌻🌙 @shanyceshakti,411200.0,,Costa Rica,,123400.0,tiktok,costa-rica,False,2024,,,,
31,Geoffrey Arburola @elge0ff,398200.0,0.1,Costa Rica,Entertainment and Music,119500.0,tiktok,costa-rica,False,2024,Music,MAPPED,,
32,Andrea Diaz @andreadiaz134,392000.0,,Costa Rica,,117600.0,tiktok,costa-rica,False,2024,,,,
33,LA VOZ DE DIOS @the.voice.of.god,377200.0,0.1,Costa Rica,,113200.0,tiktok,costa-rica,False,2024,,,,
34,Kriis Castillo Avila @kavaliere09,360600.0,,Costa Rica,,108200.0,tiktok,costa-rica,False,2024,,,,
35,VALENTINA @cherrybombvalen,359200.0,,Costa Rica,Beauty,107800.0,tiktok,costa-rica,False,2024,Beauty&Fashion,MAPPED,,
36,Pamela Cascante @pamelacascant,357000.0,0.1,Costa Rica,,107100.0,tiktok,costa-rica,False,2024,,,,
37,F_W@_SHA_1998 @f_w_sha_1998,356600.0,,Costa Rica,,107000.0,tiktok,costa-rica,False,2024,,,,
38,fashionista sneakers cartago @fashionistasneakers1,353000.0,,Costa Rica,Fashion and Accessories,105900.0,tiktok,costa-rica,False,2024,Beauty&Fashion,MAPPED,,
39,JP Olivato 🇧🇷🇨🇷 @soyjpolivato,350900.0,,Costa Rica,,105300.0,tiktok,costa-rica,False,2024,,,,
40,Stephanie Soto @stephaniesotocr,348200.0,,Costa Rica,,104500.0,tiktok,costa-rica,False,2024,,,,
41,Yerling Villagra @yerling32pekee,343900.0,,Costa Rica,,103200.0,tiktok,costa-rica,False,2024,,,,
42,Zoeeeeee ✨ @4k.zowii,343400.0,,Costa Rica,,103000.0,tiktok,costa-rica,False,2024,,,,
43,Reychel Suárez @reych_s2,341900.0,,Costa Rica,Fashion and Accessories,102600.0,tiktok,costa-rica,False,2024,Beauty&Fashion,MAPPED,,
44,Ali @alispace17,339300.0,,Costa Rica,,101800.0,tiktok,costa-rica,False,2024,,,,
45,Chaini @chainiman,334700.0,0.2,Costa Rica,Travel,100400.0,tiktok,costa-rica,False,2024,Lifestyle,MAPPED,,
46,Johan✅ @johansc_,332800.0,,Costa Rica,,99800.0,tiktok,costa-rica,False,2024,,,,
47,Camila Mena @menacami,329800.0,,Costa Rica,,98900.0,tiktok,costa-rica,False,2024,,,,
48,Caleb Solano @calebsolano555,325300.0,0.1,Costa Rica,,97600.0,tiktok,costa-rica,False,2024,,,,
49,Happy Organics @happyorganics,322800.0,,Costa Rica,Nature,96800.0,tiktok,costa-rica,False,2024,Lifestyle,MAPPED,,
50,Marilin Mendesmolina @marilinmendesmolina,320800.0,,Costa Rica,,96200.0,tiktok,costa-rica,False,2024,,,,
51,Mike Alvarado @mikealvaradocr,315800.0,,Costa Rica,,94700.0,tiktok,costa-rica,False,2024,,,,
52,Valeria Méndez @valemendezjk,314500.0,,Costa Rica,,94400.0,tiktok,costa-rica,False,2024,,,,
53,Keiry Vega @keiry_vegaa,313800.0,,Costa Rica,,94100.0,tiktok,costa-rica,False,2024,,,,
54,Kary Ramos @karyramoss,312700.0,,Costa Rica,,93800.0,tiktok,costa-rica,False,2024,,,,
55,Tracy Mattis 🇨🇷 @tray_ma,305100.0,,Costa Rica,Fitness and Health,91500.0,tiktok,costa-rica,False,2024,Sports,MAPPED,,
56,Rasta Fire @rasta.fire,304900.0,,Costa Rica,,91500.0,tiktok,costa-rica,False,2024,,,,
57,Jafeth Jiménez @_jafeth,304800.0,,Costa Rica,,91400.0,tiktok,costa-rica,False,2024,,,,
58,Kim Briceño🐯 @itsqueenkimx,304400.0,,Costa Rica,Funny,91300.0,tiktok,costa-rica,False,2024,Entertainment,MAPPED,,
59,Jou Corrales @joucorrales,302800.0,,Costa Rica,,90800.0,tiktok,costa-rica,False,2024,,,,
60,💙𝙅𝙚 𝙉𝙖𝙣.!💙 @nan_12kk,301700.0,,Costa Rica,,90500.0,tiktok,costa-rica,False,2024,,,,
61,🔥Ťĥúťă Óó🔥🇨🇷 @thutawinoo,295900.0,,Costa Rica,,88800.0,tiktok,costa-rica,False,2024,,,,
62,Fer Kazerouni @ferkazerouni,291600.0,,Costa Rica,,87500.0,tiktok,costa-rica,False,2024,,,,
63,Fio García @fio_1409,285600.0,,Costa Rica,,85700.0,tiktok,costa-rica,False,2024,,,,
64,kevin Ramírez @keviinramirez0k,285400.0,,Costa Rica,,85600.0,tiktok,costa-rica,False,2024,,,,
65,Kosta @brotherkosta,284700.0,0.2,Costa Rica,,85400.0,tiktok,costa-rica,False,2024,,,,
66,digamejuanjo @digamejuanjo,283500.0,0.1,Costa Rica,,85100.0,tiktok,costa-rica,False,2024,,,,
67,GalliCR @gallicr,281800.0,,Costa Rica,Entertainment and Music,84500.0,tiktok,costa-rica,False,2024,Music,MAPPED,,
68,evansninja4 @evansninja4,281200.0,,Costa Rica,,84400.0,tiktok,costa-rica,False,2024,,,,
69,Andy Gonzalez @i.feeling.blue,279900.0,,Costa Rica,,84000.0,tiktok,costa-rica,False,2024,,,,
70,Karlita97 @karlitaesp97,278700.0,,Costa Rica,,83600.0,tiktok,costa-rica,False,2024,,,,
71,SabrinaTencio22 @sabrinatencio22,278100.0,,Costa Rica,,83400.0,tiktok,costa-rica,False,2024,,,,
72,Shantall y Madisson @_shanymadi_,274500.0,,Costa Rica,,82400.0,tiktok,costa-rica,False,2024,,,,
73,Félix Jiménez @felixxjimenez,271900.0,,Costa Rica,Nature Travel,81600.0,tiktok,costa-rica,False,2024,Lifestyle,MAPPED,,
74,Stephanny Delgado Mo @stephannydelgadom,271300.0,,Costa Rica,,81400.0,tiktok,costa-rica,False,2024,,,,
75,José @jose_edits1801,269700.0,,Costa Rica,,80900.0,tiktok,costa-rica,False,2024,,,,
76,JeNiFeR LeOn SaLaZaR. @_.janshlyn._,269300.0,,Costa Rica,,80800.0,tiktok,costa-rica,False,2024,,,,
77,fabiarayaa @fabiarayaa,268300.0,,Costa Rica,,80500.0,tiktok,costa-rica,False,2024,,,,
78,Fernando el Badfluencer @fernandojose_cr,263400.0,0.1,Costa Rica,,79000.0,tiktok,costa-rica,False,2024,,,,
79,Catalina Murillo @catamurillocr,258900.0,,Costa Rica,,77700.0,tiktok,costa-rica,False,2024,,,,
80,Dr. Salas Camacho @dr.salasc,256300.0,,Costa Rica,family,76900.0,tiktok,costa-rica,False,2024,Lifestyle,MAPPED,,
81,ariasseg89 @ariasseg89,252900.0,,Costa Rica,,75900.0,tiktok,costa-rica,False,2024,,,,
82,ĤĚŘǾ @hero70586,251100.0,,Costa Rica,,75300.0,tiktok,costa-rica,False,2024,,,,
83,シ.𝐺.𝑅.7. シ. @gxcr77,248900.0,,Costa Rica,Entertainment and Music,74700.0,tiktok,costa-rica,False,2024,Music,MAPPED,,
84,Cap World @funfunworld2020,248700.0,,Costa Rica,,74600.0,tiktok,costa-rica,False,2024,,,,
85,Marco @marcobe7,246200.0,0.1,Costa Rica,,73900.0,tiktok,costa-rica,False,2024,,,,
86,Rafita y Mami @rafitaymami,246100.0,,Costa Rica,,73800.0,tiktok,costa-rica,False,2024,,,,
87,Marisol Gómez @marisol_oficial.0,245100.0,,Costa Rica,,73500.0,tiktok,costa-rica,False,2024,,,,
88,♡ 𝓟𝓪𝓻𝓲𝓷 @vin___98,243500.0,,Costa Rica,,73100.0,tiktok,costa-rica,False,2024,,,,
89,Jale A Comer @jale_a_comer,242000.0,,Costa Rica,,72600.0,tiktok,costa-rica,False,2024,,,,
90,Diego Rodríguez @diego.cr_,241700.0,,Costa Rica,,72500.0,tiktok,costa-rica,False,2024,,,,
91,Mau Seco @mauseco,241500.0,,Costa Rica,,72500.0,tiktok,costa-rica,False,2024,,,,
92,Victoria @killedbyvic,240300.0,,Costa Rica,,72100.0,tiktok,costa-rica,False,2024,,,,
93,Erick BC @erickbc0,239300.0,,Costa Rica,,71800.0,tiktok,costa-rica,False,2024,,,,
94,Daniela🌺 @abbydbm0,238600.0,,Costa Rica,,71600.0,tiktok,costa-rica,False,2024,,,,
95,Alex Costa Comedy @juankagalindo,237600.0,,Costa Rica,Funny Entertainment and Music,71300.0,tiktok,costa-rica,False,2024,Music,MAPPED,,
96,Daniel Hernández @danielitoshoow,235500.0,,Costa Rica,,70700.0,tiktok,costa-rica,False,2024,,,,
97,Allan Cruz @cruzxclusive,233600.0,,Costa Rica,Acting and Drama Celebrity,70100.0,tiktok,costa-rica,False,2024,Entertainment,MAPPED,,
98,ʏᴀᴍᴀᴅᴀ @yamada2003,232200.0,0.4,Costa Rica,,69700.0,tiktok,costa-rica,False,2024,,,,
99,Roy Chavarria @shikumy,231500.0,,Costa Rica,,69500.0,tiktok,costa-rica,False,2024,,,,
100,Joe c @joseph.calderon,230500.0,,Costa Rica,,69200.0,tiktok,costa-rica,False,2024,,,,
1,Khabane lame @khaby.lame,161900000.0,0.2,Italy,Funny Entertainment and Music,48600000.0,tiktok,czechia,False,2024,Music,MAPPED,,
2,Bella Poarch @bellapoarch,92600000.0,0.8,United States,,27800000.0,tiktok,czechia,False,2024,,,,
3,Addison Rae @addisonre,88500000.0,1.0,United States,Beauty and Self Care,26600000.0,tiktok,czechia,False,2024,Beauty&Fashion,MAPPED,,
4,MrBeast @mrbeast,85400000.0,4.0,,Entertainment and Music,25600000.0,tiktok,czechia,False,2024,Music,MAPPED,,
5,Zach King @zachking,78100000.0,2.9,United States,Entertainment and Music,23400000.0,tiktok,czechia,False,2024,Music,MAPPED,,
6,Kimberly Loaiza @kimberly.loaiza,76100000.0,1.6,Mexico,,22800000.0,tiktok,czechia,False,2024,,,,
7,The Rock @therock,74200000.0,0.9,United States,Entertainment and Music Fitness and Health Business and Finance,22300000.0,tiktok,czechia,False,2024,Sports,MAPPED,,
8,Will Smith @willsmith,74100000.0,0.7,United States,,22200000.0,tiktok,czechia,False,2024,,,,
9,cznburak @cznburak,72000000.0,0.2,,,21600000.0,tiktok,czechia,False,2024,,,,
10,Jason Derulo @jasonderulo,58900000.0,0.4,United States,Entertainment and Music,17700000.0,tiktok,czechia,False,2024,Music,MAPPED,,
11,Kylie Jenner @kyliejenner,56000000.0,3.2,United States,Beauty and Self Care Fashion and Accessories,16800000.0,tiktok,czechia,False,2024,Beauty&Fashion,MAPPED,,
12,Karol G @karolg,51900000.0,3.8,Colombia,Entertainment and Music,15600000.0,tiktok,czechia,False,2024,Music,MAPPED,,
13,Michael Le @justmaiko,51400000.0,,Vietnam,,15400000.0,tiktok,czechia,False,2024,,,,
14,BTS @bts_official_bighit,51000000.0,1.0,,Entertainment and Music,15300000.0,tiktok,czechia,False,2024,Music,MAPPED,,
15,BILLIE EILISH @billieeilish,51000000.0,,,,15300000.0,tiktok,czechia,False,2024,,,,
16,JoJo Siwa @itsjojosiwa,45600000.0,0.3,United States,Entertainment and Music,13700000.0,tiktok,czechia,False,2024,Music,MAPPED,,
17,ESPN @espn,44000000.0,,,Entertainment and Music,13200000.0,tiktok,czechia,False,2024,Music,MAPPED,,
18,Junya/じゅんや @junya1gou,42800000.0,,,,12800000.0,tiktok,czechia,False,2024,,,,
19,ХОМЯК @homm9k,42100000.0,,,Fashion and Accessories,12600000.0,tiktok,czechia,False,2024,Beauty&Fashion,MAPPED,,
20,XO Team @xoteam,41400000.0,,,Entertainment and Music,12400000.0,tiktok,czechia,False,2024,Music,MAPPED,,
21,ROD🫠 @elrodcontreras,41100000.0,,,Entertainment and Music,12300000.0,tiktok,czechia,False,2024,Music,MAPPED,,
22,Joe @joealbanese,40800000.0,,,family Entertainment and Music,12200000.0,tiktok,czechia,False,2024,Music,MAPPED,,
23,Gordon Ramsay @gordonramsayofficial,40000000.0,1.1,United Kingdom,Food,12000000.0,tiktok,czechia,False,2024,Lifestyle,MAPPED,,
24,Carlos Feria @carlosferiag,39200000.0,,,,11800000.0,tiktok,czechia,False,2024,,,,
25,ondy mikula @ondymikula,38800000.0,,,,11600000.0,tiktok,czechia,False,2024,,,,
26,Scott 🔥 @scottsreality,38400000.0,0.2,,Entertainment and Music,11500000.0,tiktok,czechia,False,2024,Music,MAPPED,,
27,Shakira @shakira,38200000.0,2.0,,,11500000.0,tiktok,czechia,False,2024,,,,
28,Barstool Sports @barstoolsports,36900000.0,0.1,United States,Entertainment and Music Sports,11100000.0,tiktok,czechia,False,2024,Sports,MAPPED,,
29,James Charles @jamescharles,36200000.0,,United States,Beauty and Self Care Arts and Crafts,10900000.0,tiktok,czechia,False,2024,Beauty&Fashion,MAPPED,,
30,kyle thomas 🌿 @kylethomas,35400000.0,0.1,,,10600000.0,tiktok,czechia,False,2024,,,,
31,Q Park @qpark,35200000.0,,,,10600000.0,tiktok,czechia,False,2024,,,,
32,GIL CROES @gilmhercroes,35100000.0,,,Entertainment and Music,10500000.0,tiktok,czechia,False,2024,Music,MAPPED,,
33,Kevin Hart @imkevinhart,34800000.0,1.7,United States,Entertainment and Music,10400000.0,tiktok,czechia,False,2024,Music,MAPPED,,
34,Kirya Kolesnikov @thekiryalife,34700000.0,,,Entertainment and Music Funny,10400000.0,tiktok,czechia,False,2024,Music,MAPPED,,
35,arianagrande @arianagrande,34400000.0,,,Entertainment and Music,10300000.0,tiktok,czechia,False,2024,Music,MAPPED,,
36,Pongámoslo a Prueba @pongamoslo_a_prueba,34200000.0,,,,10300000.0,tiktok,czechia,False,2024,,,,
37,ThatLittlePuff @thatlittlepuff,33500000.0,0.6,,Pets,10100000.0,tiktok,czechia,False,2024,Lifestyle,MAPPED,,
38,Montpantoja @montpantoja,33300000.0,,,,10000000.0,tiktok,czechia,False,2024,,,,
39,Devon Rodriguez @devonrodriguezart,32100000.0,0.2,United States,Arts and Crafts Education Upskilling,9600000.0,tiktok,czechia,False,2024,Knowledge&Info,MAPPED,,
40,Bad Bunny @badbunny,31800000.0,18.4,Puerto Rico,,9500000.0,tiktok,czechia,False,2024,,,,
41,Brooke Monk @brookemonk_,31700000.0,2.1,United States,Entertainment and Music Funny,9500000.0,tiktok,czechia,False,2024,Music,MAPPED,,
42,Indi skovar @indiskovar3.0,31600000.0,0.4,,Entertainment and Music,9500000.0,tiktok,czechia,False,2024,Music,MAPPED,,
43,Lele Pons @lelepons,31500000.0,0.9,United States,,9500000.0,tiktok,czechia,False,2024,,,,
44,Stokes Twins @stokestwins,31200000.0,,United States,Entertainment and Music,9400000.0,tiktok,czechia,False,2024,Music,MAPPED,,
45,Kira Kosarin @kirakosarin,31100000.0,0.7,,Entertainment and Music,9300000.0,tiktok,czechia,False,2024,Music,MAPPED,,
46,La Rosalia @rosalia,30900000.0,,Spain,,9300000.0,tiktok,czechia,False,2024,,,,
47,Alejandro Nieto @soybans,30400000.0,,Colombia,,9100000.0,tiktok,czechia,False,2024,,,,
48,Michel Chavez @its.michhh,30200000.0,,Mexico,,9100000.0,tiktok,czechia,False,2024,,,,
49,Liza Koshy @lizzza,30200000.0,,United States,,9100000.0,tiktok,czechia,False,2024,,,,
50,beca @beca,29200000.0,1.0,Brazil,Travel,8800000.0,tiktok,czechia,False,2024,Lifestyle,MAPPED,,
51,Topper Guild @topperguild,29000000.0,,United States,Entertainment and Music Celebrity,8700000.0,tiktok,czechia,False,2024,Music,MAPPED,,
52,Ignacia Antonia👑 @ignaciaa_antonia,28200000.0,,Chile,Beauty and Self Care,8500000.0,tiktok,czechia,False,2024,Beauty&Fashion,MAPPED,,
53,Camilo @camilo,28000000.0,,,Entertainment and Music,8400000.0,tiktok,czechia,False,2024,Music,MAPPED,,
54,Daniel Ibarra @juandaniel.ibarra,27600000.0,,,Entertainment and Music,8300000.000000001,tiktok,czechia,False,2024,Music,MAPPED,,
55,시아지우 sia_jiwoo @sia_jiwoo,27500000.0,0.2,South Korea,,8300000.000000001,tiktok,czechia,False,2024,,,,
56,Lexi Rivera @lexibrookerivera,27100000.0,4.5,,,8100000.0,tiktok,czechia,False,2024,,,,
57,KEEMOKAZI @keemokazi,27000000.0,,,Entertainment and Music,8100000.0,tiktok,czechia,False,2024,Music,MAPPED,,
58,psg @psg,26700000.0,,,Sports,8000000.0,tiktok,czechia,False,2024,Sports,MAPPED,,
59,JeisonGiraldo @jeison_giraldo,26300000.0,,,family Romance and Wedding,7900000.0,tiktok,czechia,False,2024,Beauty&Fashion,MAPPED,,
60,JeanCarlo Leon @jashlem,26300000.0,,,,7900000.0,tiktok,czechia,False,2024,,,,
61,Jimena @jimena.jimenezr,26100000.0,1.2,,Funny,7800000.0,tiktok,czechia,False,2024,Entertainment,MAPPED,,
62,Doja Cat @dojacat,26000000.0,0.1,United States,Entertainment and Music,7800000.0,tiktok,czechia,False,2024,Music,MAPPED,,
63,Bader Al Safar @baderalsafar,26000000.0,,Kuwait,Fashion and Accessories,7800000.0,tiktok,czechia,False,2024,Beauty&Fashion,MAPPED,,
64,DAVID DOBRIK @daviddobrik,26000000.0,,United States,Entertainment and Music Funny,7800000.0,tiktok,czechia,False,2024,Music,MAPPED,,
65,LARRAY @larrayeeee,25900000.0,,,Entertainment and Music,7800000.0,tiktok,czechia,False,2024,Music,MAPPED,,
66,Era Ays @era_ays,25900000.0,,,,7800000.0,tiktok,czechia,False,2024,,,,
67,Karla Bustillos ❤️ @karla.bustillos,25700000.0,0.1,,,7700000.0,tiktok,czechia,False,2024,,,,
68,BORREGO @lagranjadelborrego,25700000.0,4.6,,,7700000.0,tiktok,czechia,False,2024,,,,
69,Arnaldo Mangini @arnaldomangini,25400000.0,,,Beauty and Self Care Funny,7600000.0,tiktok,czechia,False,2024,Beauty&Fashion,MAPPED,,
70,Jaykindafunny @jaykindafunny8,25400000.0,,,Funny,7600000.0,tiktok,czechia,False,2024,Entertainment,MAPPED,,
71,Malu Trevejo @malutrevejo,25200000.0,,,,7600000.0,tiktok,czechia,False,2024,,,,
72,AriGameplays @arigameplays,25100000.0,1.0,,Games,7500000.0,tiktok,czechia,False,2024,Tech&Gaming,MAPPED,,
73,Dina @dina,24900000.0,0.6,,,7500000.0,tiktok,czechia,False,2024,,,,
74,DonaldDucc 🦆 @donaldducc,24700000.0,,,Animals,7400000.0,tiktok,czechia,False,2024,Lifestyle,MAPPED,,
75,adrilatinatv @adrilatinatv,24500000.0,,,,7400000.0,tiktok,czechia,False,2024,,,,
76,Victor Melo @victormelo,24500000.0,,,,7400000.0,tiktok,czechia,False,2024,,,,
77,Chingu Amiga @chinguamiga,24100000.0,,,Food Beauty and Self Care,7200000.0,tiktok,czechia,False,2024,Beauty&Fashion,MAPPED,,
78,The Mannii Show @the_mannii,24000000.0,0.8,,Entertainment and Music Funny,7200000.0,tiktok,czechia,False,2024,Music,MAPPED,,
79,Terry Crews @terrycrews,23900000.0,0.4,United States,Entertainment and Music Celebrity,7200000.0,tiktok,czechia,False,2024,Music,MAPPED,,
80,Jacob Sartorius @jacobsartorius,23700000.0,,United States,Entertainment and Music,7100000.0,tiktok,czechia,False,2024,Music,MAPPED,,
81,Luara @luara,23600000.0,0.6,,,7100000.0,tiktok,czechia,False,2024,,,,
82,Nicolle Figueroa @nicollefigueroaa,23400000.0,5.1,,,7000000.0,tiktok,czechia,False,2024,,,,
83,Ryan Reynolds @vancityreynolds,22900000.0,8.5,Canada,,6900000.0,tiktok,czechia,False,2024,,,,
84,Lauren Godwin @laurengodwin,22600000.0,0.3,United States,Entertainment and Music family,6800000.0,tiktok,czechia,False,2024,Music,MAPPED,,
85,mingweirocks @mingweirocks,22500000.0,,,,6800000.0,tiktok,czechia,False,2024,,,,
86,Cardi B @iamcardib,22400000.0,8.0,,,6700000.0,tiktok,czechia,False,2024,,,,
87,Latiktokeuse869 @latiktokeuse869,22200000.0,,,Funny Entertainment and Music,6700000.0,tiktok,czechia,False,2024,Music,MAPPED,,
88,Mackenzie Ziegler @mackenzieziegler,22100000.0,,,,6600000.0,tiktok,czechia,False,2024,,,,
89,Lance Stewart @lance210,22100000.0,,United States,Entertainment and Music,6600000.0,tiktok,czechia,False,2024,Music,MAPPED,,
90,Anitta @anitta,22100000.0,0.8,,,6600000.0,tiktok,czechia,False,2024,,,,
91,Marrkadams @marrkadams,22100000.0,,,,6600000.0,tiktok,czechia,False,2024,,,,
92,ROMINA @rominagafur,22000000.0,0.2,United States,Entertainment and Music,6600000.0,tiktok,czechia,False,2024,Music,MAPPED,,
93,창하CHANGHA @chang._.a,22000000.0,,,,6600000.0,tiktok,czechia,False,2024,,,,
94,josi @jmartineze_,21900000.0,,,Funny,6600000.0,tiktok,czechia,False,2024,Entertainment,MAPPED,,
95,Caín Guzmán @cainguzman,21900000.0,,,Entertainment and Music,6600000.0,tiktok,czechia,False,2024,Music,MAPPED,,
96,Bryce Hall @brycehall,21500000.0,,United States,Entertainment and Music,6500000.0,tiktok,czechia,False,2024,Music,MAPPED,,
97,온오빠 On Oppa @korea.on,21500000.0,,,Entertainment and Music,6500000.0,tiktok,czechia,False,2024,Music,MAPPED,,
98,Seany @seandoesmagic,21300000.0,,,,6400000.0,tiktok,czechia,False,2024,,,,
99,Pk @pkllipe,21300000.0,2.6,,,6400000.0,tiktok,czechia,False,2024,,,,
100,The Hype House @thehypehouse,21100000.0,,,Entertainment and Music,6300000.0,tiktok,czechia,False,2024,Music,MAPPED,,
1,Julemanden fra Skive @julemandenfraskive,2100000.0,,Denmark,Entertainment and Music,630000.0,tiktok,denmark,False,2024,Music,MAPPED,,
2,"Sav • PharmD, IBCLC @rx0rcist",1300000.0,1.4,Denmark,Product Showcase Education Finance,390000.0,tiktok,denmark,False,2024,Beauty&Fashion,MAPPED,,
3,لمبة Lampa @lampa_gaming,1300000.0,,Denmark,Games,390000.0,tiktok,denmark,False,2024,Tech&Gaming,MAPPED,,
4,Kelly Louise Killjoy @kellylouisekilljoy,1200000.0,0.1,Denmark,Fashion and Accessories,360000.0,tiktok,denmark,False,2024,Beauty&Fashion,MAPPED,,
5,Lukas Graham @lukasgraham,981000.0,,Denmark,Entertainment and Music,294300.0,tiktok,denmark,False,2024,Music,MAPPED,,
6,Stanley @stanley.mov,942600.0,,Denmark,,282800.0,tiktok,denmark,False,2024,,,,
7,Brianmengel @brianmengel,830900.0,,Denmark,Sports,249300.0,tiktok,denmark,False,2024,Sports,MAPPED,,
8,fidget._.toys @www.fidget._.toys,802000.0,,Denmark,,240600.0,tiktok,denmark,False,2024,,,,
9,Leona Nørskov Jørgen @norskovmusic,695400.0,0.1,Denmark,,208600.0,tiktok,denmark,False,2024,,,,
10,Missenell @missenell,689500.0,,Denmark,,206900.0,tiktok,denmark,False,2024,,,,
11,ana @ana.artzz,640200.0,2.5,Denmark,,192100.0,tiktok,denmark,False,2024,,,,
12,Alexander Clausen @alexanderclausen11,591200.0,,Denmark,,177400.0,tiktok,denmark,False,2024,,,,
13,blue_blood_cfc 🐢 @blue_blood_cfc,527600.0,0.2,Denmark,Sports,158300.0,tiktok,denmark,False,2024,Sports,MAPPED,,
14,T @migthbelookingfor,486100.0,,Denmark,,145800.0,tiktok,denmark,False,2024,,,,
15,Michael Linnet @michaellinnet,452600.0,,Denmark,,135800.0,tiktok,denmark,False,2024,,,,
16,Tonsser @tonsser,441300.0,,Denmark,Sports,132400.0,tiktok,denmark,False,2024,Sports,MAPPED,,
17,Danish @danish_official33,407200.0,,Denmark,,122200.0,tiktok,denmark,False,2024,,,,
18,ILHAN @turkprotiktok,403800.0,0.2,Denmark,,121100.0,tiktok,denmark,False,2024,,,,
19,꧁𝐀𝐜𝐓𝐢𝐕𝐨꧂ @xx_.tae_hyung,384700.0,,Denmark,,115400.0,tiktok,denmark,False,2024,,,,
20,Crainer @crainer,382000.0,0.1,Denmark,,114600.0,tiktok,denmark,False,2024,,,,
21,Twitchin_Plays @twitchin_plays,375000.0,,Denmark,,112500.0,tiktok,denmark,False,2024,,,,
22,abstract eco-artist @rachelmishaelstudio,364900.0,,Denmark,Arts and Crafts,109500.0,tiktok,denmark,False,2024,Lifestyle,MAPPED,,
23,ariakaltun @ariakaltun,361900.0,0.3,Denmark,Fashion and Accessories Photography,108600.0,tiktok,denmark,False,2024,Beauty&Fashion,MAPPED,,
24,Oumar Koné 🇩🇰🇨🇮🇧🇷 @oumarkone882,357000.0,,Denmark,,107100.0,tiktok,denmark,False,2024,,,,
25,Copenhagen Bandit @copenhagenbandit420,354800.0,0.4,Denmark,Entertainment and Music,106400.0,tiktok,denmark,False,2024,Music,MAPPED,,
26,Lalee Records @laleerecords,337900.0,,Denmark,,101400.0,tiktok,denmark,False,2024,,,,
27,陈文龙 @wenniedapoo,314500.0,0.2,Denmark,,94400.0,tiktok,denmark,False,2024,,,,
28,Hubertthegolden @hubertthegoldenretriever,314300.0,,Denmark,,94300.0,tiktok,denmark,False,2024,,,,
29,Mathilde & Rosa @mathildeandrosa,304100.0,1.6,Denmark,Entertainment and Music,91200.0,tiktok,denmark,False,2024,Music,MAPPED,,
30,Monty & Molly @montyandmolly,299200.0,,Denmark,Pets,89800.0,tiktok,denmark,False,2024,Lifestyle,MAPPED,,
31,KRINGE @_kringe_,283200.0,,Denmark,,85000.0,tiktok,denmark,False,2024,,,,
32,Irich Denmark @iuynsm,278200.0,2.8,Denmark,,83500.0,tiktok,denmark,False,2024,,,,
33,Lava Dali @melissa4.da,276200.0,,Denmark,,82900.0,tiktok,denmark,False,2024,,,,
34,D A N İ S K A 😈 @daniskayedek,269200.0,,Denmark,,80800.0,tiktok,denmark,False,2024,,,,
35,Rasmus Schandorff @schandiii,262900.0,,Denmark,,78900.0,tiktok,denmark,False,2024,,,,
36,WTF Is Fashion @wtfisfashion,262800.0,,Denmark,Fashion and Accessories,78800.0,tiktok,denmark,False,2024,Beauty&Fashion,MAPPED,,
37,Road to 500k😎 @jokes_and._memes,257500.0,,Denmark,,77300.0,tiktok,denmark,False,2024,,,,
38,Peddey @peddey,254000.0,,Denmark,Fashion and Accessories,76200.0,tiktok,denmark,False,2024,Beauty&Fashion,MAPPED,,
39,M.AlMahdi🩺 @m.al.mahdi,250800.0,0.2,Denmark,Education,75200.0,tiktok,denmark,False,2024,Knowledge&Info,MAPPED,,
40,Kasper @kaspermoose,237300.0,0.3,Denmark,Travel Arts and Crafts Fashion and Accessories,71200.0,tiktok,denmark,False,2024,Beauty&Fashion,MAPPED,,
41,Joel Hyrland @joeladamhyrland,223200.0,1.4,Denmark,Funny,67000.0,tiktok,denmark,False,2024,Entertainment,MAPPED,,
42,Idk lol @justxaxel,217600.0,,Denmark,Games,65300.0,tiktok,denmark,False,2024,Tech&Gaming,MAPPED,,
43,Filippa @filippareuter,205500.0,,Denmark,Life and Society,61700.0,tiktok,denmark,False,2024,Knowledge&Info,MAPPED,,
44,Cecilie Lind @clind1,193800.0,,Denmark,Sports,58100.0,tiktok,denmark,False,2024,Sports,MAPPED,,
45,Unisport @unisportstore,187300.0,0.2,Denmark,,56200.0,tiktok,denmark,False,2024,,,,
46,Kira-Sofie Møller Nielsen @kiraofficial_,181600.0,,Denmark,Entertainment and Music,54500.0,tiktok,denmark,False,2024,Music,MAPPED,,
47,MayMcg @maymcg,174000.0,,Denmark,,52200.0,tiktok,denmark,False,2024,,,,
48,Marcusmnielsen @marcusmnielsen,170900.0,,Denmark,Outdoor Activity,51300.0,tiktok,denmark,False,2024,Sports,MAPPED,,
49,andersandenmatthesen @andersandenmatthesen,157300.0,0.2,Denmark,,47200.0,tiktok,denmark,False,2024,,,,
50,Thomas Lindegaard Madsen @captainthomas_officiall,155900.0,0.6,Denmark,,46800.0,tiktok,denmark,False,2024,,,,
51,Ceciliesigg @ceciliesigg123,155100.0,0.1,Denmark,,46500.0,tiktok,denmark,False,2024,,,,
52,Cyanide and happinessfp @cyanide.and.happinessfpp,152600.0,,Denmark,Video Gaming,45800.0,tiktok,denmark,False,2024,Tech&Gaming,MAPPED,,
53,Patrick Will @patrick__will,152400.0,,Denmark,,45700.0,tiktok,denmark,False,2024,,,,
54,The.Simpsons_Videos @the.simpsons_videos,150800.0,,Denmark,,45200.0,tiktok,denmark,False,2024,,,,
55,∂αииγ @danny.sn16,150100.0,,Denmark,Fitness and Health,45000.0,tiktok,denmark,False,2024,Sports,MAPPED,,
56,Nasty Turbo enjoyer @horrocitty,148000.0,,Denmark,Animation and Cosplay,44400.0,tiktok,denmark,False,2024,Tech&Gaming,MAPPED,,
57,Simone_Christensen @simone_christensen1,144900.0,,Denmark,Fitness and Health,43500.0,tiktok,denmark,False,2024,Sports,MAPPED,,
58,DanishOo❤ @hidayat_danish,144600.0,,Denmark,,43400.0,tiktok,denmark,False,2024,,,,
59,"Danish aliaho 110, @danishaliaho110",144500.0,,Denmark,,43400.0,tiktok,denmark,False,2024,,,,
60,RasmusBartender @rasmusbartender,143300.0,,Denmark,,43000.0,tiktok,denmark,False,2024,,,,
61,Samlemum @salomonstampe,141100.0,0.5,Denmark,,42300.0,tiktok,denmark,False,2024,,,,
62,✨preppy✨ @x.love_wqq.x,141000.0,,Denmark,,42300.0,tiktok,denmark,False,2024,,,,
63,Victor Rosborg @victorrosborg,140300.0,0.4,Denmark,,42100.0,tiktok,denmark,False,2024,,,,
64,Sarah💚 @saraheplesner,139800.0,,Denmark,,41900.0,tiktok,denmark,False,2024,,,,
65,Aija @aija_vil,138300.0,,Denmark,,41500.0,tiktok,denmark,False,2024,,,,
66,LouLiving @louisebjerre,137800.0,,Denmark,Fashion and Accessories,41300.0,tiktok,denmark,False,2024,Beauty&Fashion,MAPPED,,
67,Tiny_Jekylland_ @lichts_friends,130600.0,,Denmark,,39200.0,tiktok,denmark,False,2024,,,,
68,Tobias Vermund💎 @let_me_dream,128700.0,,Denmark,Sports,38600.0,tiktok,denmark,False,2024,Sports,MAPPED,,
69,"Tak for 1,5M likes @nicklaskany",127000.0,,Denmark,Automotive,38100.0,tiktok,denmark,False,2024,Tech&Gaming,MAPPED,,
70,Lady Natalia @sermamayviajera,121800.0,,Denmark,,36500.0,tiktok,denmark,False,2024,,,,
71,CAMILLA FREDERIKKE @camillafrederikke,117900.0,,Denmark,,35400.0,tiktok,denmark,False,2024,,,,
72,King of Cringe Content @joshibyjoshi,108700.0,,Denmark,Entertainment and Music,32600.0,tiktok,denmark,False,2024,Music,MAPPED,,
73,Mathilde Olsen @mathildeolsennn,106200.0,0.4,Denmark,Fashion and Accessories,31900.0,tiktok,denmark,False,2024,Beauty&Fashion,MAPPED,,
74,Abdi Shawarma @abdi.shawarma,103800.0,0.7,Denmark,,31100.0,tiktok,denmark,False,2024,,,,
75,KavitaKhadka @kabita_khadka,103000.0,0.1,Denmark,,30900.0,tiktok,denmark,False,2024,,,,
76,Ditte Jochumsen @dittepip,98700.0,,Denmark,,29600.0,tiktok,denmark,False,2024,,,,
77,🤠 @pink_fluffy.socks,97700.0,,Denmark,,29300.0,tiktok,denmark,False,2024,,,,
78,ชื่อ กานต์นะ🪴🩺👩🏻‍⚕️ @lalita.kan_27,97600.0,,Denmark,,29300.0,tiktok,denmark,False,2024,,,,
79,<33 @landaalfred15,96300.0,121.0,Denmark,,28900.0,tiktok,denmark,False,2024,,,,
80,Ericka Jane @erickajane,95800.0,,Denmark,,28700.0,tiktok,denmark,False,2024,,,,
81,Frederikke Lafrenz @fredelafrenz,94500.0,1.3,Denmark,Funny,28400.0,tiktok,denmark,False,2024,Entertainment,MAPPED,,
82,Flemming Jensen @flemmingjensen23,89100.0,0.1,Denmark,Entertainment and Music,26700.0,tiktok,denmark,False,2024,Music,MAPPED,,
83,Op’s🥷🏽 @opalsiefert,84000.0,,Denmark,,25200.0,tiktok,denmark,False,2024,,,,
84,💝هدير💝 @hadir_mohamed123,78000.0,,Denmark,,23400.0,tiktok,denmark,False,2024,,,,
85,Lezan&hamud @lezanhamud,78000.0,,Denmark,,23400.0,tiktok,denmark,False,2024,,,,
86,Rasmus Brohave @brohaven,76800.0,0.6,Denmark,,23000.0,tiktok,denmark,False,2024,,,,
87,Dorthe @deebytes,72200.0,,Denmark,Life and Society,21700.0,tiktok,denmark,False,2024,Knowledge&Info,MAPPED,,
88,Reddrix 🇩🇰🇵🇭 @reddrix,70700.0,,Denmark,Entertainment and Music,21200.0,tiktok,denmark,False,2024,Music,MAPPED,,
89,Djurs Sommerland @djurssommerland,69600.0,,Denmark,,20900.0,tiktok,denmark,False,2024,,,,
90,Brumus @brumus,64700.0,0.3,Denmark,,19400.0,tiktok,denmark,False,2024,,,,
91,Mina Serene🕊 @minaserene,61300.0,0.2,Denmark,,18400.0,tiktok,denmark,False,2024,,,,
92,Frederikke Borst Hansen @frederikkeborst,58100.0,0.2,Denmark,,17400.0,tiktok,denmark,False,2024,,,,
93,Shahzad @shl_dk,57400.0,,Denmark,,17200.0,tiktok,denmark,False,2024,,,,
94,Bendy Boo @monobearxd,56300.0,,Denmark,Animation and Cosplay,16900.0,tiktok,denmark,False,2024,Tech&Gaming,MAPPED,,
95,Naklito👑 @m_nakli,52600.0,0.2,Denmark,Business and Finance,15800.0,tiktok,denmark,False,2024,Knowledge&Info,MAPPED,,
96,Patty @pattycosplay,52200.0,,Denmark,,15700.0,tiktok,denmark,False,2024,,,,
97,AMANDA ELONGA STAALSØ 🇩🇰🇨🇩 @amanda_staalsoe,48800.0,,Denmark,Sports Fitness and Health,14600.0,tiktok,denmark,False,2024,Sports,MAPPED,,
98,𝑵𝑰𝒍𝒐𝒋𝒂𝒏 ༒︎❤︎༒︎ 𝐝𝐞𝐧𝐮 @lovelynilo2,47900.0,,Denmark,,14400.0,tiktok,denmark,False,2024,,,,
99,Magnus Carl @magnus_carl_,47700.0,,Denmark,,14300.0,tiktok,denmark,False,2024,,,,
100,Majbritt Due Christi @tantemajbritt,46700.0,,Denmark,Funny,14000.0,tiktok,denmark,False,2024,Entertainment,MAPPED,,
1,MR ZEO 🇩🇴 @mrzeooficial,16900000.0,,Dominican Republic,,5100000.0,tiktok,dominican-republic,False,2024,,,,
2,Natti Natasha @nattinatasha,14700000.0,,Dominican Republic,,4400000.0,tiktok,dominican-republic,False,2024,,,,
3,Miketoks @miketoks,13200000.0,,Dominican Republic,Entertainment and Music,4000000.0,tiktok,dominican-republic,False,2024,Music,MAPPED,,
4,NOVELPOPPYS @novelpoppys,4300000.0,2.9,Dominican Republic,,1300000.0,tiktok,dominican-republic,False,2024,,,,
5,Denise Mercedes @denisemmercedes,3500000.0,,Dominican Republic,,1100000.0,tiktok,dominican-republic,False,2024,,,,
6,Key Guzman❤️🇩🇴 @keys.guzman09,3200000.0,,Dominican Republic,Funny,960000.0,tiktok,dominican-republic,False,2024,Entertainment,MAPPED,,
7,Luis 🦂 @luisduvalnm,2800000.0,,Dominican Republic,,840000.0,tiktok,dominican-republic,False,2024,,,,
8,Yesenia Then Oficial @yeseniathenoficial,2700000.0,0.2,Dominican Republic,Education,810000.0,tiktok,dominican-republic,False,2024,Knowledge&Info,MAPPED,,
9,Nicole @nico1eodeon,2700000.0,,Dominican Republic,Fashion and Accessories,810000.0,tiktok,dominican-republic,False,2024,Beauty&Fashion,MAPPED,,
10,Gaby Mejia @gaabymejia,2700000.0,,Dominican Republic,Fashion and Accessories,810000.0,tiktok,dominican-republic,False,2024,Beauty&Fashion,MAPPED,,
11,Jacqueline Viteri @escueladeetiqueta,2600000.0,,Dominican Republic,Education,780000.0,tiktok,dominican-republic,False,2024,Knowledge&Info,MAPPED,,
12,ronny jimenez @ronnyjimeneztv,2600000.0,,Dominican Republic,,780000.0,tiktok,dominican-republic,False,2024,,,,
13,Dante ™️ @ayeitsdante,2500000.0,,Dominican Republic,,750000.0,tiktok,dominican-republic,False,2024,,,,
14,𝓡𝓲𝓬𝓴🧸 @rick_willian23,2100000.0,,Dominican Republic,,630000.0,tiktok,dominican-republic,False,2024,,,,
15,Harnel @xharnel,2100000.0,,Dominican Republic,,630000.0,tiktok,dominican-republic,False,2024,,,,
16,Alex&Jessica @alexandjessicaa,1600000.0,,Dominican Republic,Entertainment and Music,480000.0,tiktok,dominican-republic,False,2024,Music,MAPPED,,
17,YonauryBeato @yonaurybeato,1400000.0,,Dominican Republic,Fashion and Accessories,420000.0,tiktok,dominican-republic,False,2024,Beauty&Fashion,MAPPED,,
18,Karlita @karlarivaspovs,1400000.0,,Dominican Republic,,420000.0,tiktok,dominican-republic,False,2024,,,,
19,El Domi🇩🇴 @jdbergar,1200000.0,,Dominican Republic,,360000.0,tiktok,dominican-republic,False,2024,,,,
20,wilbert comedy🇩🇴 @wilbertcomedy,1200000.0,,Dominican Republic,Entertainment and Music Celebrity,360000.0,tiktok,dominican-republic,False,2024,Music,MAPPED,,
21,𝐀𝐧𝐝𝐫𝐲 𝐕𝐨𝐥𝐚𝐧𝐭𝐚↯ @andryvolanta,1200000.0,,Dominican Republic,,360000.0,tiktok,dominican-republic,False,2024,,,,
22,lilibeth @lilibeth0718,1200000.0,,Dominican Republic,,360000.0,tiktok,dominican-republic,False,2024,,,,
23,Jorge Geronimo @joshrgero,1100000.0,,Dominican Republic,,330000.0,tiktok,dominican-republic,False,2024,,,,
24,Clarissa Molina @clarissamolinac,1100000.0,,Dominican Republic,,330000.0,tiktok,dominican-republic,False,2024,,,,
25,Damari Nicole 🧚🏾‍♀️💘 @_.nicoletteee,1000000.0,,Dominican Republic,,300000.0,tiktok,dominican-republic,False,2024,,,,
26,New_joisramirez @new_joisramirez,999100.0,,Dominican Republic,,299700.0,tiktok,dominican-republic,False,2024,,,,
27,🐾🌸Estefany 🌸🐾 @yiliannydelacruz0,998500.0,,Dominican Republic,,299600.0,tiktok,dominican-republic,False,2024,,,,
28,thisisgabilivin @gabi_livin,979700.0,,Dominican Republic,Entertainment and Music,293900.0,tiktok,dominican-republic,False,2024,Music,MAPPED,,
29,Alexander.lyrics👑 @alexander.lyrics,960100.0,,Dominican Republic,,288000.0,tiktok,dominican-republic,False,2024,,,,
30,Fitmariela @fitmariela,950000.0,,Dominican Republic,Fitness,285000.0,tiktok,dominican-republic,False,2024,Sports,MAPPED,,
31,JIMENEZ❤️ @anyelo_x05,942300.0,,Dominican Republic,,282700.0,tiktok,dominican-republic,False,2024,,,,
32,Joel zapata marco @joel_zapata,934000.0,0.2,Dominican Republic,,280200.0,tiktok,dominican-republic,False,2024,,,,
33,LLÁMAME ORI❤️ @oriana_asencio,908800.0,,Dominican Republic,Business and Finance,272600.0,tiktok,dominican-republic,False,2024,Knowledge&Info,MAPPED,,
34,Alvin Gomes @alvingomes,907500.0,,Dominican Republic,,272300.0,tiktok,dominican-republic,False,2024,,,,
35,Marlynmar22 @marlynmar22,907200.0,0.1,Dominican Republic,Fitness and Health,272200.0,tiktok,dominican-republic,False,2024,Sports,MAPPED,,
36,Darlyn castillo @darlyncastillo09,904200.0,,Dominican Republic,,271300.0,tiktok,dominican-republic,False,2024,,,,
37,Rubén Adalberto🇩🇴🌎 @rubenadalberto01,898700.0,,Dominican Republic,,269600.0,tiktok,dominican-republic,False,2024,,,,
38,Chris @crismayridiazjavier,885400.0,,Dominican Republic,,265600.0,tiktok,dominican-republic,False,2024,,,,
39,Gilda🌙💜 @morechulaa,881100.0,,Dominican Republic,Beauty and Self Care,264300.0,tiktok,dominican-republic,False,2024,Beauty&Fashion,MAPPED,,
40,tumbaoreyes @tumbaoreyes,871500.0,,Dominican Republic,,261500.0,tiktok,dominican-republic,False,2024,,,,
41,El Panda Vines 🐼 @pandaviness,869600.0,,Dominican Republic,Funny,260900.0,tiktok,dominican-republic,False,2024,Entertainment,MAPPED,,
42,Alejandra Plasencia @alejpm_,855800.0,,Dominican Republic,,256700.0,tiktok,dominican-republic,False,2024,,,,
43,Yoka😻🤤 @yoka_acosta,848000.0,,Dominican Republic,,254400.0,tiktok,dominican-republic,False,2024,,,,
44,Michael morillo @morillooficiall,840100.0,,Dominican Republic,,252000.0,tiktok,dominican-republic,False,2024,,,,
45,Yulissa Garcia @yulissagarcia06,810200.0,,Dominican Republic,,243100.0,tiktok,dominican-republic,False,2024,,,,
46,Adrián Graff @adriancabrerard,806600.0,,Dominican Republic,,242000.0,tiktok,dominican-republic,False,2024,,,,
47,Ju @tu_zar_win2,806300.0,,Dominican Republic,,241900.0,tiktok,dominican-republic,False,2024,,,,
48,Steisy Mora @steisymora0,805300.0,,Dominican Republic,,241600.0,tiktok,dominican-republic,False,2024,,,,
49,emil_editzz @emil_editzz,802400.0,,Dominican Republic,,240700.0,tiktok,dominican-republic,False,2024,,,,
50,Aylin Alcántara @aylinalcantara25,800900.0,,Dominican Republic,,240300.0,tiktok,dominican-republic,False,2024,,,,
51,Emely @imemely_24,799900.0,,Dominican Republic,,240000.0,tiktok,dominican-republic,False,2024,,,,
52,Yenny Silva @diomara_22,795200.0,,Dominican Republic,,238600.0,tiktok,dominican-republic,False,2024,,,,
53,Micael Azar @micaelazar,793300.0,,Dominican Republic,Funny,238000.0,tiktok,dominican-republic,False,2024,Entertainment,MAPPED,,
54,Yamelis Acosta🔥🍓 @meliifresaa1,792400.0,,Dominican Republic,,237700.0,tiktok,dominican-republic,False,2024,,,,
55,Jose Ramon 🇩🇴 @jose05dr,791300.0,,Dominican Republic,Entertainment and Music Business and Finance,237400.0,tiktok,dominican-republic,False,2024,Knowledge&Info,MAPPED,,
56,eli001dr @eli001dr,779300.0,,Dominican Republic,,233800.0,tiktok,dominican-republic,False,2024,,,,
57,𝐋𝐲𝐫𝐢𝐜𝐬 @joel.lyrics,769800.0,0.2,Dominican Republic,,230900.0,tiktok,dominican-republic,False,2024,,,,
58,Melaza Empire @melazaempire,755200.0,,Dominican Republic,Business and Finance,226600.0,tiktok,dominican-republic,False,2024,Knowledge&Info,MAPPED,,
59,Jay Munee DIY @jaymuneediy,739600.0,,Dominican Republic,DIY and Life Hacks Home and Garden,221900.0,tiktok,dominican-republic,False,2024,Lifestyle,MAPPED,,
60,Amilcar Castillo @oficialamilcar,737300.0,0.4,Dominican Republic,Acting and Drama,221200.0,tiktok,dominican-republic,False,2024,Entertainment,MAPPED,,
61,La Materialista @lamaterialista1,729800.0,,Dominican Republic,,218900.0,tiktok,dominican-republic,False,2024,,,,
62,OnlyBladi @onlybladi,726800.0,,Dominican Republic,,218000.0,tiktok,dominican-republic,False,2024,,,,
63,𝑪𝒂𝒓𝒅𝒊 𝑩 @belcalis.17,711100.0,,Dominican Republic,,213300.0,tiktok,dominican-republic,False,2024,,,,
64,Barbie_lufo @barbie_lufo,710100.0,,Dominican Republic,,213000.0,tiktok,dominican-republic,False,2024,,,,
65,Soy Shovanny @soyshovanny.......gio,701100.0,,Dominican Republic,,210300.0,tiktok,dominican-republic,False,2024,,,,
66,Sigan Viendo 😂🇩🇴 @beatolyrics,699000.0,,Dominican Republic,,209700.0,tiktok,dominican-republic,False,2024,,,,
67,Oscartnt @oscartnt,689200.0,,Dominican Republic,,206800.0,tiktok,dominican-republic,False,2024,,,,
68,Oscar G @netflix_ultra,686400.0,,Dominican Republic,,205900.0,tiktok,dominican-republic,False,2024,,,,
69,Melaza YT @melazayt,684000.0,,Dominican Republic,,205200.0,tiktok,dominican-republic,False,2024,,,,
70,Melissa Christina Zerhau @melissazerhau,677800.0,,Dominican Republic,Entertainment and Music,203300.0,tiktok,dominican-republic,False,2024,Music,MAPPED,,
71,THE CAMPERITO RD YT @the_camperito_rd,673100.0,,Dominican Republic,,201900.0,tiktok,dominican-republic,False,2024,,,,
72,🐻Adrián_R🐻 @adrian.0305,669100.0,0.1,Dominican Republic,,200700.0,tiktok,dominican-republic,False,2024,,,,
73,De todo un poco @marlon_clips24,667600.0,,Dominican Republic,,200300.0,tiktok,dominican-republic,False,2024,,,,
74,Kingcam @k1ngcam1,658800.0,,Dominican Republic,,197600.0,tiktok,dominican-republic,False,2024,,,,
75,Sulay Mercedes Marti @dra.sulay,658000.0,,Dominican Republic,,197400.0,tiktok,dominican-republic,False,2024,,,,
76,YERLIN JEREZ @yerlinjereze,646000.0,,Dominican Republic,,193800.0,tiktok,dominican-republic,False,2024,,,,
77,nadieescomotuyeseestupoder @albanniaquezada,645500.0,0.1,Dominican Republic,,193700.0,tiktok,dominican-republic,False,2024,,,,
78,✨Yardelis Martinez✨ @yardelis_martinez,628700.0,,Dominican Republic,,188600.0,tiktok,dominican-republic,False,2024,,,,
79,Estarlin Perez @estarlinperez011,628200.0,,Dominican Republic,,188500.0,tiktok,dominican-republic,False,2024,,,,
80,Beriz boo @berizboo,623200.0,,Dominican Republic,,187000.0,tiktok,dominican-republic,False,2024,,,,
81,R A F A E L 🌴 @rafaelrodriguez08,603000.0,,Dominican Republic,Entertainment and Music,180900.0,tiktok,dominican-republic,False,2024,Music,MAPPED,,
82,Teammelmelada @teammelmelada,602700.0,0.4,Dominican Republic,,180800.0,tiktok,dominican-republic,False,2024,,,,
83,FlowLyricsHD @flowlyricshd,602100.0,0.2,Dominican Republic,,180600.0,tiktok,dominican-republic,False,2024,,,,
84,@Josuegrullon_ @josue_f5,597300.0,,Dominican Republic,Video Gaming,179200.0,tiktok,dominican-republic,False,2024,Tech&Gaming,MAPPED,,
85,Baby yunior Barber @babyyunior,596400.0,,Dominican Republic,,178900.0,tiktok,dominican-republic,False,2024,,,,
86,Erick Sanchez @wolflamusica,591000.0,,Dominican Republic,Entertainment and Music,177300.0,tiktok,dominican-republic,False,2024,Music,MAPPED,,
87,Yerinson Jesús Aybar @mampula_matine,590000.0,,Dominican Republic,,177000.0,tiktok,dominican-republic,False,2024,,,,
88,latinaygringo @latinaygringo,579700.0,,Dominican Republic,,173900.0,tiktok,dominican-republic,False,2024,,,,
89,Wander santana @wandersantana99,574500.0,,Dominican Republic,,172400.0,tiktok,dominican-republic,False,2024,,,,
90,Sparta Group 🏆 @spartagroupdr,574200.0,,Dominican Republic,Entertainment and Music,172300.0,tiktok,dominican-republic,False,2024,Music,MAPPED,,
91,Ismaél @ismaelsantanaxo,573400.0,0.1,Dominican Republic,,172000.0,tiktok,dominican-republic,False,2024,,,,
92,Angel La Volanta @angellavolanta01,572800.0,,Dominican Republic,,171800.0,tiktok,dominican-republic,False,2024,,,,
93,Christian😛 @christianjp._,572500.0,,Dominican Republic,,171800.0,tiktok,dominican-republic,False,2024,,,,
94,Elis Feliz @elisfeliz26,572300.0,,Dominican Republic,,171700.0,tiktok,dominican-republic,False,2024,,,,
95,C. Gomez @carmenrg87,570200.0,,Dominican Republic,,171100.0,tiktok,dominican-republic,False,2024,,,,
96,𝐷𝑂𝑆𝐼 𝐿𝐸𝑇𝐴𝐿 💠 @dosiletal,567900.0,,Dominican Republic,,170400.0,tiktok,dominican-republic,False,2024,,,,
97,KidTheWiz @kidthewiz,566800.0,,Dominican Republic,Fashion,170000.0,tiktok,dominican-republic,False,2024,Beauty&Fashion,MAPPED,,
98,Isaela Reyes @mexicohondurasfam,566300.0,,Dominican Republic,family,169900.0,tiktok,dominican-republic,False,2024,Lifestyle,MAPPED,,
99,pamelainfante15 @pamelainfante15,564200.0,,Dominican Republic,,169300.0,tiktok,dominican-republic,False,2024,,,,
100,Rens.. 😁 @rensiijr,561000.0,,Dominican Republic,,168300.0,tiktok,dominican-republic,False,2024,,,,
1,Kelly y David @busta_brothers,19500000.0,,Ecuador,Entertainment and Music,5900000.0,tiktok,ecuador,False,2024,Music,MAPPED,,
2,arelí tutoriales @otracuentadetutoriales,6600000.0,,Ecuador,Education Upskilling,2000000.0,tiktok,ecuador,False,2024,Knowledge&Info,MAPPED,,
3,Mauro @mauro_mt2,4600000.0,,Ecuador,,1400000.0,tiktok,ecuador,False,2024,,,,
4,yilda banchon @yildabanchon,4400000.0,,Ecuador,Entertainment and Music,1300000.0,tiktok,ecuador,False,2024,Music,MAPPED,,
5,samiaalava @samiaalava,2700000.0,,Ecuador,,810000.0,tiktok,ecuador,False,2024,,,,
6,Gina López @ginaalopeez,2500000.0,,Ecuador,,750000.0,tiktok,ecuador,False,2024,,,,
7,LOGO AJ21 @logoaj21,2200000.0,0.2,Ecuador,Arts and Crafts,660000.0,tiktok,ecuador,False,2024,Lifestyle,MAPPED,,
8,Anny🇪🇨 @annyborja2,2000000.0,,Ecuador,,600000.0,tiktok,ecuador,False,2024,,,,
9,Shailyn Garzón Merchán @shailyngarzon,2000000.0,,Ecuador,,600000.0,tiktok,ecuador,False,2024,,,,
10,Chrisx Trejo @chrisxtrejo,1900000.0,,Ecuador,,570000.0,tiktok,ecuador,False,2024,,,,
11,mafernandapr @mafernandapr,1800000.0,,Ecuador,,540000.0,tiktok,ecuador,False,2024,,,,
12,macias.ff @macias.ff,1700000.0,,Ecuador,,510000.0,tiktok,ecuador,False,2024,,,,
13,GlamecStudio @glamec,1600000.0,0.3,Ecuador,,480000.0,tiktok,ecuador,False,2024,,,,
14,Artur Perchuk @_justspinning_,1500000.0,,Ecuador,,450000.0,tiktok,ecuador,False,2024,,,,
15,Stechell @stechell,1500000.0,,Ecuador,,450000.0,tiktok,ecuador,False,2024,,,,
16,BabyLeoff @babyleoff,1300000.0,,Ecuador,,390000.0,tiktok,ecuador,False,2024,,,,
17,Guillermo Lasso @guillermolasso,1300000.0,0.4,Ecuador,,390000.0,tiktok,ecuador,False,2024,,,,
18,jandino @jandino,1300000.0,,Ecuador,Entertainment and Music,390000.0,tiktok,ecuador,False,2024,Music,MAPPED,,
19,ToRy @victoriacomelibros,1200000.0,,Ecuador,,360000.0,tiktok,ecuador,False,2024,,,,
20,Vivi Almeida @vivialmeida,1000000.0,,Ecuador,,300000.0,tiktok,ecuador,False,2024,,,,
21,Tomas Delgado La Vecina @tomasdelgadoec,1000000.0,0.1,Ecuador,Acting and Drama Celebrity,300000.0,tiktok,ecuador,False,2024,Entertainment,MAPPED,,
22,"rolitas “cz"" @rolitas_cz",993600.0,,Ecuador,,298100.0,tiktok,ecuador,False,2024,,,,
23,Anthony @a3v_22,950800.0,,Ecuador,,285200.0,tiktok,ecuador,False,2024,,,,
24,Silvana💠 @silvimunozz @silvimunozz,950000.0,1.6,Ecuador,Food,285000.0,tiktok,ecuador,False,2024,Lifestyle,MAPPED,,
25,DOGGI Style @doggistyleec,947100.0,0.1,Ecuador,,284100.0,tiktok,ecuador,False,2024,,,,
26,Jonathan Ortiz @jonathan.ortizls,934000.0,,Ecuador,,280200.0,tiktok,ecuador,False,2024,,,,
27,ロバート @chocloboy,926100.0,,Ecuador,,277800.0,tiktok,ecuador,False,2024,,,,
28,Botsito_Ecuatoriano @sport_goe,923500.0,,Ecuador,,277100.0,tiktok,ecuador,False,2024,,,,
29,LesterGabrieel @lester.gabrieel,922700.0,,Ecuador,,276800.0,tiktok,ecuador,False,2024,,,,
30,LIRYKAL @lirykal,892300.0,,Ecuador,,267700.0,tiktok,ecuador,False,2024,,,,
31,Maria Sol Corral @mariasolcorral0,885600.0,,Ecuador,,265700.0,tiktok,ecuador,False,2024,,,,
32,Brian Coro @iambriancoro,876600.0,,Ecuador,,263000.0,tiktok,ecuador,False,2024,,,,
33,⚡JoelBy15⚡ @joelby15.ff,863700.0,0.1,Ecuador,,259100.00000000003,tiktok,ecuador,False,2024,,,,
34,Salsitas Bakanas 🎶🎺🍻 @salsitasbakanas,859400.0,0.1,Ecuador,,257800.0,tiktok,ecuador,False,2024,,,,
35,Marcos Otavalo @marcosotavalo,850800.0,,Ecuador,,255200.0,tiktok,ecuador,False,2024,,,,
36,Jose Erazo @elpepe_jl,847100.0,,Ecuador,Travel,254100.0,tiktok,ecuador,False,2024,Lifestyle,MAPPED,,
37,Gene Marquinez @genemarquinez,845400.0,,Ecuador,,253600.0,tiktok,ecuador,False,2024,,,,
38,jenny.zambrano.24 @jenny.zambrano.242,844500.0,,Ecuador,,253400.0,tiktok,ecuador,False,2024,,,,
39,SELENE.YT @seleneytt,826900.0,,Ecuador,,248100.0,tiktok,ecuador,False,2024,,,,
40,Soff ☁️ @sofireynes,825900.0,,Ecuador,Fashion and Accessories,247800.0,tiktok,ecuador,False,2024,Beauty&Fashion,MAPPED,,
41,KikeCuy @elcuy.ec,825000.0,,Ecuador,,247500.0,tiktok,ecuador,False,2024,,,,
42,maykeloficial @maykeloficial,820200.0,,Ecuador,,246100.0,tiktok,ecuador,False,2024,,,,
43,Navila Dieb @naviladieb_oficial,818400.0,,Ecuador,,245500.0,tiktok,ecuador,False,2024,,,,
44,Gaby Brave @gaby.brave,799400.0,,Ecuador,,239800.0,tiktok,ecuador,False,2024,,,,
45,Eldariu @eldariu,799000.0,,Ecuador,,239700.0,tiktok,ecuador,False,2024,,,,
46,Tik Toker @emo.fio,796900.0,,Ecuador,,239100.0,tiktok,ecuador,False,2024,,,,
47,pichirringo 1112 vanessita @pichirringovannesita,795000.0,,Ecuador,,238500.0,tiktok,ecuador,False,2024,,,,
48,beckerchicaiza @beckerchicaiza,794000.0,,Ecuador,,238200.0,tiktok,ecuador,False,2024,,,,
49,Mommy?! @agenteperryyyyy,789900.0,,Ecuador,,237000.0,tiktok,ecuador,False,2024,,,,
50,Gladys 2021 @gladys2021,781600.0,,Ecuador,,234500.0,tiktok,ecuador,False,2024,,,,
51,Hernan PG @hernan_oficiall,781000.0,,Ecuador,,234300.0,tiktok,ecuador,False,2024,,,,
52,Marath Dáger @marathdageryalbita,777500.0,,Ecuador,,233300.0,tiktok,ecuador,False,2024,,,,
53,Jonathan Quiñonez @eljonattthan,766100.0,,Ecuador,,229800.0,tiktok,ecuador,False,2024,,,,
54,Gaby Ruiz @gabyruizoficial,765400.0,,Ecuador,,229600.0,tiktok,ecuador,False,2024,,,,
55,Carlos @carloor,764400.0,,Ecuador,,229300.0,tiktok,ecuador,False,2024,,,,
56,Rahab Villacres @rahabvillacres,763300.0,,Ecuador,,229000.0,tiktok,ecuador,False,2024,,,,
57,💞Doménica Llagua💞 @domenicallagua1,756900.0,0.5,Ecuador,,227100.0,tiktok,ecuador,False,2024,,,,
58,Mare Cevallos @marecevallos,741800.0,,Ecuador,Arts and Crafts,222500.0,tiktok,ecuador,False,2024,Lifestyle,MAPPED,,
59,Ana Mera @anamera71,738100.0,,Ecuador,,221400.0,tiktok,ecuador,False,2024,,,,
60,Jhulyanabell @jhulyanabell,731300.0,,Ecuador,,219400.0,tiktok,ecuador,False,2024,,,,
61,Josué_Lince @josue_lince,723800.0,,Ecuador,,217100.0,tiktok,ecuador,False,2024,,,,
62,Naye Escobar Bastidas @nayeescobarbastid,721500.0,,Ecuador,,216500.0,tiktok,ecuador,False,2024,,,,
63,Kerly Moran @kerlymoran1,720100.0,,Ecuador,,216000.0,tiktok,ecuador,False,2024,,,,
64,Tik Toker @joeltuarez41,718800.0,0.3,Ecuador,,215600.0,tiktok,ecuador,False,2024,,,,
65,Ren Kai - 人凯 @renkaiy,712800.0,,Ecuador,,213800.0,tiktok,ecuador,False,2024,,,,
66,JUCE LUGARES @jucelugares,705800.0,0.3,Ecuador,,211700.0,tiktok,ecuador,False,2024,,,,
67,mariamimedianaranja @maria_mimedianaranja,698400.0,,Ecuador,,209500.0,tiktok,ecuador,False,2024,,,,
68,frases MJ @alavamanuel_17,689000.0,1.2,Ecuador,,206700.0,tiktok,ecuador,False,2024,,,,
69,Nadira @nadiramusica,680900.0,,Ecuador,,204300.0,tiktok,ecuador,False,2024,,,,
70,Bicho Cedeño @vicho2005_ff,679900.0,0.4,Ecuador,,204000.0,tiktok,ecuador,False,2024,,,,
71,El_chico_de_las_frases @jose_pg.02,678600.0,0.4,Ecuador,,203600.0,tiktok,ecuador,False,2024,,,,
72,Yesly Selena @yeslybustamanteok,678000.0,,Ecuador,Fashion and Accessories,203400.0,tiktok,ecuador,False,2024,Beauty&Fashion,MAPPED,,
73,🌑🌒🌓🌔🌕🌖🌗🌘🌑 @joseantonio99972,675900.0,,Ecuador,Entertainment and Music Games,202800.0,tiktok,ecuador,False,2024,Tech&Gaming,MAPPED,,
74,Yuribeth Cornejo @yuribethcp,668600.0,,Ecuador,Romance and Wedding,200600.0,tiktok,ecuador,False,2024,Beauty&Fashion,MAPPED,,
75,Priscila Elizabeth Jaramillo @priscilae.jaramil,663800.0,,Ecuador,,199100.0,tiktok,ecuador,False,2024,,,,
76,Alexis Coba AG @alexiscobaag,660400.0,0.1,Ecuador,,198100.0,tiktok,ecuador,False,2024,,,,
77,Paul guerrero @rauw_yt,658200.0,0.1,Ecuador,,197500.0,tiktok,ecuador,False,2024,,,,
78,ＬＡＤＹ ＤＩＡＮＡ @amarilxx,654700.0,0.9,Ecuador,,196400.0,tiktok,ecuador,False,2024,,,,
79,china @geraldyn0513,648300.0,,Ecuador,,194500.0,tiktok,ecuador,False,2024,,,,
80,monpantoja826 @monpantojao,645700.0,0.9,Ecuador,,193700.0,tiktok,ecuador,False,2024,,,,
81,Raul Navarrete @suecuatorianos,645000.0,,Ecuador,,193500.0,tiktok,ecuador,False,2024,,,,
82,Monita ?❤ @monitaa0_0,643900.0,,Ecuador,,193200.0,tiktok,ecuador,False,2024,,,,
83,✨frases✨ @frases_naomi_,641300.0,0.1,Ecuador,,192400.0,tiktok,ecuador,False,2024,,,,
84,Michelle Aguilar 🌹 @michuaguilar,638900.0,,Ecuador,,191700.0,tiktok,ecuador,False,2024,,,,
85,Alexander Bernita Lopez @alexanderr042,635700.0,,Ecuador,,190700.0,tiktok,ecuador,False,2024,,,,
86,Catherine Arreaga @motta_barber_lab,633100.0,,Ecuador,,189900.0,tiktok,ecuador,False,2024,,,,
87,brianny_ruiz368 @brianny_ruiz368,625100.0,0.1,Ecuador,,187500.0,tiktok,ecuador,False,2024,,,,
88,IsraelVera @israaafails,623100.0,,Ecuador,,186900.0,tiktok,ecuador,False,2024,,,,
89,openings_esp @emylidr,622900.0,,Ecuador,,186900.0,tiktok,ecuador,False,2024,,,,
90,Maria Mercedes Pache @mamercedesp1,621000.0,,Ecuador,Entertainment and Music,186300.0,tiktok,ecuador,False,2024,Music,MAPPED,,
91,estebannotes @estebannotes,616500.0,0.1,Ecuador,Entertainment and Music,185000.0,tiktok,ecuador,False,2024,Music,MAPPED,,
92,S i g u e m e🥳C o m p a r t e @shilda_2234,613900.0,,Ecuador,,184200.0,tiktok,ecuador,False,2024,,,,
93,Dilan Diego a @dilandiego1,608100.0,,Ecuador,,182400.0,tiktok,ecuador,False,2024,,,,
94,Cristina gallegos @cristinagallegos_,602900.0,,Ecuador,Romance and Wedding,180900.0,tiktok,ecuador,False,2024,Beauty&Fashion,MAPPED,,
95,Dr. Marco Gaibor @nutrimarko,600800.0,,Ecuador,Fitness and Health,180200.0,tiktok,ecuador,False,2024,Sports,MAPPED,,
96,@matiasorbe1 @matiasorbe2.0,599200.0,,Ecuador,,179800.0,tiktok,ecuador,False,2024,,,,
97,Joncra - x2 @joncrisnew,598600.0,,Ecuador,,179600.0,tiktok,ecuador,False,2024,,,,
98,Ariana Unda @arianaalejandraunda,597900.0,0.1,Ecuador,,179400.0,tiktok,ecuador,False,2024,,,,
99,🔞 Rosa 🇪🇨 @marinafajardo15,597000.0,,Ecuador,Romance and Wedding,179100.0,tiktok,ecuador,False,2024,Beauty&Fashion,MAPPED,,
100,Angela Orellana @angelitamov7,596300.0,,Ecuador,,178900.0,tiktok,ecuador,False,2024,,,,
1,Gehad hassan👸🏻 @gehadhassann,7500000.0,,Egypt,,2300000.0,tiktok,egypt,False,2024,,,,
2,Ahmed Helmy @ahmedhelmy,6900000.0,,Egypt,Entertainment and Music,2100000.0,tiktok,egypt,False,2024,Music,MAPPED,,
3,MBC مصر @mbcmasr,4600000.0,,Egypt,,1400000.0,tiktok,egypt,False,2024,,,,
4,ahmedhassan🇹🇷🇪🇬 @ahmedhhassan0,4300000.0,2.6,Egypt,,1300000.0,tiktok,egypt,False,2024,,,,
5,ᔕ𝔼ᒪ𝕍ᗩـــسيلڤاـ︎. @mo_selva,3900000.0,,Egypt,,1200000.0,tiktok,egypt,False,2024,,,,
6,حمو شاكر _Hamo Shaker @hamoshakerofficial,3400000.0,0.1,Egypt,Entertainment and Music,1000000.0,tiktok,egypt,False,2024,Music,MAPPED,,
7,youssefesawy @youssef_esawy,3200000.0,0.2,Egypt,Fashion and Accessories,960000.0,tiktok,egypt,False,2024,Beauty&Fashion,MAPPED,,
8,Bella Tharwat - بيلا ثروت @bella.tharwat,3100000.0,,Egypt,,930000.0,tiktok,egypt,False,2024,,,,
9,"🇪🇬⚡""ALALMEI""⚡🇵🇸 @ashraf_alalmei",2900000.0,,Egypt,,870000.0,tiktok,egypt,False,2024,,,,
10,Enawy | قناوي @abdallahenawy,2700000.0,,Egypt,,810000.0,tiktok,egypt,False,2024,,,,
11,Manga official🥭 @mrmroga,2400000.0,0.4,Egypt,Beauty and Self Care,720000.0,tiktok,egypt,False,2024,Beauty&Fashion,MAPPED,,
12,هجرس_HGRAS @hgras1,2300000.0,,Egypt,,690000.0,tiktok,egypt,False,2024,,,,
13,Malak @malakelsheriif17,2300000.0,,Egypt,,690000.0,tiktok,egypt,False,2024,,,,
14,SALMA ADEL 🎤 @salmaadel_official,2100000.0,,Egypt,Entertainment and Music Celebrity Music,630000.0,tiktok,egypt,False,2024,Music,MAPPED,,
15,🎨محمد فاروق الرسام🎨 @king_misr,2100000.0,0.3,Egypt,,630000.0,tiktok,egypt,False,2024,,,,
16,اعلاميه ايه خليل @aya19941994,2100000.0,,Egypt,,630000.0,tiktok,egypt,False,2024,,,,
17,Shaimaa Elmaghrapyشيماءالمغربي @shaimaaelmaghrapy,2000000.0,,Egypt,Entertainment and Music,600000.0,tiktok,egypt,False,2024,Music,MAPPED,,
18,🇪🇬﮼ميار﮼عماد﮼نجيب🇪🇬 @mayare.nagiib,2000000.0,,Egypt,Beauty and Self Care,600000.0,tiktok,egypt,False,2024,Beauty&Fashion,MAPPED,,
19,Doctora Eslam 🩺🇪🇬 @doctoraeslam,1900000.0,,Egypt,,570000.0,tiktok,egypt,False,2024,,,,
20,nour @_nonosh_,1800000.0,,Egypt,,540000.0,tiktok,egypt,False,2024,,,,
21,رضا البحراوي @redaelbahrawy.official,1700000.0,,Egypt,Entertainment and Music Music,510000.0,tiktok,egypt,False,2024,Music,MAPPED,,
22,princess 🎀👑 @faye_mansour22,1700000.0,,Egypt,,510000.0,tiktok,egypt,False,2024,,,,
23,👑K3m99👑 @kemoo_falco,1700000.0,,Egypt,,510000.0,tiktok,egypt,False,2024,,,,
24,مسرح مصر #مسرح_مصر @theater.misr.official,1700000.0,,Egypt,Entertainment and Music,510000.0,tiktok,egypt,False,2024,Music,MAPPED,,
25,Ahmed Zaher @ahmedzaher228,1600000.0,,Egypt,,480000.0,tiktok,egypt,False,2024,,,,
26,🔥🇪🇬𝐀𝐋𝐃𝐀𝐖𝐋𝐘🇪🇬🔥 @alaa.dawlyy,1500000.0,,Egypt,,450000.0,tiktok,egypt,False,2024,,,,
27,FoodDolls @fooddolls,1400000.0,,Egypt,Food,420000.0,tiktok,egypt,False,2024,Lifestyle,MAPPED,,
28,Weam Magdy @weammagdy30,1400000.0,,Egypt,,420000.0,tiktok,egypt,False,2024,,,,
29,المبرمج اشرف مصطفي @ashrafzamka,1400000.0,,Egypt,Education Upskilling,420000.0,tiktok,egypt,False,2024,Knowledge&Info,MAPPED,,
30,Ahmed Emad @aahmmedx,1400000.0,,Egypt,,420000.0,tiktok,egypt,False,2024,,,,
31,Gemyabdelnasserr @gemyabdelnasserr,1300000.0,,Egypt,,390000.0,tiktok,egypt,False,2024,,,,
32,عرنو @__haron_whdan__,1300000.0,,Egypt,,390000.0,tiktok,egypt,False,2024,,,,
33,لمض افندي 🇪🇬📸 @hassan_soliman11,1300000.0,,Egypt,,390000.0,tiktok,egypt,False,2024,,,,
34,صاحب الكوكب✅ @mohmed.7asona,1300000.0,,Egypt,,390000.0,tiktok,egypt,False,2024,,,,
35,–––•(-• ابو شعر كيرلي😅❤️ •-) @pasha_aswan,1300000.0,,Egypt,Romance and Wedding,390000.0,tiktok,egypt,False,2024,Beauty&Fashion,MAPPED,,
36,Mahmoud ElMohandes @mahmoudelmohandes,1300000.0,,Egypt,Entertainment and Music Romance and Wedding,390000.0,tiktok,egypt,False,2024,Beauty&Fashion,MAPPED,,
37,soso @israa.nageeb,1300000.0,,Egypt,,390000.0,tiktok,egypt,False,2024,,,,
38,Dr. Hossam Abolatta @drhossamabolatta,1300000.0,,Egypt,,390000.0,tiktok,egypt,False,2024,,,,
39,#إمبراطورية_شيكو_الماجيك💪🇪🇬 @sheko.el.magic,1200000.0,0.1,Egypt,,360000.0,tiktok,egypt,False,2024,,,,
40,Hamoda Elsory @hamodaelsory,1200000.0,0.1,Egypt,,360000.0,tiktok,egypt,False,2024,,,,
41,Menna El-zohiry @mennaelzohiry,1200000.0,,Egypt,Education,360000.0,tiktok,egypt,False,2024,Knowledge&Info,MAPPED,,
42,⚡️Youssef joe⚡️ @yousseefjoe,1200000.0,,Egypt,,360000.0,tiktok,egypt,False,2024,,,,
43,مصراوي 🧞‍♂️ @abd0saper,1100000.0,0.1,Egypt,,330000.0,tiktok,egypt,False,2024,,,,
44,رانيا عمر❤️ @raniiabae,1100000.0,0.4,Egypt,,330000.0,tiktok,egypt,False,2024,,,,
45,Mahmoud Fadl محمود فضل @mahmoudfadl24,1100000.0,,Egypt,Education,330000.0,tiktok,egypt,False,2024,Knowledge&Info,MAPPED,,
46,Sarah Badr @sarahbadrart,1100000.0,,Egypt,Beauty and Self Care,330000.0,tiktok,egypt,False,2024,Beauty&Fashion,MAPPED,,
47,Mbc4 @mbc4,1000000.0,,Egypt,,300000.0,tiktok,egypt,False,2024,,,,
48,Fouad Elkaffas | فؤاد القفاص @its.fouad1,1000000.0,,Egypt,Food,300000.0,tiktok,egypt,False,2024,Lifestyle,MAPPED,,
49,Kayan Essam @jojoahmed7213,999500.0,0.1,Egypt,,299900.0,tiktok,egypt,False,2024,,,,
50,حسام حسين @hossam_hussein_official,997700.0,,Egypt,,299300.0,tiktok,egypt,False,2024,,,,
51,Ahmed Younis | احمد يونس @ahmedyouniis,996700.0,,Egypt,,299000.0,tiktok,egypt,False,2024,,,,
52,they call me Mego 🥴 @jannamagdykhalil,992600.0,,Egypt,Pets,297800.0,tiktok,egypt,False,2024,Lifestyle,MAPPED,,
53,Engy Abdo @engyyabdo,991800.0,,Egypt,,297500.0,tiktok,egypt,False,2024,,,,
54,Kelma production @mohamedadaweya0,990000.0,,Egypt,,297000.0,tiktok,egypt,False,2024,,,,
55,Chee Tos @rouhalsharq,986300.0,,Egypt,,295900.0,tiktok,egypt,False,2024,,,,
56,Hamdy.ashourr @hamdy.ashourr,983000.0,,Egypt,Acting and Drama,294900.0,tiktok,egypt,False,2024,Entertainment,MAPPED,,
57,Chef Eman 👩🏻‍🍳 @eman.ibrahiim,977300.0,0.1,Egypt,Food,293200.0,tiktok,egypt,False,2024,Lifestyle,MAPPED,,
58,Bassel @basseljr,975100.0,,Egypt,Business and Finance,292500.0,tiktok,egypt,False,2024,Knowledge&Info,MAPPED,,
59,ايه ده في ايه 🤣 @mohamed__fadl,974600.0,,Egypt,,292400.0,tiktok,egypt,False,2024,,,,
60,القارئ محمد أبو سيف @mohamedabosaif14,972100.0,,Egypt,,291600.0,tiktok,egypt,False,2024,,,,
61,Jihan & Siwar @jihan.siwar,966500.0,,Egypt,,290000.0,tiktok,egypt,False,2024,,,,
62,الظلام | 𝐓𝐡𝐞 𝐃𝐚𝐫𝐤🐾 @mogli._,964900.0,0.3,Egypt,,289500.0,tiktok,egypt,False,2024,,,,
63,Mallakhassan.q 🇵🇸🇪🇬 @mallakhassan,961600.0,,Egypt,,288500.0,tiktok,egypt,False,2024,,,,
64,Alsaid_official @alsaid_official,960300.0,,Egypt,,288100.0,tiktok,egypt,False,2024,,,,
65,❤️الرحاله ❤️ @salma_elogil,956700.0,,Egypt,,287000.0,tiktok,egypt,False,2024,,,,
66,Seif Mohamed @elkhawagaenglish,952500.0,,Egypt,,285800.0,tiktok,egypt,False,2024,,,,
67,Mostafa Tanta ❤️😲 @mustafaalsaid12,949800.0,,Egypt,,284900.0,tiktok,egypt,False,2024,,,,
68,﮼سعيد ﮼تيتو ⚔️🇪🇬... @saeedelfky,949100.0,,Egypt,,284700.0,tiktok,egypt,False,2024,,,,
69,بتاع الكوميدي☝️♥️ @ahmedsamir0088,944300.0,,Egypt,,283300.0,tiktok,egypt,False,2024,,,,
70,Dr-Ali Hussein @dr3lii,943800.0,,Egypt,Fitness and Health,283100.0,tiktok,egypt,False,2024,Sports,MAPPED,,
71,Haneen Magdi🦄 @haneenmagdii,936900.0,,Egypt,,281100.0,tiktok,egypt,False,2024,,,,
72,Omar Adel @omaradel862,936000.0,0.1,Egypt,,280800.0,tiktok,egypt,False,2024,,,,
73,المنشد حازم محمد🇦🇪🇪🇬 @hazem.mohamed2,935500.0,,Egypt,,280700.0,tiktok,egypt,False,2024,,,,
74,💪 ابن اسكندرية 💪 @hamo_tark,933500.0,,Egypt,,280100.0,tiktok,egypt,False,2024,,,,
75,Ahmed Elawady أحمد العوضي @elmeadadi,933200.0,,Egypt,Acting and Drama Sports,280000.0,tiktok,egypt,False,2024,Sports,MAPPED,,
76,كريم ناجي ♥️🖤🧿 @dmnhori201944,932200.0,0.1,Egypt,,279700.0,tiktok,egypt,False,2024,,,,
77,Hussien Elgohary @hussien.elgohary,931600.0,,Egypt,,279500.0,tiktok,egypt,False,2024,,,,
78,tameemyouness @tameemyouness,925900.0,0.1,Egypt,,277800.0,tiktok,egypt,False,2024,,,,
79,عمر الجبلي @omarlgabaly,925800.0,,Egypt,,277700.0,tiktok,egypt,False,2024,,,,
80,BADRMUUHAMED | بدر محمد @badrmuuhamed,921100.0,,Egypt,,276300.0,tiktok,egypt,False,2024,,,,
81,مصطفى منعم @8mu_13,919600.0,0.4,Egypt,,275900.0,tiktok,egypt,False,2024,,,,
82,Kaido 🧠☁️ @kaido55,919100.0,,Egypt,,275700.0,tiktok,egypt,False,2024,,,,
83,Ebraam Samir @ebraamsamir,917700.0,,Egypt,Acting and Drama Celebrity Medical Health,275300.0,tiktok,egypt,False,2024,Knowledge&Info,MAPPED,,
84,Diaa🦁 @diaatalaat00,913300.0,,Egypt,,274000.0,tiktok,egypt,False,2024,,,,
85,كاءن النوتيلا❤️ @gogoana621,908800.0,,Egypt,,272600.0,tiktok,egypt,False,2024,,,,
86,Sensei Mamdouh Bakkar @mamdouhbakkar1,908300.0,,Egypt,,272500.0,tiktok,egypt,False,2024,,,,
87,هشام بلاطة @spidermanalmokattam,904200.0,,Egypt,,271300.0,tiktok,egypt,False,2024,,,,
88,Mohanaderabii @erabii,904000.0,,Egypt,,271200.0,tiktok,egypt,False,2024,,,,
89,﮼چورى💜🦄 @haageerahmed,902600.0,,Egypt,,270800.0,tiktok,egypt,False,2024,,,,
90,3 Twins @3twins7,898800.0,,Egypt,,269600.0,tiktok,egypt,False,2024,,,,
91,Belal L Galy @estetsh0,898500.0,0.8,Egypt,Beauty and Self Care,269600.0,tiktok,egypt,False,2024,Beauty&Fashion,MAPPED,,
92,محمد رمضان @mohamed_ramdan_100,895600.0,,Egypt,,268700.0,tiktok,egypt,False,2024,,,,
93,Mostafa Ayman @mostafa.aymann,894900.0,,Egypt,,268500.0,tiktok,egypt,False,2024,,,,
94,Hussien elshahat @h.elshahat,890800.0,,Egypt,,267200.0,tiktok,egypt,False,2024,,,,
95,ابراهيم الطوخي الاصلي🔥👌 @abrahemalto5e2,887900.0,,Egypt,,266400.0,tiktok,egypt,False,2024,,,,
96,Sãmär Elnagar @samarelnagar11,887200.0,,Egypt,Beauty and Self Care,266200.0,tiktok,egypt,False,2024,Beauty&Fashion,MAPPED,,
97,ᗩᕼᗰEᗪ_TOᖇKY 🇪🇬🇹🇷 @ahmed_torky,886600.0,,Egypt,,266000.0,tiktok,egypt,False,2024,,,,
98,Dr JOO SOLIMAN 💫 @drjoosoliman,885200.0,,Egypt,,265600.0,tiktok,egypt,False,2024,,,,
99,👉 L O S T E R 👈 @losterhossam,882400.0,,Egypt,,264700.0,tiktok,egypt,False,2024,,,,
100,Maged Elmasry @magedelmasry1919,878900.0,,Egypt,,263700.0,tiktok,egypt,False,2024,,,,
1,Esvin Reyes @esvinreyes5,2600000.0,,El Salvador,,780000.0,tiktok,el-salvador,False,2024,,,,
2,Amys Twins💖 @amys_twins,2500000.0,0.9,El Salvador,family,750000.0,tiktok,el-salvador,False,2024,Lifestyle,MAPPED,,
3,art🌸by🌸ari @arinnami_,1300000.0,,El Salvador,Arts and Crafts,390000.0,tiktok,el-salvador,False,2024,Lifestyle,MAPPED,,
4,La Tia Maria Oficial @la_tiamaria,1300000.0,2.2,El Salvador,,390000.0,tiktok,el-salvador,False,2024,,,,
5,Just A Happy Mom @justahappymom,1200000.0,0.3,El Salvador,family,360000.0,tiktok,el-salvador,False,2024,Lifestyle,MAPPED,,
6,Nancy Ver @nancyytuque,1100000.0,,El Salvador,,330000.0,tiktok,el-salvador,False,2024,,,,
7,RICKY @soyrickysv,1100000.0,1.2,El Salvador,,330000.0,tiktok,el-salvador,False,2024,,,,
8,Esme Lemus @esme_esme16,1000000.0,,El Salvador,,300000.0,tiktok,el-salvador,False,2024,,,,
9,Delmy Hernandez @yaniraberrios7,981200.0,,El Salvador,,294400.0,tiktok,el-salvador,False,2024,,,,
10,Dulces Dulce @dulcesdulce1,942800.0,0.1,El Salvador,Food and Drink,282800.0,tiktok,el-salvador,False,2024,Lifestyle,MAPPED,,
11,ᵛᵃʸᵃ.ᵈᵃᵗᵒ @vaya.dato,933400.0,,El Salvador,,280000.0,tiktok,el-salvador,False,2024,,,,
12,🇸🇻𝙃𝙚𝙣𝙧𝙮 𝙐𝙧𝙞𝙖𝙨 @henryuriasoficial,914100.0,1.9,El Salvador,Celebrity,274200.0,tiktok,el-salvador,False,2024,Entertainment,MAPPED,,
13,Fernando Palomo @fernandopalomoespn,913400.0,1.9,El Salvador,,274000.0,tiktok,el-salvador,False,2024,,,,
14,Artemio el Ruso Latino @rusolatino,911200.0,1.4,El Salvador,,273400.0,tiktok,el-salvador,False,2024,,,,
15,Salvador Alas @lacholy4,878400.0,9.0,El Salvador,,263500.0,tiktok,el-salvador,False,2024,,,,
16,Pao y Mafer Cea @innova.sv,862600.0,1.8,El Salvador,Entertainment and Music Product Showcase,258800.0,tiktok,el-salvador,False,2024,Beauty&Fashion,MAPPED,,
17,elizithablanco @elizithablanco,861700.0,,El Salvador,,258500.0,tiktok,el-salvador,False,2024,,,,
18,Chibi @chibifagoaga,839400.0,1.5,El Salvador,,251800.0,tiktok,el-salvador,False,2024,,,,
19,Elenamorenohrqz3 @elenamorenohrqz3,755800.0,,El Salvador,,226700.0,tiktok,el-salvador,False,2024,,,,
20,Drinkaholicssv @drinkaholicsv,744200.0,,El Salvador,,223300.0,tiktok,el-salvador,False,2024,,,,
21,Norma Villeda @normaoficial,683800.0,,El Salvador,Romance and Wedding,205100.0,tiktok,el-salvador,False,2024,Beauty&Fashion,MAPPED,,
22,Irene7sv @irene7sv,673600.0,,El Salvador,,202100.0,tiktok,el-salvador,False,2024,,,,
23,VidenteBibianArango @videntebibianarango,630200.0,,El Salvador,,189100.0,tiktok,el-salvador,False,2024,,,,
24,Dr. Hernández Cabezas Urólogo @urologodavidhc,628400.0,,El Salvador,,188500.0,tiktok,el-salvador,False,2024,,,,
25,Baby Tiste 🧸 @soy_babyy,625500.0,,El Salvador,,187700.0,tiktok,el-salvador,False,2024,,,,
26,Diego Madrid @dsvvlogs,614700.0,4.4,El Salvador,,184400.0,tiktok,el-salvador,False,2024,,,,
27,Arle&Coshi @arlemiranda1,610900.0,,El Salvador,Beauty and Self Care,183300.0,tiktok,el-salvador,False,2024,Beauty&Fashion,MAPPED,,
28,Moanaaa @yah.girl.nd,600100.0,,El Salvador,,180000.0,tiktok,el-salvador,False,2024,,,,
29,Tik Toker @yaccky_2514,570100.0,,El Salvador,,171000.0,tiktok,el-salvador,False,2024,,,,
30,Ralphy Perdomo ✪ @ralphyperdomo,549900.0,,El Salvador,Fitness and Health Entertainment and Music,165000.0,tiktok,el-salvador,False,2024,Sports,MAPPED,,
31,Anypineda☆503♡ @anypineda503,544700.0,,El Salvador,,163400.0,tiktok,el-salvador,False,2024,,,,
32,Tatiana @tatiana_ff7,542900.0,,El Salvador,Video Gaming,162900.0,tiktok,el-salvador,False,2024,Tech&Gaming,MAPPED,,
33,🍧🏖Estefany García🍧🏖 @estefanygarciaa,532700.0,,El Salvador,,159800.0,tiktok,el-salvador,False,2024,,,,
34,solosad_503 @solosad_503,525700.0,,El Salvador,,157700.0,tiktok,el-salvador,False,2024,,,,
35,Eduardo Carranza @eduarcarranzaa,496200.0,0.1,El Salvador,,148900.0,tiktok,el-salvador,False,2024,,,,
36,Wilsonn 🌴 @fw.wilsonn,494700.0,0.8,El Salvador,,148400.0,tiktok,el-salvador,False,2024,,,,
37,Erick @ericksamp,491300.0,0.2,El Salvador,,147400.0,tiktok,el-salvador,False,2024,,,,
38,Dr. Rafael López Castellanos @sorprendiente,478600.0,,El Salvador,,143600.0,tiktok,el-salvador,False,2024,,,,
39,NACIÓN SIVAR @nacionsivar,465600.0,,El Salvador,,139700.0,tiktok,el-salvador,False,2024,,,,
40,Ronald Rivas @11ronald_rivas,465300.0,0.1,El Salvador,,139600.0,tiktok,el-salvador,False,2024,,,,
41,_jfigs @_jfigs,458600.0,,El Salvador,family Funny,137600.0,tiktok,el-salvador,False,2024,Entertainment,MAPPED,,
42,Frases de Nayib Bukele @frasesnayib,458000.0,0.1,El Salvador,,137400.0,tiktok,el-salvador,False,2024,,,,
43,Cato’ @catoromero_1,455600.0,,El Salvador,,136700.0,tiktok,el-salvador,False,2024,,,,
44,Alexis Calderon @alexiscaldern10,453000.0,,El Salvador,,135900.0,tiktok,el-salvador,False,2024,,,,
45,Suzsy Orellana @suzsyorellana,452500.0,,El Salvador,,135800.0,tiktok,el-salvador,False,2024,,,,
46,Fátima 🍒 @its_fathyy,449400.0,,El Salvador,,134800.0,tiktok,el-salvador,False,2024,,,,
47,Oscar Canales @oscar_canales.ff,444800.0,0.2,El Salvador,Video Gaming,133400.0,tiktok,el-salvador,False,2024,Tech&Gaming,MAPPED,,
48,🌴🔥CHELE🔥🌴 @chele_503,441800.0,2.1,El Salvador,,132500.0,tiktok,el-salvador,False,2024,,,,
49,🇸🇻🇸🇻iVANESSA🇸🇻🇸🇻🇸🇻 @vanessa.chinita,438300.0,,El Salvador,,131500.0,tiktok,el-salvador,False,2024,,,,
50,BRAZILIAN GIRLS2 @brazilian_girlss,418300.0,,El Salvador,,125500.0,tiktok,el-salvador,False,2024,,,,
51,Anita palma 503 🇸🇻 @analypalma.503,397900.0,,El Salvador,,119400.0,tiktok,el-salvador,False,2024,,,,
52,el vegaa❤💯 @elvegaa._,384700.0,,El Salvador,Video Gaming,115400.0,tiktok,el-salvador,False,2024,Tech&Gaming,MAPPED,,
53,GRANT SALAZAR 🐉 @grantsalazarmm,381100.0,0.1,El Salvador,Fitness and Health,114300.0,tiktok,el-salvador,False,2024,Sports,MAPPED,,
54,🖤🌺Marianela Hércules 🖤🌺 @gorditahercules16,365100.0,,El Salvador,,109500.0,tiktok,el-salvador,False,2024,,,,
55,Madeby_Mey @madeby_mey,364700.0,0.5,El Salvador,Arts and Crafts,109400.0,tiktok,el-salvador,False,2024,Lifestyle,MAPPED,,
56,Arely @arely_ff,364600.0,0.1,El Salvador,,109400.0,tiktok,el-salvador,False,2024,,,,
57,Noticiero El Salvador @noticierosv,363000.0,,El Salvador,,108900.0,tiktok,el-salvador,False,2024,,,,
58,BTSTUFF @lulustraberry,356000.0,0.2,El Salvador,,106800.0,tiktok,el-salvador,False,2024,,,,
59,Penales SV @penalessv,354400.0,0.1,El Salvador,,106300.0,tiktok,el-salvador,False,2024,,,,
60,Jay Wheeler🥀🔥 @jaywheeler.elsalvador,350900.0,0.1,El Salvador,,105300.0,tiktok,el-salvador,False,2024,,,,
61,Mulata❤️ @johannypalmas,349900.0,,El Salvador,,105000.0,tiktok,el-salvador,False,2024,,,,
62,LaBoOnita❤️) @glendatiktokr,349700.0,,El Salvador,,104900.0,tiktok,el-salvador,False,2024,,,,
63,Giovanni-1099 @giovanni1021,349500.0,0.1,El Salvador,,104900.0,tiktok,el-salvador,False,2024,,,,
64,Erick Sánchez @sabroson21,349400.0,,El Salvador,Animation and Cosplay,104800.0,tiktok,el-salvador,False,2024,Tech&Gaming,MAPPED,,
65,Veronica @veronicacastro.3,344700.0,,El Salvador,,103400.0,tiktok,el-salvador,False,2024,,,,
66,Cristek.3d @cristek.3d,336400.0,,El Salvador,Arts and Crafts Product Showcase,100900.0,tiktok,el-salvador,False,2024,Beauty&Fashion,MAPPED,,
67,... @thatonefnafeditor,328200.0,0.2,El Salvador,,98500.0,tiktok,el-salvador,False,2024,,,,
68,edgaroficial.sv @edgaroficial.sv,327300.0,,El Salvador,,98200.0,tiktok,el-salvador,False,2024,,,,
69,Kiike Seibans @kiikees007,326000.0,,El Salvador,,97800.0,tiktok,el-salvador,False,2024,,,,
70,Sol Córdova☀️ @suncordova89,325800.0,0.3,El Salvador,,97700.0,tiktok,el-salvador,False,2024,,,,
71,🇸🇻SteffyAvelar🇸🇻 @steffanysalvadoriancurve,319700.0,,El Salvador,Food and Drink,95900.0,tiktok,el-salvador,False,2024,Lifestyle,MAPPED,,
72,Evans Chino ✈️🌏 @evanschino,311400.0,,El Salvador,,93400.0,tiktok,el-salvador,False,2024,,,,
73,FERNANDA @fernsulantay,308600.0,,El Salvador,Education Life and Society,92600.0,tiktok,el-salvador,False,2024,Knowledge&Info,MAPPED,,
74,Vladimir Rodríguez @vlady_ro,308500.0,,El Salvador,,92600.0,tiktok,el-salvador,False,2024,,,,
75,Sofia Portillo @sofiaportillo3,307300.0,,El Salvador,Travel,92200.0,tiktok,el-salvador,False,2024,Lifestyle,MAPPED,,
76,🍔EL YEEZY👹🇸🇻🔥 @yeezytrvp1,304900.0,,El Salvador,,91500.0,tiktok,el-salvador,False,2024,,,,
77,<3 @mich_lyrics,304800.0,,El Salvador,,91400.0,tiktok,el-salvador,False,2024,,,,
78,Marlene Iraheta @marleneiraheta,298700.0,,El Salvador,,89600.0,tiktok,el-salvador,False,2024,,,,
79,dani @danielanicol_,293900.0,,El Salvador,,88200.0,tiktok,el-salvador,False,2024,,,,
80,Rosyalberto @rosyalbertotv,292300.0,,El Salvador,,87700.0,tiktok,el-salvador,False,2024,,,,
81,ChoteandoconRenegro @choteandoconrenegro,288900.0,3.4,El Salvador,,86700.0,tiktok,el-salvador,False,2024,,,,
82,Salvador @salvador.0,287100.0,,El Salvador,,86100.0,tiktok,el-salvador,False,2024,,,,
83,Jennin💜 @jennin7.7,285300.0,,El Salvador,,85600.0,tiktok,el-salvador,False,2024,,,,
84,Yosselin Reyes 👑 @yosselinvillatoror,283700.0,,El Salvador,,85100.0,tiktok,el-salvador,False,2024,,,,
85,🇸🇻 Josué Jovel 🇸🇻 @jovel_david,281800.0,,El Salvador,,84500.0,tiktok,el-salvador,False,2024,,,,
86,Fatima Landaverde @fatyarevaloa2,281600.0,,El Salvador,,84500.0,tiktok,el-salvador,False,2024,,,,
87,✨Carlos Pineda✨ @eycarlitos_,280500.0,,El Salvador,,84200.0,tiktok,el-salvador,False,2024,,,,
88,Lisbeeeethh @lisbeeeethh01,280200.0,,El Salvador,,84100.0,tiktok,el-salvador,False,2024,,,,
89,🦋~Fans De Mi Vida~🦋~Lili~🦋 @chona.latinoamerica.fans,277300.0,0.1,El Salvador,,83200.0,tiktok,el-salvador,False,2024,,,,
90,🇪 🇱 🇻 🇦 🇹 🇴 ☺️ @elvato_sr,270700.0,,El Salvador,,81200.0,tiktok,el-salvador,False,2024,,,,
91,𝐋𝐈𝐀⁷ @btsshok,270500.0,0.1,El Salvador,,81200.0,tiktok,el-salvador,False,2024,,,,
92,David Sosa695 @davidsosa_22,267000.0,,El Salvador,Entertainment and Music Travel,80100.0,tiktok,el-salvador,False,2024,Music,MAPPED,,
93,elgustavito503 @otaku_216,267000.0,,El Salvador,,80100.0,tiktok,el-salvador,False,2024,,,,
94,djmelvin_love1 @djmelvin_love1,265400.0,,El Salvador,,79600.0,tiktok,el-salvador,False,2024,,,,
95,Ryan Escalante @ryannescalante,263200.0,0.2,El Salvador,,79000.0,tiktok,el-salvador,False,2024,,,,
96,Jonathan Abel Martin @jonathan_amz,262900.0,0.1,El Salvador,,78900.0,tiktok,el-salvador,False,2024,,,,
97,Asamblea de Memes @asambleadememes,262700.0,,El Salvador,,78800.0,tiktok,el-salvador,False,2024,,,,
98,Pupuseria Doña Luly @pupuseria_dona_luly,262600.0,,El Salvador,Food,78800.0,tiktok,el-salvador,False,2024,Lifestyle,MAPPED,,
99,◥꧁ད@beto༒516ཌ꧂◤🇸🇻 @beto516,262600.0,0.5,El Salvador,,78800.0,tiktok,el-salvador,False,2024,,,,
100,TXT ➕✖️➕ @chinggumoa,261300.0,0.6,El Salvador,,78400.0,tiktok,el-salvador,False,2024,,,,
1,"dr. Arthur, SpKK, FINSDV @dokterkulitkucom",1200000.0,,Finland,Beauty and Self Care,360000.0,tiktok,finland,False,2024,Beauty&Fashion,MAPPED,,
2,cookexpertf @cookexpertf,865400.0,,Finland,Food and Drink,259600.00000000003,tiktok,finland,False,2024,Lifestyle,MAPPED,,
3,Jannica Sherry @jannicass,833900.0,0.1,Finland,Beauty and Self Care Arts and Crafts,250200.0,tiktok,finland,False,2024,Beauty&Fashion,MAPPED,,
4,Bella Nomade / IG: bellanomade @bellanomade,754100.0,,Finland,Travel Fitness,226200.0,tiktok,finland,False,2024,Sports,MAPPED,,
5,Taija Taika @taijataika,642300.0,,Finland,,192700.0,tiktok,finland,False,2024,,,,
6,1000 Experiencias @1000experiencias,409900.0,,Finland,Travel,123000.0,tiktok,finland,False,2024,Lifestyle,MAPPED,,
7,Waleed Kilttan @kiltaan,394700.0,,Finland,,118400.0,tiktok,finland,False,2024,,,,
8,🇫🇮🇫🇮🇫🇮 @imnotjoalin,382000.0,0.3,Finland,,114600.0,tiktok,finland,False,2024,,,,
9,SARAH @itssarahh99,378100.0,0.2,Finland,,113400.0,tiktok,finland,False,2024,,,,
10,Sanni Oksanen @sannioksanen,377600.0,,Finland,Travel,113300.0,tiktok,finland,False,2024,Lifestyle,MAPPED,,
11,Lucas Zanotto @lucas_zanotto,351100.0,,Finland,,105300.0,tiktok,finland,False,2024,,,,
12,🇫🇮My toxic🤭 @veeti_dz,340000.0,,Finland,,102000.0,tiktok,finland,False,2024,,,,
13,santtu @santerivili,336700.0,,Finland,Entertainment and Music Funny,101000.0,tiktok,finland,False,2024,Music,MAPPED,,
14,laulukka🌺 @laulukka,330700.0,,Finland,Entertainment and Music Funny,99200.0,tiktok,finland,False,2024,Music,MAPPED,,
15,Luonto Furniture @luontofurniture,292500.0,,Finland,Home and Garden,87800.0,tiktok,finland,False,2024,Lifestyle,MAPPED,,
16,стаська @pussiom,279500.0,32.2,Finland,Entertainment and Music,83900.0,tiktok,finland,False,2024,Music,MAPPED,,
17,الفنانةحنين السومرية @user7uz7it1r4y,277800.0,,Finland,,83300.0,tiktok,finland,False,2024,,,,
18,Prince Ibrahimi @princeibrahimi,276300.0,1.1,Finland,,82900.0,tiktok,finland,False,2024,,,,
19,khira @khirq,258800.0,0.5,Finland,,77600.0,tiktok,finland,False,2024,,,,
20,Elias @eliasvvv,241300.0,0.4,Finland,Entertainment and Music,72400.0,tiktok,finland,False,2024,Music,MAPPED,,
21,Daniel Ahola @danielaleksis,240000.0,21.3,Finland,Entertainment and Music,72000.0,tiktok,finland,False,2024,Music,MAPPED,,
22,floweryghost @floweryghost,238700.0,,Finland,Beauty and Self Care,71600.0,tiktok,finland,False,2024,Beauty&Fashion,MAPPED,,
23,وئام و هبه @weaam.hiba,226800.0,0.1,Finland,Entertainment and Music,68000.0,tiktok,finland,False,2024,Music,MAPPED,,
24,SaamoPetraa @saamopetraa3,226200.0,,Finland,Entertainment and Music,67900.0,tiktok,finland,False,2024,Music,MAPPED,,
25,Proxyrod @proxyrod,219700.0,0.1,Finland,Entertainment and Music,65900.0,tiktok,finland,False,2024,Music,MAPPED,,
26,Crew of hooligans @crewofhooligans,211500.0,,Finland,,63500.0,tiktok,finland,False,2024,,,,
27,NordicFunDogs @nordicfundogs,211100.0,0.1,Finland,Animals Pets,63300.0,tiktok,finland,False,2024,Lifestyle,MAPPED,,
28,Risaaa😂😂 @rsdance27,209200.0,,Finland,,62800.0,tiktok,finland,False,2024,,,,
29,Mandimai Sundberg @mondaymay,208800.0,0.2,Finland,,62600.0,tiktok,finland,False,2024,,,,
30,Måmå “P” PääT @mypaat,206500.0,,Finland,,62000.0,tiktok,finland,False,2024,,,,
31,wheelhub @wheelhub.com,205800.0,,Finland,,61700.0,tiktok,finland,False,2024,,,,
32,Luciano Ghidoli @lucianoghidoli,199200.0,,Finland,Arts and Crafts,59800.0,tiktok,finland,False,2024,Lifestyle,MAPPED,,
33,Nojeen Makeup 💄 @n0jeenn,198900.0,,Finland,,59700.0,tiktok,finland,False,2024,,,,
34,Viivi Rytkönen @unafinlandesa,194200.0,,Finland,Travel,58300.0,tiktok,finland,False,2024,Lifestyle,MAPPED,,
35,"Prev. Alex.FI, now AlexMartini @alex.martini__",192600.0,,Finland,Auto and Vehicles Automotive,57800.0,tiktok,finland,False,2024,Tech&Gaming,MAPPED,,
36,Jäätynyt Banaani 🍌 @jaatynytbanaaniofficial,191000.0,,Finland,Funny Entertainment and Music,57300.0,tiktok,finland,False,2024,Music,MAPPED,,
37,BlindChannel @blindchannel,189000.0,0.3,Finland,,56700.0,tiktok,finland,False,2024,,,,
38,JuhoFlow @juhoflow,188000.0,3.6,Finland,Entertainment and Music Funny,56400.0,tiktok,finland,False,2024,Music,MAPPED,,
39,Niko Saarinen @niko_saarinen,187800.0,0.2,Finland,,56300.0,tiktok,finland,False,2024,,,,
40,sihvoallu @sihvoallu,176000.0,,Finland,Entertainment and Music,52800.0,tiktok,finland,False,2024,Music,MAPPED,,
41,davide @david_tim_,175600.0,,Finland,,52700.0,tiktok,finland,False,2024,,,,
42,Nuppu Oinas @nuppipaa,171400.0,,Finland,Entertainment and Music,51400.0,tiktok,finland,False,2024,Music,MAPPED,,
43,🇫🇮 🅿🅾🅿 📀 🅼🆄🆂🅸🅲 🇷🇺 @glebmail,169300.0,,Finland,Entertainment and Music,50800.0,tiktok,finland,False,2024,Music,MAPPED,,
44,Hugo Käld @hugoozz,165600.0,,Finland,Music,49700.0,tiktok,finland,False,2024,Music,MAPPED,,
45,Michael Howard @yeaa.mike,165300.0,,Finland,,49600.0,tiktok,finland,False,2024,,,,
46,Julia Kivelä @juliakivela,164400.0,0.1,Finland,,49300.0,tiktok,finland,False,2024,,,,
47,Qzgu @qzgu,161800.0,,Finland,,48500.0,tiktok,finland,False,2024,,,,
48,nettaeleonoora @nettaeleonoora,160800.0,,Finland,,48200.0,tiktok,finland,False,2024,,,,
49,sovalinas @sovalinas,158800.0,0.1,Finland,,47600.0,tiktok,finland,False,2024,,,,
50,Karppi @karppi25,157000.0,,Finland,,47100.0,tiktok,finland,False,2024,,,,
51,hnuskina @hnuskina2,154900.0,,Finland,Arts and Crafts,46500.0,tiktok,finland,False,2024,Lifestyle,MAPPED,,
52,ＲａｔｔｕＩｒｒａｔｔｕ @irrattu77,148700.0,0.2,Finland,,44600.0,tiktok,finland,False,2024,,,,
53,Anita @har_ni_tah,147200.0,,Finland,Celebrity,44200.0,tiktok,finland,False,2024,Entertainment,MAPPED,,
54,🦊 carita 🦊 @purrmyname,145400.0,,Finland,Pets,43600.0,tiktok,finland,False,2024,Lifestyle,MAPPED,,
55,CAROLA @carolahakola,145000.0,,Finland,Entertainment and Music,43500.0,tiktok,finland,False,2024,Music,MAPPED,,
56,Euro Hoo @eurohoo,143600.0,0.1,Finland,Entertainment and Music,43100.0,tiktok,finland,False,2024,Music,MAPPED,,
57,Namikolinx @nami.hani,141800.0,,Finland,,42500.0,tiktok,finland,False,2024,,,,
58,Gigantti Gaming @giganttigaming,137300.0,0.1,Finland,,41200.0,tiktok,finland,False,2024,,,,
59,Arttu Laitinen @arttu_laitinen,133200.0,,Finland,,40000.0,tiktok,finland,False,2024,,,,
60,Petter Pentilä @frameseq,128600.0,0.1,Finland,Animation and Cosplay,38600.0,tiktok,finland,False,2024,Tech&Gaming,MAPPED,,
61,AnnejaEllu @annejaellu,121900.0,,Finland,,36600.0,tiktok,finland,False,2024,,,,
62,pressarm @pressarm,117500.0,0.1,Finland,,35300.0,tiktok,finland,False,2024,,,,
63,Sebastian Tynkkynen @sebastiantynkkynen,115900.0,0.2,Finland,,34800.0,tiktok,finland,False,2024,,,,
64,Herra Koskinen @herrakoskinen,114400.0,,Finland,,34300.0,tiktok,finland,False,2024,,,,
65,Mikael Renwall @mikaelrenwall,113500.0,0.2,Finland,,34100.0,tiktok,finland,False,2024,,,,
66,Aku Hirviniemi @akuhirviniemi,108400.0,0.1,Finland,,32500.0,tiktok,finland,False,2024,,,,
67,mea Logren @finbarbie,106300.0,0.1,Finland,Fashion and Accessories,31900.0,tiktok,finland,False,2024,Beauty&Fashion,MAPPED,,
68,terapeuttiville @terapeuttiville,102900.0,0.1,Finland,,30900.0,tiktok,finland,False,2024,,,,
69,Miika Suvanto @pikahutz,102300.0,0.2,Finland,,30700.0,tiktok,finland,False,2024,,,,
70,Robin Packalen @robinpackalen,101000.0,0.1,Finland,,30300.0,tiktok,finland,False,2024,,,,
71,𝚂𝚘𝚗𝚓𝚊 𝙷𝚒𝚎𝚝𝚊𝚕𝚊 @sonjahietala,99800.0,,Finland,Photography Animals Pets,29900.0,tiktok,finland,False,2024,Lifestyle,MAPPED,,
72,Hales @haymartinn,99700.0,,Finland,,29900.0,tiktok,finland,False,2024,,,,
73,(っ◔◡◔)っ Risotto @gothic.cosplayer,98400.0,,Finland,,29500.0,tiktok,finland,False,2024,,,,
74,The Dudesons @thedudesons,98200.0,,Finland,,29500.0,tiktok,finland,False,2024,,,,
75,DAVE @laivanakki,95100.0,31.1,Finland,,28500.0,tiktok,finland,False,2024,,,,
76,ㅤ @kenkanekl69,94600.0,5.1,Finland,,28400.0,tiktok,finland,False,2024,,,,
77,ZazabellaOfficial @zazabellaofficial,94400.0,,Finland,Romance and Wedding,28300.0,tiktok,finland,False,2024,Beauty&Fashion,MAPPED,,
78,Karoliina @karowalker,90800.0,,Finland,,27200.0,tiktok,finland,False,2024,,,,
79,Iam.iba @iam.iba,86700.0,,Finland,Finance,26000.0,tiktok,finland,False,2024,Knowledge&Info,MAPPED,,
80,Susmamatin @susmamatin,83500.0,,Finland,Entertainment and Music,25100.0,tiktok,finland,False,2024,Music,MAPPED,,
81,Joona Hellman @joonahellmanofficial,81600.0,0.5,Finland,,24500.0,tiktok,finland,False,2024,,,,
82,Katia ᛖᛚᚾᛟᚱ @katiaeleonor,81100.0,,Finland,Arts and Crafts Animation and Cosplay,24300.0,tiktok,finland,False,2024,Tech&Gaming,MAPPED,,
83,Ali Jahangiri @alijahangirifi,79300.0,0.3,Finland,Entertainment and Music,23800.0,tiktok,finland,False,2024,Music,MAPPED,,
84,Samuel Daayata @samueldaayata,78700.0,,Finland,,23600.0,tiktok,finland,False,2024,,,,
85,Jenni @skygrly,76500.0,0.3,Finland,,23000.0,tiktok,finland,False,2024,,,,
86,Krista Strömberg @kristastromberg,75200.0,2.2,Finland,,22600.0,tiktok,finland,False,2024,,,,
87,Questony @questony,67700.0,,Finland,,20300.0,tiktok,finland,False,2024,,,,
88,Kauppateemi @kauppateemi,63400.0,0.1,Finland,,19000.0,tiktok,finland,False,2024,,,,
89,Zafranmarketjyvaskyla @zafranmarketjyvaskyla,59300.0,,Finland,,17800.0,tiktok,finland,False,2024,,,,
90,Niko Holmstén @mr.holmsten,56900.0,0.6,Finland,,17100.0,tiktok,finland,False,2024,,,,
91,Koiraluu @koiraluu,53600.0,0.2,Finland,,16100.000000000002,tiktok,finland,False,2024,,,,
92,𝓜𝓸𝓸𝓷𝓲𝓴𝓪 𝐿𝒶𝒾𝓃𝑒 @moonika._.laine,52500.0,,Finland,,15800.0,tiktok,finland,False,2024,,,,
93,Tume @tume,50100.0,0.2,Finland,,15000.0,tiktok,finland,False,2024,,,,
94,Rujira @rujisaurus,48400.0,,Finland,,14500.0,tiktok,finland,False,2024,,,,
95,💙 Mustikkapäät 💙 @mustikkapaat,48400.0,,Finland,,14500.0,tiktok,finland,False,2024,,,,
96,† 𝕽𝖔𝖓𝖎 † @kaokitsune,44900.0,,Finland,Fashion and Accessories,13500.0,tiktok,finland,False,2024,Beauty&Fashion,MAPPED,,
97,FINLAND 📱 COMPUTER 🖥 @shafi_finland,44700.0,,Finland,Product Education,13400.0,tiktok,finland,False,2024,Knowledge&Info,MAPPED,,
98,nmakaisa @nmakaisa,42900.0,,Finland,Entertainment and Music,12900.0,tiktok,finland,False,2024,Music,MAPPED,,
99,Hoodifaija @hoodifaija,42000.0,0.2,Finland,,12600.0,tiktok,finland,False,2024,,,,
100,Linnanmäki @linnanmaki,41700.0,0.2,Finland,Entertainment and Music Outdoor Activity,12500.0,tiktok,finland,False,2024,Sports,MAPPED,,
1,That French Guy @davidyrodriguez,8000000.0,,France,,2400000.0,tiktok,france,False,2024,,,,
2,Tibo InShape @tiboinshape,8000000.0,,France,Fitness and Health Funny,2400000.0,tiktok,france,False,2024,Sports,MAPPED,,
3,CAMILLE_LA_DANSEUSE @camille_la_danseuse,7700000.0,,France,Entertainment and Music,2300000.0,tiktok,france,False,2024,Music,MAPPED,,
4,Zinidin zidan @zidanofficial_,5100000.0,,France,,1500000.0,tiktok,france,False,2024,,,,
5,AS Monaco @asmonaco,5000000.0,,France,Sports,1500000.0,tiktok,france,False,2024,Sports,MAPPED,,
6,Wonguy @wonguy,4400000.0,,France,Photography Arts and Crafts,1300000.0,tiktok,france,False,2024,Lifestyle,MAPPED,,
7,The Sun King @carlomalis,3300000.0,0.3,France,Entertainment and Music,990000.0,tiktok,france,False,2024,Music,MAPPED,,
8,Keen’V @keenvsurtiktok,3200000.0,,France,Entertainment and Music,960000.0,tiktok,france,False,2024,Music,MAPPED,,
9,Isaías Espinoza @chefenproceso,3000000.0,,France,,900000.0,tiktok,france,False,2024,,,,
10,The F2 @f2,2800000.0,,France,,840000.0,tiktok,france,False,2024,,,,
11,Brunograffer @brunograffer,2700000.0,,France,Arts and Crafts Celebrity,810000.0,tiktok,france,False,2024,Entertainment,MAPPED,,
12,TikTok France @tiktok_france,2400000.0,,France,,720000.0,tiktok,france,False,2024,,,,
13,Le producteur @le.producteur,2300000.0,,France,Entertainment and Music Product Education,690000.0,tiktok,france,False,2024,Knowledge&Info,MAPPED,,
14,ogee @ogee_off,2300000.0,2.3,France,Entertainment and Music,690000.0,tiktok,france,False,2024,Music,MAPPED,,
15,SAPHO 🫶🏼 @saphoo,2300000.0,1.6,France,Arts and Crafts,690000.0,tiktok,france,False,2024,Lifestyle,MAPPED,,
16,Mayamystic @mayamystic,2200000.0,,France,Animation and Cosplay Entertainment and Music,660000.0,tiktok,france,False,2024,Tech&Gaming,MAPPED,,
17,Ahmed__art @ahmed__art,2200000.0,,France,Arts and Crafts Celebrity,660000.0,tiktok,france,False,2024,Entertainment,MAPPED,,
18,Paris is Daddy @paris.senpai,2100000.0,,France,,630000.0,tiktok,france,False,2024,,,,
19,Momotns OFFICIEL @momotns67,1900000.0,,France,,570000.0,tiktok,france,False,2024,,,,
20,Drogba888🧸 @drogba888,1900000.0,1.9,France,Entertainment and Music,570000.0,tiktok,france,False,2024,Music,MAPPED,,
21,Kev Adams @kevadams,1800000.0,0.1,France,Entertainment and Music,540000.0,tiktok,france,False,2024,Music,MAPPED,,
22,Cristina Cordula @cristinacordulaoff,1700000.0,0.1,France,Fashion and Accessories Business and Finance,510000.0,tiktok,france,False,2024,Beauty&Fashion,MAPPED,,
23,SUPERMASSIVE @supermassivemusic,1600000.0,0.3,France,Music,480000.0,tiktok,france,False,2024,Music,MAPPED,,
24,Aisha_Paradis.du.henné🇵🇰🇫🇷 @paradis_du_henne,1600000.0,,France,Beauty and Self Care,480000.0,tiktok,france,False,2024,Beauty&Fashion,MAPPED,,
25,Céline @celineinno,1600000.0,,France,,480000.0,tiktok,france,False,2024,,,,
26,MaitresseAdeline🌼 @maitressadeline,1600000.0,,France,,480000.0,tiktok,france,False,2024,,,,
27,Anto @totochegang,1500000.0,0.1,France,Entertainment and Music,450000.0,tiktok,france,False,2024,Music,MAPPED,,
28,AnnaLaura Pavy @lalpavy,1500000.0,5.0,France,Entertainment and Music Arts and Crafts Food Fashion and Accessories,450000.0,tiktok,france,False,2024,Beauty&Fashion,MAPPED,,
29,ines @inescious,1500000.0,,France,Entertainment and Music,450000.0,tiktok,france,False,2024,Music,MAPPED,,
30,Thomas Rossier @thomasrossier,1400000.0,,France,Fashion and Accessories Arts and Crafts,420000.0,tiktok,france,False,2024,Beauty&Fashion,MAPPED,,
31,Un Garçon Stupide! @ungarconstupide,1400000.0,,France,Entertainment and Music Funny Life and Society,420000.0,tiktok,france,False,2024,Knowledge&Info,MAPPED,,
32,Setsu @sweetysetsu,1400000.0,,France,Arts and Crafts,420000.0,tiktok,france,False,2024,Lifestyle,MAPPED,,
33,Armand Hasanpapaj @armandhasanpapaj,1300000.0,0.8,France,Entertainment and Music,390000.0,tiktok,france,False,2024,Music,MAPPED,,
34,Lucas Humoriste @lucas.humoriste,1300000.0,,France,,390000.0,tiktok,france,False,2024,,,,
35,RCLens @rclens,1300000.0,2.5,France,,390000.0,tiktok,france,False,2024,,,,
36,aitoush_n @aitoush_n,1300000.0,0.1,France,,390000.0,tiktok,france,False,2024,,,,
37,Vanessa Njoya @vanessanjoya,1200000.0,0.2,France,,360000.0,tiktok,france,False,2024,,,,
38,Jean-Baptiste Djebbari @jbdjebb,1200000.0,1.1,France,,360000.0,tiktok,france,False,2024,,,,
39,TURNER @turner.my,1200000.0,,France,Entertainment and Music,360000.0,tiktok,france,False,2024,Music,MAPPED,,
40,Alissar 🌸 @alissar_yousef,1200000.0,1.7,France,Beauty and Self Care Entertainment and Music,360000.0,tiktok,france,False,2024,Beauty&Fashion,MAPPED,,
41,ΤHΣOS @theos.mp4,1200000.0,11.0,France,Entertainment and Music,360000.0,tiktok,france,False,2024,Music,MAPPED,,
42,Wawad Beatbox @wawadbeatboxx,1200000.0,,France,Entertainment and Music,360000.0,tiktok,france,False,2024,Music,MAPPED,,
43,Benji Samat @benji_samat,1200000.0,0.2,France,,360000.0,tiktok,france,False,2024,,,,
44,Paul Cabannes @paulcabannes_,1100000.0,,France,,330000.0,tiktok,france,False,2024,,,,
45,Elliott Norris @callmebelly,1100000.0,,France,,330000.0,tiktok,france,False,2024,,,,
46,Le Tour de France @letourdefrance,1100000.0,0.3,France,Sports,330000.0,tiktok,france,False,2024,Sports,MAPPED,,
47,Marie Antoinette @xmarieangel,1100000.0,,France,,330000.0,tiktok,france,False,2024,,,,
48,🇩🇿La Brams Family🇹🇷 @bramsfamily,1100000.0,,France,family,330000.0,tiktok,france,False,2024,Lifestyle,MAPPED,,
49,KOSH @kosh.officiel,1100000.0,,France,Entertainment and Music,330000.0,tiktok,france,False,2024,Music,MAPPED,,
50,kylian mbappe @kylianmbappe.tik,1100000.0,,France,Sports,330000.0,tiktok,france,False,2024,Sports,MAPPED,,
51,BILELZEN 💸 @bilelzen,1000000.0,0.1,France,Funny,300000.0,tiktok,france,False,2024,Entertainment,MAPPED,,
52,Clemoise @clemoise,1000000.0,0.4,France,,300000.0,tiktok,france,False,2024,,,,
53,Roy @royzafr,1000000.0,0.2,France,,300000.0,tiktok,france,False,2024,,,,
54,Lilly Luta @lilly.luta,992800.0,,France,,297800.0,tiktok,france,False,2024,,,,
55,Selena Moondust @selena_moondust,991900.0,,France,,297600.0,tiktok,france,False,2024,,,,
56,Barbara Demagny @kehlaniandbee,984400.0,,France,family,295300.0,tiktok,france,False,2024,Lifestyle,MAPPED,,
57,Hector Dnl @hectordnl,980900.0,,France,,294300.0,tiktok,france,False,2024,,,,
58,Seb koshin @sasukecosplay,979300.0,,France,News,293800.0,tiktok,france,False,2024,Knowledge&Info,MAPPED,,
59,2JOKER🃏 @lea_spk,978100.0,,France,Entertainment and Music,293400.0,tiktok,france,False,2024,Music,MAPPED,,
60,Hotman paris @drhotmanparisofficial,977300.0,,France,,293200.0,tiktok,france,False,2024,,,,
61,ᴍ❀rilou @marilou.pst,974600.0,,France,Acting and Drama,292400.0,tiktok,france,False,2024,Entertainment,MAPPED,,
62,Learn French with Pierre! @francaisavecpierre,970500.0,,France,Education,291200.0,tiktok,france,False,2024,Knowledge&Info,MAPPED,,
63,𝒜𝒷𝒹𝑒𝓁𝓀𝒶𝓇𝒾𝓂🫀 @taacha.off,970500.0,,France,Fashion and Accessories,291200.0,tiktok,france,False,2024,Beauty&Fashion,MAPPED,,
64,Elie @eliefy,970000.0,0.1,France,Arts and Crafts Entertainment and Music Funny,291000.0,tiktok,france,False,2024,Music,MAPPED,,
65,Oh My Goal - France @ohmygoalfrance,969400.0,,France,Sports,290800.0,tiktok,france,False,2024,Sports,MAPPED,,
66,Wren Toks @wren.toks,969000.0,,France,,290700.0,tiktok,france,False,2024,,,,
67,Nazaofficiel @nazaofficiel,967900.0,0.4,France,,290400.0,tiktok,france,False,2024,,,,
68,So Loïc 🌟 @lo_lm,961000.0,,France,Entertainment and Music,288300.0,tiktok,france,False,2024,Music,MAPPED,,
69,Inverse @mr.inverse,959000.0,,France,Automotive,287700.0,tiktok,france,False,2024,Tech&Gaming,MAPPED,,
70,Khiiera_marseille9 @khiiera_marseille9,957700.0,,France,,287300.0,tiktok,france,False,2024,,,,
71,Anela 🐞 @anela.rm,957400.0,,France,Entertainment and Music,287200.0,tiktok,france,False,2024,Music,MAPPED,,
72,6nissa @6nissa,954600.0,,France,Funny,286400.0,tiktok,france,False,2024,Entertainment,MAPPED,,
73,Matt Pokora @mattpokora,953700.0,0.2,France,,286100.0,tiktok,france,False,2024,,,,
74,chloev83 @chloev83,952200.0,,France,,285700.0,tiktok,france,False,2024,,,,
75,Ahmed Sylla @ahmedsyllaaa,952100.0,0.3,France,Entertainment and Music,285600.0,tiktok,france,False,2024,Music,MAPPED,,
76,Fabien Olicard @fabienolicard,949700.0,,France,,284900.0,tiktok,france,False,2024,,,,
77,cequenousommes @cequenousommes,948900.0,,France,Fashion,284700.0,tiktok,france,False,2024,Beauty&Fashion,MAPPED,,
78,Cécile Duval 🦋 @cecile.duval,948200.0,,France,,284500.0,tiktok,france,False,2024,,,,
79,Rufin Boumba Boussoukou @rufinboussoukouofficiel1,946500.0,,France,,284000.0,tiktok,france,False,2024,,,,
80,Code : Tobi622 ⚡️ @tobifortnite,945600.0,,France,Games Entertainment and Music Video Gaming,283700.0,tiktok,france,False,2024,Tech&Gaming,MAPPED,,
81,⚜️ 𝓛𝓪𝓭𝔂 𝓢𝓸𝓷𝓲𝓪 𝓜 ⚜️ @ladysoniam,944300.0,,France,,283300.0,tiktok,france,False,2024,,,,
82,Lea Elui G @leaeluigbaby,942400.0,,France,Entertainment and Music,282700.0,tiktok,france,False,2024,Music,MAPPED,,
83,Mr.passy @mr.passy,941500.0,,France,,282500.0,tiktok,france,False,2024,,,,
84,Stan Rogelino @rogelino,941400.0,,France,,282400.0,tiktok,france,False,2024,,,,
85,Minajlabomb @minajlabomb,941000.0,,France,,282300.0,tiktok,france,False,2024,,,,
86,Zatis @zatistok,940700.0,,France,,282200.0,tiktok,france,False,2024,,,,
87,Yan Marchal @yanmarchal,939200.0,1.1,France,,281800.0,tiktok,france,False,2024,,,,
88,H-ley Irène🧿 @hleyirene228,937700.0,,France,,281300.0,tiktok,france,False,2024,,,,
89,PAGA @pagatiktok,932300.0,0.1,France,,279700.0,tiktok,france,False,2024,,,,
90,Patricia Delus @patbonita,930700.0,,France,,279200.0,tiktok,france,False,2024,,,,
91,La Vie En Chauve @lavie_enchauve,929600.0,,France,,278900.0,tiktok,france,False,2024,,,,
92,FS 🐐 @footballskyiz,928700.0,0.5,France,Sports,278600.0,tiktok,france,False,2024,Sports,MAPPED,,
93,user199505 @queencandida3,927200.0,,France,,278200.0,tiktok,france,False,2024,,,,
94,Cam_make_up ❤️☑️ @cam_make_up,924400.0,,France,Beauty and Self Care,277300.0,tiktok,france,False,2024,Beauty&Fashion,MAPPED,,
95,TF1 @tf1,922700.0,,France,,276800.0,tiktok,france,False,2024,,,,
96,ericmalnar14 @ericmalnar14,921300.0,0.4,France,,276400.0,tiktok,france,False,2024,,,,
97,Shannakressofficiel @shannakressofficiel,920200.0,,France,,276100.0,tiktok,france,False,2024,,,,
98,Arthur & Richard Sève @chocolatseve,919600.0,,France,,275900.0,tiktok,france,False,2024,,,,
99,🕊Fatima-Ezzohra🕊 @fatine.59,918200.0,,France,Beauty and Self Care,275500.0,tiktok,france,False,2024,Beauty&Fashion,MAPPED,,
100,delicecuisine @delicecuisine,917300.0,,France,,275200.0,tiktok,france,False,2024,,,,
1,sinadeinert @sinadeinert,5700000.0,0.1,Germany,,1700000.0,tiktok,germany,False,2024,,,,
2,YZ @youneszar,4400000.0,,Germany,Entertainment and Music,1300000.0,tiktok,germany,False,2024,Music,MAPPED,,
3,Enrique @enriquestory,4100000.0,,Germany,Arts and Crafts,1200000.0,tiktok,germany,False,2024,Lifestyle,MAPPED,,
4,Julia Beautx @juliabeautx,3800000.0,,Germany,Beauty and Self Care Education Product Education Product Showcase,1100000.0,tiktok,germany,False,2024,Beauty&Fashion,MAPPED,,
5,Andrew Glazunov @andrewglazunov,3700000.0,,Germany,,1100000.0,tiktok,germany,False,2024,,,,
6,Jeremy Fragrance @jeremyfragrance,3600000.0,,Germany,Beauty and Self Care Entertainment and Music,1100000.0,tiktok,germany,False,2024,Beauty&Fashion,MAPPED,,
7,toni.kr8s_academy @toni.kr8s_academy,3100000.0,,Germany,Sports,930000.0,tiktok,germany,False,2024,Sports,MAPPED,,
8,foodie beats @foodie.beats,2900000.0,,Germany,Food,870000.0,tiktok,germany,False,2024,Lifestyle,MAPPED,,
9,tinaneumann @tinaneumann,2800000.0,,Germany,,840000.0,tiktok,germany,False,2024,,,,
10,AИDREA @andrea_subotic,2800000.0,,Germany,Entertainment and Music,840000.0,tiktok,germany,False,2024,Music,MAPPED,,
11,Fabian Maurice Baggeler @fabian.baggeler,2700000.0,,Germany,Entertainment and Music,810000.0,tiktok,germany,False,2024,Music,MAPPED,,
12,Serge❤️ @laskynn,2700000.0,,Germany,Fashion and Accessories,810000.0,tiktok,germany,False,2024,Beauty&Fashion,MAPPED,,
13,Laura Sophie @laurasophie,2600000.0,,Germany,,780000.0,tiktok,germany,False,2024,,,,
14,Любовь @tykowkaaa,2600000.0,,Germany,,780000.0,tiktok,germany,False,2024,,,,
15,Mariia Well @mariia.well,2500000.0,,Germany,,750000.0,tiktok,germany,False,2024,,,,
16,Irina @irinkamagic,2400000.0,,Germany,Entertainment and Music,720000.0,tiktok,germany,False,2024,Music,MAPPED,,
17,Mike Singer @mikesinger,2400000.0,,Germany,Entertainment and Music,720000.0,tiktok,germany,False,2024,Music,MAPPED,,
18,د.اسماعيل الطراد 🇩🇪 @dr.ismaeilaltourad,2300000.0,0.2,Germany,Education,690000.0,tiktok,germany,False,2024,Knowledge&Info,MAPPED,,
19,TypischCalvin 🇩🇪 @typischcalvin,2300000.0,,Germany,Entertainment and Music,690000.0,tiktok,germany,False,2024,Music,MAPPED,,
20,Lucy🌸🍃 @e.l.u.c.e.y,2300000.0,,Germany,Education Arts and Crafts,690000.0,tiktok,germany,False,2024,Knowledge&Info,MAPPED,,
21,Michael Gerber @elsuizolatino,2200000.0,,Germany,,660000.0,tiktok,germany,False,2024,,,,
22,Derya @derya.tavas,2100000.0,0.1,Germany,Beauty and Self Care,630000.0,tiktok,germany,False,2024,Beauty&Fashion,MAPPED,,
23,Jul 💘 @mylifeasjul,2100000.0,,Germany,Fashion and Accessories,630000.0,tiktok,germany,False,2024,Beauty&Fashion,MAPPED,,
24,Niclas @niclas.kuri,2000000.0,,Germany,,600000.0,tiktok,germany,False,2024,,,,
25,SENDDICTED @senddicted,2000000.0,,Germany,,600000.0,tiktok,germany,False,2024,,,,
26,🇩🇪أميرة❤️ الأناقة 🇲🇦 @latifa.style,2000000.0,,Germany,Beauty and Self Care Fashion and Accessories,600000.0,tiktok,germany,False,2024,Beauty&Fashion,MAPPED,,
27,wissensbert @wissensbert,2000000.0,0.1,Germany,Education,600000.0,tiktok,germany,False,2024,Knowledge&Info,MAPPED,,
28,Chris Böhm @chris_boehm,1800000.0,,Germany,Entertainment and Music,540000.0,tiktok,germany,False,2024,Music,MAPPED,,
29,Henry Nguyen @henry.ng,1800000.0,,Germany,,540000.0,tiktok,germany,False,2024,,,,
30,Hao @haofx,1700000.0,1.3,Germany,Entertainment and Music,510000.0,tiktok,germany,False,2024,Music,MAPPED,,
31,Liam Carpenter @liamcarps,1600000.0,7.0,Germany,Funny,480000.0,tiktok,germany,False,2024,Entertainment,MAPPED,,
32,Xenia Adonts @xeniaadonts,1500000.0,,Germany,Fashion and Accessories,450000.0,tiktok,germany,False,2024,Beauty&Fashion,MAPPED,,
33,Rezo @rezo,1500000.0,0.1,Germany,,450000.0,tiktok,germany,False,2024,,,,
34,𝐶𝑖𝑛𝑡𝑖𝑦𝑎 BB @sine0,1500000.0,,Germany,Entertainment and Music,450000.0,tiktok,germany,False,2024,Music,MAPPED,,
35,🇹🇷𝑆𝐸𝑀𝐼𝐻 & 𝐼𝑀𝐴𝑁🇩🇪 @imsem.diary,1400000.0,0.1,Germany,Entertainment and Music,420000.0,tiktok,germany,False,2024,Music,MAPPED,,
36,mrsxanna.lyx @mrsxanna.lyx,1400000.0,,Germany,,420000.0,tiktok,germany,False,2024,,,,
37,Can Der Koch @canderkoch,1400000.0,,Germany,Entertainment and Music,420000.0,tiktok,germany,False,2024,Music,MAPPED,,
38,Davide Scibetta @davide__scibetta,1300000.0,,Germany,Beauty and Self Care,390000.0,tiktok,germany,False,2024,Beauty&Fashion,MAPPED,,
39,Jihoon Kim @jihoneysweet,1300000.0,,Germany,,390000.0,tiktok,germany,False,2024,,,,
40,Uri @ducuri.gmv,1300000.0,,Germany,Entertainment and Music,390000.0,tiktok,germany,False,2024,Music,MAPPED,,
41,Nictures @nictures,1200000.0,,Germany,Arts and Crafts Photography,360000.0,tiktok,germany,False,2024,Lifestyle,MAPPED,,
42,Weniamin Schmidt @weniamin_schmidt,1100000.0,1.8,Germany,,330000.0,tiktok,germany,False,2024,,,,
43,Melikes.kitchen @melikes.kitchen,1100000.0,,Germany,Food,330000.0,tiktok,germany,False,2024,Lifestyle,MAPPED,,
44,Paula🤍 @paula.plsi,1100000.0,,Germany,Beauty and Self Care Life and Society,330000.0,tiktok,germany,False,2024,Beauty&Fashion,MAPPED,,
45,NetflixDE @netflixde,1100000.0,,Germany,Entertainment and Music Video Gaming,330000.0,tiktok,germany,False,2024,Tech&Gaming,MAPPED,,
46,Next Level @next8level,1100000.0,,Germany,Funny Entertainment and Music,330000.0,tiktok,germany,False,2024,Music,MAPPED,,
47,bestattungenburger @bestattungenburger,1100000.0,0.1,Germany,,330000.0,tiktok,germany,False,2024,,,,
48,⚡️ DENKI DARLING ⚡️ @denki.darling,1100000.0,,Germany,,330000.0,tiktok,germany,False,2024,,,,
49,@felixfranciscoleg @felixfranciscoleg,1000000.0,,Germany,,300000.0,tiktok,germany,False,2024,,,,
50,Michael Smolik @michael__smolik,1000000.0,,Germany,Entertainment and Music,300000.0,tiktok,germany,False,2024,Music,MAPPED,,
51,Marvintsp @marvintsp,997600.0,,Germany,Entertainment and Music,299300.0,tiktok,germany,False,2024,Music,MAPPED,,
52,baseweekly @baseweekly,987000.0,,Germany,Sports,296100.0,tiktok,germany,False,2024,Sports,MAPPED,,
53,Linos @iamlinos,983900.0,,Germany,Entertainment and Music,295200.0,tiktok,germany,False,2024,Music,MAPPED,,
54,madison beer @madisonbeer_clips,983800.0,0.1,Germany,,295100.0,tiktok,germany,False,2024,,,,
55,Faruk @farukaltiinok,983300.0,0.1,Germany,,295000.0,tiktok,germany,False,2024,,,,
56,Armin Eagle @armineagle,981700.0,,Germany,,294500.0,tiktok,germany,False,2024,,,,
57,༒ . GRUBLIEBE . ༒ @grubliebe,980000.0,,Germany,,294000.0,tiktok,germany,False,2024,,,,
58,Teamyasta @teamyasta,978800.0,,Germany,Entertainment and Music family,293600.0,tiktok,germany,False,2024,Music,MAPPED,,
59,مزين 🌸🎀 @mzayen1996,970400.0,,Germany,,291100.0,tiktok,germany,False,2024,,,,
60,Anna Jamfm @annajamfm,967900.0,,Germany,,290400.0,tiktok,germany,False,2024,,,,
61,"Sarah, Van Diego & Rico @vandiego.rico",967700.0,,Germany,Pets Sports,290300.0,tiktok,germany,False,2024,Sports,MAPPED,,
62,Lea @heylea,962400.0,,Germany,Outdoor Activity,288700.0,tiktok,germany,False,2024,Sports,MAPPED,,
63,🅝🅘🅚🅞 @nikothec,958700.0,0.5,Germany,Education Product Education,287600.0,tiktok,germany,False,2024,Knowledge&Info,MAPPED,,
64,asmir @asmirbeatbox21614,958300.0,,Germany,,287500.0,tiktok,germany,False,2024,,,,
65,Janis_danner @janis.danner,958200.0,,Germany,,287500.0,tiktok,germany,False,2024,,,,
66,iamzuckerpuppe @iamzuckerpuppe,957100.0,,Germany,Funny,287100.0,tiktok,germany,False,2024,Entertainment,MAPPED,,
67,Florian Kaulen @flo.fs,954800.0,,Germany,Sports,286400.0,tiktok,germany,False,2024,Sports,MAPPED,,
68,Selma🤠 @notselma,951700.0,,Germany,Fashion and Accessories,285500.0,tiktok,germany,False,2024,Beauty&Fashion,MAPPED,,
69,Angel 🌷 @janakaaplen,948300.0,,Germany,,284500.0,tiktok,germany,False,2024,,,,
70,1halay1dans @1halay1dans,946400.0,,Germany,,283900.0,tiktok,germany,False,2024,,,,
71,Hey Dima @heydima1,945000.0,0.5,Germany,Entertainment and Music Funny,283500.0,tiktok,germany,False,2024,Music,MAPPED,,
72,Gialu | Gio @mx.gialu,941700.0,,Germany,Beauty and Self Care,282500.0,tiktok,germany,False,2024,Beauty&Fashion,MAPPED,,
73,luca @lucamolisina,941500.0,,Germany,Food,282500.0,tiktok,germany,False,2024,Lifestyle,MAPPED,,
74,Bella @meraki.mami,940400.0,,Germany,family Pets,282100.0,tiktok,germany,False,2024,Lifestyle,MAPPED,,
75,Nik @adhdvision,937700.0,0.1,Germany,Education Fitness and Health,281300.0,tiktok,germany,False,2024,Sports,MAPPED,,
76,Mexify @mexify,936900.0,0.6,Germany,,281100.0,tiktok,germany,False,2024,,,,
77,joeysjungle @joeysjungle,931600.0,0.1,Germany,,279500.0,tiktok,germany,False,2024,,,,
78,Knossi 🤴 @therealknossi,931400.0,,Germany,Entertainment and Music Games,279400.0,tiktok,germany,False,2024,Tech&Gaming,MAPPED,,
79,nbao.t @nbao.t,930700.0,2.0,Germany,Entertainment and Music,279200.0,tiktok,germany,False,2024,Music,MAPPED,,
80,𝑧𝑎ℎ𝑟𝑎 𓆩❤︎𓆪 @zahrairm,930000.0,,Germany,Fashion and Accessories Beauty and Self Care,279000.0,tiktok,germany,False,2024,Beauty&Fashion,MAPPED,,
81,Tims Minecraft Memes @tims_minecraft_memes_de,929600.0,,Germany,Video Gaming,278900.0,tiktok,germany,False,2024,Tech&Gaming,MAPPED,,
82,DustinTT @dustintt,929200.0,,Germany,,278800.0,tiktok,germany,False,2024,,,,
83,Grenzgaenger @grenzgaenger_official,929100.0,,Germany,,278700.0,tiktok,germany,False,2024,,,,
84,Mamaafrika ❤️ @mamaafrikaa1,928000.0,,Germany,Fashion and Accessories,278400.0,tiktok,germany,False,2024,Beauty&Fashion,MAPPED,,
85,CheerBrothers | Music & Fun ✅ @cheerbrothersmusic,927100.0,,Germany,Entertainment and Music,278100.0,tiktok,germany,False,2024,Music,MAPPED,,
86,Deichmann @deichmann,926600.0,,Germany,Fashion and Accessories,278000.0,tiktok,germany,False,2024,Beauty&Fashion,MAPPED,,
87,Viet @vietshao,923000.0,5.8,Germany,Entertainment and Music,276900.0,tiktok,germany,False,2024,Music,MAPPED,,
88,Official Kamaal @kamaal_official,920500.0,,Germany,,276200.0,tiktok,germany,False,2024,,,,
89,نور🌸 @rbahdablouni,919900.0,,Germany,,276000.0,tiktok,germany,False,2024,,,,
90,KingLuigee @kingluigeee,919400.0,,Germany,,275800.0,tiktok,germany,False,2024,,,,
91,mayte meyer :) @maytemeyer,915600.0,,Germany,Entertainment and Music,274700.0,tiktok,germany,False,2024,Music,MAPPED,,
92,sebpic @sebpic_,914700.0,,Germany,Travel,274400.0,tiktok,germany,False,2024,Lifestyle,MAPPED,,
93,can_alihan @can_alihan,912200.0,0.1,Germany,,273700.0,tiktok,germany,False,2024,,,,
94,Doppelgänger @real.doppelganger,910300.0,11.4,Germany,Entertainment and Music,273100.0,tiktok,germany,False,2024,Music,MAPPED,,
95,Rebecca Mir @rebeccamir,905200.0,,Germany,Fashion and Accessories Celebrity,271600.0,tiktok,germany,False,2024,Beauty&Fashion,MAPPED,,
96,Khubaib_alhamad @respect__boss13,904800.0,,Germany,,271400.0,tiktok,germany,False,2024,,,,
97,@Amine_el_marroki @amine_el_marroki,904400.0,,Germany,,271300.0,tiktok,germany,False,2024,,,,
98,MarquiseNF™ @_marquise,896600.0,0.5,Germany,Entertainment and Music,269000.0,tiktok,germany,False,2024,Music,MAPPED,,
99,glam garbage @trashohr,896300.0,,Germany,Beauty and Self Care,268900.0,tiktok,germany,False,2024,Beauty&Fashion,MAPPED,,
100,NICK🧑🏼‍🦱 @nzuumk,893200.0,,Germany,,268000.0,tiktok,germany,False,2024,,,,
1,Andreas Polychronis @andreaspoly,3000000.0,,Greece,Funny,900000.0,tiktok,greece,False,2024,Entertainment,MAPPED,,
2,Nikolas Plytas @nikolasplytas,2500000.0,,Greece,Sports,750000.0,tiktok,greece,False,2024,Sports,MAPPED,,
3,KNITE | ナイト @knitecoser,839600.0,0.3,Greece,Animation and Cosplay,251900.0,tiktok,greece,False,2024,Tech&Gaming,MAPPED,,
4,Vicky Kalea @vicky_kalea,818700.0,0.1,Greece,,245600.0,tiktok,greece,False,2024,,,,
5,Der Saki😎🇬🇷 @dersaki,762300.0,,Greece,Entertainment and Music Funny,228700.0,tiktok,greece,False,2024,Music,MAPPED,,
6,Grecia🖤 @grecia.svp,699300.0,0.1,Greece,Beauty,209800.0,tiktok,greece,False,2024,Beauty&Fashion,MAPPED,,
7,you_are_amazing<3 @i.love_you.1234,593100.0,,Greece,Travel,177900.0,tiktok,greece,False,2024,Lifestyle,MAPPED,,
8,Ilias Gkotsis @iliasgkotsis,586600.0,,Greece,,176000.0,tiktok,greece,False,2024,,,,
9,Sofya Koukla @sofyakoukla,581900.0,,Greece,Beauty and Self Care,174600.0,tiktok,greece,False,2024,Beauty&Fashion,MAPPED,,
10,Argus Kaldea @moonpriest,531400.0,,Greece,,159400.0,tiktok,greece,False,2024,,,,
11,Αλέξανδρος Κοψιάλης @alexandros.kopsialis,518300.0,0.1,Greece,Entertainment and Music,155500.0,tiktok,greece,False,2024,Music,MAPPED,,
12,Mua_agapi @mua_agapi,513400.0,,Greece,Beauty and Self Care,154000.0,tiktok,greece,False,2024,Beauty&Fashion,MAPPED,,
13,Natascha @nataschaa.zbr,507200.0,,Greece,Music,152200.0,tiktok,greece,False,2024,Music,MAPPED,,
14,Yanis Arvanitaris @arvanitaris,468500.0,0.1,Greece,,140600.0,tiktok,greece,False,2024,,,,
15,eleny Yallou @elenyyallou,451500.0,,Greece,Entertainment and Music,135500.0,tiktok,greece,False,2024,Music,MAPPED,,
16,Eugenios @slidismode,421700.0,0.3,Greece,,126500.0,tiktok,greece,False,2024,,,,
17,Djorkis @djorkis,408200.0,,Greece,,122500.0,tiktok,greece,False,2024,,,,
18,vemojohn @vemojohn,405000.0,0.2,Greece,,121500.0,tiktok,greece,False,2024,,,,
19,George Tzimas @georgetzimas,394900.0,,Greece,,118500.0,tiktok,greece,False,2024,,,,
20,Jimmy Ntebekos @jimmythegreek7,388300.0,,Greece,family,116500.0,tiktok,greece,False,2024,Lifestyle,MAPPED,,
21,🐺shewolf.artgr @shewolf.artgr,375700.0,,Greece,Animation and Cosplay,112700.0,tiktok,greece,False,2024,Tech&Gaming,MAPPED,,
22,DimitrisDkKyrsanidis @dimitriskyrsanidis,373300.0,,Greece,,112000.0,tiktok,greece,False,2024,,,,
23,Laura @laura.nestola,371500.0,,Greece,Entertainment and Music Fashion and Accessories,111500.0,tiktok,greece,False,2024,Beauty&Fashion,MAPPED,,
24,sokratis1996 🇬🇷🇵🇱 @sokratis1996,363900.0,,Greece,,109200.0,tiktok,greece,False,2024,,,,
25,Foureira @iamfoureira,341700.0,0.3,Greece,,102500.0,tiktok,greece,False,2024,,,,
26,𝐏𝐄́𝐑𝐈𝐒 𝐏𝐑𝐄́𝐒𝐋𝐄𝐘 @peryz,337100.0,0.3,Greece,Fashion and Accessories Arts and Crafts Entertainment and Music Business and Finance,101100.0,tiktok,greece,False,2024,Beauty&Fashion,MAPPED,,
27,Brian @brian_hector21,335200.0,,Greece,,100600.0,tiktok,greece,False,2024,,,,
28,Mixail Aggelos Kritikos @mixail_kritikos,328100.0,,Greece,Travel,98400.0,tiktok,greece,False,2024,Lifestyle,MAPPED,,
29,Anna_Amanatidou @anna_amanatidouu,304600.0,,Greece,,91400.0,tiktok,greece,False,2024,,,,
30,DAMIAN @goodam1an,301500.0,0.3,Greece,,90500.0,tiktok,greece,False,2024,,,,
31,nikos__anagnostopoulos @nikos__anagnostopoulos,292500.0,,Greece,Acting and Drama,87800.0,tiktok,greece,False,2024,Entertainment,MAPPED,,
32,🇬🇷Hi MyNameIsIri🤓 @my.name.is.iri,292000.0,,Greece,,87600.0,tiktok,greece,False,2024,,,,
33,elena_fenia @elena_fenia,284500.0,,Greece,,85400.0,tiktok,greece,False,2024,,,,
34,Panagiotis & Xristos @varou_twins,283200.0,0.1,Greece,Fashion and Accessories,85000.0,tiktok,greece,False,2024,Beauty&Fashion,MAPPED,,
35,Red Bull Greece @redbullgre,274900.0,,Greece,,82500.0,tiktok,greece,False,2024,,,,
36,"Monica"" -Charming girl 😉 @monicamusic7",273300.0,,Greece,,82000.0,tiktok,greece,False,2024,,,,
37,Mohak narang @mohak.narang_01,265100.0,0.5,Greece,,79500.0,tiktok,greece,False,2024,,,,
38,Akis Petretzikis @akis_petretzikis,263300.0,0.1,Greece,,79000.0,tiktok,greece,False,2024,,,,
39,Athena Inluxay @athenainluxay,257200.0,,Greece,,77200.0,tiktok,greece,False,2024,,,,
40,Greek Vibes @greek_vibes,257200.0,2.3,Greece,Travel,77200.0,tiktok,greece,False,2024,Lifestyle,MAPPED,,
41,♡︎𝙰𝚜𝚖𝚛𝚜𝙹𝚎𝚜𝚜𝚒♡︎ @jessi18920,257100.00000000003,0.1,Greece,,77100.0,tiktok,greece,False,2024,,,,
42,Hamza Nabil | حمزة نبيل @hamza.nabil5,254900.0,,Greece,,76500.0,tiktok,greece,False,2024,,,,
43,Richard Vela @richard_vela91,251000.0,,Greece,,75300.0,tiktok,greece,False,2024,,,,
44,Mike Dokas @mikedokas,250200.0,0.2,Greece,Business and Finance,75100.0,tiktok,greece,False,2024,Knowledge&Info,MAPPED,,
45,Verbena_mlp @verbena_mlp,243900.0,,Greece,,73200.0,tiktok,greece,False,2024,,,,
46,amber @ambercroyle,238400.0,,Greece,,71500.0,tiktok,greece,False,2024,,,,
47,Kaylee 🌻 @kayleexxoxo,235200.0,,Greece,,70600.0,tiktok,greece,False,2024,,,,
48,🧿Eftihia🧿 @eftihia1010,232700.0,,Greece,,69800.0,tiktok,greece,False,2024,,,,
49,skiourakic :) @skiourakiss,231600.0,0.7,Greece,,69500.0,tiktok,greece,False,2024,,,,
50,꧁☆ßαdαﾚš⊕ﾚαηκï☆꧂ @badalsolanki08,230400.0,,Greece,,69100.0,tiktok,greece,False,2024,,,,
51,maya @ohshitabee,227900.0,,Greece,,68400.0,tiktok,greece,False,2024,,,,
52,Lay🔥 @layza_oded,226300.0,,Greece,,67900.0,tiktok,greece,False,2024,,,,
53,Paulos_k.r @paulos_k.r,225300.0,,Greece,,67600.0,tiktok,greece,False,2024,,,,
54,JoMode @jomode,223800.0,0.2,Greece,,67100.0,tiktok,greece,False,2024,,,,
55,katerinaop @katerinaop_,223700.0,,Greece,,67100.0,tiktok,greece,False,2024,,,,
56,la._.no._.toxica @la._.no._.toxica,222800.0,0.1,Greece,,66800.0,tiktok,greece,False,2024,,,,
57,KING 🇬🇷 @v_0_0_7,213000.0,,Greece,,63900.0,tiktok,greece,False,2024,,,,
58,Em @emseriess,212900.0,0.8,Greece,,63900.0,tiktok,greece,False,2024,,,,
59,Savvas Kon @savvas.kon,209900.0,0.2,Greece,,63000.0,tiktok,greece,False,2024,,,,
60,giacomourtis @giacomourtis,206200.0,0.1,Greece,,61900.0,tiktok,greece,False,2024,,,,
61,Πολιτικά Ανορθοδοξος @real_life_guy_official,201200.0,,Greece,Entertainment and Music,60400.0,tiktok,greece,False,2024,Music,MAPPED,,
62,Despoina Denekou @despoinantenekou,201000.0,,Greece,,60300.0,tiktok,greece,False,2024,,,,
63,kass1a.xrf @kass1a.xrf,200900.0,,Greece,,60300.0,tiktok,greece,False,2024,,,,
64,♕♡⚽ΑⱰRéNαLiNe⚽♡♕ @adrenaline_ftbl,200500.0,,Greece,Sports,60200.0,tiktok,greece,False,2024,Sports,MAPPED,,
65,Elena Aggelova @elenaaggelova,200400.0,,Greece,Arts and Crafts Education,60100.0,tiktok,greece,False,2024,Knowledge&Info,MAPPED,,
66,Prammatias_Ck @limechili,200000.0,,Greece,,60000.0,tiktok,greece,False,2024,,,,
67,Λάμπρος Φισφής @lambrosfisfisofficial,195900.0,0.5,Greece,Entertainment and Music,58800.0,tiktok,greece,False,2024,Music,MAPPED,,
68,Maria @maria_mtsl,195200.0,,Greece,,58600.0,tiktok,greece,False,2024,,,,
69,🌸Stefania&Eua🌸 @_stefaniaandeua_,189800.0,0.1,Greece,,56900.0,tiktok,greece,False,2024,,,,
70,aris 🏴‍☠️ @yungairass,189800.0,,Greece,Auto and Vehicles Automotive,56900.0,tiktok,greece,False,2024,Tech&Gaming,MAPPED,,
71,Nikos Moutsinas @nikosmoutsinas,188700.0,,Greece,Music,56600.0,tiktok,greece,False,2024,Music,MAPPED,,
72,Konstantina @konstantinas_tiktok,188600.0,0.1,Greece,,56600.0,tiktok,greece,False,2024,,,,
73,☁︎︎𝚃𝙸𝙺𝙷𝙸𝙸𝚈𝙴𝙳𝙸𝚃𝚂☁︎︎ @77_tikhiiy_77,187300.0,0.1,Greece,,56200.0,tiktok,greece,False,2024,,,,
74,Malvina Nasla @malvinanasla,185500.0,,Greece,,55700.0,tiktok,greece,False,2024,,,,
75,ΔLISΩΠ @alisonbern,185300.0,0.1,Greece,Life and Society,55600.0,tiktok,greece,False,2024,Knowledge&Info,MAPPED,,
76,Robiul Islam @robiuld20,181300.0,,Greece,,54400.0,tiktok,greece,False,2024,,,,
77,HomaRaidik @homides8,180900.0,,Greece,,54300.0,tiktok,greece,False,2024,,,,
78,𝑻𝒉𝒂𝒏𝒐𝒔𝑽𝒂𝒔𝒊𝒍𝒆𝒊𝒐𝒖 @mr.apple.gr,180700.0,,Greece,,54200.0,tiktok,greece,False,2024,,,,
79,Petran @greek_unboxing,180600.0,,Greece,,54200.0,tiktok,greece,False,2024,,,,
80,evangeline🇬🇷 @evangeline.g,175900.0,0.4,Greece,Sports,52800.0,tiktok,greece,False,2024,Sports,MAPPED,,
81,aidan @drainmembers0nly,175000.0,0.4,Greece,,52500.0,tiktok,greece,False,2024,,,,
82,🎊𝑇𝑢🎭𝐹𝑙ɑ𝑘𝑖𝑡𝑜𝑀ɑ𝑟𝑐🎉 @marct.14_1_21,172900.0,,Greece,,51900.0,tiktok,greece,False,2024,,,,
83,francesca markos @itscescaaa,172200.0,,Greece,,51700.0,tiktok,greece,False,2024,,,,
84,Johnny Hollywood @_johnnyhollywood,172000.0,,Greece,,51600.0,tiktok,greece,False,2024,,,,
85,Anita Thiam @domousoumboulou1,171900.0,,Greece,,51600.0,tiktok,greece,False,2024,,,,
86,mariakakdela @mariakakdela7,171900.0,,Greece,,51600.0,tiktok,greece,False,2024,,,,
87,Nickktube @nickktube,170800.0,,Greece,Entertainment and Music,51200.0,tiktok,greece,False,2024,Music,MAPPED,,
88,Littlelipsyncer @littlelipsyncer,169600.0,,Greece,Entertainment and Music,50900.0,tiktok,greece,False,2024,Music,MAPPED,,
89,Storm @blackchynaandream,167700.0,,Greece,,50300.0,tiktok,greece,False,2024,,,,
90,Ιων ντιι @iwnntii22,167000.0,,Greece,,50100.0,tiktok,greece,False,2024,,,,
91,Agis Nh @agiss201,164700.0,,Greece,,49400.0,tiktok,greece,False,2024,,,,
92,Stryder @kleighstryder,164500.0,,Greece,,49400.0,tiktok,greece,False,2024,,,,
93,VMpour @vasilisbour,163000.0,0.8,Greece,,48900.0,tiktok,greece,False,2024,,,,
94,sokratis.v2.1996 🇬🇷🇵🇱 @sokratis.v2.1996,162500.0,,Greece,,48800.0,tiktok,greece,False,2024,,,,
95,RFM @georgeretro,160200.0,0.1,Greece,Sports,48100.0,tiktok,greece,False,2024,Sports,MAPPED,,
96,Giannis Katinakis @giannis_katinakis,159800.0,0.8,Greece,,47900.0,tiktok,greece,False,2024,,,,
97,Eleanna Manoli @eleannamanoli,159800.0,9.2,Greece,,47900.0,tiktok,greece,False,2024,,,,
98,George Toreli @george.toreli.88,159500.0,,Greece,,47900.0,tiktok,greece,False,2024,,,,
99,Stud City @the_stud_city,157500.0,0.1,Greece,,47300.0,tiktok,greece,False,2024,,,,
100,cee_jae_gee @cee_jae_gee,157400.0,0.2,Greece,Fashion,47200.0,tiktok,greece,False,2024,Beauty&Fashion,MAPPED,,
1,chiwipk @chiwipk,4000000.0,,Guatemala,,1200000.0,tiktok,guatemala,False,2024,,,,
2,jaycolindres @jaycolindres,3900000.0,,Guatemala,Business and Finance,1200000.0,tiktok,guatemala,False,2024,Knowledge&Info,MAPPED,,
3,Yoitz_isaac @yoitz_isaac,3800000.0,,Guatemala,Entertainment and Music Product Showcase,1100000.0,tiktok,guatemala,False,2024,Beauty&Fashion,MAPPED,,
4,Maiperyt @maiperyt,2600000.0,,Guatemala,,780000.0,tiktok,guatemala,False,2024,,,,
5,Anita Ceto @anitaceto,1900000.0,,Guatemala,,570000.0,tiktok,guatemala,False,2024,,,,
6,columpio gigante @ecomuro,1700000.0,,Guatemala,,510000.0,tiktok,guatemala,False,2024,,,,
7,Yoselin Ortiz @yossi_ortizz,1200000.0,,Guatemala,,360000.0,tiktok,guatemala,False,2024,,,,
8,Batería Humana Beatbox @bateriahumanabeatbox,1000000.0,,Guatemala,,300000.0,tiktok,guatemala,False,2024,,,,
9,🎪Los payasos más locos🎪 @rafiky_rafiky.jr,967300.0,,Guatemala,Entertainment and Music,290200.0,tiktok,guatemala,False,2024,Music,MAPPED,,
10,Genis Castillo @genisup,962500.0,,Guatemala,,288800.0,tiktok,guatemala,False,2024,,,,
11,AVIVA TV NAHUALA @avivatvnahuala,905600.0,,Guatemala,,271700.0,tiktok,guatemala,False,2024,,,,
12,🇬🇹☠️🚫Wilson.Gt☠️🚫🇬🇹 @wilsonsty.gt,892600.0,,Guatemala,,267800.0,tiktok,guatemala,False,2024,,,,
13,Yan Colz🤴🇬🇹 @yancolz,884000.0,,Guatemala,,265200.0,tiktok,guatemala,False,2024,,,,
14,Jos @jos_4893,873600.0,,Guatemala,,262100.00000000003,tiktok,guatemala,False,2024,,,,
15,Ketzy Rosales @ketzyrosales,869700.0,,Guatemala,Entertainment and Music,260900.0,tiktok,guatemala,False,2024,Music,MAPPED,,
16,Videos Cortitos @videos_cortitos,867000.0,,Guatemala,,260100.00000000003,tiktok,guatemala,False,2024,,,,
17,Meli @changmelii,862800.0,,Guatemala,,258800.0,tiktok,guatemala,False,2024,,,,
18,Elmo chingon @mayen_m21,809200.0,0.2,Guatemala,,242800.0,tiktok,guatemala,False,2024,,,,
19,Yeya Morales @yeyamorales5,801900.0,,Guatemala,,240600.0,tiktok,guatemala,False,2024,,,,
20,Cibely 🦋 @_cibelyc,758800.0,,Guatemala,Beauty and Self Care Fashion and Accessories,227600.0,tiktok,guatemala,False,2024,Beauty&Fashion,MAPPED,,
21,FRANKLIN GT @franklin.gt,731200.0,,Guatemala,Entertainment and Music Funny,219400.0,tiktok,guatemala,False,2024,Music,MAPPED,,
22,Sofia Morales @sofiam.moraless,691100.0,,Guatemala,,207300.0,tiktok,guatemala,False,2024,,,,
23,Junior Contreras @juniorcontreras_oficial,681100.0,,Guatemala,,204300.0,tiktok,guatemala,False,2024,,,,
24,🦋MARII🦋 @mariela_freefire,677800.0,,Guatemala,,203300.0,tiktok,guatemala,False,2024,,,,
25,Esmelachapina @esmelachapina,649100.0,,Guatemala,,194700.0,tiktok,guatemala,False,2024,,,,
26,Fanny📈♥️✨ @fanny_fraseschidas07,647300.0,,Guatemala,,194200.0,tiktok,guatemala,False,2024,,,,
27,Isaacvideostop9999 @isaacvideostop999,639800.0,,Guatemala,,191900.0,tiktok,guatemala,False,2024,,,,
28,1M🥳🎉________🚗____423k @resupelis,634900.0,,Guatemala,,190500.0,tiktok,guatemala,False,2024,,,,
29,Bae♥️ @beba.16gt,613700.0,,Guatemala,,184100.0,tiktok,guatemala,False,2024,,,,
30,Gerardo_ff18 @g3rardo_ff18,606100.0,,Guatemala,,181800.0,tiktok,guatemala,False,2024,,,,
31,🐯 T. Chouds 🐯 @t.chouds,602100.0,,Guatemala,Entertainment and Music,180600.0,tiktok,guatemala,False,2024,Music,MAPPED,,
32,🇬🇹𝒆𝒍𝒇𝒍𝒂𝒌𝒊𝒕𝒐502🇺🇸 @elflakito502,592400.0,0.5,Guatemala,,177700.0,tiktok,guatemala,False,2024,,,,
33,ƙąཞყ 🇬🇹 @kary.jauregui,581200.0,,Guatemala,,174400.0,tiktok,guatemala,False,2024,,,,
34,Valenntiiin_ @valennttinn_,571000.0,0.1,Guatemala,,171300.0,tiktok,guatemala,False,2024,,,,
35,Chapin Viajero @chapin.viajero,569500.0,,Guatemala,Travel,170900.0,tiktok,guatemala,False,2024,Lifestyle,MAPPED,,
36,Hector_G.T @hector_g.t,547700.0,,Guatemala,,164300.0,tiktok,guatemala,False,2024,,,,
37,Nico @nicoquinonez_,545200.0,,Guatemala,,163600.0,tiktok,guatemala,False,2024,,,,
38,ᴇʀᴏsᴘᴀɴɪsʜ_ᴏғɪᴄɪᴀʟ_®️ @erospanish_,536600.0,,Guatemala,,161000.0,tiktok,guatemala,False,2024,,,,
39,PastorCashLuna @pastorcashluna,532400.0,0.1,Guatemala,,159700.0,tiktok,guatemala,False,2024,,,,
40,💚💚abril💚💚 @a_b_r_i_l_23,532300.0,,Guatemala,,159700.0,tiktok,guatemala,False,2024,,,,
41,AlexLeon @dpleon_ff,529300.0,1.0,Guatemala,,158800.0,tiktok,guatemala,False,2024,,,,
42,followers.315 @morel.sa13,525700.0,,Guatemala,Education Life and Society,157700.0,tiktok,guatemala,False,2024,Knowledge&Info,MAPPED,,
43,Camilita S.S. @kamylyska,522400.0,,Guatemala,Pets,156700.0,tiktok,guatemala,False,2024,Lifestyle,MAPPED,,
44,Canta la canción 😛 @canta.sin.llorar,522200.00000000006,,Guatemala,,156700.0,tiktok,guatemala,False,2024,,,,
45,Carlos Leonel @carlosleonel99,517900.0,,Guatemala,,155400.0,tiktok,guatemala,False,2024,,,,
46,EDUKENNY GT @edukenny_gt,500500.0,,Guatemala,Games Video Gaming,150200.0,tiktok,guatemala,False,2024,Tech&Gaming,MAPPED,,
47,⚡️Carlos Del Cid⚡️ @carlosdelcid4,492500.0,0.2,Guatemala,,147800.0,tiktok,guatemala,False,2024,,,,
48,✨EL BRAYAN✨ @pana_ff_1,489000.0,,Guatemala,,146700.0,tiktok,guatemala,False,2024,,,,
49,✨Garcia✨ @mistica.23,486200.0,,Guatemala,Entertainment and Music,145900.0,tiktok,guatemala,False,2024,Music,MAPPED,,
50,Dulce Camey @dulce_camey1,485000.0,,Guatemala,,145500.0,tiktok,guatemala,False,2024,,,,
51,🥀JUBEM🥀 @jubemcedillo,483000.0,,Guatemala,,144900.0,tiktok,guatemala,False,2024,,,,
52,Domingo Guzman @domingoelchapin,482600.0,,Guatemala,,144800.0,tiktok,guatemala,False,2024,,,,
53,Christine Olivia @iamchristineolivia,475600.0,,Guatemala,,142700.0,tiktok,guatemala,False,2024,,,,
54,LA CHAPINCITA DE CORAZÓN💟 @veronicabarrios56,472600.0,,Guatemala,,141800.0,tiktok,guatemala,False,2024,,,,
55,Hooters Guatemala @hootersguatemala,465800.0,,Guatemala,Food,139700.0,tiktok,guatemala,False,2024,Lifestyle,MAPPED,,
56,EnlaMiraGuate @enlamiraguate,460400.0,,Guatemala,,138100.0,tiktok,guatemala,False,2024,,,,
57,ZakroZomber @zakrozomber,448200.0,0.1,Guatemala,,134500.0,tiktok,guatemala,False,2024,,,,
58,Isa Roldán @isaroldangt,446800.0,,Guatemala,,134000.0,tiktok,guatemala,False,2024,,,,
59,imb1r0n_retirado @imb1r0n,445900.0,0.3,Guatemala,,133800.0,tiktok,guatemala,False,2024,,,,
60,Mileydi de Guzman ( Chula ) @mileydideguzman,444600.0,,Guatemala,,133400.0,tiktok,guatemala,False,2024,,,,
61,Patita Sanz @patty883,440500.0,,Guatemala,,132200.0,tiktok,guatemala,False,2024,,,,
62,Ilsi Paz @ilsipaz,434000.0,,Guatemala,,130200.0,tiktok,guatemala,False,2024,,,,
63,Elmerlopez 786 @elmerlopez4,428000.0,,Guatemala,,128400.0,tiktok,guatemala,False,2024,,,,
64,Marcy @mkmotta,426800.0,,Guatemala,,128000.0,tiktok,guatemala,False,2024,,,,
65,Cintia 💓 @sakurita.cintia,425400.0,,Guatemala,,127600.0,tiktok,guatemala,False,2024,,,,
66,🦴 Quiropráctico Recinos 🦴 @energiavitalgt,423600.0,,Guatemala,,127100.0,tiktok,guatemala,False,2024,,,,
67,YeisonGTM502 @yeisongtm502,419500.0,,Guatemala,,125900.0,tiktok,guatemala,False,2024,,,,
68,TO FEEL DOWN @to_feel_down,416000.0,0.8,Guatemala,,124800.0,tiktok,guatemala,False,2024,,,,
69,Alejandro Speitzer @alejandrospeitzer1,409200.0,0.1,Guatemala,,122800.0,tiktok,guatemala,False,2024,,,,
70,Chencho @yaxcalito4,402600.0,,Guatemala,,120800.0,tiktok,guatemala,False,2024,,,,
71,Marcela Urizar @marchulisss,396500.0,,Guatemala,,119000.0,tiktok,guatemala,False,2024,,,,
72,MiguelBabo @mipueblo5,394400.0,0.3,Guatemala,,118300.0,tiktok,guatemala,False,2024,,,,
73,Billy The Diamond @billycmusic,385600.0,0.1,Guatemala,,115700.0,tiktok,guatemala,False,2024,,,,
74,Fernanda @fernandaacast,384100.0,3.1,Guatemala,,115200.0,tiktok,guatemala,False,2024,,,,
75,Freddy Santo @freddysantoofficial,378100.0,0.1,Guatemala,,113400.0,tiktok,guatemala,False,2024,,,,
76,jimenamaradiaga @jimemaradiaga,375400.0,,Guatemala,,112600.0,tiktok,guatemala,False,2024,,,,
77,Emmi @_leyliloverss,373200.0,,Guatemala,,112000.0,tiktok,guatemala,False,2024,,,,
78,Oscar Belloso @oscarbelloso,370400.0,,Guatemala,,111100.0,tiktok,guatemala,False,2024,,,,
79,colegio del caballero 👑 @colegio.del.caballero_,367400.0,,Guatemala,,110200.0,tiktok,guatemala,False,2024,,,,
80,Eilypg @iameilypg,365500.0,0.4,Guatemala,,109700.0,tiktok,guatemala,False,2024,,,,
81,Neto Bran @netobran,354800.0,,Guatemala,Life and Society,106400.0,tiktok,guatemala,False,2024,Knowledge&Info,MAPPED,,
82,Octavio Alvarez @soyoctavio..gt,354500.0,0.1,Guatemala,Funny Life and Society,106400.0,tiktok,guatemala,False,2024,Knowledge&Info,MAPPED,,
83,💎𝐒𝐞𝐫𝐠𝐢𝐨 𝐕𝐚𝐭💎 @sergiovat,354200.0,,Guatemala,,106300.0,tiktok,guatemala,False,2024,,,,
84,𝑀𝒶𝓇𝒾𝑒 @mariedebroy,353400.0,0.1,Guatemala,,106000.0,tiktok,guatemala,False,2024,,,,
85,SIMBA 🐶🦁 @simba_502,350500.0,,Guatemala,Pets,105200.0,tiktok,guatemala,False,2024,Lifestyle,MAPPED,,
86,Tatmon Guatemala @tatmonpro,349900.0,,Guatemala,Education,105000.0,tiktok,guatemala,False,2024,Knowledge&Info,MAPPED,,
87,Pan @eldaniie,348900.0,,Guatemala,,104700.0,tiktok,guatemala,False,2024,,,,
88,4progt @4progt,345000.0,,Guatemala,Auto and Vehicles,103500.0,tiktok,guatemala,False,2024,Tech&Gaming,MAPPED,,
89,Luna Misteriosa 77 @lunamisteriosa77,344300.0,0.1,Guatemala,,103300.0,tiktok,guatemala,False,2024,,,,
90,storytime @storytime_de_terror0,341700.0,,Guatemala,,102500.0,tiktok,guatemala,False,2024,,,,
91,Gaby Linares ❤️ @gabylinaresj,341300.0,,Guatemala,,102400.0,tiktok,guatemala,False,2024,,,,
92,Luis @luis.ff353,339700.0,0.1,Guatemala,,101900.0,tiktok,guatemala,False,2024,,,,
93,Erick Flores @_erick.f,334300.0,0.1,Guatemala,,100300.0,tiktok,guatemala,False,2024,,,,
94,Kristh Albeno 🦋 @kristhalbeno,331400.0,,Guatemala,,99400.0,tiktok,guatemala,False,2024,,,,
95,Walfred Elias @walfredelias1,329400.0,,Guatemala,,98800.0,tiktok,guatemala,False,2024,,,,
96,Dasselyne @dasselyneoficial,328900.0,0.2,Guatemala,Entertainment and Music,98700.0,tiktok,guatemala,False,2024,Music,MAPPED,,
97,Juls @julsgoes,327700.0,0.1,Guatemala,,98300.0,tiktok,guatemala,False,2024,,,,
98,Isa Herrán @isabellaherran,324400.0,,Guatemala,,97300.0,tiktok,guatemala,False,2024,,,,
99,Bebita @lindabeba94,322500.0,,Guatemala,,96800.0,tiktok,guatemala,False,2024,,,,
100,Rival😏 @rivaldo.salazar,319400.0,,Guatemala,Entertainment and Music,95800.0,tiktok,guatemala,False,2024,Music,MAPPED,,
1,₊‧°𐐪♡ Z𝖚𝖗𝖊𝖊𝖆𝖑/琇然 ♡𐑂°‧₊ @zureeal,811200.0,0.5,Hong Kong,Animation and Cosplay Entertainment and Music,243400.0,tiktok,hong-kong,False,2024,Tech&Gaming,MAPPED,,
2,Francine Ng @francine.ng,774600.0,,Hong Kong,,232400.0,tiktok,hong-kong,False,2024,,,,
3,DiscoverHongKong @discoverhongkong,667500.0,,Hong Kong,,200300.0,tiktok,hong-kong,False,2024,,,,
4,kaiyee 🧨 @kaiyee_,518200.00000000006,,Hong Kong,,155500.0,tiktok,hong-kong,False,2024,,,,
5,cynthiahk @cynthiahk,488700.0,,Hong Kong,,146600.0,tiktok,hong-kong,False,2024,,,,
6,SAAIH HALILINTAR 2 @moresaaihalilintar,458900.0,0.2,Hong Kong,,137700.0,tiktok,hong-kong,False,2024,,,,
7,riwan🦖 @heri.krn,456100.0,,Hong Kong,,136800.0,tiktok,hong-kong,False,2024,,,,
8,8090s in Hong Kong @hongkong.8090s,453800.0,0.3,Hong Kong,,136100.0,tiktok,hong-kong,False,2024,,,,
9,Jousy @jousychan,445600.0,,Hong Kong,,133700.0,tiktok,hong-kong,False,2024,,,,
10,ANNA 🦋 (NEWACC) @anaa_800,435300.0,,Hong Kong,,130600.0,tiktok,hong-kong,False,2024,,,,
11,黃浩霆 / IG：hoting.tv @hoting852,367600.0,,Hong Kong,,110300.0,tiktok,hong-kong,False,2024,,,,
12,user8923802482792 @user8923802482792,322000.0,,Hong Kong,Pets,96600.0,tiktok,hong-kong,False,2024,Lifestyle,MAPPED,,
13,THEO YOUNG @theoyoung20,311800.0,,Hong Kong,,93500.0,tiktok,hong-kong,False,2024,,,,
14,Ahohaw Review @ahohaw_vn,304000.0,2.1,Hong Kong,,91200.0,tiktok,hong-kong,False,2024,,,,
15,dance tutorials 😗✌️ @tiktok.dance.tuttorial,252800.0,45.8,Hong Kong,,75800.0,tiktok,hong-kong,False,2024,,,,
16,스치면홍콩 @6969zz,238400.0,,Hong Kong,,71500.0,tiktok,hong-kong,False,2024,,,,
17,叶子yezi @yezi_1022_,204100.0,,Hong Kong,,61200.0,tiktok,hong-kong,False,2024,,,,
18,Aidan @aidan.cheung,200700.0,,Hong Kong,,60200.0,tiktok,hong-kong,False,2024,,,,
19,Rooney Xhk @r.xhk,193300.0,,Hong Kong,,58000.0,tiktok,hong-kong,False,2024,,,,
20,NAMUY HK @namuy_hk,191200.0,,Hong Kong,,57400.0,tiktok,hong-kong,False,2024,,,,
21,BaronHong @baronhongchestbinder,176100.0,,Hong Kong,,52800.0,tiktok,hong-kong,False,2024,,,,
22,妖都學長 @yaodotv,174200.0,0.3,Hong Kong,,52300.0,tiktok,hong-kong,False,2024,,,,
23,HK Official ♔♚ @its.homayon.official,162100.0,,Hong Kong,,48600.0,tiktok,hong-kong,False,2024,,,,
24,Celeste_Hong @celes.hong,153600.0,,Hong Kong,,46100.0,tiktok,hong-kong,False,2024,,,,
25,Micha bell🇭🇰 @apundar14,140900.0,,Hong Kong,,42300.0,tiktok,hong-kong,False,2024,,,,
26,TVB-FILM ✅ @tvbphimffvn,140800.0,,Hong Kong,,42200.0,tiktok,hong-kong,False,2024,,,,
27,Mandaa🌿 @_itzmandaa_,132600.0,0.8,Hong Kong,,39800.0,tiktok,hong-kong,False,2024,,,,
28,HongKongDoll @hongkong_doll,129700.0,0.9,Hong Kong,,38900.0,tiktok,hong-kong,False,2024,,,,
29,梁笑笑 @liangxx233,126800.0,0.3,Hong Kong,Beauty and Self Care,38000.0,tiktok,hong-kong,False,2024,Beauty&Fashion,MAPPED,,
30,HongKong Wedding @hongkong.wedding,122600.0,,Hong Kong,Romance and Wedding,36800.0,tiktok,hong-kong,False,2024,Beauty&Fashion,MAPPED,,
31,Elisa @elisaty_,112400.0,,Hong Kong,Entertainment and Music,33700.0,tiktok,hong-kong,False,2024,Music,MAPPED,,
32,隆翠珠寶 @lczb8,104400.0,0.1,Hong Kong,,31300.0,tiktok,hong-kong,False,2024,,,,
33,極品明皇帝 @jpmhd,94400.0,0.6,Hong Kong,,28300.0,tiktok,hong-kong,False,2024,,,,
34,Andrew Lau @andrewjlau,66800.0,,Hong Kong,,20000.0,tiktok,hong-kong,False,2024,,,,
35,eduardoowong @eduardoowong,65000.0,0.2,Hong Kong,,19500.0,tiktok,hong-kong,False,2024,,,,
36,SharonChan陳敏之 @sharonchanmanchi,38600.0,0.1,Hong Kong,,11600.0,tiktok,hong-kong,False,2024,,,,
37,Isabella @izabella.ng,34000.0,,Hong Kong,Fashion and Accessories,10200.0,tiktok,hong-kong,False,2024,Beauty&Fashion,MAPPED,,
38,Eva Thapa 🇭🇰 🇳🇵 @evathapa4,20800.0,1.2,Hong Kong,,6200.0,tiktok,hong-kong,False,2024,,,,
39,E7🤍 @eeqi__00,15000.0,1.4,Hong Kong,Beauty and Self Care,4500.0,tiktok,hong-kong,False,2024,Beauty&Fashion,MAPPED,,
40,kaylinhsieh @kaylinhsieh,12000.0,0.1,Hong Kong,Sports Education,3600.0,tiktok,hong-kong,False,2024,Sports,MAPPED,,
41,SAMI_852🇭🇰 @sami_mirza5,11900.0,0.6,Hong Kong,Romance and Wedding,3600.0,tiktok,hong-kong,False,2024,Beauty&Fashion,MAPPED,,
42,Alice巧汶🌹 @0714.alice,9900.0,0.5,Hong Kong,,3000.0,tiktok,hong-kong,False,2024,,,,
43,Healing Tarot @tarotkingsg,8200.0,0.4,Hong Kong,Entertainment and Music,2400.0,tiktok,hong-kong,False,2024,Music,MAPPED,,
1,Instant Bollywood @instantbollywood,7900000.0,,India,Entertainment and Music,2400000.0,tiktok,india,False,2024,Music,MAPPED,,
2,Kajol Devgan @kajol,3700000.0,1.2,India,,1100000.0,tiktok,india,False,2024,,,,
3,A M N A S A B I R @amnasabir2,3700000.0,,India,Outdoor Activity Games,1100000.0,tiktok,india,False,2024,Sports,MAPPED,,
4,Heena @heenaakh1,3100000.0,,India,Beauty and Self Care,930000.0,tiktok,india,False,2024,Beauty&Fashion,MAPPED,,
5,U S H A B 👑 @ushab_rajpoot,2900000.0,,India,,870000.0,tiktok,india,False,2024,,,,
6,Kartik Aaryan @kartiktokaaryan,2800000.0,0.3,India,Acting and Drama,840000.0,tiktok,india,False,2024,Entertainment,MAPPED,,
7,Jayden Haueter @jaydenhaueterofficial,2600000.0,,India,,780000.0,tiktok,india,False,2024,,,,
8,PremDayal-Tiktok @premdayal_tiktok,2600000.0,,India,Education,780000.0,tiktok,india,False,2024,Knowledge&Info,MAPPED,,
9,PWR Vindooly @vindooly,2500000.0,,India,Entertainment and Music,750000.0,tiktok,india,False,2024,Music,MAPPED,,
10,meg @bootlegmegz,2300000.0,,India,Funny Entertainment and Music Life and Society,690000.0,tiktok,india,False,2024,Knowledge&Info,MAPPED,,
11,A R R A P Y @arrapy_,2000000.0,,India,,600000.0,tiktok,india,False,2024,,,,
12,FIS BANGA @fisbanga,2000000.0,,India,,600000.0,tiktok,india,False,2024,,,,
13,Salahuddin Khan @sallubhai223,2000000.0,,India,,600000.0,tiktok,india,False,2024,,,,
14,Aryan Khan @aryankhanone,1700000.0,,India,Entertainment and Music,510000.0,tiktok,india,False,2024,Music,MAPPED,,
15,Sahiba rajpoot @sahibarajpoot3,1700000.0,,India,Beauty and Self Care,510000.0,tiktok,india,False,2024,Beauty&Fashion,MAPPED,,
16,MR Faisu Marwat 🐒 @faisalsalmankhan,1700000.0,,India,Entertainment and Music Celebrity Music,510000.0,tiktok,india,False,2024,Music,MAPPED,,
17,K_U_T_T_A_P_I ❤️ @angel_.roshna,1300000.0,,India,,390000.0,tiktok,india,False,2024,,,,
18,dayanita show @dayanitashow,1300000.0,,India,,390000.0,tiktok,india,False,2024,,,,
19,Mouni Roy @imouni_royofficial,1200000.0,,India,Arts and Crafts Food Travel Food and Drink,360000.0,tiktok,india,False,2024,Lifestyle,MAPPED,,
20,YT : Bang Sidz @m.sidki,1200000.0,0.1,India,Entertainment and Music,360000.0,tiktok,india,False,2024,Music,MAPPED,,
21,GauMap✔️ @pet.cung,1100000.0,,India,,330000.0,tiktok,india,False,2024,,,,
22,RBI-Public Figure @sdsnakeadventures,1100000.0,,India,Animals,330000.0,tiktok,india,False,2024,Lifestyle,MAPPED,,
23,Miss Universe @missuniverse,1000000.0,,India,,300000.0,tiktok,india,False,2024,,,,
24,👑 King KVR 👑 @karamveerskyadav,990700.0,,India,,297200.0,tiktok,india,False,2024,,,,
25,👑 ÃÃŘÎF 👑 @aarifalvi.03,966600.0,,India,Romance and Wedding,290000.0,tiktok,india,False,2024,Beauty&Fashion,MAPPED,,
26,johny pal @hiphopjohny,966300.0,,India,,289900.0,tiktok,india,False,2024,,,,
27,Amzad 11 @juul3560,961900.0,,India,Entertainment and Music,288600.0,tiktok,india,False,2024,Music,MAPPED,,
28,rajpreet kaur @kaur__rajpreet,959800.0,,India,,287900.0,tiktok,india,False,2024,,,,
29,Salman @mdsalman8113,957400.0,,India,,287200.0,tiktok,india,False,2024,,,,
30,Lokesh Yadav @lokartist_lokesh,953000.0,0.1,India,Arts and Crafts,285900.0,tiktok,india,False,2024,Lifestyle,MAPPED,,
31,Chandu Smart @chandusmart81,943500.0,,India,,283100.0,tiktok,india,False,2024,,,,
32,Mayank @mayank_bhardwaj,940000.0,,India,Entertainment and Music,282000.0,tiktok,india,False,2024,Music,MAPPED,,
33,Ali_writes @ali_writes433,926100.0,,India,,277800.0,tiktok,india,False,2024,,,,
34,iNDiA🤪 @fw.indiaa,925100.0,,India,Entertainment and Music,277500.0,tiktok,india,False,2024,Music,MAPPED,,
35,Aazam Ansari ✔️ @aazam_ansari3654,922500.0,,India,,276800.0,tiktok,india,False,2024,,,,
36,Dr Harneet Kaur @askdrharneet,921800.0,,India,,276500.0,tiktok,india,False,2024,,,,
37,Buchcha😍🐕👦❤️arun @buchcha_arun,918100.0,,India,,275400.0,tiktok,india,False,2024,,,,
38,syahrullgyan @syahrull_gyan,916500.0,,India,,275000.0,tiktok,india,False,2024,,,,
39,user341525 @panuu.09,913800.0,,India,,274100.0,tiktok,india,False,2024,,,,
40,William Seremetis @willyumgregory,909900.0,0.4,India,Entertainment and Music,273000.0,tiktok,india,False,2024,Music,MAPPED,,
41,sahadev bankar @usersahadevbankar6,904300.0,,India,,271300.0,tiktok,india,False,2024,,,,
42,madhu_gowda @madhu_gowda066,904000.0,,India,,271200.0,tiktok,india,False,2024,,,,
43,Babita Gupta @babita_gupta15,902300.0,,India,,270700.0,tiktok,india,False,2024,,,,
44,Rose Chuhan @rosechuhan,896800.0,,India,Fashion and Accessories,269000.0,tiktok,india,False,2024,Beauty&Fashion,MAPPED,,
45,Simmy Landa @simmylanda,890700.0,,India,,267200.0,tiktok,india,False,2024,,,,
46,👑Kajal Bhardwaj👑 @_kajalbhardwaj_143,889500.0,,India,,266900.0,tiktok,india,False,2024,,,,
47,Sujitasharma43 @sujitasharma43,888700.0,,India,,266600.0,tiktok,india,False,2024,,,,
48,Supriyathakur💫 @gulaabiqueen0,881800.0,,India,,264500.0,tiktok,india,False,2024,,,,
49,nirmalkumar699660 @nirmalkumar6996605,869800.0,,India,,260900.0,tiktok,india,False,2024,,,,
50,Bebojethwa @bebojethwa,863400.0,,India,,259000.0,tiktok,india,False,2024,,,,
51,Kashi @kashicreates,862200.0,,India,,258700.0,tiktok,india,False,2024,,,,
52,🦁 Raavan Maharaj 🦁 @actor.rajiv.chowhan,856100.0,,India,Entertainment and Music,256800.0,tiktok,india,False,2024,Music,MAPPED,,
53,Smile queen richa @hrichapandey02,851700.0,,India,,255500.0,tiktok,india,False,2024,,,,
54,KHUT NAV @navkhut99,850000.0,,India,,255000.0,tiktok,india,False,2024,,,,
55,dharti_gadhiya_ @dharti_gadhiya_,849800.0,,India,,254900.0,tiktok,india,False,2024,,,,
56,༺ 𒆜 🇦 🇳 🇯 🇦 🇳 🇮𒆜 ༻ @dj_bengek,848100.0,,India,,254400.0,tiktok,india,False,2024,,,,
57,Akashdeep Batra @freelegalhelpline,844800.0,,India,Finance,253400.0,tiktok,india,False,2024,Knowledge&Info,MAPPED,,
58,Rohit Kapoor @official_kapoor,843300.0,,India,,253000.0,tiktok,india,False,2024,,,,
59,Ankit pandit @ankitpandit5082,843000.0,,India,,252900.0,tiktok,india,False,2024,,,,
60,Bレ一Crow🔫 @crowpubgmobile,842100.0,,India,Games,252600.0,tiktok,india,False,2024,Tech&Gaming,MAPPED,,
61,Kashir King @kashirking,839200.0,,India,,251800.0,tiktok,india,False,2024,,,,
62,Kiki @kikirajxo,836100.0,,India,Fashion and Accessories,250800.0,tiktok,india,False,2024,Beauty&Fashion,MAPPED,,
63,Dj Jagdamb J76 @djavi76,830500.0,,India,,249200.0,tiktok,india,False,2024,,,,
64,surajpalshigh @suyashcouple2_official,823800.0,,India,,247100.0,tiktok,india,False,2024,,,,
65,love❤️786 @loveneshchouksey,822100.0,,India,,246600.0,tiktok,india,False,2024,,,,
66,❤️DIL DOSTI YAARI❤️ @mrperfect_d.d.y,821300.0,,India,,246400.0,tiktok,india,False,2024,,,,
67,snehalatha_offical @snehalatha_official,820400.0,,India,,246100.0,tiktok,india,False,2024,,,,
68,Pooja Verma @poojaverma_143,812800.0,,India,Beauty and Self Care Fashion and Accessories,243800.0,tiktok,india,False,2024,Beauty&Fashion,MAPPED,,
69,feeedmi @feeedmi,812400.0,0.6,India,Food,243700.0,tiktok,india,False,2024,Lifestyle,MAPPED,,
70,Saeed khan @saeedwrites153,810900.0,,India,,243300.0,tiktok,india,False,2024,,,,
71,📱MOBILE KING📱 @abubakaransari562,803100.0,,India,,240900.0,tiktok,india,False,2024,,,,
72,I❤️Punjab @hassiyakaro,801600.0,,India,,240500.0,tiktok,india,False,2024,,,,
73,Nagra Farm @nagrafarm1,800600.0,,India,Nature,240200.0,tiktok,india,False,2024,Lifestyle,MAPPED,,
74,Ibrahim Ansari @ibrahimvai888,798400.0,,India,Music,239500.0,tiktok,india,False,2024,Music,MAPPED,,
75,Gk Gufran khan @gkgufrankhan,796700.0,,India,Entertainment and Music Celebrity,239000.0,tiktok,india,False,2024,Music,MAPPED,,
76,🔥NAKHRILI🔥 @kittu_sneh,793000.0,,India,,237900.0,tiktok,india,False,2024,,,,
77,🎥 Lovepreetmultani 📸 @lovepreetmultani1,790800.0,,India,,237200.0,tiktok,india,False,2024,,,,
78,@alisha ray1 @rupapatra10,787500.0,,India,,236300.0,tiktok,india,False,2024,,,,
79,♥️ A L I Y A ♥️ @aliya_patel_,787200.0,,India,,236200.0,tiktok,india,False,2024,,,,
80,Padma @yoginipadma,782300.0,,India,Fitness and Health Education,234700.0,tiktok,india,False,2024,Sports,MAPPED,,
81,Leon🦁 @leyiiin94,778300.0,,India,,233500.0,tiktok,india,False,2024,,,,
82,Kerishma.Mukhtari @kerish_mukhtari,775400.0,,India,,232600.0,tiktok,india,False,2024,,,,
83,prudhvi wizzu @wizzuprudhvi,773300.0,0.2,India,,232000.0,tiktok,india,False,2024,,,,
84,Bollywood.glitzy @bollywood.glitzy,772500.0,,India,,231800.0,tiktok,india,False,2024,,,,
85,👑ArrU👑 @aarti_rajak,772400.0,,India,,231700.0,tiktok,india,False,2024,,,,
86,🔥 Imran Messi 🔥 @imranmessi3,770900.0,,India,,231300.0,tiktok,india,False,2024,,,,
87,India🐷 @india.thepitbull,768700.0,0.3,India,Pets,230600.0,tiktok,india,False,2024,Lifestyle,MAPPED,,
88,sulogna Chowdhury @sulognachowdhury,766400.0,,India,,229900.0,tiktok,india,False,2024,,,,
89,M E E N U✅ @meenukhatri29,766300.0,,India,,229900.0,tiktok,india,False,2024,,,,
90,Addy Raj @addyrajofficial,763700.0,,India,,229100.0,tiktok,india,False,2024,,,,
91,gopinath_chinu @gopinathchinu,762300.0,0.2,India,,228700.0,tiktok,india,False,2024,,,,
92,Svs Glassworks @svsglassworks,762200.0,,India,,228700.0,tiktok,india,False,2024,,,,
93,🎭 Raj JB 🎭 @raj_jb_09,761500.0,,India,,228500.0,tiktok,india,False,2024,,,,
94,Khushi Mehra 🥀 @khushi_mehra_1,756800.0,,India,,227000.0,tiktok,india,False,2024,,,,
95,Md Azad @azad_khan_bihari_boy,751700.0,,India,,225500.0,tiktok,india,False,2024,,,,
96,Dr. Rekhadas @dr.rekhadas,751200.0,,India,,225400.0,tiktok,india,False,2024,,,,
97,Rafikpatel123 @rafikpatel.123,744500.0,,India,Acting and Drama Celebrity,223400.0,tiktok,india,False,2024,Entertainment,MAPPED,,
98,🖤Srushti.RG👅 @guddi.0707,739400.0,,India,,221800.0,tiktok,india,False,2024,,,,
99,Nawazuddin Siddiqui @nawazuddin.siddiqui47,734700.0,,India,Entertainment and Music,220400.0,tiktok,india,False,2024,Music,MAPPED,,
100,Mitali Thakur @mitalithakur11,731900.0,,India,Romance and Wedding,219600.0,tiktok,india,False,2024,Beauty&Fashion,MAPPED,,
1,Unaa🍜 @mieayamthebstt,14400000.0,,Индонезия,Игри,4300000.0,tiktok,indonesia,False,2024,Tech&Gaming,MAPPED,,Games
2,DamnBoy⚫️🔓 @razor.fathanah,13000000.0,,Индонезия,Забавление и музика Careers,3900000.0,tiktok,indonesia,False,2024,Music,MAPPED,,Entertainment and Music Careers
3,VILMEI✨ @vilmeijuga,11400000.0,0.2,Индонезия,Храна,3400000.0,tiktok,indonesia,False,2024,Lifestyle,MAPPED,,Food
4,Dewi perssik @dewiperssik_real,10000000.0,,Индонезия,Забавление и музика,3000000.0,tiktok,indonesia,False,2024,Music,MAPPED,,Fun and music
5,Trisha Zia @trishaaazia,9000000.0,1.1,Индонезия,Красота и грижа за себе си,2700000.0,tiktok,indonesia,False,2024,Beauty&Fashion,MAPPED,,Beauty and self care
6,Baim Wong @baimwong,8199999.999999999,,Индонезия,Актьорство и драма Забавление и музика,2500000.0,tiktok,indonesia,False,2024,Music,MAPPED,,Acting and Drama Entertainment and Music
7,EdW!!Nn🦇 @edw1n_98,8000000.0,,Индонезия,Забавление и музика,2400000.0,tiktok,indonesia,False,2024,Music,MAPPED,,Fun and music
8,Valenrewah @valenrewah,7700000.0,,Индонезия,,2300000.0,tiktok,indonesia,False,2024,,,,
9,prilly latuconsina @prillylatuconsina15,7200000.0,,Индонезия,Забавление и музика,2200000.0,tiktok,indonesia,False,2024,Music,MAPPED,,Fun and music
10,Heiraks @heiraksyt,6500000.0,,Индонезия,,2000000.0,tiktok,indonesia,False,2024,,,,
11,Vilia Carl @viliacarl,6400000.0,2.1,Индонезия,,1900000.0,tiktok,indonesia,False,2024,,,,
12,BIGO: Riri.c @ririiii.26.on.ig,6300000.0,,Индонезия,Забавление и музика,1900000.0,tiktok,indonesia,False,2024,Music,MAPPED,,Fun and music
13,Follow ig : @ismindyh_ @tanteismi,5900000.0,,Индонезия,,1800000.0,tiktok,indonesia,False,2024,,,,
14,Lazada Indonesia @lazadaid,5600000.0,,Индонезия,,1700000.0,tiktok,indonesia,False,2024,,,,
15,Madam Sonia @madamsoniia,5500000.0,0.9,Индонезия,Красота и грижа за себе си,1700000.0,tiktok,indonesia,False,2024,Beauty&Fashion,MAPPED,,Beauty and self care
16,Jess No Limit @jessnolimit999,5300000.0,0.1,Индонезия,,1600000.0,tiktok,indonesia,False,2024,,,,
17,fhia @alifhiaf,5200000.0,,Индонезия,,1600000.0,tiktok,indonesia,False,2024,,,,
18,Syahnaz Sadiqah @syahnazsadiqah,5100000.0,,Индонезия,,1500000.0,tiktok,indonesia,False,2024,,,,
19,Jervan Jervan @jervanjervan,5000000.0,,Индонезия,Забавление и музика,1500000.0,tiktok,indonesia,False,2024,Music,MAPPED,,Fun and music
20,RADAR SUMEDANG @radarsumedang,5000000.0,,Индонезия,Забавление и музика,1500000.0,tiktok,indonesia,False,2024,Music,MAPPED,,Fun and music
21,Vinny Laurencia @kulinersamacici,4700000.0,,Индонезия,,1400000.0,tiktok,indonesia,False,2024,,,,
22,The Real Ninja ⚔️ @dedebin,4600000.0,,Индонезия,,1400000.0,tiktok,indonesia,False,2024,,,,
23,Feby @frnzlynfby,4600000.0,4.8,Индонезия,Забавно,1400000.0,tiktok,indonesia,False,2024,Entertainment,MAPPED,,funny
24,Happy Asmara @happyasmara,4500000.0,,Индонезия,Забавление и музика,1400000.0,tiktok,indonesia,False,2024,Music,MAPPED,,Fun and music
25,Dokter Gigi Tri Putra @doktergigi_,4400000.0,,Индонезия,,1300000.0,tiktok,indonesia,False,2024,,,,
26,RISQI @risqii_af,4200000.0,,Индонезия,,1300000.0,tiktok,indonesia,False,2024,,,,
27,PutraChanKasela @putrachankasela_,4100000.0,,Индонезия,,1200000.0,tiktok,indonesia,False,2024,,,,
28,Reza Gladys Prettyani Sari @rezagladys,4000000.0,,Индонезия,,1200000.0,tiktok,indonesia,False,2024,,,,
29,Irene Suwandi @ireneswnd,4000000.0,0.1,Индонезия,,1200000.0,tiktok,indonesia,False,2024,,,,
30,Bella Tobing✨ @bellzky16,3900000.0,,Индонезия,Забавление и музика,1200000.0,tiktok,indonesia,False,2024,Music,MAPPED,,Fun and music
31,EVOS RAMBO @ramboeiei,3700000.0,0.1,Индонезия,Игри,1100000.0,tiktok,indonesia,False,2024,Tech&Gaming,MAPPED,,Games
32,dr. Kevin Mak @drkevinmak,3700000.0,,Индонезия,,1100000.0,tiktok,indonesia,False,2024,,,,
33,Nino @ninnocupaw290,3600000.0,,Индонезия,,1100000.0,tiktok,indonesia,False,2024,,,,
34,Haymin080 @hayminofficial,3600000.0,,Индонезия,Автомобили и превозни средства,1100000.0,tiktok,indonesia,False,2024,Tech&Gaming,MAPPED,,Cars and vehicles
35,Oktaviey @oktavieyy,3400000.0,,Индонезия,Забавление и музика,1000000.0,tiktok,indonesia,False,2024,Music,MAPPED,,Fun and music
36,SHELLA SAUKIA @shellasaukia,3000000.0,,Индонезия,Мода и аксесоари,900000.0,tiktok,indonesia,False,2024,Beauty&Fashion,MAPPED,,Fashion and accessories
37,Nathaniel Rivan @niellzss,3000000.0,0.1,Индонезия,Образование,900000.0,tiktok,indonesia,False,2024,Knowledge&Info,MAPPED,,Education
38,s a s k e h🕊 @saskeh.series,2900000.0,,Индонезия,,870000.0,tiktok,indonesia,False,2024,,,,
39,rully @rullysarjana,2800000.0,,Индонезия,,840000.0,tiktok,indonesia,False,2024,,,,
40,Instagram : @Fauzan_Nasrul @fauzannasrull,2800000.0,,Индонезия,Продуктови представяния,840000.0,tiktok,indonesia,False,2024,UNMAPPED,UNMAPPED,,Product presentations
41,ERA.ID @eradotid,2600000.0,,Индонезия,Образование,780000.0,tiktok,indonesia,False,2024,Knowledge&Info,MAPPED,,Education
42,Janes_cs🇮🇩 @janes_cs,2600000.0,,Индонезия,,780000.0,tiktok,indonesia,False,2024,,,,
43,BNW Esports @bnwesports,2600000.0,,Индонезия,,780000.0,tiktok,indonesia,False,2024,,,,
44,Ndaru Suci Kusuma @ndarusucii,2400000.0,,Индонезия,,720000.0,tiktok,indonesia,False,2024,,,,
45,KD・Daeng友 @panggilsajadaeng,2400000.0,,Индонезия,Забавление и музика,720000.0,tiktok,indonesia,False,2024,Music,MAPPED,,Fun and music
46,Pocong Gaolzzzz👻 @pocongbarbar,2400000.0,,Индонезия,Забавление и музика,720000.0,tiktok,indonesia,False,2024,Music,MAPPED,,Fun and music
47,Francis Karel @franciskarelofficial,2300000.0,,Индонезия,,690000.0,tiktok,indonesia,False,2024,,,,
48,Baldtwins👨🏻‍🦲 @baldtwins,2300000.0,,Индонезия,,690000.0,tiktok,indonesia,False,2024,,,,
49,Qonitcah | Edukasi Kesehatan @qonitcah,2300000.0,0.3,Индонезия,Образование Фитнес и здраве,690000.0,tiktok,indonesia,False,2024,Sports,MAPPED,,Education Fitness and Health
50,TRIBUN LAMPUNG @tribunlampung,2200000.0,,Индонезия,Забавление и музика,660000.0,tiktok,indonesia,False,2024,Music,MAPPED,,Fun and music
51,Focallure Indonesia @focallure.beauty,2100000.0,,Индонезия,Красота и грижа за себе си,630000.0,tiktok,indonesia,False,2024,Beauty&Fashion,MAPPED,,Beauty and self care
52,SATRIA🤗✨ @bangsatria_98,2100000.0,,Индонезия,,630000.0,tiktok,indonesia,False,2024,,,,
53,Reizuka Ari @dictionarei,2100000.0,,Индонезия,,630000.0,tiktok,indonesia,False,2024,,,,
54,BagasCraft.ID @bagascraft.asli,2100000.0,,Индонезия,Анимация и косплей,630000.0,tiktok,indonesia,False,2024,Tech&Gaming,MAPPED,,Animation and cosplay
55,KompasTV News @kompastvnews,2100000.0,,Индонезия,Забавление и музика Новини,630000.0,tiktok,indonesia,False,2024,Knowledge&Info,MAPPED,,Entertainment and Music News
56,Kompas.com @kompascom,2000000.0,,Индонезия,Новини,600000.0,tiktok,indonesia,False,2024,Knowledge&Info,MAPPED,,News
57,Muksin Alatas @muksinalatas015,2000000.0,0.2,Индонезия,,600000.0,tiktok,indonesia,False,2024,,,,
58,𝐕𝐢𝐬𝐡𝐧𝐮 𝐢𝐬𝐥𝐞𝐬 @vishnu27,2000000.0,,Индонезия,Забавление и музика,600000.0,tiktok,indonesia,False,2024,Music,MAPPED,,Fun and music
59,Marshel Widianto @marshelwidianto,1900000.0,,Индонезия,,570000.0,tiktok,indonesia,False,2024,,,,
60,Zaskiasungkar Irwansyah @zaskirwan15,1900000.0,,Индонезия,,570000.0,tiktok,indonesia,False,2024,,,,
61,Greysia Polii @greysiapolii,1900000.0,,Индонезия,Спорт,570000.0,tiktok,indonesia,False,2024,Sports,MAPPED,,Sports
62,mbak ninid🐥 @mbakninid,1900000.0,,Индонезия,,570000.0,tiktok,indonesia,False,2024,,,,
63,Chocopie @pooliinaa_09,1800000.0,0.1,Индонезия,,540000.0,tiktok,indonesia,False,2024,,,,
64,Lestari Tensi @lestaritensi,1800000.0,,Индонезия,,540000.0,tiktok,indonesia,False,2024,,,,
65,Melki Balipa Emil @melkibajaj,1800000.0,6.0,Индонезия,Образование Повишаване на квалификацията,540000.0,tiktok,indonesia,False,2024,Knowledge&Info,MAPPED,,Education Upskilling
66,Iya SiaGian🇮🇩 @iya_siagian27,1800000.0,,Индонезия,,540000.0,tiktok,indonesia,False,2024,,,,
67,tribuntimurdotcom @tribuntimur.com,1800000.0,,Индонезия,,540000.0,tiktok,indonesia,False,2024,,,,
68,IGGY DZU @iggydzu,1800000.0,0.1,Индонезия,,540000.0,tiktok,indonesia,False,2024,,,,
69,ivanachindy @panao_25,1800000.0,1.6,Индонезия,,540000.0,tiktok,indonesia,False,2024,,,,
70,Dusun Semilir @dusunsemilir,1800000.0,,Индонезия,Пътувания,540000.0,tiktok,indonesia,False,2024,UNMAPPED,UNMAPPED,,Trips
71,Laurence Benson @laurence_benson,1700000.0,,Индонезия,Бизнес и финанси Храни и напитки,510000.0,tiktok,indonesia,False,2024,Knowledge&Info,MAPPED,,Business & Finance Food & Beverage
72,Bora 🇰🇷🇮🇩 @borassaem,1700000.0,,Индонезия,Образование Бизнес и финанси,510000.0,tiktok,indonesia,False,2024,Knowledge&Info,MAPPED,,Education Business and Finance
73,CBID @cewekbanget.id,1700000.0,,Индонезия,,510000.0,tiktok,indonesia,False,2024,,,,
74,Parisa @farisasusandi,1700000.0,,Индонезия,,510000.0,tiktok,indonesia,False,2024,,,,
75,TSG⭐️DEWA INDRA👑 @dewaindra88,1600000.0,,Индонезия,,480000.0,tiktok,indonesia,False,2024,,,,
76,Naing Lin💘 @nainglin257,1600000.0,,Индонезия,,480000.0,tiktok,indonesia,False,2024,,,,
77,Ziva Magnolya @szivsz,1600000.0,0.2,Индонезия,Забавление и музика,480000.0,tiktok,indonesia,False,2024,Music,MAPPED,,Fun and music
78,"inisial ""L"" @jejak_presiden",1600000.0,0.5,Индонезия,Забавление и музика,480000.0,tiktok,indonesia,False,2024,Music,MAPPED,,Fun and music
79,INDOZONE @indozone.id,1600000.0,,Индонезия,Забавление и музика Образование,480000.0,tiktok,indonesia,False,2024,Knowledge&Info,MAPPED,,Entertainment and Music Education
80,Popbela @popbela_com,1600000.0,,Индонезия,,480000.0,tiktok,indonesia,False,2024,,,,
81,Dila_JM @dila_jm,1600000.0,0.1,Индонезия,Забавление и музика,480000.0,tiktok,indonesia,False,2024,Music,MAPPED,,Fun and music
82,🌀istri_idaman🌀 @rika25041997,1600000.0,,Индонезия,,480000.0,tiktok,indonesia,False,2024,,,,
83,Diera nathania @dieranathania,1500000.0,,Индонезия,,450000.0,tiktok,indonesia,False,2024,,,,
84,Titi Kamal @titi_kamall,1500000.0,,Индонезия,Актьорство и драма Знаменитост,450000.0,tiktok,indonesia,False,2024,Entertainment,MAPPED,,Acting and Drama Celebrity
85,Ryann_ @ryan_ramadhan99,1500000.0,,Индонезия,,450000.0,tiktok,indonesia,False,2024,,,,
86,DADANN @dadansapta_irwn,1400000.0,0.6,Индонезия,,420000.0,tiktok,indonesia,False,2024,,,,
87,Karang Gigi Ketapang 🔘 @karanggigiketapang,1400000.0,,Индонезия,,420000.0,tiktok,indonesia,False,2024,,,,
88,Ulvi Safitri @ulfysss_,1400000.0,,Индонезия,,420000.0,tiktok,indonesia,False,2024,,,,
89,Megassilvie 🧚‍♀️ @megassilvie,1400000.0,,Индонезия,Пътувания,420000.0,tiktok,indonesia,False,2024,UNMAPPED,UNMAPPED,,Trips
90,Vaa🌻 @elvaeldanica,1400000.0,,Индонезия,,420000.0,tiktok,indonesia,False,2024,,,,
91,TikTok Treats Indonesia @treats_id,1400000.0,,Индонезия,,420000.0,tiktok,indonesia,False,2024,,,,
92,Ika purpitasari @ika_1id,1400000.0,,Indonesia,family,420000.0,tiktok,indonesia,False,2024,Lifestyle,MAPPED,,family
93,William Lomban @williamlomban,1300000.0,,Indonesia,Food,390000.0,tiktok,indonesia,False,2024,Lifestyle,MAPPED,,Food
94,Hilda @hildaxkeiko,1300000.0,,Indonesia,,390000.0,tiktok,indonesia,False,2024,,,,
95,Antonio Evan @antonioevan_,1300000.0,,Indonesia,Entertainment and Music,390000.0,tiktok,indonesia,False,2024,Music,MAPPED,,Entertainment and Music
96,Andra Mahendra @anddra_mahendra,1300000.0,,Indonesia,Education Upskilling Business and Finance,390000.0,tiktok,indonesia,False,2024,Knowledge&Info,MAPPED,,Education Upskilling Business and Finance
97,Chris Andrian Yang @chrisandrian,1300000.0,,Indonesia,,390000.0,tiktok,indonesia,False,2024,,,,
98,bliblidotcom @bliblidotcom,1300000.0,,Indonesia,,390000.0,tiktok,indonesia,False,2024,,,,
99,Asakecil 🦄 @asakecil,1300000.0,,Indonesia,Beauty and Self Care Pets,390000.0,tiktok,indonesia,False,2024,Beauty&Fashion,MAPPED,,Beauty and Self Care Pets
100,MELINDA CHIA @melinda.chia,1300000.0,,Indonesia,,390000.0,tiktok,indonesia,False,2024,,,,
1,Khabane lame @khaby.lame,161900000.0,0.2,Italy,Funny Entertainment and Music,48600000.0,tiktok,italy,False,2024,Music,MAPPED,,
2,Manuel Mercuri @mercuri_88,20900000.0,,Italy,,6300000.0,tiktok,italy,False,2024,,,,
3,Urban Theory @urbantheory_,17800000.0,,Italy,Entertainment and Music,5300000.0,tiktok,italy,False,2024,Music,MAPPED,,
4,𝐹𝑎𝑏𝑖𝑜𝑙𝑎 @fabiola.baglieri,13200000.0,1.2,Italy,Celebrity,4000000.0,tiktok,italy,False,2024,Entertainment,MAPPED,,
5,AC Milan @acmilan,6500000.0,,Italy,,2000000.0,tiktok,italy,False,2024,,,,
6,Salvo&Giorgia @salvatore.roccaro,5600000.0,,Italy,Fashion and Accessories,1700000.0,tiktok,italy,False,2024,Beauty&Fashion,MAPPED,,
7,Chiara Ferragni @chiaraferragni,5100000.0,,Italy,Fashion and Accessories,1500000.0,tiktok,italy,False,2024,Beauty&Fashion,MAPPED,,
8,Joey Nero @joeynero,4800000.0,0.2,Italy,,1400000.0,tiktok,italy,False,2024,,,,
9,V A L E N T I N O @caprariu_valentino,4800000.0,0.7,Italy,Arts and Crafts,1400000.0,tiktok,italy,False,2024,Lifestyle,MAPPED,,
10,Sharon Fonseca @sharfonseca,4700000.0,,Italy,Beauty and Self Care Life and Society,1400000.0,tiktok,italy,False,2024,Beauty&Fashion,MAPPED,,
11,ivanhoe spalluto @unmoderated.ivanhoe,4600000.0,,Italy,,1400000.0,tiktok,italy,False,2024,,,,
12,Giulia Sara Salemi @giuliasalemii,4000000.0,,Italy,Fashion and Accessories,1200000.0,tiktok,italy,False,2024,Beauty&Fashion,MAPPED,,
13,ITALIANINHO @italianinho,3100000.0,,Italy,,930000.0,tiktok,italy,False,2024,,,,
14,A1saud @a1saud,3100000.0,,Italy,Entertainment and Music,930000.0,tiktok,italy,False,2024,Music,MAPPED,,
15,fakeba drammeh @il_fake,3100000.0,,Italy,Entertainment and Music Funny,930000.0,tiktok,italy,False,2024,Music,MAPPED,,
16,ALICE DE BORTOLI @ali.debortoli,3000000.0,,Italy,Fashion and Accessories,900000.0,tiktok,italy,False,2024,Beauty&Fashion,MAPPED,,
17,Nonna Pia @nonnapiaa,2700000.0,0.5,Italy,,810000.0,tiktok,italy,False,2024,,,,
18,Tola_Mr.Stark @tola_mr.stark,2700000.0,,Italy,,810000.0,tiktok,italy,False,2024,,,,
19,Me contro Te @mecontrote,2600000.0,,Italy,Entertainment and Music,780000.0,tiktok,italy,False,2024,Music,MAPPED,,
20,HIIRO @itshiiro.cos,2400000.0,3.2,Italy,Animation and Cosplay,720000.0,tiktok,italy,False,2024,Tech&Gaming,MAPPED,,
21,🌹SAMANTHA FRISON 🌹 @samanthafrison,2400000.0,,Italy,Fashion and Accessories,720000.0,tiktok,italy,False,2024,Beauty&Fashion,MAPPED,,
22,Luca Lozano💍 @lucaloz,2200000.0,,Italy,Entertainment and Music,660000.0,tiktok,italy,False,2024,Music,MAPPED,,
23,Federica Scagnetti @federica.scagnetti,2100000.0,,Italy,Travel,630000.0,tiktok,italy,False,2024,Lifestyle,MAPPED,,
24,𝔟𝔞𝔟𝔶𝔤𝔦𝔯𝔩❤️‍🔥🇵🇭 @kkhatemaekawaaa,2100000.0,,Italy,,630000.0,tiktok,italy,False,2024,,,,
25,Tommaso Logrande @tommasomasino1,2000000.0,,Italy,Romance and Wedding,600000.0,tiktok,italy,False,2024,Beauty&Fashion,MAPPED,,
26,Giulia DiCaprio @giuliabenite,2000000.0,,Italy,,600000.0,tiktok,italy,False,2024,,,,
27,Giulia Paglianiti @giuliapaglianiti,1900000.0,,Italy,,570000.0,tiktok,italy,False,2024,,,,
28,Movie.Tv🎥 @movie.it,1800000.0,,Italy,Entertainment and Music Celebrity,540000.0,tiktok,italy,False,2024,Music,MAPPED,,
29,Matt & Bise @mattebise,1800000.0,,Italy,Entertainment and Music,540000.0,tiktok,italy,False,2024,Music,MAPPED,,
30,🇮🇹 Стефи Шейди 🗿 @stefy.shady,1700000.0,,Italy,,510000.0,tiktok,italy,False,2024,,,,
31,Maryna @marynaofficial,1700000.0,0.1,Italy,,510000.0,tiktok,italy,False,2024,,,,
32,Nyla @nylaa.a,1600000.0,,Italy,Entertainment and Music,480000.0,tiktok,italy,False,2024,Music,MAPPED,,
33,Jacob Phabian @itsphabian,1600000.0,,Italy,,480000.0,tiktok,italy,False,2024,,,,
34,HannaBraids @hannabraids,1600000.0,,Italy,,480000.0,tiktok,italy,False,2024,,,,
35,Giovanni Contrada @imp_of_the_perverse,1500000.0,,Italy,,450000.0,tiktok,italy,False,2024,,,,
36,TikTok Italia @tiktok_it,1500000.0,,Italy,Entertainment and Music,450000.0,tiktok,italy,False,2024,Music,MAPPED,,
37,Louisa @louisa_masciullo,1500000.0,8.1,Italy,,450000.0,tiktok,italy,False,2024,,,,
38,Simone Noto @simonenoto,1500000.0,4.3,Italy,Entertainment and Music,450000.0,tiktok,italy,False,2024,Music,MAPPED,,
39,Ally Yost @ally_yost,1500000.0,,Italy,Travel,450000.0,tiktok,italy,False,2024,Lifestyle,MAPPED,,
40,Angel @angeljiewang,1400000.0,,Italy,,420000.0,tiktok,italy,False,2024,,,,
41,Gianmarco Zagato @gianmarcozagato,1400000.0,,Italy,,420000.0,tiktok,italy,False,2024,,,,
42,rae @raeecambra,1400000.0,,Italy,,420000.0,tiktok,italy,False,2024,,,,
43,Ambra Cotti @ambra.cotti,1300000.0,,Italy,,390000.0,tiktok,italy,False,2024,,,,
44,Vincenzo Cairo @vincenzo_cairo,1300000.0,0.5,Italy,Entertainment and Music Music,390000.0,tiktok,italy,False,2024,Music,MAPPED,,
45,Davide Magaraggia @davidemaga,1300000.0,,Italy,News,390000.0,tiktok,italy,False,2024,Knowledge&Info,MAPPED,,
46,Dieffe Bros @dieffebros,1200000.0,16.6,Italy,,360000.0,tiktok,italy,False,2024,,,,
47,Frank Matano @frankmatano,1200000.0,,Italy,Entertainment and Music,360000.0,tiktok,italy,False,2024,Music,MAPPED,,
48,Lyon.wgf @lyon.wgf,1200000.0,2.4,Italy,,360000.0,tiktok,italy,False,2024,,,,
49,Ufozero2 @ufozero2,1200000.0,16.9,Italy,Entertainment and Music Funny,360000.0,tiktok,italy,False,2024,Music,MAPPED,,
50,EVITA 🔥 @evitastork,1100000.0,,Italy,Entertainment and Music,330000.0,tiktok,italy,False,2024,Music,MAPPED,,
51,Manu @x.manuel,1100000.0,0.1,Italy,Entertainment and Music,330000.0,tiktok,italy,False,2024,Music,MAPPED,,
52,Cora & Marilù @cora.e.marilu,1100000.0,,Italy,Acting and Drama,330000.0,tiktok,italy,False,2024,Entertainment,MAPPED,,
53,Vincenzo Caruso @dannyilpazzo.88,1100000.0,,Italy,Entertainment and Music,330000.0,tiktok,italy,False,2024,Music,MAPPED,,
54,Francesco Laganara @cescoartist,1000000.0,,Italy,Arts and Crafts,300000.0,tiktok,italy,False,2024,Lifestyle,MAPPED,,
55,Alessandro @alessandro_vincenti,991700.0,0.3,Italy,,297500.0,tiktok,italy,False,2024,,,,
56,🤴🏻Joban♥️Pavi👸🏼 @joban.pavibajwa,989200.0,0.1,Italy,Romance and Wedding Travel,296800.0,tiktok,italy,False,2024,Beauty&Fashion,MAPPED,,
57,Sharon Vanadia @sharon_vanadia,983400.0,0.1,Italy,,295000.0,tiktok,italy,False,2024,,,,
58,🔥Alessandro tosatto @aletosatto,975700.0,,Italy,,292700.0,tiktok,italy,False,2024,,,,
59,anapetcu @anapetcu,966100.0,,Italy,,289800.0,tiktok,italy,False,2024,,,,
60,transformer674🇮🇹 @transformer674,961400.0,,Italy,,288400.0,tiktok,italy,False,2024,,,,
61,Martina Strazzer @martinastrazzer_,960900.0,0.1,Italy,,288300.0,tiktok,italy,False,2024,,,,
62,Gerardo Grossi Da Silva @gerardogrossi,958600.0,,Italy,,287600.0,tiktok,italy,False,2024,,,,
63,Giuseppe Mandrake Ninno @mandrake1984real,957500.0,0.7,Italy,,287300.0,tiktok,italy,False,2024,,,,
64,erym_wade @erym_wade,955900.0,,Italy,,286800.0,tiktok,italy,False,2024,,,,
65,(mar)tina @cctvsad,955800.0,,Italy,,286700.0,tiktok,italy,False,2024,,,,
66,PAOLO RUBBOLI @paolorubboli,954200.0,,Italy,Entertainment and Music,286300.0,tiktok,italy,False,2024,Music,MAPPED,,
67,I’M FATY @_imfaty,947000.0,,Italy,Product Showcase,284100.0,tiktok,italy,False,2024,Beauty&Fashion,MAPPED,,
68,Aida Diouf Mbengue @aidaadiouf,946400.0,,Italy,,283900.0,tiktok,italy,False,2024,,,,
69,𝓢𝓲𝓵𝓿𝓲𝓪⚡️ @silviauras_,942300.0,0.1,Italy,,282700.0,tiktok,italy,False,2024,,,,
70,Elisa @hay.its.elisa,938700.0,,Italy,,281600.0,tiktok,italy,False,2024,,,,
71,Alessandro Piacenti @alessandro.piacenti,937700.0,,Italy,Fashion and Accessories Photography,281300.0,tiktok,italy,False,2024,Beauty&Fashion,MAPPED,,
72,LYO💎 @lyothecat,929600.0,,Italy,Pets Business and Finance,278900.0,tiktok,italy,False,2024,Knowledge&Info,MAPPED,,
73,Giuliano Scarparo Ph @giulianoscarparoph,928700.0,,Italy,Nature Photography,278600.0,tiktok,italy,False,2024,Lifestyle,MAPPED,,
74,Italian Stallion @_leothecanecorso_,928200.0,,Italy,Pets,278500.0,tiktok,italy,False,2024,Lifestyle,MAPPED,,
75,𝑆𝐴𝑀𝑈𝐸𝐿 𝑀𝐴𝐶𝑅𝐼̀• 🐺 @samuel__macri,926600.0,,Italy,Fashion and Accessories Arts and Crafts DIY and Life Hacks,278000.0,tiktok,italy,False,2024,Beauty&Fashion,MAPPED,,
76,Khay 🇮🇹 @khayhiwatig,924500.0,,Italy,Funny,277400.0,tiktok,italy,False,2024,Entertainment,MAPPED,,
77,TVgadget @tvgadget,920300.0,0.2,Italy,,276100.0,tiktok,italy,False,2024,,,,
78,Irama @irama,906200.0,0.2,Italy,,271900.0,tiktok,italy,False,2024,,,,
79,Chiara Giuffrida 🦄 @chiagiuffrida,901900.0,3.3,Italy,Fashion and Accessories Beauty and Self Care Arts and Crafts Travel,270600.0,tiktok,italy,False,2024,Beauty&Fashion,MAPPED,,
80,doa.rbatiyaa @doa.rbatiyaa,898900.0,,Italy,,269700.0,tiktok,italy,False,2024,,,,
81,ital @crystalsheyn,889800.0,,Italy,Entertainment and Music,266900.0,tiktok,italy,False,2024,Music,MAPPED,,
82,chefincamicia @chefincamicia,887800.0,,Italy,,266300.0,tiktok,italy,False,2024,,,,
83,Vincenzo Borrelli @vincenzoborrelli00,886300.0,0.1,Italy,,265900.0,tiktok,italy,False,2024,,,,
84,Rita QueenJ 👑 @rita.queenj,882400.0,,Italy,,264700.0,tiktok,italy,False,2024,,,,
85,Nicole Cereseto @nicoleceresetoo,879100.0,,Italy,,263700.0,tiktok,italy,False,2024,,,,
86,nuela @nuelaofficial,875800.0,0.2,Italy,Entertainment and Music,262700.0,tiktok,italy,False,2024,Music,MAPPED,,
87,Alfa @michiamanoalfa,874200.0,,Italy,,262300.0,tiktok,italy,False,2024,,,,
88,Cucina Con Ruben @cucinaconruben,872300.0,0.3,Italy,Food,261700.0,tiktok,italy,False,2024,Lifestyle,MAPPED,,
89,Kacie Rose @kacierose4,871200.0,,Italy,Travel,261400.0,tiktok,italy,False,2024,Lifestyle,MAPPED,,
90,Samuele Brignoccolo @samuelebrignoccolo,870900.0,,Italy,,261300.0,tiktok,italy,False,2024,,,,
91,Ilaria Perfetti @babyy.yla,868500.0,,Italy,Beauty and Self Care,260600.00000000003,tiktok,italy,False,2024,Beauty&Fashion,MAPPED,,
92,Giulia Stabile♡ @giugiulol4,867800.0,0.3,Italy,Funny,260300.0,tiktok,italy,False,2024,Entertainment,MAPPED,,
93,✨ j u l i e 👙 @juzrayss,867200.0,,Italy,,260200.0,tiktok,italy,False,2024,,,,
94,swann ritossa @swannfreestyle,864700.0,,Italy,Sports,259400.0,tiktok,italy,False,2024,Sports,MAPPED,,
95,Matteo Brunetti @matteo.brunetti,862700.0,0.1,Italy,Food,258800.0,tiktok,italy,False,2024,Lifestyle,MAPPED,,
96,nonnagracie @nonnagracie,851300.0,0.5,Italy,Funny,255400.0,tiktok,italy,False,2024,Entertainment,MAPPED,,
97,glojoined @glojoined,850600.0,,Italy,Fashion and Accessories,255200.0,tiktok,italy,False,2024,Beauty&Fashion,MAPPED,,
98,Giallozafferano loves Italy @giallozafferano_en,847900.0,,Italy,Food,254400.0,tiktok,italy,False,2024,Lifestyle,MAPPED,,
99,Franzo.xd @federicofranzo,846300.0,,Italy,Entertainment and Music Finance,253900.0,tiktok,italy,False,2024,Knowledge&Info,MAPPED,,
100,eleonora @elelocci,845400.0,,Italy,,253600.0,tiktok,italy,False,2024,,,,
1,otakoyakisoba @otakoyakisoba,16600000.000000002,0.8,Japan,,5000000.0,tiktok,japan,False,2024,,,,
2,Masked Hokage @naruto0919,12200000.0,,Japan,Animation and Cosplay,3700000.0,tiktok,japan,False,2024,Tech&Gaming,MAPPED,,
3,ISSEI/No War @issei0806,9900000.0,,Japan,,3000000.0,tiktok,japan,False,2024,,,,
4,内山さん(Uchiyamasan☀️) @uchiyamasan7322,8600000.0,,Japan,,2600000.0,tiktok,japan,False,2024,,,,
5,炭火倶楽部／Sumibi_Club @sumibi_club,5000000.0,,Japan,,1500000.0,tiktok,japan,False,2024,,,,
6,tsuriki.family @tsuriki.family,4600000.0,,Japan,family,1400000.0,tiktok,japan,False,2024,Lifestyle,MAPPED,,
7,ONE N' ONLY/ワンエンオンリー @onenonly_tokyo,4400000.0,,Japan,,1300000.0,tiktok,japan,False,2024,,,,
8,가토 GATO @gato0901,4200000.0,,Japan,Arts and Crafts,1300000.0,tiktok,japan,False,2024,Lifestyle,MAPPED,,
9,TWICE JAPAN OFFICIAL @twice_tiktok_officialjp,3900000.0,0.4,Japan,Entertainment and Music,1200000.0,tiktok,japan,False,2024,Music,MAPPED,,
10,新しい学校のリーダーズ ATARASHII GAKKO! @japanleaders,3800000.0,,Japan,Entertainment and Music,1100000.0,tiktok,japan,False,2024,Music,MAPPED,,
11,Apoki 아뽀키 @apoki.vv,3600000.0,,Japan,Animation and Cosplay,1100000.0,tiktok,japan,False,2024,Tech&Gaming,MAPPED,,
12,tomm_yammm🇯🇵 @tomm_yammm,3600000.0,,Japan,,1100000.0,tiktok,japan,False,2024,,,,
13,japinhaconde 🇯🇵 @japinhaconde,2500000.0,,Japan,,750000.0,tiktok,japan,False,2024,,,,
14,Kahoko🎆 @kaho7911,2400000.0,0.1,Japan,,720000.0,tiktok,japan,False,2024,,,,
15,安田現象 @gensho_yasuda,2300000.0,0.7,Japan,Animation and Cosplay,690000.0,tiktok,japan,False,2024,Tech&Gaming,MAPPED,,
16,毎日甘いもの食べたい @yuuuuto38,2000000.0,0.1,Japan,Food,600000.0,tiktok,japan,False,2024,Lifestyle,MAPPED,,
17,修一朗 @tuckinshuichiro,1900000.0,,Japan,Nature,570000.0,tiktok,japan,False,2024,Lifestyle,MAPPED,,
18,ginjiro👉👈 @ginjiro_koyama,1900000.0,0.7,Japan,Animation and Cosplay,570000.0,tiktok,japan,False,2024,Tech&Gaming,MAPPED,,
19,The Anime Men @gmoney_swag12,1800000.0,,Japan,Animation and Cosplay Fashion and Accessories,540000.0,tiktok,japan,False,2024,Beauty&Fashion,MAPPED,,
20,ASMR アリス @asmr_alice_jpn,1800000.0,,Japan,Entertainment and Music,540000.0,tiktok,japan,False,2024,Music,MAPPED,,
21,あさみみちゃん @asamimichaann,1700000.0,0.1,Japan,Animation and Cosplay,510000.0,tiktok,japan,False,2024,Tech&Gaming,MAPPED,,
22,TAKI @taki_faky,1600000.0,,Japan,,480000.0,tiktok,japan,False,2024,,,,
23,YADUKI/居酒屋 哉月🍚 @yaduki1,1600000.0,1.0,Japan,Food,480000.0,tiktok,japan,False,2024,Lifestyle,MAPPED,,
24,English with Jay @jayfujiwara,1600000.0,0.2,Japan,Education,480000.0,tiktok,japan,False,2024,Knowledge&Info,MAPPED,,
25,【YAMADA】山田ごはん。 @yamadaasmr,1600000.0,,Japan,Food,480000.0,tiktok,japan,False,2024,Lifestyle,MAPPED,,
26,☞ゑむ氏。@フォーエイト・ @mari0607_mg,1500000.0,0.1,Japan,,450000.0,tiktok,japan,False,2024,,,,
27,テレ朝news【公式】 @tv_asahi_news,1500000.0,,Japan,,450000.0,tiktok,japan,False,2024,,,,
28,神堂きょうか🐸 @kyokasan123,1500000.0,,Japan,Acting and Drama Entertainment and Music,450000.0,tiktok,japan,False,2024,Music,MAPPED,,
29,シャルロット/Charlotte🇯🇵 @charlotte_fat10,1500000.0,,Japan,Entertainment and Music,450000.0,tiktok,japan,False,2024,Music,MAPPED,,
30,Tastemade Japan @tastemadejapan,1500000.0,,Japan,Food Travel,450000.0,tiktok,japan,False,2024,Lifestyle,MAPPED,,
31,RyotaMoistureเรียวตะ @ryotamoisture,1400000.0,,Japan,,420000.0,tiktok,japan,False,2024,,,,
32,Japan and friends @japanfriends,1300000.0,,Japan,,390000.0,tiktok,japan,False,2024,,,,
33,アレックス✨ @alexniwata,1300000.0,0.1,Japan,Fashion and Accessories,390000.0,tiktok,japan,False,2024,Beauty&Fashion,MAPPED,,
34,MIYU ASMR @miyuasmr,1300000.0,5.3,Japan,Entertainment and Music Food and Drink,390000.0,tiktok,japan,False,2024,Music,MAPPED,,
35,みねりお🦄💜/Rio MINE💋 @mine_riorio,1200000.0,0.5,Japan,Entertainment and Music Fashion and Accessories,360000.0,tiktok,japan,False,2024,Beauty&Fashion,MAPPED,,
36,永ennのアリス@フォーエイト @enn_alice0419,1200000.0,0.2,Japan,Entertainment and Music,360000.0,tiktok,japan,False,2024,Music,MAPPED,,
37,ももせもも(Momo Momose) @momose_momo,1200000.0,0.8,Japan,Entertainment and Music,360000.0,tiktok,japan,False,2024,Music,MAPPED,,
38,🐣髙木 悠未 (ゆうみ) @yuumi_takaki05,1200000.0,0.4,Japan,Fashion and Accessories,360000.0,tiktok,japan,False,2024,Beauty&Fashion,MAPPED,,
39,サクトック @sakutok,1200000.0,0.2,Japan,,360000.0,tiktok,japan,False,2024,,,,
40,武本悠佑🐰🍉 @yuckejan_0414,1100000.0,,Japan,Celebrity,330000.0,tiktok,japan,False,2024,Entertainment,MAPPED,,
41,치세 ちせ 🍑🐰 @yerin_chise,1100000.0,,Japan,,330000.0,tiktok,japan,False,2024,,,,
42,アヤノダガネ🤪💋 @ayanodagane32,1100000.0,,Japan,,330000.0,tiktok,japan,False,2024,,,,
43,Go! Go! Nihon @gogonihon,1100000.0,,Japan,,330000.0,tiktok,japan,False,2024,,,,
44,Inazuma Eleven Official @inazumaeleven.official,1100000.0,,Japan,,330000.0,tiktok,japan,False,2024,,,,
45,池田航〜オム王子〜 @kohcooking,1100000.0,,Japan,Food,330000.0,tiktok,japan,False,2024,Lifestyle,MAPPED,,
46,🦋VANILOPA🦋 @vanilopa_tik,1100000.0,,Japan,,330000.0,tiktok,japan,False,2024,,,,
47,ショウマ @syouma0724,1000000.0,,Japan,,300000.0,tiktok,japan,False,2024,,,,
48,りょう @riiiiiiilil,1000000.0,0.4,Japan,,300000.0,tiktok,japan,False,2024,,,,
49,ろいたん 👼🏻® @roitan7,995100.0,,Japan,,298500.0,tiktok,japan,False,2024,,,,
50,東井晴信⛩【白王子らしい】 @nobu_haru10,988700.0,,Japan,,296600.0,tiktok,japan,False,2024,,,,
51,Matcha Samurai @matcha_samurai,982200.0,,Japan,Funny Food,294700.0,tiktok,japan,False,2024,Entertainment,MAPPED,,
52,森友二(moriyuji) @moriyuji6615,981000.0,,Japan,Animation and Cosplay,294300.0,tiktok,japan,False,2024,Tech&Gaming,MAPPED,,
53,DJ GINTA 【Repezen Foxx】 @dj_ginta_official,977800.0,,Japan,,293300.0,tiktok,japan,False,2024,,,,
54,ドッキリ家族だいち @daichidayo.0121,974900.0,,Japan,,292500.0,tiktok,japan,False,2024,,,,
55,Xiomy Kanashiro Blas @xiomykanashiro,966200.0,,Japan,,289900.0,tiktok,japan,False,2024,,,,
56,عبدالله الذيابي @ce7x,954600.0,0.9,Japan,Entertainment and Music,286400.0,tiktok,japan,False,2024,Music,MAPPED,,
57,れん🎵 @ren.0625,945700.0,0.6,Japan,,283700.0,tiktok,japan,False,2024,,,,
58,cRIB @crib._,939300.0,0.4,Japan,Animation and Cosplay,281800.0,tiktok,japan,False,2024,Tech&Gaming,MAPPED,,
59,Ayane / 写真撮る人 @aaayane7628,934700.0,0.1,Japan,,280400.0,tiktok,japan,False,2024,,,,
60,emma @fairy_emma__,934100.0,,Japan,,280200.0,tiktok,japan,False,2024,,,,
61,コムドット【日本を獲るYouTuber】 @com.youtuber,927000.0,0.1,Japan,,278100.0,tiktok,japan,False,2024,,,,
62,“”中２病 魔界〜✌︎('ω')✌︎‼︎ @yunonchan0824,926200.0,,Japan,,277900.0,tiktok,japan,False,2024,,,,
63,夢咲 ももな🍑 @momona428,923200.0,1.9,Japan,,277000.0,tiktok,japan,False,2024,,,,
64,Dribble Designer OKABE🇯🇵 @dribbledesigner,921400.0,,Japan,,276400.0,tiktok,japan,False,2024,,,,
65,たいせい(たまぶくろT) @taisei__t,915800.0,,Japan,,274700.0,tiktok,japan,False,2024,,,,
66,長野じゅりあ🥋💉 @juria96210,907300.0,,Japan,Acting and Drama,272200.0,tiktok,japan,False,2024,Entertainment,MAPPED,,
67,Camila🌚🌝 @camilachan77,902700.0,,Japan,,270800.0,tiktok,japan,False,2024,,,,
68,Lindow 林豆 @ozaki_dayoooooo,895800.0,0.9,Japan,,268700.0,tiktok,japan,False,2024,,,,
69,きぐるみ母さん @chickenmom,893900.0,0.1,Japan,Animation and Cosplay,268200.0,tiktok,japan,False,2024,Tech&Gaming,MAPPED,,
70,nono @okunonolife,891100.0,7.4,Japan,Art,267300.0,tiktok,japan,False,2024,Lifestyle,MAPPED,,
71,Chase O’Neill 🦋 @chaseko,889700.0,,Japan,,266900.0,tiktok,japan,False,2024,,,,
72,トウア @___2toua2___,887200.0,0.2,Japan,,266200.0,tiktok,japan,False,2024,,,,
73,ブルベア BLUBEA @blubea_official,877100.0,,Japan,,263100.0,tiktok,japan,False,2024,,,,
74,Bigo:bbyashi @badangeleigh,875400.0,,Japan,,262600.0,tiktok,japan,False,2024,,,,
75,🍌Daiki🍌 @miyadaikin,873800.0,,Japan,,262100.00000000003,tiktok,japan,False,2024,,,,
76,マナル隊 @manarutai,872100.0,,Japan,,261600.00000000003,tiktok,japan,False,2024,,,,
77,たいてぃん @taithinn,863000.0,0.1,Japan,,258900.0,tiktok,japan,False,2024,,,,
78,crunchyroll @crunchyroll,854800.0,,Japan,Animation and Cosplay,256400.0,tiktok,japan,False,2024,Tech&Gaming,MAPPED,,
79,女子四人ズ @szkmzrnknn,846100.0,31.9,Japan,,253800.0,tiktok,japan,False,2024,,,,
80,TAIYO/たいよー☀️🇯🇵 @taiyojr_18,844800.0,,Japan,,253400.0,tiktok,japan,False,2024,,,,
81,SG Official (ソギョン) @sg_a11,844300.0,,Japan,,253300.0,tiktok,japan,False,2024,,,,
82,Adele Collette @addyroad,839700.0,0.1,Japan,Food Travel,251900.0,tiktok,japan,False,2024,Lifestyle,MAPPED,,
83,【コムドット】ゆうま @com.yuma1214,838200.0,0.5,Japan,,251500.0,tiktok,japan,False,2024,,,,
84,SMArtProjects @smartprojects_anime.art,833500.0,,Japan,Arts and Crafts Product Showcase,250100.0,tiktok,japan,False,2024,Beauty&Fashion,MAPPED,,
85,スマイリー😉 @yasuner1103,832300.0,,Japan,,249700.0,tiktok,japan,False,2024,,,,
86,TKK @tkk220,829700.0,,Japan,Entertainment and Music,248900.0,tiktok,japan,False,2024,Music,MAPPED,,
87,Japan_Panupan @japanpanupan,828700.0,,Japan,,248600.0,tiktok,japan,False,2024,,,,
88,しなこんちゃ🌷💜 @ssshinako311,828100.0,2.7,Japan,,248400.0,tiktok,japan,False,2024,,,,
89,あしすぱ⚡️(脚の人Sparking) @ashinohitodesu,826900.0,0.3,Japan,,248100.0,tiktok,japan,False,2024,,,,
90,junya jr.&Mask🎭/こじゅんや @junya1gou.jr,824500.0,,Japan,,247400.0,tiktok,japan,False,2024,,,,
91,VIC @yourguyvic,824000.0,,Japan,Animation and Cosplay Fashion and Accessories Product Showcase,247200.0,tiktok,japan,False,2024,Beauty&Fashion,MAPPED,,
92,なつぴぴ 🥜 @nattsu_pipi,820200.0,2.0,Japan,,246100.0,tiktok,japan,False,2024,,,,
93,藤田ニコル @nicole25625646,816900.0,2.3,Japan,,245100.0,tiktok,japan,False,2024,,,,
94,🍑ももバーレスク東京🍑 @momo_burlesque,814900.0,3.6,Japan,,244500.0,tiktok,japan,False,2024,,,,
95,なるねぇ【11kg減youtuber】 @naru.enjoy_diet,811500.0,0.7,Japan,Fitness and Health,243500.0,tiktok,japan,False,2024,Sports,MAPPED,,
96,アイルトンモカ @ayrtonmocha,810500.0,,Japan,,243200.0,tiktok,japan,False,2024,,,,
97,卓キチちゃんねる @nknsjn,809600.0,0.1,Japan,Sports,242900.0,tiktok,japan,False,2024,Sports,MAPPED,,
98,日テレニュース @ntv.news,803800.0,,Japan,,241100.0,tiktok,japan,False,2024,,,,
99,那須川 天心 @teamtenshin,802000.0,0.2,Japan,,240600.0,tiktok,japan,False,2024,,,,
100,Nobaro @nobarohat,801400.0,,Japan,,240400.0,tiktok,japan,False,2024,,,,
1,Bader Al Safar @baderalsafar,26000000.0,,Kuwait,Fashion and Accessories,7800000.0,tiktok,kuwait,False,2024,Beauty&Fashion,MAPPED,,
2,عباس | Abbas @abas.iiii,5700000.0,,Kuwait,Acting and Drama,1700000.0,tiktok,kuwait,False,2024,Entertainment,MAPPED,,
3,Q8wicked @q8wicked,1800000.0,,Kuwait,Funny,540000.0,tiktok,kuwait,False,2024,Entertainment,MAPPED,,
4,بدر عطاالله 🇰🇼 @badratallah,1400000.0,0.1,Kuwait,,420000.0,tiktok,kuwait,False,2024,,,,
5,يوسف المحمد | Yousef @yousef_almohmed,1100000.0,0.1,Kuwait,Fitness Celebrity,330000.0,tiktok,kuwait,False,2024,Sports,MAPPED,,
6,امون التميمي 🖤 @aaltimim5,901100.0,,Kuwait,Beauty,270300.0,tiktok,kuwait,False,2024,Beauty&Fashion,MAPPED,,
7,بدر ماردلي @bader.102,881200.0,0.2,Kuwait,,264400.0,tiktok,kuwait,False,2024,,,,
8,Meme & shahad @meme_shahad,825300.0,0.1,Kuwait,,247600.0,tiktok,kuwait,False,2024,,,,
9,Mohamed Shaker @s1k9r,750300.0,0.4,Kuwait,,225100.0,tiktok,kuwait,False,2024,,,,
10,ابو إلياس العنزي مفسر الرؤى @abo_elias8,738400.0,0.1,Kuwait,,221500.0,tiktok,kuwait,False,2024,,,,
11,طارق العلي @tareq_al_ali,728900.0,0.1,Kuwait,,218700.0,tiktok,kuwait,False,2024,,,,
12,بطل الكويت 🇰🇼 بمهارات الكرة @wahabfreestyler,722300.0,,Kuwait,,216700.0,tiktok,kuwait,False,2024,,,,
13,ahmadalshqiri خواطر @ahmadalshqiri,690000.0,,Kuwait,Life and Society,207000.0,tiktok,kuwait,False,2024,Knowledge&Info,MAPPED,,
14,Dana2019 @danasuliman2019,665100.0,0.1,Kuwait,,199500.0,tiktok,kuwait,False,2024,,,,
15,نورا @nwrh_02,656100.0,,Kuwait,,196800.0,tiktok,kuwait,False,2024,,,,
16,العالمي2020 @alaalamy_2020,632100.0,,Kuwait,Beauty,189600.0,tiktok,kuwait,False,2024,Beauty&Fashion,MAPPED,,
17,Ahmad AlMulla 🇰🇼 احمد الملا @ahmad_almulla_90,613400.0,,Kuwait,,184000.0,tiktok,kuwait,False,2024,,,,
18,Orkid 🌷 @orkid.ali,611000.0,0.1,Kuwait,Arts and Crafts,183300.0,tiktok,kuwait,False,2024,Lifestyle,MAPPED,,
19,🇮🇳 ਗੈਰੀ ਸਾਬ 🇰🇼 @gahrysaab,605600.0,,Kuwait,,181700.0,tiktok,kuwait,False,2024,,,,
20,MIJAN @mijan..624,587700.0,,Kuwait,,176300.0,tiktok,kuwait,False,2024,,,,
21,غزل العبدالله 🎤 @hhaa88hd,581900.0,,Kuwait,,174600.0,tiktok,kuwait,False,2024,,,,
22,معاذ/moath @9bib,554900.0,0.2,Kuwait,,166500.0,tiktok,kuwait,False,2024,,,,
23,احمدالخطيب 🇸🇾🇰🇼 @ahmadlkatb,541400.0,0.1,Kuwait,,162400.0,tiktok,kuwait,False,2024,,,,
24,R___i @r___ifh,527300.0,0.1,Kuwait,,158200.0,tiktok,kuwait,False,2024,,,,
25,فاطمة العبدية @ftima367,524700.0,,Kuwait,,157400.0,tiktok,kuwait,False,2024,,,,
26,ألماس @alalmass,522400.0,0.1,Kuwait,,156700.0,tiktok,kuwait,False,2024,,,,
27,نادر الديحاني 🇰🇼🇰🇼 @q8xx8,520800.0,0.3,Kuwait,,156200.0,tiktok,kuwait,False,2024,,,,
28,كويلي @kwili,514500.0,0.5,Kuwait,,154400.0,tiktok,kuwait,False,2024,,,,
29,الدراما الكوتيه @mylifeisagony0,509400.0,,Kuwait,,152800.0,tiktok,kuwait,False,2024,,,,
30,Nizar Roumani @nizarroumani,504400.0,,Kuwait,,151300.0,tiktok,kuwait,False,2024,,,,
31,Humoud @99hph,494700.0,,Kuwait,Photography,148400.0,tiktok,kuwait,False,2024,Lifestyle,MAPPED,,
32,Big〆BOSS @vlp181,491200.0,,Kuwait,Games,147400.0,tiktok,kuwait,False,2024,Tech&Gaming,MAPPED,,
33,رضا جندية | Reda Gendiya @redagendiya,479900.0,0.5,Kuwait,,144000.0,tiktok,kuwait,False,2024,,,,
34,طلاليونير @talalionaire,471300.0,1.1,Kuwait,,141400.0,tiktok,kuwait,False,2024,,,,
35,Lucita @lucita_xd,465100.0,,Kuwait,,139500.0,tiktok,kuwait,False,2024,,,,
36,Abdulla Alhasawi @aalhasawi,456200.0,0.4,Kuwait,Finance,136900.0,tiktok,kuwait,False,2024,Knowledge&Info,MAPPED,,
37,حسين العلي @h38h,452100.0,,Kuwait,,135600.0,tiktok,kuwait,False,2024,,,,
38,Talalkuveyt @talalkuveyt,439700.0,,Kuwait,,131900.0,tiktok,kuwait,False,2024,,,,
39,"فهد المحيسن ,بوصقر🦅 @fahad.almohaisn",435700.0,0.1,Kuwait,,130700.0,tiktok,kuwait,False,2024,,,,
40,ياسر البحري الحساب الرسمي @yaseralbahrii,434800.0,0.1,Kuwait,,130400.0,tiktok,kuwait,False,2024,,,,
41,👑ديشا مصطفي 👑 @mostafahanfa1,433400.0,,Kuwait,,130000.0,tiktok,kuwait,False,2024,,,,
42,Abdallah Jasim @abidjay,426400.0,1.3,Kuwait,,127900.0,tiktok,kuwait,False,2024,,,,
43,Latifa @violetlatifa,425700.0,,Kuwait,,127700.0,tiktok,kuwait,False,2024,,,,
44,Krish Gawali @krishhhhhnnaa,424400.0,,Kuwait,,127300.0,tiktok,kuwait,False,2024,,,,
45,جوزف | مدرِّب بشرة @skinfits,422500.0,,Kuwait,,126800.0,tiktok,kuwait,False,2024,,,,
46,Nsoor Kw @nsorkw,422000.0,0.1,Kuwait,,126600.0,tiktok,kuwait,False,2024,,,,
47,🎖️ ابو حمزة العنزي 🇸🇦 @mohamadamer.47,410400.0,,Kuwait,,123100.0,tiktok,kuwait,False,2024,,,,
48,q8.hob @q8.hob,409100.0,,Kuwait,,122700.0,tiktok,kuwait,False,2024,,,,
49,Haya Alshuaibi @haya_alshuaibi,405200.0,,Kuwait,,121600.0,tiktok,kuwait,False,2024,,,,
50,عبدالله الطليحي @abdullahaltulaihi,398700.0,0.3,Kuwait,Acting and Drama Sports,119600.0,tiktok,kuwait,False,2024,Sports,MAPPED,,
51,نسر الكونغ فو Jaber @eaglejaber,396800.0,,Kuwait,Sports,119000.0,tiktok,kuwait,False,2024,Sports,MAPPED,,
52,هند البلوشي @hindalbloushiq8,396400.0,,Kuwait,Acting and Drama,118900.0,tiktok,kuwait,False,2024,Entertainment,MAPPED,,
53,q8spanish @q8spanish,392700.0,0.2,Kuwait,,117800.0,tiktok,kuwait,False,2024,,,,
54,3Kuper 🌩 @3kuperz,389100.0,,Kuwait,,116700.0,tiktok,kuwait,False,2024,,,,
55,zainayman12 @zaindeeb12,379300.0,,Kuwait,,113800.0,tiktok,kuwait,False,2024,,,,
56,aidahassan74 @aidahassan74,375400.0,0.1,Kuwait,,112600.0,tiktok,kuwait,False,2024,,,,
57,aboura👑 @aboura_aboura95,371100.0,,Kuwait,,111300.0,tiktok,kuwait,False,2024,,,,
58,Fahad Almuqait @fahad9794,369500.0,0.1,Kuwait,,110900.0,tiktok,kuwait,False,2024,,,,
59,كلاسيك في مودرن للديكور 🇰🇼 @iamprince022,368700.0,,Kuwait,Home and Garden,110600.0,tiktok,kuwait,False,2024,Lifestyle,MAPPED,,
60,برفيكتووو👌🏻 @i.tw0,368300.0,,Kuwait,,110500.0,tiktok,kuwait,False,2024,,,,
61,Ghadeer alsabti @ghader_alsabti,356900.0,0.3,Kuwait,,107100.0,tiktok,kuwait,False,2024,,,,
62,Nadia_cooks @nadia.cooks,354500.0,0.2,Kuwait,Food,106400.0,tiktok,kuwait,False,2024,Lifestyle,MAPPED,,
63,ريم بلوشي💔💔💔😭🇰🇼 @reeim_509,349300.0,0.2,Kuwait,,104800.0,tiktok,kuwait,False,2024,,,,
64,شيماء قمبر @shaimaa_qambar,342500.0,,Kuwait,Entertainment and Music,102800.0,tiktok,kuwait,False,2024,Music,MAPPED,,
65,دكتوره بزه @bzakw,337700.0,,Kuwait,,101300.0,tiktok,kuwait,False,2024,,,,
66,نـوره المـنـصوري @noura_almansorii,335800.0,,Kuwait,Beauty,100700.0,tiktok,kuwait,False,2024,Beauty&Fashion,MAPPED,,
67,Fahad Alsaleh @ffahadalsaleh,325100.0,1.2,Kuwait,,97500.0,tiktok,kuwait,False,2024,,,,
68,محمد الشعيبي🧨 @msh3ibi,325000.0,,Kuwait,,97500.0,tiktok,kuwait,False,2024,,,,
69,𝓯𝓳𝓮 𝚛★ @fajer_torkey,324900.0,,Kuwait,,97500.0,tiktok,kuwait,False,2024,,,,
70,حيسو العورتاني @hissou5,321100.0,,Kuwait,,96300.0,tiktok,kuwait,False,2024,,,,
71,دين محمد علي @d3enn_ali,319000.0,,Kuwait,,95700.0,tiktok,kuwait,False,2024,,,,
72,عبداللطيف الصالح @mano,317700.0,,Kuwait,Food and Drink,95300.0,tiktok,kuwait,False,2024,Lifestyle,MAPPED,,
73,ديو @dde.w,316300.0,,Kuwait,,94900.0,tiktok,kuwait,False,2024,,,,
74,الإمبراطوور@🕊🇰🇼 @emperoor_kuwait,307200.0,,Kuwait,,92200.0,tiktok,kuwait,False,2024,,,,
75,علاء حكيم @alaa.elhakim,300500.0,,Kuwait,,90200.0,tiktok,kuwait,False,2024,,,,
76,sweety @sweety_0096,299800.0,,Kuwait,,89900.0,tiktok,kuwait,False,2024,,,,
77,🔒❤️AshuSaba❤️🔒 @ashfaksaba9,298800.0,0.2,Kuwait,,89600.0,tiktok,kuwait,False,2024,,,,
78,﮼ابو ﮼الدرملي 👳‍♀️ @kareem_shkshk,288800.0,0.1,Kuwait,,86600.0,tiktok,kuwait,False,2024,,,,
79,Sharvani @sharvani.civiyadhen,288400.0,0.2,Kuwait,,86500.0,tiktok,kuwait,False,2024,,,,
80,الحياة حلوة🍃 @alhyathelwaa,287000.0,,Kuwait,,86100.0,tiktok,kuwait,False,2024,,,,
81,أحمد الشقعان الكثيري @b0fhad,286800.0,0.1,Kuwait,,86000.0,tiktok,kuwait,False,2024,,,,
82,",َالسلطان 👑 @elsultan3332",286600.0,0.1,Kuwait,,86000.0,tiktok,kuwait,False,2024,,,,
83,Rescue For Winston @rescueforwinston,284500.0,,Kuwait,Pets Education Life and Society,85400.0,tiktok,kuwait,False,2024,Knowledge&Info,MAPPED,,
84,Manpreet Kaur Sidhu @manpreet_sidhu_1104,284100.0,,Kuwait,Fashion and Accessories,85200.0,tiktok,kuwait,False,2024,Beauty&Fashion,MAPPED,,
85,Mohammed Gomaa @mohammedgomaa3,283700.0,0.1,Kuwait,,85100.0,tiktok,kuwait,False,2024,,,,
86,Queenmkofficial @queenmkofficiall,283300.0,0.1,Kuwait,,85000.0,tiktok,kuwait,False,2024,,,,
87,اسطوره الرافدين @mx_9j,282800.0,5.2,Kuwait,,84800.0,tiktok,kuwait,False,2024,,,,
88,خالد العبدالله @khalid_alabdula,276500.0,,Kuwait,Acting and Drama,83000.0,tiktok,kuwait,False,2024,Entertainment,MAPPED,,
89,the Joker7777 @thejoker__7777777,272400.0,,Kuwait,,81700.0,tiktok,kuwait,False,2024,,,,
90,Baderalsh3ibiii @badersh3ibiii,271000.0,0.2,Kuwait,,81300.0,tiktok,kuwait,False,2024,,,,
91,♥️শিশির কুয়াশা ♥️ @crush_queen724,267400.0,,Kuwait,,80200.0,tiktok,kuwait,False,2024,,,,
92,Fahad_almulla @fahad_almulla,263600.0,0.1,Kuwait,,79100.0,tiktok,kuwait,False,2024,,,,
93,يوميات فاطمه💕 @fattma.blogger,262200.0,,Kuwait,Food and Drink,78700.0,tiktok,kuwait,False,2024,Lifestyle,MAPPED,,
94,عز الفهيد @az.vl,259200.0,0.1,Kuwait,,77800.0,tiktok,kuwait,False,2024,,,,
95,ily ૮₍ ˃ ⤙ ˂ ₎ა.. @toffee..x,257900.0,,Kuwait,,77400.0,tiktok,kuwait,False,2024,,,,
96,I'm VeNoM 🐍 @me_venom,256400.0,,Kuwait,,76900.0,tiktok,kuwait,False,2024,,,,
97,الإمبراطوور@🕊🇰🇼 @emperor_kuwait,255800.0,,Kuwait,,76700.0,tiktok,kuwait,False,2024,,,,
98,Ali Alsaleh @aliisalleh,252700.0,0.2,Kuwait,Food,75800.0,tiktok,kuwait,False,2024,Lifestyle,MAPPED,,
99,𝐒 𝐇 𝐈 𝐅 𝐀 𝐘 𝐀 𝐓 @shifayatt,249600.0,,Kuwait,,74900.0,tiktok,kuwait,False,2024,,,,
100,B.brown @a.browngirl,249500.0,0.6,Kuwait,Beauty and Self Care Video Gaming,74900.0,tiktok,kuwait,False,2024,Beauty&Fashion,MAPPED,,
1,leah @leahh,5800000.0,,Lebanon,Entertainment and Music,1700000.0,tiktok,lebanon,False,2024,Music,MAPPED,,
2,karenwazen @karenwazen,3000000.0,,Lebanon,Beauty and Self Care,900000.0,tiktok,lebanon,False,2024,Beauty&Fashion,MAPPED,,
3,Dory Zoughaib @doryzogheib,1800000.0,,Lebanon,Fashion and Accessories,540000.0,tiktok,lebanon,False,2024,Beauty&Fashion,MAPPED,,
4,Nancy Ajram @nancyajram,1700000.0,,Lebanon,Entertainment and Music,510000.0,tiktok,lebanon,False,2024,Music,MAPPED,,
5,MOHAMAD HADID | محمد حديد @mohadidofficial,1600000.0,0.1,Lebanon,Fashion and Accessories,480000.0,tiktok,lebanon,False,2024,Beauty&Fashion,MAPPED,,
6,Cyrineanour @cyrineanour,1500000.0,,Lebanon,Entertainment and Music,450000.0,tiktok,lebanon,False,2024,Music,MAPPED,,
7,ديدو 👑 سليم @didokcelim_official,1300000.0,,Lebanon,Entertainment and Music,390000.0,tiktok,lebanon,False,2024,Music,MAPPED,,
8,Pierre Dalati @dalatifitness,1200000.0,,Lebanon,Fitness and Health,360000.0,tiktok,lebanon,False,2024,Sports,MAPPED,,
9,Its.assil @assilx0,1200000.0,,Lebanon,,360000.0,tiktok,lebanon,False,2024,,,,
10,MAFIA🖤 @sophiaofficial99,1100000.0,,Lebanon,,330000.0,tiktok,lebanon,False,2024,,,,
11,Akram Amin @reaction112,1000000.0,,Lebanon,,300000.0,tiktok,lebanon,False,2024,,,,
12,rayan Bk @rayan_bohlok,995400.0,,Lebanon,,298600.0,tiktok,lebanon,False,2024,,,,
13,Smasher @bleizo1,992900.0,6.7,Lebanon,,297900.0,tiktok,lebanon,False,2024,,,,
14,Mohamad hammoud @mohamad.hammud,992200.0,0.1,Lebanon,,297700.0,tiktok,lebanon,False,2024,,,,
15,food_handcraft @food_handcraft,984900.0,0.1,Lebanon,Food,295500.0,tiktok,lebanon,False,2024,Lifestyle,MAPPED,,
16,Sabineabz - سابين ابوزيد @sabineabz,970400.0,,Lebanon,,291100.0,tiktok,lebanon,False,2024,,,,
17,XDX @whoisxdx,942400.0,,Lebanon,,282700.0,tiktok,lebanon,False,2024,,,,
18,حسام الشامي @hussam_alshamie,937800.0,,Lebanon,,281300.0,tiktok,lebanon,False,2024,,,,
19,maysamdali @maysamdali,900900.0,0.2,Lebanon,,270300.0,tiktok,lebanon,False,2024,,,,
20,Ahmad Assi @ahmadddassii,886200.0,,Lebanon,,265900.0,tiktok,lebanon,False,2024,,,,
21,Taline👩🏻‍🍳 @k.family.official,874600.0,,Lebanon,Food Travel Food and Drink,262400.0,tiktok,lebanon,False,2024,Lifestyle,MAPPED,,
22,Nat @nathalie_jaber,872700.0,,Lebanon,Beauty,261800.0,tiktok,lebanon,False,2024,Beauty&Fashion,MAPPED,,
23,Wassouf Star وسّوف ستَار @wassoufstar,872500.0,0.1,Lebanon,,261800.0,tiktok,lebanon,False,2024,,,,
24,Rakeen Saad @rakeensaad,869300.0,,Lebanon,Acting and Drama,260800.0,tiktok,lebanon,False,2024,Entertainment,MAPPED,,
25,Maya Hussein @mayahussein_,858500.0,0.1,Lebanon,,257600.00000000003,tiktok,lebanon,False,2024,,,,
26,Fatima Makka @surprisevideos8,853800.0,,Lebanon,,256100.00000000003,tiktok,lebanon,False,2024,,,,
27,Perlakawass🌸 @perlakawass,845400.0,,Lebanon,,253600.0,tiktok,lebanon,False,2024,,,,
28,Gaëlle🍭 @gaellexchalhoub,843600.0,,Lebanon,,253100.0,tiktok,lebanon,False,2024,,,,
29,najibkhoury @najibkhoury,829000.0,,Lebanon,,248700.0,tiktok,lebanon,False,2024,,,,
30,Najwa Karam @najwakaram,823800.0,0.1,Lebanon,Music,247100.0,tiktok,lebanon,False,2024,Music,MAPPED,,
31,ريم السواس @reem_alsawas,819600.0,0.2,Lebanon,Entertainment and Music Music,245900.0,tiktok,lebanon,False,2024,Music,MAPPED,,
32,barhom_98 @barhom_98,818800.0,0.2,Lebanon,,245600.0,tiktok,lebanon,False,2024,,,,
33,Ahmad Salamoun @ahmadsalamon,817500.0,,Lebanon,Music,245300.0,tiktok,lebanon,False,2024,Music,MAPPED,,
34,Loujain💎لُجَيْن @loujy11,805400.0,,Lebanon,,241600.0,tiktok,lebanon,False,2024,,,,
35,Christelle Touma @christelletouma,804600.0,,Lebanon,,241400.0,tiktok,lebanon,False,2024,,,,
36,Dado zene @dado_zene,800400.0,,Lebanon,,240100.0,tiktok,lebanon,False,2024,,,,
37,Banin Chamas @banin_chamas,793400.0,,Lebanon,Education,238000.0,tiktok,lebanon,False,2024,Knowledge&Info,MAPPED,,
38,Rashamagic🦋 @rasha_magic,785500.0,,Lebanon,,235700.0,tiktok,lebanon,False,2024,,,,
39,ALI KADOOR-علي قدور @alikadoor,768600.0,,Lebanon,Product Education,230600.0,tiktok,lebanon,False,2024,Knowledge&Info,MAPPED,,
40,Ms.merhi @ms.merhi,765800.0,0.5,Lebanon,,229700.0,tiktok,lebanon,False,2024,,,,
41,Slemanaaji @slemanaaji,750500.0,,Lebanon,,225200.0,tiktok,lebanon,False,2024,,,,
42,Maryam @maryamztr,749200.0,,Lebanon,,224800.0,tiktok,lebanon,False,2024,,,,
43,Carole Samaha @carolesamaha,742400.0,,Lebanon,,222700.0,tiktok,lebanon,False,2024,,,,
44,Mariam Hamwe @mariamhamwe,741900.0,,Lebanon,,222600.0,tiktok,lebanon,False,2024,,,,
45,Nader @naderajib,740000.0,,Lebanon,,222000.0,tiktok,lebanon,False,2024,,,,
46,Yasmin Chehab @ysmnchhb,722500.0,0.1,Lebanon,,216800.0,tiktok,lebanon,False,2024,,,,
47,تكر الخال🇱🇧 @tokar_700,718500.0,0.5,Lebanon,,215600.0,tiktok,lebanon,False,2024,,,,
48,محمود Mahmoud Hachem stücker @mhs.dk,702000.0,,Lebanon,,210600.0,tiktok,lebanon,False,2024,,,,
49,Myriam Fares @myriamfarestr,698900.0,,Lebanon,,209700.0,tiktok,lebanon,False,2024,,,,
50,DANIA ⚡️ @daniakob,695000.0,,Lebanon,Beauty and Self Care,208500.0,tiktok,lebanon,False,2024,Beauty&Fashion,MAPPED,,
51,🔥🔥فرن الحارة🔥🔥 @warmoven2,694800.0,,Lebanon,,208400.0,tiktok,lebanon,False,2024,,,,
52,cynthia basbous @cynthiabasbous,693300.0,,Lebanon,,208000.0,tiktok,lebanon,False,2024,,,,
53,Plan LB @planlb,681800.0,,Lebanon,Funny,204500.0,tiktok,lebanon,False,2024,Entertainment,MAPPED,,
54,المشهور @ootbh,667900.0,0.1,Lebanon,,200400.0,tiktok,lebanon,False,2024,,,,
55,Mariamabedali @mariamabedalii,667300.0,,Lebanon,Beauty and Self Care,200200.0,tiktok,lebanon,False,2024,Beauty&Fashion,MAPPED,,
56,𝙃𝙖𝙨𝙨𝙖𝙣 𝙈𝙚𝙧𝙝𝙞 @hassan.merhi0,666900.0,,Lebanon,,200100.0,tiktok,lebanon,False,2024,,,,
57,Joya Chahine @joyachahine22,664000.0,0.1,Lebanon,,199200.0,tiktok,lebanon,False,2024,,,,
58,ahmad.rifa3i @ahmad.rifa3i,660200.0,,Lebanon,,198100.0,tiktok,lebanon,False,2024,,,,
59,Cars_4arab🚘 @car._04,659200.0,0.1,Lebanon,Auto and Vehicles,197800.0,tiktok,lebanon,False,2024,Tech&Gaming,MAPPED,,
60,Mamas Joy @mamasjoy,659000.0,,Lebanon,Food and Drink,197700.0,tiktok,lebanon,False,2024,Lifestyle,MAPPED,,
61,Maha Ftouni @mahaftouni,655700.0,0.1,Lebanon,,196700.0,tiktok,lebanon,False,2024,,,,
62,Raya Abirached @rayaofficial,655000.0,,Lebanon,,196500.0,tiktok,lebanon,False,2024,,,,
63,Linda Harb @lindayaghiharb,647400.0,,Lebanon,Entertainment and Music Funny,194200.0,tiktok,lebanon,False,2024,Music,MAPPED,,
64,Hass Abdul @hassabdul,623800.0,0.1,Lebanon,,187100.0,tiktok,lebanon,False,2024,,,,
65,Nancy/نانسي @nancyhouranii,606400.0,,Lebanon,Entertainment and Music,181900.0,tiktok,lebanon,False,2024,Music,MAPPED,,
66,Joune @tallskinnyali,604500.0,,Lebanon,,181400.0,tiktok,lebanon,False,2024,,,,
67,Chirine Cheaib @chirinecheaib,597300.0,,Lebanon,,179200.0,tiktok,lebanon,False,2024,,,,
68,Dance with Patricia @dancewithpatricia,590800.0,0.6,Lebanon,,177200.0,tiktok,lebanon,False,2024,,,,
69,atyabtabkha @atyab.tabkha,587000.0,,Lebanon,,176100.0,tiktok,lebanon,False,2024,,,,
70,ghida @ghiidzz,583800.0,,Lebanon,,175100.0,tiktok,lebanon,False,2024,,,,
71,lol @stiles.._..0,583600.0,,Lebanon,,175100.0,tiktok,lebanon,False,2024,,,,
72,Mimo @mimo8484,576400.0,,Lebanon,,172900.0,tiktok,lebanon,False,2024,,,,
73,Arab rapunzel👸🏽 @saraashkarr,569500.0,,Lebanon,,170900.0,tiktok,lebanon,False,2024,,,,
74,Maya🌻 @horrorjabi,567600.0,0.1,Lebanon,,170300.0,tiktok,lebanon,False,2024,,,,
75,aya @aya.sis,567500.0,,Lebanon,,170300.0,tiktok,lebanon,False,2024,,,,
76,الكوكب الأزرق. العقل الباطن. @lawwrence2,560800.0,,Lebanon,,168200.0,tiktok,lebanon,False,2024,,,,
77,Joseph Attieh @josephattieh,558800.0,,Lebanon,,167600.0,tiktok,lebanon,False,2024,,,,
78,Helen Blondel @helensingerdancer,555500.0,,Lebanon,Entertainment and Music Music,166700.0,tiktok,lebanon,False,2024,Music,MAPPED,,
79,Omar Arnaout @omararnaout,552500.0,,Lebanon,,165800.0,tiktok,lebanon,False,2024,,,,
80,zorowehbe @zorowehbe,546600.0,,Lebanon,,164000.0,tiktok,lebanon,False,2024,,,,
81,Iyad Engle @iyade04,541100.0,2.2,Lebanon,,162300.0,tiktok,lebanon,False,2024,,,,
82,Tony🇱🇧طوني @tony.saliba,540700.0,,Lebanon,,162200.0,tiktok,lebanon,False,2024,,,,
83,Hussain kadoura | حسين قدورة @hussainkadoura,538200.0,,Lebanon,Business and Finance,161500.0,tiktok,lebanon,False,2024,Knowledge&Info,MAPPED,,
84,Reine Bawwab @reinebawwab,537200.0,,Lebanon,Entertainment and Music,161200.0,tiktok,lebanon,False,2024,Music,MAPPED,,
85,ريتشارد🦁 @richardlord2,536200.0,,Lebanon,,160900.0,tiktok,lebanon,False,2024,,,,
86,💚🤍🕶️الشايب🕶️🤍 💚 @hadi.yehia1,535900.0,,Lebanon,,160800.0,tiktok,lebanon,False,2024,,,,
87,Arab @yourfellowarab,534100.0,,Lebanon,Video Gaming,160200.0,tiktok,lebanon,False,2024,Tech&Gaming,MAPPED,,
88,Abu Luka ✨ @abu.luka,533400.0,0.1,Lebanon,Entertainment and Music,160000.0,tiktok,lebanon,False,2024,Music,MAPPED,,
89,💎🔥أبــو غمــازات🔥💎 @ahmadaledel,532300.0,,Lebanon,,159700.0,tiktok,lebanon,False,2024,,,,
90,Brent_Rivera_clips @brent_rivera_clips,530600.0,,Lebanon,,159200.0,tiktok,lebanon,False,2024,,,,
91,فادي جابر @fadijaber2,524500.0,0.5,Lebanon,,157400.0,tiktok,lebanon,False,2024,,,,
92,❤️ Ali & Sara ❤️ @theasnfamily,515400.0,0.2,Lebanon,,154600.0,tiktok,lebanon,False,2024,,,,
93,محمد صالح @moesalleh,507500.0,,Lebanon,Entertainment and Music,152300.0,tiktok,lebanon,False,2024,Music,MAPPED,,
94,CHANTAL @chantal.chalhoub,503600.0,,Lebanon,,151100.0,tiktok,lebanon,False,2024,,,,
95,Mandy/ماندي @mandychamounn,503000.0,,Lebanon,,150900.0,tiktok,lebanon,False,2024,,,,
96,Carmen Hajjar @carmen_hajjar,497000.0,,Lebanon,Education Food and Drink,149100.0,tiktok,lebanon,False,2024,Knowledge&Info,MAPPED,,
97,المشهور @otbh123,496800.0,0.3,Lebanon,,149000.0,tiktok,lebanon,False,2024,,,,
98,mayahopehaider @mayahopehaider,495500.0,,Lebanon,,148700.0,tiktok,lebanon,False,2024,,,,
99,⚠️قلب الاسد⚠️ @ahmdarzounii,489100.0,,Lebanon,,146700.0,tiktok,lebanon,False,2024,,,,
100,Miryam ossman💖💫 @miryam_ossman,487400.0,,Lebanon,,146200.0,tiktok,lebanon,False,2024,,,,
1,Ebit Lew @ustazebitlew,6700000.0,0.3,Malaysia,Finance,2000000.0,tiktok,malaysia,False,2024,Knowledge&Info,MAPPED,,
2,VIEW Chin @viewchin_view,2400000.0,1.2,Malaysia,Fashion and Accessories,720000.0,tiktok,malaysia,False,2024,Beauty&Fashion,MAPPED,,
3,Shuib Sepahtu @shuibsepahtu,2400000.0,0.1,Malaysia,,720000.0,tiktok,malaysia,False,2024,,,,
4,Siti Nurhaliza @toktitiktok,2300000.0,,Malaysia,Entertainment and Music,690000.0,tiktok,malaysia,False,2024,Music,MAPPED,,
5,davidddodle @davidddodle,2000000.0,,Malaysia,Celebrity,600000.0,tiktok,malaysia,False,2024,Entertainment,MAPPED,,
6,Alvin Chong @alvinchong123,1900000.0,0.1,Malaysia,Entertainment and Music,570000.0,tiktok,malaysia,False,2024,Music,MAPPED,,
7,Asad Motawh @asadmotawhhh,1700000.0,,Malaysia,,510000.0,tiktok,malaysia,False,2024,,,,
8,ATAATA @ataata0102,1600000.0,0.2,Malaysia,Travel,480000.0,tiktok,malaysia,False,2024,Lifestyle,MAPPED,,
9,Foodie @foodiemy,1600000.0,,Malaysia,Food Food and Drink,480000.0,tiktok,malaysia,False,2024,Lifestyle,MAPPED,,
10,Zhyla17 @zhyla17,1500000.0,,Malaysia,,450000.0,tiktok,malaysia,False,2024,,,,
11,erissa puteri hashim @erissa_puteri,1400000.0,,Malaysia,,420000.0,tiktok,malaysia,False,2024,,,,
12,StellaCinderella @stellacinderella,1400000.0,,Malaysia,Fashion and Accessories,420000.0,tiktok,malaysia,False,2024,Beauty&Fashion,MAPPED,,
13,Zee5 @zeemarwadriana,1300000.0,,Malaysia,Beauty,390000.0,tiktok,malaysia,False,2024,Beauty&Fashion,MAPPED,,
14,findyyyy_ @findyyong_,1200000.0,,Malaysia,Fashion and Accessories Product Education Product Showcase,360000.0,tiktok,malaysia,False,2024,Beauty&Fashion,MAPPED,,
15,Daisey Gorgeous @daiseygorgeous,1200000.0,,Malaysia,Beauty and Self Care,360000.0,tiktok,malaysia,False,2024,Beauty&Fashion,MAPPED,,
16,QU PUTEH BARULAH PUTEH @datoserividaofficial,1200000.0,,Malaysia,Entertainment and Music Music,360000.0,tiktok,malaysia,False,2024,Music,MAPPED,,
17,imantroye @imantroye,1200000.0,,Malaysia,,360000.0,tiktok,malaysia,False,2024,,,,
18,S i t i @ct.mr,1100000.0,0.1,Malaysia,,330000.0,tiktok,malaysia,False,2024,,,,
19,Siti Nordiana @sitinordiana84,1000000.0,2.1,Malaysia,Celebrity Music,300000.0,tiktok,malaysia,False,2024,Music,MAPPED,,
20,1.m @xx_rody_x,994100.0,,Malaysia,,298200.0,tiktok,malaysia,False,2024,,,,
21,Rusa Music @rusamusic,987300.0,,Malaysia,Celebrity Music,296200.0,tiktok,malaysia,False,2024,Music,MAPPED,,
22,leeloo 𓆩❤︎𓆪 @lawcombe,980600.0,,Malaysia,,294200.0,tiktok,malaysia,False,2024,,,,
23,Zulin Aziz @zulinaziz,980500.0,,Malaysia,,294200.0,tiktok,malaysia,False,2024,,,,
24,zhi.binggg @zhi.binggg,973800.0,,Malaysia,,292100.0,tiktok,malaysia,False,2024,,,,
25,𝗠𝗿𝘀𝘆 ♡ @macakanikan,973300.0,0.1,Malaysia,,292000.0,tiktok,malaysia,False,2024,,,,
26,Dhilah @nurfadhilah979,948100.0,,Malaysia,,284400.0,tiktok,malaysia,False,2024,,,,
27,View Team @viewfashion26,946400.0,,Malaysia,Fashion,283900.0,tiktok,malaysia,False,2024,Beauty&Fashion,MAPPED,,
28,UtusanTV @utusantvofficial,946300.0,0.1,Malaysia,,283900.0,tiktok,malaysia,False,2024,,,,
29,mawarashid @mawarashid,943800.0,,Malaysia,,283100.0,tiktok,malaysia,False,2024,,,,
30,Linda Said @wanitabermisai,940900.0,,Malaysia,,282300.0,tiktok,malaysia,False,2024,,,,
31,Elya Maisara @elya217,933600.0,,Malaysia,,280100.0,tiktok,malaysia,False,2024,,,,
32,Hads :p @kurapikarmin,923600.0,,Malaysia,Music,277100.0,tiktok,malaysia,False,2024,Music,MAPPED,,
33,Safwan Nazri @safwannazri7,919300.0,,Malaysia,,275800.0,tiktok,malaysia,False,2024,,,,
34,TV3Malaysia @tv3malaysia,900200.0,,Malaysia,,270100.0,tiktok,malaysia,False,2024,,,,
35,UstazKazimOfficial @datoustazmohdkazimelias,896000.0,0.3,Malaysia,,268800.0,tiktok,malaysia,False,2024,,,,
36,Marra Lpn @marralpn,893800.0,,Malaysia,Fitness and Health,268100.0,tiktok,malaysia,False,2024,Sports,MAPPED,,
37,Syaa Meoow @syaameoow,887500.0,,Malaysia,Entertainment and Music,266300.0,tiktok,malaysia,False,2024,Music,MAPPED,,
38,ANNA JOBLING @annajobling,885400.0,0.1,Malaysia,,265600.0,tiktok,malaysia,False,2024,,,,
39,AYU KEPOH @ayu_kepoh,881800.0,,Malaysia,,264500.0,tiktok,malaysia,False,2024,,,,
40,FaizPaeh @faizpaehh,875800.0,,Malaysia,Sports,262700.0,tiktok,malaysia,False,2024,Sports,MAPPED,,
41,Elden Chan(800k+followers) @eldenchan17,874800.0,,Malaysia,Entertainment and Music Acting and Drama,262400.0,tiktok,malaysia,False,2024,Music,MAPPED,,
42,Gori Nagori @gorinagori,855000.0,,Malaysia,,256500.0,tiktok,malaysia,False,2024,,,,
43,Kaka Azman @kakaazman,854200.0,,Malaysia,Business and Finance,256300.0,tiktok,malaysia,False,2024,Knowledge&Info,MAPPED,,
44,albes_bert🤍 @albes_al,852700.0,,Malaysia,,255800.0,tiktok,malaysia,False,2024,,,,
45,zaid faiz @zaidfaiz.07,849800.0,0.2,Malaysia,,254900.0,tiktok,malaysia,False,2024,,,,
46,@Ayu🐈🐈 @nihasmira_ayu,838600.0,,Malaysia,,251600.0,tiktok,malaysia,False,2024,,,,
47,Princess Anie Darus @princessaniedarus_69,832600.0,,Malaysia,Pets,249800.0,tiktok,malaysia,False,2024,Lifestyle,MAPPED,,
48,minimal.5 @minimal.5,827200.0,1.6,Malaysia,,248200.0,tiktok,malaysia,False,2024,,,,
49,Farhana Zahra @farhanazahra91,824200.0,,Malaysia,,247300.0,tiktok,malaysia,False,2024,,,,
50,Ash @ash.rafz,815200.0,,Malaysia,,244600.0,tiktok,malaysia,False,2024,,,,
51,Azrul Affandi Sobry @penceritatv,815100.0,,Malaysia,,244500.0,tiktok,malaysia,False,2024,,,,
52,Down To Earth @maxdte_,808800.0,,Malaysia,,242600.0,tiktok,malaysia,False,2024,,,,
53,Gabriel Marquez 🧸 @gabriel_marquez94,808200.0,0.7,Malaysia,,242500.0,tiktok,malaysia,False,2024,,,,
54,•нυхaιмιq• @huxaimiq,805700.0,,Malaysia,,241700.0,tiktok,malaysia,False,2024,,,,
55,tahani @tahaniariel,804000.0,,Malaysia,Acting and Drama Entertainment and Music,241200.0,tiktok,malaysia,False,2024,Music,MAPPED,,
56,𝘇𝗶𝗻 @rzinz._,803800.0,,Malaysia,,241100.0,tiktok,malaysia,False,2024,,,,
57,W A N I E Y M U A @wanieymua,803500.0,,Malaysia,Beauty and Self Care,241100.0,tiktok,malaysia,False,2024,Beauty&Fashion,MAPPED,,
58,BOSSKU @joki_bossku.everyday,800600.0,0.1,Malaysia,Business and Finance Video Gaming,240200.0,tiktok,malaysia,False,2024,Knowledge&Info,MAPPED,,
59,JEii Pong @je_pong,796900.0,,Malaysia,Entertainment and Music,239100.0,tiktok,malaysia,False,2024,Music,MAPPED,,
60,Gamesplay1313 @gamesplay1313,790200.0,,Malaysia,,237100.0,tiktok,malaysia,False,2024,,,,
61,Lazada Malaysia @lazada_my,785800.0,,Malaysia,,235700.0,tiktok,malaysia,False,2024,,,,
62,张秋雯QiuWen 🌸 @qiuwen1014,780300.0,,Malaysia,,234100.0,tiktok,malaysia,False,2024,,,,
63,Mark Odea (ALAMARK!) @markodea8,769400.0,,Malaysia,,230800.0,tiktok,malaysia,False,2024,,,,
64,CAFTANESIA @caftanesia,767800.0,,Malaysia,,230300.0,tiktok,malaysia,False,2024,,,,
65,Inaa:)🤍 @nrsyariena._02,767500.0,,Malaysia,,230300.0,tiktok,malaysia,False,2024,,,,
66,Malaysian Update @malaysianupdatenews,766400.0,,Malaysia,,229900.0,tiktok,malaysia,False,2024,,,,
67,Anna @anna_anna665,766400.0,0.3,Malaysia,Food and Drink,229900.0,tiktok,malaysia,False,2024,Lifestyle,MAPPED,,
68,tehafateha_hennamelaka 🇲🇾 @tehafateha_hennamelaka,761400.0,,Malaysia,Art,228400.0,tiktok,malaysia,False,2024,Lifestyle,MAPPED,,
69,Athalia🌙 @officialathalia,759100.0,,Malaysia,Entertainment and Music Music,227700.0,tiktok,malaysia,False,2024,Music,MAPPED,,
70,warnermusicmy @warnermusicmy,758200.0,,Malaysia,Music,227500.0,tiktok,malaysia,False,2024,Music,MAPPED,,
71,MAN KINABALU @man_kinabalu,756400.0,0.1,Malaysia,,226900.0,tiktok,malaysia,False,2024,,,,
72,Izzan Adriana @izzanadrianaaa,753700.0,,Malaysia,,226100.0,tiktok,malaysia,False,2024,,,,
73,Abby @elyshiaabegail,753400.0,4.0,Malaysia,Fashion and Accessories Beauty and Self Care,226000.0,tiktok,malaysia,False,2024,Beauty&Fashion,MAPPED,,
74,MVM Music @mvm_music,749300.0,,Malaysia,Entertainment and Music Celebrity Music,224800.0,tiktok,malaysia,False,2024,Music,MAPPED,,
75,Ustaz Azhar Idrus @ustaz.azhar.idrus,740400.0,,Malaysia,,222100.0,tiktok,malaysia,False,2024,,,,
76,Nur Shahida Mohd Rashid @shahidadherbs2,736100.0,,Malaysia,,220800.0,tiktok,malaysia,False,2024,,,,
77,Duyung @_duyung.darat,730300.0,,Malaysia,Beauty,219100.0,tiktok,malaysia,False,2024,Beauty&Fashion,MAPPED,,
78,Yaya 🌸 @yaya_2xx,729800.0,,Malaysia,,218900.0,tiktok,malaysia,False,2024,,,,
79,cikmanggis @miss.em,728700.0,,Malaysia,,218600.0,tiktok,malaysia,False,2024,,,,
80,Asyrafrozami @asyrafrozami1,725700.0,,Malaysia,,217700.0,tiktok,malaysia,False,2024,,,,
81,anisamalyn @anisamalynn,722300.0,,Malaysia,,216700.0,tiktok,malaysia,False,2024,,,,
82,joey_leong @joeyleongbaby,722100.0,,Malaysia,Entertainment and Music,216600.0,tiktok,malaysia,False,2024,Music,MAPPED,,
83,دليل ماليزيا | Daleel Malaysia @daleelmalaysia,722000.0,,Malaysia,,216600.0,tiktok,malaysia,False,2024,,,,
84,Siakap Keli @thesiakapkeli,717700.0,,Malaysia,,215300.0,tiktok,malaysia,False,2024,,,,
85,iman @imanopiee,715500.0,0.1,Malaysia,Beauty,214700.0,tiktok,malaysia,False,2024,Beauty&Fashion,MAPPED,,
86,Ubai Mz @ubaimz,713800.0,0.4,Malaysia,,214100.0,tiktok,malaysia,False,2024,,,,
87,Syed Saddiq @syedsaddiq,708800.0,0.1,Malaysia,Education,212600.0,tiktok,malaysia,False,2024,Knowledge&Info,MAPPED,,
88,Alx @alezz_01,705700.0,,Malaysia,,211700.0,tiktok,malaysia,False,2024,,,,
89,Marc Ong @marcong1,703300.0,,Malaysia,,211000.0,tiktok,malaysia,False,2024,,,,
90,markadam1079 @officialmarkadam,696900.0,,Malaysia,,209100.0,tiktok,malaysia,False,2024,,,,
91,ellyzaber_mevius @ellyzaber_mevius,691000.0,,Malaysia,,207300.0,tiktok,malaysia,False,2024,,,,
92,⚔️Daddy_Ray⚔️ (TMT) 👑 @ray_drac,686100.0,,Malaysia,,205800.0,tiktok,malaysia,False,2024,,,,
93,GastonPong @gastonpong,682400.0,,Malaysia,,204700.0,tiktok,malaysia,False,2024,,,,
94,Sofia Roses @sofiaarosess,679300.0,,Malaysia,,203800.0,tiktok,malaysia,False,2024,,,,
95,Usha Ojha @ushaojha5189,679000.0,,Malaysia,Arts and Crafts,203700.0,tiktok,malaysia,False,2024,Lifestyle,MAPPED,,
96,azmi || IG: Nurulazmi936 @azmihalu,671700.0,,Malaysia,Pets,201500.0,tiktok,malaysia,False,2024,Lifestyle,MAPPED,,
97,C I N A N A 🍒 @babee905,668200.0,,Malaysia,,200500.0,tiktok,malaysia,False,2024,,,,
98,RulZ @shahh997,666400.0,,Malaysia,,199900.0,tiktok,malaysia,False,2024,,,,
99,Danial Adam @danial_anaqi,663900.0,,Malaysia,,199200.0,tiktok,malaysia,False,2024,,,,
100,4AM HAIRSTUDIO @4am.hairstudio,660000.0,0.1,Malaysia,,198000.0,tiktok,malaysia,False,2024,,,,
1,Kimberly Loaiza @kimberly.loaiza,76100000.0,1.6,Mexico,,22800000.0,tiktok,mexico,False,2024,,,,
2,Michel Chavez @its.michhh,30200000.0,,Mexico,,9100000.0,tiktok,mexico,False,2024,,,,
3,Mario Aguilar @marioaguilar,16300000.0,,Mexico,Entertainment and Music,4900000.0,tiktok,mexico,False,2024,Music,MAPPED,,
4,Juanpa Zurita @juanpazurita,12900000.0,,Mexico,Entertainment and Music,3900000.0,tiktok,mexico,False,2024,Music,MAPPED,,
5,✨B I A N C A O S S✨ @soybiancaoss,10900000.0,0.4,Mexico,,3300000.0,tiktok,mexico,False,2024,,,,
6,Andy George @andysistar407,10800000.0,0.1,Mexico,,3200000.0,tiktok,mexico,False,2024,,,,
7,Calixto Serna @mexicocookingclub,10500000.0,0.1,Mexico,Food,3200000.0,tiktok,mexico,False,2024,Lifestyle,MAPPED,,
8,Rosalinda Salinas @rosy.salinass,10200000.0,,Mexico,,3100000.0,tiktok,mexico,False,2024,,,,
9,Karleshion @karladelatorre97,10200000.0,1.3,Mexico,,3100000.0,tiktok,mexico,False,2024,,,,
10,Eddie @sauceddie,10200000.0,1.5,Mexico,Celebrity,3100000.0,tiktok,mexico,False,2024,Entertainment,MAPPED,,
11,Ely Blancarte @elyblancarte,9900000.0,0.2,Mexico,,3000000.0,tiktok,mexico,False,2024,,,,
12,Antonyviews✌🏼 @antonyviews,9800000.0,,Mexico,,2900000.0,tiktok,mexico,False,2024,,,,
13,Jason Thores @jasonthores,9600000.0,,Mexico,Entertainment and Music,2900000.0,tiktok,mexico,False,2024,Music,MAPPED,,
14,Babo Cartel de Santa @babo_cds,9200000.0,0.1,Mexico,Entertainment and Music,2800000.0,tiktok,mexico,False,2024,Music,MAPPED,,
15,Audrey Ochoa @audrey_8a,8900000.0,,Mexico,Life and Society,2700000.0,tiktok,mexico,False,2024,Knowledge&Info,MAPPED,,
16,Ara y Fer @arayfer_ha,8800000.0,,Mexico,Entertainment and Music Funny,2600000.0,tiktok,mexico,False,2024,Music,MAPPED,,
17,Antrax 💎 @yosoyantrax,8500000.0,1.9,Mexico,Entertainment and Music Animation and Cosplay,2600000.0,tiktok,mexico,False,2024,Tech&Gaming,MAPPED,,
18,Dani Universe @daniuniverse,8300000.000000001,,Mexico,Entertainment and Music,2500000.0,tiktok,mexico,False,2024,Music,MAPPED,,
19,Kaia Lana @kaialana,7800000.0,,Mexico,,2300000.0,tiktok,mexico,False,2024,,,,
20,Choox TV @edgardumali,7700000.0,,Mexico,Fashion and Accessories,2300000.0,tiktok,mexico,False,2024,Beauty&Fashion,MAPPED,,
21,X I M E P O N C H ◡̈ @ximeponch,7600000.0,0.2,Mexico,Fashion and Accessories,2300000.0,tiktok,mexico,False,2024,Beauty&Fashion,MAPPED,,
22,exi sosa 👑 @exi_sosa,7500000.0,,Mexico,Acting and Drama Entertainment and Music,2300000.0,tiktok,mexico,False,2024,Music,MAPPED,,
23,ElRufas @elrufas,7400000.0,,Mexico,,2200000.0,tiktok,mexico,False,2024,,,,
24,Los ADN @losadnmx,7200000.0,,Mexico,,2200000.0,tiktok,mexico,False,2024,,,,
25,BETO @beto.locuras,7100000.0,,Mexico,,2100000.0,tiktok,mexico,False,2024,,,,
26,OZKAR @ozkar___,7000000.0,,Mexico,Education Entertainment and Music,2100000.0,tiktok,mexico,False,2024,Knowledge&Info,MAPPED,,
27,Omar Chaparro @omarchaparrooficial,6700000.0,,Mexico,Acting and Drama Celebrity,2000000.0,tiktok,mexico,False,2024,Entertainment,MAPPED,,
28,JESUSNALGAS @jesusnalgas,6000000.0,4.7,Mexico,Entertainment and Music Funny,1800000.0,tiktok,mexico,False,2024,Music,MAPPED,,
29,Sabina Hidalgo @sabyhidalgo,5800000.0,0.2,Mexico,,1700000.0,tiktok,mexico,False,2024,,,,
30,Javier Cazarez @javiercazarez,5600000.0,0.1,Mexico,,1700000.0,tiktok,mexico,False,2024,,,,
31,Me Caigo de Risa @mecaigoderisaof,5500000.0,,Mexico,Entertainment and Music Funny,1700000.0,tiktok,mexico,False,2024,Music,MAPPED,,
32,Vive México @vive.mexico,5400000.0,,Mexico,,1600000.0,tiktok,mexico,False,2024,,,,
33,Larry Hernandez @larrymania,5300000.0,,Mexico,Entertainment and Music,1600000.0,tiktok,mexico,False,2024,Music,MAPPED,,
34,Jordan Álvarez @jordanalvarezz,5200000.0,0.2,Mexico,Education,1600000.0,tiktok,mexico,False,2024,Knowledge&Info,MAPPED,,
35,Pao Castillo 🔥 @paocastillooficial,5100000.0,,Mexico,,1500000.0,tiktok,mexico,False,2024,,,,
36,violetaisfel @violetaisfel,5000000.0,,Mexico,,1500000.0,tiktok,mexico,False,2024,,,,
37,NIURKA MARCOS @niurka.oficial,5000000.0,,Mexico,Entertainment and Music,1500000.0,tiktok,mexico,False,2024,Music,MAPPED,,
38,Basi @basii_17,4900000.0,,Mexico,,1500000.0,tiktok,mexico,False,2024,,,,
39,Fabiola 🔥 @_amablack_,4800000.0,,Mexico,Entertainment and Music,1400000.0,tiktok,mexico,False,2024,Music,MAPPED,,
40,Cepillintv Oficial @cepillintv,4800000.0,,Mexico,Entertainment and Music,1400000.0,tiktok,mexico,False,2024,Music,MAPPED,,
41,ivanna :) @ivanna_perez,4400000.0,,Mexico,,1300000.0,tiktok,mexico,False,2024,,,,
42,"Javier ""Chicharito"" Hernández @chicha14_",4400000.0,,Mexico,Sports,1300000.0,tiktok,mexico,False,2024,Sports,MAPPED,,
43,Sebas Mariscal @sebasmariscal,4400000.0,,Mexico,Photography,1300000.0,tiktok,mexico,False,2024,Lifestyle,MAPPED,,
44,Carlos Rivera @_carlosrivera,4300000.0,,Mexico,Entertainment and Music,1300000.0,tiktok,mexico,False,2024,Music,MAPPED,,
45,Yordi Rosado @yordirosadoo,4200000.0,,Mexico,Entertainment and Music family,1300000.0,tiktok,mexico,False,2024,Music,MAPPED,,
46,Fabiola Guajardo @fabiolagdo,4200000.0,,Mexico,,1300000.0,tiktok,mexico,False,2024,,,,
47,Ian Sánchez @ianzech,4100000.0,,Mexico,,1200000.0,tiktok,mexico,False,2024,,,,
48,Gala montes @galamontes_,4100000.0,,Mexico,,1200000.0,tiktok,mexico,False,2024,,,,
49,Brandon Vela🦋 @brandon.vela,3900000.0,,Mexico,,1200000.0,tiktok,mexico,False,2024,,,,
50,Alfredito Komander @alfreditokomander,3900000.0,,Mexico,Entertainment and Music,1200000.0,tiktok,mexico,False,2024,Music,MAPPED,,
51,Arta @artamios,3800000.0,,Mexico,Life and Society Arts and Crafts Entertainment and Music,1100000.0,tiktok,mexico,False,2024,Knowledge&Info,MAPPED,,
52,Doc Laura Salazar @doclaurasalazar,3800000.0,6.2,Mexico,,1100000.0,tiktok,mexico,False,2024,,,,
53,Tavo Betancourt @betancourttavo,3800000.0,,Mexico,Entertainment and Music,1100000.0,tiktok,mexico,False,2024,Music,MAPPED,,
54,JUANFE @juanfecastrob,3700000.0,,Mexico,Education,1100000.0,tiktok,mexico,False,2024,Knowledge&Info,MAPPED,,
55,Esen @esen_alva,3600000.0,0.1,Mexico,,1100000.0,tiktok,mexico,False,2024,,,,
56,Alejandra Cadena @its.alejandra.cadena,3600000.0,,Mexico,Travel,1100000.0,tiktok,mexico,False,2024,Lifestyle,MAPPED,,
57,ABRAHAM @abrahamzarazua,3400000.0,,Mexico,,1000000.0,tiktok,mexico,False,2024,,,,
58,Рикардо ПЕРЕЗАГРУЗКА @riiccardo_,3400000.0,,Mexico,Life and Society DIY and Life Hacks,1000000.0,tiktok,mexico,False,2024,Knowledge&Info,MAPPED,,
59,EL GUERO MP @el_guero_mp,3400000.0,,Mexico,Business and Finance,1000000.0,tiktok,mexico,False,2024,Knowledge&Info,MAPPED,,
60,Sabrina Salvatierra Caballero @sabrinasalvatierrra,3300000.0,,Mexico,,990000.0,tiktok,mexico,False,2024,,,,
61,VochoAmarilloTV @vochoamarillo,3300000.0,,Mexico,Auto and Vehicles,990000.0,tiktok,mexico,False,2024,Tech&Gaming,MAPPED,,
62,david_frimzy @david_frimzy,3300000.0,,Mexico,Entertainment and Music,990000.0,tiktok,mexico,False,2024,Music,MAPPED,,
63,Stefany Chavez @stefanychavez_08,3200000.0,,Mexico,,960000.0,tiktok,mexico,False,2024,,,,
64,Julian Hollman @julianomanuelo98,3100000.0,,Mexico,,930000.0,tiktok,mexico,False,2024,,,,
65,Lic.dacor @lic.dacor,3100000.0,0.1,Mexico,Finance Business and Finance,930000.0,tiktok,mexico,False,2024,Knowledge&Info,MAPPED,,
66,Juanpa @juanpaurt,3100000.0,,Mexico,Entertainment and Music,930000.0,tiktok,mexico,False,2024,Music,MAPPED,,
67,Xavierfloresoficial @xavierfloresoficial,3100000.0,,Mexico,,930000.0,tiktok,mexico,False,2024,,,,
68,Santi Chávez ✨ @santiagochavezirus,3100000.0,,Mexico,Finance,930000.0,tiktok,mexico,False,2024,Knowledge&Info,MAPPED,,
69,ELSEXY @ff.elsexy,3000000.0,,Mexico,Entertainment and Music,900000.0,tiktok,mexico,False,2024,Music,MAPPED,,
70,Rafa Calva @jirafita_oficial,2900000.0,,Mexico,,870000.0,tiktok,mexico,False,2024,,,,
71,Desiree Montoya❤️ @dxddy._.desi,2900000.0,,Mexico,,870000.0,tiktok,mexico,False,2024,,,,
72,Yubeili @omaryubeili,2800000.0,,Mexico,Arts and Crafts,840000.0,tiktok,mexico,False,2024,Lifestyle,MAPPED,,
73,💙 Gothzitha 💙 @gothzitha,2800000.0,,Mexico,Entertainment and Music,840000.0,tiktok,mexico,False,2024,Music,MAPPED,,
74,Dieu Snake @dieusnake,2700000.0,,Mexico,,810000.0,tiktok,mexico,False,2024,,,,
75,Roy Mata Paramedic @roymata01,2700000.0,,Mexico,,810000.0,tiktok,mexico,False,2024,,,,
76,Faithy K🌶 @faithhousley,2700000.0,,Mexico,,810000.0,tiktok,mexico,False,2024,,,,
77,Lizeth Pérez @lizethperezr_,2600000.0,,Mexico,Entertainment and Music,780000.0,tiktok,mexico,False,2024,Music,MAPPED,,
78,Danielaibt @danielagonzalezmx,2600000.0,,Mexico,Music,780000.0,tiktok,mexico,False,2024,Music,MAPPED,,
79,Regina Ruiz Carrillo @reginar_carrillo,2600000.0,,Mexico,Entertainment and Music,780000.0,tiktok,mexico,False,2024,Music,MAPPED,,
80,Zach Morris @zacmorriss_,2600000.0,,Mexico,Education,780000.0,tiktok,mexico,False,2024,Knowledge&Info,MAPPED,,
81,meli ☻ @melissavidales_,2500000.0,,Mexico,,750000.0,tiktok,mexico,False,2024,,,,
82,Luis Terán @iluisteran,2500000.0,,Mexico,,750000.0,tiktok,mexico,False,2024,,,,
83,Samuel Castelli @samuelcastelli,2500000.0,,Mexico,,750000.0,tiktok,mexico,False,2024,,,,
84,Armando Saucedo @armandosaucedo_,2400000.0,,Mexico,,720000.0,tiktok,mexico,False,2024,,,,
85,BANDA MS @banda_ms,2400000.0,,Mexico,,720000.0,tiktok,mexico,False,2024,,,,
86,Loïc Suberville @loicsuberville,2400000.0,0.5,Mexico,,720000.0,tiktok,mexico,False,2024,,,,
87,Rulomart Hotmart TikTok México @rulomart,2400000.0,,Mexico,Entertainment and Music,720000.0,tiktok,mexico,False,2024,Music,MAPPED,,
88,Estefi Merelles @estefimerelles,2400000.0,,Mexico,Acting and Drama,720000.0,tiktok,mexico,False,2024,Entertainment,MAPPED,,
89,Claus @clausmaluf,2200000.0,,Mexico,Entertainment and Music,660000.0,tiktok,mexico,False,2024,Music,MAPPED,,
90,𝓝𝓪𝓽𝓽 @nattraunmsse,2100000.0,,Mexico,,630000.0,tiktok,mexico,False,2024,,,,
91,🌈Soy Pam Art🎨 @soypamart,2100000.0,,Mexico,Arts and Crafts,630000.0,tiktok,mexico,False,2024,Lifestyle,MAPPED,,
92,Guero Valle @guerovalle,2100000.0,,Mexico,,630000.0,tiktok,mexico,False,2024,,,,
93,Lando Gomez🐼🍃 @landogomez,2000000.0,,Mexico,Entertainment and Music,600000.0,tiktok,mexico,False,2024,Music,MAPPED,,
94,Ninel Conde @ninelconde,2000000.0,,Mexico,Entertainment and Music Acting and Drama,600000.0,tiktok,mexico,False,2024,Music,MAPPED,,
95,karyme Hernández @karyme_hc,2000000.0,,Mexico,Romance and Wedding,600000.0,tiktok,mexico,False,2024,Beauty&Fashion,MAPPED,,
96,ItsBrendis @itsbrendis,2000000.0,,Mexico,,600000.0,tiktok,mexico,False,2024,,,,
97,Thalía Jiménez @thaliaajd,2000000.0,,Mexico,Beauty and Self Care,600000.0,tiktok,mexico,False,2024,Beauty&Fashion,MAPPED,,
98,CHSENZA @chsenza,2000000.0,,Mexico,,600000.0,tiktok,mexico,False,2024,,,,
99,Juan Carlos Vega @gastrovinos,2000000.0,,Mexico,Food,600000.0,tiktok,mexico,False,2024,Lifestyle,MAPPED,,
100,Silvia Olmedo @silviaolmedooficial,1900000.0,0.1,Mexico,Education,570000.0,tiktok,mexico,False,2024,Knowledge&Info,MAPPED,,
1,pokimane @poki,6400000.0,,Morocco,,1900000.0,tiktok,morocco,False,2024,,,,
2,Hajar Larbah @moribyan,3900000.0,,Morocco,,1200000.0,tiktok,morocco,False,2024,,,,
3,SpoletiTwins @damytwins,2700000.0,,Morocco,,810000.0,tiktok,morocco,False,2024,,,,
4,SA7IR 🪄 الساحر @abdelhakeljamai,1800000.0,,Morocco,Entertainment and Music,540000.0,tiktok,morocco,False,2024,Music,MAPPED,,
5,Nadirdearabier @nadirdearabier,1600000.0,8.2,Morocco,,480000.0,tiktok,morocco,False,2024,,,,
6,Meryam kadmiri @meryamkadmiri,1500000.0,,Morocco,Acting and Drama,450000.0,tiktok,morocco,False,2024,Entertainment,MAPPED,,
7,Simolabhaj @simolabhaj,1500000.0,,Morocco,,450000.0,tiktok,morocco,False,2024,,,,
8,CHOUKRI PIRATE 🏴‍☠️ @choukripirate,1300000.0,,Morocco,Entertainment and Music Funny,390000.0,tiktok,morocco,False,2024,Music,MAPPED,,
9,ilyass zaari1 @ilyass_zaari,1200000.0,1.2,Morocco,Entertainment and Music Funny,360000.0,tiktok,morocco,False,2024,Music,MAPPED,,
10,DEDIKA @dediofficiel,1100000.0,,Morocco,,330000.0,tiktok,morocco,False,2024,,,,
11,يوميات أم يحيى @hobi130,1000000.0,,Morocco,,300000.0,tiktok,morocco,False,2024,,,,
12,jamal_alpha @jamal_alpha1,1000000.0,,Morocco,,300000.0,tiktok,morocco,False,2024,,,,
13,Khadija @khadijalamine20,995000.0,,Morocco,,298500.0,tiktok,morocco,False,2024,,,,
14,Mohsin aarby @johnbanygadon,987200.0,,Morocco,,296200.0,tiktok,morocco,False,2024,,,,
15,Ayoub Tanjawi 💙 @ayb.knj98,973900.0,,Morocco,,292200.0,tiktok,morocco,False,2024,,,,
16,souhail ghazzali @souhail.ghazzali,969500.0,,Morocco,Entertainment and Music Funny,290900.0,tiktok,morocco,False,2024,Music,MAPPED,,
17,xxxtentacion @xxxtentacion__legend50,968600.0,,Morocco,,290600.0,tiktok,morocco,False,2024,,,,
18,رسناوي & ميمي @rsnawi.mimi,968400.0,,Morocco,,290500.0,tiktok,morocco,False,2024,,,,
19,هاي صحابي🌚🌝 @ima_saidi,961100.0,,Morocco,,288300.0,tiktok,morocco,False,2024,,,,
20,Amine officiel123 @amine_wiam,947000.0,,Morocco,,284100.0,tiktok,morocco,False,2024,,,,
21,salmadouma @salmadouma8,938100.0,,Morocco,,281400.0,tiktok,morocco,False,2024,,,,
22,♀️ Kaoutar_Zr ♀️ @niema_zr,935100.0,,Morocco,,280500.0,tiktok,morocco,False,2024,,,,
23,Rachidbtln @rachid_btln,925000.0,,Morocco,Entertainment and Music,277500.0,tiktok,morocco,False,2024,Music,MAPPED,,
24,فاطمة الزهراء ♿😍🇲🇦 @fatima1988z,923200.0,,Morocco,,277000.0,tiktok,morocco,False,2024,,,,
25,Nouhhad _nour 🇲🇦💜 @nouhad9,917500.0,,Morocco,,275300.0,tiktok,morocco,False,2024,,,,
26,🦙 Yassine '-^ 🦙 @yassfiction,912500.0,,Morocco,Arts and Crafts Education,273800.0,tiktok,morocco,False,2024,Knowledge&Info,MAPPED,,
27,Oυɱαყɱα🌸 @sdpoumayma,910400.0,,Morocco,,273100.0,tiktok,morocco,False,2024,,,,
28,Afaaf 🍯👸 @afafchoukri,897400.0,,Morocco,,269200.0,tiktok,morocco,False,2024,,,,
29,Voidwyd @wydadch1,886700.0,0.1,Morocco,,266000.0,tiktok,morocco,False,2024,,,,
30,H J 🔥 @hamid_juttt,878600.0,,Morocco,,263600.0,tiktok,morocco,False,2024,,,,
31,TRAVEL_AND_CULTURES @quim_fabregas_official,877400.0,,Morocco,Travel,263200.0,tiktok,morocco,False,2024,Lifestyle,MAPPED,,
32,🇲🇦(محمود&مريم)🇪🇬 هيستيريا @2m.elgany,873700.0,0.5,Morocco,Romance and Wedding,262100.00000000003,tiktok,morocco,False,2024,Beauty&Fashion,MAPPED,,
33,🇲🇦 ZZRi9A 🇲🇦 @zzri9a,871900.0,0.3,Morocco,,261600.00000000003,tiktok,morocco,False,2024,,,,
34,MAJDOLINE EL HAJLY ❤️‍🔥 @majoudey,865500.0,,Morocco,Entertainment and Music Funny,259700.0,tiktok,morocco,False,2024,Music,MAPPED,,
35,Yousra @yousra_chk,863300.0,,Morocco,,259000.0,tiktok,morocco,False,2024,,,,
36,لولو 🦋 @loubna_ahmed,863300.0,,Morocco,Beauty,259000.0,tiktok,morocco,False,2024,Beauty&Fashion,MAPPED,,
37,🇸🇪 SweeDy 🇸🇪 @sweedyofficiel,863100.0,,Morocco,,258900.0,tiktok,morocco,False,2024,,,,
38,صفاء بيوتي 🦋صانعة محتوى تجميل @om_yahya_2020,852800.0,,Morocco,Beauty and Self Care,255800.0,tiktok,morocco,False,2024,Beauty&Fashion,MAPPED,,
39,✔ ＯＳＳＡＭＡ ツ @masoud_ff,852400.0,0.1,Morocco,,255700.0,tiktok,morocco,False,2024,,,,
40,Queenie🦋 @queenie.nova,848500.0,0.1,Morocco,Business and Finance,254600.0,tiktok,morocco,False,2024,Knowledge&Info,MAPPED,,
41,HAKAI TV 444 @op_hakai,840800.0,,Morocco,Entertainment and Music Funny,252200.0,tiktok,morocco,False,2024,Music,MAPPED,,
42,رايدم || فووول ونسة || ✅ @ridem_5,837400.0,0.1,Morocco,,251200.0,tiktok,morocco,False,2024,,,,
43,🎬صانع افلام قصيرة 🎬🎞🎞 @youcef.avira,834200.0,,Morocco,,250300.0,tiktok,morocco,False,2024,,,,
44,Hanaaell @hanaaell63,829900.0,,Morocco,,249000.0,tiktok,morocco,False,2024,,,,
45,💸Biba31⭐️ @bouchra_bouchra31,821500.0,,Morocco,,246500.0,tiktok,morocco,False,2024,,,,
46,anass.rouayelle @frita360,820500.0,,Morocco,,246200.0,tiktok,morocco,False,2024,,,,
47,zineb_sozi @zineb_sozi,818500.0,,Morocco,,245600.0,tiktok,morocco,False,2024,,,,
48,Rebbouh Yassine @rebbouh_yassine,814200.0,,Morocco,,244300.0,tiktok,morocco,False,2024,,,,
49,🔱السرغيني🔱 @mohssin_oufficiell,808400.0,,Morocco,,242500.0,tiktok,morocco,False,2024,,,,
50,🇲🇦نيروبي🇲🇦 @salwaslsl,805600.0,,Morocco,,241700.0,tiktok,morocco,False,2024,,,,
51,rachid btln(2) @rachidbtln,802400.0,,Morocco,Entertainment and Music Funny,240700.0,tiktok,morocco,False,2024,Music,MAPPED,,
52,Aicha_azizi 👑 @aichaazz2,800200.0,,Morocco,,240100.0,tiktok,morocco,False,2024,,,,
53,Soukiss96_ @soukiss_96,798700.0,,Morocco,,239600.0,tiktok,morocco,False,2024,,,,
54,Ahmed zidan @ahmed.zidan.official,798000.0,,Morocco,,239400.0,tiktok,morocco,False,2024,,,,
55,🧿ⵣ Hajar Mrabet ⵣ🧿 @hajarmarbet,796200.0,,Morocco,,238900.0,tiktok,morocco,False,2024,,,,
56,Roufia World @roufia_world_officiel,788500.0,,Morocco,,236600.0,tiktok,morocco,False,2024,,,,
57,Queen amira🦋 @queen_amiraa,788100.0,,Morocco,Beauty,236400.0,tiktok,morocco,False,2024,Beauty&Fashion,MAPPED,,
58,Le prince🤩de la ville🇲🇦🇩🇿 @abdel_officiel1,787300.0,,Morocco,,236200.0,tiktok,morocco,False,2024,,,,
59,Series.Moment1 @series.moment1,783200.0,0.2,Morocco,,235000.0,tiktok,morocco,False,2024,,,,
60,Sarah👸🏻 @its_saraaaaah,778700.0,,Morocco,,233600.0,tiktok,morocco,False,2024,,,,
61,🌺عالم حناء With henna 🌺 @rababmazid,774000.0,0.1,Morocco,,232200.0,tiktok,morocco,False,2024,,,,
62,Adam Khriss @adamkhriss,765000.0,,Morocco,,229500.0,tiktok,morocco,False,2024,,,,
63,💮 Wissal 💮 @lishiyaaa,760700.0,,Morocco,,228200.0,tiktok,morocco,False,2024,,,,
64,ELECTROADNANE @electroadnane.tetouan,757300.0,,Morocco,Video Gaming,227200.0,tiktok,morocco,False,2024,Tech&Gaming,MAPPED,,
65,Erra.aslani @erra.aslanii,751900.0,0.1,Morocco,Funny,225600.0,tiktok,morocco,False,2024,Entertainment,MAPPED,,
66,cocoahlame 🎈 @cocolouma,748000.0,,Morocco,,224400.0,tiktok,morocco,False,2024,,,,
67,Naiss mh @nada_officiel_48,746200.0,,Morocco,,223900.0,tiktok,morocco,False,2024,,,,
68,meh_booulaaa🖤✨ @meh_booulaa,745600.0,,Morocco,,223700.0,tiktok,morocco,False,2024,,,,
69,Sweedy @sweedy95official,741400.0,,Morocco,Celebrity,222400.0,tiktok,morocco,False,2024,Entertainment,MAPPED,,
70,😂_وا_هبييل_هذا_😂 @mouadelkhalidy,727400.0,,Morocco,Entertainment and Music,218200.0,tiktok,morocco,False,2024,Music,MAPPED,,
71,Fadoua ❤️🇲🇦 @fadouafaouzi3,717900.0,,Morocco,Beauty,215400.0,tiktok,morocco,False,2024,Beauty&Fashion,MAPPED,,
72,✨ @tiger.271,716900.0,0.9,Morocco,,215100.0,tiktok,morocco,False,2024,,,,
73,راحة نفسية Raha Nafsia♥️ @mustafaiasuit,710900.0,0.4,Morocco,,213300.0,tiktok,morocco,False,2024,,,,
74,التفاهة 💛 @huda.zen1,708700.0,0.5,Morocco,,212600.0,tiktok,morocco,False,2024,,,,
75,🐐 @littlemvn,708400.0,,Morocco,Entertainment and Music Funny,212500.0,tiktok,morocco,False,2024,Music,MAPPED,,
76,Anas ❤️🇲🇦 @anasselhamdouchi,706800.0,,Morocco,Romance and Wedding Travel,212000.0,tiktok,morocco,False,2024,Beauty&Fashion,MAPPED,,
77,Oumi amani @oumiamani,704800.0,,Morocco,Fashion and Accessories,211400.0,tiktok,morocco,False,2024,Beauty&Fashion,MAPPED,,
78,Soufiane Bencok @soufianebencok,703300.0,,Morocco,Sports,211000.0,tiktok,morocco,False,2024,Sports,MAPPED,,
79,ʟᴇ ʀᴏɪ ᴄᴇsᴀʀ @leroicesaroff,696500.0,0.2,Morocco,,209000.0,tiktok,morocco,False,2024,,,,
80,Deux Marocains @riyadetselma,690800.0,,Morocco,,207200.0,tiktok,morocco,False,2024,,,,
81,Aminux @amineaminuxoffic,690500.0,,Morocco,,207200.0,tiktok,morocco,False,2024,,,,
82,إكرام بكير @ikrambakir00,682100.0,,Morocco,Entertainment and Music,204600.0,tiktok,morocco,False,2024,Music,MAPPED,,
83,zinebelmeski @zinebelmeskiofficiel,678000.0,,Morocco,,203400.0,tiktok,morocco,False,2024,,,,
84,ghizybeauty @ghizybeauty_,672900.0,,Morocco,Beauty and Self Care,201900.0,tiktok,morocco,False,2024,Beauty&Fashion,MAPPED,,
85,🤡MAROC TIKTOK🤡 @ayoubar555,672200.0,,Morocco,,201700.0,tiktok,morocco,False,2024,,,,
86,نصائح من ذهب 🥇🕯 @loubnazeroual,669900.0,,Morocco,,201000.0,tiktok,morocco,False,2024,,,,
87,Life with Nisrine @lifewithnisrine,669700.0,1.0,Morocco,,200900.0,tiktok,morocco,False,2024,,,,
88,Oumaima Elghachii @oumaimaelghachii,668700.0,,Morocco,,200600.0,tiktok,morocco,False,2024,,,,
89,Mσhα γαssιη @mohaxyassin,666000.0,0.8,Morocco,,199800.0,tiktok,morocco,False,2024,,,,
90,👑🇲🇦أمير تيك توك 🇲🇦👑 @amirelhamdouchi,664700.0,,Morocco,,199400.0,tiktok,morocco,False,2024,,,,
91,Fingerdance @capuchemantv,660200.0,,Morocco,,198100.0,tiktok,morocco,False,2024,,,,
92,Meknassia🇲🇦🇲🇦 @meknessiaana1996,658100.0,,Morocco,,197400.0,tiktok,morocco,False,2024,,,,
93,tebessiya ❤🙂 @tebessiya0roufaida12,656700.0,,Morocco,,197000.0,tiktok,morocco,False,2024,,,,
94,👌₳ⲘƗ₦Ɇ Ԟ₳Ԟ₳ɌØ₮Ø👌 @aminekakaroto2.0,656500.0,,Morocco,Entertainment and Music,197000.0,tiktok,morocco,False,2024,Music,MAPPED,,
95,الفاسي 🖤💛 @ilyass_karita4,654100.0,,Morocco,,196200.0,tiktok,morocco,False,2024,,,,
96,Oussama Cherif | اسامة شريف @oussamacherifofficial,653500.0,,Morocco,,196100.0,tiktok,morocco,False,2024,,,,
97,مروان🌴 @mmbnf,653200.0,,Morocco,Funny Life and Society Entertainment and Music,196000.0,tiktok,morocco,False,2024,Knowledge&Info,MAPPED,,
98,🐊👑𝐿𝑎 𝑅𝑒𝑖𝑛𝑒👑🐊 @khadija_elaamlaoui,651900.0,,Morocco,Fashion and Accessories,195600.0,tiktok,morocco,False,2024,Beauty&Fashion,MAPPED,,
99,K ᗩ ᖇ ᗩ ᗰ 🥶 @krimozr,648200.0,,Morocco,,194500.0,tiktok,morocco,False,2024,,,,
100,Marocchinovero 🇲🇦🇮🇹🫀 @marocchinovero,646400.0,,Morocco,,193900.0,tiktok,morocco,False,2024,,,,
1,Rocks&Rolls @rocksrollscandy,1900000.0,3.0,Netherlands,Arts and Crafts Food Product Showcase,570000.0,tiktok,netherlands,False,2024,Beauty&Fashion,MAPPED,,
2,Sights Of Sara @sightsofsara,1500000.0,,Netherlands,Travel,450000.0,tiktok,netherlands,False,2024,Lifestyle,MAPPED,,
3,infamousharleyquinnn @infamousharleyquinnn,1400000.0,,Netherlands,Animation and Cosplay,420000.0,tiktok,netherlands,False,2024,Tech&Gaming,MAPPED,,
4,Djamilaly - MeisjeDjamila @djamilaly,1400000.0,,Netherlands,Entertainment and Music,420000.0,tiktok,netherlands,False,2024,Music,MAPPED,,
5,Jerhemy Owen @jerhemynemo,1200000.0,,Netherlands,Nature Education,360000.0,tiktok,netherlands,False,2024,Knowledge&Info,MAPPED,,
6,Nika 💜 @nikaaabo,1100000.0,,Netherlands,Fashion and Accessories Life and Society,330000.0,tiktok,netherlands,False,2024,Beauty&Fashion,MAPPED,,
7,Enzo Knol @enzoknol,1100000.0,0.3,Netherlands,Entertainment and Music,330000.0,tiktok,netherlands,False,2024,Music,MAPPED,,
8,Mitchell @officialswaggie,1000000.0,0.7,Netherlands,Entertainment and Music,300000.0,tiktok,netherlands,False,2024,Music,MAPPED,,
9,The Voice HQ @thevoicehq,990600.0,,Netherlands,,297200.0,tiktok,netherlands,False,2024,,,,
10,Ashley Guijt @ashleyguijt,946800.0,1.6,Netherlands,Entertainment and Music,284000.0,tiktok,netherlands,False,2024,Music,MAPPED,,
11,Esmee Joanna @esmeejoanna,935000.0,,Netherlands,Funny,280500.0,tiktok,netherlands,False,2024,Entertainment,MAPPED,,
12,Dutchtuber @dutchtuber,934800.0,0.1,Netherlands,,280400.0,tiktok,netherlands,False,2024,,,,
13,Tiësto @tiesto,932400.0,0.1,Netherlands,Entertainment and Music,279700.0,tiktok,netherlands,False,2024,Music,MAPPED,,
14,Nina Houston @ninahouston_,924300.0,,Netherlands,,277300.0,tiktok,netherlands,False,2024,,,,
15,Amy’s Kitchen @cookingwithamyy,917600.0,0.1,Netherlands,Food,275300.0,tiktok,netherlands,False,2024,Lifestyle,MAPPED,,
16,🇳🇱 BEAU 🇳🇱 @beaupotman_,917100.0,,Netherlands,Entertainment and Music,275100.0,tiktok,netherlands,False,2024,Music,MAPPED,,
17,Artbyoums @artbyoums,906800.0,0.1,Netherlands,Art,272000.0,tiktok,netherlands,False,2024,Lifestyle,MAPPED,,
18,NevermindLisa @nevermindlisa,894400.0,13.8,Netherlands,Education Life and Society Arts and Crafts DIY and Life Hacks,268300.0,tiktok,netherlands,False,2024,Knowledge&Info,MAPPED,,
19,Negin Mirsalehi @neginmirsalehi,893800.0,0.3,Netherlands,,268100.0,tiktok,netherlands,False,2024,,,,
20,Football @footballszone,881600.0,1.0,Netherlands,,264500.0,tiktok,netherlands,False,2024,,,,
21,Karsten Belt @karstenbelt,871300.0,0.4,Netherlands,,261400.0,tiktok,netherlands,False,2024,,,,
22,DeltaLloyd @deltalloyd,864500.0,,Netherlands,Entertainment and Music,259400.0,tiktok,netherlands,False,2024,Music,MAPPED,,
23,Sophie van Oostenbrugge @gainsbybrains,858600.0,,Netherlands,Fitness,257600.00000000003,tiktok,netherlands,False,2024,Sports,MAPPED,,
24,fabiocreatez @fabiocreatez,822600.0,,Netherlands,Art,246800.0,tiktok,netherlands,False,2024,Lifestyle,MAPPED,,
25,Anique Dreamon @aniquedreamon,810100.0,0.1,Netherlands,Entertainment and Music,243000.0,tiktok,netherlands,False,2024,Music,MAPPED,,
26,🦋Anneenmaaike🦋 @anneenmaaike,794700.0,0.3,Netherlands,Sports,238400.0,tiktok,netherlands,False,2024,Sports,MAPPED,,
27,Wonho Chung @wonhochung,793500.0,,Netherlands,,238100.0,tiktok,netherlands,False,2024,,,,
28,jesseziorr @jesseziorr,748600.0,1.2,Netherlands,,224600.0,tiktok,netherlands,False,2024,,,,
29,OmercanDeveci @omercandeveci,696200.0,,Netherlands,,208900.0,tiktok,netherlands,False,2024,,,,
30,ls @levifrskyum,686800.0,2.5,Netherlands,,206000.0,tiktok,netherlands,False,2024,,,,
31,Armin van Buuren @arminvanbuuren,673600.0,,Netherlands,,202100.0,tiktok,netherlands,False,2024,,,,
32,🌟Mylene & Rosanne🌟 @mylenerosanne,668700.0,,Netherlands,Entertainment and Music Animation and Cosplay,200600.0,tiktok,netherlands,False,2024,Tech&Gaming,MAPPED,,
33,Saw Pyae🇳🇱🇳🇱🇳🇱 @sawpaye,666300.0,,Netherlands,,199900.0,tiktok,netherlands,False,2024,,,,
34,Vessbroz @vessbroz,640200.0,,Netherlands,Entertainment and Music,192100.0,tiktok,netherlands,False,2024,Music,MAPPED,,
35,kalvijn @kalvijn,639200.0,0.2,Netherlands,,191800.0,tiktok,netherlands,False,2024,,,,
36,Jade Konal @jadekonal,638700.0,,Netherlands,Arts and Crafts Entertainment and Music,191600.0,tiktok,netherlands,False,2024,Music,MAPPED,,
37,Emma Keuven @emmakeuven,634400.0,,Netherlands,Beauty and Self Care Fashion and Accessories,190300.0,tiktok,netherlands,False,2024,Beauty&Fashion,MAPPED,,
38,The Ocean Cleanup @theoceancleanup,629900.0,0.3,Netherlands,Nature,189000.0,tiktok,netherlands,False,2024,Lifestyle,MAPPED,,
39,Sp_cosplay @sp.cosplay,617100.0,,Netherlands,,185100.0,tiktok,netherlands,False,2024,,,,
40,R O S E @numbersixtysix,606600.0,,Netherlands,Home and Garden,182000.0,tiktok,netherlands,False,2024,Lifestyle,MAPPED,,
41,Martijn @martijn.md,598300.0,,Netherlands,Education,179500.0,tiktok,netherlands,False,2024,Knowledge&Info,MAPPED,,
42,Abdulaziz Bish @abdulazizbish,592200.0,0.1,Netherlands,Education,177700.0,tiktok,netherlands,False,2024,Knowledge&Info,MAPPED,,
43,jaseyharders @jaseyharders,574700.0,,Netherlands,Entertainment and Music Funny Life and Society,172400.0,tiktok,netherlands,False,2024,Knowledge&Info,MAPPED,,
44,Thomas van Grinsven @thomasgrinsven,574400.0,0.3,Netherlands,,172300.0,tiktok,netherlands,False,2024,,,,
45,BABYMOENCH @babamoench,565200.0,0.1,Netherlands,,169600.0,tiktok,netherlands,False,2024,,,,
46,Dion Visser 🇳🇱 @dionvisser,558800.0,,Netherlands,,167600.0,tiktok,netherlands,False,2024,,,,
47,BALANA GAMING @balanagaming,550700.0,0.5,Netherlands,Video Gaming,165200.0,tiktok,netherlands,False,2024,Tech&Gaming,MAPPED,,
48,Coco @itsbunnycoco,550500.0,0.3,Netherlands,Pets,165200.0,tiktok,netherlands,False,2024,Lifestyle,MAPPED,,
49,BVD. 🕊 @basvduijvenbode,542300.0,,Netherlands,Education,162700.0,tiktok,netherlands,False,2024,Knowledge&Info,MAPPED,,
50,Robine @robinesalomons,537900.0,,Netherlands,Arts and Crafts,161400.0,tiktok,netherlands,False,2024,Lifestyle,MAPPED,,
51,Jonatan Medart @jonatanmedart1,536000.0,0.1,Netherlands,,160800.0,tiktok,netherlands,False,2024,,,,
52,Thecla @mevrouwtjebestekla,535800.0,0.1,Netherlands,Entertainment and Music,160700.0,tiktok,netherlands,False,2024,Music,MAPPED,,
53,Leothedog @thedognamed.leo,528900.0,,Netherlands,Animals Pets,158700.0,tiktok,netherlands,False,2024,Lifestyle,MAPPED,,
54,Verenice & Kevin @kevin.verenice,528200.0,,Netherlands,Entertainment and Music,158500.0,tiktok,netherlands,False,2024,Music,MAPPED,,
55,Jesse van Wieren @jessevanwieren,522200.00000000006,,Netherlands,,156700.0,tiktok,netherlands,False,2024,,,,
56,Rachel John @racheljohnie,515000.0,,Netherlands,Fitness and Health,154500.0,tiktok,netherlands,False,2024,Sports,MAPPED,,
57,mootje.030 @mootjeyekk0,509500.0,0.5,Netherlands,,152900.0,tiktok,netherlands,False,2024,,,,
58,𝙻𝚎𝚜𝚕𝚒𝚎 𝚂𝚊𝚗𝚝𝚝𝚊𝚗𝚊✨ @lesliesanttana1,508500.0,,Netherlands,,152600.0,tiktok,netherlands,False,2024,,,,
59,Judithh @waxjudithh,506500.0,,Netherlands,,152000.0,tiktok,netherlands,False,2024,,,,
60,Jason Verspaget @jasonverspaget,505800.0,,Netherlands,Entertainment and Music,151700.0,tiktok,netherlands,False,2024,Music,MAPPED,,
61,roccotnl @roccotnl,504600.0,0.4,Netherlands,Funny,151400.0,tiktok,netherlands,False,2024,Entertainment,MAPPED,,
62,Chantal @chantalfontein,500100.0,,Netherlands,Entertainment and Music,150000.0,tiktok,netherlands,False,2024,Music,MAPPED,,
63,Pieter Valley @pietervalley1,495100.0,0.1,Netherlands,,148500.0,tiktok,netherlands,False,2024,,,,
64,Bright @brightnl,493800.0,,Netherlands,Home and Garden,148100.0,tiktok,netherlands,False,2024,Lifestyle,MAPPED,,
65,adje @adje_eljackson,491900.0,,Netherlands,,147600.0,tiktok,netherlands,False,2024,,,,
66,Justus van Eijk @justusveijk2.0,488100.0,,Netherlands,,146400.0,tiktok,netherlands,False,2024,,,,
67,Ellie LoVeux @ellieloveux,480000.0,,Netherlands,Beauty and Self Care,144000.0,tiktok,netherlands,False,2024,Beauty&Fashion,MAPPED,,
68,Victor Mids (MINDF*CK) @victormids_officieel,476500.0,0.6,Netherlands,Video Gaming,143000.0,tiktok,netherlands,False,2024,Tech&Gaming,MAPPED,,
69,Casper®🇳🇱 @theofficialcasper,476100.0,,Netherlands,Entertainment and Music,142800.0,tiktok,netherlands,False,2024,Music,MAPPED,,
70,Roxanne Kwant @roxannekwant,467400.0,0.1,Netherlands,Entertainment and Music Funny Product Showcase,140200.0,tiktok,netherlands,False,2024,Beauty&Fashion,MAPPED,,
71,Troy van Dijk @spicycheesespread,463800.0,,Netherlands,,139100.0,tiktok,netherlands,False,2024,,,,
72,noov @novavbrussel,458200.0,0.1,Netherlands,,137500.0,tiktok,netherlands,False,2024,,,,
73,Tandartspraktijk Pernis @tandarts,455500.0,,Netherlands,Business and Finance Health and Medical Services,136700.0,tiktok,netherlands,False,2024,Knowledge&Info,MAPPED,,
74,NLing🦋 @_nling_19501,452700.0,,Netherlands,,135800.0,tiktok,netherlands,False,2024,,,,
75,Duinrell @duinrell,452600.0,,Netherlands,,135800.0,tiktok,netherlands,False,2024,,,,
76,Pich Tanz vlog 🇳🇱 @pichtanzvlog,452400.0,,Netherlands,,135700.0,tiktok,netherlands,False,2024,,,,
77,Politie Amsterdam Kim @politieamsterdam,449300.0,,Netherlands,,134800.0,tiktok,netherlands,False,2024,,,,
78,❣️TikTok❣️MaMa❤️‍🔥 @99jolay,449300.0,,Netherlands,,134800.0,tiktok,netherlands,False,2024,,,,
79,Isabel Kist @isabelkist,446400.0,,Netherlands,Sports,133900.0,tiktok,netherlands,False,2024,Sports,MAPPED,,
80,TDP® Start Digital Planning @thedailyplanners,445700.0,,Netherlands,,133700.0,tiktok,netherlands,False,2024,,,,
81,☠️Adam📓 @adam.killed.god,445600.0,,Netherlands,,133700.0,tiktok,netherlands,False,2024,,,,
82,Mondly - Let’s talk freedom @mondly.app,416800.0,,Netherlands,,125000.0,tiktok,netherlands,False,2024,,,,
83,Armada Music @armadamusic,415200.0,,Netherlands,Entertainment and Music Music,124600.0,tiktok,netherlands,False,2024,Music,MAPPED,,
84,ROMMYDEBOMMY @rommydebommy,411500.0,7.5,Netherlands,Fashion and Accessories Arts and Crafts,123500.0,tiktok,netherlands,False,2024,Beauty&Fashion,MAPPED,,
85,Xavi Simons @xavisimons,408100.0,0.8,Netherlands,,122400.0,tiktok,netherlands,False,2024,,,,
86,Creator Mansion @creatormansion,404800.0,0.3,Netherlands,,121400.0,tiktok,netherlands,False,2024,,,,
87,Zach @itszacharias,404400.0,,Netherlands,,121300.0,tiktok,netherlands,False,2024,,,,
88,Aimane Charbon @charbonnn,400700.0,0.7,Netherlands,Entertainment and Music,120200.0,tiktok,netherlands,False,2024,Music,MAPPED,,
89,Sander VS @sandervs_,397200.0,,Netherlands,,119200.0,tiktok,netherlands,False,2024,,,,
90,Nina @lotteschx,395300.0,,Netherlands,,118600.0,tiktok,netherlands,False,2024,,,,
91,Enya van Egmond 🇳🇱 @bionic_pippi,389100.0,,Netherlands,,116700.0,tiktok,netherlands,False,2024,,,,
92,minamies❤💘💋 @loveley.mina,385300.0,,Netherlands,Beauty and Self Care,115600.0,tiktok,netherlands,False,2024,Beauty&Fashion,MAPPED,,
93,Noortjefaas @mssfaas,384700.0,,Netherlands,,115400.0,tiktok,netherlands,False,2024,,,,
94,Rituka Dahal @ritukadahal,384000.0,,Netherlands,,115200.0,tiktok,netherlands,False,2024,,,,
95,Thomas Van Der Vlugt @thomasstuktv,383100.0,,Netherlands,,114900.0,tiktok,netherlands,False,2024,,,,
96,Connection Interrupted @connectioninterrupted,382700.0,,Netherlands,,114800.0,tiktok,netherlands,False,2024,,,,
97,Animeeditss1999 @animeeditss..1999,381000.0,,Netherlands,,114300.0,tiktok,netherlands,False,2024,,,,
98,Cordelia 🍀 @lord.cord,380800.0,,Netherlands,Entertainment and Music Education,114200.0,tiktok,netherlands,False,2024,Knowledge&Info,MAPPED,,
99,dilaratelecom @dilaratelecom,379700.0,0.7,Netherlands,Product Education,113900.0,tiktok,netherlands,False,2024,Knowledge&Info,MAPPED,,
100,شيف حسين @chefhussein3,378300.0,,Netherlands,,113500.0,tiktok,netherlands,False,2024,,,,
1,OLE' CH(4.7M) @oleeo_ch,4700000.0,1.4,Norway,,1400000.0,tiktok,norway,False,2024,,,,
2,The Nylands @thenylands,3200000.0,,Norway,Funny,960000.0,tiktok,norway,False,2024,Entertainment,MAPPED,,
3,Ingrid Elida @ingridelidaw,2200000.0,,Norway,Arts and Crafts,660000.0,tiktok,norway,False,2024,Lifestyle,MAPPED,,
4,Princess Thea @princess_thea14,2000000.0,,Norway,Fashion and Accessories,600000.0,tiktok,norway,False,2024,Beauty&Fashion,MAPPED,,
5,(っ◔◡◔)っ ♥ Anna Lena Strigl ♥ @anna_strigl,2000000.0,,Norway,Animation and Cosplay,600000.0,tiktok,norway,False,2024,Tech&Gaming,MAPPED,,
6,Alexander Rybak @alexrybakofficial,1900000.0,,Norway,Entertainment and Music,570000.0,tiktok,norway,False,2024,Music,MAPPED,,
7,Are Evensen @aer.ey,1500000.0,,Norway,Life and Society,450000.0,tiktok,norway,False,2024,Knowledge&Info,MAPPED,,
8,Julius Chezame Treike @chezame_official,1100000.0,,Norway,,330000.0,tiktok,norway,False,2024,,,,
9,Beppa @grandpabeppa_,960600.0,,Norway,Entertainment and Music,288200.0,tiktok,norway,False,2024,Music,MAPPED,,
10,Chicco Mattos @chiccomattos,938800.0,,Norway,,281600.0,tiktok,norway,False,2024,,,,
11,Frost_Cos @frost_cos,918400.0,,Norway,Animation and Cosplay,275500.0,tiktok,norway,False,2024,Tech&Gaming,MAPPED,,
12,Sabina Majaliwa @sabinamajaliwa,883500.0,,Norway,,265100.0,tiktok,norway,False,2024,,,,
13,❄️keanu❄️ @xx.devilzach.xx,727100.0,0.4,Norway,,218100.0,tiktok,norway,False,2024,,,,
14,Fredrik•skoglund @fredrikskoglundd,665700.0,0.3,Norway,,199700.0,tiktok,norway,False,2024,,,,
15,Pia Notøy @pia.notoy,654800.0,,Norway,,196400.0,tiktok,norway,False,2024,,,,
16,Memes every day @memes_dont_laugh,646100.0,4.2,Norway,,193800.0,tiktok,norway,False,2024,,,,
17,JuliasPhouse @juliasphouse,620400.0,,Norway,Home and Garden Life and Society,186100.0,tiktok,norway,False,2024,Knowledge&Info,MAPPED,,
18,Ole Mørland Johnsen @highonflips,618000.0,,Norway,Outdoor Activity Sports Entertainment and Music,185400.0,tiktok,norway,False,2024,Sports,MAPPED,,
19,PainHubFamily @painhubfamily,614600.0,0.5,Norway,,184400.0,tiktok,norway,False,2024,,,,
20,Espen Hatleskog @pilotviking,609000.0,,Norway,,182700.0,tiktok,norway,False,2024,,,,
21,Nikko🔥🔥 @nikko115,591600.0,,Norway,Food,177500.0,tiktok,norway,False,2024,Lifestyle,MAPPED,,
22,Edel Charlotte @edel_fosse,523500.0,,Norway,,157100.0,tiktok,norway,False,2024,,,,
23,Made by MARV @madebymarv_,518000.0,0.1,Norway,,155400.0,tiktok,norway,False,2024,,,,
24,Jacki @jacki_art_03,506800.0,,Norway,,152000.0,tiktok,norway,False,2024,,,,
25,Nettpatruljen Vest @politivest,506400.0,0.1,Norway,Education Life and Society,151900.0,tiktok,norway,False,2024,Knowledge&Info,MAPPED,,
26,Nicholas Løken @nikkoloken,502000.0,,Norway,,150600.0,tiktok,norway,False,2024,,,,
27,wes_pres @wes_pres,499600.0,,Norway,Outdoor Activity,149900.0,tiktok,norway,False,2024,Sports,MAPPED,,
28,Joseph BwaeOriginal @josbruh_original,488800.0,,Norway,,146600.0,tiktok,norway,False,2024,,,,
29,Mili Vada @reallymili,464800.0,,Norway,Beauty and Self Care Funny,139400.0,tiktok,norway,False,2024,Beauty&Fashion,MAPPED,,
30,TikTok the Nordics @tiktoknordics,437400.0,0.1,Norway,,131200.0,tiktok,norway,False,2024,,,,
31,Mathias Utter Ronander @mathiasronander,426600.0,0.1,Norway,,128000.0,tiktok,norway,False,2024,,,,
32,William @williamgamborg,425400.0,,Norway,,127600.0,tiktok,norway,False,2024,,,,
33,mainecoonqueens @mainecoonqueens,423300.0,,Norway,Animals Pets,127000.0,tiktok,norway,False,2024,Lifestyle,MAPPED,,
34,محمود_قنطوش @kantoshofficial,420600.0,,Norway,Acting and Drama Celebrity,126200.0,tiktok,norway,False,2024,Entertainment,MAPPED,,
35,Godofviking @godofviking,416900.0,,Norway,,125100.0,tiktok,norway,False,2024,,,,
36,Maria Juterud @mariajuterud,414900.0,20.5,Norway,Fashion and Accessories,124500.0,tiktok,norway,False,2024,Beauty&Fashion,MAPPED,,
37,Minikim @minitoks,414500.0,,Norway,,124400.0,tiktok,norway,False,2024,,,,
38,Malindahlewesterlund @malindahlewesterlund,403100.0,0.3,Norway,,120900.0,tiktok,norway,False,2024,,,,
39,Amalie Olsen Gjersøe @amalieolsengjerse,390400.0,,Norway,,117100.0,tiktok,norway,False,2024,,,,
40,Home of Handball @homeofhandball,387100.0,,Norway,Sports,116100.0,tiktok,norway,False,2024,Sports,MAPPED,,
41,Kygo @kygomusic,379700.0,,Norway,,113900.0,tiktok,norway,False,2024,,,,
42,Game-On! @gameon.no,377700.0,0.1,Norway,,113300.0,tiktok,norway,False,2024,,,,
43,PinkPeopleDontWantHair @pinkpeopledontwanthair,376400.0,0.2,Norway,,112900.0,tiktok,norway,False,2024,,,,
44,Zara Cecilie @zaracecilie,369300.0,,Norway,Beauty and Self Care,110800.0,tiktok,norway,False,2024,Beauty&Fashion,MAPPED,,
45,<33 @xxxidkxxx1234,367900.0,17.2,Norway,,110400.0,tiktok,norway,False,2024,,,,
46,Stop tagging me you fat pig @2012ferrari,366200.0,0.2,Norway,,109900.0,tiktok,norway,False,2024,,,,
47,sofie @swagsof,365800.0,0.1,Norway,,109700.0,tiktok,norway,False,2024,,,,
48,K.a.w.a🇳🇴 @kawahoro5,365400.0,,Norway,,109600.0,tiktok,norway,False,2024,,,,
49,Leon Gillies Mannes @leonstreetskills,359200.0,0.8,Norway,,107800.0,tiktok,norway,False,2024,,,,
50,lil Wayne @lilwayne__,358600.0,2.3,Norway,,107600.0,tiktok,norway,False,2024,,,,
51,Henrik Moen @henrikmoeen,354000.0,0.2,Norway,,106200.0,tiktok,norway,False,2024,,,,
52,Kristine Heart 🧿 @kristineheartsalvatierra,353000.0,,Norway,,105900.0,tiktok,norway,False,2024,,,,
53,🎸🎸😍 @pearrr_,352900.0,,Norway,,105900.0,tiktok,norway,False,2024,,,,
54,anika 🍀 @fawnings,345300.0,,Norway,,103600.0,tiktok,norway,False,2024,,,,
55,Emma Ellingsen @emmathevampireslayer,341000.0,0.1,Norway,Arts and Crafts,102300.0,tiktok,norway,False,2024,Lifestyle,MAPPED,,
56,🇺🇦 IDIOT SANDWICH 🇺🇦 @jopux,337600.0,,Norway,,101300.0,tiktok,norway,False,2024,,,,
57,jenniesofie @jenniessofie,333600.0,,Norway,Education Entertainment and Music,100100.0,tiktok,norway,False,2024,Knowledge&Info,MAPPED,,
58,toca._.boca._.vid.s @toca._.boca._.vid.s,331000.0,,Norway,,99300.0,tiktok,norway,False,2024,,,,
59,Lina @georgiannaa25,324000.0,,Norway,,97200.0,tiktok,norway,False,2024,,,,
60,ælya @plincesalya,307100.0,,Norway,,92100.0,tiktok,norway,False,2024,,,,
61,CBUM @chrisbumbeast,304000.0,0.1,Norway,,91200.0,tiktok,norway,False,2024,,,,
62,🥑avocado🥑 @we_are_the_clowns,298900.0,,Norway,,89700.0,tiktok,norway,False,2024,,,,
63,✨ Frieda & Henry ✨ @cats.friedaandhenry,295300.0,,Norway,Pets,88600.0,tiktok,norway,False,2024,Lifestyle,MAPPED,,
64,Yasmin Hero @yasminheroo,294000.0,,Norway,,88200.0,tiktok,norway,False,2024,,,,
65,Acting Animagus @actinganimagus,293400.0,,Norway,Animation and Cosplay,88000.0,tiktok,norway,False,2024,Tech&Gaming,MAPPED,,
66,Arne Haugland @avhaugland,293100.0,,Norway,,87900.0,tiktok,norway,False,2024,,,,
67,Nettpatruljen Sør-V @politisorvest,288700.0,,Norway,,86600.0,tiktok,norway,False,2024,,,,
68,Linnealotvedt @linnealotvedt,286100.0,,Norway,Travel,85800.0,tiktok,norway,False,2024,Lifestyle,MAPPED,,
69,Thor Rosland @thorrosland,284100.0,,Norway,,85200.0,tiktok,norway,False,2024,,,,
70,norisen1 @norisen1,281400.0,,Norway,,84400.0,tiktok,norway,False,2024,,,,
71,The Norwegian Family @thenorwegian.family,279000.0,,Norway,family,83700.0,tiktok,norway,False,2024,Lifestyle,MAPPED,,
72,Brø Rërn @user7325244156950,277900.0,,Norway,Entertainment and Music,83400.0,tiktok,norway,False,2024,Music,MAPPED,,
73,FotballShop @fotballshop,275800.0,0.3,Norway,,82700.0,tiktok,norway,False,2024,,,,
74,411.MAGAZINE @411magazine,274400.0,,Norway,Music,82300.0,tiktok,norway,False,2024,Music,MAPPED,,
75,Nora and Melinda @noraandmelinda,270900.0,4.6,Norway,,81300.0,tiktok,norway,False,2024,,,,
76,simattnicolai @mattnicolai.11,267000.0,,Norway,,80100.0,tiktok,norway,False,2024,,,,
77,David Mokel @davidmokel16,265600.0,0.2,Norway,Entertainment and Music,79700.0,tiktok,norway,False,2024,Music,MAPPED,,
78,Ariel Andreassen @arielandreassen,264300.0,,Norway,Fitness and Health,79300.0,tiktok,norway,False,2024,Sports,MAPPED,,
79,Jarle Kalseth @kalsethjarle,260500.0,,Norway,Entertainment and Music,78200.0,tiktok,norway,False,2024,Music,MAPPED,,
80,Louisa Warwin @icequeenlouisa,256200.0,,Norway,,76900.0,tiktok,norway,False,2024,,,,
81,Annelenebre @annelenebre,253900.0,,Norway,Entertainment and Music,76200.0,tiktok,norway,False,2024,Music,MAPPED,,
82,الخاااااااال @alkhal939393,252000.0,,Norway,,75600.0,tiktok,norway,False,2024,,,,
83,HaraldSandvik @haraldsandvik98,251800.0,,Norway,Travel,75500.0,tiktok,norway,False,2024,Lifestyle,MAPPED,,
84,Sondre Guttormsen @sondre_pv,251600.0,,Norway,Sports,75500.0,tiktok,norway,False,2024,Sports,MAPPED,,
85,Painter_Isse @painter_isse,249000.0,,Norway,Arts and Crafts Automotive,74700.0,tiktok,norway,False,2024,Tech&Gaming,MAPPED,,
86,Gucciflako @mr.abbosi,241100.0,0.4,Norway,,72300.0,tiktok,norway,False,2024,,,,
87,Andrea @andreaurh,240900.0,,Norway,,72300.0,tiktok,norway,False,2024,,,,
88,weldhub @weldhub2.0,239500.0,,Norway,,71900.0,tiktok,norway,False,2024,,,,
89,Edda @eddlon,235500.0,,Norway,Animals,70700.0,tiktok,norway,False,2024,Lifestyle,MAPPED,,
90,Bernie Bergan @berniebergan,232400.0,,Norway,,69700.0,tiktok,norway,False,2024,,,,
91,Karoline Krøvel @karokul,229900.0,,Norway,Fashion and Accessories,69000.0,tiktok,norway,False,2024,Beauty&Fashion,MAPPED,,
92,Bread By Elise @breadbyelisecom,225600.0,0.6,Norway,Food Product Education,67700.0,tiktok,norway,False,2024,Knowledge&Info,MAPPED,,
93,SALKE ONE @salkeone,225300.0,,Norway,,67600.0,tiktok,norway,False,2024,,,,
94,Marius! @marius_2008_,222400.0,,Norway,,66700.0,tiktok,norway,False,2024,,,,
95,Maren YS🧋 @mysismys,221000.0,,Norway,Entertainment and Music,66300.0,tiktok,norway,False,2024,Music,MAPPED,,
96,Reimar Berge @reimarito,216600.0,0.5,Norway,,65000.0,tiktok,norway,False,2024,,,,
97,Nalla @valhallangel,213800.0,,Norway,,64099.99999999999,tiktok,norway,False,2024,,,,
98,Liv Gravdahl @hurryliv,212500.0,,Norway,Home and Garden,63800.0,tiktok,norway,False,2024,Lifestyle,MAPPED,,
99,Sabina Marthinsen @sabinaa123456,210100.0,,Norway,Animals,63000.0,tiktok,norway,False,2024,Lifestyle,MAPPED,,
100,Christian Wedoy @christianwedoy,209200.0,,Norway,Entertainment and Music,62800.0,tiktok,norway,False,2024,Music,MAPPED,,
1,Mehak Malik official @mehakmalikofficial578,10300000.0,,Pakistan,,3100000.0,tiktok,pakistan,False,2024,,,,
2,Asad ali |🇵🇰 @asadaliofficiall,7100000.0,,Pakistan,,2100000.0,tiktok,pakistan,False,2024,,,,
3,Gul Panra @gulpanra888,3500000.0,,Pakistan,Entertainment and Music Music,1100000.0,tiktok,pakistan,False,2024,Music,MAPPED,,
4,Babarmalik @babarmalik68,3100000.0,,Pakistan,,930000.0,tiktok,pakistan,False,2024,,,,
5,Fiza Shearnii🦁💪🏻 @mano_jatti,2900000.0,,Pakistan,Entertainment and Music Acting and Drama Celebrity,870000.0,tiktok,pakistan,False,2024,Music,MAPPED,,
6,🇵🇰LaLagee_786👍 @lalagee786,2800000.0,,Pakistan,,840000.0,tiktok,pakistan,False,2024,,,,
7,🇵🇰 Horain Khan @horainkhan123officiall,2600000.0,,Pakistan,,780000.0,tiktok,pakistan,False,2024,,,,
8,Bota Don @botadonfsd,2500000.0,,Pakistan,,750000.0,tiktok,pakistan,False,2024,,,,
9,🧿Makeup Artist 🧿 @where_is_my_ring,2500000.0,,Pakistan,Beauty,750000.0,tiktok,pakistan,False,2024,Beauty&Fashion,MAPPED,,
10,Umair Bajwa @umairbajwa22,2400000.0,,Pakistan,,720000.0,tiktok,pakistan,False,2024,,,,
11,Muhammad Arslan Afzal @motivational_videos_786,2300000.0,,Pakistan,,690000.0,tiktok,pakistan,False,2024,,,,
12,Danish Meher @danish_meher,2200000.0,,Pakistan,Auto and Vehicles Automotive,660000.0,tiktok,pakistan,False,2024,Tech&Gaming,MAPPED,,
13,Usman RAjPOOT @usmanrajpoot711,2100000.0,,Pakistan,,630000.0,tiktok,pakistan,False,2024,,,,
14,Paroo Peshawar @paroopeshawar,2100000.0,,Pakistan,Education,630000.0,tiktok,pakistan,False,2024,Knowledge&Info,MAPPED,,
15,Allauddin Noor M @mr_aadi__05,2100000.0,,Pakistan,,630000.0,tiktok,pakistan,False,2024,,,,
16,Shakeelmehar009 @shakeel.mehar009,2000000.0,,Pakistan,,600000.0,tiktok,pakistan,False,2024,,,,
17,Bushii 👸 @bushragulfam.123,2000000.0,,Pakistan,Entertainment and Music,600000.0,tiktok,pakistan,False,2024,Music,MAPPED,,
18,Ghani Tiger @ghani.tiger786,1800000.0,,Pakistan,,540000.0,tiktok,pakistan,False,2024,,,,
19,Amna Nasir @amnanasir4,1800000.0,,Pakistan,,540000.0,tiktok,pakistan,False,2024,,,,
20,chacha pakistani @chachapakistani,1800000.0,,Pakistan,,540000.0,tiktok,pakistan,False,2024,,,,
21,Shah.Badshah @shah_badshah151214,1800000.0,,Pakistan,,540000.0,tiktok,pakistan,False,2024,,,,
22,Azam Arts @azamarts,1700000.0,,Pakistan,Arts and Crafts,510000.0,tiktok,pakistan,False,2024,Lifestyle,MAPPED,,
23,Salman Mumtaz @salmanmumtaz1,1600000.0,,Pakistan,,480000.0,tiktok,pakistan,False,2024,,,,
24,Syed Mukkaram 📸 @mukkaram1122,1500000.0,,Pakistan,,450000.0,tiktok,pakistan,False,2024,,,,
25,Saba Raza @sabarazaofficial,1500000.0,,Pakistan,,450000.0,tiktok,pakistan,False,2024,,,,
26,Muslim Boy❤️ @waqarvicky298,1500000.0,,Pakistan,,450000.0,tiktok,pakistan,False,2024,,,,
27,Prince of Charsadda🤴 @imtiazkhan191,1400000.0,,Pakistan,,420000.0,tiktok,pakistan,False,2024,,,,
28,Emanmitho 🥰 @emanmitho,1400000.0,,Pakistan,,420000.0,tiktok,pakistan,False,2024,,,,
29,jam💞safdar @jamsafdar0786,1400000.0,,Pakistan,,420000.0,tiktok,pakistan,False,2024,,,,
30,shabbir454 @shabbir454,1400000.0,,Pakistan,,420000.0,tiktok,pakistan,False,2024,,,,
31,EnglishWithSamad @englishwithsamad,1400000.0,,Pakistan,Education Upskilling,420000.0,tiktok,pakistan,False,2024,Knowledge&Info,MAPPED,,
32,💞🇵🇰 Sara 🇵🇰💞 @sarasonisara,1300000.0,,Pakistan,,390000.0,tiktok,pakistan,False,2024,,,,
33,riz @culturekingdom,1300000.0,,Pakistan,Entertainment and Music Sports,390000.0,tiktok,pakistan,False,2024,Sports,MAPPED,,
34,Garena Free Fire Pakistan @garenafreefirepkofficial,1300000.0,,Pakistan,Games,390000.0,tiktok,pakistan,False,2024,Tech&Gaming,MAPPED,,
35,Sahib Xada @sahibxada5,1300000.0,,Pakistan,,390000.0,tiktok,pakistan,False,2024,,,,
36,🦁 Khurram Gujjar 🦁 @khurramgujjar99,1300000.0,,Pakistan,,390000.0,tiktok,pakistan,False,2024,,,,
37,HUM TV @humtv_pakistan,1200000.0,,Pakistan,Entertainment and Music,360000.0,tiktok,pakistan,False,2024,Music,MAPPED,,
38,Jawad Khan @jawadkhan81,1100000.0,,Pakistan,,330000.0,tiktok,pakistan,False,2024,,,,
39,Junaid Khan Advocate @junaidkhanadvocate,1100000.0,,Pakistan,,330000.0,tiktok,pakistan,False,2024,,,,
40,Zen Ul Abdin @zenulabdin01,1100000.0,,Pakistan,,330000.0,tiktok,pakistan,False,2024,,,,
41,✨Manahil Jabeen✨ @heyitsmeminah,1100000.0,,Pakistan,,330000.0,tiktok,pakistan,False,2024,,,,
42,billiwala12 @billiwala12,1000000.0,,Pakistan,,300000.0,tiktok,pakistan,False,2024,,,,
43,Waqar_Chishti Poetry.s @sahibzada_waqar_officia1,998600.0,,Pakistan,,299600.0,tiktok,pakistan,False,2024,,,,
44,🔥 AhmaD Jee 🔥 @ahmad_jee7,998500.0,,Pakistan,,299600.0,tiktok,pakistan,False,2024,,,,
45,Hadassah Boaz @hadassahboaz,994700.0,,Pakistan,,298400.0,tiktok,pakistan,False,2024,,,,
46,PTI OFFICIAL @pti.official,990400.0,,Pakistan,,297100.0,tiktok,pakistan,False,2024,,,,
47,sadamhussain757 @sadamhussain757,984600.0,0.1,Pakistan,,295400.0,tiktok,pakistan,False,2024,,,,
48,❤️iqu💑Dani❤️ @iqu_dani,984300.0,,Pakistan,,295300.0,tiktok,pakistan,False,2024,,,,
49,Suzain Fatima @suzainfatimaofficial,983400.0,,Pakistan,Acting and Drama,295000.0,tiktok,pakistan,False,2024,Entertainment,MAPPED,,
50,🔥Fanni rajput🔥 @afnanrajput01,982300.0,,Pakistan,,294700.0,tiktok,pakistan,False,2024,,,,
51,🔥 MR. DK 🔥 @_dawood_khan,981100.0,,Pakistan,,294300.0,tiktok,pakistan,False,2024,,,,
52,Annabuttab @annabuttab,975600.0,,Pakistan,,292700.0,tiktok,pakistan,False,2024,,,,
53,Deshi Nazir Mazari @nazirahmed93,973800.0,,Pakistan,,292100.0,tiktok,pakistan,False,2024,,,,
54,Mannat Malik @mannatmalikofficial511,973600.0,,Pakistan,,292100.0,tiktok,pakistan,False,2024,,,,
55,👑 Waleed Malik 👑 @waleedmalik09,972600.0,,Pakistan,,291800.0,tiktok,pakistan,False,2024,,,,
56,Muhammad Haseeb🦁 @mr._.haseeb78,971300.0,,Pakistan,,291400.0,tiktok,pakistan,False,2024,,,,
57,@_it's Laiba ❤️ @laibasahikh,969000.0,,Pakistan,,290700.0,tiktok,pakistan,False,2024,,,,
58,👑sunny baba288👑 @sunny.baba88,966100.0,,Pakistan,,289800.0,tiktok,pakistan,False,2024,,,,
59,Rajpoot💞 @abdul_manan882,960400.0,,Pakistan,,288100.0,tiktok,pakistan,False,2024,,,,
60,zahid pehalwan @zahidpehalwan333,960200.0,,Pakistan,,288100.0,tiktok,pakistan,False,2024,,,,
61,hummy @hamzabutt8736,959400.0,,Pakistan,,287800.0,tiktok,pakistan,False,2024,,,,
62,Ch.hassan9999 @ch.hassan9999,958900.0,,Pakistan,,287700.0,tiktok,pakistan,False,2024,,,,
63,Mehak Jaan @mehakjaan17,957400.0,,Pakistan,,287200.0,tiktok,pakistan,False,2024,,,,
64,Haidar Khan @haidarkhan25,956800.0,,Pakistan,Romance and Wedding,287000.0,tiktok,pakistan,False,2024,Beauty&Fashion,MAPPED,,
65,✞ঔৣH̷ЇÐÐɆ₦༒ǤЇЯŁঔৣ✞ @_ki_t_,954500.0,,Pakistan,,286400.0,tiktok,pakistan,False,2024,,,,
66,@malik anayat baloch @malikanayat,952200.0,0.2,Pakistan,,285700.0,tiktok,pakistan,False,2024,,,,
67,Vickky_writes ☑️⚡⚡ @itz__saim08,951400.0,,Pakistan,,285400.0,tiktok,pakistan,False,2024,,,,
68,Zahra Javed 👑 @zahra_jay,951300.0,,Pakistan,,285400.0,tiktok,pakistan,False,2024,,,,
69,Akbar Ali® @makhdoomi_83,951100.0,,Pakistan,,285300.0,tiktok,pakistan,False,2024,,,,
70,🔥WaQaR🔥 @innocent_waqar92,949900.0,,Pakistan,,285000.0,tiktok,pakistan,False,2024,,,,
71,"🌺 ""Queen"" 🌺 @ezza124",948200.0,,Pakistan,,284500.0,tiktok,pakistan,False,2024,,,,
72,آخری امید 🥀 @akhari.umeed,947500.0,,Pakistan,,284300.0,tiktok,pakistan,False,2024,,,,
73,Mahar Waqar @moonie.official,947200.0,,Pakistan,,284200.0,tiktok,pakistan,False,2024,,,,
74,❤️Maryam Ali ♥️ @maryamali5996,946900.0,,Pakistan,,284100.0,tiktok,pakistan,False,2024,,,,
75,Lishay @alishbahanjum687,946300.0,,Pakistan,,283900.0,tiktok,pakistan,False,2024,,,,
76,Sehar Khan @official_seharkhan,942300.0,,Pakistan,,282700.0,tiktok,pakistan,False,2024,,,,
77,Muazzam King @muazzam.king,941000.0,,Pakistan,Acting and Drama,282300.0,tiktok,pakistan,False,2024,Entertainment,MAPPED,,
78,Iconic NAVID @navidthestar.official,940300.0,,Pakistan,,282100.0,tiktok,pakistan,False,2024,,,,
79,Arbaz Khan @arbazkhanworld,938000.0,,Pakistan,,281400.0,tiktok,pakistan,False,2024,,,,
80,Aizaz ❤ zooo @aizazkhan_302,935300.0,,Pakistan,,280600.0,tiktok,pakistan,False,2024,,,,
81,Noor Hassan @noorhassan17,933900.0,,Pakistan,,280200.0,tiktok,pakistan,False,2024,,,,
82,@Zddi JONI🥰 @mhrjunaid,933700.0,,Pakistan,,280100.0,tiktok,pakistan,False,2024,,,,
83,ARY DIGITAL @arydigitalasia,931400.0,,Pakistan,Entertainment and Music,279400.0,tiktok,pakistan,False,2024,Music,MAPPED,,
84,faisi&sid❣️❣️ @sidch_faisi,929200.0,,Pakistan,,278800.0,tiktok,pakistan,False,2024,,,,
85,Shah jahan @shahjahan.dgkhan,928100.0,,Pakistan,,278400.0,tiktok,pakistan,False,2024,,,,
86,T Z 🥀 @talhakhan529,925000.0,,Pakistan,,277500.0,tiktok,pakistan,False,2024,,,,
87,❤️ Ubbi Jaan ❤️ @ubbijaan0,921500.0,,Pakistan,,276500.0,tiktok,pakistan,False,2024,,,,
88,Abiha* @abiha_naqvi16,917200.0,,Pakistan,,275200.0,tiktok,pakistan,False,2024,,,,
89,jaankhan @kashif_niazii,916900.0,,Pakistan,,275100.0,tiktok,pakistan,False,2024,,,,
90,🔥Muna Rajput🔥 @user5121472512140,916600.0,,Pakistan,,275000.0,tiktok,pakistan,False,2024,,,,
91,❤️‍🔥BAWA G GUJRAT❤️‍🔥 @sofi_gujjratan,916100.0,,Pakistan,,274800.0,tiktok,pakistan,False,2024,,,,
92,ALi Mughal @alibahi9t9,914100.0,,Pakistan,,274200.0,tiktok,pakistan,False,2024,,,,
93,Syed Shahzeb @syed_shahzeb,913200.0,,Pakistan,,274000.0,tiktok,pakistan,False,2024,,,,
94,Ayeshakhan 🇵🇰 @i_ayesha_here,910800.0,,Pakistan,Beauty,273200.0,tiktok,pakistan,False,2024,Beauty&Fashion,MAPPED,,
95,🔥 ShAmEzAi 🔥 @shamezai_4455,910500.0,,Pakistan,,273200.0,tiktok,pakistan,False,2024,,,,
96,Subhan Makeup Artist @subhanmakeupartist06,907400.0,,Pakistan,Beauty and Self Care,272200.0,tiktok,pakistan,False,2024,Beauty&Fashion,MAPPED,,
97,Zergoon Amanullah @zergoon.ly,904400.0,,Pakistan,,271300.0,tiktok,pakistan,False,2024,,,,
98,Mr.Sheryz wedding’s 📷 @mrsheryz,900400.0,,Pakistan,Photography Romance and Wedding,270100.0,tiktok,pakistan,False,2024,Beauty&Fashion,MAPPED,,
99,jimmy junaid🌟 @jimmy_junaid,900100.0,,Pakistan,,270000.0,tiktok,pakistan,False,2024,,,,
100,asim.ansari01 @asim.ansari01,897800.0,,Pakistan,,269300.0,tiktok,pakistan,False,2024,,,,
1,Omega Berrio 🇵🇦😎 @omegaberrio,2700000.0,,Panama,Entertainment and Music,810000.0,tiktok,panama,False,2024,Music,MAPPED,,
2,bing bing @bingbing.market,1600000.0,,Panama,Arts and Crafts,480000.0,tiktok,panama,False,2024,Lifestyle,MAPPED,,
3,BARBIE 🇵🇦 @_barbieross,965700.0,,Panama,,289700.0,tiktok,panama,False,2024,,,,
4,jflow @jflow_507,928500.0,,Panama,,278600.0,tiktok,panama,False,2024,,,,
5,Karen @kkarenlauu,764100.0,,Panama,,229200.0,tiktok,panama,False,2024,,,,
6,paola viale @paolaaviale,763500.0,,Panama,Fitness Fashion,229100.0,tiktok,panama,False,2024,Sports,MAPPED,,
7,💕 Karly 💕 @holakarlyland,759500.0,,Panama,,227900.0,tiktok,panama,False,2024,,,,
8,Katherine Cruz⚡️ @kathcrush,742600.0,,Panama,Entertainment and Music,222800.0,tiktok,panama,False,2024,Music,MAPPED,,
9,Alex @mynameisalex___,732000.0,,Panama,,219600.0,tiktok,panama,False,2024,,,,
10,Urane viviana @urane_viviana_01,725200.0,,Panama,,217600.0,tiktok,panama,False,2024,,,,
11,Sofi @hatecheeselovepizza,712200.0,,Panama,,213700.0,tiktok,panama,False,2024,,,,
12,cindyortega0093 @china2789new,684200.0,,Panama,,205300.0,tiktok,panama,False,2024,,,,
13,Henry Alexander @henrryalexanderpty,656500.0,0.1,Panama,,197000.0,tiktok,panama,False,2024,,,,
14,ZLOTHRIC 2.0 @zlothric2.0,656300.0,1.1,Panama,Food,196900.0,tiktok,panama,False,2024,Lifestyle,MAPPED,,
15,Brian Andre @brianandres_,647200.0,,Panama,Funny,194200.0,tiktok,panama,False,2024,Entertainment,MAPPED,,
16,Sechmusic @sechmusicoficial,646400.0,,Panama,Entertainment and Music,193900.0,tiktok,panama,False,2024,Music,MAPPED,,
17,Elisama @elisama.a.a,625200.0,,Panama,,187600.0,tiktok,panama,False,2024,,,,
18,Mateo @mateop8690,620100.0,,Panama,,186000.0,tiktok,panama,False,2024,,,,
19,Nathalie Pino @nathaliepino1,607600.0,,Panama,,182300.0,tiktok,panama,False,2024,,,,
20,Irisbeilin @irisbeilin,595700.0,,Panama,Beauty and Self Care,178700.0,tiktok,panama,False,2024,Beauty&Fashion,MAPPED,,
21,Ana Lorena Ronco @lorena_ronco,581000.0,,Panama,,174300.0,tiktok,panama,False,2024,,,,
22,ivaneloy @ivaneloy0,566500.0,,Panama,,170000.0,tiktok,panama,False,2024,,,,
23,David.Mojica @davidmojica217,562200.0,0.1,Panama,Pets,168700.0,tiktok,panama,False,2024,Lifestyle,MAPPED,,
24,Jay Wheeler Panamá 🇵🇦 @jaywheelerpa,557200.0,0.2,Panama,Entertainment and Music,167200.0,tiktok,panama,False,2024,Music,MAPPED,,
25,La_VozKid_Global @la_vozkid_global,553000.0,,Panama,,165900.0,tiktok,panama,False,2024,,,,
26,상사 @lion_sangsa,551600.0,,Panama,,165500.0,tiktok,panama,False,2024,,,,
27,Mr. Bucktron👨🏽‍💻 @rogeliobucktronar,543500.0,0.2,Panama,Education Arts and Crafts,163100.0,tiktok,panama,False,2024,Knowledge&Info,MAPPED,,
28,joeymontanaoficial @joeymontanaoficial,542200.0,,Panama,,162700.0,tiktok,panama,False,2024,,,,
29,Katherine cruz⚡️ @katherinecruzmm,532600.0,0.5,Panama,,159800.0,tiktok,panama,False,2024,,,,
30,Reynier David ✓ @blackmooouth,515600.0,0.1,Panama,,154700.0,tiktok,panama,False,2024,,,,
31,Roux Siblings @rollin.with.the.rouxs,499300.0,,Panama,,149800.0,tiktok,panama,False,2024,,,,
32,Abraham T Pravia P @abrahamtpraviap,498500.0,,Panama,Pets,149600.0,tiktok,panama,False,2024,Lifestyle,MAPPED,,
33,Marelissa @marelissahim,489100.0,,Panama,,146700.0,tiktok,panama,False,2024,,,,
34,Ariel Bosso5 @arielbosso,484800.0,0.1,Panama,,145400.0,tiktok,panama,False,2024,,,,
35,Nemz.official @s.nemz,477200.0,0.2,Panama,,143200.0,tiktok,panama,False,2024,,,,
36,DecoArt Wallpaper St @decoartwallpapers,476400.0,,Panama,,142900.0,tiktok,panama,False,2024,,,,
37,Linneth🇵🇦 @mafiosa.ff_,459400.0,0.1,Panama,,137800.0,tiktok,panama,False,2024,,,,
38,JULIAN TORRES @juliantorresoficial,451100.0,0.1,Panama,Entertainment and Music,135300.0,tiktok,panama,False,2024,Music,MAPPED,,
39,deondra ✪ @asvp.deondraa,425400.0,,Panama,,127600.0,tiktok,panama,False,2024,,,,
40,Lamuneca22_ @lamuneca22_,423800.0,,Panama,,127100.0,tiktok,panama,False,2024,,,,
41,@javieriin_,405800.0,1.5,Panama,,121700.0,tiktok,panama,False,2024,,,,
42,Claudia_tapasco @tapasco_claudia,401800.0,,Panama,Fitness,120500.0,tiktok,panama,False,2024,Sports,MAPPED,,
43,Alan music @alancrisstiktok,398100.0,0.1,Panama,,119400.0,tiktok,panama,False,2024,,,,
44,Capuchina🤍 @capuchina114,388100.0,,Panama,,116400.0,tiktok,panama,False,2024,,,,
45,TheOmegaPlay 🇵🇦 @theomegaplay,380300.0,,Panama,Entertainment and Music,114100.0,tiktok,panama,False,2024,Music,MAPPED,,
46,Mar Chelo 507 @marchelo507,369300.0,,Panama,,110800.0,tiktok,panama,False,2024,,,,
47,Mao Gomez @maoogomez,367600.0,,Panama,,110300.0,tiktok,panama,False,2024,,,,
48,Noa Muñoz @nannyyyy16,362000.0,,Panama,Travel,108600.0,tiktok,panama,False,2024,Lifestyle,MAPPED,,
49,Elias'Caballero.Herrerax.w29 @herrera.xw29,359700.0,,Panama,,107900.0,tiktok,panama,False,2024,,,,
50,Cubilla @tlacuaycuache_,355700.0,,Panama,,106700.0,tiktok,panama,False,2024,,,,
51,ＧＩＳＳＥＬღ @xm.gissel,350400.0,0.1,Panama,,105100.0,tiktok,panama,False,2024,,,,
52,Ley @yazpadilla29,347100.0,,Panama,,104100.0,tiktok,panama,False,2024,,,,
53,Leslie.minaj @leslie.zion,346300.0,,Panama,,103900.0,tiktok,panama,False,2024,,,,
54,GRIIEZMANN @griiezmann,346200.0,,Panama,,103900.0,tiktok,panama,False,2024,,,,
55,DOPAMINA @dopaminagrill,345200.0,,Panama,,103600.0,tiktok,panama,False,2024,,,,
56,Brandon Lau Fitness @blau_fitness,337100.0,,Panama,Fitness,101100.0,tiktok,panama,False,2024,Sports,MAPPED,,
57,Kelly Graham @kgrahamfitness,331100.0,,Panama,,99300.0,tiktok,panama,False,2024,,,,
58,AarianMartínez @aarianmartinez,327400.0,,Panama,,98200.0,tiktok,panama,False,2024,,,,
59,Xavier 🤟🏻 @soyxavy,324100.0,,Panama,,97200.0,tiktok,panama,False,2024,,,,
60,callmelexo @callmelexo21,321000.0,,Panama,,96300.0,tiktok,panama,False,2024,,,,
61,🔥Navs⚡️ @navy_ca,319900.0,,Panama,,96000.0,tiktok,panama,False,2024,,,,
62,Roberto James @robertojames27,316300.0,,Panama,,94900.0,tiktok,panama,False,2024,,,,
63,Ruben 🇵🇦 @ruben.reaction,314300.0,,Panama,,94300.0,tiktok,panama,False,2024,,,,
64,Cieloalii @cieloalii_,312200.0,,Panama,,93700.0,tiktok,panama,False,2024,,,,
65,The Chris Phillips @thechrisphillips_,308000.0,0.2,Panama,,92400.0,tiktok,panama,False,2024,,,,
66,Thecocolinpa @thecocolinpa,307300.0,0.1,Panama,,92200.0,tiktok,panama,False,2024,,,,
67,B i a n c a🌻 @biancanguz,306900.0,,Panama,,92100.0,tiktok,panama,False,2024,,,,
68,🇵🇦🤟🏽 @reelstyle_,306100.0,,Panama,,91800.0,tiktok,panama,False,2024,,,,
69,Yiyi.22 @yiyi.22,305200.0,,Panama,,91600.0,tiktok,panama,False,2024,,,,
70,OMAN @omanpug,304900.0,,Panama,,91500.0,tiktok,panama,False,2024,,,,
71,beckygpa @beckygpa,298900.0,,Panama,,89700.0,tiktok,panama,False,2024,,,,
72,𝕭𝖎𝖈𝖍𝖔𝖙𝖔😈 @aimar.oficial,297800.0,1.9,Panama,,89300.0,tiktok,panama,False,2024,,,,
73,😎 @videos.virales56,296200.0,,Panama,,88900.0,tiktok,panama,False,2024,,,,
74,La Reina Del Flow 2 @lareinadelflow.pty,295000.0,0.1,Panama,,88500.0,tiktok,panama,False,2024,,,,
75,Lulú @lourdesdeleonjaen,289200.0,,Panama,,86800.0,tiktok,panama,False,2024,,,,
76,🌟Génesis Malavé 👑 @genesismalave01,271400.0,,Panama,,81400.0,tiktok,panama,False,2024,,,,
77,ThemanoloV @themanolov,266300.0,0.1,Panama,,79900.0,tiktok,panama,False,2024,,,,
78,Anabel Cordoba Rodri @anabelc_507,264100.0,0.2,Panama,,79200.0,tiktok,panama,False,2024,,,,
79,nicolepinto22 @nicolepinto22_,260800.0,,Panama,,78200.0,tiktok,panama,False,2024,,,,
80,I S A I 🇵🇦 @isaibarriosv,260300.0,0.2,Panama,Entertainment and Music,78100.0,tiktok,panama,False,2024,Music,MAPPED,,
81,Jo Rose @jo_ro26,249000.0,,Panama,,74700.0,tiktok,panama,False,2024,,,,
82,Nahum Clarke @nahumclark,248900.0,0.3,Panama,,74700.0,tiktok,panama,False,2024,,,,
83,Simp hub @simpinnn..hubbb,248100.0,,Panama,,74400.0,tiktok,panama,False,2024,,,,
84,Moisés Anel👑 @moisesanell,247000.0,,Panama,,74100.0,tiktok,panama,False,2024,,,,
85,Liz ☺️ @lizbinghan,246200.0,,Panama,,73900.0,tiktok,panama,False,2024,,,,
86,Leydi v @leydivv20,244200.0,,Panama,,73300.0,tiktok,panama,False,2024,,,,
87,trapitoscalientes @trapitoscalientes,243000.0,,Panama,,72900.0,tiktok,panama,False,2024,,,,
88,Daluna Kraemer @lasuperdalu,242400.0,,Panama,,72700.0,tiktok,panama,False,2024,,,,
89,Juliette Roy @julespty,240500.0,,Panama,Acting and Drama,72200.0,tiktok,panama,False,2024,Entertainment,MAPPED,,
90,Luisana Galindo @imluisanag,240500.0,,Panama,Art,72200.0,tiktok,panama,False,2024,Lifestyle,MAPPED,,
91,ElviejoFreestyle @elviejofreestyle,236000.0,0.1,Panama,,70800.0,tiktok,panama,False,2024,,,,
92,isairismusic @isairismusic,234800.0,,Panama,Entertainment and Music,70400.0,tiktok,panama,False,2024,Music,MAPPED,,
93,Yhony Bryan @yhonybryan,233900.0,,Panama,,70200.0,tiktok,panama,False,2024,,,,
94,kathlyn Rovira @kathlynrovira,233600.0,,Panama,,70100.0,tiktok,panama,False,2024,,,,
95,Memes_Pty_23 @memes_pty_23,224700.0,0.2,Panama,,67400.0,tiktok,panama,False,2024,,,,
96,sandrasandovals @sandrasandovals,214900.0,0.1,Panama,,64500.0,tiktok,panama,False,2024,,,,
97,Rosa Elena🌸 @_elenaa27.ff,212200.0,,Panama,,63700.0,tiktok,panama,False,2024,,,,
98,Made💀✨ @made.dcc,207300.0,,Panama,,62200.0,tiktok,panama,False,2024,,,,
99,Esther Basher A. @estherbasherart,206800.0,1.2,Panama,,62000.0,tiktok,panama,False,2024,,,,
100,jeancgordon4 @jeancgordon4,206300.0,0.1,Panama,,61900.0,tiktok,panama,False,2024,,,,
1,Yamila Ruíz @yamilaruiz_py,4500000.0,,Paraguay,,1400000.0,tiktok,paraguay,False,2024,,,,
2,Sandra Ramirez @sandrit95,897900.0,0.2,Paraguay,,269400.0,tiktok,paraguay,False,2024,,,,
3,WLWPARAGUAY @wlwparaguay,839800.0,,Paraguay,,251900.0,tiktok,paraguay,False,2024,,,,
4,La Sole'i 🐒 @shuliriquelme22,831700.0,,Paraguay,,249500.0,tiktok,paraguay,False,2024,,,,
5,Ayealfonsopy @ayealfonsopy,688800.0,,Paraguay,,206600.0,tiktok,paraguay,False,2024,,,,
6,Ariel Gomez @arielgomezpy,678500.0,0.9,Paraguay,Arts and Crafts,203600.0,tiktok,paraguay,False,2024,Lifestyle,MAPPED,,
7,Ajenjo @celia.ortiz69,642700.0,,Paraguay,,192800.0,tiktok,paraguay,False,2024,,,,
8,Paola Revelli @paolarevelli,630800.0,,Paraguay,,189200.0,tiktok,paraguay,False,2024,,,,
9,Mónica Leguizamón @monileguiii,619700.0,,Paraguay,,185900.0,tiktok,paraguay,False,2024,,,,
10,Gaby Ovelar @gabyovemed,610300.0,,Paraguay,,183100.0,tiktok,paraguay,False,2024,,,,
11,Valle Sosa732 @vallesosa23,567600.0,,Paraguay,,170300.0,tiktok,paraguay,False,2024,,,,
12,Lᴀᴜᴛʏ Arce @lauty_arce,564100.0,,Paraguay,,169200.0,tiktok,paraguay,False,2024,,,,
13,lizita dos santos554 @lizitadossantos55,560600.0,,Paraguay,,168200.0,tiktok,paraguay,False,2024,,,,
14,Chennytv @charamtv,539600.0,,Paraguay,,161900.0,tiktok,paraguay,False,2024,,,,
15,apia.py @apia.py,534200.0,,Paraguay,,160300.0,tiktok,paraguay,False,2024,,,,
16,ANA MARIA POLO ❤ @casocerrad2,512000.0,,Paraguay,,153600.0,tiktok,paraguay,False,2024,,,,
17,Felipe mi flaco💘✨ @felipemilugarseguro,479200.0,,Paraguay,,143800.0,tiktok,paraguay,False,2024,,,,
18,Andersonic @andersonic_play,477700.0,,Paraguay,Entertainment and Music Games Funny,143300.0,tiktok,paraguay,False,2024,Tech&Gaming,MAPPED,,
19,Nicolasa rikelme oficial @nicol.rikelme,461000.0,,Paraguay,,138300.0,tiktok,paraguay,False,2024,,,,
20,Ruth Aide Alfonzo @ruthaidealfonzo,459500.0,,Paraguay,Beauty and Self Care,137900.0,tiktok,paraguay,False,2024,Beauty&Fashion,MAPPED,,
21,tamiigonnz_ @tamiigonnz_,459200.0,,Paraguay,,137800.0,tiktok,paraguay,False,2024,,,,
22,nathanseastrand @nathanseastrand,430900.0,,Paraguay,,129300.0,tiktok,paraguay,False,2024,,,,
23,Jazmín Acevedo🇵🇾 @acevedo_jaz,426100.0,,Paraguay,,127800.0,tiktok,paraguay,False,2024,,,,
24,Marilina @marilina_oficial,421800.0,0.1,Paraguay,,126500.0,tiktok,paraguay,False,2024,,,,
25,Camii Daspett @camiidaspett,420600.0,,Paraguay,,126200.0,tiktok,paraguay,False,2024,,,,
26,yessicaalonso @yessicaalonso4,416100.0,,Paraguay,,124800.0,tiktok,paraguay,False,2024,,,,
27,🦋Jefte Henrique🦋 @jeftehenrique,414500.0,,Paraguay,,124400.0,tiktok,paraguay,False,2024,,,,
28,GUSTAVITO😎 @gustavorios154,412000.0,,Paraguay,Sports,123600.0,tiktok,paraguay,False,2024,Sports,MAPPED,,
29,Seini Kim @seinikim,409500.0,,Paraguay,,122900.0,tiktok,paraguay,False,2024,,,,
30,LACOMADREPY👑 @_lacomadrepy,406900.0,,Paraguay,,122100.0,tiktok,paraguay,False,2024,,,,
31,benitezgaby1 @benitezgaby1,404200.0,,Paraguay,Fashion and Accessories,121300.0,tiktok,paraguay,False,2024,Beauty&Fashion,MAPPED,,
32,📍COQUINHA📍 @coquinha_cola_,399500.0,,Paraguay,,119900.0,tiktok,paraguay,False,2024,,,,
33,🌹Tati & Sabri🌹 @tati_sabritwins,399500.0,,Paraguay,,119900.0,tiktok,paraguay,False,2024,,,,
34,Cin 🧿 @cin.godoy,395700.0,,Paraguay,,118700.0,tiktok,paraguay,False,2024,,,,
35,🇵🇾👈panal😂🤣 @adiliorojas,395200.0,0.2,Paraguay,,118600.0,tiktok,paraguay,False,2024,,,,
36,Fernando Acosta 🇵🇾 @soyfernan2,392300.0,,Paraguay,,117700.0,tiktok,paraguay,False,2024,,,,
37,rocioadornooficial. @rocioadornooficial_,389800.0,,Paraguay,,116900.0,tiktok,paraguay,False,2024,,,,
38,Aracely Suarez 🇵🇾 @ara.suarez15,385500.0,,Paraguay,,115700.0,tiktok,paraguay,False,2024,,,,
39,Albertini Galeano Ch @thebossmusicrecords,383600.0,,Paraguay,,115100.0,tiktok,paraguay,False,2024,,,,
40,Nicole Laconich @nicolelaconich,379000.0,,Paraguay,,113700.0,tiktok,paraguay,False,2024,,,,
41,eze🤠 @ezeaquinos,371200.0,,Paraguay,,111400.0,tiktok,paraguay,False,2024,,,,
42,Malala Olitte @malalaolitteoficial,366300.0,,Paraguay,,109900.0,tiktok,paraguay,False,2024,,,,
43,Bulmaa F.f🐥 @py.bulmaa,365800.0,,Paraguay,Video Gaming,109700.0,tiktok,paraguay,False,2024,Tech&Gaming,MAPPED,,
44,todOficina express ✨🤍✨ @todoficinapy,359100.0,,Paraguay,,107700.0,tiktok,paraguay,False,2024,,,,
45,Lider Acevedo @liderwhy,358800.0,0.1,Paraguay,,107600.0,tiktok,paraguay,False,2024,,,,
46,Annita andino @annitaandino123,340700.0,,Paraguay,,102200.0,tiktok,paraguay,False,2024,,,,
47,🐽Dahia Benitez🦋 @dahiiabenitez,339600.0,,Paraguay,,101900.0,tiktok,paraguay,False,2024,,,,
48,Pato Gamarra @gamarrapato,339100.0,,Paraguay,,101700.0,tiktok,paraguay,False,2024,,,,
49,Maria Arguello @mariaarguello17,332800.0,,Paraguay,,99800.0,tiktok,paraguay,False,2024,,,,
50,✨J E S S E✨ @jesse.avalos,331700.0,,Paraguay,,99500.0,tiktok,paraguay,False,2024,,,,
51,Dj Paraguaia @naraparaguaia,326900.0,,Paraguay,,98100.0,tiktok,paraguay,False,2024,,,,
52,Lucena Peralta @mailyperalt,326600.0,,Paraguay,Fitness and Health,98000.0,tiktok,paraguay,False,2024,Sports,MAPPED,,
53,Jennifer Krause @jenniferkrause86,321100.0,,Paraguay,,96300.0,tiktok,paraguay,False,2024,,,,
54,Alicia Escurra @aliciaescurra0,315000.0,,Paraguay,,94500.0,tiktok,paraguay,False,2024,,,,
55,Irvin Candia @irvin.candia,313700.0,0.2,Paraguay,,94100.0,tiktok,paraguay,False,2024,,,,
56,Yenny Ortega @indiecita45,312100.0,,Paraguay,,93600.0,tiktok,paraguay,False,2024,,,,
57,✧ eli ✧ @eliza.bethkim,311300.0,0.1,Paraguay,,93400.0,tiktok,paraguay,False,2024,,,,
58,victoriabraca @bracaaa,300900.0,,Paraguay,,90300.0,tiktok,paraguay,False,2024,,,,
59,Nadia Ferreira @nadiatferreira,300900.0,0.1,Paraguay,,90300.0,tiktok,paraguay,False,2024,,,,
60,will @willibarra,300600.0,,Paraguay,,90200.0,tiktok,paraguay,False,2024,,,,
61,@ @petitehr_11,297500.0,,Paraguay,,89300.0,tiktok,paraguay,False,2024,,,,
62,Viralespy 🇵🇾 @comadrepy,287600.0,0.1,Paraguay,,86300.0,tiktok,paraguay,False,2024,,,,
63,Laila Ozuna @ozunalaila,286400.0,,Paraguay,,85900.0,tiktok,paraguay,False,2024,,,,
64,Liliana Benítez @lbtfit36,279300.0,,Paraguay,,83800.0,tiktok,paraguay,False,2024,,,,
65,Luz Benitez @luzbenitez50,276000.0,,Paraguay,,82800.0,tiktok,paraguay,False,2024,,,,
66,Vanessa Rodriguez @vanerodriguezpy,272400.0,,Paraguay,Entertainment and Music,81700.0,tiktok,paraguay,False,2024,Music,MAPPED,,
67,Ferchota @fer_montield,271600.0,0.1,Paraguay,,81500.0,tiktok,paraguay,False,2024,,,,
68,Gaby cook @gabycoook,270800.0,,Paraguay,Auto and Vehicles,81200.0,tiktok,paraguay,False,2024,Tech&Gaming,MAPPED,,
69,𝓛𝓲𝓵𝓲𝓪𝓷𝓪🦄 @liliiiri,269400.0,0.3,Paraguay,Video Gaming,80800.0,tiktok,paraguay,False,2024,Tech&Gaming,MAPPED,,
70,teresaparag @iamteresaparag,268900.0,,Paraguay,,80700.0,tiktok,paraguay,False,2024,,,,
71,DARLE LA VUELTA @darle_lavuelta,265100.0,0.1,Paraguay,Travel,79500.0,tiktok,paraguay,False,2024,Lifestyle,MAPPED,,
72,Diana Garcia @dgarciavaldez,264600.0,,Paraguay,,79400.0,tiktok,paraguay,False,2024,,,,
73,Rodney Denis @rodneydenis,263200.0,,Paraguay,,79000.0,tiktok,paraguay,False,2024,,,,
74,Toyota mi religión:3 @todo_toyota,253000.0,,Paraguay,Auto and Vehicles,75900.0,tiktok,paraguay,False,2024,Tech&Gaming,MAPPED,,
75,Guido Lezcano @guidoadolfolezcan,248800.0,0.2,פרגוואי,,74600.0,tiktok,paraguay,False,2024,,,,
76,Luanalonsom @luanalonsom,246700.0,,פרגוואי,,74000.0,tiktok,paraguay,False,2024,,,,
77,Videos reacciones de hinchas @videosreaccionesarg,241900.0,0.1,פרגוואי,,72600.0,tiktok,paraguay,False,2024,,,,
78,Jessica Elizabeth Romero @jessicaromero_,241700.0,,פרגוואי,,72500.0,tiktok,paraguay,False,2024,,,,
79,Luján🤍 @edits_.random24,238000.0,,פרגוואי,,71400.0,tiktok,paraguay,False,2024,,,,
80,Rolfi Rodas @rolfirodas,234000.0,,פרגוואי,,70200.0,tiktok,paraguay,False,2024,,,,
81,Aileen morbach @aileenmorbach,232900.0,,פרגוואי,,69900.0,tiktok,paraguay,False,2024,,,,
82,En el Horno Con Peta @enelhornoconpetaok,229200.0,0.1,פרגוואי,,68800.0,tiktok,paraguay,False,2024,,,,
83,B @brmfake,228900.0,,פרגוואי,,68700.0,tiktok,paraguay,False,2024,,,,
84,Flopada 😿 @nancycarolinabe63,221400.0,0.2,פרגוואי,,66400.0,tiktok,paraguay,False,2024,,,,
85,Maira Jimenez @maira_jimenez_,221400.0,,פרגוואי,,66400.0,tiktok,paraguay,False,2024,,,,
86,Maribel Neukirchinger @maribelneukirchinger,216100.0,,פרגוואי,,64800.0,tiktok,paraguay,False,2024,,,,
87,Kasim Handouss @kasimhandouss,215000.0,0.1,פרגוואי,שחקנות ודרמה,64500.0,tiktok,paraguay,False,2024,UNMAPPED,UNMAPPED,,
88,Livvy @pocketbun,214500.0,,פרגוואי,,64400.00000000001,tiktok,paraguay,False,2024,,,,
89,Flor💋 @fl0ruizdiaz,212200.0,,פרגוואי,,63700.0,tiktok,paraguay,False,2024,,,,
90,Charlotte Czicoski @charlotteczicoski,210800.0,0.1,פרגוואי,,63200.0,tiktok,paraguay,False,2024,,,,
91,Del Paraguay @delpynews,209300.0,,פרגוואי,,62800.0,tiktok,paraguay,False,2024,,,,
92,S E N S U . FF @sensu.ff,205800.0,,פרגוואי,,61700.0,tiktok,paraguay,False,2024,,,,
93,Micaela Magalí Cañete @micasalinas90.py,199800.0,,פרגוואי,,59900.0,tiktok,paraguay,False,2024,,,,
94,Micaela Rodriguez🇵🇾 @luzmicaelarodrigu,197100.0,,פרגוואי,,59100.0,tiktok,paraguay,False,2024,,,,
95,Marta Leguiz 🖤⚖ @martaleguizamon8,196900.0,,פרגוואי,,59100.0,tiktok,paraguay,False,2024,,,,
96,soldado @soldado.08,195900.0,0.6,פרגוואי,,58800.0,tiktok,paraguay,False,2024,,,,
97,Jawash Estética Canina @jawash_py,195800.0,,פרגוואי,,58700.0,tiktok,paraguay,False,2024,,,,
98,@gaby♥️ @menchibugonzalez7,195400.0,,פרגוואי,,58600.0,tiktok,paraguay,False,2024,,,,
99,ABIGAIL ACOSTA @adri.bebe1,192100.0,,פרגוואי,,57600.0,tiktok,paraguay,False,2024,,,,
100,Haia G @soyhaia,189200.0,,פרגוואי,,56800.0,tiktok,paraguay,False,2024,,,,
1,Rosangela Espinoza @rosangelaeslo,5600000.0,0.3,Peru,Entertainment and Music,1700000.0,tiktok,peru,False,2024,Music,MAPPED,,
2,Pia Copello @piacopellotiktok,4400000.0,,Peru,,1300000.0,tiktok,peru,False,2024,,,,
3,orianabarraza @orianabarraza.d,4000000.0,,Peru,Entertainment and Music,1200000.0,tiktok,peru,False,2024,Music,MAPPED,,
4,K a r i t o 🎨 @karitoruizz,3900000.0,,Peru,Pets,1200000.0,tiktok,peru,False,2024,Lifestyle,MAPPED,,
5,Letras @l3tras_,3500000.0,0.3,Peru,,1100000.0,tiktok,peru,False,2024,,,,
6,Angie Arizaga @angiearizaga,3400000.0,,Peru,Entertainment and Music,1000000.0,tiktok,peru,False,2024,Music,MAPPED,,
7,Ignacio Baladan @ignaciobaladan11,2800000.0,,Peru,Food,840000.0,tiktok,peru,False,2024,Lifestyle,MAPPED,,
8,Daniela Darcourt @danieladarcourt_oficial,2400000.0,,Peru,,720000.0,tiktok,peru,False,2024,,,,
9,Hai ❣️ @snowhai03,2100000.0,,Peru,Fashion and Accessories Beauty and Self Care,630000.0,tiktok,peru,False,2024,Beauty&Fashion,MAPPED,,
10,Luis Miguel Brandon @peruvianmickey,2100000.0,,Peru,Business and Finance,630000.0,tiktok,peru,False,2024,Knowledge&Info,MAPPED,,
11,Gina Yangali @ginayangali,2000000.0,,Peru,Acting and Drama,600000.0,tiktok,peru,False,2024,Entertainment,MAPPED,,
12,Tula Rodríguez ✨ @tulaperu,1900000.0,,Peru,Entertainment and Music,570000.0,tiktok,peru,False,2024,Music,MAPPED,,
13,Patricio Parodi Cost @patoparodi18,1900000.0,,Peru,Entertainment and Music,570000.0,tiktok,peru,False,2024,Music,MAPPED,,
14,Brando Gallesi @brandogallesi_,1500000.0,,Peru,,450000.0,tiktok,peru,False,2024,,,,
15,Johanna De La Cruz @johananana,1300000.0,,Peru,,390000.0,tiktok,peru,False,2024,,,,
16,Cholo Juanito Richard Douglas @juanitoyrichard,1300000.0,0.1,Peru,Entertainment and Music Funny,390000.0,tiktok,peru,False,2024,Music,MAPPED,,
17,Michela Arbocco @michela_arbocco,1200000.0,,Peru,,360000.0,tiktok,peru,False,2024,,,,
18,macarena velez @macarenav25,1200000.0,,Peru,,360000.0,tiktok,peru,False,2024,,,,
19,Soto 🔞 @brayansot,1100000.0,0.1,Peru,Entertainment and Music,330000.0,tiktok,peru,False,2024,Music,MAPPED,,
20,Priyanka Araujo @priyankaaraujo25,1000000.0,,Peru,Entertainment and Music,300000.0,tiktok,peru,False,2024,Music,MAPPED,,
21,Maricielo Effio @m4rici3lo,1000000.0,,Peru,,300000.0,tiktok,peru,False,2024,,,,
22,ElCañita @elcanita,995500.0,0.1,Peru,,298700.0,tiktok,peru,False,2024,,,,
23,Edgar Rojas @edgarrojasoficial,983600.0,0.1,Peru,,295100.0,tiktok,peru,False,2024,,,,
24,Giacomo Selem Masias @giacoselem,979200.0,,Peru,,293800.0,tiktok,peru,False,2024,,,,
25,Kyarin @kyara_villanella_,972500.0,0.1,Peru,Entertainment and Music,291800.0,tiktok,peru,False,2024,Music,MAPPED,,
26,Gianella 7w7 Fri 🇵🇪 @gianella_ff0,962900.0,,Peru,Romance and Wedding,288900.0,tiktok,peru,False,2024,Beauty&Fashion,MAPPED,,
27,J Fala @jfalaoficial1,961900.0,,Peru,,288600.0,tiktok,peru,False,2024,,,,
28,Misias pero viajeras @misiasperoviajeras,935600.0,0.1,Peru,Travel,280700.0,tiktok,peru,False,2024,Lifestyle,MAPPED,,
29,Sp Castro @saidpalao_fit,929500.0,0.1,Peru,,278900.0,tiktok,peru,False,2024,,,,
30,Jonathan Valdiviezo @theinkafit,925700.0,,Peru,,277700.0,tiktok,peru,False,2024,,,,
31,Nea Paz @neapaz96,922500.0,,Peru,,276800.0,tiktok,peru,False,2024,,,,
32,MEMES @ktmemes.pe,920700.0,0.9,Peru,,276200.0,tiktok,peru,False,2024,,,,
33,⚡️ JF ⚡️ @jose_onich,905700.0,,Peru,,271700.0,tiktok,peru,False,2024,,,,
34,Sheyla01ou♥️ @sheyla01ou,898900.0,,Peru,,269700.0,tiktok,peru,False,2024,,,,
35,Keiko Sofía Fujimori @keikofujimorih,897600.0,2.4,Peru,,269300.0,tiktok,peru,False,2024,,,,
36,dani @danisayan,894500.0,,Peru,,268400.0,tiktok,peru,False,2024,,,,
37,Melania Urbina @melaniaurbinak,892000.0,0.1,Peru,Acting and Drama,267600.0,tiktok,peru,False,2024,Entertainment,MAPPED,,
38,Pame @pamela_franco01,891300.0,,Peru,,267400.0,tiktok,peru,False,2024,,,,
39,elpanaJ @elpanajuegoss,879400.0,0.1,Peru,Games Product Education,263800.0,tiktok,peru,False,2024,Knowledge&Info,MAPPED,,
40,anahi de cardenas @anahidec,868500.0,,Peru,Acting and Drama Pets,260600.00000000003,tiktok,peru,False,2024,Entertainment,MAPPED,,
41,𝚆𝚊𝚕𝚍𝚒𝚛 𝚖𝚊𝚚𝚚𝚞𝚎 @waldir.maqque,863200.0,0.3,Peru,,259000.0,tiktok,peru,False,2024,,,,
42,⚠️Kevinlox⚠️ @kevinlox_,857100.0,0.2,Peru,,257100.00000000003,tiktok,peru,False,2024,,,,
43,Ruth Morales Lara @ruthmoraleslara25,854900.0,,Peru,,256500.0,tiktok,peru,False,2024,,,,
44,ℰ𝒹𝓊𝒶𝓇𝒹𝒶 ☾ @soyeduarda17,844900.0,0.8,Peru,,253500.0,tiktok,peru,False,2024,,,,
45,FOODIELOO @elfoodieloo,843500.0,,Peru,,253100.0,tiktok,peru,False,2024,,,,
46,RAULITOPUES10 @raulitopues10,842900.0,,Peru,Entertainment and Music Funny,252900.0,tiktok,peru,False,2024,Music,MAPPED,,
47,Anddy Gerald🚀 @anddyg15,832300.0,,Peru,,249700.0,tiktok,peru,False,2024,,,,
48,palomafiuzaoficial @palomafiuzaoficial,828600.0,,Peru,,248600.0,tiktok,peru,False,2024,,,,
49,Brenda Garcia @brendagarciagg,827900.0,,Peru,,248400.0,tiktok,peru,False,2024,,,,
50,TONIO 🎬 @toniogeek,827000.0,,Peru,Entertainment and Music,248100.0,tiktok,peru,False,2024,Music,MAPPED,,
51,EL CHICO DE TUS SUEÑOS❤️ @josecito966oficial2,826600.0,,Peru,,248000.0,tiktok,peru,False,2024,,,,
52,Cesar Jaen @cesar.jaen,824500.0,,Peru,,247400.0,tiktok,peru,False,2024,,,,
53,Augusto López @augustolopezzr,823600.0,0.1,Peru,Travel,247100.0,tiktok,peru,False,2024,Lifestyle,MAPPED,,
54,Allison Pastor Romero @allisonpastoroficial,816300.0,,Peru,,244900.0,tiktok,peru,False,2024,,,,
55,almar_goes @almar_goes,814700.0,,Peru,Nature,244400.0,tiktok,peru,False,2024,Lifestyle,MAPPED,,
56,Carlos_Lyrics ✨ @carlos__lyrics,804300.0,0.2,Peru,,241300.0,tiktok,peru,False,2024,,,,
57,Traductor Perú @traductor.es,798200.0,,Peru,,239500.0,tiktok,peru,False,2024,,,,
58,𝗠𝗘𝗥𝗖𝗘𝗗𝗘𝗦 @temazos.p,797000.0,0.4,Peru,,239100.0,tiktok,peru,False,2024,,,,
59,Eduardo Romay @eduardoromay,796600.0,,Peru,,239000.0,tiktok,peru,False,2024,,,,
60,Joel Fuentes @joelfuentes09,788500.0,,Peru,Entertainment and Music,236600.0,tiktok,peru,False,2024,Music,MAPPED,,
61,D A R L E N E @darrlymm,788200.0,,Peru,,236500.0,tiktok,peru,False,2024,,,,
62,Monica Torres @motorresg,786800.0,,Peru,Acting and Drama,236000.0,tiktok,peru,False,2024,Entertainment,MAPPED,,
63,B e l l a C a r i o.🤎 @bellacarioo,785200.0,,Peru,Entertainment and Music,235600.0,tiktok,peru,False,2024,Music,MAPPED,,
64,🔥PELUCHE FREE FIRE🇵🇪 @peluche19.ff,782100.0,0.2,Peru,,234600.0,tiktok,peru,False,2024,,,,
65,emersonCA' @rolitas_yt,777200.0,,Peru,,233200.0,tiktok,peru,False,2024,,,,
66,Sixto ivan 😎 @farruko.fans,777000.0,0.1,Peru,,233100.0,tiktok,peru,False,2024,,,,
67,🙏YoconfíoEnDios🙏 @yoconfio.endios,776400.0,1.0,Peru,,232900.0,tiktok,peru,False,2024,,,,
68,SOY LUNA @soyluna_60,772700.0,,Peru,,231800.0,tiktok,peru,False,2024,,,,
69,Luis Larraín @larraiin,772300.0,,Peru,Entertainment and Music,231700.0,tiktok,peru,False,2024,Music,MAPPED,,
70,Noche de Patas @nochedepatas,766000.0,0.1,Peru,,229800.0,tiktok,peru,False,2024,,,,
71,CRYSTAL CLEANING CHIMBOTE @limpiezadvidrioccleaning,761600.0,,Peru,,228500.0,tiktok,peru,False,2024,,,,
72,👹The_Official_Dark._.FF22™👹 @dark._.ff22,757600.0,,Peru,,227300.0,tiktok,peru,False,2024,,,,
73,maybe.merly @maybe.merly,743800.0,,Peru,,223100.0,tiktok,peru,False,2024,,,,
74,Bruce_ENS @bruce_ens,738800.0,,Peru,,221600.0,tiktok,peru,False,2024,,,,
75,💜Heidy🍀 @heidyeidita,726700.0,9.6,Peru,Entertainment and Music Funny,218000.0,tiktok,peru,False,2024,Music,MAPPED,,
76,Sergio A. Torres Rivas @motionspaper,726000.0,0.2,Peru,,217800.0,tiktok,peru,False,2024,,,,
77,Movil.Cell.Peru @movil.cell.peru,725700.0,,Peru,,217700.0,tiktok,peru,False,2024,,,,
78,tumuelin @tudentistalinyan,716100.0,,Peru,,214800.0,tiktok,peru,False,2024,,,,
79,Lesslie Edits ❤️ @lesslievideoedits,711200.0,,Peru,,213400.0,tiktok,peru,False,2024,,,,
80,juan cuayla @juan._cv,706800.0,0.1,Peru,,212000.0,tiktok,peru,False,2024,,,,
81,Orlando Miranda @orlo,706200.0,,Peru,,211900.0,tiktok,peru,False,2024,,,,
82,Denisse Sarco @sarcodenisse,703800.0,,Peru,,211100.0,tiktok,peru,False,2024,,,,
83,DJ Peligro @djpeligro,701500.0,0.4,Peru,,210500.0,tiktok,peru,False,2024,,,,
84,🎧✨Dj Cristian Llontop✨🎧 @djcristianllontop,701400.0,,Peru,,210400.0,tiktok,peru,False,2024,,,,
85,Reggaetón Music Perú @reggaetonmusicpe,701400.0,,Peru,Entertainment and Music,210400.0,tiktok,peru,False,2024,Music,MAPPED,,
86,OsitaLove @ositaloveyt111,698200.0,,Peru,,209500.0,tiktok,peru,False,2024,,,,
87,Shuggar Daddy @shugar_daddy2.0,697800.0,1.4,Peru,,209300.0,tiktok,peru,False,2024,,,,
88,Corazón Serrano Perú @corazon.serrano,694600.0,0.2,Peru,,208400.0,tiktok,peru,False,2024,,,,
89,Cangry.Ff @cangry_ff,688600.0,,Peru,,206600.0,tiktok,peru,False,2024,,,,
90,Bestievaleri.🖤 @bestievaleri,686600.0,,Peru,,206000.0,tiktok,peru,False,2024,,,,
91,Chabukita @lacholachabuca,686400.0,,Peru,Entertainment and Music,205900.0,tiktok,peru,False,2024,Music,MAPPED,,
92,MAYISHITA 🎨✨ @mayishita,685300.0,,Peru,,205600.0,tiktok,peru,False,2024,,,,
93,Misael @officialmisaell,677300.0,0.1,Peru,Fitness and Health,203200.0,tiktok,peru,False,2024,Sports,MAPPED,,
94,Stefany Valcárcel @senpaai_,676800.0,,Peru,,203000.0,tiktok,peru,False,2024,,,,
95,Hamid Ali @hamidalijesus,673400.0,,Peru,,202000.0,tiktok,peru,False,2024,,,,
96,📚DramaQueen👩‍🎤📕 @mary_playff,672900.0,0.1,Peru,Acting and Drama,201900.0,tiktok,peru,False,2024,Entertainment,MAPPED,,
97,Mathias_ARB @mathias_136,671400.0,,Peru,,201400.0,tiktok,peru,False,2024,,,,
98,Zrodrix @zrodrix,671300.0,,Peru,Arts and Crafts Photography,201400.0,tiktok,peru,False,2024,Lifestyle,MAPPED,,
99,Andretwerk.inaa @babytwerkk,663400.0,,Peru,,199000.0,tiktok,peru,False,2024,,,,
100,Carol Reali @carolreali21,660700.0,,Peru,,198200.0,tiktok,peru,False,2024,,,,
1,Andrea Brillantes @blythe,18800000.0,1.3,Philippines,,5600000.0,tiktok,philippines,False,2024,,,,
2,Vladimir Grand @callmegrand,16600000.000000002,,Philippines,Entertainment and Music Celebrity,5000000.0,tiktok,philippines,False,2024,Music,MAPPED,,
3,Sanya Lopez @sanya_lopez,14400000.0,0.4,Philippines,Entertainment and Music Romance and Wedding,4300000.0,tiktok,philippines,False,2024,Beauty&Fashion,MAPPED,,
4,Queenay👸🏻 @queeneemercado,12800000.0,,Philippines,Entertainment and Music,3800000.0,tiktok,philippines,False,2024,Music,MAPPED,,
5,Vice Ganda @unkabogableviceganda,11200000.0,2.3,Philippines,,3400000.0,tiktok,philippines,False,2024,,,,
6,Kuya Magik @kuyamagik,10700000.0,,Philippines,Entertainment and Music,3200000.0,tiktok,philippines,False,2024,Music,MAPPED,,
7,Lex @redbedonia,9600000.0,0.9,Philippines,Fashion and Accessories,2900000.0,tiktok,philippines,False,2024,Beauty&Fashion,MAPPED,,
8,kyline alcantara @itskylinealcantara3,9300000.0,,Philippines,,2800000.0,tiktok,philippines,False,2024,,,,
9,Chris Olsen @chris,7400000.0,,Philippines,Entertainment and Music,2200000.0,tiktok,philippines,False,2024,Music,MAPPED,,
10,AndreeBonifacio @andreebonifacioo,6600000.0,,Philippines,,2000000.0,tiktok,philippines,False,2024,,,,
11,Awra Briguela @awrabriguela,6500000.0,,Philippines,,2000000.0,tiktok,philippines,False,2024,,,,
12,Buboy Villar @buboyjrvillar,5400000.0,,Philippines,Entertainment and Music,1600000.0,tiktok,philippines,False,2024,Music,MAPPED,,
13,Kiray Celis @kiraycelisofficial,5400000.0,,Philippines,,1600000.0,tiktok,philippines,False,2024,,,,
14,H2WO @h2woofficial,5200000.0,2.0,Philippines,Games,1600000.0,tiktok,philippines,False,2024,Tech&Gaming,MAPPED,,
15,Jodi Sta.Maria @jodi_stamaria,5100000.0,,Philippines,Acting and Drama family Fitness and Health Travel,1500000.0,tiktok,philippines,False,2024,Sports,MAPPED,,
16,Ms. Hipon 🦐🇵🇭 @justinejoyce10,4800000.0,,Philippines,Entertainment and Music,1400000.0,tiktok,philippines,False,2024,Music,MAPPED,,
17,LYN @lynlapid,4700000.0,,Philippines,,1400000.0,tiktok,philippines,False,2024,,,,
18,RIVA QUENERY @rivaquenery,4500000.0,,Philippines,,1400000.0,tiktok,philippines,False,2024,,,,
19,Lazada Philippines @lazadaph,4500000.0,,Philippines,Product Showcase,1400000.0,tiktok,philippines,False,2024,Beauty&Fashion,MAPPED,,
20,TikTok Philippines @tiktokphilippines,4200000.0,,Philippines,,1300000.0,tiktok,philippines,False,2024,,,,
21,ISAAC PUSONG PINOY @kuya_isaac,3500000.0,,Philippines,Entertainment and Music,1100000.0,tiktok,philippines,False,2024,Music,MAPPED,,
22,Kokoishii 🇵🇭🐧 @kokoishii,3400000.0,,Philippines,,1000000.0,tiktok,philippines,False,2024,,,,
23,Kim Rodriguez @kimrodriguez_,3400000.0,,Philippines,,1000000.0,tiktok,philippines,False,2024,,,,
24,J.C. Dombrowski @jc.dombrowski,2900000.0,,Philippines,Education,870000.0,tiktok,philippines,False,2024,Knowledge&Info,MAPPED,,
25,Haide🦋 @haidezhang,2900000.0,,Philippines,Entertainment and Music Funny Photography Travel,870000.0,tiktok,philippines,False,2024,Music,MAPPED,,
26,Aling Nena @richobautista,2800000.0,,Philippines,,840000.0,tiktok,philippines,False,2024,,,,
27,aisha @arbacn,2700000.0,,Philippines,Life and Society,810000.0,tiktok,philippines,False,2024,Knowledge&Info,MAPPED,,
28,Dumbolicious 🇵🇭 @dumbolicious_143,2700000.0,,Philippines,,810000.0,tiktok,philippines,False,2024,,,,
29,Jong Madaliday @jongmadaliday,2700000.0,,Philippines,,810000.0,tiktok,philippines,False,2024,,,,
30,DreamWithDiana @diana_gabra,2600000.0,,Philippines,family,780000.0,tiktok,philippines,False,2024,Lifestyle,MAPPED,,
31,Princess 👸👑 @princess18princess,2600000.0,,Philippines,Entertainment and Music Romance and Wedding,780000.0,tiktok,philippines,False,2024,Beauty&Fashion,MAPPED,,
32,Yeng Constantino @yengconstantinotiktok,2600000.0,,Philippines,Entertainment and Music,780000.0,tiktok,philippines,False,2024,Music,MAPPED,,
33,"Vicki Belo, M.D. @vicki_belo",2500000.0,,Philippines,Beauty and Self Care,750000.0,tiktok,philippines,False,2024,Beauty&Fashion,MAPPED,,
34,Moira Dela Torre @moiradelatorre,2500000.0,10.1,Philippines,Entertainment and Music,750000.0,tiktok,philippines,False,2024,Music,MAPPED,,
35,Lucky Manzano @luckymanzano,2500000.0,,Philippines,Outdoor Activity Sports,750000.0,tiktok,philippines,False,2024,Sports,MAPPED,,
36,SHRX • Kerax 🇵🇭 @keraxml,2200000.0,,Philippines,,660000.0,tiktok,philippines,False,2024,,,,
37,Alexa Ilacad @alexailacad_,2100000.0,0.1,Philippines,,630000.0,tiktok,philippines,False,2024,,,,
38,chelseah.hilary @chelseah.hilary,2100000.0,,Philippines,,630000.0,tiktok,philippines,False,2024,,,,
39,Hailey @haileypaqtt,2100000.0,4.9,Philippines,Entertainment and Music,630000.0,tiktok,philippines,False,2024,Music,MAPPED,,
40,scooby doo @sabadabadoodle,2000000.0,,Philippines,,600000.0,tiktok,philippines,False,2024,,,,
41,Pinay_beauty1 @pinay_beauty1,2000000.0,,Philippines,Beauty and Self Care,600000.0,tiktok,philippines,False,2024,Beauty&Fashion,MAPPED,,
42,Piolo Pascual @piolopascual_ph,1900000.0,,Philippines,,570000.0,tiktok,philippines,False,2024,,,,
43,MIMICKYE @mimickye,1900000.0,13.7,Philippines,Entertainment and Music Business and Finance,570000.0,tiktok,philippines,False,2024,Knowledge&Info,MAPPED,,
44,Luffy B @luffyyyb,1900000.0,,Philippines,Pets Entertainment and Music,570000.0,tiktok,philippines,False,2024,Music,MAPPED,,
45,Kathryn Bernardo @sikath_26,1900000.0,,Philippines,,570000.0,tiktok,philippines,False,2024,,,,
46,nieza tuñacao @niezatunacao,1900000.0,,Philippines,Product Showcase,570000.0,tiktok,philippines,False,2024,Beauty&Fashion,MAPPED,,
47,Petra Mahalimuyak @petrashley,1900000.0,,Philippines,Entertainment and Music Funny,570000.0,tiktok,philippines,False,2024,Music,MAPPED,,
48,Ailla Maria ψ @_aillaang,1800000.0,,Philippines,Entertainment and Music,540000.0,tiktok,philippines,False,2024,Music,MAPPED,,
49,Myrtle Sarrosa @myrtlegail,1800000.0,2.0,Philippines,Animation and Cosplay Entertainment and Music,540000.0,tiktok,philippines,False,2024,Tech&Gaming,MAPPED,,
50,Issey Miyake Parto @miyaketakoyaki,1800000.0,,Philippines,,540000.0,tiktok,philippines,False,2024,,,,
51,RM @raymorcuevas,1700000.0,0.1,Philippines,Entertainment and Music,510000.0,tiktok,philippines,False,2024,Music,MAPPED,,
52,Gina Pareño @yourlolagets,1700000.0,,Philippines,,510000.0,tiktok,philippines,False,2024,,,,
53,JohnAbelardoCustodio @john.custodio16,1700000.0,,Philippines,Entertainment and Music,510000.0,tiktok,philippines,False,2024,Music,MAPPED,,
54,Ig: itsmedelmajanee @dj.beltran,1700000.0,,Philippines,Beauty and Self Care,510000.0,tiktok,philippines,False,2024,Beauty&Fashion,MAPPED,,
55,RhicManiego @rhicmaniego26,1600000.0,,Philippines,,480000.0,tiktok,philippines,False,2024,,,,
56,andy @andreaisasleep_,1600000.0,,Philippines,Funny,480000.0,tiktok,philippines,False,2024,Entertainment,MAPPED,,
57,James Leoncio @jamesleonci0,1600000.0,,Philippines,Entertainment and Music,480000.0,tiktok,philippines,False,2024,Music,MAPPED,,
58,Daniel Padilla @padeeyuhh,1600000.0,0.1,Philippines,Acting and Drama Celebrity,480000.0,tiktok,philippines,False,2024,Entertainment,MAPPED,,
59,GJ @onlykinggrant,1600000.0,2.4,Philippines,,480000.0,tiktok,philippines,False,2024,,,,
60,احمد خميس و مشاعل الشحي @ahmed_and_mesh,1600000.0,0.1,Philippines,Romance and Wedding,480000.0,tiktok,philippines,False,2024,Beauty&Fashion,MAPPED,,
61,chasley @chxsley,1600000.0,0.1,Philippines,,480000.0,tiktok,philippines,False,2024,,,,
62,K Brosas @kbrosas,1500000.0,,Philippines,Entertainment and Music,450000.0,tiktok,philippines,False,2024,Music,MAPPED,,
63,Atty. Tony Roman @attytonyroman,1500000.0,,Philippines,Education Finance,450000.0,tiktok,philippines,False,2024,Knowledge&Info,MAPPED,,
64,JR Navarro @jr_navarro06,1500000.0,2.2,Philippines,Funny,450000.0,tiktok,philippines,False,2024,Entertainment,MAPPED,,
65,TineTine Loresto 🇵🇭 @_tineelicious_,1400000.0,,Philippines,Games,420000.0,tiktok,philippines,False,2024,Tech&Gaming,MAPPED,,
66,Mama 🇵🇭👵🏽 @ourfilipinograndma,1400000.0,,Philippines,family,420000.0,tiktok,philippines,False,2024,Lifestyle,MAPPED,,
67,Kirsten G. @kirstengarcia09,1300000.0,,Philippines,,390000.0,tiktok,philippines,False,2024,,,,
68,realme Philippines @realmeph,1300000.0,,Philippines,Entertainment and Music Product Showcase,390000.0,tiktok,philippines,False,2024,Beauty&Fashion,MAPPED,,
69,Dane Manalad @danemanalad,1300000.0,,Philippines,,390000.0,tiktok,philippines,False,2024,,,,
70,ogie alcasid @ogiealcasid27,1300000.0,,Philippines,,390000.0,tiktok,philippines,False,2024,,,,
71,zorenzoey @zorenzoey,1300000.0,,Philippines,,390000.0,tiktok,philippines,False,2024,,,,
72,Lexey Mei De Leon 💫 @alalalexey,1300000.0,,Philippines,Funny,390000.0,tiktok,philippines,False,2024,Entertainment,MAPPED,,
73,_itsmerieanne on IG @itsmeriri_,1300000.0,0.2,Philippines,,390000.0,tiktok,philippines,False,2024,,,,
74,aikomelendez2015 @aikomelendez2015,1300000.0,,Philippines,Entertainment and Music,390000.0,tiktok,philippines,False,2024,Music,MAPPED,,
75,_trickytrish on IG @_trickytrish,1300000.0,,Philippines,Entertainment and Music,390000.0,tiktok,philippines,False,2024,Music,MAPPED,,
76,💖🌈 cybr.grl 🌈💖 @cybr.grl,1300000.0,,Philippines,Fashion,390000.0,tiktok,philippines,False,2024,Beauty&Fashion,MAPPED,,
77,Allie Adobo 🇵🇭🇦🇺 @allieadobo,1300000.0,,Philippines,,390000.0,tiktok,philippines,False,2024,,,,
78,Donny Pangilinan @pangilinandonny,1300000.0,3.0,Philippines,,390000.0,tiktok,philippines,False,2024,,,,
79,Renzell Roque 🇵🇭 @renzellroque,1200000.0,,Philippines,Entertainment and Music Acting and Drama Celebrity,360000.0,tiktok,philippines,False,2024,Music,MAPPED,,
80,Megan Young @madambonez,1200000.0,,Philippines,Fashion and Accessories,360000.0,tiktok,philippines,False,2024,Beauty&Fashion,MAPPED,,
81,Hori Buns @s2p33d,1200000.0,,Philippines,,360000.0,tiktok,philippines,False,2024,,,,
82,👑NASH👑 @mjsaligan,1100000.0,,Philippines,Entertainment and Music,330000.0,tiktok,philippines,False,2024,Music,MAPPED,,
83,Margaux Nonato @margauxnonato,1100000.0,0.4,Philippines,Entertainment and Music,330000.0,tiktok,philippines,False,2024,Music,MAPPED,,
84,#KailanganNatin @karlonograles,1100000.0,,Philippines,,330000.0,tiktok,philippines,False,2024,,,,
85,Lyca Gairanod @lycagrnd,1100000.0,,Philippines,,330000.0,tiktok,philippines,False,2024,,,,
86,Kokoy De Santos @kkydsnts,1100000.0,,Philippines,,330000.0,tiktok,philippines,False,2024,,,,
87,King Fear 👑🇵🇭 @fear_tv,1100000.0,,Philippines,Entertainment and Music,330000.0,tiktok,philippines,False,2024,Music,MAPPED,,
88,⚡️caren⚡️ @nerac06,1100000.0,,Philippines,Romance and Wedding Life and Society,330000.0,tiktok,philippines,False,2024,Beauty&Fashion,MAPPED,,
89,Dyosa Pockoh @dyosapockoh_12,1100000.0,,Philippines,Entertainment and Music,330000.0,tiktok,philippines,False,2024,Music,MAPPED,,
90,Janna Chriselle Tuazon @jannachriselle,1100000.0,,Philippines,Funny Life and Society,330000.0,tiktok,philippines,False,2024,Knowledge&Info,MAPPED,,
91,Gio's Wave @giofilipinohair,1000000.0,3.1,Philippines,Beauty and Self Care,300000.0,tiktok,philippines,False,2024,Beauty&Fashion,MAPPED,,
92,JAGMAC @jagmacmusic,1000000.0,,Philippines,Music,300000.0,tiktok,philippines,False,2024,Music,MAPPED,,
93,酸素🧋🧸 @sansochan1,1000000.0,2.0,Philippines,,300000.0,tiktok,philippines,False,2024,,,,
94,ϻs. ᴊᴇɴɢ 🦋 @jengbaybayon_,1000000.0,,Philippines,Acting and Drama Entertainment and Music Celebrity,300000.0,tiktok,philippines,False,2024,Music,MAPPED,,
95,Liam Reformado @liamreformado,1000000.0,,Philippines,Entertainment and Music,300000.0,tiktok,philippines,False,2024,Music,MAPPED,,
96,Itsofficialbobasaur @itsofficialbobaa,999700.0,,Philippines,,299900.0,tiktok,philippines,False,2024,,,,
97,MamiPow🍑 @mariazandraa,998700.0,,Philippines,Games,299600.0,tiktok,philippines,False,2024,Tech&Gaming,MAPPED,,
98,da coziest filipino @brouhnstrevor,990800.0,,Philippines,Entertainment and Music,297200.0,tiktok,philippines,False,2024,Music,MAPPED,,
99,Ryle Santiago @rylepaolotan,985000.0,,Philippines,,295500.0,tiktok,philippines,False,2024,,,,
100,Angela Ken @anqelaken,982300.0,,Philippines,,294700.0,tiktok,philippines,False,2024,,,,
1,💜Milka Queen💜 @milway.ka,10400000.0,,Poljska,,3100000.0,tiktok,poland,False,2024,,,,
2,STASYA 💜 @stasya.pro,2500000.0,,Poljska,Ljepota i briga za sebe,750000.0,tiktok,poland,False,2024,Beauty&Fashion,MAPPED,,Beauty and self-care
3,"Paweł ,,PAVLLOO” Szwed @pavlloo",2300000.0,,Poljska,,690000.0,tiktok,poland,False,2024,,,,
4,MARLEY AND KUBA @marleyandkuba,2300000.0,0.1,Poljska,Kućni ljubimci,690000.0,tiktok,poland,False,2024,Lifestyle,MAPPED,,Pets
5,Friz @tojafriz,2100000.0,0.5,Poljska,,630000.0,tiktok,poland,False,2024,,,,
6,Roxana Orłowska @roxaok,2100000.0,,Poljska,Predstavljanje proizvoda,630000.0,tiktok,poland,False,2024,UNMAPPED,UNMAPPED,,Product presentation
7,BUNIEK @buniosb,2000000.0,1.6,Poljska,Moda i pribor,600000.0,tiktok,poland,False,2024,UNMAPPED,UNMAPPED,,Moda i pribor
8,Sleeping Pill w Inka | Spotify @inkamagnaye,1900000.0,,Poljska,Zabava i glazba,570000.0,tiktok,poland,False,2024,Music,MAPPED,,Entertainment and music
9,Pat @patrykwxjcik,1500000.0,,Poljska,Zabava i glazba,450000.0,tiktok,poland,False,2024,Music,MAPPED,,Entertainment and music
10,Patryk Zapała @colorowyy,1400000.0,,Poljska,Umjetnost i zanati Zabava i glazba,420000.0,tiktok,poland,False,2024,Music,MAPPED,,Arts and Crafts Entertainment and Music
11,DAWID KWIATKOWSKI @kwiatkowsky,1200000.0,0.1,Poljska,Zabava i glazba,360000.0,tiktok,poland,False,2024,Music,MAPPED,,Entertainment and music
12,WŁADEK @wladek_jestem,1100000.0,,Poljska,Moda i pribor Uradi sam i savjeti za život,330000.0,tiktok,poland,False,2024,Beauty&Fashion,MAPPED,,Fashion and accessories DIY and life tips
13,Filip Szyc @filip.szyc,1100000.0,,Poljska,Fotografija Zabava i glazba,330000.0,tiktok,poland,False,2024,Music,MAPPED,,Photo Entertainment and music
14,Patryk Boryniec @patrykboryniec,1100000.0,,Poljska,Zabava i glazba,330000.0,tiktok,poland,False,2024,Music,MAPPED,,Entertainment and music
15,Adrianna Scandal 👑 @adrianna_scandal_queen,997700.0,,Poljska,,299300.0,tiktok,poland,False,2024,,,,
16,Klaudia Sojka @klasojka,995400.0,,Poljska,Zabava i glazba,298600.0,tiktok,poland,False,2024,Music,MAPPED,,Entertainment and music
17,Klaudia Tarka @klatex,994600.0,,Poljska,,298400.0,tiktok,poland,False,2024,,,,
18,Oliwka Kreja 💗 @cookiemint.pl,984500.0,,Poljska,,295400.0,tiktok,poland,False,2024,,,,
19,Oliwia Misztal @oliwiamisztal,966600.0,,Poljska,,290000.0,tiktok,poland,False,2024,,,,
20,⚡Paulina⚡ @baoliin,958200.0,,Poljska,Zabava i glazba,287500.0,tiktok,poland,False,2024,Music,MAPPED,,Entertainment and music
21,Inga Madejczyk @plharleyquinn,957600.0,,Poljska,Animacija i Cosplay,287300.0,tiktok,poland,False,2024,Tech&Gaming,MAPPED,,Animation and Cosplay
22,Aigostar_PL @aigostar_pl,943700.0,,Poljska,Moda i pribor,283100.0,tiktok,poland,False,2024,UNMAPPED,UNMAPPED,,Moda i pribor
23,Agnieszka Grzelak @aga_grzelak,938000.0,,Poljska,Ljepota i briga za sebe,281400.0,tiktok,poland,False,2024,Beauty&Fashion,MAPPED,,Beauty and self-care
24,💙🐾Queen 🐾💙 @_.edits._756,936400.0,,Poljska,,280900.0,tiktok,poland,False,2024,,,,
25,Maykaa @maykaa37,926000.0,,Poljska,,277800.0,tiktok,poland,False,2024,,,,
26,Cebulsonn x Hania @cebulsonnxhania,924700.0,0.1,Poljska,Predstavljanje proizvoda,277400.0,tiktok,poland,False,2024,UNMAPPED,UNMAPPED,,Product presentation
27,vnarf @vnarf,905100.0,,Poljska,,271500.0,tiktok,poland,False,2024,,,,
28,Patryk „Siiitek” Rolbiecki @siiitek,889700.0,,Poljska,,266900.0,tiktok,poland,False,2024,,,,
29,Ola Holata @white2115_girl,884300.0,0.2,Poljska,,265300.0,tiktok,poland,False,2024,,,,
30,Natalia Madej @nataliamadej,880600.0,,Poljska,Umjetnost,264200.0,tiktok,poland,False,2024,Lifestyle,MAPPED,,Art
31,Dominik YT 🎶🔥 @dominik.mess,876200.0,,Poljska,,262900.0,tiktok,poland,False,2024,,,,
32,Prawnik Marcin Kruszewski @prawomarcina,871700.0,,Poljska,Obrazovanje,261500.0,tiktok,poland,False,2024,Knowledge&Info,MAPPED,,Education
33,ola.radziun @ola.radziun,864100.0,,Poljska,,259200.0,tiktok,poland,False,2024,,,,
34,Slivki Show @slivki_show_official,838600.0,0.1,Poljska,,251600.0,tiktok,poland,False,2024,,,,
35,Kate ❤️ @forsurprise,838300.0,0.2,Poljska,Zabava i glazba,251500.0,tiktok,poland,False,2024,Music,MAPPED,,Entertainment and music
36,Julia @_juliyav_,819400.0,,Poljska,Zabava i glazba,245800.0,tiktok,poland,False,2024,Music,MAPPED,,Entertainment and music
37,Sheo 🐙 @sheopl,819200.0,0.2,Poljska,,245800.0,tiktok,poland,False,2024,,,,
38,Poland Is Everywhere 🇵🇱 @poland__is.__everywhere,813700.0,0.3,Poljska,Umjetnost,244100.0,tiktok,poland,False,2024,Lifestyle,MAPPED,,Art
39,D stands for Deriah @_deriah_,813300.0,,Poljska,Animacija i Cosplay,244000.0,tiktok,poland,False,2024,Tech&Gaming,MAPPED,,Animation and Cosplay
40,gavedits @gavedits,812900.0,,Poljska,,243900.0,tiktok,poland,False,2024,,,,
41,skrudlik @_skrudliq_,811200.0,,Poljska,,243400.0,tiktok,poland,False,2024,,,,
42,Mathew Figura @matthewfigura,811100.0,0.5,Poljska,Zabava i glazba,243300.0,tiktok,poland,False,2024,Music,MAPPED,,Entertainment and music
43,Władek 🔥 @lollipop21x,787400.0,,Poljska,,236200.0,tiktok,poland,False,2024,,,,
44,Have a great day! 😀 @funny.crazy.stuff,784100.0,0.1,Poljska,,235200.0,tiktok,poland,False,2024,,,,
45,Nadia i Remo😌 @remikmymusic,782900.0,,Poljska,,234900.0,tiktok,poland,False,2024,,,,
46,Natalia Maszkowska @nathallae,780400.0,0.1,Poljska,Hrana,234100.0,tiktok,poland,False,2024,Lifestyle,MAPPED,,Food
47,szymon 🌪 @szymonzaparty,776700.0,0.2,Poljska,,233000.0,tiktok,poland,False,2024,,,,
48,Rosjanka @_rosjankq_,773700.0,,Poljska,Smišno,232100.0,tiktok,poland,False,2024,Entertainment,MAPPED,,Funny
49,thevoicebestoff @thevoicebestoff,766500.0,,Poljska,,230000.0,tiktok,poland,False,2024,,,,
50,Felis Gallery by Robert Sijka @robert_sijka,755300.0,,Poljska,Umjetnost i zanati,226600.0,tiktok,poland,False,2024,Lifestyle,MAPPED,,Arts and crafts
51,Food Delicious @_foodelicious,754000.0,0.2,Poljska,Hrana,226200.0,tiktok,poland,False,2024,Lifestyle,MAPPED,,Food
52,Natalia Magiera @nmagiera,751400.0,,Poljska,,225400.0,tiktok,poland,False,2024,,,,
53,Gabi @gabikuczynska,746100.0,,Poljska,,223800.0,tiktok,poland,False,2024,,,,
54,Evelina @evelinaross_,741500.0,,Poljska,,222500.0,tiktok,poland,False,2024,,,,
55,Hetero official @hetero.gang420,735700.0,,Poljska,,220700.0,tiktok,poland,False,2024,,,,
56,TheNitroZyniak @thenitrozyniak_yt,734400.0,0.3,Poljska,,220300.0,tiktok,poland,False,2024,,,,
57,Mateusz Güncel @mateusz_guncel,729700.0,,Poljska,,218900.0,tiktok,poland,False,2024,,,,
58,꧁☾ａｍｉ☽꧂ @aniaart178,722300.0,0.4,Poljska,Umjetnost i zanati,216700.0,tiktok,poland,False,2024,Lifestyle,MAPPED,,Arts and crafts
59,Karolina Pieńczak ♡ @karoletka,721100.0,,Poljska,Moda i pribor,216300.0,tiktok,poland,False,2024,UNMAPPED,UNMAPPED,,Moda i pribor
60,Raptus_MG @raptus_mg_volvo,717300.0,,Poljska,,215200.0,tiktok,poland,False,2024,,,,
61,💖I love you💖 @nightfury._.editor2,695100.0,,Poljska,,208500.0,tiktok,poland,False,2024,,,,
62,Brooke/ Grape 🍇 @slaviccaesar,694800.0,,Poljska,Obrazovanje,208400.0,tiktok,poland,False,2024,Knowledge&Info,MAPPED,,Education
63,Mateusz Piesiak @mateuszpiesiak,681300.0,0.3,Poljska,Priroda Životinje Fotografija,204400.0,tiktok,poland,False,2024,Lifestyle,MAPPED,,Nature Animals Photography
64,INTERNAZIOMALE @internaziomale420,679400.0,,Poljska,Glazba,203800.0,tiktok,poland,False,2024,Music,MAPPED,,Music
65,Programista Na Froncie @programista_na_froncie,675200.0,0.3,Poljska,Obrazovanje Usavršavanje,202600.0,tiktok,poland,False,2024,Knowledge&Info,MAPPED,,Education Training
66,BADDIEGYALS @baddiegyals_,673400.0,,Poljska,,202000.0,tiktok,poland,False,2024,,,,
67,Anna Zuch @ankazuch,665800.0,,Poljska,,199700.0,tiktok,poland,False,2024,,,,
68,♥️ Marta ♥️ @ginger_world,665200.0,0.1,Poljska,,199600.0,tiktok,poland,False,2024,,,,
69,Iwona Marivo 🦋 @marivoiwona,664500.0,,Poljska,Zabava i glazba,199400.0,tiktok,poland,False,2024,Music,MAPPED,,Entertainment and music
70,Manae | ig:s_himi @s_himj,664200.0,,Poljska,Zabava i glazba,199300.0,tiktok,poland,False,2024,Music,MAPPED,,Entertainment and music
71,Natalia Kulig @nataliakulig1,657400.0,,Poljska,Zabava i glazba,197200.0,tiktok,poland,False,2024,Music,MAPPED,,Entertainment and music
72,bober696428 @bober696428,646300.0,0.9,Poljska,,193900.0,tiktok,poland,False,2024,,,,
73,Krystian Ziętkowski @krystianzietkowsky,646100.0,,Poljska,,193800.0,tiktok,poland,False,2024,,,,
74,monia @monikamuratova,643500.0,,Poljska,,193100.0,tiktok,poland,False,2024,,,,
75,My3oficjalnie @my3oficjalnie,639000.0,,Poljska,,191700.0,tiktok,poland,False,2024,,,,
76,keycath0 @keycath0,635100.0,,Poljska,,190500.0,tiktok,poland,False,2024,,,,
77,Doda @doda,616200.0,0.1,Poljska,,184900.0,tiktok,poland,False,2024,,,,
78,Madziara @bombowaczarnulka,615500.0,,Poljska,,184700.0,tiktok,poland,False,2024,,,,
79,marcelina @marcelinawaniek,609400.0,,Poljska,,182800.0,tiktok,poland,False,2024,,,,
80,Niedzia @niedziapets,603300.0,,Poljska,Kućni ljubimci Zabava i glazba,181000.0,tiktok,poland,False,2024,Music,MAPPED,,Pets Entertainment and music
81,ALINA @alicjaa.kowalska,600400.0,,Poljska,Umjetnost i zanati Zabava i glazba Obitelj,180100.0,tiktok,poland,False,2024,Music,MAPPED,,Arts and Crafts Entertainment and Music Family
82,Sylwia Przybysz @sprzybysz,597000.0,,Poljska,Zabava i glazba Smišno,179100.0,tiktok,poland,False,2024,Music,MAPPED,,Entertainment and music Funny
83,J U L I A @jujubabi_,593500.0,,Poljska,Animacija i Cosplay,178100.0,tiktok,poland,False,2024,Tech&Gaming,MAPPED,,Animation and Cosplay
84,Czasin @czasin,591600.0,,Poljska,,177500.0,tiktok,poland,False,2024,,,,
85,bartmi @bartmi97,589300.0,,Poljska,,176800.0,tiktok,poland,False,2024,,,,
86,Przemek Kucyk @przemekkucyk,584100.0,0.3,Poljska,Zabava i glazba,175200.0,tiktok,poland,False,2024,Music,MAPPED,,Entertainment and music
87,Emilia Królikowska @emiflesh,579300.0,,Poljska,,173800.0,tiktok,poland,False,2024,,,,
88,Marysia Krasowska @marysiakrasowska,574200.0,,Poljska,Moda i pribor,172300.0,tiktok,poland,False,2024,UNMAPPED,UNMAPPED,,Moda i pribor
89,TaKtórejZazdrościsz @dorotakociesza,571300.0,,Poljska,,171400.0,tiktok,poland,False,2024,,,,
90,taranek.official @taranek.official,566500.0,,Poljska,Gluma i drama,170000.0,tiktok,poland,False,2024,Entertainment,MAPPED,,Acting and drama
91,🐾𝚀𝚞𝚎𝚎𝚗🐾 @dog.editzz.forever,566400.0,,Poljska,,169900.0,tiktok,poland,False,2024,,,,
92,Grzegorz Noworolnik 🔥 @grzechufreestyle,566100.0,,Poljska,,169800.0,tiktok,poland,False,2024,,,,
93,wikikakusia @wikikakusia,563600.0,5.2,Poljska,Moda i pribor Dom i vrt,169100.0,tiktok,poland,False,2024,Beauty&Fashion,MAPPED,,Fashion and accessories Home and garden
94,FajnyPrzemek @fajnyprzemek,555600.0,,Poljska,Smišno,166700.0,tiktok,poland,False,2024,Entertainment,MAPPED,,Funny
95,Sebo und Jana @se_ja8390,553000.0,,Poljska,Životinje Smišno,165900.0,tiktok,poland,False,2024,Entertainment,MAPPED,,Animals Funny
96,Polski Instytut Kryptowalut @instytutkryptowalut,552600.0,,Poljska,,165800.0,tiktok,poland,False,2024,,,,
97,Peter McPoland @petermcpoland,552300.0,0.2,Poljska,,165700.0,tiktok,poland,False,2024,,,,
98,Łączy nas piłka @laczynaspilka,543300.0,,Poljska,,163000.0,tiktok,poland,False,2024,,,,
99,Kuba Grochmalski @kubagrochmalski,541700.0,0.3,Poljska,Zabava i glazba Smišno,162500.0,tiktok,poland,False,2024,Music,MAPPED,,Entertainment and music Funny
100,mounis firwana @msfirwana,540800.0,,Poljska,,162200.0,tiktok,poland,False,2024,,,,
1,Rui Carlota 🇵🇹 @ruicarlota,7300000.0,,Portugal,Entertainment and Music,2200000.0,tiktok,portugal,False,2024,Music,MAPPED,,
2,Carlos César @_cacesa,5100000.0,,Portugal,Entertainment and Music,1500000.0,tiktok,portugal,False,2024,Music,MAPPED,,
3,Hian Grylls @hiangrylls,5100000.0,,Portugal,Funny,1500000.0,tiktok,portugal,False,2024,Entertainment,MAPPED,,
4,Álec Guímel @alec_guimel,4600000.0,,Portugal,Entertainment and Music Animation and Cosplay,1400000.0,tiktok,portugal,False,2024,Tech&Gaming,MAPPED,,
5,joelbarreira @joelbarreira,3900000.0,,Portugal,Fashion and Accessories,1200000.0,tiktok,portugal,False,2024,Beauty&Fashion,MAPPED,,
6,Cláudia Amaral @claudiia_amaral_,2800000.0,0.1,Portugal,,840000.0,tiktok,portugal,False,2024,,,,
7,Cristiano Ronaldo @juve_cristiano,1800000.0,,Portugal,Sports,540000.0,tiktok,portugal,False,2024,Sports,MAPPED,,
8,LISBOA @olisboa,1700000.0,0.2,Portugal,Entertainment and Music Funny,510000.0,tiktok,portugal,False,2024,Music,MAPPED,,
9,Valter Sousa @valtersousa,1400000.0,0.3,Portugal,Business and Finance,420000.0,tiktok,portugal,False,2024,Knowledge&Info,MAPPED,,
10,3eponto @3eponto,1100000.0,0.5,Portugal,Entertainment and Music,330000.0,tiktok,portugal,False,2024,Music,MAPPED,,
11,∂iσgσ rєis @diogoreiss,1100000.0,0.1,Portugal,,330000.0,tiktok,portugal,False,2024,,,,
12,SR7 @sedatcrr7,1000000.0,,Portugal,,300000.0,tiktok,portugal,False,2024,,,,
13,Cristiano Ronaldo @ronaldojuve007,990600.0,,Portugal,Sports,297200.0,tiktok,portugal,False,2024,Sports,MAPPED,,
14,Jeje Lopes @missllopes,951300.0,,Portugal,,285400.0,tiktok,portugal,False,2024,,,,
15,João Gomes @joaogomescortes,925000.0,,Portugal,,277500.0,tiktok,portugal,False,2024,,,,
16,Constanza Ariza @constanzaariza,923300.0,,Portugal,,277000.0,tiktok,portugal,False,2024,,,,
17,FC Porto @fcporto,919100.0,,Portugal,Sports,275700.0,tiktok,portugal,False,2024,Sports,MAPPED,,
18,danielfaouakhiri @danielfaouakhiri,904000.0,,Portugal,,271200.0,tiktok,portugal,False,2024,,,,
19,Lauanda Rios @lauandariosss,892000.0,,Portugal,Fashion and Accessories Beauty and Self Care,267600.0,tiktok,portugal,False,2024,Beauty&Fashion,MAPPED,,
20,Janne Maia @jannemaiaoficial,877700.0,0.8,Portugal,,263300.0,tiktok,portugal,False,2024,,,,
21,mel 🇵🇹 @mel92officiel,868000.0,,Portugal,Beauty and Self Care Fashion and Accessories,260400.0,tiktok,portugal,False,2024,Beauty&Fashion,MAPPED,,
22,Débora Gomes @deborategomes,853800.0,,Portugal,,256100.00000000003,tiktok,portugal,False,2024,,,,
23,luiscarvalhoof1 @luiscarvalhoof1,836100.0,,Portugal,,250800.0,tiktok,portugal,False,2024,,,,
24,Clara Carpegiani @claracarpegiani,822400.0,,Portugal,,246700.0,tiktok,portugal,False,2024,,,,
25,Kaylee @kayleepereiraa,796500.0,,Portugal,Entertainment and Music,239000.0,tiktok,portugal,False,2024,Music,MAPPED,,
26,⚽️ Cristaino Ronaldo 🇵🇹 @joanfootball3,774100.0,,Portugal,Sports,232200.0,tiktok,portugal,False,2024,Sports,MAPPED,,
27,Ines Silva @irisloveunicorns,771800.0,,Portugal,Fashion and Accessories,231500.0,tiktok,portugal,False,2024,Beauty&Fashion,MAPPED,,
28,Leonor Filipa😝💗 @leonorfilipaa,767800.0,,Portugal,,230300.0,tiktok,portugal,False,2024,,,,
29,𝕯𝖆𝖓𝖎 @hobisreal1,749800.0,0.1,Portugal,,224900.0,tiktok,portugal,False,2024,,,,
30,Carmona Podologia @carmonapodologia,736600.0,,Portugal,Beauty and Self Care,221000.0,tiktok,portugal,False,2024,Beauty&Fashion,MAPPED,,
31,Ronaldo 🇵🇹 @reyas_7,726000.0,,Portugal,Sports,217800.0,tiktok,portugal,False,2024,Sports,MAPPED,,
32,Mahina @luanasantos,710500.0,,Portugal,,213200.0,tiktok,portugal,False,2024,,,,
33,Maria Nunes @marianunes2,705600.0,,Portugal,,211700.0,tiktok,portugal,False,2024,,,,
34,JR7 @_justronny_,689600.0,,Portugal,,206900.0,tiktok,portugal,False,2024,,,,
35,fasdeportugal @fasdeportugal,675900.0,,Portugal,,202800.0,tiktok,portugal,False,2024,,,,
36,EU CADU @cadukk021,658200.0,,Portugal,Video Gaming,197500.0,tiktok,portugal,False,2024,Tech&Gaming,MAPPED,,
37,ED7 @eldios.7,652900.0,,Portugal,,195900.0,tiktok,portugal,False,2024,,,,
38,Susete @monstresss,638900.0,,Portugal,Arts and Crafts,191700.0,tiktok,portugal,False,2024,Lifestyle,MAPPED,,
39,Cristianoronaldo @crist.iano,607900.0,,Portugal,,182400.0,tiktok,portugal,False,2024,,,,
40,Jo @jj_ren,607300.0,,Portugal,,182200.0,tiktok,portugal,False,2024,,,,
41,carlos ᕙ(`▿´)ᕗ @carloscorreiaa_,602200.0,,Portugal,,180700.0,tiktok,portugal,False,2024,,,,
42,Cristiano Ronaldo @cristianoronaldo.galaxy,598700.0,0.2,Portugal,Sports Video Gaming,179600.0,tiktok,portugal,False,2024,Sports,MAPPED,,
43,Maria Luisa Rodrigue @marialuisarodrigu670,589100.0,,Portugal,,176700.0,tiktok,portugal,False,2024,,,,
44,Teté @asthefanymo,584700.0,,Portugal,Entertainment and Music,175400.0,tiktok,portugal,False,2024,Music,MAPPED,,
45,Itzdiogoferraz @itzdiogoferraz2,556600.0,,Portugal,,167000.0,tiktok,portugal,False,2024,,,,
46,Pedro @pedro.seefeld,551600.0,,Portugal,Funny,165500.0,tiktok,portugal,False,2024,Entertainment,MAPPED,,
47,jessye_hutner @jessye_hutner,541700.0,,Portugal,,162500.0,tiktok,portugal,False,2024,,,,
48,Bu @brunaroqueneves,537400.0,,Portugal,,161200.0,tiktok,portugal,False,2024,,,,
49,joaomoreira @eljoaomoreiraag,535400.0,,Portugal,,160600.0,tiktok,portugal,False,2024,,,,
50,Baselli 🔥 @baselli,533000.0,,Portugal,,159900.0,tiktok,portugal,False,2024,,,,
51,CR7🐐🇵🇹 @timeronaldohd7,527500.0,0.2,Portugal,,158300.0,tiktok,portugal,False,2024,,,,
52,✨Diiana Monteiro✨ @diianamonteiro_,522500.0,,Portugal,Fashion and Accessories,156800.0,tiktok,portugal,False,2024,Beauty&Fashion,MAPPED,,
53,mel @melanievicente99,520500.0,,Portugal,,156200.0,tiktok,portugal,False,2024,,,,
54,dog_piruças @dog_pirucas,512300.0,0.1,Portugal,Pets,153700.0,tiktok,portugal,False,2024,Lifestyle,MAPPED,,
55,Planeta Di Vieira @planeta_di_vieira,509900.0,,Portugal,,153000.0,tiktok,portugal,False,2024,,,,
56,Cristiano Ronaldo @ronaldo.hdi7,506000.0,0.3,Portugal,,151800.0,tiktok,portugal,False,2024,,,,
57,diogo.brehm @diogo.brehm,490600.0,,Portugal,Business and Finance,147200.0,tiktok,portugal,False,2024,Knowledge&Info,MAPPED,,
58,Gerson Rodrigues @gerson_rodriggues,477900.0,,Portugal,,143400.0,tiktok,portugal,False,2024,,,,
59,Catt Ameixa 🎀 @cattameixa,472400.0,,Portugal,,141700.0,tiktok,portugal,False,2024,,,,
60,Rafael Bailão 𓅂 @rafaelbailao,461600.0,,Portugal,,138500.0,tiktok,portugal,False,2024,,,,
61,davidcarreira @davidcarreiratiktok,458700.0,,Portugal,Entertainment and Music,137600.0,tiktok,portugal,False,2024,Music,MAPPED,,
62,Lalis @r3d_d3m0n,447100.0,,Portugal,,134100.0,tiktok,portugal,False,2024,,,,
63,Kim Kardashian @kimkardashian.westt,437200.0,0.3,Portugal,,131200.0,tiktok,portugal,False,2024,,,,
64,Bia luz @bialuzl_,431100.0,,Portugal,Fitness and Health,129300.0,tiktok,portugal,False,2024,Sports,MAPPED,,
65,· 🪚 | 𝐧𝐮 🏳️‍🌈🧿 @nuriaserrote,425500.0,,Portugal,,127700.0,tiktok,portugal,False,2024,,,,
66,M @lyriics.musiics,417800.0,,Portugal,,125300.0,tiktok,portugal,False,2024,,,,
67,megs @meganlissimore,414400.0,,Portugal,,124300.0,tiktok,portugal,False,2024,,,,
68,Duarte @duartebrty,411500.0,,Portugal,,123500.0,tiktok,portugal,False,2024,,,,
69,As Melhores Receitas @as_melhores_receitas,410100.0,1.3,Portugal,Food,123000.0,tiktok,portugal,False,2024,Lifestyle,MAPPED,,
70,Salvador Galeão @salvadorgaleao_,409000.0,3.3,Portugal,,122700.0,tiktok,portugal,False,2024,,,,
71,Mirela Montinelly 👑 @mirelamontinellyy,408500.0,,Portugal,,122600.0,tiktok,portugal,False,2024,,,,
72,Sarah Estanislau @sarahestanislau,403200.0,,Portugal,,121000.0,tiktok,portugal,False,2024,,,,
73,Billy @memesdobilly,403000.0,0.1,Portugal,Entertainment and Music,120900.0,tiktok,portugal,False,2024,Music,MAPPED,,
74,catarina barbie @cat.barbiee,394100.0,,Portugal,Entertainment and Music,118200.0,tiktok,portugal,False,2024,Music,MAPPED,,
75,Diogofgcosta @diogofgcosta,393000.0,,Portugal,,117900.0,tiktok,portugal,False,2024,,,,
76,only goat 🐐 🪄 @goldenly7,392000.0,,Portugal,Animals Sports,117600.0,tiktok,portugal,False,2024,Sports,MAPPED,,
77,Cristiano.Muho @cristiano.muho,392000.0,,Portugal,,117600.0,tiktok,portugal,False,2024,,,,
78,Bruna Coelho Pereira @bunny_pear_,389700.0,,Portugal,Fashion and Accessories,116900.0,tiktok,portugal,False,2024,Beauty&Fashion,MAPPED,,
79,Pi🐶 @oficial_pi,383500.0,,Portugal,Pets Business and Finance,115100.0,tiktok,portugal,False,2024,Knowledge&Info,MAPPED,,
80,Tiago Valente @otiagovalente,379800.0,0.1,Portugal,Education Food,113900.0,tiktok,portugal,False,2024,Knowledge&Info,MAPPED,,
81,kinda.hood @kinda.hood,374000.0,,Portugal,Fashion and Accessories,112200.0,tiktok,portugal,False,2024,Beauty&Fashion,MAPPED,,
82,Mario Pires @migopires,364200.0,0.5,Portugal,Funny,109300.0,tiktok,portugal,False,2024,Entertainment,MAPPED,,
83,Grace Noel @graceful_health,362500.0,,Portugal,,108800.0,tiktok,portugal,False,2024,,,,
84,Cristiano Fans 🙏 🙏 🇵🇹🐐❤ @cristiano7ma,361100.0,,Portugal,,108300.0,tiktok,portugal,False,2024,,,,
85,Marco Alves @marcoalvesofficial,357300.0,0.2,Portugal,Fashion and Accessories,107200.0,tiktok,portugal,False,2024,Beauty&Fashion,MAPPED,,
86,Cristiano Ronaldo @cristianoooronaldo27,356500.0,,Portugal,Sports,107000.0,tiktok,portugal,False,2024,Sports,MAPPED,,
87,margarida🐥 @atchiiim,356100.0,,Portugal,,106800.0,tiktok,portugal,False,2024,,,,
88,SK Arif Khan 🇪🇺 @sk_arif_khan1,355400.0,,Portugal,,106600.0,tiktok,portugal,False,2024,,,,
89,Rui Unas @o_unas,355200.0,,Portugal,,106600.0,tiktok,portugal,False,2024,,,,
90,SARA MAIA @saracmaiaa,353200.0,,Portugal,,106000.0,tiktok,portugal,False,2024,,,,
91,Flá Veloso @fla_veloso,352800.0,,Portugal,,105800.0,tiktok,portugal,False,2024,,,,
92,cr.RONALDO @w7g5,349900.0,,Portugal,,105000.0,tiktok,portugal,False,2024,,,,
93,Luis Lopes @luisslopess,347700.0,,Portugal,,104300.0,tiktok,portugal,False,2024,,,,
94,Luis Gonçalves @luuisgoncalves,347200.0,0.7,Portugal,Entertainment and Music Music,104200.0,tiktok,portugal,False,2024,Music,MAPPED,,
95,elanne 🌾✨ @elanneboake,343800.0,,Portugal,Fitness and Health,103100.0,tiktok,portugal,False,2024,Sports,MAPPED,,
96,DZ⚡️ @denizferraz,338000.0,,Portugal,Entertainment and Music Funny,101400.0,tiktok,portugal,False,2024,Music,MAPPED,,
97,Renaldo Vaz @renaldovaz,337000.0,,Portugal,,101100.0,tiktok,portugal,False,2024,,,,
98,Daniela Prates @a.daniela.prates,334800.0,,Portugal,,100400.0,tiktok,portugal,False,2024,,,,
99,Victorash @_victorash,333200.0,,Portugal,,100000.0,tiktok,portugal,False,2024,,,,
100,rcalvao @rcalvao,331100.0,,Portugal,,99300.0,tiktok,portugal,False,2024,,,,
1,Bad Bunny @badbunny,31800000.0,18.4,Puerto Rico,,9500000.0,tiktok,puerto-rico,False,2024,,,,
2,Andrea & Lewis @andreaandlewis,7000000.0,,Puerto Rico,Travel Home and Garden,2100000.0,tiktok,puerto-rico,False,2024,Lifestyle,MAPPED,,
3,Nicky Jam @nickyjam,4900000.0,,Puerto Rico,Entertainment and Music,1500000.0,tiktok,puerto-rico,False,2024,Music,MAPPED,,
4,Candylover89 @candylover89official,4000000.0,,Puerto Rico,Food,1200000.0,tiktok,puerto-rico,False,2024,Lifestyle,MAPPED,,
5,Cocina con Coqui @cocinaconcoqui,3600000.0,5.7,Puerto Rico,Food,1100000.0,tiktok,puerto-rico,False,2024,Lifestyle,MAPPED,,
6,Luv @kierraluv,3400000.0,,Puerto Rico,Entertainment and Music Romance and Wedding,1000000.0,tiktok,puerto-rico,False,2024,Beauty&Fashion,MAPPED,,
7,Ana Coto @anaocto,2100000.0,,Puerto Rico,,630000.0,tiktok,puerto-rico,False,2024,,,,
8,CAMI NICCOLE @caminiccole,1900000.0,,Puerto Rico,Entertainment and Music,570000.0,tiktok,puerto-rico,False,2024,Music,MAPPED,,
9,simbah🌹 @lindsaynikole,1900000.0,,Puerto Rico,,570000.0,tiktok,puerto-rico,False,2024,,,,
10,Tqstaceyy @staceyyrosado,1900000.0,,Puerto Rico,,570000.0,tiktok,puerto-rico,False,2024,,,,
11,tabby 🍓💫 @strawberrytabby,1600000.0,,Puerto Rico,,480000.0,tiktok,puerto-rico,False,2024,,,,
12,Jose 🇵🇷 @imtropicaljoe,1600000.0,,Puerto Rico,Entertainment and Music,480000.0,tiktok,puerto-rico,False,2024,Music,MAPPED,,
13,A L E X I A @lexdelvalle,1500000.0,,Puerto Rico,,450000.0,tiktok,puerto-rico,False,2024,,,,
14,Jenoah Santiago @just_jenoah_,1400000.0,0.1,Puerto Rico,Animation and Cosplay,420000.0,tiktok,puerto-rico,False,2024,Tech&Gaming,MAPPED,,
15,Leonardo Van der Neut @leosemfiltro,1300000.0,,Puerto Rico,,390000.0,tiktok,puerto-rico,False,2024,,,,
16,Carlos @carlosemmanuelcal,1300000.0,,Puerto Rico,Entertainment and Music,390000.0,tiktok,puerto-rico,False,2024,Music,MAPPED,,
17,Villaa Oficial @villaaoficial,1300000.0,,Puerto Rico,,390000.0,tiktok,puerto-rico,False,2024,,,,
18,Jessica Vill @jbunzie,1200000.0,,Puerto Rico,,360000.0,tiktok,puerto-rico,False,2024,,,,
19,Bad Bunny @benitomartinezz1,1100000.0,,Puerto Rico,Entertainment and Music,330000.0,tiktok,puerto-rico,False,2024,Music,MAPPED,,
20,Caroline Reyes @caarolitaa,1100000.0,,Puerto Rico,,330000.0,tiktok,puerto-rico,False,2024,,,,
21,🤱🏻AMO LA LACTANCIA🤱🏻 @paulysant,966000.0,,Puerto Rico,family,289800.0,tiktok,puerto-rico,False,2024,Lifestyle,MAPPED,,
22,EFKTO @efktomusic,938900.0,,Puerto Rico,Entertainment and Music,281700.0,tiktok,puerto-rico,False,2024,Music,MAPPED,,
23,Flohyran Correa @flohyran,936500.0,,Puerto Rico,,281000.0,tiktok,puerto-rico,False,2024,,,,
24,Bryan Yaniel🤌🏿 @bryannyaniel,914300.0,,Puerto Rico,,274300.0,tiktok,puerto-rico,False,2024,,,,
25,Luis Fonsi @luisfonsi,912400.0,,Puerto Rico,,273700.0,tiktok,puerto-rico,False,2024,,,,
26,K I M B E R L Y 🦋 @kiikiimarie,892300.0,,Puerto Rico,,267700.0,tiktok,puerto-rico,False,2024,,,,
27,SUPA @_supapeach,861900.0,0.2,Puerto Rico,,258600.00000000003,tiktok,puerto-rico,False,2024,,,,
28,Dean Huertas @deanhuertas,855000.0,0.1,Puerto Rico,,256500.0,tiktok,puerto-rico,False,2024,,,,
29,Adriana @adrianafilomeno,839100.0,,Puerto Rico,Beauty Fashion,251700.0,tiktok,puerto-rico,False,2024,Beauty&Fashion,MAPPED,,
30,Arián @nairashlee,820300.0,1.0,Puerto Rico,,246100.0,tiktok,puerto-rico,False,2024,,,,
31,Emily Rios @itsemilyrios,817000.0,,Puerto Rico,Entertainment and Music,245100.0,tiktok,puerto-rico,False,2024,Music,MAPPED,,
32,Jonathan @paganjonathan,816200.0,,Puerto Rico,,244900.0,tiktok,puerto-rico,False,2024,,,,
33,Khaby Lame @khaby.lame_lives,808100.0,,Puerto Rico,,242400.0,tiktok,puerto-rico,False,2024,,,,
34,carmenluvana @carmenluvana,802800.0,0.1,Puerto Rico,,240800.0,tiktok,puerto-rico,False,2024,,,,
35,Chicle @chicleclown,802000.0,,Puerto Rico,,240600.0,tiktok,puerto-rico,False,2024,,,,
36,M I Z V A N E Z Z A @iammizvanezza,795400.0,,Puerto Rico,,238600.0,tiktok,puerto-rico,False,2024,,,,
37,Hazel Moore @dulce.mami,783600.0,,Puerto Rico,,235100.0,tiktok,puerto-rico,False,2024,,,,
38,Steven Brundage @stevenbrundageart,782000.0,,Puerto Rico,,234600.0,tiktok,puerto-rico,False,2024,,,,
39,Molusco @yosoymolusco,774700.0,,Puerto Rico,Parenting,232400.0,tiktok,puerto-rico,False,2024,Lifestyle,MAPPED,,
40,Arcangel @arcangel,766200.0,1.1,Puerto Rico,,229900.0,tiktok,puerto-rico,False,2024,,,,
41,dia @anxrosa,744100.0,,Puerto Rico,Entertainment and Music,223200.0,tiktok,puerto-rico,False,2024,Music,MAPPED,,
42,Callmedaddyapple @callmedaddyapple,734300.0,,Puerto Rico,,220300.0,tiktok,puerto-rico,False,2024,,,,
43,Carlos Cabrera @caerloscgv,723600.0,,Puerto Rico,Entertainment and Music,217100.0,tiktok,puerto-rico,False,2024,Music,MAPPED,,
44,EL PRÍNCIPE @elprincipebby,714100.0,,Puerto Rico,Entertainment and Music Romance and Wedding,214200.0,tiktok,puerto-rico,False,2024,Beauty&Fashion,MAPPED,,
45,River Z Perkins @rivvzz,700200.0,,Puerto Rico,Romance and Wedding,210100.0,tiktok,puerto-rico,False,2024,Beauty&Fashion,MAPPED,,
46,Angie 🥰 @angy_coral,697500.0,,Puerto Rico,family,209300.0,tiktok,puerto-rico,False,2024,Lifestyle,MAPPED,,
47,Alexis Vargas ⚡ @alexiscomedia,696300.0,,Puerto Rico,Entertainment and Music,208900.0,tiktok,puerto-rico,False,2024,Music,MAPPED,,
48,Alexandra:) @ale.lee.art,684300.0,,Puerto Rico,Arts and Crafts,205300.0,tiktok,puerto-rico,False,2024,Lifestyle,MAPPED,,
49,Carla Nicole @carlanicolepr,667800.0,,Puerto Rico,Fashion and Accessories,200300.0,tiktok,puerto-rico,False,2024,Beauty&Fashion,MAPPED,,
50,Mrs. Officer @thinblue300,667400.0,,Puerto Rico,,200200.0,tiktok,puerto-rico,False,2024,,,,
51,Zia 🥰 @curlyzia.xo,651800.0,,Puerto Rico,Beauty and Self Care,195500.0,tiktok,puerto-rico,False,2024,Beauty&Fashion,MAPPED,,
52,anastasia @anastoostoo,639200.0,,Puerto Rico,,191800.0,tiktok,puerto-rico,False,2024,,,,
53,Rafael Acevedo @raf.acevedo,631900.0,,Puerto Rico,,189600.0,tiktok,puerto-rico,False,2024,,,,
54,Anthony Figueroa @anthonyflowww,621600.0,,Puerto Rico,Romance and Wedding,186500.0,tiktok,puerto-rico,False,2024,Beauty&Fashion,MAPPED,,
55,Shaliz 😚😚 @shaliz.pr,620200.0,,Puerto Rico,,186100.0,tiktok,puerto-rico,False,2024,,,,
56,Adi🏳️‍🌈 @adi_ramos58,617500.0,,Puerto Rico,,185300.0,tiktok,puerto-rico,False,2024,,,,
57,Pr🇵🇷👹 @justin7u7mikexd,609500.0,,Puerto Rico,,182900.0,tiktok,puerto-rico,False,2024,,,,
58,Joshua Castro @thejoshuacastro,605500.0,,Puerto Rico,,181700.0,tiktok,puerto-rico,False,2024,,,,
59,papifranquiiii1998 @papifranqui,600800.0,,Puerto Rico,,180200.0,tiktok,puerto-rico,False,2024,,,,
60,Zummer 🇵🇷 @just.zummer,598500.0,,Puerto Rico,Fitness,179600.0,tiktok,puerto-rico,False,2024,Sports,MAPPED,,
61,Orlando Santana @soyorlandosantana,595700.0,,Puerto Rico,Celebrity,178700.0,tiktok,puerto-rico,False,2024,Entertainment,MAPPED,,
62,Leah cadena @aaliyah.cadena,584400.0,,Puerto Rico,,175300.0,tiktok,puerto-rico,False,2024,,,,
63,Didi Romero @didiromero_8,580500.0,,Puerto Rico,,174200.0,tiktok,puerto-rico,False,2024,,,,
64,Lunay @lunayprr,577600.0,,Puerto Rico,,173300.0,tiktok,puerto-rico,False,2024,,,,
65,Bianca Graulau @biancagraulau,576800.0,0.2,Puerto Rico,,173000.0,tiktok,puerto-rico,False,2024,,,,
66,Laina G @lainag99,570800.0,,Puerto Rico,,171200.0,tiktok,puerto-rico,False,2024,,,,
67,Fabian Matos @fabianmatos,554400.0,,Puerto Rico,,166300.0,tiktok,puerto-rico,False,2024,,,,
68,Horimiya Rachel @rachelszero,551000.0,,Puerto Rico,,165300.0,tiktok,puerto-rico,False,2024,,,,
69,jadielo_2 @jadielo_2,537900.0,,Puerto Rico,,161400.0,tiktok,puerto-rico,False,2024,,,,
70,Julianasanchez @julianasanchez__,532600.0,,Puerto Rico,,159800.0,tiktok,puerto-rico,False,2024,,,,
71,Joaneily @jayvxl,529200.0,,Puerto Rico,Animation and Cosplay,158800.0,tiktok,puerto-rico,False,2024,Tech&Gaming,MAPPED,,
72,Suleini Rivera @sulriverax,525600.0,0.1,Puerto Rico,,157700.0,tiktok,puerto-rico,False,2024,,,,
73,Eli @3lijahrivera,521900.0,26.5,Puerto Rico,Entertainment and Music,156600.0,tiktok,puerto-rico,False,2024,Music,MAPPED,,
74,Josué Luciano @jou.king91,507200.0,,Puerto Rico,Food and Drink,152200.0,tiktok,puerto-rico,False,2024,Lifestyle,MAPPED,,
75,Negritoz @negritoz,505700.0,,Puerto Rico,,151700.0,tiktok,puerto-rico,False,2024,,,,
76,Shai @orlandoqponqueen,505200.0,,Puerto Rico,,151600.0,tiktok,puerto-rico,False,2024,,,,
77,𝙰𝚕𝚒𝚊𝚗𝚣𝚊 @jenniriverathediva,500600.0,,Puerto Rico,,150200.0,tiktok,puerto-rico,False,2024,,,,
78,Toriana @tortiz43,497600.0,,Puerto Rico,Sports,149300.0,tiktok,puerto-rico,False,2024,Sports,MAPPED,,
79,jaywheelerdr @jaywheelerdr,491800.0,,Puerto Rico,,147500.0,tiktok,puerto-rico,False,2024,,,,
80,Bilal @bilalking_3,478300.0,,Puerto Rico,,143500.0,tiktok,puerto-rico,False,2024,,,,
81,Fabiolaa N.💙🤍 @fabiiolaaa,475000.0,,Puerto Rico,Funny,142500.0,tiktok,puerto-rico,False,2024,Entertainment,MAPPED,,
82,Elvis Crespo @elviscrespolive,474700.0,,Puerto Rico,,142400.0,tiktok,puerto-rico,False,2024,,,,
83,TITO EL BAMBINO @titoelbambinoelpatron,473600.0,,Puerto Rico,,142100.0,tiktok,puerto-rico,False,2024,,,,
84,kasey @slayy.kayyy,473300.0,,Puerto Rico,,142000.0,tiktok,puerto-rico,False,2024,,,,
85,RA” RAUW @rauwalejandro___,473200.0,,Puerto Rico,,142000.0,tiktok,puerto-rico,False,2024,,,,
86,CGMERKZ @cgmerkz,463600.0,,Puerto Rico,,139100.0,tiktok,puerto-rico,False,2024,,,,
87,laudypr @laudypr,463100.0,,Puerto Rico,,138900.0,tiktok,puerto-rico,False,2024,,,,
88,Janice🌹 @janicee.janicee,461400.0,,Puerto Rico,Fashion Beauty,138400.0,tiktok,puerto-rico,False,2024,Beauty&Fashion,MAPPED,,
89,Sayits.cece @sayits.cece,455100.0,,Puerto Rico,Funny,136500.0,tiktok,puerto-rico,False,2024,Entertainment,MAPPED,,
90,🌿🌻Damaris 🌻🌿 @damarisstellamaris,449300.0,,Puerto Rico,,134800.0,tiktok,puerto-rico,False,2024,,,,
91,Buuoy @buuoy,442900.0,,Puerto Rico,Entertainment and Music,132900.0,tiktok,puerto-rico,False,2024,Music,MAPPED,,
92,omi @cookingconomi,433000.0,0.1,Puerto Rico,Food Food and Drink,129900.0,tiktok,puerto-rico,False,2024,Lifestyle,MAPPED,,
93,Coral🍍 @coraliscoira,432200.0,,Puerto Rico,,129700.0,tiktok,puerto-rico,False,2024,,,,
94,𝐈𝐱𝐢𝐬 𝐍𝐢𝐜𝐨𝐥𝐥𝐞 @ixisnicolle,426700.0,,Puerto Rico,Entertainment and Music,128000.0,tiktok,puerto-rico,False,2024,Music,MAPPED,,
95,Nick Ortiz @knickertease,426500.0,,Puerto Rico,Sports,128000.0,tiktok,puerto-rico,False,2024,Sports,MAPPED,,
96,Arelis✨ @arelisxd4,422700.0,,Puerto Rico,family,126800.0,tiktok,puerto-rico,False,2024,Lifestyle,MAPPED,,
97,Mila 🤴🏼 @theofficial.milaa,419700.0,,Puerto Rico,,125900.0,tiktok,puerto-rico,False,2024,,,,
98,SrPantoja🇵🇷 @soylavozdemexico,413000.0,,Puerto Rico,,123900.0,tiktok,puerto-rico,False,2024,,,,
99,Adventure Puerto Rico 🇵🇷 @adventure_puertorico,411600.0,,Puerto Rico,Travel,123500.0,tiktok,puerto-rico,False,2024,Lifestyle,MAPPED,,
100,papito_blessedhands @therealpapito,410700.0,0.1,Puerto Rico,Beauty,123200.0,tiktok,puerto-rico,False,2024,Beauty&Fashion,MAPPED,,
1,Aurelia Dobre @aureliadobre,6700000.0,,Romania,Sports,2000000.0,tiktok,romania,False,2024,Sports,MAPPED,,
2,Lavbbe @lavbbe,3700000.0,,Romania,Fashion and Accessories Beauty and Self Care,1100000.0,tiktok,romania,False,2024,Beauty&Fashion,MAPPED,,
3,Adelina Pestritu @adelinapestritu,1800000.0,,Romania,Fashion and Accessories,540000.0,tiktok,romania,False,2024,Beauty&Fashion,MAPPED,,
4,andragogan.ro 🇷🇴 @andragoganro,1700000.0,,Romania,,510000.0,tiktok,romania,False,2024,,,,
5,Andra @andratwork,1400000.0,0.1,Romania,Education,420000.0,tiktok,romania,False,2024,Knowledge&Info,MAPPED,,
6,Anca Thunder @ancathunder,1100000.0,,Romania,,330000.0,tiktok,romania,False,2024,,,,
7,Oana Zara @oanazara,1100000.0,2.6,Romania,Acting and Drama,330000.0,tiktok,romania,False,2024,Entertainment,MAPPED,,
8,Stefania @cristinaa.stefaniaa,992200.0,,Romania,,297700.0,tiktok,romania,False,2024,,,,
9,Motivation @andrei_deiu.01,988300.0,,Romania,,296500.0,tiktok,romania,False,2024,,,,
10,💜Mady💜 @maddymaddy9,984500.0,,Romania,,295400.0,tiktok,romania,False,2024,,,,
11,Daniel Pavel @danielpavell,984300.0,0.3,Romania,,295300.0,tiktok,romania,False,2024,,,,
12,Alexandra Campan @ale.campan15,961300.0,,Romania,,288400.0,tiktok,romania,False,2024,,,,
13,Florin Giura @dibujos.animadoos,949300.0,,Romania,,284800.0,tiktok,romania,False,2024,,,,
14,Lucas Popan @lucaspopan,940800.0,0.8,Romania,,282200.0,tiktok,romania,False,2024,,,,
15,David @davidencu,933400.0,0.3,Romania,,280000.0,tiktok,romania,False,2024,,,,
16,KingBish @spicedevilcaleb,911600.0,,Romania,Food and Drink,273500.0,tiktok,romania,False,2024,Lifestyle,MAPPED,,
17,Smiley @smiley_omul,910100.0,,Romania,,273000.0,tiktok,romania,False,2024,,,,
18,Miruna Rumina @miruna.rumina,908700.0,,Romania,,272600.0,tiktok,romania,False,2024,,,,
19,dominic @dominicgabriele,888000.0,,Romania,,266400.0,tiktok,romania,False,2024,,,,
20,S💜I💜M💜O💜N💜N💜A @simonna_braboveanu,876900.0,,Romania,,263100.0,tiktok,romania,False,2024,,,,
21,Ines Stana @ines,839100.0,,Romania,,251700.0,tiktok,romania,False,2024,,,,
22,Louis Florea @louismflr,834800.0,,Romania,,250400.0,tiktok,romania,False,2024,,,,
23,Romania @romania,813600.0,,Romania,Nature,244100.0,tiktok,romania,False,2024,Lifestyle,MAPPED,,
24,Lorena Visan @lorevsn,806400.0,,Romania,,241900.0,tiktok,romania,False,2024,,,,
25,Diana C @dianacondurache,787900.0,,Romania,,236400.0,tiktok,romania,False,2024,,,,
26,Alex Cojuhari @alex.cojuhari,783900.0,0.2,Romania,,235200.0,tiktok,romania,False,2024,,,,
27,andreeacorb @andreeacorb,775900.0,,Romania,Food,232800.0,tiktok,romania,False,2024,Lifestyle,MAPPED,,
28,1Petru @1petru,773000.0,0.7,Romania,,231900.0,tiktok,romania,False,2024,,,,
29,Lord Dracula @draculamlph,756400.0,,Romania,,226900.0,tiktok,romania,False,2024,,,,
30,Ina @terescencoina_,752900.0,,Romania,,225900.0,tiktok,romania,False,2024,,,,
31,azaleea.necula @azaleea.necula,749700.0,,Romania,,224900.0,tiktok,romania,False,2024,,,,
32,Bianca Maria Comanici @comanicibianca14,735700.0,,Romania,,220700.0,tiktok,romania,False,2024,,,,
33,Nikolas Sax @nikolassax,734900.0,,Romania,,220500.0,tiktok,romania,False,2024,,,,
34,🔺Vlad🔻 @vladneamtu0,731800.0,,Romania,,219500.0,tiktok,romania,False,2024,,,,
35,✪Sportactivities✪ @sportactivities,727800.0,,Romania,,218300.0,tiktok,romania,False,2024,,,,
36,VLAD MUNTEANU @mnt.vlad,712800.0,,Romania,,213800.0,tiktok,romania,False,2024,,,,
37,Vlada Grecu 😈 @vlada.prada,704700.0,,Romania,Travel,211400.0,tiktok,romania,False,2024,Lifestyle,MAPPED,,
38,Leoo Dumitru @leoodumitru,703400.0,,Romania,Entertainment and Music,211000.0,tiktok,romania,False,2024,Music,MAPPED,,
39,Mihai Dragomir @mihai_dragomir,693800.0,0.1,Romania,,208100.0,tiktok,romania,False,2024,,,,
40,rita.engleza @rita.engleza,684400.0,,Romania,,205300.0,tiktok,romania,False,2024,,,,
41,Barnoschi Ana Maria @barnoschianamaria,679300.0,,Romania,,203800.0,tiktok,romania,False,2024,,,,
42,Hair Hood @hairhood.ro,675300.0,,Romania,Fashion and Accessories,202600.0,tiktok,romania,False,2024,Beauty&Fashion,MAPPED,,
43,Dr. Alexandra Mircea @dr.alexandra.mircea,674600.0,,Romania,Beauty and Self Care,202400.0,tiktok,romania,False,2024,Beauty&Fashion,MAPPED,,
44,Vlăduța Lupău @vladutal,672400.0,0.1,Romania,,201700.0,tiktok,romania,False,2024,,,,
45,Cosmin Popa @cosminpopa,671200.0,,Romania,Animation and Cosplay,201400.0,tiktok,romania,False,2024,Tech&Gaming,MAPPED,,
46,Bromania @bromania,660800.0,0.1,Romania,,198200.0,tiktok,romania,False,2024,,,,
47,Iuliana Nistor @iuliananistor4,649200.0,,Romania,,194800.0,tiktok,romania,False,2024,,,,
48,Sorana Maria @soranamaria26,646500.0,,Romania,Entertainment and Music Business and Finance,194000.0,tiktok,romania,False,2024,Knowledge&Info,MAPPED,,
49,Telcean Marius @telceanmarius,632300.0,,Romania,,189700.0,tiktok,romania,False,2024,,,,
50,Alexandra🌞 @heyitsalexandraaa,623800.0,,Romania,,187100.0,tiktok,romania,False,2024,,,,
51,Iulian Mehedint @iulian.3chestii,574600.0,,Romania,,172400.0,tiktok,romania,False,2024,,,,
52,Robert Ștefănescu @robert.stefanescu,571100.0,,Romania,,171300.0,tiktok,romania,False,2024,,,,
53,Geta Sterp @geta.sterp,561400.0,0.1,Romania,,168400.0,tiktok,romania,False,2024,,,,
54,TARZY @tarzyoficial,555400.0,,Romania,,166600.0,tiktok,romania,False,2024,,,,
55,Camelia Radu @cameliaradu,552200.0,,Romania,,165700.0,tiktok,romania,False,2024,,,,
56,Maria Nedelcu @marianedelcu6,542200.0,,Romania,Fitness and Health,162700.0,tiktok,romania,False,2024,Sports,MAPPED,,
57,Alice @alicedraghicii,530300.0,,Romania,,159100.0,tiktok,romania,False,2024,,,,
58,georgecgf @georgecgf,528800.0,,Romania,,158600.0,tiktok,romania,False,2024,,,,
59,🔐𝑅𝒪𝐵𝐸𝑅𝒯🔐 @robertandrei400,524100.0,,Romania,Romance and Wedding,157200.0,tiktok,romania,False,2024,Beauty&Fashion,MAPPED,,
60,Nadina Ioana @nadinaioanaofficial,523600.0,,Romania,Beauty and Self Care,157100.0,tiktok,romania,False,2024,Beauty&Fashion,MAPPED,,
61,Andreea Balan @andreeabalan,513600.0,,Romania,,154100.0,tiktok,romania,False,2024,,,,
62,Bogdan Medvedi @bogdanmedvedi,511400.0,,Romania,,153400.0,tiktok,romania,False,2024,,,,
63,Codin Maticiuc @codin_maticiuc,511400.0,,Romania,,153400.0,tiktok,romania,False,2024,,,,
64,Chirila Radu @chirilaradu,508900.0,,Romania,,152700.0,tiktok,romania,False,2024,,,,
65,Romario Mocanu @romario.mocanu,495000.0,,Romania,,148500.0,tiktok,romania,False,2024,,,,
66,REGELE FABIAN OFICIALL 👑 @_regele_fabian_oficiall_,491500.0,,Romania,,147500.0,tiktok,romania,False,2024,,,,
67,Pavel Bartos @pavel_bartos,480800.0,,Romania,,144200.0,tiktok,romania,False,2024,,,,
68,Mihaela Gabriela @mihaelagabriela359,475700.0,,Romania,,142700.0,tiktok,romania,False,2024,,,,
69,Alina Cheșcu ✅ @alina954w1,461300.0,,Romania,,138400.0,tiktok,romania,False,2024,,,,
70,qwertykey.ro @qwertykey.ro,460700.0,,Romania,,138200.0,tiktok,romania,False,2024,,,,
71,Cozyyyy @cozzy.mina,455300.0,0.4,Romania,,136600.0,tiktok,romania,False,2024,,,,
72,adelindoamnefereste @adelindoamnefereste,455100.0,0.2,Romania,,136500.0,tiktok,romania,False,2024,,,,
73,Adinuta😍 @adinacozma,454300.0,,Romania,,136300.0,tiktok,romania,False,2024,,,,
74,Nemo @florentindani_el,452300.0,,Romania,,135700.0,tiktok,romania,False,2024,,,,
75,mitzuu @mitzuu_,452200.0,0.3,Romania,,135700.0,tiktok,romania,False,2024,,,,
76,Pyker51 @pyker51,446100.0,,Romania,,133800.0,tiktok,romania,False,2024,,,,
77,Bianca @amyclaire_97,444500.0,,Romania,,133400.0,tiktok,romania,False,2024,,,,
78,Cristiana.ioana._ @cristiana.ioana._,440900.0,,Romania,Entertainment and Music Funny,132300.0,tiktok,romania,False,2024,Music,MAPPED,,
79,⚜rebecca⚜ @rebecca_kd0.33,440400.0,,Romania,,132100.0,tiktok,romania,False,2024,,,,
80,Radu Țibulcă @radutibulca,438600.0,,Romania,,131600.0,tiktok,romania,False,2024,,,,
81,Marta🌻 @martasascau80,434800.0,,Romania,Funny,130400.0,tiktok,romania,False,2024,Entertainment,MAPPED,,
82,MApN-Armata României @armataromaniei,433900.0,0.1,Romania,,130200.0,tiktok,romania,False,2024,,,,
83,Radu Constantin @radu.co,432900.0,,Romania,,129900.0,tiktok,romania,False,2024,,,,
84,Ioana Sfinxul @ioanasfinxul,432500.0,0.1,Romania,,129800.0,tiktok,romania,False,2024,,,,
85,Edi Brandabura @edibrandabura,430000.0,,Romania,,129000.0,tiktok,romania,False,2024,,,,
86,romaniafarafiltru @romania_fara_filtru,430000.0,0.3,Romania,,129000.0,tiktok,romania,False,2024,,,,
87,elena @elena.urdu.speaker,427000.0,,Romania,Education,128100.0,tiktok,romania,False,2024,Knowledge&Info,MAPPED,,
88,🎀🎀O🅰️N🅰️💎💎 @oana_2118,422400.0,,Romania,,126700.0,tiktok,romania,False,2024,,,,
89,Adriana - s✨x educator @adriana._.stinga,418400.0,,Romania,,125500.0,tiktok,romania,False,2024,,,,
90,Florinel Ioana @florinelsiioanaofficial,415000.0,,Romania,,124500.0,tiktok,romania,False,2024,,,,
91,Tiberiu @tiberiu,414300.0,,Romania,,124300.0,tiktok,romania,False,2024,,,,
92,Crystal @ginko03170317,412300.0,,Romania,,123700.0,tiktok,romania,False,2024,,,,
93,Chestionare Auto @chestionareauto,411000.0,,Romania,,123300.0,tiktok,romania,False,2024,,,,
94,Anitei Robert @like_si_follow,409500.0,,Romania,,122900.0,tiktok,romania,False,2024,,,,
95,Movieclipsaddict @movieclips_addict,404400.0,,Romania,,121300.0,tiktok,romania,False,2024,,,,
96,Costel șampanie @tiganul.alb,403900.0,,Romania,,121200.0,tiktok,romania,False,2024,,,,
97,Connect-R @connectr2021,398600.0,,Romania,,119600.0,tiktok,romania,False,2024,,,,
98,🇷🇴Suleym🅰️n_🅾️fficial🇷🇴 @suleyman_ionut,394800.0,,Romania,,118400.0,tiktok,romania,False,2024,,,,
99,Tocalifeworld20 @tocalifeworld20,393300.0,0.1,Romania,Video Gaming,118000.0,tiktok,romania,False,2024,Tech&Gaming,MAPPED,,
100,Valentina Lungu @valentinalungu,390300.0,,Romania,,117100.0,tiktok,romania,False,2024,,,,
1,Маргарита Дьяченкова @margo_flury,18700000.0,1.6,Russia,Acting and Drama Celebrity,5600000.0,tiktok,russia,False,2024,Entertainment,MAPPED,,
2,Katy Vine @katy.vine,12500000.0,,Russia,Entertainment and Music,3800000.0,tiktok,russia,False,2024,Music,MAPPED,,
3,Даня Бум @danilis_boom,12200000.0,,Russia,Entertainment and Music Animation and Cosplay,3700000.0,tiktok,russia,False,2024,Tech&Gaming,MAPPED,,
4,КЛАВА КОКА 💃🏼 @klavacoca,10300000.0,,Russia,Entertainment and Music,3100000.0,tiktok,russia,False,2024,Music,MAPPED,,
5,Настя Монахова @monakhovan_,8900000.0,0.1,Russia,family,2700000.0,tiktok,russia,False,2024,Lifestyle,MAPPED,,
6,Близнецы Верзаковы @twins.verz.parodies,8500000.0,,Russia,Animation and Cosplay Entertainment and Music,2600000.0,tiktok,russia,False,2024,Tech&Gaming,MAPPED,,
7,Ольга Бузова @buzova86,8100000.0,,Russia,Entertainment and Music Fashion and Accessories,2400000.0,tiktok,russia,False,2024,Beauty&Fashion,MAPPED,,
8,Steff @steff_happy,7700000.0,,Russia,,2300000.0,tiktok,russia,False,2024,,,,
9,Даша Боровик @borovikdashaa,7100000.0,,Russia,Entertainment and Music Product Showcase,2100000.0,tiktok,russia,False,2024,Beauty&Fashion,MAPPED,,
10,hahadetka @hahadetka,6900000.0,,Russia,Entertainment and Music Funny,2100000.0,tiktok,russia,False,2024,Music,MAPPED,,
11,Макс и Катя Филаретовы @filaretiki,6800000.0,,Russia,Entertainment and Music Arts and Crafts,2000000.0,tiktok,russia,False,2024,Music,MAPPED,,
12,ПАША ОСАДЧИЙ @ossadchiy,6500000.0,,Russia,Entertainment and Music,2000000.0,tiktok,russia,False,2024,Music,MAPPED,,
13,SUPER HOUSE🦸 @superhouse_ru,6400000.0,,Russia,Home and Garden,1900000.0,tiktok,russia,False,2024,Lifestyle,MAPPED,,
14,Dasha Chepizhko @dashachepizhko,5900000.0,,Russia,,1800000.0,tiktok,russia,False,2024,,,,
15,Елена Завидова @zavidova9,5900000.0,,Russia,Food Product Showcase,1800000.0,tiktok,russia,False,2024,Beauty&Fashion,MAPPED,,
16,Эльдар Джарахов @dzharakhov,5800000.0,,Russia,,1700000.0,tiktok,russia,False,2024,,,,
17,Anastasyia Prichinina @anastasyiaqueen,5700000.0,,Russia,Animation and Cosplay,1700000.0,tiktok,russia,False,2024,Tech&Gaming,MAPPED,,
18,Sokolov Artyom @sokolov_artyom,5400000.0,,Russia,Arts and Crafts,1600000.0,tiktok,russia,False,2024,Lifestyle,MAPPED,,
19,Hanna11 @hanna11_anna,4700000.0,,Russia,,1400000.0,tiktok,russia,False,2024,,,,
20,Hello It’s me SerJay @ser_jay,4700000.0,0.4,Russia,Entertainment and Music,1400000.0,tiktok,russia,False,2024,Music,MAPPED,,
21,SLEEPY @sleepy.princess.8,4600000.0,,Russia,Entertainment and Music,1400000.0,tiktok,russia,False,2024,Music,MAPPED,,
22,Никита Морозов Перфе @morozovq,4600000.0,,Russia,,1400000.0,tiktok,russia,False,2024,,,,
23,Туман Настя @nastyatyman,4500000.0,,Russia,,1400000.0,tiktok,russia,False,2024,,,,
24,Вова Блэк @vovablackk,4500000.0,,Russia,Fashion and Accessories,1400000.0,tiktok,russia,False,2024,Beauty&Fashion,MAPPED,,
25,CHERRY DADDY SHOW @cherry_daddy_show,4400000.0,,Russia,Entertainment and Music,1300000.0,tiktok,russia,False,2024,Music,MAPPED,,
26,Антон @kireev_voice,4400000.0,,Russia,Entertainment and Music,1300000.0,tiktok,russia,False,2024,Music,MAPPED,,
27,Кушать хочу @kushat_hochu,4300000.0,,Russia,Romance and Wedding Food,1300000.0,tiktok,russia,False,2024,Beauty&Fashion,MAPPED,,
28,PROSTO MODNO @exterlylove,4300000.0,,Russia,Entertainment and Music,1300000.0,tiktok,russia,False,2024,Music,MAPPED,,
29,Апасный @aparyk,4200000.0,0.1,Russia,Entertainment and Music,1300000.0,tiktok,russia,False,2024,Music,MAPPED,,
30,Eva Elfie @theevaelfie,4100000.0,0.1,Russia,Beauty and Self Care Fashion and Accessories,1200000.0,tiktok,russia,False,2024,Beauty&Fashion,MAPPED,,
31,Войнов Кирилл @voy.nov,4100000.0,,Russia,Funny,1200000.0,tiktok,russia,False,2024,Entertainment,MAPPED,,
32,Yason Cat 🐾 @yasoncat,3900000.0,0.3,Russia,,1200000.0,tiktok,russia,False,2024,,,,
33,zotov @zotov.13,3900000.0,,Russia,Entertainment and Music,1200000.0,tiktok,russia,False,2024,Music,MAPPED,,
34,Зубарев Александр @zubarefff,3900000.0,0.4,Russia,,1200000.0,tiktok,russia,False,2024,,,,
35,Дворецкий Павел @dvoretsky11,3700000.0,,Russia,Entertainment and Music,1100000.0,tiktok,russia,False,2024,Music,MAPPED,,
36,АНТОН ФИНИК 🔥 @anton_finik,3600000.0,,Russia,Entertainment and Music,1100000.0,tiktok,russia,False,2024,Music,MAPPED,,
37,🤩NIKLY🤩 @___nikly___,3500000.0,0.3,Russia,Arts and Crafts Photography Funny,1100000.0,tiktok,russia,False,2024,Entertainment,MAPPED,,
38,Kiss Kate 🥨 @kisskate_blog,3500000.0,,Russia,Fashion and Accessories Beauty and Self Care Life and Society,1100000.0,tiktok,russia,False,2024,Beauty&Fashion,MAPPED,,
39,БЕЛКА 🐿️ @anny_myrrr_,3500000.0,,Russia,,1100000.0,tiktok,russia,False,2024,,,,
40,Troom Troom @troomtroom,3400000.0,,Russia,DIY and Life Hacks,1000000.0,tiktok,russia,False,2024,Lifestyle,MAPPED,,
41,Мятная Фанта @_mint_fanta_,3400000.0,,Russia,,1000000.0,tiktok,russia,False,2024,,,,
42,ROB SY @robsyman,3400000.0,,Russia,,1000000.0,tiktok,russia,False,2024,,,,
43,Michael Galustyan @m_galustyan,3400000.0,0.1,Russia,Entertainment and Music Funny,1000000.0,tiktok,russia,False,2024,Music,MAPPED,,
44,$opha Kuper @sophakuper,3400000.0,,Russia,Entertainment and Music,1000000.0,tiktok,russia,False,2024,Music,MAPPED,,
45,ТИЛЭКС🧊🧊🧊 @tilexofficial,3200000.0,,Russia,,960000.0,tiktok,russia,False,2024,,,,
46,Краснодарская Крошка 🌸 @kentang_bayi,3200000.0,,Russia,Entertainment and Music,960000.0,tiktok,russia,False,2024,Music,MAPPED,,
47,Это Питер Детка @janka_sega,3200000.0,,Russia,Entertainment and Music,960000.0,tiktok,russia,False,2024,Music,MAPPED,,
48,Л'Этуаль @letoile_official,3200000.0,,Russia,Beauty and Self Care,960000.0,tiktok,russia,False,2024,Beauty&Fashion,MAPPED,,
49,Иван Ржевский @xolidayboy,3200000.0,,Russia,Entertainment and Music,960000.0,tiktok,russia,False,2024,Music,MAPPED,,
50,Камбаров Никита @kambar0v,3100000.0,,Russia,Food,930000.0,tiktok,russia,False,2024,Lifestyle,MAPPED,,
51,🇧 🇮 🇿 🇴 🇷 🇺 🇸 @bizorus,3100000.0,,Russia,Arts and Crafts,930000.0,tiktok,russia,False,2024,Lifestyle,MAPPED,,
52,Белладонна Милославская @belladonnamiloslavskaya,3000000.0,,Russia,,900000.0,tiktok,russia,False,2024,,,,
53,"Привет, я Оля) @lelikolikk",2900000.0,,Russia,Entertainment and Music,870000.0,tiktok,russia,False,2024,Music,MAPPED,,
54,Потерянный Войсер @saigack,2900000.0,,Russia,Entertainment and Music,870000.0,tiktok,russia,False,2024,Music,MAPPED,,
55,Элджей @sayonaraboy,2800000.0,,Russia,,840000.0,tiktok,russia,False,2024,,,,
56,Каролина Моисеенко @karolinna.ru,2800000.0,,Russia,,840000.0,tiktok,russia,False,2024,,,,
57,Тайны мира @10factov,2800000.0,,Russia,Education,840000.0,tiktok,russia,False,2024,Knowledge&Info,MAPPED,,
58,Золотое Яблоко @goldapple,2800000.0,,Russia,Beauty and Self Care,840000.0,tiktok,russia,False,2024,Beauty&Fashion,MAPPED,,
59,Елена Райтман @elena.raytman,2800000.0,,Russia,Education,840000.0,tiktok,russia,False,2024,Knowledge&Info,MAPPED,,
60,Соня Кодолова @happy56dawn,2800000.0,0.2,Russia,,840000.0,tiktok,russia,False,2024,,,,
61,Виктор Евгеньч ♠️ @victorblud,2800000.0,,Russia,,840000.0,tiktok,russia,False,2024,,,,
62,👾T-killah🍸 @t_killah,2800000.0,,Russia,,840000.0,tiktok,russia,False,2024,,,,
63,Луч Настя @luch.nastya,2700000.0,,Russia,Acting and Drama Entertainment and Music,810000.0,tiktok,russia,False,2024,Music,MAPPED,,
64,Русский Дэдпул @russiandeadpool,2600000.0,,Russia,,780000.0,tiktok,russia,False,2024,,,,
65,Weloe / Велое @totweloe,2500000.0,,Russia,,750000.0,tiktok,russia,False,2024,,,,
66,bittuevv @bittuevv1,2500000.0,,Russia,Funny DIY and Life Hacks Education Upskilling,750000.0,tiktok,russia,False,2024,Knowledge&Info,MAPPED,,
67,Олег Артемьев (Oleg Artemyev) @olegmks,2500000.0,3.5,Russia,,750000.0,tiktok,russia,False,2024,,,,
68,Константин Ивлев @ivlev.chef,2400000.0,0.3,Russia,Food,720000.0,tiktok,russia,False,2024,Lifestyle,MAPPED,,
69,Danechka Blade @daniil_blade,2400000.0,,Russia,Animation and Cosplay,720000.0,tiktok,russia,False,2024,Tech&Gaming,MAPPED,,
70,Tarlavina Svetlana @svetlana_tarlavina,2400000.0,0.1,Russia,Nature Home and Garden,720000.0,tiktok,russia,False,2024,Lifestyle,MAPPED,,
71,rus_offf @rus_offf,2300000.0,,Russia,,690000.0,tiktok,russia,False,2024,,,,
72,лыгаLOVE❤️ @lygalov,2300000.0,,Russia,,690000.0,tiktok,russia,False,2024,,,,
73,AZAMAT AITALIEV @azamataytaliev25,2300000.0,,Russia,Entertainment and Music,690000.0,tiktok,russia,False,2024,Music,MAPPED,,
74,NikBoy🤍 @nikindurr,2300000.0,,Russia,Fashion and Accessories,690000.0,tiktok,russia,False,2024,Beauty&Fashion,MAPPED,,
75,Григорий Мартовский @grishamartovskiy,2300000.0,,Russia,Entertainment and Music Funny Life and Society,690000.0,tiktok,russia,False,2024,Knowledge&Info,MAPPED,,
76,nekao_official @nekao_official,2300000.0,,Russia,Animation and Cosplay Entertainment and Music,690000.0,tiktok,russia,False,2024,Tech&Gaming,MAPPED,,
77,ЛУНТИК @lunteek,2300000.0,,Russia,Entertainment and Music,690000.0,tiktok,russia,False,2024,Music,MAPPED,,
78,Скапмастер Хайтекович @xautek,2300000.0,0.1,Russia,Entertainment and Music,690000.0,tiktok,russia,False,2024,Music,MAPPED,,
79,Максим Высоцкий @beatbox_max,2300000.0,0.2,Russia,Entertainment and Music,690000.0,tiktok,russia,False,2024,Music,MAPPED,,
80,Safronov Brothers @safronovbrothers,2300000.0,0.1,Russia,Entertainment and Music,690000.0,tiktok,russia,False,2024,Music,MAPPED,,
81,Mark Kalinin🖤 @2cutemark,2300000.0,,Russia,,690000.0,tiktok,russia,False,2024,,,,
82,Волосатая медичка @mazanik_aliona,2200000.0,,Russia,Beauty and Self Care,660000.0,tiktok,russia,False,2024,Beauty&Fashion,MAPPED,,
83,Lina @linawinme,2200000.0,,Russia,,660000.0,tiktok,russia,False,2024,,,,
84,Стас Ёрник @stas.yornik,2200000.0,,Russia,,660000.0,tiktok,russia,False,2024,,,,
85,Valeria Voronina @voronina_valeria_,2200000.0,0.1,Russia,,660000.0,tiktok,russia,False,2024,,,,
86,avi @avivuni,2100000.0,,Russia,Entertainment and Music,630000.0,tiktok,russia,False,2024,Music,MAPPED,,
87,Екатерина Куличенко @tetya_mottya,2100000.0,,Russia,,630000.0,tiktok,russia,False,2024,,,,
88,YanGo @yango,2100000.0,,Russia,,630000.0,tiktok,russia,False,2024,,,,
89,@sport03tv @sport03tv,2100000.0,,Russia,,630000.0,tiktok,russia,False,2024,,,,
90,Маша и Медведь @mashaandthebear_official,2100000.0,,Russia,Animation and Cosplay,630000.0,tiktok,russia,False,2024,Tech&Gaming,MAPPED,,
91,Софья Темникова @sonyatemnikova,2100000.0,,Russia,Auto and Vehicles,630000.0,tiktok,russia,False,2024,Tech&Gaming,MAPPED,,
92,Дамир Томсон @damir_tomson,2100000.0,,Russia,,630000.0,tiktok,russia,False,2024,,,,
93,🔥like.meli🔥 @like.meli,2100000.0,,Russia,,630000.0,tiktok,russia,False,2024,,,,
94,Alan Enileev @alan_enileev,2000000.0,,Russia,Auto and Vehicles Automotive,600000.0,tiktok,russia,False,2024,Tech&Gaming,MAPPED,,
95,Nika.Family @nika.family,2000000.0,,Russia,Pets Entertainment and Music,600000.0,tiktok,russia,False,2024,Music,MAPPED,,
96,Инна 👩‍👦Серж @innessa.sib,2000000.0,,Russia,Entertainment and Music,600000.0,tiktok,russia,False,2024,Music,MAPPED,,
97,Kristina Shmidt @theprincesskris,2000000.0,,Russia,Beauty and Self Care,600000.0,tiktok,russia,False,2024,Beauty&Fashion,MAPPED,,
98,Артур Томашевский @arthurtomashevskyi,2000000.0,,Russia,Education Entertainment and Music,600000.0,tiktok,russia,False,2024,Knowledge&Info,MAPPED,,
99,СТС @tv_ctc,1900000.0,,Russia,Entertainment and Music,570000.0,tiktok,russia,False,2024,Music,MAPPED,,
100,FINIK @finik.finya,1900000.0,0.1,Russia,Entertainment and Music,570000.0,tiktok,russia,False,2024,Music,MAPPED,,
1,Shahid @shahid,4300000.0,,Saudi Arabia,Entertainment and Music,1300000.0,tiktok,saudi-arabia,False,2024,Music,MAPPED,,
2,just sul @justsul,4000000.0,0.1,Saudi Arabia,,1200000.0,tiktok,saudi-arabia,False,2024,,,,
3,خديجة اشرف @dooj214,3800000.0,,Saudi Arabia,Fashion and Accessories,1100000.0,tiktok,saudi-arabia,False,2024,Beauty&Fashion,MAPPED,,
4,maya bakhsh family @maya_bakhsh.f,3100000.0,,Saudi Arabia,family,930000.0,tiktok,saudi-arabia,False,2024,Lifestyle,MAPPED,,
5,أنس الدوسري @bro..anas,3100000.0,1.1,Saudi Arabia,Upskilling,930000.0,tiktok,saudi-arabia,False,2024,Knowledge&Info,MAPPED,,
6,Anasala Family @anasalafam,3000000.0,0.3,Saudi Arabia,family Entertainment and Music,900000.0,tiktok,saudi-arabia,False,2024,Music,MAPPED,,
7,هشام باعشن @misho_baeshen,2500000.0,,Saudi Arabia,Food,750000.0,tiktok,saudi-arabia,False,2024,Lifestyle,MAPPED,,
8,Faisal فيصل السيف @falsaif,2500000.0,,Saudi Arabia,,750000.0,tiktok,saudi-arabia,False,2024,,,,
9,اسامه الدغيري @shx777,2500000.0,0.2,Saudi Arabia,Pets,750000.0,tiktok,saudi-arabia,False,2024,Lifestyle,MAPPED,,
10,🥷🏻ملوك الاكشن🥷🏻 @ebn_7amedo,2400000.0,,Saudi Arabia,,720000.0,tiktok,saudi-arabia,False,2024,,,,
11,Nour Ghazall @nourghazall0,2300000.0,3.2,Saudi Arabia,,690000.0,tiktok,saudi-arabia,False,2024,,,,
12,جواهر محمد 💎 @jawa92,2300000.0,,Saudi Arabia,,690000.0,tiktok,saudi-arabia,False,2024,,,,
13,مستكشف المريخ ☄️🏳 @al_mree5,2300000.0,0.3,Saudi Arabia,,690000.0,tiktok,saudi-arabia,False,2024,,,,
14,مود 🇸🇦 @mood_c77,2200000.0,,Saudi Arabia,Product Showcase,660000.0,tiktok,saudi-arabia,False,2024,Beauty&Fashion,MAPPED,,
15,Khaled @withkhaled,2100000.0,,Saudi Arabia,Finance,630000.0,tiktok,saudi-arabia,False,2024,Knowledge&Info,MAPPED,,
16,Ayman Alatas @aymanalts,2000000.0,1.4,Saudi Arabia,Education,600000.0,tiktok,saudi-arabia,False,2024,Knowledge&Info,MAPPED,,
17,ابو شهيبة @42yb_,2000000.0,,Saudi Arabia,,600000.0,tiktok,saudi-arabia,False,2024,,,,
18,عبد العزيز بن سلمان @azooz1700,1900000.0,,Saudi Arabia,,570000.0,tiktok,saudi-arabia,False,2024,,,,
19,نازلي eamezgizem نازلي @nqf.xezgizem,1900000.0,0.1,Saudi Arabia,,570000.0,tiktok,saudi-arabia,False,2024,,,,
20,بكروو العظمي🙂 @bkr2030,1700000.0,,Saudi Arabia,,510000.0,tiktok,saudi-arabia,False,2024,,,,
21,Thoraya Maronesy @thor.aya,1600000.0,0.2,Saudi Arabia,Entertainment and Music,480000.0,tiktok,saudi-arabia,False,2024,Music,MAPPED,,
22,Model Roz @modelroz,1600000.0,,Saudi Arabia,Fashion and Accessories,480000.0,tiktok,saudi-arabia,False,2024,Beauty&Fashion,MAPPED,,
23,Khalil Guliev @xelilquliev,1500000.0,,Saudi Arabia,,450000.0,tiktok,saudi-arabia,False,2024,,,,
24,اصيل المبلع @asell.alm,1500000.0,,Saudi Arabia,,450000.0,tiktok,saudi-arabia,False,2024,,,,
25,TAلا👑 @talashammass,1500000.0,,Saudi Arabia,,450000.0,tiktok,saudi-arabia,False,2024,,,,
26,OfficialAhmadGhziel👑 @ahmad_ghziel,1400000.0,,Saudi Arabia,,420000.0,tiktok,saudi-arabia,False,2024,,,,
27,رواف @rawaf_sa,1400000.0,0.1,Saudi Arabia,Entertainment and Music,420000.0,tiktok,saudi-arabia,False,2024,Music,MAPPED,,
28,🧚🏻مولات ضحيكة🤤كزاوية❤️popiâ @rawaa.bayaaa,1400000.0,,Saudi Arabia,Fashion and Accessories,420000.0,tiktok,saudi-arabia,False,2024,Beauty&Fashion,MAPPED,,
29,نور إنترناشيونال @noorinten,1400000.0,,Saudi Arabia,Education,420000.0,tiktok,saudi-arabia,False,2024,Knowledge&Info,MAPPED,,
30,احمد بن هشام 🇸🇦🗣 . @x_a7mad16,1400000.0,0.2,Saudi Arabia,Entertainment and Music,420000.0,tiktok,saudi-arabia,False,2024,Music,MAPPED,,
31,Muslimyoung3 @muslimyoung3,1300000.0,5.5,Saudi Arabia,,390000.0,tiktok,saudi-arabia,False,2024,,,,
32,Safiya khan @safiakhan90,1300000.0,0.3,Saudi Arabia,Arts and Crafts,390000.0,tiktok,saudi-arabia,False,2024,Lifestyle,MAPPED,,
33,عبدالخالق وجنى وريتا 😂 @aboud.hq,1300000.0,,Saudi Arabia,,390000.0,tiktok,saudi-arabia,False,2024,,,,
34,ملك الكلتشات @mohammed.alhussein,1300000.0,,Saudi Arabia,,390000.0,tiktok,saudi-arabia,False,2024,,,,
35,♕ماكي @mkiii99,1200000.0,,Saudi Arabia,Education,360000.0,tiktok,saudi-arabia,False,2024,Knowledge&Info,MAPPED,,
36,بدر آل صفر @arabicbaderalsafar,1200000.0,,Saudi Arabia,,360000.0,tiktok,saudi-arabia,False,2024,,,,
37,عائلة ابو دانة 👨‍👩‍👧‍👧 @danh_505,1100000.0,0.1,Saudi Arabia,family Romance and Wedding,330000.0,tiktok,saudi-arabia,False,2024,Beauty&Fashion,MAPPED,,
38,🐍أم شامات🔥 @princess.asmae1,1100000.0,,Saudi Arabia,Beauty and Self Care Fashion and Accessories,330000.0,tiktok,saudi-arabia,False,2024,Beauty&Fashion,MAPPED,,
39,سعد السعيد @s5s5_3,1100000.0,0.1,Saudi Arabia,Life and Society,330000.0,tiktok,saudi-arabia,False,2024,Knowledge&Info,MAPPED,,
40,العسافي @1xe_12,1100000.0,,Saudi Arabia,Funny,330000.0,tiktok,saudi-arabia,False,2024,Entertainment,MAPPED,,
41,احمد الشراري📿 @509c_,1000000.0,,Saudi Arabia,,300000.0,tiktok,saudi-arabia,False,2024,,,,
42,Easy cooking @diasaid8,1000000.0,,Saudi Arabia,Food,300000.0,tiktok,saudi-arabia,False,2024,Lifestyle,MAPPED,,
43,عبدالرحمن طاشكندي | #طاشكو @tashku8,995000.0,,Saudi Arabia,,298500.0,tiktok,saudi-arabia,False,2024,,,,
44,المهره 💎ملاك @malakmbm,994400.0,,Saudi Arabia,,298300.0,tiktok,saudi-arabia,False,2024,,,,
45,سالم الشمري ✪ @t95,991400.0,,Saudi Arabia,,297400.0,tiktok,saudi-arabia,False,2024,,,,
46,يوسف الفايز @_z20u,987700.0,,Saudi Arabia,,296300.0,tiktok,saudi-arabia,False,2024,,,,
47,ابو يس 🎤 @y222.v,986400.0,0.1,Saudi Arabia,Entertainment and Music,295900.0,tiktok,saudi-arabia,False,2024,Music,MAPPED,,
48,طلال جمال @talaljamal1,984600.0,,Saudi Arabia,Education,295400.0,tiktok,saudi-arabia,False,2024,Knowledge&Info,MAPPED,,
49,FNAN @fnan2842,978800.0,2.8,Saudi Arabia,,293600.0,tiktok,saudi-arabia,False,2024,,,,
50,Al Mamun @al_mamun877,977100.0,,Saudi Arabia,,293100.0,tiktok,saudi-arabia,False,2024,,,,
51,Huda Adil @hudaadil1996,970500.0,,Saudi Arabia,Beauty,291200.0,tiktok,saudi-arabia,False,2024,Beauty&Fashion,MAPPED,,
52,𝗛 𝗜 𝗠🫀. @ibrahimfarg21,970200.0,,Saudi Arabia,,291100.0,tiktok,saudi-arabia,False,2024,,,,
53,ayaz kaya @ayaz_kaya.44,969800.0,0.1,Saudi Arabia,,290900.0,tiktok,saudi-arabia,False,2024,,,,
54,خديجة بنت عبداللَّه @chef.khadejah,967800.0,,Saudi Arabia,,290300.0,tiktok,saudi-arabia,False,2024,,,,
55,Rotana Classic @rotanaclassic,967300.0,,Saudi Arabia,,290200.0,tiktok,saudi-arabia,False,2024,,,,
56,Un Muslim @1_muslim,962900.0,0.3,Saudi Arabia,,288900.0,tiktok,saudi-arabia,False,2024,,,,
57,إذاعة صوت الغد @sawtelghad,962400.0,,Saudi Arabia,,288700.0,tiktok,saudi-arabia,False,2024,,,,
58,Amy Roko ايمي روكو @amyroko,959800.0,,Saudi Arabia,,287900.0,tiktok,saudi-arabia,False,2024,,,,
59,Cr7 @crxtiano,957600.0,0.2,Saudi Arabia,,287300.0,tiktok,saudi-arabia,False,2024,,,,
60,بقش🦾⚡️|bugsh @55.955,954500.0,0.1,Saudi Arabia,,286400.0,tiktok,saudi-arabia,False,2024,,,,
61,🤍 @abu.shahem1,954200.0,,Saudi Arabia,,286300.0,tiktok,saudi-arabia,False,2024,,,,
62,Bo3omarEats @bo3omar22,954000.0,0.2,Saudi Arabia,,286200.0,tiktok,saudi-arabia,False,2024,,,,
63,Sudki boss waleed❤️ @sudkibosswaleed,953900.0,,Saudi Arabia,,286200.0,tiktok,saudi-arabia,False,2024,,,,
64,علمدار✪ @khaled_0_00,950600.0,,Saudi Arabia,,285200.0,tiktok,saudi-arabia,False,2024,,,,
65,ميديا | Media @media__art18,950500.0,,Saudi Arabia,,285200.0,tiktok,saudi-arabia,False,2024,,,,
66,طيور الجنة | Toyor Al Janah TV @toyoraljanah.ar,950500.0,,Saudi Arabia,,285200.0,tiktok,saudi-arabia,False,2024,,,,
67,Latifhbb2 @latifooo_,949700.0,,Saudi Arabia,,284900.0,tiktok,saudi-arabia,False,2024,,,,
68,كدكود KDKWD | Ϟ 🌪 @hm.c,948300.0,,Saudi Arabia,,284500.0,tiktok,saudi-arabia,False,2024,,,,
69,BJ Bushra @bjbushra,943900.0,,Saudi Arabia,,283200.0,tiktok,saudi-arabia,False,2024,,,,
70,ميجو مجاميجو 😂❤️🥺 @rawdarody07,943200.0,,Saudi Arabia,,283000.0,tiktok,saudi-arabia,False,2024,,,,
71,نون 🦋 @en.68,941500.0,0.3,Saudi Arabia,,282500.0,tiktok,saudi-arabia,False,2024,,,,
72,استوديو زمان 📺 @zaman_studio,935300.0,,Saudi Arabia,,280600.0,tiktok,saudi-arabia,False,2024,,,,
73,گن مع الله @ahmed__nur,932400.0,0.2,Saudi Arabia,,279700.0,tiktok,saudi-arabia,False,2024,,,,
74,dailyquran @dailyquran,927100.0,,Saudi Arabia,,278100.0,tiktok,saudi-arabia,False,2024,,,,
75,Wafi alqadihi @english.wafi,926900.0,,Saudi Arabia,,278100.0,tiktok,saudi-arabia,False,2024,,,,
76,عبدالله الشهراني🇸🇦. @abooody121,926300.0,0.1,Saudi Arabia,,277900.0,tiktok,saudi-arabia,False,2024,,,,
77,⚜️ خالد بن الوليد ⚜️ @k1.bxx,925900.0,,Saudi Arabia,Entertainment and Music,277800.0,tiktok,saudi-arabia,False,2024,Music,MAPPED,,
78,مصمم فهد الشمري🌹🌹🌹 @en_fahad,925300.0,,Saudi Arabia,Home and Garden,277600.0,tiktok,saudi-arabia,False,2024,Lifestyle,MAPPED,,
79,زغلول @b5b.6,925100.0,,Saudi Arabia,,277500.0,tiktok,saudi-arabia,False,2024,,,,
80,🖤🦅 @laji29,919700.0,1.2,Saudi Arabia,,275900.0,tiktok,saudi-arabia,False,2024,,,,
81,Aldeevo @aldeevo,916400.0,,Saudi Arabia,,274900.0,tiktok,saudi-arabia,False,2024,,,,
82,ItsMeRob @rob.game,916400.0,,Saudi Arabia,,274900.0,tiktok,saudi-arabia,False,2024,,,,
83,Abdo Tayaf @abdotayaf,913400.0,,Saudi Arabia,,274000.0,tiktok,saudi-arabia,False,2024,,,,
84,𓆩ᴜʙᴀʏᴅᴀ ᴀʟ ᴋᴜʀᴅʏ𓆪 @u.bayda_123,909900.0,,Saudi Arabia,,273000.0,tiktok,saudi-arabia,False,2024,,,,
85,علي @a_yt.00,908000.0,,Saudi Arabia,,272400.0,tiktok,saudi-arabia,False,2024,,,,
86,Akram @akramaqlan,906300.0,,Saudi Arabia,,271900.0,tiktok,saudi-arabia,False,2024,,,,
87,دحومم♥️😍👋 @raq5096,903700.0,,Saudi Arabia,Health and Medical Services,271100.0,tiktok,saudi-arabia,False,2024,Knowledge&Info,MAPPED,,
88,fatawa_amah @fatawa_amah,902600.0,,Saudi Arabia,Education,270800.0,tiktok,saudi-arabia,False,2024,Knowledge&Info,MAPPED,,
89,ياسر السفير @yaser_alsafer8,899900.0,,Saudi Arabia,,270000.0,tiktok,saudi-arabia,False,2024,,,,
90,عبدالرحمن اللحياني @allehani1,897600.0,,Saudi Arabia,,269300.0,tiktok,saudi-arabia,False,2024,,,,
91,ريماس عبدالله @raa_a60,896800.0,0.5,Saudi Arabia,,269000.0,tiktok,saudi-arabia,False,2024,,,,
92,Manal Alalem Chef منال العالم @manalalalemcooking,892100.0,,Saudi Arabia,Food,267600.0,tiktok,saudi-arabia,False,2024,Lifestyle,MAPPED,,
93,Muzzamil Ak ⚜️ @mzml011,888900.0,,Saudi Arabia,Entertainment and Music Product Education,266700.0,tiktok,saudi-arabia,False,2024,Knowledge&Info,MAPPED,,
94,HA.88 @selin9904,888400.0,,Saudi Arabia,Beauty,266500.0,tiktok,saudi-arabia,False,2024,Beauty&Fashion,MAPPED,,
95,Ahmed Aljar @ahmed.jar,887800.0,,Saudi Arabia,,266300.0,tiktok,saudi-arabia,False,2024,,,,
96,Shamli @shamlifaizal,887600.0,,Saudi Arabia,,266300.0,tiktok,saudi-arabia,False,2024,,,,
97,🌹🌹 Jatti 🌹🌹 @jatti__official,887100.0,,Saudi Arabia,,266100.0,tiktok,saudi-arabia,False,2024,,,,
98,Jooturbo&eman @eman_eltantawi,885500.0,,Saudi Arabia,,265700.0,tiktok,saudi-arabia,False,2024,,,,
99,❤️😠RTحسوني @o_.xs,885500.0,,Saudi Arabia,Food and Drink,265700.0,tiktok,saudi-arabia,False,2024,Lifestyle,MAPPED,,
100,بالقلب مكة 🕋✨ @heartmecca,884400.0,,Saudi Arabia,,265300.0,tiktok,saudi-arabia,False,2024,,,,
1,Nas Daily @nasdaily,6800000.0,2.8,Singapore,Education,2000000.0,tiktok,singapore,False,2024,Knowledge&Info,MAPPED,,
2,Kim Huat Ng🇵🇭/🇸🇬 @kim_huat1702,2700000.0,,Singapore,,810000.0,tiktok,singapore,False,2024,,,,
3,ONE Championship @onechampionship,2300000.0,,Singapore,Sports,690000.0,tiktok,singapore,False,2024,Sports,MAPPED,,
4,Doctor Tristan Peh - Dentist @doctortristanpeh,2200000.0,,Singapore,Education Medical Health,660000.0,tiktok,singapore,False,2024,Knowledge&Info,MAPPED,,
5,Heng Official @tostenhpremium168,2000000.0,,Singapore,,600000.0,tiktok,singapore,False,2024,,,,
6,Jianhao Li @cn_streetfashion,1800000.0,,Singapore,Entertainment and Music,540000.0,tiktok,singapore,False,2024,Music,MAPPED,,
7,gordonmoments @gordonmoments,956200.0,,Singapore,,286900.0,tiktok,singapore,False,2024,,,,
8,Stephanie @sharemakeup,942600.0,0.1,Singapore,Beauty,282800.0,tiktok,singapore,False,2024,Beauty&Fashion,MAPPED,,
9,Hoàng Minh Tuấn @hoangtuan_photo,839500.0,,Singapore,Education Arts and Crafts Photography,251900.0,tiktok,singapore,False,2024,Knowledge&Info,MAPPED,,
10,С ʀ ʏ ƨ т α в ɛ ℓ 🌻 @crystabel_,830200.0,1.0,Singapore,Games,249100.0,tiktok,singapore,False,2024,Tech&Gaming,MAPPED,,
11,no588211 @makeuppp05,826600.0,0.8,Singapore,Beauty,248000.0,tiktok,singapore,False,2024,Beauty&Fashion,MAPPED,,
12,The Health Bites @the_health_bites,822400.0,,Singapore,Fitness and Health,246700.0,tiktok,singapore,False,2024,Sports,MAPPED,,
13,Syimah Mac @macz3us,785600.0,0.1,Singapore,,235700.0,tiktok,singapore,False,2024,,,,
14,jj @phawphaw414,757900.0,,Singapore,,227400.0,tiktok,singapore,False,2024,,,,
15,Zhlowart_official @zhlowart_official,696900.0,2.7,Singapore,Product Education Product Showcase,209100.0,tiktok,singapore,False,2024,Beauty&Fashion,MAPPED,,
16,Mamiko @mamiczka,685100.0,,Singapore,Life and Society,205500.0,tiktok,singapore,False,2024,Knowledge&Info,MAPPED,,
17,caydences @cayydences,614500.0,4.4,Singapore,,184400.0,tiktok,singapore,False,2024,,,,
18,Joseph salameh @sg_diamonds,607300.0,,Singapore,Fashion and Accessories Finance,182200.0,tiktok,singapore,False,2024,Beauty&Fashion,MAPPED,,
19,Titus Low @tituslow,586900.0,,Singapore,Entertainment and Music Funny,176100.0,tiktok,singapore,False,2024,Music,MAPPED,,
20,🍑Theingi💃🥂✂️✂️👗👗🇸🇬 @jessica1072,577200.0,,Singapore,,173200.0,tiktok,singapore,False,2024,,,,
21,ꜱᴛᴀʀᴅᴜꜱᴛ.ꜱɪɴɢᴀᴘᴏʀᴇ🇸🇬 @stardust.singapore,572000.0,,Singapore,,171600.0,tiktok,singapore,False,2024,,,,
22,新加坡小蛙 @xwshawn96,564100.0,,Singapore,,169200.0,tiktok,singapore,False,2024,,,,
23,WahBanana @wahbananasg,563200.0,,Singapore,,169000.0,tiktok,singapore,False,2024,,,,
24,TikTok Singapore @tiktoksg,560800.0,,Singapore,,168200.0,tiktok,singapore,False,2024,,,,
25,updeals_beauty @beautyzzz,557800.0,,Singapore,Fashion,167300.0,tiktok,singapore,False,2024,Beauty&Fashion,MAPPED,,
26,missbeibei @missbeibei,544000.0,,Singapore,,163200.0,tiktok,singapore,False,2024,,,,
27,user7669386753441 @thae.thae55,538500.0,,Singapore,,161600.0,tiktok,singapore,False,2024,,,,
28,izcreamz @izcreamz,509000.0,0.6,Singapore,Entertainment and Music Upskilling,152700.0,tiktok,singapore,False,2024,Knowledge&Info,MAPPED,,
29,Street snap @uwhit,496200.0,,Singapore,,148900.0,tiktok,singapore,False,2024,,,,
30,SMAdnan @smadnan,491300.0,,Singapore,,147400.0,tiktok,singapore,False,2024,,,,
31,honey nwe 🇸🇬&🇲🇲 @honeynwe7,489200.0,,Singapore,,146800.0,tiktok,singapore,False,2024,,,,
32,Kenta @kenta_wang,474300.0,,Singapore,,142300.0,tiktok,singapore,False,2024,,,,
33,William Seng @williamsengg,450400.0,,Singapore,,135100.0,tiktok,singapore,False,2024,,,,
34,nice520177 @nice520177,446500.0,,Singapore,,134000.0,tiktok,singapore,False,2024,,,,
35,may lwin oo @user061dmez499maylwinoo,446000.0,,Singapore,,133800.0,tiktok,singapore,False,2024,,,,
36,431.8k!!! @blxss0m_tt,431800.0,0.8,Singapore,,129500.0,tiktok,singapore,False,2024,,,,
37,Jenny G. Yeo ✨ @jennyyeo4,428000.0,,Singapore,,128400.0,tiktok,singapore,False,2024,,,,
38,🌸白雪儿🌷Serene🌼400K✔️ @serenejsl94_oe,412600.0,,Singapore,Beauty and Self Care,123800.0,tiktok,singapore,False,2024,Beauty&Fashion,MAPPED,,
39,MTV Asia @mtvasia,411500.0,,Singapore,,123500.0,tiktok,singapore,False,2024,,,,
40,Bjorn Alvarez @drifter_d,410800.0,3.4,Singapore,Entertainment and Music Games,123200.0,tiktok,singapore,False,2024,Tech&Gaming,MAPPED,,
41,karen (ig : brigittatsai) @brigittatsai,394700.0,,Singapore,,118400.0,tiktok,singapore,False,2024,,,,
42,ruru on crack @rurukirby,388900.0,,Singapore,,116700.0,tiktok,singapore,False,2024,,,,
43,𝒎𝒃𝒐𝒏𝒊𝒕𝒂 @sindecirmarcas,383800.0,,Singapore,,115100.0,tiktok,singapore,False,2024,,,,
44,Nadiyah Shahab @nadiyahshahab,356800.0,,Singapore,,107000.0,tiktok,singapore,False,2024,,,,
45,Shinji The Corgi @shinjithecorgi,352200.0,,Singapore,,105700.0,tiktok,singapore,False,2024,,,,
46,Crystal_hu @crystal_hu,344700.0,0.2,Singapore,,103400.0,tiktok,singapore,False,2024,,,,
47,SGAG_SG @sgag_sg,344300.0,,Singapore,Funny,103300.0,tiktok,singapore,False,2024,Entertainment,MAPPED,,
48,ezonda.knife @ezonda.knife,331500.0,,Singapore,,99500.0,tiktok,singapore,False,2024,,,,
49,Red Bull Singapore @redbullsg,328300.0,,Singapore,Food Sports,98500.0,tiktok,singapore,False,2024,Sports,MAPPED,,
50,kazueeee @johnstankazue,324900.0,,Singapore,Beauty and Self Care,97500.0,tiktok,singapore,False,2024,Beauty&Fashion,MAPPED,,
51,Oliver Browns @oliverbrowns,317100.0,5.7,Singapore,Life and Society,95100.0,tiktok,singapore,False,2024,Knowledge&Info,MAPPED,,
52,Clea @cleapsg3,306900.0,0.3,Singapore,Beauty and Self Care,92100.0,tiktok,singapore,False,2024,Beauty&Fashion,MAPPED,,
53,🧚‍♀️SMILEYSBYMAI🧚‍♀️ @smileysbymai,296700.0,,Singapore,Arts and Crafts,89000.0,tiktok,singapore,False,2024,Lifestyle,MAPPED,,
54,Dee ✨ @denisealexis,293700.0,,Singapore,,88100.0,tiktok,singapore,False,2024,,,,
55,A.y.e N.a.n.d.a.r🇲🇲🇸🇬 @feelpost4,290100.0,,Singapore,,87000.0,tiktok,singapore,False,2024,,,,
56,jj @drifterjjlin,288600.0,0.3,Singapore,,86600.0,tiktok,singapore,False,2024,,,,
57,Pomelo Fashion @pomelofashion,285000.0,,Singapore,Fashion and Accessories,85500.0,tiktok,singapore,False,2024,Beauty&Fashion,MAPPED,,
58,Magic knife @magicknifey,281800.0,,Singapore,,84500.0,tiktok,singapore,False,2024,,,,
59,♡ 𝔸𝕝𝕠𝕠𝕠 ♡ @thanhphuong_2,281100.0,,Singapore,,84300.0,tiktok,singapore,False,2024,,,,
60,Nasreen @nasreentime,280200.0,1.4,Singapore,,84100.0,tiktok,singapore,False,2024,,,,
61,yeoshi @yeoshinoya,277900.0,,Singapore,Entertainment and Music,83400.0,tiktok,singapore,False,2024,Music,MAPPED,,
62,🖍 YAN YAN 🖍 @yanyan.tattoo,277600.0,0.1,Singapore,,83300.0,tiktok,singapore,False,2024,,,,
63,Neter @netersg,275500.0,,Singapore,,82700.0,tiktok,singapore,False,2024,,,,
64,abbie 🕷 @a.abbieee_,274200.0,,Singapore,,82300.0,tiktok,singapore,False,2024,,,,
65,gyoza🥟 @gyoza.dd,273400.0,0.2,Singapore,,82000.0,tiktok,singapore,False,2024,,,,
66,мιиιмι_нαgтт @missladdeki_,270400.0,,Singapore,Fitness and Health,81100.0,tiktok,singapore,False,2024,Sports,MAPPED,,
67,Shei @ckshei,267600.0,,Singapore,,80300.0,tiktok,singapore,False,2024,,,,
68,🥺👊 @doreamon808...28,263500.0,,Singapore,,79100.0,tiktok,singapore,False,2024,,,,
69,Jamie Chua @iamjamiechua,262100.00000000003,,Singapore,,78600.0,tiktok,singapore,False,2024,,,,
70,Rus @redrinox,262000.0,0.2,Singapore,,78600.0,tiktok,singapore,False,2024,,,,
71,aliciasannn ✨ @aliciasannn,261400.0,,Singapore,Travel,78400.0,tiktok,singapore,False,2024,Lifestyle,MAPPED,,
72,kueylapis jewellery 🇸🇬 @kueylapisjewellery,261300.0,,Singapore,Beauty,78400.0,tiktok,singapore,False,2024,Beauty&Fashion,MAPPED,,
73,Agricultural tractor ship @tractorship,261100.00000000003,,Singapore,,78300.0,tiktok,singapore,False,2024,,,,
74,olderinjune🇹🇭 @olderinjune,254400.0,,Singapore,,76300.0,tiktok,singapore,False,2024,,,,
75,Melvin Tseng @melvin.tseng,250300.0,0.4,Singapore,Beauty and Self Care Arts and Crafts,75100.0,tiktok,singapore,False,2024,Beauty&Fashion,MAPPED,,
76,Ahmad @cuzimahmad,249800.0,0.1,Singapore,Travel,74900.0,tiktok,singapore,False,2024,Lifestyle,MAPPED,,
77,Allison Wolf @wolvesandwaterfalls,249500.0,,Singapore,Travel Education,74900.0,tiktok,singapore,False,2024,Knowledge&Info,MAPPED,,
78,Devika Panicker @devikapanicker,247100.0,0.1,Singapore,,74100.0,tiktok,singapore,False,2024,,,,
79,Gym Tan @californiaistoocasual,245900.0,0.4,Singapore,Fitness and Health,73800.0,tiktok,singapore,False,2024,Sports,MAPPED,,
80,Shakshi Harendran @shakshiharendran,242400.0,,Singapore,,72700.0,tiktok,singapore,False,2024,,,,
81,🖤MAHISRI MAHI🖤 @mahisrimahi,239100.0,,Singapore,Fashion and Accessories,71700.0,tiktok,singapore,False,2024,Beauty&Fashion,MAPPED,,
82,sleepyy🐉💤 @sleepyydragon,238200.0,,Singapore,,71500.0,tiktok,singapore,False,2024,,,,
83,Tan Jia Song @jia_songg,236800.0,,Singapore,Entertainment and Music,71000.0,tiktok,singapore,False,2024,Music,MAPPED,,
84,Funny Cartoon @cutclick,236400.0,,Singapore,,70900.0,tiktok,singapore,False,2024,,,,
85,Wizairul @wizairulrosalessidek,232700.0,,Singapore,,69800.0,tiktok,singapore,False,2024,,,,
86,난 너를 좋아해 @rio5201314,230200.0,,Singapore,,69100.0,tiktok,singapore,False,2024,,,,
87,ten22 @babyface0001,229200.0,,Singapore,Pets Education Parenting,68800.0,tiktok,singapore,False,2024,Knowledge&Info,MAPPED,,
88,ADITYA 穆伟 @byadtmy,228100.0,0.4,Singapore,,68400.0,tiktok,singapore,False,2024,,,,
89,Keith.inks @keith.inks,224700.0,0.4,Singapore,Arts and Crafts Animation and Cosplay,67400.0,tiktok,singapore,False,2024,Tech&Gaming,MAPPED,,
90,Father and daughter @estaiyt,222500.0,,Singapore,,66800.0,tiktok,singapore,False,2024,,,,
91,Annette Lee @annetteandafish,221700.0,2.9,Singapore,,66500.0,tiktok,singapore,False,2024,,,,
92,🇸🇬🇲🇾虎牙妹子💄【230k】 @ytsherine1010,219300.0,,Singapore,Beauty and Self Care,65800.0,tiktok,singapore,False,2024,Beauty&Fashion,MAPPED,,
93,Insurgent Clothing on Shopee @insurgentclothing,216600.0,,Singapore,Fashion and Accessories,65000.0,tiktok,singapore,False,2024,Beauty&Fashion,MAPPED,,
94,Lost @sg_tiktoks,214600.0,0.3,Singapore,,64400.00000000001,tiktok,singapore,False,2024,,,,
95,💞SmilexRastaRani🔥 @rastaloisvirgo23,214600.0,,Singapore,,64400.00000000001,tiktok,singapore,False,2024,,,,
96,Chef Bob @chefbob.sg,212800.0,,Singapore,Food,63800.0,tiktok,singapore,False,2024,Lifestyle,MAPPED,,
97,Nao Mie @j6991sg8,212800.0,,Singapore,,63800.0,tiktok,singapore,False,2024,,,,
98,AFC @theafchub,207500.0,0.2,Singapore,Sports,62300.0,tiktok,singapore,False,2024,Sports,MAPPED,,
99,HebeosOfficial @hebeosofficial,207200.0,,Singapore,,62200.0,tiktok,singapore,False,2024,,,,
100,Ⓢⓞⓜⓢⓡⓘ @27_kanittha,206700.0,,Singapore,,62000.0,tiktok,singapore,False,2024,,,,
1,KOPACKOVO ⚽️ @kopackovo,1100000.0,,Slovakia,,330000.0,tiktok,slovakia,False,2024,,,,
2,ANGRY EARTH @angryearth,767900.0,,Slovakia,,230400.0,tiktok,slovakia,False,2024,,,,
3,Matej Zrebný @matejzrebny,672900.0,0.1,Slovakia,Animation and Cosplay,201900.0,tiktok,slovakia,False,2024,Tech&Gaming,MAPPED,,
4,SVKHO @svkho,551100.0,0.2,Slovakia,Entertainment and Music,165300.0,tiktok,slovakia,False,2024,Music,MAPPED,,
5,rastopauliny @rastopauliny,511800.0,,Slovakia,Entertainment and Music,153500.0,tiktok,slovakia,False,2024,Music,MAPPED,,
6,tomas.coach @tomas.coach,483700.0,0.2,Slovakia,Fitness and Health,145100.0,tiktok,slovakia,False,2024,Sports,MAPPED,,
7,Mirek 👊 @rawk1ng,466700.0,,Slovakia,Fitness and Health,140000.0,tiktok,slovakia,False,2024,Sports,MAPPED,,
8,FREDERICK @frederik.official,319400.0,0.3,Slovakia,Entertainment and Music Music,95800.0,tiktok,slovakia,False,2024,Music,MAPPED,,
9,Samuel Procházka @graciosoooo,305300.0,0.1,Slovakia,,91600.0,tiktok,slovakia,False,2024,,,,
10,Chhay Heang Lysang @chhayheanglysang,301700.0,,Slovakia,,90500.0,tiktok,slovakia,False,2024,,,,
11,cikindeles @cikindeles,267800.0,,Slovakia,,80300.0,tiktok,slovakia,False,2024,,,,
12,_COBRA_11_ @cobra_11_,264600.0,,Slovakia,,79400.0,tiktok,slovakia,False,2024,,,,
13,Happy_adriana @adriana_lup,261200.0,,Slovakia,,78400.0,tiktok,slovakia,False,2024,,,,
14,ChristopherBucika ✔︎ @christopherbucika,249900.0,0.2,Slovakia,,75000.0,tiktok,slovakia,False,2024,,,,
15,miska_hrinka @miska_hrinka7,237200.0,,Slovakia,Entertainment and Music Funny,71200.0,tiktok,slovakia,False,2024,Music,MAPPED,,
16,Veronika Danajová @pivospenou,232500.0,,Slovakia,Entertainment and Music Funny,69800.0,tiktok,slovakia,False,2024,Music,MAPPED,,
17,Michal Totka @michaltotka,229300.0,,Slovakia,Entertainment and Music Business and Finance,68800.0,tiktok,slovakia,False,2024,Knowledge&Info,MAPPED,,
18,DeDe 🦋 @denisa.vysnovska,229000.0,0.2,Slovakia,,68700.0,tiktok,slovakia,False,2024,,,,
19,jakjan272 @jakjan272,223900.0,,Slovakia,,67200.0,tiktok,slovakia,False,2024,,,,
20,nikola olahova @nikolaolahova6,222200.0,,Slovakia,,66700.0,tiktok,slovakia,False,2024,,,,
21,mars @d_a_n_i_e_l_a12345678910,203700.0,0.1,Slovakia,,61100.0,tiktok,slovakia,False,2024,,,,
22,Janka 🌸 @jancucik,199200.0,,Slovakia,Entertainment and Music,59800.0,tiktok,slovakia,False,2024,Music,MAPPED,,
23,KARLA @karla.matej,195400.0,,Slovakia,,58600.0,tiktok,slovakia,False,2024,,,,
24,karinkaqayumova @karinkaqayum,193600.0,,Slovakia,,58100.0,tiktok,slovakia,False,2024,,,,
25,Jojo Kozik @jojo_kozik,189800.0,,Slovakia,Fitness and Health Food Finance,56900.0,tiktok,slovakia,False,2024,Sports,MAPPED,,
26,Sẽ thành công @fan.monsieur.tuna,184500.0,0.7,Slovakia,,55400.0,tiktok,slovakia,False,2024,,,,
27,Radkolf @_radkolf,176100.0,,Slovakia,Entertainment and Music,52800.0,tiktok,slovakia,False,2024,Music,MAPPED,,
28,Klarisa @klarisaaaaaaaaaaaaaaa,175900.0,0.3,Slovakia,Entertainment and Music,52800.0,tiktok,slovakia,False,2024,Music,MAPPED,,
29,Balázs Viktória @_balazsviktoria_,164700.0,0.1,Slovakia,Entertainment and Music,49400.0,tiktok,slovakia,False,2024,Music,MAPPED,,
30,TikTok princess @susan.pocket,154500.0,,Slovakia,,46400.0,tiktok,slovakia,False,2024,,,,
31,Pietro @p.ie.t.ro,150100.0,0.4,Slovakia,Entertainment and Music,45000.0,tiktok,slovakia,False,2024,Music,MAPPED,,
32,Sonička Slávička @sonicka.slavicka,147200.0,,Slovakia,,44200.0,tiktok,slovakia,False,2024,,,,
33,Nandy @nandykudry,145800.0,,Slovakia,,43700.0,tiktok,slovakia,False,2024,,,,
34,Heisenberg @gotsniped1,137800.0,,Slovakia,Video Gaming,41300.0,tiktok,slovakia,False,2024,Tech&Gaming,MAPPED,,
35,JohnSlovy @john.slovy,137200.0,,Slovakia,,41200.0,tiktok,slovakia,False,2024,,,,
36,Televízia JOJ @tvjoj_official,136100.0,,Slovakia,,40800.0,tiktok,slovakia,False,2024,,,,
37,Matej Mišiak @matthew_kinggg,136000.0,0.2,Slovakia,,40800.0,tiktok,slovakia,False,2024,,,,
38,Jimin<3 @babymochi_chimmy,134500.0,,Slovakia,,40400.0,tiktok,slovakia,False,2024,,,,
39,Green Eyed Mom @greeneyedmombo,127400.0,,Slovakia,family,38200.0,tiktok,slovakia,False,2024,Lifestyle,MAPPED,,
40,StudioMoonTV @studiomooontv,127200.0,1.2,Slovakia,,38200.0,tiktok,slovakia,False,2024,,,,
41,Magdalena Zatko @magdalena_zatko,121300.0,,Slovakia,Fashion and Accessories,36400.0,tiktok,slovakia,False,2024,Beauty&Fashion,MAPPED,,
42,Zupart @zupart_3d,114300.0,5.7,Slovakia,,34300.0,tiktok,slovakia,False,2024,,,,
43,Martin Markos @martinmarkos,113900.0,,Slovakia,,34200.0,tiktok,slovakia,False,2024,,,,
44,Janinka @janinka_mil,106700.0,0.1,Slovakia,,32000.0,tiktok,slovakia,False,2024,,,,
45,Gabo Žifčák @gabozifcak,104800.0,,Slovakia,Entertainment and Music,31400.0,tiktok,slovakia,False,2024,Music,MAPPED,,
46,Csölle Florián @csolleflorian,103000.0,0.3,Slovakia,,30900.0,tiktok,slovakia,False,2024,,,,
47,Dedoles @dedoles,99400.0,,Slovakia,,29800.0,tiktok,slovakia,False,2024,,,,
48,Nynynutt @nikolka79,97600.0,,Slovakia,,29300.0,tiktok,slovakia,False,2024,,,,
49,myhoepworld @hopeworldwide,94400.0,0.1,Slovakia,,28300.0,tiktok,slovakia,False,2024,,,,
50,domi_stasova @domi_stasova,77000.0,0.1,Slovakia,,23100.0,tiktok,slovakia,False,2024,,,,
51,Maca🐷 @fortunapipl,68600.0,0.2,Slovakia,,20600.0,tiktok,slovakia,False,2024,,,,
52,🇸🇰🕺🏻💗MARTINKO💗🕺🏻🇸🇰 @majtinko25,66600.0,0.3,Slovakia,Beauty and Self Care,20000.0,tiktok,slovakia,False,2024,Beauty&Fashion,MAPPED,,
53,Yasbys @yasbys,64400.00000000001,0.1,Slovakia,Entertainment and Music,19300.0,tiktok,slovakia,False,2024,Music,MAPPED,,
54,Pavel.Kickboxing @pavel.kickboxing,56400.0,,Slovakia,,16900.0,tiktok,slovakia,False,2024,,,,
55,Martin Spano @martinspa.no,41000.0,0.1,Slovakia,Education Upskilling,12300.0,tiktok,slovakia,False,2024,Knowledge&Info,MAPPED,,
56,KikaaMišalkováOfficiall👑 @officiall.kika3,40300.0,,Slovakia,Fashion and Accessories,12100.0,tiktok,slovakia,False,2024,Beauty&Fashion,MAPPED,,
57,DragonkoSK @mrdragonkosk,39700.0,0.4,Slovakia,Games,11900.0,tiktok,slovakia,False,2024,Tech&Gaming,MAPPED,,
58,Aicha🌸 @viktorianiang,39400.0,0.3,Slovakia,Travel,11800.0,tiktok,slovakia,False,2024,Lifestyle,MAPPED,,
59,Barbora Schwartz @barbieschwartz,36500.0,0.1,Slovakia,,11000.0,tiktok,slovakia,False,2024,,,,
60,foryouacapella @foryouacapella,31000.0,0.1,Slovakia,Entertainment and Music,9300.0,tiktok,slovakia,False,2024,Music,MAPPED,,
61,𝐍 𝐈 𝐊 𝐎 𝐋 @nicole.107,27000.0,,Slovakia,Beauty and Self Care,8100.0,tiktok,slovakia,False,2024,Beauty&Fashion,MAPPED,,
62,Zas si tu ? @simonminarik8,26000.0,,Slovakia,,7800.0,tiktok,slovakia,False,2024,,,,
63,Simon Snopek @simonsnopek,19400.0,0.5,Slovakia,Travel,5800.0,tiktok,slovakia,False,2024,Lifestyle,MAPPED,,
64,Nicole @benczenikoleta,18300.0,,Slovakia,,5500.0,tiktok,slovakia,False,2024,,,,
65,O2 Slovakia @o2slovakia,17800.0,0.3,Slovakia,Product Education Entertainment and Music,5300.0,tiktok,slovakia,False,2024,Knowledge&Info,MAPPED,,
66,Vanessa Kardošová @_vannie__,16800.0,0.4,Slovakia,,5000.0,tiktok,slovakia,False,2024,,,,
67,Nikol Kissova @nikolkissova,16500.0,,Slovakia,Fashion and Accessories,5000.0,tiktok,slovakia,False,2024,Beauty&Fashion,MAPPED,,
68,Ema🤍 @emakubenakova,15400.0,0.1,Slovakia,,4600.0,tiktok,slovakia,False,2024,,,,
69,Marek Grundza @marekgrundza2,14700.0,,Slovakia,,4400.0,tiktok,slovakia,False,2024,,,,
70,Peter Gaman @petergaman,14500.0,0.3,Slovakia,Photography,4400.0,tiktok,slovakia,False,2024,Lifestyle,MAPPED,,
71,Jozef Revúcky @jozefko_revucky,12600.0,0.6,Slovakia,Animals Home and Garden,3800.0,tiktok,slovakia,False,2024,Lifestyle,MAPPED,,
72,krisivanova05 @_kristinka_053,12400.0,,Slovakia,,3700.0,tiktok,slovakia,False,2024,,,,
73,SimmyŠandorová @simy20040,12200.0,,Slovakia,Arts and Crafts,3700.0,tiktok,slovakia,False,2024,Lifestyle,MAPPED,,
74,Eggie46 🇸🇰 @eggieschon,12100.0,0.2,Slovakia,,3600.0,tiktok,slovakia,False,2024,,,,
75,Vanessa Bratkovičová @nessabratkovicova,12000.0,0.1,Slovakia,,3600.0,tiktok,slovakia,False,2024,,,,
76,STYKO @stykolife,11700.0,0.4,Slovakia,Entertainment and Music Games,3500.0,tiktok,slovakia,False,2024,Tech&Gaming,MAPPED,,
77,Lia ❤️ @golferlia,10800.0,0.2,Slovakia,Beauty and Self Care,3200.0,tiktok,slovakia,False,2024,Beauty&Fashion,MAPPED,,
78,Andrej Švolík @_svolo00,10600.0,1.0,Slovakia,,3200.0,tiktok,slovakia,False,2024,,,,
79,🔱Morská víla Perla Mareena 🔱 @perla.mareena,9900.0,,Slovakia,Outdoor Activity,3000.0,tiktok,slovakia,False,2024,Sports,MAPPED,,
80,Patrik Berec @patrikberec0,9500.0,,Slovakia,Fitness and Health,2900.0,tiktok,slovakia,False,2024,Sports,MAPPED,,
81,éda @edittriskova,9500.0,0.3,Slovakia,,2800.0,tiktok,slovakia,False,2024,,,,
82,Šaban Ristemovič @sabanristemovic,8000.0,0.5,Slovakia,,2400.0,tiktok,slovakia,False,2024,,,,
83,Aďka🇸🇰 @pristyakovaaaa,6000.0,3.4,Slovakia,Entertainment and Music,1800.0,tiktok,slovakia,False,2024,Music,MAPPED,,
84,🖤😈❤️Démonka❤️😈🖤 @ivana0330,4800.0,0.7,Slovakia,,1400.0,tiktok,slovakia,False,2024,,,,
85,Alexander Prelec @prelo_4,4700.0,0.2,Slovakia,,1400.0,tiktok,slovakia,False,2024,,,,
86,cestujzamenej @cestujzamenej,4100.0,3.2,Slovakia,Travel,1200.0,tiktok,slovakia,False,2024,Lifestyle,MAPPED,,
87,MŠK Žilina @mskzilina1908,3400.0,0.1,Slovakia,Sports,1000.0,tiktok,slovakia,False,2024,Sports,MAPPED,,
88,Vörös Dévid @v_david,3200.0,0.3,Slovakia,,963.0,tiktok,slovakia,False,2024,,,,
89,Emma_pr_a @emma_pr_a,2200.0,,Slovakia,Beauty and Self Care,669.0,tiktok,slovakia,False,2024,Beauty&Fashion,MAPPED,,
90,Iryna Kornieva @irynakornieva,1800.0,6.2,Slovakia,Education,546.0,tiktok,slovakia,False,2024,Knowledge&Info,MAPPED,,
91,martin.k @k0stysak,1400.0,1.8,Slovakia,,432.0,tiktok,slovakia,False,2024,,,,
92,mihicare.sk.cz @mihicare.sk.cz,1100.0,,Slovakia,Beauty and Self Care,321.0,tiktok,slovakia,False,2024,Beauty&Fashion,MAPPED,,
1,Noel Deyzel🇿🇦 @noeldeyzel_bodybuilder,5800000.0,,South Africa,Fitness and Health,1700000.0,tiktok,south-africa,False,2024,Sports,MAPPED,,
2,Sphokuhle.n @sphokuhle.n,3800000.0,,South Africa,,1100000.0,tiktok,south-africa,False,2024,,,,
3,Daniel Braun @danieltbraun,3400000.0,,South Africa,,1000000.0,tiktok,south-africa,False,2024,,,,
4,Dr. Siyamak Saleh @doctor.siya,2500000.0,,South Africa,Education Entertainment and Music,750000.0,tiktok,south-africa,False,2024,Knowledge&Info,MAPPED,,
5,Ndlovu Youth Choir @ndlovuyouthchoir,1900000.0,12.6,South Africa,Entertainment and Music Education,570000.0,tiktok,south-africa,False,2024,Knowledge&Info,MAPPED,,
6,Nathan @nathanmolefe,1500000.0,,South Africa,Entertainment and Music,450000.0,tiktok,south-africa,False,2024,Music,MAPPED,,
7,Nombuso Masondo @nombuso_98,1500000.0,,South Africa,Beauty and Self Care Entertainment and Music,450000.0,tiktok,south-africa,False,2024,Beauty&Fashion,MAPPED,,
8,Chad Jones @chadjones957,1400000.0,,South Africa,Entertainment and Music Funny,420000.0,tiktok,south-africa,False,2024,Music,MAPPED,,
9,Mandisi Tshingana @mxndisi,1400000.0,1.3,South Africa,Entertainment and Music Funny,420000.0,tiktok,south-africa,False,2024,Music,MAPPED,,
10,Semone Skosan @semoneskosan,1200000.0,,South Africa,,360000.0,tiktok,south-africa,False,2024,,,,
11,BI Phakathi @biphakathi1,1100000.0,0.4,South Africa,Education Life and Society,330000.0,tiktok,south-africa,False,2024,Knowledge&Info,MAPPED,,
12,R.M Phoolo @casspernyovest,1000000.0,,South Africa,Entertainment and Music,300000.0,tiktok,south-africa,False,2024,Music,MAPPED,,
13,Royal Family @harryandmeghan_,963200.0,,South Africa,,289000.0,tiktok,south-africa,False,2024,,,,
14,AFRIKA IS ALKEBULAN @swiry_nyar_kano,913000.0,0.6,South Africa,,273900.0,tiktok,south-africa,False,2024,,,,
15,Tallie Dar @talliedar,891700.0,0.7,South Africa,Fashion and Accessories,267500.0,tiktok,south-africa,False,2024,Beauty&Fashion,MAPPED,,
16,muser @supercrazyanimals,883600.0,0.2,South Africa,,265100.0,tiktok,south-africa,False,2024,,,,
17,Danyal @danyalllx,878700.0,,South Africa,Beauty and Self Care,263600.0,tiktok,south-africa,False,2024,Beauty&Fashion,MAPPED,,
18,lxndi @_lxndi,875200.0,,South Africa,Entertainment and Music,262600.0,tiktok,south-africa,False,2024,Music,MAPPED,,
19,Bontle Modiselle @bontle_ba_afrika,831700.0,0.1,South Africa,,249500.0,tiktok,south-africa,False,2024,,,,
20,brianna @briannakaylynn,831100.0,,South Africa,Sports Fitness,249300.0,tiktok,south-africa,False,2024,Sports,MAPPED,,
21,Makhadzi Music @makhadzimusic,818300.0,0.1,South Africa,,245500.0,tiktok,south-africa,False,2024,,,,
22,Pastor Peniel🇿🇦 @mispenny,801500.0,0.2,South Africa,,240500.0,tiktok,south-africa,False,2024,,,,
23,Mehlo @mehlomakhulu,783400.0,0.1,South Africa,,235000.0,tiktok,south-africa,False,2024,,,,
24,Quincy Jones @quinxxysworld,782300.0,,South Africa,Fashion and Accessories,234700.0,tiktok,south-africa,False,2024,Beauty&Fashion,MAPPED,,
25,Matthew J Power @matthew_j_power,764000.0,,South Africa,Entertainment and Music Sports,229200.0,tiktok,south-africa,False,2024,Sports,MAPPED,,
26,DJ 🎧Wami @owami_mafokate,746900.0,,South Africa,,224100.0,tiktok,south-africa,False,2024,,,,
27,BenlyGaming @benlygaming1,740300.0,,South Africa,,222100.0,tiktok,south-africa,False,2024,,,,
28,wildnoutedits @wildnoutedits_,732000.0,,South Africa,,219600.0,tiktok,south-africa,False,2024,,,,
29,S.eemah_ @s.eemah_,682200.0,,South Africa,,204700.0,tiktok,south-africa,False,2024,,,,
30,Mudau Rotondwa @the_real_divar,674500.0,0.4,South Africa,Fashion and Accessories,202400.0,tiktok,south-africa,False,2024,Beauty&Fashion,MAPPED,,
31,Costa Titch @costatitch,666800.0,0.2,South Africa,Entertainment and Music,200000.0,tiktok,south-africa,False,2024,Music,MAPPED,,
32,gilberthoyf @gilberthoy,664700.0,,South Africa,,199400.0,tiktok,south-africa,False,2024,,,,
33,Sneziey Msomi @snezieymsomi,656400.0,3.1,South Africa,Entertainment and Music Music,196900.0,tiktok,south-africa,False,2024,Music,MAPPED,,
34,Prince Dube @pd_jokes,651100.0,,South Africa,Entertainment and Music,195300.0,tiktok,south-africa,False,2024,Music,MAPPED,,
35,Mthobisi Skhosana @mthobisiskhosana,645300.0,,South Africa,,193600.0,tiktok,south-africa,False,2024,,,,
36,Noko Mashaba 💀 @nokomashabax,642200.0,0.8,South Africa,,192700.0,tiktok,south-africa,False,2024,,,,
37,Makgantlela @makgantlela,638400.0,,South Africa,Entertainment and Music,191500.0,tiktok,south-africa,False,2024,Music,MAPPED,,
38,Mabore Masipa @pretty.pree4,637600.0,,South Africa,,191300.0,tiktok,south-africa,False,2024,,,,
39,Wian West @wianwest,636700.0,,South Africa,,191000.0,tiktok,south-africa,False,2024,,,,
40,Kwetla Tersia Lesekane @sphalaphalasagamarothi,629500.0,,South Africa,,188900.0,tiktok,south-africa,False,2024,,,,
41,Razaan Meyer @majestic_mey,628300.0,,South Africa,Home and Garden,188500.0,tiktok,south-africa,False,2024,Lifestyle,MAPPED,,
42,Moonchild Sanelly @moonchildsa,621300.0,,South Africa,,186400.0,tiktok,south-africa,False,2024,,,,
43,Siphesihle ndlovu. @sphe._ndlovu,617000.0,0.2,South Africa,Fitness and Health Entertainment and Music,185100.0,tiktok,south-africa,False,2024,Sports,MAPPED,,
44,Shauwn Mkhize @kwa_mammkhize,606200.0,,South Africa,,181900.0,tiktok,south-africa,False,2024,,,,
45,nomcebo Zikode @nomcebozikode,577600.0,0.1,South Africa,,173300.0,tiktok,south-africa,False,2024,,,,
46,DJ Phaphane @djphaphane,564900.0,,South Africa,Entertainment and Music,169500.0,tiktok,south-africa,False,2024,Music,MAPPED,,
47,Food jhb @christian_campolo35,563900.0,,South Africa,Food,169200.0,tiktok,south-africa,False,2024,Lifestyle,MAPPED,,
48,Syd @sydneyseethal,554700.0,,South Africa,,166400.0,tiktok,south-africa,False,2024,,,,
49,Ziaan Meyer @ziaan.meyer,539400.0,,South Africa,Entertainment and Music,161800.0,tiktok,south-africa,False,2024,Music,MAPPED,,
50,SamupertyOfficial @samupertyzuluofficial,537900.0,,South Africa,Entertainment and Music,161400.0,tiktok,south-africa,False,2024,Music,MAPPED,,
51,Phindile Gwala @phindilegwala_,521500.0,0.1,South Africa,Acting and Drama,156500.0,tiktok,south-africa,False,2024,Entertainment,MAPPED,,
52,Stefan de Klerk @stefandeklerk3,509500.0,,South Africa,,152900.0,tiktok,south-africa,False,2024,,,,
53,DOPESTCHIQQ @therealdopest,507900.0,,South Africa,Entertainment and Music,152400.0,tiktok,south-africa,False,2024,Music,MAPPED,,
54,Anime_Domain @anime_domain,503700.0,,South Africa,,151100.0,tiktok,south-africa,False,2024,,,,
55,Eugene Zeelie🇿🇦 @eugene.zeelie,493200.0,,South Africa,,148000.0,tiktok,south-africa,False,2024,,,,
56,Sha_ki_ra @sha_ki_ra,490500.0,,South Africa,Pets,147200.0,tiktok,south-africa,False,2024,Lifestyle,MAPPED,,
57,Perseverance Maremeni @madam___speaker,487300.0,,South Africa,Fashion and Accessories,146200.0,tiktok,south-africa,False,2024,Beauty&Fashion,MAPPED,,
58,DE ORIGINAL CARELESS @de_original_careless,484500.0,0.3,South Africa,,145400.0,tiktok,south-africa,False,2024,,,,
59,Pearl Thusi @pearl_thusi,479900.0,,South Africa,,144000.0,tiktok,south-africa,False,2024,,,,
60,SHIV @shiv_sewlal,470000.0,,South Africa,Fitness and Health,141000.0,tiktok,south-africa,False,2024,Sports,MAPPED,,
61,Luyanda Ngalonkulu🎭 @sis.stay.hot,464800.0,,South Africa,Entertainment and Music,139400.0,tiktok,south-africa,False,2024,Music,MAPPED,,
62,Siphesihle Ndaba @ceecee_ndaba,463700.0,0.3,South Africa,Acting and Drama Celebrity,139100.0,tiktok,south-africa,False,2024,Entertainment,MAPPED,,
63,Lelwar Aiyana Smith @lelwarsmith,463300.0,,South Africa,,139000.0,tiktok,south-africa,False,2024,,,,
64,Justin de Nobrega @justindenobregaa,462000.0,,South Africa,,138600.0,tiktok,south-africa,False,2024,,,,
65,Nangamso Puwani @thereal_soso,458000.0,,South Africa,,137400.0,tiktok,south-africa,False,2024,,,,
66,Bagobe_Sgobe @bagobe_sgobe,448200.0,,South Africa,Entertainment and Music Funny,134500.0,tiktok,south-africa,False,2024,Music,MAPPED,,
67,Nomvelo Makhanya @_mvelomakhanya,446900.0,0.1,South Africa,,134100.0,tiktok,south-africa,False,2024,,,,
68,Thozi @thozimusic,443800.0,,South Africa,Entertainment and Music,133100.0,tiktok,south-africa,False,2024,Music,MAPPED,,
69,Thinus Beneke @thinus_beneke,442400.0,0.8,South Africa,,132700.0,tiktok,south-africa,False,2024,,,,
70,Ridge Mphaphuli @dr_ridge,439200.0,0.2,South Africa,Education,131800.0,tiktok,south-africa,False,2024,Knowledge&Info,MAPPED,,
71,DingaanK @dingaank,436900.0,,South Africa,Celebrity,131100.0,tiktok,south-africa,False,2024,Entertainment,MAPPED,,
72,Khanyi Sigz @khanyisigz,436600.0,,South Africa,Romance and Wedding,131000.0,tiktok,south-africa,False,2024,Beauty&Fashion,MAPPED,,
73,Warren Kitching @warren.kitching,434000.0,,South Africa,,130200.0,tiktok,south-africa,False,2024,,,,
74,Mr Sizwe Sir! @mrsizwe_sir,432500.0,,South Africa,Entertainment and Music Funny Celebrity,129800.0,tiktok,south-africa,False,2024,Music,MAPPED,,
75,57Bottles @57bottles,431800.0,,South Africa,Food,129500.0,tiktok,south-africa,False,2024,Lifestyle,MAPPED,,
76,GWILDLIFE @gwildlife,426100.0,,South Africa,Nature Animals,127800.0,tiktok,south-africa,False,2024,Lifestyle,MAPPED,,
77,Bobo Mbhele @bobombele,422700.0,0.1,South Africa,,126800.0,tiktok,south-africa,False,2024,,,,
78,beggankjxxgef @beggankk,421300.0,0.5,South Africa,,126400.0,tiktok,south-africa,False,2024,,,,
79,Tristan Sonnekus @tristansonnekus,417800.0,0.1,South Africa,,125300.0,tiktok,south-africa,False,2024,,,,
80,cat 🍃 @caitlinnjayde,417600.0,,South Africa,Fashion and Accessories,125300.0,tiktok,south-africa,False,2024,Beauty&Fashion,MAPPED,,
81,☹︎ goal 500k @ohsadtext,412400.0,,South Africa,Entertainment and Music,123700.0,tiktok,south-africa,False,2024,Music,MAPPED,,
82,A Rare Anemone👑 @mukondelelianemone,404000.0,,South Africa,,121200.0,tiktok,south-africa,False,2024,,,,
83,C H R I S 🇿🇦 @chris.macdonald,402200.0,,South Africa,,120700.0,tiktok,south-africa,False,2024,,,,
84,WoNi @ngoduyenn,399800.0,,South Africa,,119900.0,tiktok,south-africa,False,2024,,,,
85,mehlemamba ngidi @mehlemamba.ngidi,399000.0,0.1,South Africa,,119700.0,tiktok,south-africa,False,2024,,,,
86,aluncedo_nana @aluncedo_nana,398500.0,,South Africa,Entertainment and Music,119600.0,tiktok,south-africa,False,2024,Music,MAPPED,,
87,DeESy @des_y01,396700.0,,South Africa,,119000.0,tiktok,south-africa,False,2024,,,,
88,lesego_lethoko @lesego_lethoko,395000.0,0.5,South Africa,,118500.0,tiktok,south-africa,False,2024,,,,
89,Ankelpatriz ✨ @ankelpatriz420,391300.0,,South Africa,,117400.0,tiktok,south-africa,False,2024,,,,
90,Kajal Maharaj @kajalmaharajshria,389300.0,,South Africa,,116800.0,tiktok,south-africa,False,2024,,,,
91,Masego Charlotte 🇿🇦 @charlotte_set,384700.0,,South Africa,,115400.0,tiktok,south-africa,False,2024,,,,
92,Marco Samuely Lund Hansen @marco_slh,383800.0,,South Africa,Entertainment and Music,115100.0,tiktok,south-africa,False,2024,Music,MAPPED,,
93,Khaya Dladla @khayadladla,383700.0,0.2,South Africa,Acting and Drama Celebrity,115100.0,tiktok,south-africa,False,2024,Entertainment,MAPPED,,
94,Lonerr @busi.ie,381000.0,,South Africa,,114300.0,tiktok,south-africa,False,2024,,,,
95,Musan Raza @musanraza16,380300.0,,South Africa,,114100.0,tiktok,south-africa,False,2024,,,,
96,Ofentse Mwase @ofentsemwase,379200.0,0.2,South Africa,,113800.0,tiktok,south-africa,False,2024,,,,
97,Qhawekazi _mcetywa @qhawekazi_mcetywa,376400.0,,South Africa,,112900.0,tiktok,south-africa,False,2024,,,,
98,Britney De Villiers @britneydevilliers,376200.0,,South Africa,Fashion and Accessories Travel,112900.0,tiktok,south-africa,False,2024,Beauty&Fashion,MAPPED,,
99,Riaan Barnard @iamriaanbarnard,357100.0,0.2,South Africa,,107100.0,tiktok,south-africa,False,2024,,,,
100,Tricia Thee Angel @triciampisi,354300.0,0.3,South Africa,Celebrity Parenting,106300.0,tiktok,south-africa,False,2024,Entertainment,MAPPED,,
1,시아지우 sia_jiwoo @sia_jiwoo,27500000.0,0.2,South Korea,,8300000.000000001,tiktok,south-korea,False,2024,,,,
2,신사마 SHINSAMA @shinsama422,17200000.0,0.9,South Korea,Entertainment and Music,5200000.0,tiktok,south-korea,False,2024,Music,MAPPED,,
3,옐언니 SISTERYELL @sisteryell,14200000.0,0.1,South Korea,Beauty and Self Care,4300000.0,tiktok,south-korea,False,2024,Beauty&Fashion,MAPPED,,
4,J-COP @beatboxjcop,13900000.0,,South Korea,Entertainment and Music,4200000.0,tiktok,south-korea,False,2024,Music,MAPPED,,
5,Stray Kids @jypestraykids,12400000.0,0.4,South Korea,Entertainment and Music,3700000.0,tiktok,south-korea,False,2024,Music,MAPPED,,
6,신사장 SHIN SAJANG @shin_sajang93,12400000.0,0.2,South Korea,Entertainment and Music,3700000.0,tiktok,south-korea,False,2024,Music,MAPPED,,
7,지원패밀리 @jiwon_family,11900000.0,,South Korea,family,3600000.0,tiktok,south-korea,False,2024,Lifestyle,MAPPED,,
8,YUN @yun_bao,7800000.0,0.1,South Korea,Entertainment and Music,2300000.0,tiktok,south-korea,False,2024,Music,MAPPED,,
9,โจเซฟมาเยือน @josephmayuen,6500000.0,,South Korea,,2000000.0,tiktok,south-korea,False,2024,,,,
10,유빈 Kelly @kellykimkim7,5300000.0,,South Korea,Fashion and Accessories,1600000.0,tiktok,south-korea,False,2024,Beauty&Fashion,MAPPED,,
11,가람(karam) @karam_0628,4600000.0,,South Korea,,1400000.0,tiktok,south-korea,False,2024,,,,
12,또솔 DDO_SOL @ddo.sol,4500000.0,,South Korea,Entertainment and Music Funny,1400000.0,tiktok,south-korea,False,2024,Music,MAPPED,,
13,ASTRO 아스트로 @astro_official,4400000.0,,South Korea,,1300000.0,tiktok,south-korea,False,2024,,,,
14,Avira Nisha @aviranisha,4200000.0,,South Korea,Food Travel Food and Drink,1300000.0,tiktok,south-korea,False,2024,Lifestyle,MAPPED,,
15,인사이트 @insight_official,4100000.0,,South Korea,,1200000.0,tiktok,south-korea,False,2024,,,,
16,Dewsisters @dewsisters,4000000.0,,South Korea,,1200000.0,tiktok,south-korea,False,2024,,,,
17,주한띠 @juhan5310,3800000.0,,South Korea,Entertainment and Music,1100000.0,tiktok,south-korea,False,2024,Music,MAPPED,,
18,마티랜드🐰마티🐰 @matiland_mati,3800000.0,0.5,South Korea,,1100000.0,tiktok,south-korea,False,2024,,,,
19,Heyoon Jeong @heyoonjeong,3200000.0,,South Korea,,960000.0,tiktok,south-korea,False,2024,,,,
20,아너브레이커즈 @hnbkz,3000000.0,,South Korea,,900000.0,tiktok,south-korea,False,2024,,,,
21,김쏘야 @iamsongjour,2900000.0,0.1,South Korea,,870000.0,tiktok,south-korea,False,2024,,,,
22,B-TOM🇰🇷 បងធំ🇰🇭 @dalove3121,2800000.0,,South Korea,,840000.0,tiktok,south-korea,False,2024,,,,
23,짱타쿠 @jjangtaku,2800000.0,1.6,South Korea,Product Education,840000.0,tiktok,south-korea,False,2024,Knowledge&Info,MAPPED,,
24,강남허준 박용환 dr.harang @drharang,2700000.0,,South Korea,Education,810000.0,tiktok,south-korea,False,2024,Knowledge&Info,MAPPED,,
25,TikTok Korea @tiktok_kr,2600000.0,,South Korea,,780000.0,tiktok,south-korea,False,2024,,,,
26,쏘영 Ssoyoung @ssoyoungmukbang,2600000.0,,South Korea,Food,780000.0,tiktok,south-korea,False,2024,Lifestyle,MAPPED,,
27,[RealMouth] 주멍이 @real_mouth,2500000.0,,South Korea,,750000.0,tiktok,south-korea,False,2024,,,,
28,파이하우스 PI HOUSE @pihouse_kr,2300000.0,,South Korea,,690000.0,tiktok,south-korea,False,2024,,,,
29,이승재 @leesjae96,2200000.0,1.4,South Korea,Entertainment and Music,660000.0,tiktok,south-korea,False,2024,Music,MAPPED,,
30,k.hwijae @k.hwijae,2200000.0,,South Korea,,660000.0,tiktok,south-korea,False,2024,,,,
31,인션 InSean @insean0208,2100000.0,,South Korea,,630000.0,tiktok,south-korea,False,2024,,,,
32,미르메 신민철 @shinmincheol,2100000.0,,South Korea,Sports,630000.0,tiktok,south-korea,False,2024,Sports,MAPPED,,
33,Min Mặn Mồi @minoppa92,2100000.0,,South Korea,Food,630000.0,tiktok,south-korea,False,2024,Lifestyle,MAPPED,,
34,Priscilla Lee 이예은 @pris.danie,2100000.0,,South Korea,,630000.0,tiktok,south-korea,False,2024,,,,
35,ZOEY ASMR 조이 @zoey_asmr,2100000.0,,South Korea,Entertainment and Music,630000.0,tiktok,south-korea,False,2024,Music,MAPPED,,
36,Netflix Korea @netflixkr,1900000.0,,South Korea,,570000.0,tiktok,south-korea,False,2024,,,,
37,주성 JUSUNG @ju_sung,1800000.0,2.9,South Korea,Entertainment and Music,540000.0,tiktok,south-korea,False,2024,Music,MAPPED,,
38,TEAM1LLUSION 노성율 @team1llusion,1800000.0,,South Korea,Entertainment and Music Animation and Cosplay,540000.0,tiktok,south-korea,False,2024,Tech&Gaming,MAPPED,,
39,San AE @sanae33359,1800000.0,,South Korea,,540000.0,tiktok,south-korea,False,2024,,,,
40,Kim Chung Phan @kimchungphan20,1800000.0,,South Korea,,540000.0,tiktok,south-korea,False,2024,,,,
41,자곰 JAGOM ASMR @zenoworld,1800000.0,,South Korea,Food,540000.0,tiktok,south-korea,False,2024,Lifestyle,MAPPED,,
42,에버글로우 (EVERGLOW) @everglowofficial,1700000.0,0.1,South Korea,Entertainment and Music,510000.0,tiktok,south-korea,False,2024,Music,MAPPED,,
43,Blanc 블랑🤍 @blanc_s2,1700000.0,,South Korea,Beauty and Self Care,510000.0,tiktok,south-korea,False,2024,Beauty&Fashion,MAPPED,,
44,Tamagoi @tamagoi,1600000.0,,South Korea,,480000.0,tiktok,south-korea,False,2024,,,,
45,𝐂𝐚𝐲𝐚𝐚델리아🐰 @cayacarr0t,1600000.0,,South Korea,Pets,480000.0,tiktok,south-korea,False,2024,Lifestyle,MAPPED,,
46,@seejal~sking @seejal143,1600000.0,,South Korea,,480000.0,tiktok,south-korea,False,2024,,,,
47,JKartsoccer @jkartsoccer_tiktok,1600000.0,0.1,South Korea,Education Sports,480000.0,tiktok,south-korea,False,2024,Sports,MAPPED,,
48,Marysengmunmai @marysengmunmai1,1600000.0,2.8,South Korea,,480000.0,tiktok,south-korea,False,2024,,,,
49,𝐖𝐞𝐧𝐣𝐢 지민✨ @juwen10,1600000.0,,South Korea,,480000.0,tiktok,south-korea,False,2024,,,,
50,Haiyoe @haiyoe,1600000.0,0.1,South Korea,Entertainment and Music,480000.0,tiktok,south-korea,False,2024,Music,MAPPED,,
51,YOU JI @you_jiseok,1500000.0,,South Korea,,450000.0,tiktok,south-korea,False,2024,,,,
52,쥬니Juney @juney4u2,1500000.0,,South Korea,Fashion and Accessories,450000.0,tiktok,south-korea,False,2024,Beauty&Fashion,MAPPED,,
53,Tanya @t.volkova7,1500000.0,,South Korea,,450000.0,tiktok,south-korea,False,2024,,,,
54,위아이(WEi) @wei__official,1400000.0,0.1,South Korea,Entertainment and Music,420000.0,tiktok,south-korea,False,2024,Music,MAPPED,,
55,СЭДЖУ @sejuming,1400000.0,0.3,South Korea,,420000.0,tiktok,south-korea,False,2024,,,,
56,건리버 @kunho1216,1400000.0,,South Korea,Entertainment and Music,420000.0,tiktok,south-korea,False,2024,Music,MAPPED,,
57,Hanna Coreana @hannacoreana,1300000.0,,South Korea,,390000.0,tiktok,south-korea,False,2024,,,,
58,진사범님🥋 @masterjin,1300000.0,,South Korea,Entertainment and Music,390000.0,tiktok,south-korea,False,2024,Music,MAPPED,,
59,KVIBES @officialkvibes,1300000.0,,South Korea,,390000.0,tiktok,south-korea,False,2024,,,,
60,Weeekly (위클리) @weeekly,1300000.0,,South Korea,Entertainment and Music,390000.0,tiktok,south-korea,False,2024,Music,MAPPED,,
61,Johvely 🐰 @johvely,1300000.0,,South Korea,Entertainment and Music,390000.0,tiktok,south-korea,False,2024,Music,MAPPED,,
62,ゆうな♊️👯유나 @unaunayuuna,1300000.0,2.3,South Korea,,390000.0,tiktok,south-korea,False,2024,,,,
63,Chuu Chuu 💋 @chuu.0810,1300000.0,,South Korea,,390000.0,tiktok,south-korea,False,2024,,,,
64,M!SO | 미소 @_oomisoo_,1200000.0,3.4,South Korea,Beauty and Self Care,360000.0,tiktok,south-korea,False,2024,Beauty&Fashion,MAPPED,,
65,Eden @edenchoi1020,1200000.0,,South Korea,Entertainment and Music,360000.0,tiktok,south-korea,False,2024,Music,MAPPED,,
66,Dreamcatcher(드림캐쳐) @official_dreamcatcher,1200000.0,0.1,South Korea,Entertainment and Music,360000.0,tiktok,south-korea,False,2024,Music,MAPPED,,
67,ᴋᴘᴏᴘ ఌ @namkimi,1200000.0,0.1,South Korea,Entertainment and Music,360000.0,tiktok,south-korea,False,2024,Music,MAPPED,,
68,이영지 @youngji_02,1200000.0,0.1,South Korea,,360000.0,tiktok,south-korea,False,2024,,,,
69,✨Taew🍎🍂 @fan_dara_thai3taew,1200000.0,,South Korea,Entertainment and Music Fashion and Accessories,360000.0,tiktok,south-korea,False,2024,Beauty&Fashion,MAPPED,,
70,Gvan @gvan981,1100000.0,,South Korea,Entertainment and Music Funny,330000.0,tiktok,south-korea,False,2024,Music,MAPPED,,
71,Ringo @ringodanyan,1100000.0,0.3,South Korea,Pets,330000.0,tiktok,south-korea,False,2024,Lifestyle,MAPPED,,
72,송송한일상💜S daily @thddl7214,1100000.0,,South Korea,Entertainment and Music,330000.0,tiktok,south-korea,False,2024,Music,MAPPED,,
73,♡Park jimin♡ @army.tea_,1100000.0,0.1,South Korea,Entertainment and Music,330000.0,tiktok,south-korea,False,2024,Music,MAPPED,,
74,liryonni @liryonni,1100000.0,0.1,South Korea,,330000.0,tiktok,south-korea,False,2024,,,,
75,인사이트 패션 @insight_fashion,1000000.0,,South Korea,Fashion and Accessories,300000.0,tiktok,south-korea,False,2024,Beauty&Fashion,MAPPED,,
76,키뜨(keith) @keith06230,1000000.0,7.2,South Korea,Entertainment and Music Education Product Education,300000.0,tiktok,south-korea,False,2024,Knowledge&Info,MAPPED,,
77,베니패밀리 Benny Family @benny_cat_family,997200.0,0.1,South Korea,Pets,299200.0,tiktok,south-korea,False,2024,Lifestyle,MAPPED,,
78,Hyundai Worldwide @hyundai_worldwide,993600.0,1.6,South Korea,Auto and Vehicles,298100.0,tiktok,south-korea,False,2024,Tech&Gaming,MAPPED,,
79,쿠키런 Cookierun @cookierun_dev,991800.0,0.1,South Korea,,297500.0,tiktok,south-korea,False,2024,,,,
80,김준형 @k_jhyung,989900.0,0.1,South Korea,,297000.0,tiktok,south-korea,False,2024,,,,
81,도열(Rodo) @rea.lllr,989300.0,,South Korea,,296800.0,tiktok,south-korea,False,2024,,,,
82,기섭 KI SEOP @kiseop91,985400.0,,South Korea,,295600.0,tiktok,south-korea,False,2024,,,,
83,ROADTOWN(로드타운) @roadtown_cover,979500.0,,South Korea,Entertainment and Music,293900.0,tiktok,south-korea,False,2024,Music,MAPPED,,
84,vivikim @hapi2gether,978200.0,,South Korea,,293500.0,tiktok,south-korea,False,2024,,,,
85,น้ะพิม&จูนโฮตาสวด🇰🇷🇹🇭💕 @100619jun.na,978200.0,,South Korea,,293500.0,tiktok,south-korea,False,2024,,,,
86,by aokgiem @by.aokgiem,973700.0,0.6,South Korea,,292100.0,tiktok,south-korea,False,2024,,,,
87,𝐌𝐢𝐧𝐢 👑 @mini_xxrld,961500.0,1.2,South Korea,,288500.0,tiktok,south-korea,False,2024,,,,
88,GFRIEND @official_gfriend,958500.0,0.2,South Korea,,287600.0,tiktok,south-korea,False,2024,,,,
89,에이삐💕 @i_am_ab_,954000.0,,South Korea,,286200.0,tiktok,south-korea,False,2024,,,,
90,ALiEN Dance Studio @alienz.official,949300.0,,South Korea,,284800.0,tiktok,south-korea,False,2024,,,,
91,김프로 KIMPRO @jkim9999,948200.0,0.1,South Korea,,284500.0,tiktok,south-korea,False,2024,,,,
92,심야 Simya😋 @simya_midnight,947800.0,,South Korea,Entertainment and Music Food and Drink,284300.0,tiktok,south-korea,False,2024,Music,MAPPED,,
93,V @pin._.s,944000.0,,South Korea,,283200.0,tiktok,south-korea,False,2024,,,,
94,Mẹ Cà Phê @buithinhuy91,936700.0,,South Korea,,281000.0,tiktok,south-korea,False,2024,,,,
95,Edward So @edwardkso,935700.0,0.2,South Korea,,280700.0,tiktok,south-korea,False,2024,,,,
96,태호 t.ae_ho🌊 @ccl5012,935100.0,,South Korea,,280500.0,tiktok,south-korea,False,2024,,,,
97,윤태섭 @ta2subottlegod,930000.0,,South Korea,,279000.0,tiktok,south-korea,False,2024,,,,
98,J.Y. Park @jypark_official,928200.0,0.5,South Korea,Beauty,278500.0,tiktok,south-korea,False,2024,Beauty&Fashion,MAPPED,,
99,Luisa García ♡ @luisagarciask,924700.0,3.2,South Korea,Entertainment and Music,277400.0,tiktok,south-korea,False,2024,Music,MAPPED,,
100,벨트맨_beltman @belt_man,924700.0,,South Korea,Product Education Auto and Vehicles,277400.0,tiktok,south-korea,False,2024,Knowledge&Info,MAPPED,,
1,La Rosalia @rosalia,30900000.0,,Spain,,9300000.0,tiktok,spain,False,2024,,,,
2,Twin Melody @twinmelody,17900000.0,,Spain,,5400000.0,tiktok,spain,False,2024,,,,
3,animalize21🔥 @animalize21,11100000.0,,Spain,Animals Pets,3300000.0,tiktok,spain,False,2024,Lifestyle,MAPPED,,
4,🌟SWEETYBOY🌟 @mateosarc,10600000.0,,Spain,Entertainment and Music,3200000.0,tiktok,spain,False,2024,Music,MAPPED,,
5,Nasser Ferreiro @nasserferreiroo,10600000.0,,Spain,Entertainment and Music,3200000.0,tiktok,spain,False,2024,Music,MAPPED,,
6,Nacho Gil Conesa @nachter,10400000.0,,Spain,,3100000.0,tiktok,spain,False,2024,,,,
7,Fran Callejon @francallejon,9400000.0,,Spain,Entertainment and Music Acting and Drama,2800000.0,tiktok,spain,False,2024,Music,MAPPED,,
8,Lola loliitaa🌸 @lolaloliitaaa,8900000.0,,Spain,Fashion and Accessories,2700000.0,tiktok,spain,False,2024,Beauty&Fashion,MAPPED,,
9,M A G N O S C A V O @magno_scavo,8199999.999999999,,Spain,,2500000.0,tiktok,spain,False,2024,,,,
10,Mike from Chameleon Theatre @mikethechameleon,7400000.0,,Spain,Education,2200000.0,tiktok,spain,False,2024,Knowledge&Info,MAPPED,,
11,Annie Vega @annemoda14,6600000.0,,Spain,,2000000.0,tiktok,spain,False,2024,,,,
12,Àngela Mármol @amarmolmc,5500000.0,,Spain,Entertainment and Music,1700000.0,tiktok,spain,False,2024,Music,MAPPED,,
13,SoyBanaz @soybanaz,5100000.0,,Spain,Entertainment and Music,1500000.0,tiktok,spain,False,2024,Music,MAPPED,,
14,Eduardo Camavinga @camavinga,4700000.0,13.8,Spain,Sports,1400000.0,tiktok,spain,False,2024,Sports,MAPPED,,
15,Maria_rm @maria_rm,4300000.0,,Spain,Entertainment and Music,1300000.0,tiktok,spain,False,2024,Music,MAPPED,,
16,Anita Groowe @anitagroowe,3900000.0,,Spain,,1200000.0,tiktok,spain,False,2024,,,,
17,Atletico de Madrid @atleticodemadrid,3800000.0,,Spain,Sports,1100000.0,tiktok,spain,False,2024,Sports,MAPPED,,
18,🎬IVIS🎬 @mrivis,3700000.0,,Spain,Entertainment and Music,1100000.0,tiktok,spain,False,2024,Music,MAPPED,,
19,sofia espanha @sofiaespanha,3700000.0,0.2,Spain,,1100000.0,tiktok,spain,False,2024,,,,
20,Adexe y Nau @aynoficial,3600000.0,,Spain,Entertainment and Music,1100000.0,tiktok,spain,False,2024,Music,MAPPED,,
21,Mr. Azaga Wong @mrazagawong,3500000.0,,Spain,Photography,1100000.0,tiktok,spain,False,2024,Lifestyle,MAPPED,,
22,Mohamed ( Zizi ) @el_zizi_93,3300000.0,,Spain,Beauty and Self Care Fashion and Accessories,990000.0,tiktok,spain,False,2024,Beauty&Fashion,MAPPED,,
23,Carlos_Eduardo_Espina @carlos_eduardo_espina,3300000.0,,Spain,Life and Society,990000.0,tiktok,spain,False,2024,Knowledge&Info,MAPPED,,
24,Julieta Martell @ju_martell,3200000.0,,Spain,,960000.0,tiktok,spain,False,2024,,,,
25,Isa @kindecisa,3100000.0,,Spain,Fashion and Accessories Beauty and Self Care,930000.0,tiktok,spain,False,2024,Beauty&Fashion,MAPPED,,
26,Netflix España @netflixes,2700000.0,,Spain,,810000.0,tiktok,spain,False,2024,,,,
27,Mar @mariaa_mml,2700000.0,,Spain,Fashion and Accessories Beauty and Self Care,810000.0,tiktok,spain,False,2024,Beauty&Fashion,MAPPED,,
28,Marta Deza @marta_deza,2700000.0,,Spain,Entertainment and Music,810000.0,tiktok,spain,False,2024,Music,MAPPED,,
29,Ariana Michelle @arianafeygin,2600000.0,,Spain,Food,780000.0,tiktok,spain,False,2024,Lifestyle,MAPPED,,
30,Claudia De Los Toyos Boj @claudiadelostoyos,2600000.0,,Spain,Entertainment and Music,780000.0,tiktok,spain,False,2024,Music,MAPPED,,
31,Orlando Domínguez @casosconorlando,2500000.0,,Spain,,750000.0,tiktok,spain,False,2024,,,,
32,Adrian Lopez @adrianlt7,2400000.0,,Spain,,720000.0,tiktok,spain,False,2024,,,,
33,ALCALA @alcala.creativo,2300000.0,0.1,Spain,DIY and Life Hacks,690000.0,tiktok,spain,False,2024,Lifestyle,MAPPED,,
34,Andrés en Inglés @andreseningles,2300000.0,,Spain,Education,690000.0,tiktok,spain,False,2024,Knowledge&Info,MAPPED,,
35,Aida Martorell @aidamartorell,2200000.0,,Spain,Beauty and Self Care,660000.0,tiktok,spain,False,2024,Beauty&Fashion,MAPPED,,
36,El profesor TikTok @elprofesordetiktok,2200000.0,,Spain,Education Entertainment and Music,660000.0,tiktok,spain,False,2024,Knowledge&Info,MAPPED,,
37,Antonio Betancourt @antonio_betancourt,2100000.0,,Spain,Travel,630000.0,tiktok,spain,False,2024,Lifestyle,MAPPED,,
38,malu paris crf @niishiimiya,2000000.0,2.8,Spain,Entertainment and Music,600000.0,tiktok,spain,False,2024,Music,MAPPED,,
39,Archie Ted🐲 @archieted0,2000000.0,,Spain,Entertainment and Music,600000.0,tiktok,spain,False,2024,Music,MAPPED,,
40,Jackwise @jackwise_clown,2000000.0,,Spain,,600000.0,tiktok,spain,False,2024,,,,
41,Adrián @anexo3d_oficial,2000000.0,,Spain,,600000.0,tiktok,spain,False,2024,,,,
42,PrimeVideoES @primevideoes,1900000.0,,Spain,Entertainment and Music,570000.0,tiktok,spain,False,2024,Music,MAPPED,,
43,Lorena Fernández💖 @lorenafernandezb,1900000.0,,Spain,Fashion and Accessories,570000.0,tiktok,spain,False,2024,Beauty&Fashion,MAPPED,,
44,Becs Martinez @becsmartinez,1900000.0,,Spain,,570000.0,tiktok,spain,False,2024,,,,
45,ADELINA🌸 @adelinafominykh,1800000.0,,Spain,Entertainment and Music,540000.0,tiktok,spain,False,2024,Music,MAPPED,,
46,Valeria @valeriaxxargu,1800000.0,,Spain,,540000.0,tiktok,spain,False,2024,,,,
47,Marc Olivares @markkk_oc,1800000.0,,Spain,Fashion and Accessories Entertainment and Music,540000.0,tiktok,spain,False,2024,Beauty&Fashion,MAPPED,,
48,Sebastian Sánchez @sebassanchezg,1800000.0,,Spain,,540000.0,tiktok,spain,False,2024,,,,
49,Paquillocastroo 🥴 @paquillocastroo,1800000.0,,Spain,Food Travel,540000.0,tiktok,spain,False,2024,Lifestyle,MAPPED,,
50,Drawingtok @drawingtok1.2,1700000.0,,Spain,Arts and Crafts,510000.0,tiktok,spain,False,2024,Lifestyle,MAPPED,,
51,Yosoyjosema @yosoyjosema,1600000.0,,Spain,Entertainment and Music,480000.0,tiktok,spain,False,2024,Music,MAPPED,,
52,Sergio Reguilon @sergioregui,1600000.0,0.2,Spain,,480000.0,tiktok,spain,False,2024,,,,
53,"Anto, Pía y Emma @antonellapupo",1600000.0,,Spain,family,480000.0,tiktok,spain,False,2024,Lifestyle,MAPPED,,
54,Ephylone College @guillembarbeta02,1600000.0,,Spain,Sports Auto and Vehicles,480000.0,tiktok,spain,False,2024,Sports,MAPPED,,
55,Alex @aleexgm8,1600000.0,,Spain,Entertainment and Music,480000.0,tiktok,spain,False,2024,Music,MAPPED,,
56,Esther Martinez 💋🌸 @estheermartinez_,1500000.0,,Spain,,450000.0,tiktok,spain,False,2024,,,,
57,🖤 Yiren Lopez 🖤 @yiireenn.grl,1500000.0,,Spain,Fashion and Accessories,450000.0,tiktok,spain,False,2024,Beauty&Fashion,MAPPED,,
58,Lucia Fernandez @luciafernandez_,1500000.0,,Spain,Entertainment and Music,450000.0,tiktok,spain,False,2024,Music,MAPPED,,
59,Gabriel Ángel @gabrielceramics,1500000.0,,Spain,,450000.0,tiktok,spain,False,2024,,,,
60,Emejotisa @emejotisa,1500000.0,,Spain,Funny,450000.0,tiktok,spain,False,2024,Entertainment,MAPPED,,
61,El Hormiguero @el_hormiguero,1500000.0,,Spain,Entertainment and Music,450000.0,tiktok,spain,False,2024,Music,MAPPED,,
62,Adrián Romero🍍 @adriianromero_,1400000.0,,Spain,Entertainment and Music Romance and Wedding Acting and Drama,420000.0,tiktok,spain,False,2024,Beauty&Fashion,MAPPED,,
63,Xataka @xataka,1400000.0,,Spain,Product Education,420000.0,tiktok,spain,False,2024,Knowledge&Info,MAPPED,,
64,Javi Freestyle @javifreestyle,1400000.0,0.1,Spain,,420000.0,tiktok,spain,False,2024,,,,
65,Jordi ENP @jordienpo,1400000.0,0.8,Spain,Entertainment and Music,420000.0,tiktok,spain,False,2024,Music,MAPPED,,
66,Key Zara @keyzaraofficial,1400000.0,,Spain,,420000.0,tiktok,spain,False,2024,,,,
67,Ainoa García @aiinoagarciia,1400000.0,2.1,Spain,Arts and Crafts,420000.0,tiktok,spain,False,2024,Lifestyle,MAPPED,,
68,Marina González @marinago_02,1400000.0,,Spain,Sports,420000.0,tiktok,spain,False,2024,Sports,MAPPED,,
69,Gemelos Viajeros 🌍✈️ @gemelosviajeros,1400000.0,,Spain,Travel,420000.0,tiktok,spain,False,2024,Lifestyle,MAPPED,,
70,Guille 🌹 @robiiioo,1300000.0,,Spain,,390000.0,tiktok,spain,False,2024,,,,
71,DANIEL PALACIO🇪🇸 @daniipkr,1300000.0,,Spain,Funny,390000.0,tiktok,spain,False,2024,Entertainment,MAPPED,,
72,Jan Cutillas 👽 @jancutillas,1300000.0,,Spain,Travel,390000.0,tiktok,spain,False,2024,Lifestyle,MAPPED,,
73,Korayma @kora.ymaa,1300000.0,,Spain,,390000.0,tiktok,spain,False,2024,,,,
74,gaberga😎 @gaberga,1300000.0,,Spain,Entertainment and Music,390000.0,tiktok,spain,False,2024,Music,MAPPED,,
75,🌜Aquí Sandra✨ @aquisandrax,1300000.0,,Spain,Travel,390000.0,tiktok,spain,False,2024,Lifestyle,MAPPED,,
76,ASMR para dormir 😴💤 @lescousinsasmr,1300000.0,,Spain,,390000.0,tiktok,spain,False,2024,,,,
77,tamara_gorro @tamara_gorro,1300000.0,,Spain,Entertainment and Music Acting and Drama,390000.0,tiktok,spain,False,2024,Music,MAPPED,,
78,aloe vera @alvaro.romero,1300000.0,1.3,Spain,Entertainment and Music,390000.0,tiktok,spain,False,2024,Music,MAPPED,,
79,TheMigui_ @themigui_,1300000.0,3.5,Spain,Funny,390000.0,tiktok,spain,False,2024,Entertainment,MAPPED,,
80,Pablo Alborán @pabloalboran,1200000.0,,Spain,Entertainment and Music,360000.0,tiktok,spain,False,2024,Music,MAPPED,,
81,Sr._Chan @sr.chan,1200000.0,,Spain,,360000.0,tiktok,spain,False,2024,,,,
82,LOS_PANAS @four_panas,1200000.0,,Spain,Fashion and Accessories,360000.0,tiktok,spain,False,2024,Beauty&Fashion,MAPPED,,
83,Bea Ruiz @btriixx,1200000.0,,Spain,Entertainment and Music,360000.0,tiktok,spain,False,2024,Music,MAPPED,,
84,donkoglo @donkoglo,1100000.0,0.1,Spain,Sports,330000.0,tiktok,spain,False,2024,Sports,MAPPED,,
85,Noemí Pérez @om_makeup_artist,1100000.0,,Spain,Arts and Crafts,330000.0,tiktok,spain,False,2024,Lifestyle,MAPPED,,
86,⭕️ Iván Cobos 🔴 @ivan_cobos,1100000.0,,Spain,,330000.0,tiktok,spain,False,2024,,,,
87,🧿EZTHER🧿 @ezther__,1100000.0,,Spain,Beauty and Self Care Entertainment and Music,330000.0,tiktok,spain,False,2024,Beauty&Fashion,MAPPED,,
88,Rebeca Jimenez @rebejimenez28,1100000.0,,Spain,,330000.0,tiktok,spain,False,2024,,,,
89,didactilam @didactilam,1100000.0,,Spain,,330000.0,tiktok,spain,False,2024,,,,
90,Carlos Churches @elchurchesoficial,1000000.0,,Spain,,300000.0,tiktok,spain,False,2024,,,,
91,Nuria Castelló @lokyfamylytoy,1000000.0,,Spain,family,300000.0,tiktok,spain,False,2024,Lifestyle,MAPPED,,
92,Estels @__estels,999800.0,,Spain,,299900.0,tiktok,spain,False,2024,,,,
93,Quincy @quincyazzario,987500.0,,Spain,,296300.0,tiktok,spain,False,2024,,,,
94,hugedo @hugedo,986100.0,,Spain,,295800.0,tiktok,spain,False,2024,,,,
95,Trappeal @trappeal,985700.0,0.1,Spain,,295700.0,tiktok,spain,False,2024,,,,
96,Ismael Rodriguez @ism_rodri_,984600.0,,Spain,,295400.0,tiktok,spain,False,2024,,,,
97,Y 𐌡 Ξ L @dm_yael,979300.0,0.1,Spain,,293800.0,tiktok,spain,False,2024,,,,
98,Llobeti4 @llobeti4_,977000.0,,Spain,,293100.0,tiktok,spain,False,2024,,,,
99,Arantza N @arantzanvm,976300.0,0.2,Spain,,292900.0,tiktok,spain,False,2024,,,,
100,Davide Morana @davide_morana,972500.0,0.7,Spain,,291800.0,tiktok,spain,False,2024,,,,
1,Nattid® @nattid,2300000.0,,Sverige,Underhållning och musik,690000.0,tiktok,sweden,False,2024,Music,MAPPED,,Entertainment and music
2,olivernordin @olivernordin1,2200000.0,,Sverige,,660000.0,tiktok,sweden,False,2024,,,,
3,INGRID AND RECE 💘 @ingridandrece0,2100000.0,0.2,Sverige,,630000.0,tiktok,sweden,False,2024,,,,
4,Alma Persson @almaperssons,1200000.0,,Sverige,Mode och accessoarer,360000.0,tiktok,sweden,False,2024,Beauty&Fashion,MAPPED,,Fashion and accessories
5,Kim Diaz Holm @denungeherrholm,1000000.0,,Sverige,Underhållning och musik,300000.0,tiktok,sweden,False,2024,Music,MAPPED,,Entertainment and music
6,Zara Larsson @zaralarsson,992400.0,0.1,Sverige,,297700.0,tiktok,sweden,False,2024,,,,
7,shaymaa Gahdhbah - أشكي ناز @ms_ashki,975000.0,,Sverige,,292500.0,tiktok,sweden,False,2024,,,,
8,Netflix Sverige @netflixsverige,914800.0,,Sverige,,274400.0,tiktok,sweden,False,2024,,,,
9,Matt Mitchell @mattmitchell4,815500.0,,Sverige,,244700.0,tiktok,sweden,False,2024,,,,
10,Marysia @marysiasiczek,805800.0,0.1,Sverige,,241700.0,tiktok,sweden,False,2024,,,,
11,Iris Rados @irisrados,800300.0,,Sverige,,240100.0,tiktok,sweden,False,2024,,,,
12,Koenigsegg @koenigsegg,799200.0,0.4,Sverige,,239800.0,tiktok,sweden,False,2024,,,,
13,Bella Lupascu® @bellalupascu,789700.0,,Sverige,Skönhet och personlig vård,236900.0,tiktok,sweden,False,2024,Beauty&Fashion,MAPPED,,Beauty and personal care
14,sweLogan @swelogan,788400.0,,Sverige,,236500.0,tiktok,sweden,False,2024,,,,
15,Patrik Widell @patrikwidell,750200.0,,Sverige,,225100.0,tiktok,sweden,False,2024,,,,
16,Ludde Blomqvist @ohwoah__,735600.0,0.1,Sverige,Underhållning och musik,220700.0,tiktok,sweden,False,2024,Music,MAPPED,,Entertainment and music
17,Joy center sweden @joycenter2008,652100.0,,Sverige,Skönhet och personlig vård,195600.0,tiktok,sweden,False,2024,Beauty&Fashion,MAPPED,,Beauty and personal care
18,🀄🧡 @ayloul_khanou_officiel,648000.0,,Sverige,Romantik och bröllop,194400.0,tiktok,sweden,False,2024,Lifestyle,MAPPED,,Romance and weddings
19,Alesso @alesso,634900.0,,Sverige,Underhållning och musik,190500.0,tiktok,sweden,False,2024,Music,MAPPED,,Entertainment and music
20,DeBilalo @debilalo,605600.0,0.1,Sverige,Roligt,181700.0,tiktok,sweden,False,2024,Entertainment,MAPPED,,Funny
21,LION ليون @lion_pm,594500.0,,Sverige,Datorspel,178400.0,tiktok,sweden,False,2024,Tech&Gaming,MAPPED,,Computer games
22,Red Bull Sweden @redbullsweden,559000.0,,Sverige,,167700.0,tiktok,sweden,False,2024,,,,
23,⭐️Linnea&Viola⭐️ @linneaandviola,557500.0,,Sverige,Underhållning och musik,167300.0,tiktok,sweden,False,2024,Music,MAPPED,,Entertainment and music
24,coral.500k @coral.500k,522500.0,,Sverige,Djur Datorspel,156800.0,tiktok,sweden,False,2024,Tech&Gaming,MAPPED,,Animals Computer Games
25,Amandaedin @amandaedins,516900.0,,Sverige,Underhållning och musik,155100.0,tiktok,sweden,False,2024,Music,MAPPED,,Entertainment and music
26,GoatSimulator @goatsimulatorgame,513700.00000000006,0.2,Sverige,,154100.0,tiktok,sweden,False,2024,,,,
27,Ashraf Ali @ashraf_swe,480000.0,0.1,Sverige,,144000.0,tiktok,sweden,False,2024,,,,
28,Waleescamelo @waleescamelo,475100.0,,Sverige,Mode och accessoarer Fitness och hälsa,142500.0,tiktok,sweden,False,2024,Sports,MAPPED,,Fashion and accessories Fitness and health
29,Du får tur om du följer @cobrakai_boy_,474400.0,,Sverige,,142300.0,tiktok,sweden,False,2024,,,,
30,Ballonger Västerås @ballonger_vasteras,471600.0,,Sverige,Konst och hantverk Hem och trädgård,141500.0,tiktok,sweden,False,2024,Lifestyle,MAPPED,,Arts and Crafts Home and Garden
31,Emilhenrohn @emilhenrohn,460100.0,0.2,Sverige,Underhållning och musik,138000.0,tiktok,sweden,False,2024,Music,MAPPED,,Entertainment and music
32,Maher Zain @maherzainofficial,457900.0,0.4,Sverige,,137400.0,tiktok,sweden,False,2024,,,,
33,Stories @kiwi...5,436800.0,0.3,Sverige,,131000.0,tiktok,sweden,False,2024,,,,
34,Perla @perla1perla,426200.0,,Sverige,,127900.0,tiktok,sweden,False,2024,,,,
35,Liana @_xoxoliana_,406000.0,0.1,Sverige,,121800.0,tiktok,sweden,False,2024,,,,
36,Fadi&Hiba| فادي&هبه🇸🇪🇸🇾 @fadi.hiba.96,405800.0,,Sverige,,121700.0,tiktok,sweden,False,2024,,,,
37,🧸Official Romantic Lover🧸 @romantic_lover73,404200.0,0.1,Sverige,Romantik och bröllop,121300.0,tiktok,sweden,False,2024,Lifestyle,MAPPED,,Romance and weddings
38,الكاتب__المغترب @z_x..x_z,401500.0,,Sverige,,120500.0,tiktok,sweden,False,2024,,,,
39,Tik Toker @ghoussoun1,401100.0,0.1,Sverige,,120300.0,tiktok,sweden,False,2024,,,,
40,Sherin @sheriiinb,397700.0,0.3,Sverige,,119300.0,tiktok,sweden,False,2024,,,,
41,ViSam Official @visam.official,392600.0,0.3,Sverige,,117800.0,tiktok,sweden,False,2024,,,,
42,👸🏾African Queen👸🏾 @africanqueen1111,366200.0,,Sverige,Underhållning och musik Mode och accessoarer,109900.0,tiktok,sweden,False,2024,Beauty&Fashion,MAPPED,,Entertainment and Music Fashion and Accessories
43,Tove Lo @tovelo,364100.0,,Sverige,,109200.0,tiktok,sweden,False,2024,,,,
44,✨🪷toca boca🤍🌴 @toca.word.maja,356200.0,,Sverige,,106900.0,tiktok,sweden,False,2024,,,,
45,Winsent Thunholm Wikman @winsentw,351000.0,0.1,Sverige,Roligt,105300.0,tiktok,sweden,False,2024,Entertainment,MAPPED,,Funny
46,Mais Alkrad🦋 @mais.alkrad,343900.0,,Sverige,,103200.0,tiktok,sweden,False,2024,,,,
47,🎥Familjen Arcombe🎥 @familjenarcombe,341800.0,,Sverige,,102500.0,tiktok,sweden,False,2024,,,,
48,𝓟𝓾𝓵𝔃𝓮. 𝓢𝓽𝔂𝔁 @styxretake,340900.0,,Sverige,,102300.0,tiktok,sweden,False,2024,,,,
49,Manfred Erlandsson @manfrederlandsson,338600.0,0.1,Sverige,,101600.0,tiktok,sweden,False,2024,,,,
50,《♧Rayan♧》 @rayanzepeto,338400.0,,Sverige,,101500.0,tiktok,sweden,False,2024,,,,
51,Misslisibell @officialmisslisibell,330500.0,,Sverige,,99200.0,tiktok,sweden,False,2024,,,,
52,Beauty by Aisha Sweden @aishacamara38,329900.0,,Sverige,Skönhet och personlig vård Mode och accessoarer,99000.0,tiktok,sweden,False,2024,Beauty&Fashion,MAPPED,,Beauty and personal care Fashion and accessories
53,Memetix_swe @memetix_swe,326800.0,0.1,Sverige,,98000.0,tiktok,sweden,False,2024,,,,
54,Frida Jernspets @tiktokfrida,326600.0,,Sverige,Animation och cosplay,98000.0,tiktok,sweden,False,2024,Tech&Gaming,MAPPED,,Animation and cosplay
55,Joakim Lundell @javligtrik,323800.0,2.0,Sverige,,97100.0,tiktok,sweden,False,2024,,,,
56,LakiDoris @lovisakarlsson2,314200.0,,Sverige,Underhållning och musik,94300.0,tiktok,sweden,False,2024,Music,MAPPED,,Entertainment and music
57,Tone Sekelius @tonesekelius,310500.0,0.3,Sverige,,93200.0,tiktok,sweden,False,2024,,,,
58,Pontus Rasmusson @pontusofficial,306400.0,0.2,Sverige,,91900.0,tiktok,sweden,False,2024,,,,
59,🦋 𝐉𝐮𝐥𝐢𝐞 / جولي 🦋 @julie__38,306300.0,,Sverige,,91900.0,tiktok,sweden,False,2024,,,,
60,⚡️Felicia Lindkvist⚡️ @lindkvistfeliciaa,302300.0,,Sverige,Fitness och hälsa,90700.0,tiktok,sweden,False,2024,Sports,MAPPED,,Fitness and health
61,Super cool 09 @supercool050929,300100.0,,Sverige,Sport,90000.0,tiktok,sweden,False,2024,Sports,MAPPED,,Sport
62,maria 😏 @maria.mars0,292600.0,,Sverige,Skönhet,87800.0,tiktok,sweden,False,2024,Beauty&Fashion,MAPPED,,Beauty
63,Arabic Tiktok @arabic.tiktok,289000.0,,Sverige,,86700.0,tiktok,sweden,False,2024,,,,
64,꒰ 𝐵𝑒𝑎𝑟 𝑠𝑞𝑢𝑎𝑑 ꒱ @random.account.things,287100.0,,Sverige,,86100.0,tiktok,sweden,False,2024,,,,
65,🇸🇪R.O.Y🇸🇪 @roy_____ns,281200.0,,Sverige,,84400.0,tiktok,sweden,False,2024,,,,
66,AmandaLundgren @amandalundgren,280200.0,0.1,Sverige,,84100.0,tiktok,sweden,False,2024,,,,
67,Emil Borroms @emilborroms,271600.0,,Sverige,,81500.0,tiktok,sweden,False,2024,,,,
68,Magister Nordström @magisternordstrom,270100.0,,Sverige,Familj,81000.0,tiktok,sweden,False,2024,Lifestyle,MAPPED,,Family
69,Bashar & Ritta @bashar_and_ritta,267300.0,,Sverige,Skönhet och personlig vård,80200.0,tiktok,sweden,False,2024,Beauty&Fashion,MAPPED,,Beauty and personal care
70,Amanda Strand @amandastrands,265500.0,,Sverige,,79700.0,tiktok,sweden,False,2024,,,,
71,Sam Pettersson @samthemans,261100.00000000003,0.1,Sverige,Underhållning och musik Roligt,78300.0,tiktok,sweden,False,2024,Music,MAPPED,,Entertainment and music Fun
72,marykiwi @swedishmommy,258500.0,,Sverige,Familj,77600.0,tiktok,sweden,False,2024,Lifestyle,MAPPED,,Family
73,Sebastian Tadros @sebastiantadros,257700.0,,Sverige,,77300.0,tiktok,sweden,False,2024,,,,
74,HORSE TRAINER 🐴😘 @evelynbanffy,254100.0,,Sverige,Husdjur,76200.0,tiktok,sweden,False,2024,Lifestyle,MAPPED,,Pets
75,tv4idol @tv4idol,253800.0,,Sverige,,76100.0,tiktok,sweden,False,2024,,,,
76,Mohammed Ibrahim @officialdrmoe,250000.0,0.1,Sverige,Utbildning Uppgradering av färdigheter,75000.0,tiktok,sweden,False,2024,Knowledge&Info,MAPPED,,Education Upgrading skills
77,JOSE @josefson,247300.0,,Sverige,,74200.0,tiktok,sweden,False,2024,,,,
78,Nadir Benkahla @nadirbenkahla,246100.0,,Sverige,,73800.0,tiktok,sweden,False,2024,,,,
79,kevin @marvel_videoos,246100.0,,Sverige,,73800.0,tiktok,sweden,False,2024,,,,
80,Aya samarit @aya.samarit,243700.0,0.2,Sverige,,73100.0,tiktok,sweden,False,2024,,,,
81,Lina @linalindau,237800.0,,Sverige,Mode och accessoarer Skönhet och personlig vård,71300.0,tiktok,sweden,False,2024,Beauty&Fashion,MAPPED,,Fashion and accessories Beauty and personal care
82,Fk stories @fakestoriesbey,233500.0,,Sverige,,70100.0,tiktok,sweden,False,2024,,,,
83,🦋 @tmmy_fidgets,232000.0,,Sverige,,69600.0,tiktok,sweden,False,2024,,,,
84,lucypiggott6 @lucypiggott6,231900.0,,Sverige,Natur,69600.0,tiktok,sweden,False,2024,Lifestyle,MAPPED,,Nature
85,Jessica Mithanja Ekström @mithanja,230400.0,,Sverige,Resor,69100.0,tiktok,sweden,False,2024,UNMAPPED,UNMAPPED,,Travels
86,Mattias mirk @mattiasmirk,229600.0,,Sverige,,68900.0,tiktok,sweden,False,2024,,,,
87,Almaaa @fatalma,229300.0,0.1,Sverige,Fitness och hälsa,68800.0,tiktok,sweden,False,2024,Sports,MAPPED,,Fitness and health
88,⚪️🔵🟠 @football..for..life,225600.0,,Sverige,,67700.0,tiktok,sweden,False,2024,,,,
89,erikhedenfalk @erikhedenfalk,224800.0,1.3,Sverige,Fotografering,67400.0,tiktok,sweden,False,2024,Lifestyle,MAPPED,,Photography
90,Hampus Hammargren @hampushammargren,222000.0,,Sverige,,66600.0,tiktok,sweden,False,2024,,,,
91,🇮🇶 Mary Al-mhana🇸🇪 @maryalmhanamm,221300.0,,Sverige,,66400.0,tiktok,sweden,False,2024,,,,
92,Philip Benjaminsson @philipbenjaminsson,219800.0,,Sverige,,65900.0,tiktok,sweden,False,2024,,,,
93,Kadra idil🦋 @kadra_idil,219600.0,,Sverige,,65900.0,tiktok,sweden,False,2024,,,,
94,Me @tt_funnymemes,218600.0,,Sverige,,65600.0,tiktok,sweden,False,2024,,,,
95,Veronica Maggio @veronicamaggioofficial,216700.0,0.2,Sverige,,65000.0,tiktok,sweden,False,2024,,,,
96,Dolly Style🇸🇪 @dollystylesweden,214300.0,,Sverige,,64300.0,tiktok,sweden,False,2024,,,,
97,COCONUT HEN - Official 🥥🇸🇪 @coconut_hen,207400.0,0.8,Sverige,,62200.0,tiktok,sweden,False,2024,,,,
98,lailakvl @lailakvl,206900.0,1.1,Sverige,,62100.0,tiktok,sweden,False,2024,,,,
99,🇵🇸Loco🇵🇸 @locogbg,205600.0,,Sverige,,61700.0,tiktok,sweden,False,2024,,,,
100,Albert Dyrlund Soap @albertsoap,205100.0,0.9,Sverige,,61500.0,tiktok,sweden,False,2024,,,,
1,ales2ndro @ales2ndro,2700000.0,,Switzerland,,810000.0,tiktok,switzerland,False,2024,,,,
2,chiaracastelli @chiaracastelli,1800000.0,,Switzerland,Entertainment and Music Music,540000.0,tiktok,switzerland,False,2024,Music,MAPPED,,
3,World Economic Forum @worldeconomicforum,1700000.0,,Switzerland,Education,510000.0,tiktok,switzerland,False,2024,Knowledge&Info,MAPPED,,
4,Red Bull Switzerland @redbullswitzerland,1100000.0,,Switzerland,Entertainment and Music Outdoor Activity,330000.0,tiktok,switzerland,False,2024,Sports,MAPPED,,
5,Sami Loft @samiloft,1100000.0,,Switzerland,DIY and Life Hacks Home and Garden,330000.0,tiktok,switzerland,False,2024,Lifestyle,MAPPED,,
6,TP @drpronto,1100000.0,,Switzerland,Travel,330000.0,tiktok,switzerland,False,2024,Lifestyle,MAPPED,,
7,heartbeatfood @heartbeatfood,1100000.0,,Switzerland,,330000.0,tiktok,switzerland,False,2024,,,,
8,asaniamir @asaniamir,998600.0,,Switzerland,Travel,299600.0,tiktok,switzerland,False,2024,Lifestyle,MAPPED,,
9,Yazi Cole @yazicole,899600.0,,Switzerland,Beauty and Self Care,269900.0,tiktok,switzerland,False,2024,Beauty&Fashion,MAPPED,,
10,Pranks from CH @selfcheckarea,891500.0,0.1,Switzerland,,267500.0,tiktok,switzerland,False,2024,,,,
11,Hublot @hublot,859400.0,,Switzerland,,257800.0,tiktok,switzerland,False,2024,,,,
12,TATAKI @tatakiii,833500.0,0.1,Switzerland,,250100.0,tiktok,switzerland,False,2024,,,,
13,Zeki @zekisworld,822400.0,0.3,Switzerland,,246700.0,tiktok,switzerland,False,2024,,,,
14,Master Money @mastermoneymanagement,801100.0,,Switzerland,Finance,240300.0,tiktok,switzerland,False,2024,Knowledge&Info,MAPPED,,
15,Gripmode Goalkeeping @gripmode,791400.0,,Switzerland,,237400.0,tiktok,switzerland,False,2024,,,,
16,Maya Leinenbach @fitgreenmind,782100.0,0.1,Switzerland,Food,234600.0,tiktok,switzerland,False,2024,Lifestyle,MAPPED,,
17,🦋 Désiré 🦋 @desireajavon,771800.0,,Switzerland,,231500.0,tiktok,switzerland,False,2024,,,,
18,Maelo Romani @maeloromani,771400.0,,Switzerland,,231400.0,tiktok,switzerland,False,2024,,,,
19,João Azambuja🦋🇨🇭 @jvbuja,739600.0,,Switzerland,,221900.0,tiktok,switzerland,False,2024,,,,
20,Home of Hoops @fiba,735300.0,,Switzerland,,220600.0,tiktok,switzerland,False,2024,,,,
21,Muhammad Akram ✅ @akooo786,700900.0,0.2,Switzerland,,210300.0,tiktok,switzerland,False,2024,,,,
22,joshtyrell @josh_tyrell,672100.0,0.1,Switzerland,,201600.0,tiktok,switzerland,False,2024,,,,
23,Lenny Izaguire ✨ @lenny_iza,670100.0,,Switzerland,,201000.0,tiktok,switzerland,False,2024,,,,
24,rock_sharan @rock_sharan,660900.0,,Switzerland,,198300.0,tiktok,switzerland,False,2024,,,,
25,ℍ 𝔼 𝕃 𝕃 𝔹 𝕆 𝕐 @nathanberno,632500.0,,Switzerland,,189800.0,tiktok,switzerland,False,2024,,,,
26,Senna Relax @sennarelax,577700.0,,Switzerland,Travel,173300.0,tiktok,switzerland,False,2024,Lifestyle,MAPPED,,
27,Ch_soccer @ch_soccer_,565900.0,,Switzerland,Sports Entertainment and Music,169800.0,tiktok,switzerland,False,2024,Sports,MAPPED,,
28,Maya Eigenmann @maya_eigenmann,562900.0,,Switzerland,,168900.0,tiktok,switzerland,False,2024,,,,
29,Kevinlutolf @kevinlutolf,536800.0,,Switzerland,,161000.0,tiktok,switzerland,False,2024,,,,
30,Marvel love @marvel_love12,505700.0,,Switzerland,,151700.0,tiktok,switzerland,False,2024,,,,
31,669 SWIIZEN @swiizen_levrai,501300.0,,Switzerland,,150400.0,tiktok,switzerland,False,2024,,,,
32,Lahori jutti😘 @aira512,498600.0,,Switzerland,,149600.0,tiktok,switzerland,False,2024,,,,
33,Света Мужжухина @sm.otri,480900.0,,Switzerland,Art,144300.0,tiktok,switzerland,False,2024,Lifestyle,MAPPED,,
34,🦋⃟✮͢🇨ɧųʑı🐣ơყɛɛ🙊 @chuzi_oyee_786,457800.0,,Switzerland,,137300.0,tiktok,switzerland,False,2024,,,,
35,simomo @simomo2,446400.0,,Switzerland,,133900.0,tiktok,switzerland,False,2024,,,,
36,Basel @baselato,431300.0,,Switzerland,,129400.0,tiktok,switzerland,False,2024,,,,
37,Sam Jorden @thesamjorden,430300.0,0.1,Switzerland,,129100.0,tiktok,switzerland,False,2024,,,,
38,Kaorydesole @kaorydesole,425600.0,,Switzerland,Beauty and Self Care,127700.0,tiktok,switzerland,False,2024,Beauty&Fashion,MAPPED,,
39,Carly @reveil.carly,422500.0,,Switzerland,Entertainment and Music,126800.0,tiktok,switzerland,False,2024,Music,MAPPED,,
40,Xherdan Shaqiri @shaqirixs23,421200.0,,Switzerland,Sports,126400.0,tiktok,switzerland,False,2024,Sports,MAPPED,,
41,rastawhiteshepherd @rastawhiteshepherd,419100.0,,Switzerland,Animals,125700.0,tiktok,switzerland,False,2024,Lifestyle,MAPPED,,
42,be.a.man3 @be.a.man3,412500.0,,Switzerland,,123800.0,tiktok,switzerland,False,2024,,,,
43,How To Switzerland 🇨🇭 @howtoswitzerland,401300.0,0.7,Switzerland,Travel,120400.0,tiktok,switzerland,False,2024,Lifestyle,MAPPED,,
44,🕊Queen__کوچۍ🕊 @arzo481,397800.0,,Switzerland,,119300.0,tiktok,switzerland,False,2024,,,,
45,James Beacham @jbbeacham,395600.0,0.4,Switzerland,Education,118700.0,tiktok,switzerland,False,2024,Knowledge&Info,MAPPED,,
46,🍼zara🎀 @iiamzara,392900.0,,Switzerland,Fashion and Accessories Games,117900.0,tiktok,switzerland,False,2024,Beauty&Fashion,MAPPED,,
47,vladi @abeelxo,391600.0,,Switzerland,Funny,117500.0,tiktok,switzerland,False,2024,Entertainment,MAPPED,,
48,Michi_stuntrider @michi_stuntrider,386000.0,,Switzerland,Automotive,115800.0,tiktok,switzerland,False,2024,Tech&Gaming,MAPPED,,
49,Fannyasfresh @fannyasfresh,385800.0,,Switzerland,Animals Pets,115700.0,tiktok,switzerland,False,2024,Lifestyle,MAPPED,,
50,greeshx @greeshx,384600.0,,Switzerland,,115400.0,tiktok,switzerland,False,2024,,,,
51,luxury.habits @luxury.habits,380400.0,0.2,Switzerland,,114100.0,tiktok,switzerland,False,2024,,,,
52,Topdeck @topdeck_le_plug,378000.0,,Switzerland,Fashion and Accessories,113400.0,tiktok,switzerland,False,2024,Beauty&Fashion,MAPPED,,
53,mash.beffa @mash.beffa,367800.0,,Switzerland,Fashion and Accessories Beauty and Self Care,110300.0,tiktok,switzerland,False,2024,Beauty&Fashion,MAPPED,,
54,aurélie @holycracks,366700.0,,Switzerland,,110000.0,tiktok,switzerland,False,2024,,,,
55,Gloria Gilbert @gloria.gilbert.fg,366700.0,,Switzerland,,110000.0,tiktok,switzerland,False,2024,,,,
56,swissmeme @swissmeme,364300.0,0.4,Switzerland,,109300.0,tiktok,switzerland,False,2024,,,,
57,𝓢𝔀𝓲𝓽𝔃𝓮𝓻𝓵𝓪𝓷𝓭🇨🇭 @sisiswiss,363900.0,,Switzerland,Nature,109200.0,tiktok,switzerland,False,2024,Lifestyle,MAPPED,,
58,Ivan Spataro @ivan_spataro,359300.0,0.2,Switzerland,,107800.0,tiktok,switzerland,False,2024,,,,
59,Udeyfa @udeyfa_officiel,350700.0,0.7,Switzerland,,105200.0,tiktok,switzerland,False,2024,,,,
60,</3 brocken @kikimikitikitoki,350400.0,,Switzerland,,105100.0,tiktok,switzerland,False,2024,,,,
61,Romain Jacques @romainjacques,332900.0,,Switzerland,Entertainment and Music,99900.0,tiktok,switzerland,False,2024,Music,MAPPED,,
62,Lina Senn @linasophiasenn,331600.0,,Switzerland,Beauty and Self Care,99500.0,tiktok,switzerland,False,2024,Beauty&Fashion,MAPPED,,
63,🇨 🇭 🇦 🇦 🇳 🇩 👑 @aslichaand,329700.0,,Switzerland,,98900.0,tiktok,switzerland,False,2024,,,,
64,Oppi @boy_herm,323200.0,,Switzerland,,97000.0,tiktok,switzerland,False,2024,,,,
65,Beniii <3 @thatbeniii,318300.0,,Switzerland,,95500.0,tiktok,switzerland,False,2024,,,,
66,Marco_Swiss_ @marco_schweizer_,317600.0,0.5,Switzerland,,95300.0,tiktok,switzerland,False,2024,,,,
67,Monsterking77 @monster.k.7,314600.0,,Switzerland,Entertainment and Music,94400.0,tiktok,switzerland,False,2024,Music,MAPPED,,
68,luzpalokaj @luzpalokaj,313400.0,,Switzerland,Photography,94000.0,tiktok,switzerland,False,2024,Lifestyle,MAPPED,,
69,Jarry🤷‍♀️ @larry.gacha.xd,311700.0,,Switzerland,,93500.0,tiktok,switzerland,False,2024,,,,
70,huda @huda_swisstravel,307700.0,,Switzerland,Travel,92300.0,tiktok,switzerland,False,2024,Lifestyle,MAPPED,,
71,NEOH @neohworld,300200.0,0.1,Switzerland,,90100.0,tiktok,switzerland,False,2024,,,,
72,Matteo_gnv😈 @matteo.gnve,298300.0,,Switzerland,,89500.0,tiktok,switzerland,False,2024,,,,
73,Yiedot @yiedot,292200.0,,Switzerland,Entertainment and Music,87700.0,tiktok,switzerland,False,2024,Music,MAPPED,,
74,TOP BOY 🥷🏾 @lteeddy,288900.0,,Switzerland,,86700.0,tiktok,switzerland,False,2024,,,,
75,ᥫ᭡ @blabla_carla,283900.0,,Switzerland,,85200.0,tiktok,switzerland,False,2024,,,,
76,emmitaaa:) @emma.ruegg,274700.0,,Switzerland,,82400.0,tiktok,switzerland,False,2024,,,,
77,a.f.i.f.s @a.f.i.f.s,267800.0,,Switzerland,,80300.0,tiktok,switzerland,False,2024,,,,
78,SuicideSquad @suicidesquad1,266000.0,,Switzerland,,79800.0,tiktok,switzerland,False,2024,,,,
79,Anthony @dreamyxeno,265500.0,0.2,Switzerland,,79700.0,tiktok,switzerland,False,2024,,,,
80,Marina Josy @marinajosy,265200.0,,Switzerland,Beauty and Self Care,79600.0,tiktok,switzerland,False,2024,Beauty&Fashion,MAPPED,,
81,Younes Saggara @younessaggara,265200.0,,Switzerland,Education Upskilling Entertainment and Music,79600.0,tiktok,switzerland,False,2024,Knowledge&Info,MAPPED,,
82,BSC YOUNG BOYS @bscyb_offiziell,263800.0,,Switzerland,,79100.0,tiktok,switzerland,False,2024,,,,
83,Fadia NA @fadia..na2,262000.0,,Switzerland,,78600.0,tiktok,switzerland,False,2024,,,,
84,wadih elcheikh king @wadihelcheikh.king,261100.00000000003,,Switzerland,,78300.0,tiktok,switzerland,False,2024,,,,
85,Mae Gomez @maegomeztorices,260900.0,0.1,Switzerland,,78300.0,tiktok,switzerland,False,2024,,,,
86,แขพาเที่ยว🇨🇭 @khaekhaitravel,260300.0,,Switzerland,Travel,78100.0,tiktok,switzerland,False,2024,Lifestyle,MAPPED,,
87,blue Sport @blue.sport,260200.0,,Switzerland,Sports,78100.0,tiktok,switzerland,False,2024,Sports,MAPPED,,
88,🌸𝕭𝖑𝖔𝖓𝖉𝖎𝖊🌸 @blondiegyal,254000.0,,Switzerland,,76200.0,tiktok,switzerland,False,2024,,,,
89,TikTok @wei5566888,249600.0,1.1,Switzerland,,74900.0,tiktok,switzerland,False,2024,,,,
90,Livio:) @stupidx_._fox_._,249600.0,,Switzerland,,74900.0,tiktok,switzerland,False,2024,,,,
91,Mr.R @beautif_switzerland,248900.0,0.1,Switzerland,,74700.0,tiktok,switzerland,False,2024,,,,
92,V I N C E N Z Ø @vincenzo_le_tiktokeur,246700.0,,Switzerland,,74000.0,tiktok,switzerland,False,2024,,,,
93,Leonard Khalifa @leonard.khalifa,245600.0,,Switzerland,Entertainment and Music,73700.0,tiktok,switzerland,False,2024,Music,MAPPED,,
94,👑💇🏻‍♀️Mamo💇🏻‍♀️👑 @coiffeur_mamo,244400.0,0.1,Switzerland,,73300.0,tiktok,switzerland,False,2024,,,,
95,Trung Kê @trungke.ontiktok,243800.0,0.1,Switzerland,Entertainment and Music,73100.0,tiktok,switzerland,False,2024,Music,MAPPED,,
96,✨ 🩸 ArpiMacs 🩸✨ @arpimacs,241300.0,,Switzerland,,72400.0,tiktok,switzerland,False,2024,,,,
97,Coii__x1 @coii__x1,240900.0,,Switzerland,Product Showcase Video Gaming,72300.0,tiktok,switzerland,False,2024,Beauty&Fashion,MAPPED,,
98,Nathii⚡️ @nathistyle,240100.0,,Switzerland,Food and Drink,72000.0,tiktok,switzerland,False,2024,Lifestyle,MAPPED,,
99,Gherardo Agnoloni @esgheroooooo,239600.0,,Switzerland,,71900.0,tiktok,switzerland,False,2024,,,,
100,Dr. Liv Kraemer @drliv,235600.0,,Switzerland,Beauty,70700.0,tiktok,switzerland,False,2024,Beauty&Fashion,MAPPED,,
1,Khabane lame @khaby.lame,161900000.0,0.2,Italy,Funny Entertainment and Music,48600000.0,tiktok,thailand,False,2024,Music,MAPPED,,
2,Bella Poarch @bellapoarch,92600000.0,0.8,United States,,27800000.0,tiktok,thailand,False,2024,,,,
3,Addison Rae @addisonre,88500000.0,1.0,United States,Beauty and Self Care,26600000.0,tiktok,thailand,False,2024,Beauty&Fashion,MAPPED,,
4,MrBeast @mrbeast,85400000.0,4.0,,Entertainment and Music,25600000.0,tiktok,thailand,False,2024,Music,MAPPED,,
5,Zach King @zachking,78100000.0,2.9,United States,Entertainment and Music,23400000.0,tiktok,thailand,False,2024,Music,MAPPED,,
6,Kimberly Loaiza @kimberly.loaiza,76100000.0,1.6,Mexico,,22800000.0,tiktok,thailand,False,2024,,,,
7,The Rock @therock,74200000.0,0.9,United States,Entertainment and Music Fitness and Health Business and Finance,22300000.0,tiktok,thailand,False,2024,Sports,MAPPED,,
8,Will Smith @willsmith,74100000.0,0.7,United States,,22200000.0,tiktok,thailand,False,2024,,,,
9,cznburak @cznburak,72000000.0,0.2,,,21600000.0,tiktok,thailand,False,2024,,,,
10,Jason Derulo @jasonderulo,58900000.0,0.4,United States,Entertainment and Music,17700000.0,tiktok,thailand,False,2024,Music,MAPPED,,
11,Kylie Jenner @kyliejenner,56000000.0,3.2,United States,Beauty and Self Care Fashion and Accessories,16800000.0,tiktok,thailand,False,2024,Beauty&Fashion,MAPPED,,
12,Karol G @karolg,51900000.0,3.8,Colombia,Entertainment and Music,15600000.0,tiktok,thailand,False,2024,Music,MAPPED,,
13,Michael Le @justmaiko,51400000.0,,Vietnam,,15400000.0,tiktok,thailand,False,2024,,,,
14,BTS @bts_official_bighit,51000000.0,1.0,,Entertainment and Music,15300000.0,tiktok,thailand,False,2024,Music,MAPPED,,
15,BILLIE EILISH @billieeilish,51000000.0,,,,15300000.0,tiktok,thailand,False,2024,,,,
16,JoJo Siwa @itsjojosiwa,45600000.0,0.3,United States,Entertainment and Music,13700000.0,tiktok,thailand,False,2024,Music,MAPPED,,
17,ESPN @espn,44000000.0,,,Entertainment and Music,13200000.0,tiktok,thailand,False,2024,Music,MAPPED,,
18,Junya/じゅんや @junya1gou,42800000.0,,,,12800000.0,tiktok,thailand,False,2024,,,,
19,ХОМЯК @homm9k,42100000.0,,,Fashion and Accessories,12600000.0,tiktok,thailand,False,2024,Beauty&Fashion,MAPPED,,
20,XO Team @xoteam,41400000.0,,,Entertainment and Music,12400000.0,tiktok,thailand,False,2024,Music,MAPPED,,
21,ROD🫠 @elrodcontreras,41100000.0,,,Entertainment and Music,12300000.0,tiktok,thailand,False,2024,Music,MAPPED,,
22,Joe @joealbanese,40800000.0,,,family Entertainment and Music,12200000.0,tiktok,thailand,False,2024,Music,MAPPED,,
23,Gordon Ramsay @gordonramsayofficial,40000000.0,1.1,United Kingdom,Food,12000000.0,tiktok,thailand,False,2024,Lifestyle,MAPPED,,
24,Carlos Feria @carlosferiag,39200000.0,,,,11800000.0,tiktok,thailand,False,2024,,,,
25,ondy mikula @ondymikula,38800000.0,,,,11600000.0,tiktok,thailand,False,2024,,,,
26,Scott 🔥 @scottsreality,38400000.0,0.2,,Entertainment and Music,11500000.0,tiktok,thailand,False,2024,Music,MAPPED,,
27,Shakira @shakira,38200000.0,2.0,,,11500000.0,tiktok,thailand,False,2024,,,,
28,Barstool Sports @barstoolsports,36900000.0,0.1,United States,Entertainment and Music Sports,11100000.0,tiktok,thailand,False,2024,Sports,MAPPED,,
29,James Charles @jamescharles,36200000.0,,United States,Beauty and Self Care Arts and Crafts,10900000.0,tiktok,thailand,False,2024,Beauty&Fashion,MAPPED,,
30,kyle thomas 🌿 @kylethomas,35400000.0,0.1,,,10600000.0,tiktok,thailand,False,2024,,,,
31,Q Park @qpark,35200000.0,,,,10600000.0,tiktok,thailand,False,2024,,,,
32,GIL CROES @gilmhercroes,35100000.0,,,Entertainment and Music,10500000.0,tiktok,thailand,False,2024,Music,MAPPED,,
33,Kevin Hart @imkevinhart,34800000.0,1.7,United States,Entertainment and Music,10400000.0,tiktok,thailand,False,2024,Music,MAPPED,,
34,Kirya Kolesnikov @thekiryalife,34700000.0,,,Entertainment and Music Funny,10400000.0,tiktok,thailand,False,2024,Music,MAPPED,,
35,arianagrande @arianagrande,34400000.0,,,Entertainment and Music,10300000.0,tiktok,thailand,False,2024,Music,MAPPED,,
36,Pongámoslo a Prueba @pongamoslo_a_prueba,34200000.0,,,,10300000.0,tiktok,thailand,False,2024,,,,
37,ThatLittlePuff @thatlittlepuff,33500000.0,0.6,,Pets,10100000.0,tiktok,thailand,False,2024,Lifestyle,MAPPED,,
38,Montpantoja @montpantoja,33300000.0,,,,10000000.0,tiktok,thailand,False,2024,,,,
39,Devon Rodriguez @devonrodriguezart,32100000.0,0.2,United States,Arts and Crafts Education Upskilling,9600000.0,tiktok,thailand,False,2024,Knowledge&Info,MAPPED,,
40,Bad Bunny @badbunny,31800000.0,18.4,Puerto Rico,,9500000.0,tiktok,thailand,False,2024,,,,
41,Brooke Monk @brookemonk_,31700000.0,2.1,United States,Entertainment and Music Funny,9500000.0,tiktok,thailand,False,2024,Music,MAPPED,,
42,Indi skovar @indiskovar3.0,31600000.0,0.4,,Entertainment and Music,9500000.0,tiktok,thailand,False,2024,Music,MAPPED,,
43,Lele Pons @lelepons,31500000.0,0.9,United States,,9500000.0,tiktok,thailand,False,2024,,,,
44,Stokes Twins @stokestwins,31200000.0,,United States,Entertainment and Music,9400000.0,tiktok,thailand,False,2024,Music,MAPPED,,
45,Kira Kosarin @kirakosarin,31100000.0,0.7,,Entertainment and Music,9300000.0,tiktok,thailand,False,2024,Music,MAPPED,,
46,La Rosalia @rosalia,30900000.0,,Spain,,9300000.0,tiktok,thailand,False,2024,,,,
47,Alejandro Nieto @soybans,30400000.0,,Colombia,,9100000.0,tiktok,thailand,False,2024,,,,
48,Michel Chavez @its.michhh,30200000.0,,Mexico,,9100000.0,tiktok,thailand,False,2024,,,,
49,Liza Koshy @lizzza,30200000.0,,United States,,9100000.0,tiktok,thailand,False,2024,,,,
50,beca @beca,29200000.0,1.0,Brazil,Travel,8800000.0,tiktok,thailand,False,2024,Lifestyle,MAPPED,,
51,Topper Guild @topperguild,29000000.0,,United States,Entertainment and Music Celebrity,8700000.0,tiktok,thailand,False,2024,Music,MAPPED,,
52,Ignacia Antonia👑 @ignaciaa_antonia,28200000.0,,Chile,Beauty and Self Care,8500000.0,tiktok,thailand,False,2024,Beauty&Fashion,MAPPED,,
53,Camilo @camilo,28000000.0,,,Entertainment and Music,8400000.0,tiktok,thailand,False,2024,Music,MAPPED,,
54,Daniel Ibarra @juandaniel.ibarra,27600000.0,,,Entertainment and Music,8300000.000000001,tiktok,thailand,False,2024,Music,MAPPED,,
55,시아지우 sia_jiwoo @sia_jiwoo,27500000.0,0.2,South Korea,,8300000.000000001,tiktok,thailand,False,2024,,,,
56,Lexi Rivera @lexibrookerivera,27100000.0,4.5,,,8100000.0,tiktok,thailand,False,2024,,,,
57,KEEMOKAZI @keemokazi,27000000.0,,,Entertainment and Music,8100000.0,tiktok,thailand,False,2024,Music,MAPPED,,
58,psg @psg,26700000.0,,,Sports,8000000.0,tiktok,thailand,False,2024,Sports,MAPPED,,
59,JeisonGiraldo @jeison_giraldo,26300000.0,,,family Romance and Wedding,7900000.0,tiktok,thailand,False,2024,Beauty&Fashion,MAPPED,,
60,JeanCarlo Leon @jashlem,26300000.0,,,,7900000.0,tiktok,thailand,False,2024,,,,
61,Jimena @jimena.jimenezr,26100000.0,1.2,,Funny,7800000.0,tiktok,thailand,False,2024,Entertainment,MAPPED,,
62,Doja Cat @dojacat,26000000.0,0.1,United States,Entertainment and Music,7800000.0,tiktok,thailand,False,2024,Music,MAPPED,,
63,Bader Al Safar @baderalsafar,26000000.0,,Kuwait,Fashion and Accessories,7800000.0,tiktok,thailand,False,2024,Beauty&Fashion,MAPPED,,
64,DAVID DOBRIK @daviddobrik,26000000.0,,United States,Entertainment and Music Funny,7800000.0,tiktok,thailand,False,2024,Music,MAPPED,,
65,LARRAY @larrayeeee,25900000.0,,,Entertainment and Music,7800000.0,tiktok,thailand,False,2024,Music,MAPPED,,
66,Era Ays @era_ays,25900000.0,,,,7800000.0,tiktok,thailand,False,2024,,,,
67,Karla Bustillos ❤️ @karla.bustillos,25700000.0,0.1,,,7700000.0,tiktok,thailand,False,2024,,,,
68,BORREGO @lagranjadelborrego,25700000.0,4.6,,,7700000.0,tiktok,thailand,False,2024,,,,
69,Arnaldo Mangini @arnaldomangini,25400000.0,,,Beauty and Self Care Funny,7600000.0,tiktok,thailand,False,2024,Beauty&Fashion,MAPPED,,
70,Jaykindafunny @jaykindafunny8,25400000.0,,,Funny,7600000.0,tiktok,thailand,False,2024,Entertainment,MAPPED,,
71,Malu Trevejo @malutrevejo,25200000.0,,,,7600000.0,tiktok,thailand,False,2024,,,,
72,AriGameplays @arigameplays,25100000.0,1.0,,Games,7500000.0,tiktok,thailand,False,2024,Tech&Gaming,MAPPED,,
73,Dina @dina,24900000.0,0.6,,,7500000.0,tiktok,thailand,False,2024,,,,
74,DonaldDucc 🦆 @donaldducc,24700000.0,,,Animals,7400000.0,tiktok,thailand,False,2024,Lifestyle,MAPPED,,
75,adrilatinatv @adrilatinatv,24500000.0,,,,7400000.0,tiktok,thailand,False,2024,,,,
76,Victor Melo @victormelo,24500000.0,,,,7400000.0,tiktok,thailand,False,2024,,,,
77,Chingu Amiga @chinguamiga,24100000.0,,,Food Beauty and Self Care,7200000.0,tiktok,thailand,False,2024,Beauty&Fashion,MAPPED,,
78,Terry Crews @terrycrews,24100000.0,0.4,United States,Entertainment and Music Celebrity,7200000.0,tiktok,thailand,False,2024,Music,MAPPED,,
79,The Mannii Show @the_mannii,24000000.0,0.8,,Entertainment and Music Funny,7200000.0,tiktok,thailand,False,2024,Music,MAPPED,,
80,Jacob Sartorius @jacobsartorius,23700000.0,,United States,Entertainment and Music,7100000.0,tiktok,thailand,False,2024,Music,MAPPED,,
81,Luara @luara,23600000.0,0.6,,,7100000.0,tiktok,thailand,False,2024,,,,
82,Nicolle Figueroa @nicollefigueroaa,23400000.0,5.1,,,7000000.0,tiktok,thailand,False,2024,,,,
83,Ryan Reynolds @vancityreynolds,22900000.0,8.5,Canada,,6900000.0,tiktok,thailand,False,2024,,,,
84,Lauren Godwin @laurengodwin,22600000.0,0.3,United States,Entertainment and Music family,6800000.0,tiktok,thailand,False,2024,Music,MAPPED,,
85,mingweirocks @mingweirocks,22500000.0,,,,6800000.0,tiktok,thailand,False,2024,,,,
86,Cardi B @iamcardib,22400000.0,8.0,,,6700000.0,tiktok,thailand,False,2024,,,,
87,Latiktokeuse869 @latiktokeuse869,22200000.0,,,Funny Entertainment and Music,6700000.0,tiktok,thailand,False,2024,Music,MAPPED,,
88,Mackenzie Ziegler @mackenzieziegler,22100000.0,,,,6600000.0,tiktok,thailand,False,2024,,,,
89,Lance Stewart @lance210,22100000.0,,United States,Entertainment and Music,6600000.0,tiktok,thailand,False,2024,Music,MAPPED,,
90,Anitta @anitta,22100000.0,0.8,,,6600000.0,tiktok,thailand,False,2024,,,,
91,Marrkadams @marrkadams,22100000.0,,,,6600000.0,tiktok,thailand,False,2024,,,,
92,ROMINA @rominagafur,22000000.0,0.2,United States,Entertainment and Music,6600000.0,tiktok,thailand,False,2024,Music,MAPPED,,
93,창하CHANGHA @chang._.a,22000000.0,,,,6600000.0,tiktok,thailand,False,2024,,,,
94,josi @jmartineze_,21900000.0,,,Funny,6600000.0,tiktok,thailand,False,2024,Entertainment,MAPPED,,
95,Caín Guzmán @cainguzman,21900000.0,,,Entertainment and Music,6600000.0,tiktok,thailand,False,2024,Music,MAPPED,,
96,Bryce Hall @brycehall,21500000.0,,United States,Entertainment and Music,6500000.0,tiktok,thailand,False,2024,Music,MAPPED,,
97,온오빠 On Oppa @korea.on,21500000.0,,,Entertainment and Music,6500000.0,tiktok,thailand,False,2024,Music,MAPPED,,
98,Seany @seandoesmagic,21300000.0,,,,6400000.0,tiktok,thailand,False,2024,,,,
99,Pk @pkllipe,21300000.0,2.6,,,6400000.0,tiktok,thailand,False,2024,,,,
100,The Hype House @thehypehouse,21100000.0,,,Entertainment and Music,6300000.0,tiktok,thailand,False,2024,Music,MAPPED,,
1,Semiraminta @semiraminta,12700000.0,0.4,Turkey,,3800000.0,tiktok,turkey,False,2024,,,,
2,Çağla Şimşek @caglassimsek,6000000.0,,Turkey,,1800000.0,tiktok,turkey,False,2024,,,,
3,Tugce Demir @tugcedmr61,5600000.0,,Turkey,Beauty and Self Care,1700000.0,tiktok,turkey,False,2024,Beauty&Fashion,MAPPED,,
4,Şırdancı Mehmet @sirdancimehmet,5600000.0,,Turkey,Home and Garden,1700000.0,tiktok,turkey,False,2024,Lifestyle,MAPPED,,
5,EDA KÖK @edakok59,5000000.0,2.9,Turkey,,1500000.0,tiktok,turkey,False,2024,,,,
6,Ece Mumay @ecemumay,3900000.0,,Turkey,Entertainment and Music,1200000.0,tiktok,turkey,False,2024,Music,MAPPED,,
7,Ahmet Can Dündar @heypoper,3700000.0,,Turkey,,1100000.0,tiktok,turkey,False,2024,,,,
8,AYDA KUTAY @aydakutay,3600000.0,,Turkey,Education Entertainment and Music,1100000.0,tiktok,turkey,False,2024,Knowledge&Info,MAPPED,,
9,Faruk Cheff @faruk_cheff,3600000.0,,Turkey,Food,1100000.0,tiktok,turkey,False,2024,Lifestyle,MAPPED,,
10,👑 bebetoyildirim 👑 @bebeto.yildirim,3400000.0,,Turkey,,1000000.0,tiktok,turkey,False,2024,,,,
11,Aslı Güler @asliguler,2600000.0,,Turkey,Entertainment and Music,780000.0,tiktok,turkey,False,2024,Music,MAPPED,,
12,İsmail YK @ismailyk,2500000.0,3.6,Turkey,,750000.0,tiktok,turkey,False,2024,,,,
13,Tuğba Güvenir @tugbarones,2500000.0,,Turkey,,750000.0,tiktok,turkey,False,2024,,,,
14,𝔢𝔪𝔯𝔞𝔫 𝔡𝔢𝔩i @emomen1_,2500000.0,0.3,Turkey,,750000.0,tiktok,turkey,False,2024,,,,
15,DERDO @derdo.00,2400000.0,,Turkey,,720000.0,tiktok,turkey,False,2024,,,,
16,TUBA GEÇKİL @redrosecake_tubageckil,2300000.0,,Turkey,Food Arts and Crafts,690000.0,tiktok,turkey,False,2024,Lifestyle,MAPPED,,
17,emelrsho @emelrsho20,2300000.0,,Turkey,,690000.0,tiktok,turkey,False,2024,,,,
18,Kubra.dagli @kubra.dagli,2200000.0,,Turkey,Sports,660000.0,tiktok,turkey,False,2024,Sports,MAPPED,,
19,👑 Anıl Diricanlı 👑 @anildiricanli,2100000.0,,Turkey,Entertainment and Music,630000.0,tiktok,turkey,False,2024,Music,MAPPED,,
20,Thịnh Sếu Daily @thinhseu.daily,2000000.0,,Turkey,Entertainment and Music,600000.0,tiktok,turkey,False,2024,Music,MAPPED,,
21,TARIK YILDIRIM ☑️ @tarik.yldrm21,1900000.0,0.1,Turkey,,570000.0,tiktok,turkey,False,2024,,,,
22,ПАПИНА ДОЧКА❤️ @angel_petrova,1800000.0,,Turkey,,540000.0,tiktok,turkey,False,2024,,,,
23,🦁 Can Yıldırım 🦁 @_canalf,1800000.0,,Turkey,,540000.0,tiktok,turkey,False,2024,,,,
24,Nazan tutal @nazobellm,1800000.0,,Turkey,,540000.0,tiktok,turkey,False,2024,,,,
25,Turk Tk @turk_tk,1800000.0,,Turkey,,540000.0,tiktok,turkey,False,2024,,,,
26,Yemekneredeyenircom @yemekneredeyenir,1800000.0,,Turkey,,540000.0,tiktok,turkey,False,2024,,,,
27,Ayhan Genç @ayhangenc_,1700000.0,,Turkey,,510000.0,tiktok,turkey,False,2024,,,,
28,Red Bull Türkiye @redbulltr,1500000.0,,Turkey,,450000.0,tiktok,turkey,False,2024,,,,
29,🐾kül_kedisi🐾 @berivan_kara_3478,1500000.0,,Turkey,,450000.0,tiktok,turkey,False,2024,,,,
30,Lina Ruess @lina_ruess,1500000.0,0.3,Turkey,Outdoor Activity Sports,450000.0,tiktok,turkey,False,2024,Sports,MAPPED,,
31,✂️ لؤي...الحلاق ✂️ @luay....berber,1500000.0,,Turkey,,450000.0,tiktok,turkey,False,2024,,,,
32,KARADENİZLİ MACERACI @karadenizli.maceraci,1400000.0,0.1,Turkey,Outdoor Activity,420000.0,tiktok,turkey,False,2024,Sports,MAPPED,,
33,Nikol YERTUTAN🇹🇷 @nikolyertutann,1400000.0,,Turkey,,420000.0,tiktok,turkey,False,2024,,,,
34,يوسف ANSARE @xansarex,1400000.0,,Turkey,,420000.0,tiktok,turkey,False,2024,,,,
35,ACAR AİLESİ👨‍👩‍👧‍👧 @aytachalideacar,1400000.0,,Turkey,,420000.0,tiktok,turkey,False,2024,,,,
36,YAZI YOLCUSU @yaziyolcusu,1400000.0,,Turkey,,420000.0,tiktok,turkey,False,2024,,,,
37,TikTok Türkiye @tiktok_turkey,1300000.0,,Turkey,Entertainment and Music,390000.0,tiktok,turkey,False,2024,Music,MAPPED,,
38,Halil & Hilal @halil10hilal,1300000.0,,Turkey,family,390000.0,tiktok,turkey,False,2024,Lifestyle,MAPPED,,
39,YUNUS EMRE @yunusjre,1300000.0,,Turkey,,390000.0,tiktok,turkey,False,2024,,,,
40,KENAN ESENBOĞA @kenan.esenboga,1300000.0,,Turkey,Life and Society,390000.0,tiktok,turkey,False,2024,Knowledge&Info,MAPPED,,
41,Elisa @elisadurulayy,1200000.0,,Turkey,,360000.0,tiktok,turkey,False,2024,,,,
42,Reşit Zeynelabidin @resit.zn,1200000.0,,Turkey,,360000.0,tiktok,turkey,False,2024,,,,
43,mackolik @mackolik,1200000.0,0.2,Turkey,Entertainment and Music Sports,360000.0,tiktok,turkey,False,2024,Sports,MAPPED,,
44,Kemal Çelik @kemalokko.03,1200000.0,0.1,Turkey,,360000.0,tiktok,turkey,False,2024,,,,
45,Ömer Çetin @relaxi,1200000.0,,Turkey,,360000.0,tiktok,turkey,False,2024,,,,
46,Fatma Sari Zar @fatmasariz,1200000.0,0.4,Turkey,Beauty and Self Care,360000.0,tiktok,turkey,False,2024,Beauty&Fashion,MAPPED,,
47,muratsungurtekin01 @muratsungurtekin0,1100000.0,0.1,Turkey,Entertainment and Music,330000.0,tiktok,turkey,False,2024,Music,MAPPED,,
48,Istanbuly @istanbuly,1100000.0,,Turkey,,330000.0,tiktok,turkey,False,2024,,,,
49,K I R Λ F I N @kirafin_,1100000.0,,Turkey,,330000.0,tiktok,turkey,False,2024,,,,
50,Serkan @serkanhk,1100000.0,,Turkey,Entertainment and Music,330000.0,tiktok,turkey,False,2024,Music,MAPPED,,
51,AZAT KIZILTEPE @azatkzltp,1100000.0,0.1,Turkey,,330000.0,tiktok,turkey,False,2024,,,,
52,Ayna Jumayeva @aynasofficial,1100000.0,,Turkey,Beauty and Self Care,330000.0,tiktok,turkey,False,2024,Beauty&Fashion,MAPPED,,
53,Eda Göçmen @edagocmennn1,1100000.0,,Turkey,Education Upskilling,330000.0,tiktok,turkey,False,2024,Knowledge&Info,MAPPED,,
54,YT: ARUUU @deputyaruuu,1100000.0,,Turkey,Auto and Vehicles,330000.0,tiktok,turkey,False,2024,Tech&Gaming,MAPPED,,
55,Bıyıklı Reis @biyiklireis_,1100000.0,,Turkey,,330000.0,tiktok,turkey,False,2024,,,,
56,sarem @saremuysal,1100000.0,,Turkey,,330000.0,tiktok,turkey,False,2024,,,,
57,İpekdorukoglu @ipekdorukoglu,1000000.0,,Turkey,,300000.0,tiktok,turkey,False,2024,,,,
58,Hasan Yalçuva @hasanyalcuva,999900.0,,Turkey,,300000.0,tiktok,turkey,False,2024,,,,
59,👑zühtü can dağlar👑 @esmeer.x,992200.0,,Turkey,,297700.0,tiktok,turkey,False,2024,,,,
60,نبأ شمسي @nabo98,986000.0,,Turkey,Beauty,295800.0,tiktok,turkey,False,2024,Beauty&Fashion,MAPPED,,
61,merveuyanik @merveuyanikonline,980500.0,,Turkey,,294200.0,tiktok,turkey,False,2024,,,,
62,🕊️𝐍𝐀𝐃İ𝐑 𝐇𝐀𝐒𝐀𝐍🕊️ @nadir_hasan,978600.0,,Turkey,,293600.0,tiktok,turkey,False,2024,,,,
63,Vuk&Aleksandra @vukaleksandra,976900.0,,Turkey,Fashion and Accessories,293100.0,tiktok,turkey,False,2024,Beauty&Fashion,MAPPED,,
64,muhnad kh @muhnad.kh,975500.0,,Turkey,,292700.0,tiktok,turkey,False,2024,,,,
65,Thatsmarwaa @thatsmarwaa,974300.0,,Turkey,,292300.0,tiktok,turkey,False,2024,,,,
66,ATESBEY @atesbeyresmi,973000.0,,Turkey,,291900.0,tiktok,turkey,False,2024,,,,
67,Ömer Karakeçi @omerkarakeci,972800.0,,Turkey,,291800.0,tiktok,turkey,False,2024,,,,
68,Ecenaz Üçer @ecenazucer,971300.0,,Turkey,,291400.0,tiktok,turkey,False,2024,,,,
69,🌸 @skinbyelik,970100.0,,Turkey,,291000.0,tiktok,turkey,False,2024,,,,
70,İrem Pekür @irempkrr,968400.0,,Turkey,,290500.0,tiktok,turkey,False,2024,,,,
71,ℍ𝕖𝕝𝕚𝕩𝕠 @toxic_helixo,968000.0,,Turkey,,290400.0,tiktok,turkey,False,2024,,,,
72,Taha ERDOĞAN @tahaerdogaan,965700.0,0.2,Turkey,,289700.0,tiktok,turkey,False,2024,,,,
73,leylaa_gunay @leylaa_gunay,965000.0,,Turkey,,289500.0,tiktok,turkey,False,2024,,,,
74,özge @piisicik,963100.0,,Turkey,,288900.0,tiktok,turkey,False,2024,,,,
75,Mahmoudkaya @kaysokayas,960100.0,,Turkey,,288000.0,tiktok,turkey,False,2024,,,,
76,🥀 @pupilla2,954800.0,,Turkey,,286400.0,tiktok,turkey,False,2024,,,,
77,🦄ELIF BAYRAK🦄 @eliifbayrak,953800.0,,Turkey,Acting and Drama,286100.0,tiktok,turkey,False,2024,Entertainment,MAPPED,,
78,Aziza @mynameisaziza,953800.0,,Turkey,,286100.0,tiktok,turkey,False,2024,,,,
79,Mini Atölyem @mini.atolyemm,949800.0,0.1,Turkey,,284900.0,tiktok,turkey,False,2024,,,,
80,ÇAPANOĞLU @turker_capanoglu,946700.0,,Turkey,,284000.0,tiktok,turkey,False,2024,,,,
81,ABDULKADIR_FETTAL @kikakiim_k2,942700.0,,Turkey,,282800.0,tiktok,turkey,False,2024,,,,
82,ASHLY🦋 @pubg.ashly,941900.0,0.1,Turkey,,282600.0,tiktok,turkey,False,2024,,,,
83,ALEYNA & EMİRHAN @alynemrhn,937400.0,0.3,Turkey,Entertainment and Music,281200.0,tiktok,turkey,False,2024,Music,MAPPED,,
84,Aydın Erol @erol_emlak_,934200.0,,Turkey,Home and Garden,280300.0,tiktok,turkey,False,2024,Lifestyle,MAPPED,,
85,Sefa Kındır @sefakindirtr,934200.0,0.1,Turkey,,280300.0,tiktok,turkey,False,2024,,,,
86,Petrocetin @petrocetin,931600.0,,Turkey,,279500.0,tiktok,turkey,False,2024,,,,
87,Onur Topuzlar @future_onur,930800.0,,Turkey,,279200.0,tiktok,turkey,False,2024,,,,
88,aslikaya @aslikaya,929600.0,,Turkey,,278900.0,tiktok,turkey,False,2024,,,,
89,DERYA KIYMAZ @deryakymz14,928900.0,,Turkey,Beauty,278700.0,tiktok,turkey,False,2024,Beauty&Fashion,MAPPED,,
90,Hüseyn İsmayılov 🇦🇿 @dt_ismayilov_,927000.0,,Turkey,,278100.0,tiktok,turkey,False,2024,,,,
91,ghofran riad @foofamarka,926600.0,0.1,Turkey,,278000.0,tiktok,turkey,False,2024,,,,
92,Sevilay algül @sevilayalgull,926500.0,,Turkey,,278000.0,tiktok,turkey,False,2024,,,,
93,عبدالله الأزهر👑✅ @abdullahalazhr,925900.0,,Turkey,,277800.0,tiktok,turkey,False,2024,,,,
94,Bora Cenk @boracenk01,923600.0,,Turkey,,277100.0,tiktok,turkey,False,2024,,,,
95,Berke Abraş @berkeabras,917600.0,,Turkey,Entertainment and Music,275300.0,tiktok,turkey,False,2024,Music,MAPPED,,
96,MinnieMouse_toota @shirin_bahman,914400.0,,Turkey,Fashion Beauty,274300.0,tiktok,turkey,False,2024,Beauty&Fashion,MAPPED,,
97,Baran Özbay @baranjre,913000.0,0.1,Turkey,,273900.0,tiktok,turkey,False,2024,,,,
98,SİLAA @silagnay,910200.0,,Turkey,Entertainment and Music,273100.0,tiktok,turkey,False,2024,Music,MAPPED,,
99,TalhaB @talhabatdal,909500.0,0.2,Turkey,,272900.0,tiktok,turkey,False,2024,,,,
100,Muhammed & Malika @muhammedmalika,903300.0,,Turkey,Entertainment and Music,271000.0,tiktok,turkey,False,2024,Music,MAPPED,,
1,❣️Sky & Tami❣️ @skyandtami,14800000.0,,Ukraine,,4400000.0,tiktok,ukraine,False,2024,,,,
2,nnotochka @nnotochka,6300000.0,,Ukraine,Beauty and Self Care,1900000.0,tiktok,ukraine,False,2024,Beauty&Fashion,MAPPED,,
3,Elis Stone @elis.stone,4600000.0,,Ukraine,Entertainment and Music,1400000.0,tiktok,ukraine,False,2024,Music,MAPPED,,
4,RepNickTV @repnicktv,4500000.0,,Ukraine,,1400000.0,tiktok,ukraine,False,2024,,,,
5,😇EGOR🧲 @malibash,4400000.0,,Ukraine,,1300000.0,tiktok,ukraine,False,2024,,,,
6,milomanheim @milomanheim,3900000.0,0.1,Ukraine,,1200000.0,tiktok,ukraine,False,2024,,,,
7,Миша Городецкий @mishayoung,3800000.0,0.3,Ukraine,,1100000.0,tiktok,ukraine,False,2024,,,,
8,Sasha @hava.off,3700000.0,,Ukraine,,1100000.0,tiktok,ukraine,False,2024,,,,
9,HUSMUT @husmut,3600000.0,,Ukraine,,1100000.0,tiktok,ukraine,False,2024,,,,
10,ДЮХА?!🧬 @dux.a_,3200000.0,,Ukraine,,960000.0,tiktok,ukraine,False,2024,,,,
11,Лера @le_peshka,2900000.0,,Ukraine,,870000.0,tiktok,ukraine,False,2024,,,,
12,ASMR💓 FUN 💓UKRAINE💓 @likapikka,2900000.0,,Ukraine,,870000.0,tiktok,ukraine,False,2024,,,,
13,Mv Ryhan @mvryhan,2900000.0,,Ukraine,,870000.0,tiktok,ukraine,False,2024,,,,
14,WINNI🇺🇦 @winnidesigns,2700000.0,,Ukraine,Romance and Wedding,810000.0,tiktok,ukraine,False,2024,Beauty&Fashion,MAPPED,,
15,Анна Тринчер @annatrincher,2400000.0,,Ukraine,Entertainment and Music,720000.0,tiktok,ukraine,False,2024,Music,MAPPED,,
16,BabyBunny @babybunny22,2300000.0,0.1,Ukraine,Pets,690000.0,tiktok,ukraine,False,2024,Lifestyle,MAPPED,,
17,Волошин Александр @voloshyn_97,2100000.0,,Ukraine,,630000.0,tiktok,ukraine,False,2024,,,,
18,Yan Luiko @llluiko,2000000.0,0.1,Ukraine,Games,600000.0,tiktok,ukraine,False,2024,Tech&Gaming,MAPPED,,
19,Ваня Дмитриенко @vanya_dmitrienkoo,1900000.0,,Ukraine,Entertainment and Music,570000.0,tiktok,ukraine,False,2024,Music,MAPPED,,
20,Demian Volkov 🇺🇦 @demianvolkov,1900000.0,,Ukraine,,570000.0,tiktok,ukraine,False,2024,,,,
21,ЛиЗкА ШуЛьГа🤪 @lizaa.meli,1600000.0,,Ukraine,,480000.0,tiktok,ukraine,False,2024,,,,
22,SLAVA UKRAINI @useyourfingerss,1500000.0,,Ukraine,,450000.0,tiktok,ukraine,False,2024,,,,
23,Игорь Моряк @rybakov_igor,1400000.0,,Ukraine,Finance,420000.0,tiktok,ukraine,False,2024,Knowledge&Info,MAPPED,,
24,Андрій Кулик @galin.andriy,1200000.0,,Ukraine,,360000.0,tiktok,ukraine,False,2024,,,,
25,Марина Дорн @marina.dorn,1100000.0,0.7,Ukraine,,330000.0,tiktok,ukraine,False,2024,,,,
26,Денис Turbik @turbik_,1100000.0,,Ukraine,,330000.0,tiktok,ukraine,False,2024,,,,
27,Снежана Винниченко @snegga_vinni,1100000.0,,Ukraine,,330000.0,tiktok,ukraine,False,2024,,,,
28,eva @evadubovitskayaa,1100000.0,,Ukraine,,330000.0,tiktok,ukraine,False,2024,,,,
29,YarikPaw @theyarikpaw,1100000.0,5.0,Ukraine,,330000.0,tiktok,ukraine,False,2024,,,,
30,a.samarcev @a.samarcev,1100000.0,0.1,Ukraine,,330000.0,tiktok,ukraine,False,2024,,,,
31,Кристина Рожкова 🇺🇦 @chrismee_ro,1100000.0,,Ukraine,,330000.0,tiktok,ukraine,False,2024,,,,
32,🦩IKSTINA🦩 @ikstina,1100000.0,,Ukraine,,330000.0,tiktok,ukraine,False,2024,,,,
33,olya_pobigailo @olya_pobigailo,1000000.0,,Ukraine,,300000.0,tiktok,ukraine,False,2024,,,,
34,Daria Mayorova @dashatm19_,1000000.0,,Ukraine,Fashion and Accessories,300000.0,tiktok,ukraine,False,2024,Beauty&Fashion,MAPPED,,
35,Даша @makogon.dasha,985800.0,,Ukraine,,295700.0,tiktok,ukraine,False,2024,,,,
36,Tary @taras_povoroznyk,985400.0,,Ukraine,Education,295600.0,tiktok,ukraine,False,2024,Knowledge&Info,MAPPED,,
37,NAZARKA_18➕ @nazivin00,977500.0,,Ukraine,,293300.0,tiktok,ukraine,False,2024,,,,
38,Просто Шурик @teran1t,968700.0,,Ukraine,,290600.0,tiktok,ukraine,False,2024,,,,
39,ОЛИНКА @alinoises,964100.0,,Ukraine,,289200.0,tiktok,ukraine,False,2024,,,,
40,Кристина @tinchik__,958600.0,,Ukraine,Art,287600.0,tiktok,ukraine,False,2024,Lifestyle,MAPPED,,
41,Presidentniki curve model @presidentniki,948700.0,,Ukraine,Fashion and Accessories,284600.0,tiktok,ukraine,False,2024,Beauty&Fashion,MAPPED,,
42,Anatoliy Dobrovolskiy @dobrovolskiy_hchef,946000.0,0.4,Ukraine,,283800.0,tiktok,ukraine,False,2024,,,,
43,J @nicolee.aep,940500.0,0.2,Ukraine,,282200.0,tiktok,ukraine,False,2024,,,,
44,Ivanna @yosoy_ivanna,939700.0,,Ukraine,,281900.0,tiktok,ukraine,False,2024,,,,
45,Abrekc @abreck_official,935700.0,,Ukraine,,280700.0,tiktok,ukraine,False,2024,,,,
46,МАРИК @marikbey,925200.0,,Ukraine,,277600.0,tiktok,ukraine,False,2024,,,,
47,Nikolas🎅🏻 @malchyn_27,898300.0,,Ukraine,,269500.0,tiktok,ukraine,False,2024,,,,
48,luna & glebbb @glebiluna,896500.0,,Ukraine,,269000.0,tiktok,ukraine,False,2024,,,,
49,Трафареты.Антон DFA.Stencils @anton_dfa_decor_for_all,895000.0,,Ukraine,Arts and Crafts,268500.0,tiktok,ukraine,False,2024,Lifestyle,MAPPED,,
50,Kakashi Hatake @shinobi_cosplay,887400.0,,Ukraine,,266200.0,tiktok,ukraine,False,2024,,,,
51,❤️ТОШЕЧКА❤️ @top4uuuk,881800.0,,Ukraine,,264500.0,tiktok,ukraine,False,2024,,,,
52,Candy Superstar @candy.superstar,879100.0,,Ukraine,,263700.0,tiktok,ukraine,False,2024,,,,
53,Нова Мрія🇺🇦 @karlos.tramble,876700.0,,Ukraine,Education Funny,263000.0,tiktok,ukraine,False,2024,Knowledge&Info,MAPPED,,
54,Tetiana Skalozub @tsminibears,868400.0,,Ukraine,,260500.0,tiktok,ukraine,False,2024,,,,
55,Anastasia-Maria 👼🏼 @anasteiji,867800.0,,Ukraine,,260300.0,tiktok,ukraine,False,2024,,,,
56,Netflixclips🔥 @ubiiinetflix,849800.0,,Ukraine,,254900.0,tiktok,ukraine,False,2024,,,,
57,Илюшка Ilushka @ilushkav2,845900.0,,Ukraine,,253800.0,tiktok,ukraine,False,2024,,,,
58,Zaitcev_Artem @zaitcev_artem,840300.0,,Ukraine,,252100.0,tiktok,ukraine,False,2024,,,,
59,kate musmova @kate.musmova,839700.0,,Ukraine,Beauty and Self Care,251900.0,tiktok,ukraine,False,2024,Beauty&Fashion,MAPPED,,
60,BUSYA😸 @igor_kvas1,834600.0,,Ukraine,Pets,250400.0,tiktok,ukraine,False,2024,Lifestyle,MAPPED,,
61,💗your wallpaper💘 @wallpaesthetic,829800.0,,Ukraine,,248900.0,tiktok,ukraine,False,2024,,,,
62,юля ёпт🗿🤍 @snowy_girll,829600.0,,Ukraine,,248900.0,tiktok,ukraine,False,2024,,,,
63,Адвокат Соловьёв @lawyersolo,826800.0,,Ukraine,,248000.0,tiktok,ukraine,False,2024,,,,
64,825.7k @lllove.smaile,826200.0,,Ukraine,,247900.0,tiktok,ukraine,False,2024,,,,
65,Пчела 🐝 @pchelaman,821600.0,,Ukraine,Entertainment and Music,246500.0,tiktok,ukraine,False,2024,Music,MAPPED,,
66,evanormous @evanormous,820800.0,,Ukraine,,246200.0,tiktok,ukraine,False,2024,,,,
67,💕ASMR💕 @asmr_kto,819500.0,,Ukraine,,245900.0,tiktok,ukraine,False,2024,,,,
68,KAREENA @kareenamusic,812200.0,,Ukraine,Entertainment and Music,243700.0,tiktok,ukraine,False,2024,Music,MAPPED,,
69,SASHA @barbara_streyzand,812000.0,,Ukraine,,243600.0,tiktok,ukraine,False,2024,,,,
70,SAFARI @safari_the_real_one,811300.0,,Ukraine,,243400.0,tiktok,ukraine,False,2024,,,,
71,BUTS @butsandrey,809200.0,,Ukraine,,242800.0,tiktok,ukraine,False,2024,,,,
72,👽ВоробушеК👾 @sditsa,804500.0,,Ukraine,,241400.0,tiktok,ukraine,False,2024,,,,
73,stella @aeqshvt,798200.0,0.2,Ukraine,,239500.0,tiktok,ukraine,False,2024,,,,
74,Sussy Baka @justhatsussybaka,789400.0,,Ukraine,,236800.0,tiktok,ukraine,False,2024,,,,
75,Dima Koah @dimakoah,789000.0,,Ukraine,,236700.0,tiktok,ukraine,False,2024,,,,
76,Vibing with 786k penguins @penguin.....vibes,786300.0,,Ukraine,,235900.0,tiktok,ukraine,False,2024,,,,
77,🅾🅻🅻🅸🅽🅸🅲🅷 @ollinich,785000.0,,Ukraine,,235500.0,tiktok,ukraine,False,2024,,,,
78,Elizabeth Anorue @llleasy,783100.0,,Ukraine,,234900.0,tiktok,ukraine,False,2024,,,,
79,FruFruASMR @frufruasmr,782200.0,,Ukraine,,234700.0,tiktok,ukraine,False,2024,,,,
80,💜🥰 Костичка 🥰💜 @kievskyyy,779800.0,,Ukraine,,233900.0,tiktok,ukraine,False,2024,,,,
81,Виктор @_lilvi__,776900.0,,Ukraine,Entertainment and Music,233100.0,tiktok,ukraine,False,2024,Music,MAPPED,,
82,Айли @aili7143,772900.0,,Ukraine,,231900.0,tiktok,ukraine,False,2024,,,,
83,Joey @joey.bailey,771800.0,0.1,Ukraine,Education,231500.0,tiktok,ukraine,False,2024,Knowledge&Info,MAPPED,,
84,Алло @allo.official,771200.0,,Ukraine,,231400.0,tiktok,ukraine,False,2024,,,,
85,🇺🇦 @sweetser,770400.0,,Ukraine,,231100.0,tiktok,ukraine,False,2024,,,,
86,МАША И ЕЁ МАМАША @zolotareva_tt,762200.0,,Ukraine,,228700.0,tiktok,ukraine,False,2024,,,,
87,RonnyRait @ronnyrait,758400.0,,Ukraine,,227500.0,tiktok,ukraine,False,2024,,,,
88,🍀 АНДРЮШЕЧКА 🍀 @ostapyuk_andriy,751600.0,,Ukraine,,225500.0,tiktok,ukraine,False,2024,,,,
89,Daniella✌️ @s.k.daniella,750800.0,,Ukraine,,225200.0,tiktok,ukraine,False,2024,,,,
90,Mik✅ @mik___kor,748200.0,,Ukraine,,224500.0,tiktok,ukraine,False,2024,,,,
91,mary.lvk_ @mary.lvk_,740700.0,,Ukraine,Entertainment and Music,222200.0,tiktok,ukraine,False,2024,Music,MAPPED,,
92,B🐝 @brooklynpaigeflamm,740600.0,,Ukraine,,222200.0,tiktok,ukraine,False,2024,,,,
93,Александр Дрёмов @dremow70,739100.0,,Ukraine,,221700.0,tiktok,ukraine,False,2024,,,,
94,Карманный Лев 🦁💣☝️ @serg0_kenny,730000.0,,Ukraine,,219000.0,tiktok,ukraine,False,2024,,,,
95,Юля Жежера @yulia_zhezhera,723200.0,,Ukraine,,217000.0,tiktok,ukraine,False,2024,,,,
96,SC @soniachrn,709900.0,,Ukraine,,213000.0,tiktok,ukraine,False,2024,,,,
97,Англійська 🇺🇸Катя Іммортал @immortal_kate,707400.0,,Ukraine,,212200.0,tiktok,ukraine,False,2024,,,,
98,GAVADZINHO @gavadzinho,704900.0,0.2,Ukraine,,211500.0,tiktok,ukraine,False,2024,,,,
99,Dr Radion @dr_radion,701500.0,0.5,Ukraine,,210500.0,tiktok,ukraine,False,2024,,,,
100,Ярик Кент @yarik_kent_yt,699700.0,0.1,Ukraine,,209900.0,tiktok,ukraine,False,2024,,,,
1,nourmar5 @nourmar5,14500000.0,0.2,United Arab Emirates,,4400000.0,tiktok,united-arab-emirates,False,2024,,,,
2,INSTASAMKA @samkamusic,13200000.0,,United Arab Emirates,Entertainment and Music,4000000.0,tiktok,united-arab-emirates,False,2024,Music,MAPPED,,
3,ميتو الشامسي @iimeeto,12600000.0,,United Arab Emirates,,3800000.0,tiktok,united-arab-emirates,False,2024,,,,
4,sunny kalra @sunny_kalra55,12300000.0,,United Arab Emirates,,3700000.0,tiktok,united-arab-emirates,False,2024,,,,
5,Faryal 🧚🏻♀️ @faryal_fairyyy,9800000.0,,United Arab Emirates,,2900000.0,tiktok,united-arab-emirates,False,2024,,,,
6,Milaadk @milaadkmagic,6100000.0,,United Arab Emirates,,1800000.0,tiktok,united-arab-emirates,False,2024,,,,
7,Amar&Rim @amar.rim,4500000.0,,United Arab Emirates,,1400000.0,tiktok,united-arab-emirates,False,2024,,,,
8,Elena elSabbagh @elenaelsabbagh,4500000.0,,United Arab Emirates,,1400000.0,tiktok,united-arab-emirates,False,2024,,,,
9,MBC1 @mbc1,3600000.0,,United Arab Emirates,Entertainment and Music,1100000.0,tiktok,united-arab-emirates,False,2024,Music,MAPPED,,
10,Elena Akbik @akbikelena,3600000.0,,United Arab Emirates,Fashion and Accessories Product Showcase,1100000.0,tiktok,united-arab-emirates,False,2024,Beauty&Fashion,MAPPED,,
11,كوتش بيان 💪🏼 @bayan.dxb,3400000.0,,United Arab Emirates,,1000000.0,tiktok,united-arab-emirates,False,2024,,,,
12,niginaa1__❤️ @niginn_,3100000.0,,United Arab Emirates,,930000.0,tiktok,united-arab-emirates,False,2024,,,,
13,MiMo مريم جورج @mimogeorge,3000000.0,,United Arab Emirates,,900000.0,tiktok,united-arab-emirates,False,2024,,,,
14,الأب الفرفوش @khaledelcapitano0,3000000.0,,United Arab Emirates,,900000.0,tiktok,united-arab-emirates,False,2024,,,,
15,OSHA SALAH @sherifeldahshoury,2700000.0,,United Arab Emirates,,810000.0,tiktok,united-arab-emirates,False,2024,,,,
16,محمد جواني @mohamad_gwani,2600000.0,,United Arab Emirates,,780000.0,tiktok,united-arab-emirates,False,2024,,,,
17,Rumi Munawar @rumiuae,2500000.0,,United Arab Emirates,Education,750000.0,tiktok,united-arab-emirates,False,2024,Knowledge&Info,MAPPED,,
18,Lana Rose @lana.rose786,2200000.0,,United Arab Emirates,Fashion and Accessories Entertainment and Music,660000.0,tiktok,united-arab-emirates,False,2024,Beauty&Fashion,MAPPED,,
19,Mustafa kamal @mustafa_kamal13,2100000.0,,United Arab Emirates,Photography,630000.0,tiktok,united-arab-emirates,False,2024,Lifestyle,MAPPED,,
20,Shemsou-bnb @shemsou_bnb,2000000.0,,United Arab Emirates,Travel Outdoor Activity,600000.0,tiktok,united-arab-emirates,False,2024,Sports,MAPPED,,
21,Hamza Aly @hamzaalyofficial,2000000.0,,United Arab Emirates,,600000.0,tiktok,united-arab-emirates,False,2024,,,,
22,Saima H Rajput @saima.uae,2000000.0,,United Arab Emirates,Funny,600000.0,tiktok,united-arab-emirates,False,2024,Entertainment,MAPPED,,
23,Hadia Ghaleb @hadiaghaleb,1800000.0,,United Arab Emirates,Fashion and Accessories Travel,540000.0,tiktok,united-arab-emirates,False,2024,Beauty&Fashion,MAPPED,,
24,Abdulla 🇦🇪 @hh_abdullah,1800000.0,,United Arab Emirates,,540000.0,tiktok,united-arab-emirates,False,2024,,,,
25,Mohamad_hayat @mohamad_hayat,1600000.0,,United Arab Emirates,,480000.0,tiktok,united-arab-emirates,False,2024,,,,
26,Alba Dubai✌️ @albadubai,1500000.0,,United Arab Emirates,Entertainment and Music Funny,450000.0,tiktok,united-arab-emirates,False,2024,Music,MAPPED,,
27,VIP Motors @vipmotorsuae,1500000.0,,United Arab Emirates,,450000.0,tiktok,united-arab-emirates,False,2024,,,,
28,Nidhi Kumar @nidhikumardance,1300000.0,,United Arab Emirates,Entertainment and Music,390000.0,tiktok,united-arab-emirates,False,2024,Music,MAPPED,,
29,remiesalloum @remiesalloum,1200000.0,,United Arab Emirates,Entertainment and Music,360000.0,tiktok,united-arab-emirates,False,2024,Music,MAPPED,,
30,MBC Drama @mbcdrama,1200000.0,,United Arab Emirates,Acting and Drama,360000.0,tiktok,united-arab-emirates,False,2024,Entertainment,MAPPED,,
31,خـــــــــــــ130ــــــــلدون @khaldoun130,1200000.0,,United Arab Emirates,,360000.0,tiktok,united-arab-emirates,False,2024,,,,
32,Andreas @mynameisandreas,1100000.0,,United Arab Emirates,Travel Entertainment and Music,330000.0,tiktok,united-arab-emirates,False,2024,Music,MAPPED,,
33,د.أشرف العسال | Ashraf Elassal @dr.ashrafelassal,1100000.0,,United Arab Emirates,,330000.0,tiktok,united-arab-emirates,False,2024,,,,
34,Zayn.shahh @zayn.shahh,1100000.0,,United Arab Emirates,Fashion and Accessories,330000.0,tiktok,united-arab-emirates,False,2024,Beauty&Fashion,MAPPED,,
35,Kareem_afghani @mr_kareem,1000000.0,,United Arab Emirates,Arts and Crafts,300000.0,tiktok,united-arab-emirates,False,2024,Lifestyle,MAPPED,,
36,توماس شيلبي @tooms7,1000000.0,,United Arab Emirates,,300000.0,tiktok,united-arab-emirates,False,2024,,,,
37,Czn Burak Dubai @cznburakdubai,983900.0,0.1,United Arab Emirates,,295200.0,tiktok,united-arab-emirates,False,2024,,,,
38,Beki’s world @beki_ksri,978900.0,,United Arab Emirates,,293700.0,tiktok,united-arab-emirates,False,2024,,,,
39,Dhanya S Rajesh💫 @helen_of_sparta,978200.0,,United Arab Emirates,,293500.0,tiktok,united-arab-emirates,False,2024,,,,
40,Shd.208 @shd.208,963500.0,,United Arab Emirates,,289100.0,tiktok,united-arab-emirates,False,2024,,,,
41,Bin.salayem alketbi @dubai.a,961600.0,,United Arab Emirates,,288500.0,tiktok,united-arab-emirates,False,2024,,,,
42,Saim Shah @cutiesaim,920300.0,,United Arab Emirates,,276100.0,tiktok,united-arab-emirates,False,2024,,,,
43,محمد حراجلي @mohammad.harajli,918700.0,0.2,United Arab Emirates,Health and Medical Services,275600.0,tiktok,united-arab-emirates,False,2024,Knowledge&Info,MAPPED,,
44,It's Oza @its_oza,917200.0,0.1,United Arab Emirates,,275200.0,tiktok,united-arab-emirates,False,2024,,,,
45,Maanu Malik @maanumalikofficial,897400.0,,United Arab Emirates,,269200.0,tiktok,united-arab-emirates,False,2024,,,,
46,THICK FIBER @thick.fiber,895900.0,,United Arab Emirates,Beauty and Self Care Product Education,268800.0,tiktok,united-arab-emirates,False,2024,Beauty&Fashion,MAPPED,,
47,Shaikh Annie @shaikh_annie,874100.0,,United Arab Emirates,,262200.0,tiktok,united-arab-emirates,False,2024,,,,
48,Naseem El Ramlawy @learnarabic_with_naseem,868200.0,,United Arab Emirates,Education,260500.0,tiktok,united-arab-emirates,False,2024,Knowledge&Info,MAPPED,,
49,Tokyo Phone @tokyo_phone,867300.0,,United Arab Emirates,,260200.0,tiktok,united-arab-emirates,False,2024,,,,
50,Khalid HussainAnfar @khalidanfar_,863600.0,,United Arab Emirates,Beauty and Self Care,259100.00000000003,tiktok,united-arab-emirates,False,2024,Beauty&Fashion,MAPPED,,
51,𝑵𝑼𝑺𝑨𝑺𝑨𝑵𝑼 @nusasanu,862700.0,0.2,United Arab Emirates,,258800.0,tiktok,united-arab-emirates,False,2024,,,,
52,🌚🇦🇪 @a_0_11,857600.0,0.3,United Arab Emirates,,257300.0,tiktok,united-arab-emirates,False,2024,,,,
53,Museum Of Illusions Dubai @museumofillusionsdubai,849400.0,,United Arab Emirates,,254800.0,tiktok,united-arab-emirates,False,2024,,,,
54,Guddu & Papa @guddu_and_papa,846900.0,0.1,United Arab Emirates,Entertainment and Music family,254100.0,tiktok,united-arab-emirates,False,2024,Music,MAPPED,,
55,وصفات لونا 💓 @luna.recipes,845800.0,,United Arab Emirates,,253700.0,tiktok,united-arab-emirates,False,2024,,,,
56,RaniaAli @raniaalitv,838300.0,,United Arab Emirates,Entertainment and Music Fashion and Accessories,251500.0,tiktok,united-arab-emirates,False,2024,Beauty&Fashion,MAPPED,,
57,Lusan Khan @lusankhan,833300.0,,United Arab Emirates,Fitness,250000.0,tiktok,united-arab-emirates,False,2024,Sports,MAPPED,,
58,اليوتيوبر بارمنه GAMING @56.h5,832400.0,,United Arab Emirates,,249700.0,tiktok,united-arab-emirates,False,2024,,,,
59,الزعيم 🇦🇪 @naif__63,830800.0,,United Arab Emirates,,249200.0,tiktok,united-arab-emirates,False,2024,,,,
60,BAZ @bazstation,829000.0,,United Arab Emirates,,248700.0,tiktok,united-arab-emirates,False,2024,,,,
61,Khaled @200zzz,828500.0,0.2,United Arab Emirates,,248600.0,tiktok,united-arab-emirates,False,2024,,,,
62,Mohamed Samir Dubaiمحمد سمير @mohamedsamirdubai,826900.0,,United Arab Emirates,Health and Medical Services,248100.0,tiktok,united-arab-emirates,False,2024,Knowledge&Info,MAPPED,,
63,AboFalah_أبو فله @aboflah______1,826500.0,,United Arab Emirates,,248000.0,tiktok,united-arab-emirates,False,2024,,,,
64,swathi1997🥀 @swathie_,826500.0,,United Arab Emirates,Travel,248000.0,tiktok,united-arab-emirates,False,2024,Lifestyle,MAPPED,,
65,anakrantau255 @anakrantau255,822900.0,,United Arab Emirates,,246900.0,tiktok,united-arab-emirates,False,2024,,,,
66,محبوبة اليمن سفيرة الرحمة💕 @mahbubatalyaman.uae,820700.0,,United Arab Emirates,,246200.0,tiktok,united-arab-emirates,False,2024,,,,
67,R and A @indhay_14,813900.0,,United Arab Emirates,,244200.0,tiktok,united-arab-emirates,False,2024,,,,
68,HaDen CH @haden_ch,811200.0,,United Arab Emirates,Entertainment and Music,243400.0,tiktok,united-arab-emirates,False,2024,Music,MAPPED,,
69,Saif Belhasa @sb_belhasa,810100.0,,United Arab Emirates,,243000.0,tiktok,united-arab-emirates,False,2024,,,,
70,𝙎𝘼𝙃𝙄𝙇𝙎𝙃𝘼𝙃 ♥️ @isahilshahh,808600.0,,United Arab Emirates,,242600.0,tiktok,united-arab-emirates,False,2024,,,,
71,Mohtawa - محتوى @mohtawaae,804900.0,,United Arab Emirates,,241500.0,tiktok,united-arab-emirates,False,2024,,,,
72,مِـنٌهِ آلَلَهِ حًـسًـيّنٌ @mennahussien90,794700.0,0.1,United Arab Emirates,,238400.0,tiktok,united-arab-emirates,False,2024,,,,
73,🇦🇪Dubai ki Loundiya👸🏻🔥 @dil_lakmali,793000.0,,United Arab Emirates,,237900.0,tiktok,united-arab-emirates,False,2024,,,,
74,Shiraz.dubai369 @shiraz.dubai369,788100.0,,United Arab Emirates,Beauty,236400.0,tiktok,united-arab-emirates,False,2024,Beauty&Fashion,MAPPED,,
75,shadi jamal @shadijamal,785400.0,,United Arab Emirates,Entertainment and Music,235600.0,tiktok,united-arab-emirates,False,2024,Music,MAPPED,,
76,Mrs_Alhussein @megi_alhussein,782900.0,,United Arab Emirates,,234900.0,tiktok,united-arab-emirates,False,2024,,,,
77,بن صويلح @b9w.e,780300.0,4.3,United Arab Emirates,,234100.0,tiktok,united-arab-emirates,False,2024,,,,
78,Achraf_haddoumi @achraf.haddoumi,768200.0,,United Arab Emirates,Entertainment and Music,230500.0,tiktok,united-arab-emirates,False,2024,Music,MAPPED,,
79,JamaL @imjjamal,766200.0,0.6,United Arab Emirates,,229900.0,tiktok,united-arab-emirates,False,2024,,,,
80,الاخ المثالي 🇦🇪 @thanosxcia,759200.0,,United Arab Emirates,,227800.0,tiktok,united-arab-emirates,False,2024,,,,
81,Salwa Mustafa Kamal @salwa_mustafakamal,753600.0,,United Arab Emirates,,226100.0,tiktok,united-arab-emirates,False,2024,,,,
82,MURAD 🤍 @mradmrad95,745000.0,,United Arab Emirates,,223500.0,tiktok,united-arab-emirates,False,2024,,,,
83,🧕🏼ثورية @omgsuraiya,744900.0,,United Arab Emirates,Entertainment and Music,223500.0,tiktok,united-arab-emirates,False,2024,Music,MAPPED,,
84,علاءالدين @alaajehad16,740400.0,,United Arab Emirates,Arts and Crafts,222100.0,tiktok,united-arab-emirates,False,2024,Lifestyle,MAPPED,,
85,Dubaitiktokgirlx5 @leezabindra5,734000.0,,United Arab Emirates,,220200.0,tiktok,united-arab-emirates,False,2024,,,,
86,𝙅𝙞𝙖𝙣𝙣𝙚 @j98772,732000.0,,United Arab Emirates,,219600.0,tiktok,united-arab-emirates,False,2024,,,,
87,Aljurdi Twins @aljurditwins,727400.0,,United Arab Emirates,,218200.0,tiktok,united-arab-emirates,False,2024,,,,
88,emarati_nation @emarati_nation,718500.0,,United Arab Emirates,,215600.0,tiktok,united-arab-emirates,False,2024,,,,
89,Yusuf @yusuftruth,706900.0,,United Arab Emirates,Life and Society,212100.0,tiktok,united-arab-emirates,False,2024,Knowledge&Info,MAPPED,,
90,🤴ABDELMOUMENE📍🇦🇪🍕💪 @pizzariomoumene,692100.0,,United Arab Emirates,,207600.0,tiktok,united-arab-emirates,False,2024,,,,
91,Shona❤ @daudshona1,687800.0,,United Arab Emirates,,206300.0,tiktok,united-arab-emirates,False,2024,,,,
92,حمزة حافظ @96k96,685000.0,,United Arab Emirates,,205500.0,tiktok,united-arab-emirates,False,2024,,,,
93,Henna & Tattoo in Dubai @hennatattoodubai,679900.0,,United Arab Emirates,Beauty and Self Care Arts and Crafts Fashion and Accessories,204000.0,tiktok,united-arab-emirates,False,2024,Beauty&Fashion,MAPPED,,
94,Катя | тачки | Дубай 🇦🇪 @komukota,679700.0,0.1,United Arab Emirates,,203900.0,tiktok,united-arab-emirates,False,2024,,,,
95,Isha Rana @isha_ranaa,677300.0,0.1,United Arab Emirates,,203200.0,tiktok,united-arab-emirates,False,2024,,,,
96,توينز هضبان @twinshadban,676000.0,,United Arab Emirates,,202800.0,tiktok,united-arab-emirates,False,2024,,,,
97,Tresorfie @tresorfie,675100.0,,United Arab Emirates,,202500.0,tiktok,united-arab-emirates,False,2024,,,,
98,Josh McCartney @memorycoach,666700.0,,United Arab Emirates,,200000.0,tiktok,united-arab-emirates,False,2024,,,,
99,abudhabitv @abudhabitv,666400.0,,United Arab Emirates,,199900.0,tiktok,united-arab-emirates,False,2024,,,,
100,VVIP @vvip,665200.0,,United Arab Emirates,Entertainment and Music,199600.0,tiktok,united-arab-emirates,False,2024,Music,MAPPED,,
1,Gordon Ramsay @gordonramsayofficial,40000000.0,1.1,United Kingdom,Food,12000000.0,tiktok,united-kingdom,False,2024,Lifestyle,MAPPED,,
2,mks @mks.vision,20600000.0,,United Kingdom,,6200000.0,tiktok,united-kingdom,False,2024,,,,
3,Spice King @spicyycam_,19100000.0,,United Kingdom,Food,5700000.0,tiktok,united-kingdom,False,2024,Lifestyle,MAPPED,,
4,Ed Sheeran @edsheeran,15200000.0,0.9,United Kingdom,Entertainment and Music,4600000.0,tiktok,united-kingdom,False,2024,Music,MAPPED,,
5,Queen Star 🧚🏼‍♀️ @queenstaralien,11600000.0,0.3,United Kingdom,Fashion and Accessories Entertainment and Music Music,3500000.0,tiktok,united-kingdom,False,2024,Beauty&Fashion,MAPPED,,
6,BashTheEntertainer @bashtheentertainer,10000000.0,,United Kingdom,,3000000.0,tiktok,united-kingdom,False,2024,,,,
7,Tom Felton @t22felton,9800000.0,0.3,United Kingdom,Acting and Drama,2900000.0,tiktok,united-kingdom,False,2024,Entertainment,MAPPED,,
8,F.ukuro / Tea @f.ukuro,9300000.0,1.1,United Kingdom,Entertainment and Music Games Video Gaming,2800000.0,tiktok,united-kingdom,False,2024,Tech&Gaming,MAPPED,,
9,Queen Daro @thequeendaro,8100000.0,,United Kingdom,Beauty and Self Care Business and Finance,2400000.0,tiktok,united-kingdom,False,2024,Beauty&Fashion,MAPPED,,
10,Roligore @theroligore,6100000.0,,United Kingdom,Entertainment and Music,1800000.0,tiktok,united-kingdom,False,2024,Music,MAPPED,,
11,Georgia Daniels @gdresin,5500000.0,,United Kingdom,Arts and Crafts Home and Garden,1700000.0,tiktok,united-kingdom,False,2024,Lifestyle,MAPPED,,
12,Liam Payne @liampayne,5300000.0,0.2,United Kingdom,,1600000.0,tiktok,united-kingdom,False,2024,,,,
13,Mia & Jerrie @mmeowmmia,4900000.0,1.1,United Kingdom,Pets,1500000.0,tiktok,united-kingdom,False,2024,Lifestyle,MAPPED,,
14,Lola clark @scoobiezoobie,4600000.0,0.7,United Kingdom,Entertainment and Music,1400000.0,tiktok,united-kingdom,False,2024,Music,MAPPED,,
15,eva violet @evaaviolett,4600000.0,,United Kingdom,Beauty and Self Care Entertainment and Music,1400000.0,tiktok,united-kingdom,False,2024,Beauty&Fashion,MAPPED,,
16,Liv Cooke @livcookefs,4600000.0,,United Kingdom,Sports,1400000.0,tiktok,united-kingdom,False,2024,Sports,MAPPED,,
17,AiSh @aishofficial22,4200000.0,,United Kingdom,Music,1300000.0,tiktok,united-kingdom,False,2024,Music,MAPPED,,
18,TikTok UK @tiktok_uk,4200000.0,,United Kingdom,,1300000.0,tiktok,united-kingdom,False,2024,,,,
19,Adam Blythe @thrdfloor,3800000.0,,United Kingdom,Fashion and Accessories,1100000.0,tiktok,united-kingdom,False,2024,Beauty&Fashion,MAPPED,,
20,chartel @charlotte__martel,3600000.0,,United Kingdom,Arts and Crafts,1100000.0,tiktok,united-kingdom,False,2024,Lifestyle,MAPPED,,
21,NickelodeonUK @nickelodeonuk,3400000.0,,United Kingdom,Entertainment and Music Animation and Cosplay,1000000.0,tiktok,united-kingdom,False,2024,Tech&Gaming,MAPPED,,
22,Adam :) @_adammcg,3000000.0,13.3,United Kingdom,Entertainment and Music,900000.0,tiktok,united-kingdom,False,2024,Music,MAPPED,,
23,Jaydecandance @jaydecandance,3000000.0,,United Kingdom,,900000.0,tiktok,united-kingdom,False,2024,,,,
24,Instant English @instantenglish,2900000.0,,United Kingdom,Education,870000.0,tiktok,united-kingdom,False,2024,Knowledge&Info,MAPPED,,
25,Ember Wolf 🐺 @ember.w0lf,2900000.0,,United Kingdom,Animation and Cosplay,870000.0,tiktok,united-kingdom,False,2024,Tech&Gaming,MAPPED,,
26,Britain’s Got Talent @bgt,2800000.0,0.2,United Kingdom,Entertainment and Music,840000.0,tiktok,united-kingdom,False,2024,Music,MAPPED,,
27,Anthony Hopkins @anthonyhopkins,2800000.0,0.4,United Kingdom,Arts and Crafts Entertainment and Music Acting and Drama Celebrity,840000.0,tiktok,united-kingdom,False,2024,Music,MAPPED,,
28,Esther @astar4real,2500000.0,0.2,United Kingdom,Education,750000.0,tiktok,united-kingdom,False,2024,Knowledge&Info,MAPPED,,
29,Craig Jones @craigjones221,2500000.0,,United Kingdom,Business and Finance,750000.0,tiktok,united-kingdom,False,2024,Knowledge&Info,MAPPED,,
30,Ryley Isaac @ryley,2400000.0,,United Kingdom,,720000.0,tiktok,united-kingdom,False,2024,,,,
31,Red Bull UK @redbulluk,2300000.0,,United Kingdom,Entertainment and Music,690000.0,tiktok,united-kingdom,False,2024,Music,MAPPED,,
32,Mehwish Official @mehwishshah06,2300000.0,,United Kingdom,,690000.0,tiktok,united-kingdom,False,2024,,,,
33,Marina @marinaswrld,2300000.0,,United Kingdom,Entertainment and Music Funny,690000.0,tiktok,united-kingdom,False,2024,Music,MAPPED,,
34,Juicy Boy 🌹 @juicyboytv,2200000.0,0.6,United Kingdom,Beauty and Self Care,660000.0,tiktok,united-kingdom,False,2024,Beauty&Fashion,MAPPED,,
35,Sky Brown @skybrown,2100000.0,,United Kingdom,Sports,630000.0,tiktok,united-kingdom,False,2024,Sports,MAPPED,,
36,j breezy @janelthebear,2000000.0,,United Kingdom,Entertainment and Music,600000.0,tiktok,united-kingdom,False,2024,Music,MAPPED,,
37,Connorckern @connorckern,2000000.0,,United Kingdom,family,600000.0,tiktok,united-kingdom,False,2024,Lifestyle,MAPPED,,
38,James Corden @jamescordenclips,2000000.0,,United Kingdom,Entertainment and Music Funny,600000.0,tiktok,united-kingdom,False,2024,Music,MAPPED,,
39,Magic Singh @magicsingh,2000000.0,,United Kingdom,Entertainment and Music,600000.0,tiktok,united-kingdom,False,2024,Music,MAPPED,,
40,mia challiner @miachalliner,2000000.0,2.7,United Kingdom,Entertainment and Music,600000.0,tiktok,united-kingdom,False,2024,Music,MAPPED,,
41,Nikkita XIII @scaredy_cat_cosplays,1900000.0,,United Kingdom,Animation and Cosplay,570000.0,tiktok,united-kingdom,False,2024,Tech&Gaming,MAPPED,,
42,Luna Di @lunadimusic,1900000.0,,United Kingdom,Entertainment and Music,570000.0,tiktok,united-kingdom,False,2024,Music,MAPPED,,
43,𝑊𝑎𝑠𝑖 @wasishah0077,1900000.0,,United Kingdom,,570000.0,tiktok,united-kingdom,False,2024,,,,
44,Abdurahman Afia @abdurahmanafia,1900000.0,0.2,United Kingdom,,570000.0,tiktok,united-kingdom,False,2024,,,,
45,Aiden London @aiden_london,1800000.0,,United Kingdom,Funny Celebrity,540000.0,tiktok,united-kingdom,False,2024,Entertainment,MAPPED,,
46,Carine & Frances @thegilberttwins,1800000.0,,United Kingdom,Entertainment and Music,540000.0,tiktok,united-kingdom,False,2024,Music,MAPPED,,
47,Lily-Rose 🌹 @itslilyrose,1800000.0,,United Kingdom,Fashion and Accessories,540000.0,tiktok,united-kingdom,False,2024,Beauty&Fashion,MAPPED,,
48,Idris Elba @idriselba,1800000.0,0.3,United Kingdom,,540000.0,tiktok,united-kingdom,False,2024,,,,
49,Renee @rxneexx,1700000.0,,United Kingdom,,510000.0,tiktok,united-kingdom,False,2024,,,,
50,Flo @glambyflo,1700000.0,,United Kingdom,,510000.0,tiktok,united-kingdom,False,2024,,,,
51,steveharveyfunnymoments @steveharveyfunnymoments,1700000.0,,United Kingdom,,510000.0,tiktok,united-kingdom,False,2024,,,,
52,Gorillaz @gorillaz,1700000.0,0.1,United Kingdom,,510000.0,tiktok,united-kingdom,False,2024,,,,
53,greatbritishmemes @greatbritishmemes,1700000.0,,United Kingdom,Entertainment and Music Funny Life and Society,510000.0,tiktok,united-kingdom,False,2024,Knowledge&Info,MAPPED,,
54,British blind girl 👁🦮👩‍🦯 @lucyedwards,1700000.0,,United Kingdom,Beauty and Self Care Entertainment and Music,510000.0,tiktok,united-kingdom,False,2024,Beauty&Fashion,MAPPED,,
55,Danzy @its_danzy,1600000.0,0.1,United Kingdom,Entertainment and Music,480000.0,tiktok,united-kingdom,False,2024,Music,MAPPED,,
56,Helen Christie @helen_christie,1600000.0,19.6,United Kingdom,Entertainment and Music,480000.0,tiktok,united-kingdom,False,2024,Music,MAPPED,,
57,Jordan Rabjohn @jordanrabjohn,1600000.0,,United Kingdom,Entertainment and Music Music,480000.0,tiktok,united-kingdom,False,2024,Music,MAPPED,,
58,⭐ Tommy TikTok ⭐ @tommytiktok88,1600000.0,,United Kingdom,Funny Entertainment and Music,480000.0,tiktok,united-kingdom,False,2024,Music,MAPPED,,
59,Charli XCX @charlixcx,1600000.0,,United Kingdom,Entertainment and Music,480000.0,tiktok,united-kingdom,False,2024,Music,MAPPED,,
60,JESSICA BALLINGER @theonlymissballinger,1500000.0,,United Kingdom,,450000.0,tiktok,united-kingdom,False,2024,,,,
61,William Harvey @williamharvey92,1500000.0,2.6,United Kingdom,Entertainment and Music,450000.0,tiktok,united-kingdom,False,2024,Music,MAPPED,,
62,SebastianCroft @sebastiancroft,1500000.0,0.8,United Kingdom,Entertainment and Music,450000.0,tiktok,united-kingdom,False,2024,Music,MAPPED,,
63,Adeib @adeibb,1500000.0,0.2,United Kingdom,Photography,450000.0,tiktok,united-kingdom,False,2024,Lifestyle,MAPPED,,
64,wolves @wolves,1500000.0,,United Kingdom,Sports,450000.0,tiktok,united-kingdom,False,2024,Sports,MAPPED,,
65,Twist and Pulse @twistandpulse,1400000.0,,United Kingdom,Entertainment and Music,420000.0,tiktok,united-kingdom,False,2024,Music,MAPPED,,
66,The 🇬🇧 Voodoo God (Simon) @fallenspiritofficial,1400000.0,,United Kingdom,,420000.0,tiktok,united-kingdom,False,2024,,,,
67,my name is tea ☕️ @hajimesah0ge,1400000.0,,United Kingdom,Animation and Cosplay,420000.0,tiktok,united-kingdom,False,2024,Tech&Gaming,MAPPED,,
68,Posh posh @poshposh82,1400000.0,,United Kingdom,,420000.0,tiktok,united-kingdom,False,2024,,,,
69,Chloe Adams @chloeadamsmusic,1400000.0,,United Kingdom,Entertainment and Music,420000.0,tiktok,united-kingdom,False,2024,Music,MAPPED,,
70,𝖡𝖤𝖳𝖧𝖠𝖭𝖨𝖤𝖳𝖠𝖸𝖫𝖮𝖱 @officialbeth,1400000.0,0.1,United Kingdom,Entertainment and Music Fashion and Accessories,420000.0,tiktok,united-kingdom,False,2024,Beauty&Fashion,MAPPED,,
71,✨Georgia Fawcett✨ @georgiafawcett,1400000.0,,United Kingdom,Acting and Drama Celebrity,420000.0,tiktok,united-kingdom,False,2024,Entertainment,MAPPED,,
72,Lady Leshurr @ladyleshurr,1400000.0,,United Kingdom,Entertainment and Music,420000.0,tiktok,united-kingdom,False,2024,Music,MAPPED,,
73,Alto Key | Indie Artist @altokeymusic,1400000.0,,United Kingdom,Music,420000.0,tiktok,united-kingdom,False,2024,Music,MAPPED,,
74,Hail Ozzy @hailozzy,1400000.0,,United Kingdom,Entertainment and Music,420000.0,tiktok,united-kingdom,False,2024,Music,MAPPED,,
75,TRH•Lord Xin. @jmrprdo69,1400000.0,,United Kingdom,Games Entertainment and Music,420000.0,tiktok,united-kingdom,False,2024,Tech&Gaming,MAPPED,,
76,simba 🦁 @almost.cesca,1400000.0,,United Kingdom,Fashion and Accessories Arts and Crafts,420000.0,tiktok,united-kingdom,False,2024,Beauty&Fashion,MAPPED,,
77,Daniel Simmons @imdanielsimmons,1300000.0,0.1,United Kingdom,Fashion and Accessories,390000.0,tiktok,united-kingdom,False,2024,Beauty&Fashion,MAPPED,,
78,Prince John @prince_jayyyy,1300000.0,,United Kingdom,Food,390000.0,tiktok,united-kingdom,False,2024,Lifestyle,MAPPED,,
79,avfcofficial @avfcofficial,1300000.0,0.2,United Kingdom,Sports,390000.0,tiktok,united-kingdom,False,2024,Sports,MAPPED,,
80,mythicaliity @mythicaliity,1300000.0,,United Kingdom,,390000.0,tiktok,united-kingdom,False,2024,,,,
81,twettyfall @twettyfall,1300000.0,,United Kingdom,Fashion and Accessories,390000.0,tiktok,united-kingdom,False,2024,Beauty&Fashion,MAPPED,,
82,CHAPLIN CHARLIE @blessrichard,1300000.0,,United Kingdom,,390000.0,tiktok,united-kingdom,False,2024,,,,
83,UK REALEST @realesthiphop,1300000.0,,United Kingdom,,390000.0,tiktok,united-kingdom,False,2024,,,,
84,Katie Price @katieprice,1200000.0,0.1,United Kingdom,Entertainment and Music,360000.0,tiktok,united-kingdom,False,2024,Music,MAPPED,,
85,GVE London @gvelondon,1200000.0,,United Kingdom,,360000.0,tiktok,united-kingdom,False,2024,,,,
86,New Rules @newrulesband,1200000.0,,United Kingdom,,360000.0,tiktok,united-kingdom,False,2024,,,,
87,Callum Grant @callum.grant7,1200000.0,,United Kingdom,Entertainment and Music,360000.0,tiktok,united-kingdom,False,2024,Music,MAPPED,,
88,On The Tools @onthetoolstv,1200000.0,,United Kingdom,DIY and Life Hacks Home and Garden,360000.0,tiktok,united-kingdom,False,2024,Lifestyle,MAPPED,,
89,lauralouise @lauralouise20,1200000.0,,United Kingdom,Fashion and Accessories,360000.0,tiktok,united-kingdom,False,2024,Beauty&Fashion,MAPPED,,
90,Victoria Rose @torierobot,1200000.0,,United Kingdom,Travel Arts and Crafts Entertainment and Music,360000.0,tiktok,united-kingdom,False,2024,Music,MAPPED,,
91,Dad V Girls @dadvgirls,1200000.0,0.1,United Kingdom,family Entertainment and Music,360000.0,tiktok,united-kingdom,False,2024,Music,MAPPED,,
92,Rosie Mcclelland 💗🦋 @rosie_rgm,1200000.0,,United Kingdom,Entertainment and Music,360000.0,tiktok,united-kingdom,False,2024,Music,MAPPED,,
93,Caring Whispers ASMR @caringwhispers_asmr,1200000.0,,United Kingdom,Entertainment and Music,360000.0,tiktok,united-kingdom,False,2024,Music,MAPPED,,
94,Paul Lee Hiley @paulleehiley,1200000.0,,United Kingdom,Beauty and Self Care,360000.0,tiktok,united-kingdom,False,2024,Beauty&Fashion,MAPPED,,
95,Joe Sugg @joe_sugg,1200000.0,,United Kingdom,Entertainment and Music,360000.0,tiktok,united-kingdom,False,2024,Music,MAPPED,,
96,Adam Kajumi 🇨🇿 @adamkajumi,1200000.0,0.8,United Kingdom,Entertainment and Music Funny,360000.0,tiktok,united-kingdom,False,2024,Music,MAPPED,,
97,iskra lawrence @iskra,1200000.0,,United Kingdom,Fitness and Health,360000.0,tiktok,united-kingdom,False,2024,Sports,MAPPED,,
98,Cat Burns @catburnss,1200000.0,,United Kingdom,Pets,360000.0,tiktok,united-kingdom,False,2024,Lifestyle,MAPPED,,
99,Ruben Chorlton-Owen “SAVAGE” @savage,1200000.0,,United Kingdom,,360000.0,tiktok,united-kingdom,False,2024,,,,
100,Yorkshire Peach @yorkshirepeach,1100000.0,,United Kingdom,Entertainment and Music,330000.0,tiktok,united-kingdom,False,2024,Music,MAPPED,,
1,Bella Poarch @bellapoarch,92600000.0,0.8,United States,,27800000.0,tiktok,united-states,False,2024,,,,
2,Addison Rae @addisonre,88500000.0,1.0,United States,Beauty and Self Care,26600000.0,tiktok,united-states,False,2024,Beauty&Fashion,MAPPED,,
3,Zach King @zachking,78100000.0,2.9,United States,Entertainment and Music,23400000.0,tiktok,united-states,False,2024,Music,MAPPED,,
4,The Rock @therock,74200000.0,0.9,United States,Entertainment and Music Fitness and Health Business and Finance,22300000.0,tiktok,united-states,False,2024,Sports,MAPPED,,
5,Will Smith @willsmith,74100000.0,0.7,United States,,22200000.0,tiktok,united-states,False,2024,,,,
6,Jason Derulo @jasonderulo,58900000.0,0.4,United States,Entertainment and Music,17700000.0,tiktok,united-states,False,2024,Music,MAPPED,,
7,Kylie Jenner @kyliejenner,56000000.0,3.2,United States,Beauty and Self Care Fashion and Accessories,16800000.0,tiktok,united-states,False,2024,Beauty&Fashion,MAPPED,,
8,JoJo Siwa @itsjojosiwa,45600000.0,0.3,United States,Entertainment and Music,13700000.0,tiktok,united-states,False,2024,Music,MAPPED,,
9,Barstool Sports @barstoolsports,36900000.0,0.1,United States,Entertainment and Music Sports,11100000.0,tiktok,united-states,False,2024,Sports,MAPPED,,
10,James Charles @jamescharles,36200000.0,,United States,Beauty and Self Care Arts and Crafts,10900000.0,tiktok,united-states,False,2024,Beauty&Fashion,MAPPED,,
11,Kevin Hart @imkevinhart,34800000.0,1.7,United States,Entertainment and Music,10400000.0,tiktok,united-states,False,2024,Music,MAPPED,,
12,Devon Rodriguez @devonrodriguezart,32100000.0,0.2,United States,Arts and Crafts Education Upskilling,9600000.0,tiktok,united-states,False,2024,Knowledge&Info,MAPPED,,
13,Brooke Monk @brookemonk_,31700000.0,2.1,United States,Entertainment and Music Funny,9500000.0,tiktok,united-states,False,2024,Music,MAPPED,,
14,Lele Pons @lelepons,31500000.0,0.9,United States,,9500000.0,tiktok,united-states,False,2024,,,,
15,Stokes Twins @stokestwins,31200000.0,,United States,Entertainment and Music,9400000.0,tiktok,united-states,False,2024,Music,MAPPED,,
16,Liza Koshy @lizzza,30200000.0,,United States,,9100000.0,tiktok,united-states,False,2024,,,,
17,Topper Guild @topperguild,29000000.0,,United States,Entertainment and Music Celebrity,8700000.0,tiktok,united-states,False,2024,Music,MAPPED,,
18,Doja Cat @dojacat,26000000.0,0.1,United States,Entertainment and Music,7800000.0,tiktok,united-states,False,2024,Music,MAPPED,,
19,DAVID DOBRIK @daviddobrik,26000000.0,,United States,Entertainment and Music Funny,7800000.0,tiktok,united-states,False,2024,Music,MAPPED,,
20,Terry Crews @terrycrews,24100000.0,0.4,United States,Entertainment and Music Celebrity,7200000.0,tiktok,united-states,False,2024,Music,MAPPED,,
21,Jacob Sartorius @jacobsartorius,23700000.0,,United States,Entertainment and Music,7100000.0,tiktok,united-states,False,2024,Music,MAPPED,,
22,Lauren Godwin @laurengodwin,22600000.0,0.3,United States,Entertainment and Music family,6800000.0,tiktok,united-states,False,2024,Music,MAPPED,,
23,Lance Stewart @lance210,22100000.0,,United States,Entertainment and Music,6600000.0,tiktok,united-states,False,2024,Music,MAPPED,,
24,ROMINA @rominagafur,22000000.0,0.2,United States,Entertainment and Music,6600000.0,tiktok,united-states,False,2024,Music,MAPPED,,
25,Bryce Hall @brycehall,21500000.0,,United States,Entertainment and Music,6500000.0,tiktok,united-states,False,2024,Music,MAPPED,,
26,Duke Depp @willywonkatiktok,20800000.0,,United States,,6200000.0,tiktok,united-states,False,2024,,,,
27,Nicki Minaj @nickiminaj,20300000.0,1.4,United States,Entertainment and Music,6100000.0,tiktok,united-states,False,2024,Music,MAPPED,,
28,Tayler Holder @itstaylerholder,20200000.0,,United States,Entertainment and Music,6100000.0,tiktok,united-states,False,2024,Music,MAPPED,,
29,Olivia Rodrigo @livbedumb,20000000.0,9.0,United States,Entertainment and Music,6000000.0,tiktok,united-states,False,2024,Music,MAPPED,,
30,Miley Cyrus @mileycyrus,18800000.0,1.2,United States,Entertainment and Music,5600000.0,tiktok,united-states,False,2024,Music,MAPPED,,
31,Joe Bartolozzi @joe.bartolozzi,18500000.0,,United States,Entertainment and Music,5600000.0,tiktok,united-states,False,2024,Music,MAPPED,,
32,Madison Beer @madisonbeer,18400000.0,4.7,United States,Entertainment and Music Beauty and Self Care,5500000.0,tiktok,united-states,False,2024,Beauty&Fashion,MAPPED,,
33,LeendaDong @yoleendadong,17600000.0,1.3,United States,Entertainment and Music Funny,5300000.0,tiktok,united-states,False,2024,Music,MAPPED,,
34,MADI MONROE @madi,17500000.0,,United States,Fashion and Accessories,5300000.0,tiktok,united-states,False,2024,Beauty&Fashion,MAPPED,,
35,Camila Cabello @camilacabello,17300000.0,3.1,United States,Entertainment and Music,5200000.0,tiktok,united-states,False,2024,Music,MAPPED,,
36,Austin @austinsprinz,16900000.0,,United States,Entertainment and Music,5100000.0,tiktok,united-states,False,2024,Music,MAPPED,,
37,Charlie Puth @charlieputh,16600000.000000002,,United States,,5000000.0,tiktok,united-states,False,2024,,,,
38,Post Malone @postmalone,16300000.0,1.5,United States,Entertainment and Music,4900000.0,tiktok,united-states,False,2024,Music,MAPPED,,
39,Savage 😈 @itsavage,16200000.0,,United States,Business and Finance,4900000.0,tiktok,united-states,False,2024,Knowledge&Info,MAPPED,,
40,"Sandra Lee, MD @drpimplepopper",15600000.0,,United States,Beauty and Self Care Education,4700000.0,tiktok,united-states,False,2024,Beauty&Fashion,MAPPED,,
41,IdeaTime⭐Everywhere😎 @ideatimes,15300000.0,,United States,Education,4600000.0,tiktok,united-states,False,2024,Knowledge&Info,MAPPED,,
42,The D’Amelio Family @dameliofamilyofficial,15100000.0,,United States,Entertainment and Music family,4500000.0,tiktok,united-states,False,2024,Music,MAPPED,,
43,Bad Barbie 🙎🏼‍♀️🍼✨🕊 @badbaarbie,14600000.0,,United States,Beauty and Self Care Entertainment and Music,4400000.0,tiktok,united-states,False,2024,Beauty&Fashion,MAPPED,,
44,Nikita Dragun @nikitadragun,14400000.0,4.3,United States,Beauty and Self Care,4300000.0,tiktok,united-states,False,2024,Beauty&Fashion,MAPPED,,
45,Gary Vaynerchuk @garyvee,13800000.0,,United States,Education,4100000.0,tiktok,united-states,False,2024,Knowledge&Info,MAPPED,,
46,Audrey Hopkins @auditydraws,13600000.0,,United States,Animation and Cosplay Arts and Crafts,4100000.0,tiktok,united-states,False,2024,Tech&Gaming,MAPPED,,
47,Tabs @tabithaswatosh,13500000.0,2.3,United States,,4100000.0,tiktok,united-states,False,2024,,,,
48,MisterMainer @mistermainer,13300000.0,,United States,Nature,4000000.0,tiktok,united-states,False,2024,Lifestyle,MAPPED,,
49,Jacob Colvin @jake.pnw,13000000.0,,United States,Fitness and Health,3900000.0,tiktok,united-states,False,2024,Sports,MAPPED,,
50,Cowbelly’s Memes @memes,13000000.0,,United States,Funny,3900000.0,tiktok,united-states,False,2024,Entertainment,MAPPED,,
51,Maverick Baker @maverickbaker,13000000.0,,United States,Entertainment and Music,3900000.0,tiktok,united-states,False,2024,Music,MAPPED,,
52,Nickelodeon @nickelodeon,12900000.0,,United States,,3900000.0,tiktok,united-states,False,2024,,,,
53,House of Highlights @houseofhighlights,12700000.0,,United States,Sports Entertainment and Music,3800000.0,tiktok,united-states,False,2024,Sports,MAPPED,,
54,Emily Mariko @emilymariko,12700000.0,2.9,United States,Fashion and Accessories Food Food and Drink,3800000.0,tiktok,united-states,False,2024,Beauty&Fashion,MAPPED,,
55,King Science @king.science,12700000.0,0.1,United States,Education,3800000.0,tiktok,united-states,False,2024,Knowledge&Info,MAPPED,,
56,Steve Harvey @steveharvey,12700000.0,1.0,United States,Entertainment and Music,3800000.0,tiktok,united-states,False,2024,Music,MAPPED,,
57,sebastianbails @sebastianbails,12600000.0,,United States,Entertainment and Music,3800000.0,tiktok,united-states,False,2024,Music,MAPPED,,
58,EHIZ @_ehiz,12600000.0,,United States,Acting and Drama Entertainment and Music Funny Celebrity,3800000.0,tiktok,united-states,False,2024,Music,MAPPED,,
59,NLE choppa @nlechoppamusic,12300000.0,,United States,,3700000.0,tiktok,united-states,False,2024,,,,
60,Dhar Mann @dhar.mann,12200000.0,,United States,Life and Society,3700000.0,tiktok,united-states,False,2024,Knowledge&Info,MAPPED,,
61,BABY J @jostasy,12000000.0,,United States,,3600000.0,tiktok,united-states,False,2024,,,,
62,Sofie Dossi @sofiedossi,12000000.0,0.7,United States,Fitness and Health Entertainment and Music,3600000.0,tiktok,united-states,False,2024,Sports,MAPPED,,
63,anna x @annaxsitar,12000000.0,1.3,United States,Fashion and Accessories,3600000.0,tiktok,united-states,False,2024,Beauty&Fashion,MAPPED,,
64,Pinup pixie @pinuppixie,11900000.0,1.0,United States,Fashion and Accessories,3600000.0,tiktok,united-states,False,2024,Beauty&Fashion,MAPPED,,
65,Megan Thee Stallion @theestallion,11800000.0,0.1,United States,Entertainment and Music,3500000.0,tiktok,united-states,False,2024,Music,MAPPED,,
66,Liane V @lianev,11700000.0,0.2,United States,Fashion and Accessories,3500000.0,tiktok,united-states,False,2024,Beauty&Fashion,MAPPED,,
67,The Plastique Tiara @plastique_tiara,11600000.0,0.3,United States,Beauty and Self Care Entertainment and Music,3500000.0,tiktok,united-states,False,2024,Beauty&Fashion,MAPPED,,
68,Anxiety couple @anxietycouple,11200000.0,,United States,family Entertainment and Music,3400000.0,tiktok,united-states,False,2024,Music,MAPPED,,
69,Ellie Zeiler @elliezeiler,10800000.0,,United States,Beauty and Self Care,3200000.0,tiktok,united-states,False,2024,Beauty&Fashion,MAPPED,,
70,Caleb Coffee @calebcoffee,10500000.0,,United States,,3200000.0,tiktok,united-states,False,2024,,,,
71,💗 DIANA ASTER 💗 @diana_aster,10400000.0,,United States,Beauty and Self Care,3100000.0,tiktok,united-states,False,2024,Beauty&Fashion,MAPPED,,
72,Justina Valentine @justinavalentine,10300000.0,,United States,Music,3100000.0,tiktok,united-states,False,2024,Music,MAPPED,,
73,Hope Schwing @hope_schwing,10000000.0,,United States,Acting and Drama,3000000.0,tiktok,united-states,False,2024,Entertainment,MAPPED,,
74,Bill Nye @billnye,9900000.0,4.5,United States,,3000000.0,tiktok,united-states,False,2024,,,,
75,CHIKYBOMBOMREAL @chikybombomreal,9900000.0,,United States,Entertainment and Music Funny,3000000.0,tiktok,united-states,False,2024,Music,MAPPED,,
76,Bruno Mars @brunomars,9700000.0,7.2,United States,Entertainment and Music Arts and Crafts,2900000.0,tiktok,united-states,False,2024,Music,MAPPED,,
77,🌻Ruthbell @ruthbellpan,9600000.0,0.1,United States,Games Entertainment and Music Video Gaming,2900000.0,tiktok,united-states,False,2024,Tech&Gaming,MAPPED,,
78,IOHA @instituteofhumananatomy,9500000.0,,United States,Education,2900000.0,tiktok,united-states,False,2024,Knowledge&Info,MAPPED,,
79,Mariah Carey @mariahcarey,9400000.0,9.8,United States,Entertainment and Music,2800000.0,tiktok,united-states,False,2024,Music,MAPPED,,
80,Montana Tucker @montanatucker,9200000.0,0.5,United States,Entertainment and Music Celebrity Music,2800000.0,tiktok,united-states,False,2024,Music,MAPPED,,
81,Kylie King @kylielagringa,9200000.0,0.1,United States,,2800000.0,tiktok,united-states,False,2024,,,,
82,Simba Jones @baby_simba47,9200000.0,,United States,Entertainment and Music,2800000.0,tiktok,united-states,False,2024,Music,MAPPED,,
83,kat.vs.damfworld on IG @katkatmanimtim123,9100000.0,,United States,Entertainment and Music,2700000.0,tiktok,united-states,False,2024,Music,MAPPED,,
84,Casey Simpson✨ @caseysimpson,9000000.0,,United States,Entertainment and Music,2700000.0,tiktok,united-states,False,2024,Music,MAPPED,,
85,ThomasSanders @thomassanders,8900000.0,,United States,Entertainment and Music,2700000.0,tiktok,united-states,False,2024,Music,MAPPED,,
86,Money Lawyer Erika @erikakullberg,8400000.0,0.1,United States,Finance,2500000.0,tiktok,united-states,False,2024,Knowledge&Info,MAPPED,,
87,Lyna Perez @lynaperezxo,8300000.000000001,3.1,United States,Beauty and Self Care,2500000.0,tiktok,united-states,False,2024,Beauty&Fashion,MAPPED,,
88,Xóchitl Gómez @_xochitl.gomez,8300000.000000001,,United States,,2500000.0,tiktok,united-states,False,2024,,,,
89,Now United @nowunited,8199999.999999999,,United States,Entertainment and Music,2500000.0,tiktok,united-states,False,2024,Music,MAPPED,,
90,Samuel Grubbs @samuelgrubbs,8100000.0,10.7,United States,Entertainment and Music,2400000.0,tiktok,united-states,False,2024,Music,MAPPED,,
91,noor @noordabashh,7900000.0,0.3,United States,Entertainment and Music,2400000.0,tiktok,united-states,False,2024,Music,MAPPED,,
92,Mark Anastasio @markanastasio,7700000.0,,United States,Entertainment and Music,2300000.0,tiktok,united-states,False,2024,Music,MAPPED,,
93,Josh Peck @joshpeck,7600000.0,,United States,,2300000.0,tiktok,united-states,False,2024,,,,
94,Michelle Kennelly @kennelly_michelle,7600000.0,,United States,Fashion and Accessories Entertainment and Music Romance and Wedding,2300000.0,tiktok,united-states,False,2024,Beauty&Fashion,MAPPED,,
95,Brandon Conner @brandonspam_,7500000.0,,United States,,2300000.0,tiktok,united-states,False,2024,,,,
96,Mason Adams (Glasco) @maseplace,7500000.0,,United States,Travel,2300000.0,tiktok,united-states,False,2024,Lifestyle,MAPPED,,
97,SWAGGY WOLFDOG ™️💰 @swagrman,7500000.0,,United States,,2300000.0,tiktok,united-states,False,2024,,,,
98,Tracy Joseph @tracy.oj,7400000.0,,United States,Entertainment and Music,2200000.0,tiktok,united-states,False,2024,Music,MAPPED,,
99,CAROLINA GUERRERO @carolatv_,7300000.0,,United States,Entertainment and Music Funny,2200000.0,tiktok,united-states,False,2024,Music,MAPPED,,
100,Asher Angel @asherangel,7200000.0,,United States,Acting and Drama,2200000.0,tiktok,united-states,False,2024,Entertainment,MAPPED,,
1,Leana Deeb @leanadeeb,12100000.0,1.5,Uruguay,,3600000.0,tiktok,uruguay,False,2024,,,,
2,El Pepe @elpepeskrt,4900000.0,,Uruguay,Entertainment and Music,1500000.0,tiktok,uruguay,False,2024,Music,MAPPED,,
3,_VECINITA_ @moralees_mel,1700000.0,,Uruguay,,510000.0,tiktok,uruguay,False,2024,,,,
4,TRIPPIA @_romi.ff,1700000.0,0.2,Uruguay,,510000.0,tiktok,uruguay,False,2024,,,,
5,Claudinioh ⚡️ @claudinio,1400000.0,,Uruguay,Entertainment and Music,420000.0,tiktok,uruguay,False,2024,Music,MAPPED,,
6,Alaska🇺🇾 @alaskkag,1400000.0,0.1,Uruguay,,420000.0,tiktok,uruguay,False,2024,,,,
7,Monteritooo🤪 @montero.okk._,1200000.0,,Uruguay,,360000.0,tiktok,uruguay,False,2024,,,,
8,Sheii Fernandez @sheikfernandez,1100000.0,,Uruguay,,330000.0,tiktok,uruguay,False,2024,,,,
9,rafatn30 @rafatn30,985300.0,0.3,Uruguay,Acting and Drama Celebrity,295600.0,tiktok,uruguay,False,2024,Entertainment,MAPPED,,
10,Joaquín @joacoouru,917000.0,,Uruguay,,275100.0,tiktok,uruguay,False,2024,,,,
11,sabrina_basualdoo @sabrina_basualdoo,909300.0,,Uruguay,,272800.0,tiktok,uruguay,False,2024,,,,
12,S E B A S 🥷 @sebasilencio,883100.0,,Uruguay,,264900.0,tiktok,uruguay,False,2024,,,,
13,Nathael Melo💕 @nathayfamilia,867500.0,,Uruguay,,260300.0,tiktok,uruguay,False,2024,,,,
14,JM22OFFICIAL Ⓜ️ @jm22official,867100.0,,Uruguay,Travel,260100.00000000003,tiktok,uruguay,False,2024,Lifestyle,MAPPED,,
15,Sergio_hagopian @sershyhagop,836500.0,,Uruguay,,251000.0,tiktok,uruguay,False,2024,,,,
16,DiegoMartins🇺🇾 @diego_martins25,803800.0,,Uruguay,,241100.0,tiktok,uruguay,False,2024,,,,
17,Seba González @sebastandup,779000.0,0.1,Uruguay,,233700.0,tiktok,uruguay,False,2024,,,,
18,Santi Ibarbourou @santi_ibarbourou,776600.0,,Uruguay,,233000.0,tiktok,uruguay,False,2024,,,,
19,•𝔸𝕟𝕥𝕠𝕟𝕖𝕝𝕝𝕒• @aanto.contreras,758400.0,,Uruguay,,227500.0,tiktok,uruguay,False,2024,,,,
20,Lil_farra23 @lil_farra,722600.0,,Uruguay,,216800.0,tiktok,uruguay,False,2024,,,,
21,KinoRules @kinorules,711600.0,0.3,Uruguay,,213500.0,tiktok,uruguay,False,2024,,,,
22,Diego Ugarte @_diego_tm,660800.0,,Uruguay,,198200.0,tiktok,uruguay,False,2024,,,,
23,𝐀𝐧𝐧𝐝𝐲 @annviera44,625400.0,0.2,Uruguay,Fashion and Accessories,187600.0,tiktok,uruguay,False,2024,Beauty&Fashion,MAPPED,,
24,Rusa @r4luz,595900.0,0.1,Uruguay,,178800.0,tiktok,uruguay,False,2024,,,,
25,Fabi Morales @fabi.moralees,594900.0,,Uruguay,,178500.0,tiktok,uruguay,False,2024,,,,
26,Fefo Alegre @felialegrev,593000.0,,Uruguay,,177900.0,tiktok,uruguay,False,2024,,,,
27,francomoreeira @francomoreeira,585800.0,,Uruguay,,175700.0,tiktok,uruguay,False,2024,,,,
28,Harryh @iharryh,576700.0,,Uruguay,,173000.0,tiktok,uruguay,False,2024,,,,
29,Mathias Crosa @mathiascrosa,565900.0,,Uruguay,,169800.0,tiktok,uruguay,False,2024,,,,
30,Tabaré Alonso @tabarealonso,537200.0,,Uruguay,Travel,161200.0,tiktok,uruguay,False,2024,Lifestyle,MAPPED,,
31,Luciana @luucolombo,534400.0,,Uruguay,,160300.0,tiktok,uruguay,False,2024,,,,
32,Javo Machado @javomachado,531800.0,,Uruguay,,159500.0,tiktok,uruguay,False,2024,,,,
33,Vicenzo Anza @vicenzoanza.vb,504800.0,0.9,Uruguay,,151400.0,tiktok,uruguay,False,2024,,,,
34,PABLITOㅤSBㅤぞ @pablo.a30,484100.0,0.1,Uruguay,,145200.0,tiktok,uruguay,False,2024,,,,
35,Matt👑 @matt_k9,482100.0,,Uruguay,,144600.0,tiktok,uruguay,False,2024,,,,
36,Valentino @vlazzz,475700.0,0.1,Uruguay,,142700.0,tiktok,uruguay,False,2024,,,,
37,Florencia Romero @florenciaromerosk,474600.0,,Uruguay,,142400.0,tiktok,uruguay,False,2024,,,,
38,Los intocables @uncanalsinfiltro,458500.0,0.5,Uruguay,Entertainment and Music,137600.0,tiktok,uruguay,False,2024,Music,MAPPED,,
39,✨FACU FUEN✨ @facufuen,443400.0,,Uruguay,,133000.0,tiktok,uruguay,False,2024,,,,
40,Tisi @tisiicarballoo,437800.0,,Uruguay,,131300.0,tiktok,uruguay,False,2024,,,,
41,Umi @uminaoh,433400.0,0.1,Uruguay,,130000.0,tiktok,uruguay,False,2024,,,,
42,Luchito Cairo @luchitocairo,430200.0,,Uruguay,,129100.0,tiktok,uruguay,False,2024,,,,
43,Ange✨ @angelabermudez20,423200.0,,Uruguay,,127000.0,tiktok,uruguay,False,2024,,,,
44,Selva Perez @selvaperez,407300.0,,Uruguay,Acting and Drama,122200.0,tiktok,uruguay,False,2024,Entertainment,MAPPED,,
45,fonserga2 @fonserga2,394900.0,0.1,Uruguay,,118500.0,tiktok,uruguay,False,2024,,,,
46,aguirrealvarez.f @aguirrealvarez.f,394100.0,1.5,Uruguay,,118200.0,tiktok,uruguay,False,2024,,,,
47,Agus Burgueño @agusburgueo,393700.0,0.5,Uruguay,,118100.0,tiktok,uruguay,False,2024,,,,
48,Emiliano Medina @emimedina.13,389500.0,,Uruguay,,116900.0,tiktok,uruguay,False,2024,,,,
49,Vanesa Britos @vanesabritos,389400.0,,Uruguay,,116800.0,tiktok,uruguay,False,2024,,,,
50,Rg4 poeta❤️ @rg4.poeta_ff,370000.0,0.1,Uruguay,,111000.0,tiktok,uruguay,False,2024,,,,
51,Monica Farro @moni.farro,368100.0,,Uruguay,,110400.0,tiktok,uruguay,False,2024,,,,
52,GTA @lamar.street,364800.0,,Uruguay,,109400.0,tiktok,uruguay,False,2024,,,,
53,💣💥MiriamPintosOfficial🙌 @miritokofficial,352100.0,,Uruguay,,105600.0,tiktok,uruguay,False,2024,,,,
54,Constanza Hartman @connie_hartman,333400.0,,Uruguay,,100000.0,tiktok,uruguay,False,2024,,,,
55,🖇 @strangerferv,327700.0,0.2,Uruguay,,98300.0,tiktok,uruguay,False,2024,,,,
56,Joha Lefebre @johalefebre,322800.0,,Uruguay,,96800.0,tiktok,uruguay,False,2024,,,,
57,SASHA BODY JEWELRY @sashajewelry_,310900.0,,Uruguay,,93300.0,tiktok,uruguay,False,2024,,,,
58,R a K 0 0 n @mapaking,309100.0,0.1,Uruguay,,92700.0,tiktok,uruguay,False,2024,,,,
59,Emilio Meneses Costa @emiliomenesescosta,296000.0,,Uruguay,Acting and Drama,88800.0,tiktok,uruguay,False,2024,Entertainment,MAPPED,,
60,Erisandra Viera @nurse_eri,288400.0,,Uruguay,,86500.0,tiktok,uruguay,False,2024,,,,
61,@karinBarreiro @karinbarreiro,288100.0,,Uruguay,,86400.0,tiktok,uruguay,False,2024,,,,
62,abogada.cristinamelo @abogada.cristinamelo,286800.0,0.2,Uruguay,Education,86000.0,tiktok,uruguay,False,2024,Knowledge&Info,MAPPED,,
63,Agus Díaz @diazzz_agus,284800.0,,Uruguay,,85400.0,tiktok,uruguay,False,2024,,,,
64,DAMI @daamiiiii,282500.0,0.1,Uruguay,,84800.0,tiktok,uruguay,False,2024,,,,
65,Carlos Cruz López @ycarloscruz,279700.0,,Uruguay,,83900.0,tiktok,uruguay,False,2024,,,,
66,daku @dakuboi2.0,277700.0,,Uruguay,,83300.0,tiktok,uruguay,False,2024,,,,
67,Kevin Castro @kevcastro77,276400.0,,Uruguay,,82900.0,tiktok,uruguay,False,2024,,,,
68,andresmartucho07 @andresmartucho07,275300.0,0.1,Uruguay,Travel,82600.0,tiktok,uruguay,False,2024,Lifestyle,MAPPED,,
69,RØJĘL @eze.rojel,275000.0,,Uruguay,,82500.0,tiktok,uruguay,False,2024,,,,
70,belugomez.18 @belugomez.18,271800.0,,Uruguay,,81500.0,tiktok,uruguay,False,2024,,,,
71,Kil @killuaaa1219,267400.0,11.7,Uruguay,,80200.0,tiktok,uruguay,False,2024,,,,
72,Leandro Sosa @leandrososa_uy_fit,266900.0,,Uruguay,Food Travel,80100.0,tiktok,uruguay,False,2024,Lifestyle,MAPPED,,
73,Valee Lopez @valee.lf,266600.0,,Uruguay,,80000.0,tiktok,uruguay,False,2024,,,,
74,seba biker23 @seba_biker23,259700.0,,Uruguay,,77900.0,tiktok,uruguay,False,2024,,,,
75,Toto Lima😜 @totoouy,257900.0,,Uruguay,,77400.0,tiktok,uruguay,False,2024,,,,
76,Santiago Vieira @vieira.santiago_,256400.0,0.2,Uruguay,,76900.0,tiktok,uruguay,False,2024,,,,
77,Delfina @delchirigliano,256400.0,,Uruguay,Entertainment and Music Funny,76900.0,tiktok,uruguay,False,2024,Music,MAPPED,,
78,✨Chiquita y veloz✨ @laliiii_ecenas_,256100.00000000003,3.3,Uruguay,,76800.0,tiktok,uruguay,False,2024,,,,
79,Renata_la_tiktoker_influencer @renata_tiktoker1..3,255400.0,0.3,Uruguay,,76600.0,tiktok,uruguay,False,2024,,,,
80,Maicol pacheco @_maicc,241300.0,,Uruguay,,72400.0,tiktok,uruguay,False,2024,,,,
81,Pirii @zoe_tuloka12,240100.0,0.9,Uruguay,,72000.0,tiktok,uruguay,False,2024,,,,
82,Camilo.balseiro @camilo.balseiro,239600.0,,Uruguay,,71900.0,tiktok,uruguay,False,2024,,,,
83,Milda @camilda_,236700.0,,Uruguay,Animation and Cosplay Entertainment and Music Funny Life and Society,71000.0,tiktok,uruguay,False,2024,Knowledge&Info,MAPPED,,
84,Federico_dobleaa🔥 @federico_dobleaaa,236000.0,,Uruguay,,70800.0,tiktok,uruguay,False,2024,,,,
85,UyBroo @uybroo,232000.0,,Uruguay,,69600.0,tiktok,uruguay,False,2024,,,,
86,Md_pepeee2 @pepeee22,231300.0,,Uruguay,,69400.0,tiktok,uruguay,False,2024,,,,
87,Mi Cocina Express @micocina.express,228500.0,,Uruguay,Food and Drink,68600.0,tiktok,uruguay,False,2024,Lifestyle,MAPPED,,
88,las estrellas escenas 🌟 @lasestrellas_escenas,220800.0,,Uruguay,,66200.0,tiktok,uruguay,False,2024,,,,
89,Franco Lombardo @francolombardo,219700.0,0.1,Uruguay,,65900.0,tiktok,uruguay,False,2024,,,,
90,Valentina Molinari @valentinamolinar0,218100.0,,Uruguay,family,65400.00000000001,tiktok,uruguay,False,2024,Lifestyle,MAPPED,,
91,El_Benja_ @el_benja..2,215600.0,21.4,Uruguay,,64700.0,tiktok,uruguay,False,2024,,,,
92,Gustavo Braida @izkgustavo,214500.0,0.1,Uruguay,,64400.00000000001,tiktok,uruguay,False,2024,,,,
93,Sol Caprario ❤️ @solcaprari0,213500.0,,Uruguay,,64099.99999999999,tiktok,uruguay,False,2024,,,,
94,Fede Anto Puñales 🏳️‍⚧️ @fedepunales_,212400.0,0.4,Uruguay,Entertainment and Music,63700.0,tiktok,uruguay,False,2024,Music,MAPPED,,
95,Bruno y Lalo @lalooybruno,210700.0,0.1,Uruguay,,63200.0,tiktok,uruguay,False,2024,,,,
96,Juan Carlos Valls. @juancarlosvalls,209400.0,,Uruguay,,62800.0,tiktok,uruguay,False,2024,,,,
97,Silvi@ 🏳️‍🌈 @silvia_camachoo,202000.0,,Uruguay,,60600.0,tiktok,uruguay,False,2024,,,,
98,Alex Rivero @alex_rivero_08,201200.0,,Uruguay,,60400.0,tiktok,uruguay,False,2024,,,,
99,SOYTINCA @soytinca,200300.0,0.1,Uruguay,,60100.0,tiktok,uruguay,False,2024,,,,
100,Titi🌸 @by.titi,199700.0,,Uruguay,,59900.0,tiktok,uruguay,False,2024,,,,
