rank,handle_instagram,name_instagram,category_1,category_2,followers,audience_country,engagement_auth,engagement_avg,category_unified,category_status,_platform,_month,_year
1,433,433,Sports with a ball,,48.5M,Spain,383.1K,637K,Sports,MAPPED,instagram,march,2022
2,__youngbae__,TAEYANG,Music,,12.7M,Indonesia,478K,542.3K,Music,MAPPED,instagram,march,2022
3,_agentgirl_,НАСТЯ ИВЛЕЕВА,Shows,,18.8M,Russia,310.8K,377.9K,Entertainment,MAPPED,instagram,march,2022
4,_imyour_joy,Joy,Lifestyle,,13.5M,Indonesia,1.1M,1.4M,Lifestyle,MAPPED,instagram,march,2022
5,_jeongjaehyun,Jaehyun,,,11.1M,Indonesia,2.5M,3.1M,,NA,instagram,march,2022
6,_mariahwasa,HWASA,,,7.9M,Brazil,915.1K,1.2M,,NA,instagram,march,2022
7,_rl9,Robert Lewandowski,Sports with a ball,,25M,Poland,588.6K,749K,Sports,MAPPED,instagram,march,2022
8,_seorina,설인아 sᴇᴏʀɪɴᴀ,Lifestyle,Cinema & Actors/actresses,3M,South Korea,803.9K,997.8K,Lifestyle,MAPPED,instagram,march,2022
9,_shotaroo_,SHOTARO ショウタロウ,,,4.9M,Indonesia,860.1K,1.1M,,NA,instagram,march,2022
10,03_hu,박지후,,,4.1M,South Korea,711K,872.6K,,NA,instagram,march,2022
11,21savage,,Music,,13.2M,United States,263.5K,462K,Music,MAPPED,instagram,march,2022
12,333cyj333,Ars 🎗,Music,,6.5M,Thailand,359.3K,427.7K,Music,MAPPED,instagram,march,2022
13,3gerardpique,Gerard Piqué,Sports with a ball,,19.8M,Spain,446.1K,658.8K,Sports,MAPPED,instagram,march,2022
14,50cent,50 Cent,Music,,27.9M,United States,177.5K,283.2K,Music,MAPPED,instagram,march,2022
15,9gag,9GAG: Go Fun The World,Humor & Fun & Happiness,,58.3M,Indonesia,214.7K,276.9K,Entertainment,MAPPED,instagram,march,2022
16,abdevilliers17,AB de Villiers,Sports with a ball,Lifestyle,17.2M,India,534K,615.9K,Sports,MAPPED,instagram,march,2022
17,aboflah,AboFlah,Humor & Fun & Happiness,,7.2M,Iraq,793.4K,949.4K,Entertainment,MAPPED,instagram,march,2022
18,achrafhakimi,Achraf Hakimi,Sports with a ball,,8.8M,Morocco,520K,764.5K,Sports,MAPPED,instagram,march,2022
19,actorleeminho,이민호 leeminho,Cinema & Actors/actresses,,28.9M,Indonesia,2.8M,3.7M,Entertainment,MAPPED,instagram,march,2022
20,actorprabhas,Prabhas,,,8.2M,India,482.2K,540.2K,,NA,instagram,march,2022
21,actorsuriya,Suriya Sivakumar,,,4.1M,India,491.3K,637.7K,,NA,instagram,march,2022
22,acunilicali,Acun Ilıcalı,Cinema & Actors/actresses,,13.6M,Turkey,233.8K,286.3K,Entertainment,MAPPED,instagram,march,2022
23,adamsandler,Adam Sandler,Cinema & Actors/actresses,,12.7M,United States,395.9K,503.9K,Entertainment,MAPPED,instagram,march,2022
24,addisonraee,,Beauty,,40.5M,United States,1.1M,1.6M,Beauty&Fashion,MAPPED,instagram,march,2022
25,adele,Adele,Music,,49.7M,United States,2.6M,3.6M,Music,MAPPED,instagram,march,2022
26,adidasoriginals,adidas Originals,Clothing & Outfits,Shopping & Retail,34.2M,United States,52.4K,71.8K,Beauty&Fashion,MAPPED,instagram,march,2022
27,adinross,,,,2.6M,United States,551.1K,1.1M,,NA,instagram,march,2022
28,aespa_official,aespa 에스파,,,8.3M,Indonesia,1.1M,1.6M,,NA,instagram,march,2022
29,agustd,SUGA of BTS 민윤기,,,31.5M,,10.9M,10.9M,,NA,instagram,march,2022
30,aishwaryaraibachchan_arb,AishwaryaRaiBachchan,Cinema & Actors/actresses,,10M,India,247.6K,316.5K,Entertainment,MAPPED,instagram,march,2022
31,aislinnderbez,𝔸 𝕀 𝕊 𝕃 𝕀 ℕ ℕ  𝕕 𝕖 𝕣 𝕓 𝕖 𝕫,Cinema & Actors/actresses,,12M,Mexico,235.7K,295.4K,Entertainment,MAPPED,instagram,march,2022
32,akshaykumar,Akshay Kumar,Cinema & Actors/actresses,,61.1M,India,815.3K,971K,Entertainment,MAPPED,instagram,march,2022
33,alejandrospeitzer,Alejandro Speitzer,Lifestyle,,5.1M,Mexico,313.3K,488.6K,Lifestyle,MAPPED,instagram,march,2022
34,aleoliveiracm,Alê Oliveira,Humor & Fun & Happiness,,8.3M,Brazil,235.8K,598.4K,Entertainment,MAPPED,instagram,march,2022
35,alexademie,,,,10.8M,United States,1.2M,2.1M,,NA,instagram,march,2022
36,alexandradaddario,alexandra daddario,Cinema & Actors/actresses,,22.4M,India,487.9K,596.6K,Entertainment,MAPPED,instagram,march,2022
37,alexis_officia1,Sanchez Alexis,Sports with a ball,,13.4M,Chile,185.2K,304.8K,Sports,MAPPED,instagram,march,2022
38,alexisren,Alexis Ren,Lifestyle,,15.8M,United States,102K,158.1K,Lifestyle,MAPPED,instagram,march,2022
39,alfinetei,Alfinetadas Dos Famosos 📌,Humor & Fun & Happiness,,21.1M,Brazil,99.5K,223.6K,Entertainment,MAPPED,instagram,march,2022
40,aliaabhatt,Alia Bhatt 🤍☀️,Cinema & Actors/actresses,,61.8M,India,1.2M,1.5M,Entertainment,MAPPED,instagram,march,2022
41,alidaei,Ali Daei,Sports with a ball,,8M,Iran,555.8K,937K,Sports,MAPPED,instagram,march,2022
42,aliiiiiiiikarimi8,Ali Karimi,Sports with a ball,,9.1M,Iran,328.7K,495.1K,Sports,MAPPED,instagram,march,2022
43,alishalehmann7,Alisha Lehmann,Sports with a ball,,6.8M,Brazil,373.8K,705.3K,Sports,MAPPED,instagram,march,2022
44,alluarjunonline,Allu Arjun,Cinema & Actors/actresses,,17.6M,India,1.6M,2M,Entertainment,MAPPED,instagram,march,2022
45,alok,Alok,Music,Art/Artists,27M,Brazil,249.6K,319.9K,Music,MAPPED,instagram,march,2022
46,alvaromorata,Álvaro Morata,Sports with a ball,Literature & Journalism,16.2M,Italy,113.1K,175.2K,Sports,MAPPED,instagram,march,2022
47,alvaromorte,Álvaro Morte,Cinema & Actors/actresses,,12.4M,India,244.5K,334.7K,Entertainment,MAPPED,instagram,march,2022
48,alvxaro,ALVARO,Lifestyle,,9.2M,Brazil,169.6K,424.7K,Lifestyle,MAPPED,instagram,march,2022
49,alwaysramcharan,Ram Charan,Lifestyle,Cinema & Actors/actresses,5.6M,India,596.8K,668.3K,Lifestyle,MAPPED,instagram,march,2022
50,amadorat,N I C O L E   A M A D O 🐉,Fashion,Lifestyle,8.1M,Mexico,505K,564.4K,Beauty&Fashion,MAPPED,instagram,march,2022
51,amandacerny,Amanda 𝕮𝖊𝖗𝖓𝖞,Humor & Fun & Happiness,,24.1M,India,112.9K,180.6K,Entertainment,MAPPED,instagram,march,2022
52,amandamanopo,,Modeling,Beauty,15.2M,Indonesia,189.6K,250.5K,Beauty&Fashion,MAPPED,instagram,march,2022
53,amarantavp,A M A 🤍,,,4.9M,Mexico,483.8K,605.6K,,NA,instagram,march,2022
54,amauryguichon,Amaury Guichon,Food & Cooking,,6.7M,United States,357.3K,435.7K,Lifestyle,MAPPED,instagram,march,2022
55,amitabhbachchan,Amitabh Bachchan,Cinema & Actors/actresses,,30M,India,88.5K,103.6K,Entertainment,MAPPED,instagram,march,2022
56,amybethmcnulty,AB Mcn,Lifestyle,Cinema & Actors/actresses,6.3M,Brazil,561.4K,771.3K,Lifestyle,MAPPED,instagram,march,2022
57,ana_d_armas,A N A   D E   A R M A S,Cinema & Actors/actresses,Lifestyle,6.1M,United States,543.4K,735.3K,Entertainment,MAPPED,instagram,march,2022
58,ananyapanday,Ananya 💛💫,Cinema & Actors/actresses,,21.9M,India,318.2K,371.8K,Entertainment,MAPPED,instagram,march,2022
59,anasmarwah,Anas Marwah,Family,Shows,5.5M,Iraq,431.8K,557.5K,Lifestyle,MAPPED,instagram,march,2022
60,andreavaldirisos,ANDREA VALDIRI 🇨🇴,Lifestyle,Beauty,7.7M,Colombia,411.3K,584.3K,Lifestyle,MAPPED,instagram,march,2022
61,andresiniesta8,Andres Iniesta,Sports with a ball,,39M,Spain,91.5K,132.3K,Sports,MAPPED,instagram,march,2022
62,angela_aguilar_,Ángela Aguilar 🇲🇽,Lifestyle,,8.2M,Mexico,285.5K,346K,Lifestyle,MAPPED,instagram,march,2022
63,angeldimariajm,Ángel Di María,Sports with a ball,,16.3M,Argentina,294.6K,434.1K,Sports,MAPPED,instagram,march,2022
64,angelinajolie,Angelina Jolie,,,12.6M,Brazil,274.6K,456.2K,,NA,instagram,march,2022
65,angelinajolie,Angelina Jolie,Lifestyle,,12.6M,Brazil,274.6K,456.1K,Lifestyle,MAPPED,instagram,march,2022
66,angeliqueboyer,Angelique Boyer,Shows,Cinema & Actors/actresses,13.9M,Brazil,247.4K,310.6K,Entertainment,MAPPED,instagram,march,2022
67,angelrai07,Angel Rai :),Humor & Fun & Happiness,,14.9M,India,462.2K,557.4K,Entertainment,MAPPED,instagram,march,2022
68,anguscloud,Angus Cloud,,,8.3M,United States,1.3M,2.1M,,NA,instagram,march,2022
69,anitta,Anitta 🎤,Music,,61.1M,Brazil,542.8K,1M,Music,MAPPED,instagram,march,2022
70,anjimaxuofficially,Anjali Arora,Lifestyle,,11.1M,India,173.3K,221.2K,Lifestyle,MAPPED,instagram,march,2022
71,annakendrick47,Anna Kendrick,Cinema & Actors/actresses,,20.3M,United States,210K,274.2K,Entertainment,MAPPED,instagram,march,2022
72,annecurtissmith,Anne Curtis,Music,Cinema & Actors/actresses,17.8M,Philippines,134.7K,152.3K,Music,MAPPED,instagram,march,2022
73,annehathaway,Anne Hathaway,Cinema & Actors/actresses,,22.6M,United States,704.3K,928.4K,Entertainment,MAPPED,instagram,march,2022
74,annemarie,ANNE-MARIE,Shows,Music,9.2M,India,242.5K,339.6K,Entertainment,MAPPED,instagram,march,2022
75,ansufati,Ansu Fati,Sports with a ball,,8M,Spain,475.2K,721K,Sports,MAPPED,instagram,march,2022
76,anthonyjoshua,Throwback Fighter 🧠,Fitness & Gym,,13.6M,United Kingdom,142K,192.8K,Sports,MAPPED,instagram,march,2022
77,antogriezmann,Antoine Griezmann,Sports with a ball,,35.5M,Spain,205.3K,329.6K,Sports,MAPPED,instagram,march,2022
78,antonelaroccuzzo,Antonela Roccuzzo,Modeling,Family,19M,Argentina,970.7K,1.6M,Beauty&Fashion,MAPPED,instagram,march,2022
79,anuel,“REAL HASTA LA MUERTE”,Music,,27.9M,Spain,586K,892.1K,Music,MAPPED,instagram,march,2022
80,anupamaparameswaran96,Anupama Parameswaran,Cinema & Actors/actresses,,11.4M,India,510.4K,583.3K,Entertainment,MAPPED,instagram,march,2022
81,anushkasen0408,Anushka Sen,Cinema & Actors/actresses,,34.5M,India,379.1K,443.8K,Entertainment,MAPPED,instagram,march,2022
82,anushkasharma,AnushkaSharma1588,Cinema & Actors/actresses,,57.5M,India,1.1M,1.3M,Entertainment,MAPPED,instagram,march,2022
83,anyageraldine,anya geraldine,Music,,10.7M,Indonesia,182.3K,305.2K,Music,MAPPED,instagram,march,2022
84,anyataylorjoy,Anya Taylor-Joy,,,8.8M,United States,679.6K,979.9K,,NA,instagram,march,2022
85,aoc,Alexandria Ocasio-Cortez,,,8.5M,United States,290.1K,363K,,NA,instagram,march,2022
86,apple,apple,Computers & Gadgets,Photography,27.4M,India,83.4K,111.2K,Tech&Gaming,MAPPED,instagram,march,2022
87,araikgalstyanmoscowschool,ＡＲＡＩＫ  ＧＡＬＳＴＹＡＮ®️,Beauty,,13M,Turkey,323K,416.7K,Beauty&Fashion,MAPPED,instagram,march,2022
88,arianagrande,Ariana Grande,Music,,302.3M,United States,2.9M,4.1M,Music,MAPPED,instagram,march,2022
89,arigameplays,ARIGAMEPLAYS,,,9.7M,Mexico,900.6K,1.1M,,NA,instagram,march,2022
90,arishfakhan138,Sayyed Arishfa Khan 💎,Cinema & Actors/actresses,,28M,India,183.1K,221.4K,Entertainment,MAPPED,instagram,march,2022
91,arminzareeiofficial,Armin Zareei,,,9.5M,Iran,178.5K,286.1K,,NA,instagram,march,2022
92,aron.piper,ARON🌜🌞,Music,Lifestyle,13.9M,Brazil,273.1K,515.6K,Music,MAPPED,instagram,march,2022
93,arsenal,Arsenal Official,Sports with a ball,,21.5M,United Kingdom,79.9K,120K,Sports,MAPPED,instagram,march,2022
94,arthuraguiar,Arthur Aguiar,Music,Cinema & Actors/actresses,12.7M,Brazil,104.1K,236.8K,Music,MAPPED,instagram,march,2022
95,asalamaleh,Asala Maleh,Shows,,6.6M,Iraq,415.9K,514.5K,Entertainment,MAPPED,instagram,march,2022
96,asaprocky,GRIM,Music,,14.6M,United States,383.6K,641.7K,Music,MAPPED,instagram,march,2022
97,ashishchanchlani,Ashish Chanchlani,Cinema & Actors/actresses,,13.3M,India,832.6K,1M,Entertainment,MAPPED,instagram,march,2022
98,ashleybenson,Ashley Benson,Modeling,,22.4M,Brazil,101K,144.3K,Beauty&Fashion,MAPPED,instagram,march,2022
99,ashleygraham,A S H L E Y  G R A H A M,Modeling,,17.2M,United States,392.7K,519.5K,Beauty&Fashion,MAPPED,instagram,march,2022
100,aslisona,Sonakshi Sinha,Cinema & Actors/actresses,Lifestyle,21.4M,India,110.2K,134.1K,Entertainment,MAPPED,instagram,march,2022
101,ateez_official_,ATEEZ(에이티즈),Music,,6.3M,United States,410.9K,472.1K,Music,MAPPED,instagram,march,2022
102,attahalilintar,Atta Halilintar - PAPATA,Art/Artists,Shows,23.1M,Indonesia,140.2K,192.3K,Lifestyle,MAPPED,instagram,march,2022
103,auba,Pierre-Emerick Aubameyang,Sports with a ball,,12M,United Kingdom,379.3K,602.1K,Sports,MAPPED,instagram,march,2022
104,aum_patchrapa,Patchrapa Chai,Cinema & Actors/actresses,Lifestyle,14.1M,Thailand,150.3K,179.2K,Entertainment,MAPPED,instagram,march,2022
105,aurelie.hermansyah,Aurelie Hermansyah Atta,Beauty,,25.3M,Indonesia,475.2K,601.1K,Beauty&Fashion,MAPPED,instagram,march,2022
106,avani,avani,Beauty,Lifestyle,18.8M,United States,337K,451.9K,Beauty&Fashion,MAPPED,instagram,march,2022
107,avneetkaur_13,Avneet Kaur Official,Cinema & Actors/actresses,,30.5M,India,281.3K,341.1K,Entertainment,MAPPED,instagram,march,2022
108,avrillavigne,Avril Lavigne,Music,Cinema & Actors/actresses,10.7M,Brazil,211.2K,263K,Music,MAPPED,instagram,march,2022
109,awez_darbar,Awez Darbar,Shows,Humor & Fun & Happiness,17.8M,India,466K,558.4K,Entertainment,MAPPED,instagram,march,2022
110,aykutelmas,Aykut Elmas,Cinema & Actors/actresses,Photography,6.8M,Turkey,321K,376.5K,Entertainment,MAPPED,instagram,march,2022
111,badbunnypr,,Music,,38.5M,United States,2.5M,3.9M,Music,MAPPED,instagram,march,2022
112,badgalriri,badgalriri,Music,Beauty,125.1M,United States,2.8M,4.6M,Music,MAPPED,instagram,march,2022
113,baifernbah,baifernbah,Lifestyle,,10.4M,Indonesia,224.5K,284.6K,Lifestyle,MAPPED,instagram,march,2022
114,bambam1a,BamBam,Music,,16M,Brazil,684.3K,863K,Music,MAPPED,instagram,march,2022
115,barackobama,Barack Obama,Finance & Economics,Business & Careers,35.4M,United States,148.3K,174.6K,Knowledge&Info,MAPPED,instagram,march,2022
116,barbieferreira,barbie ferreira,,,6.1M,United States,635.5K,1.2M,,NA,instagram,march,2022
117,bbrightvc,bright,Cinema & Actors/actresses,,13.5M,Indonesia,1.7M,2M,Entertainment,MAPPED,instagram,march,2022
118,bclsinclair,Bunga Citra Lestari,Music,,20.2M,Indonesia,153.5K,242.6K,Music,MAPPED,instagram,march,2022
119,beberexha,Bebe Rexha,Music,Lifestyle,10.8M,India,221.5K,327K,Music,MAPPED,instagram,march,2022
120,bebytsabina,Cut Beby Tshabina,Modeling,,7.1M,Indonesia,243.4K,373.9K,Beauty&Fashion,MAPPED,instagram,march,2022
121,beingsalmankhan,Salman Khan,Cinema & Actors/actresses,Art/Artists,50.7M,India,474.6K,604.4K,Entertainment,MAPPED,instagram,march,2022
122,belindapop,Beli,Music,,14.9M,Mexico,136.7K,197K,Music,MAPPED,instagram,march,2022
123,bellahadid,Bella 🦋,Modeling,,50.6M,United States,566.9K,905.3K,Beauty&Fashion,MAPPED,instagram,march,2022
124,bellapoarch,Bella Poarch,,,14.3M,United States,859.5K,1.2M,,NA,instagram,march,2022
125,bellathorne,BELLA,Music,Art/Artists,25.2M,United States,289.5K,485.7K,Music,MAPPED,instagram,march,2022
126,bernardokath,Kathryn Bernardo 🐘,Beauty,Cinema & Actors/actresses,16.8M,Philippines,452.7K,545.4K,Beauty&Fashion,MAPPED,instagram,march,2022
127,beyonce,Beyoncé,Music,Fashion,246.9M,United States,2.6M,3.7M,Music,MAPPED,instagram,march,2022
128,bhadbhabie,ℬ𝒽𝒶𝒷𝒾ℯ🦋,Music,,16.4M,United States,143.1K,268K,Music,MAPPED,instagram,march,2022
129,bhuvan.bam22,Bhuvan Bam,Cinema & Actors/actresses,,14.2M,India,741K,915.8K,Entertainment,MAPPED,instagram,march,2022
130,bianca,BOCA ROSA,Beauty,,17.7M,Brazil,73.6K,172.2K,Beauty&Fashion,MAPPED,instagram,march,2022
131,bibisbeautypalace,! Bibi,Family,Lifestyle,7.8M,Germany,322.7K,369.6K,Lifestyle,MAPPED,instagram,march,2022
132,bighit_ent,BigHit Music Updates,Music,,13M,Indonesia,721.3K,888.5K,Music,MAPPED,instagram,march,2022
133,bigsean,BIGSEAN,Music,Art/Artists,14.6M,United States,169.9K,310.3K,Music,MAPPED,instagram,march,2022
134,billieeilish,BILLIE EILISH,Music,,101.7M,United States,2.6M,3.4M,Music,MAPPED,instagram,march,2022
135,bizarrap,BZRP,Music,,11.5M,Argentina,920.8K,1.1M,Music,MAPPED,instagram,march,2022
136,blackpinkofficial,BLΛƆKPIИK,Music,,46.2M,Indonesia,1.1M,1.4M,Music,MAPPED,instagram,march,2022
137,blakelively,Blake Lively,Cinema & Actors/actresses,,32M,United States,827.1K,1.3M,Entertainment,MAPPED,instagram,march,2022
138,bleacherreport,Bleacher Report,Sports with a ball,,18.4M,United States,103.8K,204.7K,Sports,MAPPED,instagram,march,2022
139,blythe,Andrea Brillantes,Cinema & Actors/actresses,Modeling,13.4M,Philippines,196.9K,224.1K,Entertainment,MAPPED,instagram,march,2022
140,bmw,BMW,Cars & Motorbikes,,33.1M,India,73.1K,97.6K,Other,MAPPED,instagram,march,2022
141,bn_sj2013,박서준,Cinema & Actors/actresses,Modeling,21.4M,Indonesia,2.5M,2.9M,Entertainment,MAPPED,instagram,march,2022
142,bobbyindaeyo,💀,Music,,3.4M,Indonesia,679.1K,791.2K,Music,MAPPED,instagram,march,2022
143,borodylia,Ксения Бородина,Shows,Family,18.2M,Russia,123K,153.2K,Entertainment,MAPPED,instagram,march,2022
144,bramastavrl,Verrell Bramasta,Cinema & Actors/actresses,Lifestyle,23.7M,Indonesia,109.1K,138.9K,Entertainment,MAPPED,instagram,march,2022
145,brentrivera,Brent Rivera,Music,Cinema & Actors/actresses,22.1M,United States,888.3K,1.2M,Music,MAPPED,instagram,march,2022
146,bretmanrock,Bretman (Da Baddest) Rock,Art/Artists,Beauty,18.3M,United States,551K,927.9K,Lifestyle,MAPPED,instagram,march,2022
147,brfootball,Bleacher Report Football,Sports with a ball,,11.9M,United States,146K,236K,Sports,MAPPED,instagram,march,2022
148,briandadeyanara,BRIANDA 💖,,,12.6M,Mexico,355.2K,417.3K,,NA,instagram,march,2022
149,brianmaps,Брайн Мапс (Макс Тарасенко),Photography,,5.8M,Russia,608.4K,627.9K,Lifestyle,MAPPED,instagram,march,2022
150,britneyspears,Britney Spears,Music,,40.2M,United States,180.5K,251.6K,Music,MAPPED,instagram,march,2022
151,brunamarquezine,Bruna Marquezine,Cinema & Actors/actresses,,42.6M,Brazil,485.2K,837.2K,Entertainment,MAPPED,instagram,march,2022
152,brunomars,Bruno Mars,Music,,24.9M,Brazil,328.7K,499K,Music,MAPPED,instagram,march,2022
153,brycehall,Bryce Hall,Music,,7.5M,United States,279.2K,358.7K,Music,MAPPED,instagram,march,2022
154,bts.bighitofficial,BTS official,Music,,61.7M,Indonesia,2.4M,2.6M,Music,MAPPED,instagram,march,2022
155,bugatti,BUGATTI,Cars & Motorbikes,Luxury,16.1M,United States,124.1K,168.5K,Other,MAPPED,instagram,march,2022
156,bumkeyk,SHINee KEY,Music,,9M,Indonesia,376.3K,451.6K,Music,MAPPED,instagram,march,2022
157,burakozcivit,Burak Özçivit,Cinema & Actors/actresses,,20.5M,Turkey,492.8K,597.5K,Entertainment,MAPPED,instagram,march,2022
158,burcuozberk,Burcu Özberk,Cinema & Actors/actresses,,9M,Turkey,560.9K,725.6K,Entertainment,MAPPED,instagram,march,2022
159,bypamella,BY PAMELLA ✨🧿,Shows,,9.4M,Brazil,237.7K,406.8K,Entertainment,MAPPED,instagram,march,2022
160,c.syresmith,Jaden Smith,Cinema & Actors/actresses,Lifestyle,18.6M,United States,190.1K,294.6K,Entertainment,MAPPED,instagram,march,2022
161,camerondallas,Cameron Dallas,Cinema & Actors/actresses,,23M,United States,104.8K,182.6K,Entertainment,MAPPED,instagram,march,2022
162,camila_cabello,camila,Music,,60.9M,Brazil,305.4K,418.1K,Music,MAPPED,instagram,march,2022
163,camilaloures,Camila Loures,Shows,,17.6M,Brazil,131.5K,196.3K,Entertainment,MAPPED,instagram,march,2022
164,camilladelucas,Camilla de Lucas,Beauty,,10.8M,Brazil,205.2K,376.8K,Beauty&Fashion,MAPPED,instagram,march,2022
165,camilo,C A M I L O,Music,,26.4M,Argentina,252.3K,398.9K,Music,MAPPED,instagram,march,2022
166,camimendes,camila mendes,Cinema & Actors/actresses,,26.8M,Brazil,1.1M,1.6M,Entertainment,MAPPED,instagram,march,2022
167,canelo,Saul Alvarez,Fitness & Gym,,12.8M,Mexico,203K,282.2K,Sports,MAPPED,instagram,march,2022
168,canyaman,Can Yaman,Cinema & Actors/actresses,Modeling,9.3M,Italy,324.4K,402.8K,Entertainment,MAPPED,instagram,march,2022
169,caradelevingne,Cara Delevingne,Modeling,Cinema & Actors/actresses,43.3M,United States,130.1K,182.8K,Beauty&Fashion,MAPPED,instagram,march,2022
170,carlinhosmaiaof,Carlinhos Maia🌻,Lifestyle,,24.8M,Brazil,441.9K,810.7K,Lifestyle,MAPPED,instagram,march,2022
171,carryminati,𝑨𝒋𝒆𝒚 𝑵𝒂𝒈𝒂𝒓,Computers & Gadgets,Machinery & Technologies,15M,India,885.8K,1M,Tech&Gaming,MAPPED,instagram,march,2022
172,casemiro,Casemiro,Sports with a ball,,14M,Spain,149.8K,224.1K,Sports,MAPPED,instagram,march,2022
173,caviarmagnat,by Tregubov,,,13.3M,Russia,148.6K,214.4K,,NA,instagram,march,2022
174,cazzu,♡ 𝖓𝖊𝖓𝖆 ᴛʀᴀᴍᴘᴀ,Music,,9.8M,Argentina,396.2K,508K,Music,MAPPED,instagram,march,2022
175,cbum,Chris Bumstead,Fitness & Gym,,6.6M,United States,248.7K,410.6K,Sports,MAPPED,instagram,march,2022
176,celestebarber,Celeste Barber,Humor & Fun & Happiness,,8.9M,United States,364.8K,393.2K,Entertainment,MAPPED,instagram,march,2022
177,chaelincl,CL,Art/Artists,Fashion,9.8M,Brazil,259K,342.5K,Lifestyle,MAPPED,instagram,march,2022
178,championsleague,UEFA Champions League,Sports with a ball,,91.4M,Brazil,255.3K,344.4K,Sports,MAPPED,instagram,march,2022
179,channingtatum,Channing Tatum,Cinema & Actors/actresses,,17M,United States,272.1K,393.2K,Entertainment,MAPPED,instagram,march,2022
180,charles_leclerc,Charles Leclerc,Racing Sports,,6.6M,Italy,473.9K,629.2K,Sports,MAPPED,instagram,march,2022
181,charlidamelio,cd,Lifestyle,Shows,47.7M,United States,1.5M,1.9M,Lifestyle,MAPPED,instagram,march,2022
182,charlieputh,Charlie Puth,Music,,15.7M,United States,320.5K,456.2K,Music,MAPPED,instagram,march,2022
183,chelseafc,Chelsea FC,Sports with a ball,,33.2M,Indonesia,115.7K,172.4K,Sports,MAPPED,instagram,march,2022
184,chiaraferragni,Chiara Ferragni ✨,Beauty,,26.7M,Italy,372K,616.6K,Beauty&Fashion,MAPPED,instagram,march,2022
185,chloegmoretz,Chloë Grace Moretz,Cinema & Actors/actresses,,20.1M,United States,292.9K,392.5K,Entertainment,MAPPED,instagram,march,2022
186,choi_seung_hyun_tttop,T.O.P,,,13.6M,Indonesia,337.7K,400.7K,,NA,instagram,march,2022
187,choquei,CHOQUEI - BBB22,Literature & Journalism,,17M,Brazil,90.1K,279.5K,Knowledge&Info,MAPPED,instagram,march,2022
188,chrisbrownofficial,BREEZY,Music,,106M,United States,157.1K,241.9K,Music,MAPPED,instagram,march,2022
189,chrisevans,Chris Evans,,,14.8M,United States,2M,2.4M,,NA,instagram,march,2022
190,chrishemsworth,Chris Hemsworth,Cinema & Actors/actresses,,54M,India,776.6K,998.1K,Entertainment,MAPPED,instagram,march,2022
191,chrissyteigen,chrissy teigen,Shows,Modeling,37.4M,United States,158K,205.5K,Entertainment,MAPPED,instagram,march,2022
192,ciara,Ciara,Music,Modeling,31.3M,United States,199.4K,270.6K,Music,MAPPED,instagram,march,2022
193,claaragalle,Clara Galle🌀,,,3.2M,Mexico,425.2K,771.6K,,NA,instagram,march,2022
194,claireholt,Claire Holt,Cinema & Actors/actresses,Lifestyle,7.4M,United States,304.1K,415.4K,Entertainment,MAPPED,instagram,march,2022
195,claragnds,Maria Clara Garcia,,,6.4M,Brazil,153.4K,386.6K,,NA,instagram,march,2022
196,clean_0828,김세정,Lifestyle,,5.5M,Indonesia,1.3M,1.6M,Lifestyle,MAPPED,instagram,march,2022
197,cocielo,Júlio Cocielo Estaniecki,Cinema & Actors/actresses,,17.8M,Brazil,360.6K,564.8K,Entertainment,MAPPED,instagram,march,2022
198,coldplay,Coldplay,Music,,15.4M,Brazil,274K,381.3K,Music,MAPPED,instagram,march,2022
199,cole.labrant,Cole LaBrant,Lifestyle,Fashion,5M,United States,412.6K,580.8K,Lifestyle,MAPPED,instagram,march,2022
200,colesprouse,Cole Sprouse,Modeling,,36M,United States,352.7K,459.3K,Beauty&Fashion,MAPPED,instagram,march,2022
201,colleen,Colleen Ballinger,Family,Fashion,7.5M,United States,368.3K,463.6K,Lifestyle,MAPPED,instagram,march,2022
202,conangray,Conan Gray,Music,,5.7M,Brazil,785.4K,1.2M,Music,MAPPED,instagram,march,2022
203,courteneycoxofficial,Courteney Cox,Cinema & Actors/actresses,,12.1M,India,319.9K,421.9K,Entertainment,MAPPED,instagram,march,2022
204,cristiano,Cristiano Ronaldo,Sports with a ball,,419.6M,India,5.7M,7M,Sports,MAPPED,instagram,march,2022
205,cvillaloboss,CARMEN VILLALOBOS,Shows,Cinema & Actors/actresses,19.2M,Colombia,247.3K,305.1K,Entertainment,MAPPED,instagram,march,2022
206,cznburak,Burak Özdemir,Food & Cooking,,32.9M,Turkey,615.2K,836K,Lifestyle,MAPPED,instagram,march,2022
207,d_a___m_i,KIM DA MI,,,4.3M,Indonesia,1.1M,1.4M,,NA,instagram,march,2022
208,d_degeaofficial,David De Gea,Sports with a ball,,12.9M,United Kingdom,306.8K,434.4K,Sports,MAPPED,instagram,march,2022
209,daddyyankee,Daddy Yankee,Music,,44.9M,Argentina,1.3M,1.8M,Music,MAPPED,instagram,march,2022
210,dagelan,Dagelan,Humor & Fun & Happiness,,20.6M,Indonesia,83.4K,140.5K,Entertainment,MAPPED,instagram,march,2022
211,danbilzerian,Dan Bilzerian,Cinema & Actors/actresses,,32.8M,India,1.3M,2.1M,Entertainment,MAPPED,instagram,march,2022
212,danialves,Daniel Alves,Sports with a ball,,35.7M,Brazil,170.6K,264.9K,Sports,MAPPED,instagram,march,2022
213,daniel.k.here,Daniel Kang,Lifestyle,,4.8M,Indonesia,458.9K,577.4K,Lifestyle,MAPPED,instagram,march,2022
214,danielricciardo,Daniel Ricciardo,Racing Sports,,6.6M,United States,361.1K,469.2K,Sports,MAPPED,instagram,march,2022
215,dannapaola,Danna Paola,Music,,33.5M,Mexico,931.6K,1.3M,Music,MAPPED,instagram,march,2022
216,daquan,Daquan,Humor & Fun & Happiness,,16.8M,United States,364.2K,561.9K,Entertainment,MAPPED,instagram,march,2022
217,darshanravaldz,Darshan Raval #Goriye,Music,,14.8M,India,205.9K,249.1K,Music,MAPPED,instagram,march,2022
218,dava_m,Дава Ⓜ️ Всё будет хорошо🧸,Business & Careers,,13.7M,Russia,166K,215.9K,Knowledge&Info,MAPPED,instagram,march,2022
219,davidalaba,David Alaba,Sports with a ball,,8.5M,Spain,301.4K,426.7K,Sports,MAPPED,instagram,march,2022
220,davidbeckham,David Beckham,Family,Sports with a ball,71.9M,India,500.4K,641.1K,Lifestyle,MAPPED,instagram,march,2022
221,davidluiz23,David Luiz,Sports with a ball,,21.2M,Brazil,69.8K,152.4K,Sports,MAPPED,instagram,march,2022
222,davido,Davido,Music,,23.3M,Nigeria,184.9K,259.3K,Music,MAPPED,instagram,march,2022
223,davidwarner31,David Warner,Sports with a ball,,9.1M,India,238.2K,279.7K,Sports,MAPPED,instagram,march,2022
224,davikah,davikah,Modeling,,15.9M,Thailand,355.3K,460.8K,Beauty&Fashion,MAPPED,instagram,march,2022
225,dbook,Devin,,,5.1M,United States,248.8K,489K,,NA,instagram,march,2022
226,ddlovato,Demi Lovato,Music,,128.7M,United States,319.8K,418.4K,Music,MAPPED,instagram,march,2022
227,dean.schneider,Dean Schneider,Animals,,10.1M,India,271.5K,348.2K,Lifestyle,MAPPED,instagram,march,2022
228,dearra,De'arra Taylor,Lifestyle,,6M,United States,236.9K,589.9K,Lifestyle,MAPPED,instagram,march,2022
229,debbyryan,Debby Ryan,Music,Cinema & Actors/actresses,16.7M,United States,169.4K,246.4K,Music,MAPPED,instagram,march,2022
230,deepikapadukone,Deepika Padukone,Cinema & Actors/actresses,,65.5M,India,347.2K,450.3K,Entertainment,MAPPED,instagram,march,2022
231,deiveleonardo,Deive Leonardo,Literature & Journalism,Trainers & Coaches,10.8M,Brazil,234.3K,431.4K,Knowledge&Info,MAPPED,instagram,march,2022
232,demetozdemir,Demet Özdemir,Cinema & Actors/actresses,,15M,Turkey,335.6K,449K,Entertainment,MAPPED,instagram,march,2022
233,demirose,Demi 🌹,Modeling,Lifestyle,19.2M,United States,395.9K,515K,Beauty&Fashion,MAPPED,instagram,march,2022
234,dew_jsu,2000,,,4.5M,Indonesia,798.4K,1.1M,,NA,instagram,march,2022
235,dhanushkraja,Dhanush,Cinema & Actors/actresses,,4.2M,India,685.1K,886.3K,Entertainment,MAPPED,instagram,march,2022
236,diddy,LOVE,Music,Cinema & Actors/actresses,18.4M,United States,109.4K,164.5K,Music,MAPPED,instagram,march,2022
237,diljitdosanjh,DILJIT DOSANJH,Cinema & Actors/actresses,,12.9M,India,203.3K,244.7K,Entertainment,MAPPED,instagram,march,2022
238,dindahw,Dinda Hauw,Cinema & Actors/actresses,,13.9M,Indonesia,288.8K,431.5K,Entertainment,MAPPED,instagram,march,2022
239,dishapatani,disha patani (paatni) 🦋,Cinema & Actors/actresses,Lifestyle,49.6M,India,909.3K,1.1M,Entertainment,MAPPED,instagram,march,2022
240,divyankatripathidahiya,Divyanka Tripathi Dahiya,Shows,Cinema & Actors/actresses,18.9M,India,146.5K,168.2K,Entertainment,MAPPED,instagram,march,2022
241,dixiedamelio,dixie,Music,Clothing & Outfits,25.1M,United States,293K,430.3K,Music,MAPPED,instagram,march,2022
242,djokernole,Novak Djokovic,Sports with a ball,,10.4M,Serbia,195.7K,240.9K,Sports,MAPPED,instagram,march,2022
243,djsnake,djsnake,Music,,9.1M,India,362.2K,429.6K,Music,MAPPED,instagram,march,2022
244,djxiao_888,XIAOJUN,,,6.6M,Indonesia,1.1M,1.3M,,NA,instagram,march,2022
245,dkharbour,David Harbour,Cinema & Actors/actresses,,6.2M,United States,352.2K,461.5K,Entertainment,MAPPED,instagram,march,2022
246,dlwlrma,이지금 IU,Art/Artists,,25.8M,South Korea,2.9M,3.5M,Lifestyle,MAPPED,instagram,march,2022
247,dntlrdl,CHOIWOOSHIK,Lifestyle,,5.9M,Indonesia,1.5M,2M,Lifestyle,MAPPED,instagram,march,2022
248,do0_nct,Doyoung,,,9.8M,Indonesia,1.4M,1.9M,,NA,instagram,march,2022
249,dojacat,Doja Cat,Music,,22.4M,United States,2.8M,3.9M,Music,MAPPED,instagram,march,2022
250,domelipa,domelipa,Lifestyle,,17.2M,Mexico,1.1M,1.3M,Lifestyle,MAPPED,instagram,march,2022
251,dominicfike,,,,3.7M,United States,419.9K,799K,,NA,instagram,march,2022
252,donya,Donya,Fashion,,14.7M,Iran,379.8K,596.7K,Beauty&Fashion,MAPPED,instagram,march,2022
253,dovecameron,DOVE,Cinema & Actors/actresses,,46.4M,United States,618.5K,807.2K,Entertainment,MAPPED,instagram,march,2022
254,dqsalmaan,Dulquer Salmaan,Cinema & Actors/actresses,,10.2M,India,176.8K,239.6K,Entertainment,MAPPED,instagram,march,2022
255,dra.deolanebezerra,Deolane Bezerra,,,13.2M,Brazil,352K,754.1K,,NA,instagram,march,2022
256,drewstarkey,Drew Starkey,,,3.2M,United States,630.2K,1.2M,,NA,instagram,march,2022
257,dualipa,DUA LIPA,Music,,81.6M,Mexico,2.2M,2.7M,Music,MAPPED,instagram,march,2022
258,dudewithsign,Seth,,,8.1M,United States,400K,628.5K,,NA,instagram,march,2022
259,dukeandduchessofcambridge,Duke and Duchess of Cambridge,Family,Finance & Economics,13.5M,,0,214.2K,Lifestyle,MAPPED,instagram,march,2022
260,dukissj,Ya Supiste,Music,,9M,Argentina,607.2K,1.1M,Music,MAPPED,instagram,march,2022
261,dylanminnette,Dylan Minnette,Music,Cinema & Actors/actresses,7.3M,United States,215.7K,350.4K,Music,MAPPED,instagram,march,2022
262,dylansprouse,Dylan Sprouse,Cinema & Actors/actresses,,9.3M,United States,350.3K,549.8K,Entertainment,MAPPED,instagram,march,2022
263,e_milygarcia,Emily Garcia,Cinema & Actors/actresses,,11M,Brazil,230.1K,380.5K,Entertainment,MAPPED,instagram,march,2022
264,earthpix,🌎  EarthPix  🌎,Nature & landscapes,Photography,22.7M,United States,118.7K,145.9K,Lifestyle,MAPPED,instagram,march,2022
265,easportsfifa,EA SPORTS FIFA,Sports with a ball,,25.8M,Spain,70.9K,118.3K,Sports,MAPPED,instagram,march,2022
266,ebi,EBI,Music,,10.3M,Iran,193.6K,260.5K,Music,MAPPED,instagram,march,2022
267,ederbez,Eugenio Derbez,Cinema & Actors/actresses,Lifestyle,18.1M,Mexico,248.3K,278.9K,Entertainment,MAPPED,instagram,march,2022
268,egorkreed,Егор Крид | #HeartBreakKid,Music,,14.7M,Russia,322.6K,396.9K,Music,MAPPED,instagram,march,2022
269,eilirjani,Elton ILIRJANI,Lifestyle,,9.5M,Albania,423.9K,611.6K,Lifestyle,MAPPED,instagram,march,2022
270,elcinsangu,Elçin Sangu,Cinema & Actors/actresses,Lifestyle,8.3M,Turkey,284.6K,342.8K,Entertainment,MAPPED,instagram,march,2022
271,eliana,Eliana Michaelichen,Music,Shows,29.6M,Brazil,119.3K,151.5K,Music,MAPPED,instagram,march,2022
272,ellenpompeo,Ellen Pompeo,Cinema & Actors/actresses,Lifestyle,10M,Brazil,285.8K,495.8K,Entertainment,MAPPED,instagram,march,2022
273,elnazshakerdoost,Elnaz Shakerdoost🎬,Cinema & Actors/actresses,,9.5M,Iran,219K,295.7K,Entertainment,MAPPED,instagram,march,2022
274,elrodrigocontreras,ROD🥴,Lifestyle,,12.7M,Mexico,563.1K,620.8K,Lifestyle,MAPPED,instagram,march,2022
275,elrubiuswtf,el rubius WTF,Computers & Gadgets,,16.2M,Mexico,1.4M,1.5M,Tech&Gaming,MAPPED,instagram,march,2022
276,emilia_clarke,,Cinema & Actors/actresses,,27M,India,490.5K,617.2K,Entertainment,MAPPED,instagram,march,2022
277,emiliamernes,Emilia Mernes,Music,,4.9M,Argentina,549.5K,1M,Music,MAPPED,instagram,march,2022
278,eminem,Marshall Mathers,Cinema & Actors/actresses,Music,35.6M,Iran,771.2K,993.5K,Entertainment,MAPPED,instagram,march,2022
279,emmachamberlain,emma chamberlain,Lifestyle,Shows,15.3M,United States,1.1M,1.7M,Lifestyle,MAPPED,instagram,march,2022
280,emmaroberts,Emma Roberts,Cinema & Actors/actresses,,17.7M,United States,266.4K,392.4K,Entertainment,MAPPED,instagram,march,2022
281,emrata,Emily Ratajkowski,Modeling,,29M,United States,475.4K,758.7K,Beauty&Fashion,MAPPED,instagram,march,2022
282,enhypen,ENHYPEN,,,9.6M,Indonesia,1.5M,2.1M,,NA,instagram,march,2022
283,erling.haaland,Erling Braut Haaland,,,14.8M,Brazil,541.8K,811K,,NA,instagram,march,2022
284,esbilgic,Esra Bilgic,Lifestyle,Modeling,6.7M,India,319.1K,407.1K,Lifestyle,MAPPED,instagram,march,2022
285,ester_exposito,Ester 🌙,Cinema & Actors/actresses,,29M,Russia,2.9M,4.3M,Entertainment,MAPPED,instagram,march,2022
286,eunwo.o_c,차은우,Music,Lifestyle,27.4M,Indonesia,3.6M,4.5M,Music,MAPPED,instagram,march,2022
287,euphoria,euphoria,,,7.9M,United States,1.1M,1.8M,,NA,instagram,march,2022
288,evaluna,Evaluna Montaner de Echeverry,Family,Music,19.8M,Argentina,812.1K,1.1M,Lifestyle,MAPPED,instagram,march,2022
289,evcenf,Fahriye Evcen Özçivit,Lifestyle,Beauty,12.8M,Turkey,375.6K,473.3K,Lifestyle,MAPPED,instagram,march,2022
290,ewsbdi,로운,,,4.2M,Indonesia,488.6K,730.2K,,NA,instagram,march,2022
291,f1,FORMULA 1®,Racing Sports,,18.3M,Italy,266.6K,337.7K,Sports,MAPPED,instagram,march,2022
292,fabriziorom,Fabrizio Romano,Literature & Journalism,Shows,6.4M,Italy,328.9K,570.6K,Knowledge&Info,MAPPED,instagram,march,2022
293,fadiljaidi,Fadil Jaidi,Lifestyle,,7M,Indonesia,581.5K,873K,Lifestyle,MAPPED,instagram,march,2022
294,faz3,Fazza,Lifestyle,,14M,United Arab Emirates,257.3K,337.9K,Lifestyle,MAPPED,instagram,march,2022
295,fcbarcelona,FC Barcelona,Sports with a ball,,107.1M,Indonesia,450.1K,687.9K,Sports,MAPPED,instagram,march,2022
296,fcbayern,FC Bayern,Sports with a ball,,31.8M,Germany,115K,167.4K,Sports,MAPPED,instagram,march,2022
297,fedez,FEDEZ,Music,,13.7M,Italy,725.5K,1M,Music,MAPPED,instagram,march,2022
298,feliciathegoat,"Tyler, The Creator",Music,,12.4M,United States,1M,1.7M,Music,MAPPED,instagram,march,2022
299,felicyangelista_,Felicya Angelista,Family,,21M,Indonesia,107K,147.8K,Lifestyle,MAPPED,instagram,march,2022
300,felipeneto,Felipe Neto 🦉,Lifestyle,,15.4M,Brazil,166.1K,236K,Lifestyle,MAPPED,instagram,march,2022
301,fifaworldcup,FIFA World Cup,Sports with a ball,,25.5M,India,71.2K,109.1K,Sports,MAPPED,instagram,march,2022
302,florencepugh,Florence Pugh,Humor & Fun & Happiness,Cinema & Actors/actresses,7.2M,United States,926.4K,1.4M,Entertainment,MAPPED,instagram,march,2022
303,for_everyoung10,장원영 WONYOUNG,,,3.6M,Indonesia,733.9K,926.9K,,NA,instagram,march,2022
304,fortnite,Fortnite,Computers & Gadgets,,26.1M,United States,102.1K,120.3K,Tech&Gaming,MAPPED,instagram,march,2022
305,francety,Francia James,Adult content,,10.6M,India,250.4K,328.3K,Other,MAPPED,instagram,march,2022
306,francinyehlke,FЯAN,Beauty,,15.2M,Brazil,86.4K,188.6K,Beauty&Fashion,MAPPED,instagram,march,2022
307,frenchmontana,French Montana,Music,,24.5M,United States,91.5K,151.6K,Music,MAPPED,instagram,march,2022
308,frenkiedejong,Frenkie de Jong,Sports with a ball,,10M,Spain,528.6K,792.5K,Sports,MAPPED,instagram,march,2022
309,fuckjerry,FUCKJERRY,Humor & Fun & Happiness,,16.6M,United States,405.3K,523.1K,Entertainment,MAPPED,instagram,march,2022
310,fuji_an,Fujianti Utami Putri,,,10.3M,Indonesia,531.8K,1.3M,,NA,instagram,march,2022
311,gabigol,Gabi 🇧🇷 Lil Gabi,Sports with a ball,,9.6M,Brazil,282K,427K,Sports,MAPPED,instagram,march,2022
312,gal_gadot,Gal Gadot,Cinema & Actors/actresses,,77M,United States,597.5K,771.6K,Entertainment,MAPPED,instagram,march,2022
313,galatasaray,Galatasaray,Sports with a ball,,11.1M,Turkey,254.4K,307.8K,Sports,MAPPED,instagram,march,2022
314,garethbale11,Gareth Bale,Sports with a ball,,46.3M,Spain,402.2K,633.9K,Sports,MAPPED,instagram,march,2022
315,gatenm123,Gaten Matarazzo,Music,Cinema & Actors/actresses,13.6M,Brazil,449.5K,594.1K,Music,MAPPED,instagram,march,2022
316,geneliad,Genelia Deshmukh,Cinema & Actors/actresses,,9.6M,India,444.4K,550.6K,Entertainment,MAPPED,instagram,march,2022
317,georgenotfound,GeorgeNotFound,,,3.1M,United States,997.8K,1.1M,,NA,instagram,march,2022
318,georginagio,Georgina Rodríguez,Lifestyle,Fashion,36.5M,India,2.5M,3.5M,Lifestyle,MAPPED,instagram,march,2022
319,gessicakayane,GKAY,Shows,Humor & Fun & Happiness,19.3M,Brazil,173.6K,357.9K,Entertainment,MAPPED,instagram,march,2022
320,ggonekim,,,,5.1M,Indonesia,441.6K,542.6K,,NA,instagram,march,2022
321,gianlucavacchi,Gianluca Vacchi,Lifestyle,,22.2M,Brazil,511.4K,787.2K,Lifestyle,MAPPED,instagram,march,2022
322,giannis_an34,Giannis Antetokounmpo,Sports with a ball,,12.3M,United States,217.8K,344.6K,Sports,MAPPED,instagram,march,2022
323,gigihadid,Gigi Hadid,Modeling,Lifestyle,73.2M,United States,1.9M,2.8M,Beauty&Fashion,MAPPED,instagram,march,2022
324,gildovigor,GIL DO VIGOR,,,15M,Brazil,442.5K,612.2K,,NA,instagram,march,2022
325,gima_ashi,Garima Chaurasia 💙,Lifestyle,,13.9M,India,145.1K,197.8K,Lifestyle,MAPPED,instagram,march,2022
326,gioewbank,Giovanna Ewbank,Cinema & Actors/actresses,Modeling,28M,Brazil,181.4K,290.6K,Entertainment,MAPPED,instagram,march,2022
327,gisele,Gisele Bündchen,Modeling,Fashion,18.9M,Brazil,274.6K,408K,Beauty&Fashion,MAPPED,instagram,march,2022
328,goar_avetisyan,Goar Avetisyan,Beauty,,11.5M,Russia,510.5K,707.9K,Beauty&Fashion,MAPPED,instagram,march,2022
329,golfarahani,Golshifteh Farahani,Cinema & Actors/actresses,,12.6M,Iran,307.5K,395.7K,Entertainment,MAPPED,instagram,march,2022
330,grantgust,Grant Gustin,Cinema & Actors/actresses,Fashion,7.8M,Brazil,343.4K,487.3K,Entertainment,MAPPED,instagram,march,2022
331,greeicy,Greeicy,Shows,Cinema & Actors/actresses,20.4M,Colombia,201.4K,270.9K,Entertainment,MAPPED,instagram,march,2022
332,grefg_official,TheGrefg,Computers & Gadgets,Machinery & Technologies,7.1M,Spain,440.1K,546.1K,Tech&Gaming,MAPPED,instagram,march,2022
333,gucci,Gucci Official,Accessories & Jewellery,Clothing & Outfits,47.9M,United States,57.9K,74.3K,Beauty&Fashion,MAPPED,instagram,march,2022
334,gururandhawa,Guru Randhawa,Music,,31.5M,India,110.8K,135.4K,Music,MAPPED,instagram,march,2022
335,gusein.gasanov,ГУСЕЙН ГАСАНОВ,Shows,,21M,Russia,524.5K,786.1K,Entertainment,MAPPED,instagram,march,2022
336,gusttavolima,🏛 Gusttavo Lima 🏛,Music,,42.9M,Brazil,46.9K,79.8K,Music,MAPPED,instagram,march,2022
337,hadise,Hadise,Music,Shows,13.7M,Turkey,220.7K,257.2K,Music,MAPPED,instagram,march,2022
338,haechanahceah,HAECHAN,,,2.7M,,0,2.1M,,NA,instagram,march,2022
339,haileesteinfeld,hailee steinfeld,Cinema & Actors/actresses,,18.2M,United States,1.5M,1.9M,Entertainment,MAPPED,instagram,march,2022
340,haileybieber,Hailey Rhode Baldwin Bieber,Lifestyle,Modeling,42.2M,United States,1.8M,2.4M,Lifestyle,MAPPED,instagram,march,2022
341,hakkiakdenizz,hakki akdeniz,Business & Careers,,17.6M,Russia,120.2K,174.4K,Knowledge&Info,MAPPED,instagram,march,2022
342,handemiyy,Hande Erçel,Cinema & Actors/actresses,,27.3M,Turkey,2.1M,2.8M,Entertainment,MAPPED,instagram,march,2022
343,hannahstocking,Hannah Stocking,Modeling,,21M,United States,237.2K,337.8K,Beauty&Fashion,MAPPED,instagram,march,2022
344,hardikpandya93,Hardik Himanshu Pandya,Sports with a ball,,20.6M,India,860.3K,1.1M,Sports,MAPPED,instagram,march,2022
345,harrykane,Harry Kane,Sports with a ball,,12.3M,United Kingdom,148.3K,204.4K,Sports,MAPPED,instagram,march,2022
346,harrystyles,,Music,Fashion,43.3M,Brazil,2.9M,3.9M,Music,MAPPED,instagram,march,2022
347,hassan_reyvandi,hasan reyvandi حسن ریوندی,Cinema & Actors/actresses,Humor & Fun & Happiness,18.7M,Iran,330.1K,456.5K,Entertainment,MAPPED,instagram,march,2022
348,hegdepooja,Pooja Hegde,Cinema & Actors/actresses,,18.8M,India,831.7K,959.3K,Entertainment,MAPPED,instagram,march,2022
349,helen_yes1,Елена Сажина,Cinema & Actors/actresses,,10.5M,Russia,342.4K,442.6K,Entertainment,MAPPED,instagram,march,2022
350,henrycavill,Henry Cavill,Cinema & Actors/actresses,,19.7M,Brazil,795.1K,966.5K,Entertainment,MAPPED,instagram,march,2022
351,heybiblee,이성경,Modeling,,13.5M,Indonesia,971.1K,1.3M,Beauty&Fashion,MAPPED,instagram,march,2022
352,hi_high_hiy,황인엽,Cinema & Actors/actresses,,12.9M,South Korea,2.6M,3M,Entertainment,MAPPED,instagram,march,2022
353,hi_songjoongki,송중기 songjoongki official,Cinema & Actors/actresses,,8.8M,Indonesia,1.7M,2.4M,Entertainment,MAPPED,instagram,march,2022
354,hi_sseulgi,슬기 Seulgi,Modeling,,11.9M,Indonesia,849.6K,1.1M,Beauty&Fashion,MAPPED,instagram,march,2022
355,hichasestokes,,Lifestyle,,7.4M,United States,640.9K,959.8K,Lifestyle,MAPPED,instagram,march,2022
356,hilaryduff,Hilary Duff,Cinema & Actors/actresses,,20.6M,United States,147.3K,188.2K,Entertainment,MAPPED,instagram,march,2022
357,hm_son7,Son HeungMin(손흥민)🇰🇷,,,6M,Brazil,395.9K,644.2K,,NA,instagram,march,2022
358,holyhaein,정해인,,,9.7M,Indonesia,2.1M,2.6M,,NA,instagram,march,2022
359,hoooooyeony,Hoyeon,Lifestyle,,23.7M,South Korea,2M,2.7M,Lifestyle,MAPPED,instagram,march,2022
360,houseofhighlights,House of Highlights,Sports with a ball,,32.7M,United States,64.6K,117.2K,Sports,MAPPED,instagram,march,2022
361,hrithikroshan,Hrithik Roshan,Cinema & Actors/actresses,,41.9M,India,638.3K,805.3K,Entertainment,MAPPED,instagram,march,2022
362,hshq,Harry Styles HQ,Music,Cinema & Actors/actresses,5.5M,United States,488.1K,859.1K,Music,MAPPED,instagram,march,2022
363,huddy,Chase Hudson,Lifestyle,Art/Artists,11.9M,Brazil,228.4K,317.8K,Lifestyle,MAPPED,instagram,march,2022
364,humansofny,Humans of New York,Lifestyle,Photography,11.8M,United States,181.9K,215.4K,Lifestyle,MAPPED,instagram,march,2022
365,hunterschafer,Hunter,,,7.1M,United States,957.2K,1.6M,,NA,instagram,march,2022
366,hyeri_0609,혜리,Music,,7M,South Korea,447.6K,539K,Music,MAPPED,instagram,march,2022
367,hyunah_aa,Hyun Ah,Music,,17.6M,South Korea,378.1K,448.7K,Music,MAPPED,instagram,march,2022
368,hziyech,Hakim Ziyech,Sports with a ball,,6M,Morocco,348.4K,476K,Sports,MAPPED,instagram,march,2022
369,hztttao,Z.TAO🔴黄子韬,Music,,11.3M,Indonesia,253.1K,281.3K,Music,MAPPED,instagram,march,2022
370,i_m_hendery,Hi👉🏻im Hendery👈🏻,,,6M,United States,965.5K,1.3M,,NA,instagram,march,2022
371,i_nivethathomas,Nivetha Thomas,Cinema & Actors/actresses,,5.9M,India,395.3K,447K,Entertainment,MAPPED,instagram,march,2022
372,iambeckyg,Becky G,Music,,31.2M,Mexico,679.2K,817.4K,Music,MAPPED,instagram,march,2022
373,iamcardib,Cardi B,Music,Fashion,127.2M,United States,2.3M,3.3M,Music,MAPPED,instagram,march,2022
374,iamferv,fer,Lifestyle,Art/Artists,8.8M,Mexico,1M,1.5M,Lifestyle,MAPPED,instagram,march,2022
375,iamhalsey,halsey,Music,,28.9M,United States,793.7K,1M,Music,MAPPED,instagram,march,2022
376,iammichelemorroneofficial,Michele Morrone,Lifestyle,Cinema & Actors/actresses,12.9M,Brazil,654.1K,938.9K,Lifestyle,MAPPED,instagram,march,2022
377,iampauloandre,Paulo André 🏁,Lifestyle,,6.1M,Brazil,122.2K,424.4K,Lifestyle,MAPPED,instagram,march,2022
378,iamsrk,Shah Rukh Khan,Cinema & Actors/actresses,,28.6M,India,717K,909.7K,Entertainment,MAPPED,instagram,march,2022
379,iamzlatanibrahimovic,Zlatan Ibrahimović,Sports with a ball,,52.9M,Italy,306.7K,473.1K,Sports,MAPPED,instagram,march,2022
380,iansomerhalder,iansomerhalder,Cinema & Actors/actresses,,22.5M,United States,527.6K,788.9K,Entertainment,MAPPED,instagram,march,2022
381,ibaillanos,Ibai,Art/Artists,,6.8M,Spain,859.1K,1.2M,Lifestyle,MAPPED,instagram,march,2022
382,ileana_official,Ileana D'Cruz,Cinema & Actors/actresses,,14.1M,India,286K,347.7K,Entertainment,MAPPED,instagram,march,2022
383,imhyoseop,안효섭,Lifestyle,,6M,Indonesia,1.2M,1.4M,Lifestyle,MAPPED,instagram,march,2022
384,imouniroy,mon,Cinema & Actors/actresses,,22.6M,India,238.9K,290.7K,Entertainment,MAPPED,instagram,march,2022
385,imsebastianstan,Sebastian Stan,Shows,Cinema & Actors/actresses,9M,United States,566.1K,672.9K,Entertainment,MAPPED,instagram,march,2022
386,indiancricketteam,Team India,Sports with a ball,,23.9M,India,223.2K,260.3K,Sports,MAPPED,instagram,march,2022
387,indiaroyale,India,Lifestyle,,4M,United States,384.5K,1.1M,Lifestyle,MAPPED,instagram,march,2022
388,inijedar,Jessica Iskandar Verhaag,Cinema & Actors/actresses,,29.4M,Indonesia,74.5K,99.7K,Entertainment,MAPPED,instagram,march,2022
389,instagram,Instagram,Photography,,487.2M,India,352.3K,467.4K,Lifestyle,MAPPED,instagram,march,2022
390,iqbaal.e,iqbaal ramadhan,Cinema & Actors/actresses,,13.4M,Indonesia,271.4K,465.9K,Entertainment,MAPPED,instagram,march,2022
391,irinashayk,irinashayk,Modeling,,17.9M,Russia,121.8K,169K,Beauty&Fashion,MAPPED,instagram,march,2022
392,iscoalarcon,Isco Alarcon Suarez,Sports with a ball,,23.3M,Spain,142.7K,206.2K,Sports,MAPPED,instagram,march,2022
393,isisvalverde,isis valverde,Cinema & Actors/actresses,Lifestyle,27.8M,Brazil,79.4K,117.2K,Entertainment,MAPPED,instagram,march,2022
394,its.michhh,Michel Chavez,,,5.3M,Mexico,605.1K,741.2K,,NA,instagram,march,2022
395,itsmarziapie,Marzia Kjellberg,Beauty,Lifestyle,8.2M,United States,603.2K,705.1K,Beauty&Fashion,MAPPED,instagram,march,2022
396,itzy.all.in.us,ITZY,Music,,15.8M,Indonesia,761.5K,930.8K,Music,MAPPED,instagram,march,2022
397,j.m,JIMIN of BTS,,,32.7M,,12.7M,12.7M,,NA,instagram,march,2022
398,jackharlow,Jack Harlow,Lifestyle,Music,5.1M,United States,330.8K,618.4K,Lifestyle,MAPPED,instagram,march,2022
399,jacksepticeye,Jacksepticeye,Computers & Gadgets,Machinery & Technologies,7.7M,United States,277.7K,322.3K,Tech&Gaming,MAPPED,instagram,march,2022
400,jacksonwang852g7,Jackson Wang,Music,,27.3M,China,950.1K,1.1M,Music,MAPPED,instagram,march,2022
401,jacobelordi,Jacob Elordi,Cinema & Actors/actresses,,13.2M,Brazil,997.4K,1.6M,Entertainment,MAPPED,instagram,march,2022
402,jacquelinef143,Jacqueline Fernandez,Cinema & Actors/actresses,,59.3M,India,322K,391.8K,Entertainment,MAPPED,instagram,march,2022
403,jadepicon,JADE 🌪,Modeling,Fashion,19.4M,Brazil,375.2K,818.4K,Beauty&Fashion,MAPPED,instagram,march,2022
404,jailyneojeda,Jailyne Ojeda Ochoa,Modeling,Lifestyle,14.1M,United States,183.1K,253.7K,Beauty&Fashion,MAPPED,instagram,march,2022
405,jaimelorentelo,El chaval,Cinema & Actors/actresses,,14.5M,Brazil,285.1K,381.8K,Entertainment,MAPPED,instagram,march,2022
406,jairmessiasbolsonaro,Jair M. Bolsonaro,Finance & Economics,Business & Careers,19.5M,Brazil,150.9K,212.6K,Knowledge&Info,MAPPED,instagram,march,2022
407,jakepaul,Jake Paul,Cinema & Actors/actresses,,19.2M,United States,278.2K,465.1K,Entertainment,MAPPED,instagram,march,2022
408,jamescharles,James Charles,Beauty,,23.3M,United States,293.9K,432K,Beauty&Fashion,MAPPED,instagram,march,2022
409,jamesrodriguez10,James Rodríguez,Sports with a ball,,49.1M,Colombia,506K,768.3K,Sports,MAPPED,instagram,march,2022
410,jamorant,12 🥷🏽🖤,Lifestyle,Sports with a ball,5.9M,United States,332.9K,537.8K,Lifestyle,MAPPED,instagram,march,2022
411,janhvikapoor,Janhvi Kapoor,Lifestyle,Cinema & Actors/actresses,16.1M,India,951.3K,1.1M,Lifestyle,MAPPED,instagram,march,2022
412,jannatzubair29,Jannat Zubair Rahmani,Cinema & Actors/actresses,,41.2M,India,614.7K,748.6K,Entertainment,MAPPED,instagram,march,2022
413,jaspritb1,jasprit bumrah,Lifestyle,,9.5M,India,466.5K,536K,Lifestyle,MAPPED,instagram,march,2022
414,jaybnow.hr,LIM JAE BEOM,Music,,6.6M,Brazil,561.3K,731.7K,Music,MAPPED,instagram,march,2022
415,jaydacheaves,JAYDA WAYDA,Clothing & Outfits,,7M,United States,128.5K,381.3K,Beauty&Fashion,MAPPED,instagram,march,2022
416,jbalvin,J Balvin,Music,,51.9M,Mexico,273.6K,363K,Music,MAPPED,instagram,march,2022
417,jennaortega,Jenna Ortega,Cinema & Actors/actresses,Lifestyle,7.4M,United States,257.1K,366.1K,Entertainment,MAPPED,instagram,march,2022
418,jennierubyjane,J,Music,,64.8M,Indonesia,6.2M,7.4M,Music,MAPPED,instagram,march,2022
419,jennifer.garner,Jennifer Garner,Cinema & Actors/actresses,,12.5M,United States,255.6K,289.4K,Entertainment,MAPPED,instagram,march,2022
420,jenniferaniston,Jennifer Aniston,Cinema & Actors/actresses,,40.1M,Brazil,1.6M,2.3M,Entertainment,MAPPED,instagram,march,2022
421,jenniferwinget1,Jennifer Winget,Cinema & Actors/actresses,,12.3M,India,322.3K,391.7K,Entertainment,MAPPED,instagram,march,2022
422,jennmuriel,Jenn muriel,Lifestyle,Modeling,5.5M,Colombia,451.5K,562.6K,Lifestyle,MAPPED,instagram,march,2022
423,jensenackles,Jensen Ackles,Cinema & Actors/actresses,,9.1M,United States,504.6K,655.9K,Entertainment,MAPPED,instagram,march,2022
424,jeremyrenner,Jeremy Renner,Shows,Cinema & Actors/actresses,17.2M,United States,192.9K,230.8K,Entertainment,MAPPED,instagram,march,2022
425,jeromepolin,Jerome Polin Sijabat ジェローム,Education,Humor & Fun & Happiness,6.5M,Indonesia,424.2K,622.4K,Knowledge&Info,MAPPED,instagram,march,2022
426,jesselingard,JLingz,Sports with a ball,,9.5M,United Kingdom,192.1K,294.5K,Sports,MAPPED,instagram,march,2022
427,jessicah_o,Jessi / 제시,Music,,9.7M,United States,874.5K,1.1M,Music,MAPPED,instagram,march,2022
428,jessicajane99,Jessica Jane,Lifestyle,,6M,Indonesia,441.4K,582.3K,Lifestyle,MAPPED,instagram,march,2022
429,jharden13,James Harden,Sports with a ball,,11.7M,United States,137.5K,236.5K,Sports,MAPPED,instagram,march,2022
430,jheneaiko,Jhené Aiko Efuru Chilombo 🔮,Music,,14M,United States,273.8K,481.1K,Music,MAPPED,instagram,march,2022
431,jichangwook,지창욱,Cinema & Actors/actresses,,19.2M,Indonesia,920.2K,1.2M,Entertainment,MAPPED,instagram,march,2022
432,jimmyfallon,Jimmy Fallon,Shows,Humor & Fun & Happiness,21.3M,United States,97.2K,120.9K,Entertainment,MAPPED,instagram,march,2022
433,jin,Jin of BTS,,,32M,United States,11.1M,11.1M,,NA,instagram,march,2022
434,jin_bighitentertainment,JIN (김석진),Lifestyle,,8.5M,Indonesia,1.2M,1.4M,Lifestyle,MAPPED,instagram,march,2022
435,jinyoung_0922jy,박진영,Music,,9.3M,Indonesia,881.4K,1.2M,Music,MAPPED,instagram,march,2022
436,jlo,Jennifer Lopez,Music,Cinema & Actors/actresses,200.8M,United States,429.5K,549.9K,Music,MAPPED,instagram,march,2022
437,joaogomescantor,João Gomes 🎙,,,10.8M,Brazil,335.8K,917.8K,,NA,instagram,march,2022
438,joaoguilherme,J҉O҉T҉I҉N҉H҉A҉,Music,Cinema & Actors/actresses,15.5M,Brazil,116.8K,227.1K,Music,MAPPED,instagram,march,2022
439,joeyking,Joey King,Music,Cinema & Actors/actresses,19.1M,Brazil,541.1K,774.1K,Music,MAPPED,instagram,march,2022
440,johnnyjsuh,Johnny Suh,Lifestyle,Music,8.1M,Indonesia,1.3M,1.6M,Lifestyle,MAPPED,instagram,march,2022
441,jojotodynho,JoJo,Music,,21.7M,Brazil,117.3K,190.1K,Music,MAPPED,instagram,march,2022
442,jokowi,Joko Widodo,Finance & Economics,,45.8M,Indonesia,158K,196K,Knowledge&Info,MAPPED,instagram,march,2022
443,jongsuk0206,이종석,Cinema & Actors/actresses,,22.2M,Indonesia,2.2M,2.9M,Entertainment,MAPPED,instagram,march,2022
444,jordialbaoficial,Jordi Alba,Sports with a ball,,14.1M,Spain,135.7K,196.3K,Sports,MAPPED,instagram,march,2022
445,jorgelopez_as,Jorge Lopez,Cinema & Actors/actresses,,9.7M,Brazil,211.3K,346.3K,Entertainment,MAPPED,instagram,march,2022
446,joshu_acoustic,Joshua Hong,Music,,4M,,0,1M,Music,MAPPED,instagram,march,2022
447,joshuadun,jøsh dun,Music,,5.8M,United States,540.3K,660K,Music,MAPPED,instagram,march,2022
448,juandam___,JuanDa.,,,3.5M,Colombia,772.4K,941.2K,,NA,instagram,march,2022
449,juandediospantoja,JD PANTOJA 🇲🇽,Music,Art/Artists,21.5M,Mexico,519.1K,591.8K,Music,MAPPED,instagram,march,2022
450,juanpazurita,Juanpa Zurita,Cinema & Actors/actresses,,28.6M,Mexico,341.7K,485.8K,Entertainment,MAPPED,instagram,march,2022
451,juansguarnizo,Juan Sebastián Guarnizo,,,4.7M,Mexico,659.6K,722.9K,,NA,instagram,march,2022
452,juicewrld999,Juice WRLD 9 9 9,,,12.2M,United States,493.9K,833.2K,,NA,instagram,march,2022
453,juki_lop,JukiLop,Shows,Family,9.1M,Mexico,493K,573.3K,Entertainment,MAPPED,instagram,march,2022
454,julesleblanc,julianna,Music,Shows,9.7M,United States,409.5K,592.1K,Music,MAPPED,instagram,march,2022
455,julianapaes,Juliana Paes,Art/Artists,Cinema & Actors/actresses,30.2M,Brazil,61.4K,95.2K,Lifestyle,MAPPED,instagram,march,2022
456,juliette,Juliette,Cinema & Actors/actresses,,33.7M,Brazil,201.2K,319.8K,Entertainment,MAPPED,instagram,march,2022
457,jungkook_bighitentertainment,JUNGKOOK (전정국) Updates,Management & Marketing,Music,9.9M,Brazil,1.8M,2M,Knowledge&Info,MAPPED,instagram,march,2022
458,jungkook.97,Jungkook,,,35.8M,,11.4M,11.4M,,NA,instagram,march,2022
459,justinbieber,Justin Bieber,Music,,227M,India,439.1K,638.2K,Music,MAPPED,instagram,march,2022
460,justinbieber,Justin Bieber,Music,,227.4M,India,314.2K,445.3K,Music,MAPPED,instagram,march,2022
461,justintimberlake,Justin Timberlake,Music,Art/Artists,64.2M,United States,323.3K,432.9K,Music,MAPPED,instagram,march,2022
462,juventus,Juventus,Sports with a ball,,52.9M,India,61.8K,89.4K,Sports,MAPPED,instagram,march,2022
463,k.kbeom,김범 kimbum,,,5.2M,Indonesia,1M,1.2M,,NA,instagram,march,2022
464,k.mbappe,Kylian Mbappé,Sports with a ball,,68.9M,France,3M,4.3M,Sports,MAPPED,instagram,march,2022
465,kajalaggarwalofficial,Kajal A Kitchlu,Cinema & Actors/actresses,,21.7M,India,527.3K,638K,Entertainment,MAPPED,instagram,march,2022
466,kaka,Kaká,Sports with a ball,,17.9M,Brazil,83.6K,136.1K,Sports,MAPPED,instagram,march,2022
467,kaliuchis,,Music,,3.7M,United States,399.2K,689.7K,Music,MAPPED,instagram,march,2022
468,kapilsharma,Kapil Sharma,Cinema & Actors/actresses,Shows,39.8M,India,690.2K,789.3K,Entertainment,MAPPED,instagram,march,2022
469,kareenakapoorkhan,Kareena Kapoor Khan,Lifestyle,Cinema & Actors/actresses,8.9M,India,367.4K,458.3K,Lifestyle,MAPPED,instagram,march,2022
470,karimbenzema,Karim Benzema,Sports with a ball,,47.4M,France,981.2K,1.4M,Sports,MAPPED,instagram,march,2022
471,karljacobs,Karl Jacobs,,,4M,United States,722.5K,941.7K,,NA,instagram,march,2022
472,karolg,KAROL G,Music,,50.8M,Mexico,4.5M,5.4M,Music,MAPPED,instagram,march,2022
473,kartikaaryan,KARTIK AARYAN,Cinema & Actors/actresses,,23.8M,India,472.2K,588.2K,Entertainment,MAPPED,instagram,march,2022
474,katherinelangford,KATHERINE LANGFORD,Cinema & Actors/actresses,,25.7M,India,241.9K,346.4K,Entertainment,MAPPED,instagram,march,2022
475,katrinakaif,Katrina Kaif,Beauty,,62.9M,India,1M,1.1M,Beauty&Fashion,MAPPED,instagram,march,2022
476,katyperry,KATY PERRY,Music,,156.6M,Brazil,231.8K,302.6K,Music,MAPPED,instagram,march,2022
477,kawtarbamo,KAWTAR BA-MOHAMED,Cinema & Actors/actresses,,7.2M,Morocco,275.9K,374.1K,Entertainment,MAPPED,instagram,march,2022
478,kaylanicolejones,,Shows,,7.3M,United States,166.5K,352.7K,Entertainment,MAPPED,instagram,march,2022
479,keerthysureshofficial,Keerthy Suresh,Fashion,Cinema & Actors/actresses,12.5M,India,650.7K,743.6K,Beauty&Fashion,MAPPED,instagram,march,2022
480,kehlani,Kehlani,Music,Family,13.7M,United States,210.5K,328.2K,Music,MAPPED,instagram,march,2022
481,kendalljenner,Kendall,Modeling,Fashion,227.4M,United States,3.4M,5.5M,Beauty&Fashion,MAPPED,instagram,march,2022
482,keniaos,Kenia Os,Music,,12.6M,Mexico,545.2K,709K,Music,MAPPED,instagram,march,2022
483,kentooyamazaki,山﨑賢人,Cinema & Actors/actresses,,4.9M,Japan,583K,677.1K,Entertainment,MAPPED,instagram,march,2022
484,kenzie,kenzie ♡,Art/Artists,,14.8M,United States,232.4K,353.6K,Lifestyle,MAPPED,instagram,march,2022
485,kevindebruyne,Kevin De Bruyne,Sports with a ball,,16.8M,United Kingdom,247.5K,382.9K,Sports,MAPPED,instagram,march,2022
486,kevinhart4real,Kevin Hart,Cinema & Actors/actresses,,140.2M,United States,111.3K,141K,Entertainment,MAPPED,instagram,march,2022
487,kevinroldankr,KR ♛,Music,,10.1M,Mexico,180.2K,291.4K,Music,MAPPED,instagram,march,2022
488,khabib_nurmagomedov,Хабиб Нурмагомедов,Fitness & Gym,,33.3M,Russia,252.6K,353.3K,Sports,MAPPED,instagram,march,2022
489,khaby00,Khaby Lame,,,73.9M,Iran,4.3M,6.5M,,NA,instagram,march,2022
490,khloekardashian,Khloé Kardashian,Clothing & Outfits,Lifestyle,230.2M,United States,991.1K,1.2M,Beauty&Fashion,MAPPED,instagram,march,2022
491,kiaraaliaadvani,KIARA,Cinema & Actors/actresses,,22.1M,India,828.8K,939.3K,Entertainment,MAPPED,instagram,march,2022
492,kiernanshipka,Kiernan Shipka,Cinema & Actors/actresses,,8.1M,Brazil,207.3K,335.8K,Entertainment,MAPPED,instagram,march,2022
493,kimberly.loaiza,KIM LOAIZA 🖤,Clothing & Outfits,Lifestyle,33.9M,Mexico,995K,1.2M,Beauty&Fashion,MAPPED,instagram,march,2022
494,kimjuncotton,SUHO,Lifestyle,,9.7M,Indonesia,1.4M,1.7M,Lifestyle,MAPPED,instagram,march,2022
495,kimkardashian,Kim Kardashian,Fashion,Beauty,296.4M,United States,2M,2.9M,Beauty&Fashion,MAPPED,instagram,march,2022
496,kimshantal,Kim Shantal 🌹,Music,,11.6M,Mexico,203.3K,237.8K,Music,MAPPED,instagram,march,2022
497,kingarturo23oficial,Arturo Vidal,Sports with a ball,,16.7M,Italy,120.8K,194.8K,Sports,MAPPED,instagram,march,2022
498,kingbach,King Bach,Music,Art/Artists,22.1M,United States,120.6K,242K,Music,MAPPED,instagram,march,2022
499,kingjames,👑,Sports with a ball,,116.6M,United States,952.9K,1.6M,Sports,MAPPED,instagram,march,2022
500,kingryan,Ryan Garcia,Fitness & Gym,,8.7M,United States,209.5K,316.6K,Sports,MAPPED,instagram,march,2022
501,kittychicha,NANNO | KITTYCHICHA AMATAYAKUL,Lifestyle,,4.2M,Philippines,678.8K,823.4K,Lifestyle,MAPPED,instagram,march,2022
502,kjapa,KJ Apa,Cinema & Actors/actresses,,19M,United States,1M,1.5M,Entertainment,MAPPED,instagram,march,2022
503,kkvsh,🇯🇲🦂🇸🇻,Lifestyle,,8.2M,United States,198.8K,336.6K,Lifestyle,MAPPED,instagram,march,2022
504,klaythompson,Klay Thompson,Sports with a ball,Lifestyle,11.6M,United States,202.3K,294.7K,Sports,MAPPED,instagram,march,2022
505,kourtneykardash,Kourtney ❤️,Lifestyle,,166.4M,United States,674.5K,961.2K,Lifestyle,MAPPED,instagram,march,2022
506,krisjenner,Kris Jenner,Shows,Beauty,46.6M,United States,119.6K,183.4K,Entertainment,MAPPED,instagram,march,2022
507,kritisanon,Kriti,Modeling,,47.3M,India,565.5K,658.2K,Beauty&Fashion,MAPPED,instagram,march,2022
508,ksi,KSI,Music,,11.2M,United Kingdom,611.7K,857.5K,Music,MAPPED,instagram,march,2022
509,kun11xd,KUN,Lifestyle,,6.5M,Indonesia,802.4K,1M,Lifestyle,MAPPED,instagram,march,2022
510,kunaguero,Sergio Leonel Agüero,Sports with a ball,,22.4M,Argentina,458.4K,794.5K,Sports,MAPPED,instagram,march,2022
511,kyliejenner,Kylie 🤍,Fashion,Modeling,323.3M,United States,7.6M,12.3M,Beauty&Fashion,MAPPED,instagram,march,2022
512,kyo1122,Song hyekyo,Cinema & Actors/actresses,,12.9M,Indonesia,636.2K,810.5K,Entertainment,MAPPED,instagram,march,2022
513,kyrieirving,K.A.I Hélà,Sports with a ball,,16.2M,United States,142.7K,216.8K,Sports,MAPPED,instagram,march,2022
514,l7nnon,L7,Lifestyle,Shows,6.3M,Brazil,214K,507.9K,Lifestyle,MAPPED,instagram,march,2022
515,la_segura,LA SEGURA ♛ ♥,Cinema & Actors/actresses,,8.2M,Colombia,335.2K,411.3K,Entertainment,MAPPED,instagram,march,2022
516,lacikaysomers,Laci Kay Somers,Music,Modeling,11.8M,United States,147.5K,253.7K,Music,MAPPED,instagram,march,2022
517,ladivaza,✨LA DIVAZA✨,Music,Modeling,6.8M,Mexico,388.9K,474.5K,Music,MAPPED,instagram,march,2022
518,ladygaga,Lady Gaga,Music,Cinema & Actors/actresses,51.9M,United States,498.3K,700K,Music,MAPPED,instagram,march,2022
519,lakers,Los Angeles Lakers,Sports with a ball,,19.3M,United States,85.8K,132.4K,Sports,MAPPED,instagram,march,2022
520,lalalalisa_m,LISA,Music,,75.7M,Indonesia,7.5M,8.6M,Music,MAPPED,instagram,march,2022
521,lamborghini,Lamborghini,Luxury,Cars & Motorbikes,31.6M,India,174.4K,240.5K,Beauty&Fashion,MAPPED,instagram,march,2022
522,lanacondor,,Cinema & Actors/actresses,,10.9M,Brazil,283K,385.7K,Entertainment,MAPPED,instagram,march,2022
523,larasilva,Lara Silva 💦,Shows,Adult content,16.8M,Brazil,789K,1.2M,Entertainment,MAPPED,instagram,march,2022
524,larissamanoela,Larissa Manoela,Cinema & Actors/actresses,,44.8M,Brazil,192.1K,320.4K,Entertainment,MAPPED,instagram,march,2022
525,larray,larri,Lifestyle,Modeling,6.7M,United States,357K,521.5K,Lifestyle,MAPPED,instagram,march,2022
526,laurenlondon,Lauren London,Cinema & Actors/actresses,Modeling,9.7M,United States,217.7K,371.6K,Entertainment,MAPPED,instagram,march,2022
527,ldh_sky,이도현,,,5.5M,Indonesia,978.4K,1.3M,,NA,instagram,march,2022
528,leaelui,Lea Elui G,Modeling,Lifestyle,11.7M,India,428.4K,719.5K,Beauty&Fashion,MAPPED,instagram,march,2022
529,leedongwook_official,이동욱 (Official_Instagram),Cinema & Actors/actresses,,14.1M,Indonesia,1M,1.4M,Entertainment,MAPPED,instagram,march,2022
530,leeyoum262,이유미,Photography,Humor & Fun & Happiness,8.1M,South Korea,562.7K,688.8K,Lifestyle,MAPPED,instagram,march,2022
531,leighannepinnock,Leigh-Anne Pinnock,Music,,8.5M,Brazil,279.1K,398K,Music,MAPPED,instagram,march,2022
532,lelepons,Lele Pons,Music,,47.7M,Mexico,724.3K,1.1M,Music,MAPPED,instagram,march,2022
533,leomessi,Leo Messi,Sports with a ball,Family,315.4M,Argentina,4M,5.3M,Sports,MAPPED,instagram,march,2022
534,leonardodicaprio,Leonardo DiCaprio,Cinema & Actors/actresses,,52.8M,United States,132K,166.2K,Entertainment,MAPPED,instagram,march,2022
535,ler_chek,Валерия Чекалина,Lifestyle,Beauty,10.5M,Russia,713K,923.3K,Lifestyle,MAPPED,instagram,march,2022
536,lestykejora,Lestikejora,Music,,24.9M,Indonesia,372.9K,484K,Music,MAPPED,instagram,march,2022
537,letthelordbewithyou,Scott Disick,Lifestyle,Family,26.5M,United States,61.5K,92.2K,Lifestyle,MAPPED,instagram,march,2022
538,lewishamilton,Lewis Hamilton,Racing Sports,,27.5M,Brazil,819.9K,1.2M,Sports,MAPPED,instagram,march,2022
539,lexibrookerivera,Lexi Rivera,Shows,Humor & Fun & Happiness,8.4M,United States,778K,975.4K,Entertainment,MAPPED,instagram,march,2022
540,liampayne,Liam Payne,Music,,24.1M,United States,420.4K,585.5K,Music,MAPPED,instagram,march,2022
541,lilbaby,WHAM,Music,,18.8M,United States,475.4K,876.5K,Music,MAPPED,instagram,march,2022
542,lildurk,DURKIOOO,Music,Art/Artists,13M,United States,162.1K,458.2K,Music,MAPPED,instagram,march,2022
543,lilireinhart,Lili Reinhart,Cinema & Actors/actresses,,29M,Brazil,1.5M,2.2M,Entertainment,MAPPED,instagram,march,2022
544,lilnasx,MONTERO,Music,,12.2M,United States,815.5K,1.4M,Music,MAPPED,instagram,march,2022
545,liluzivert,,Music,,15.8M,United States,1.1M,2M,Music,MAPPED,instagram,march,2022
546,lilyjcollins,Lily Collins,Cinema & Actors/actresses,,26.9M,United States,314.3K,467.3K,Entertainment,MAPPED,instagram,march,2022
547,linatejeiro,Lina Tejeiro.,Cinema & Actors/actresses,,9.2M,Colombia,237.7K,287K,Entertainment,MAPPED,instagram,march,2022
548,lisakudrow,Lisa Kudrow,Cinema & Actors/actresses,,8.5M,India,356.6K,475.7K,Entertainment,MAPPED,instagram,march,2022
549,litkillah,MAWZ💬,Music,,7.2M,Argentina,438.7K,578.4K,Music,MAPPED,instagram,march,2022
550,littlebodybigheart,Melanie Martinez,Music,,11.1M,Brazil,913.1K,1.2M,Music,MAPPED,instagram,march,2022
551,littlemix,Little Mix,Music,,15.4M,Brazil,172.1K,232K,Music,MAPPED,instagram,march,2022
552,liverpoolfc,Liverpool Football Club,Sports with a ball,,36.7M,United Kingdom,100.2K,138.2K,Sports,MAPPED,instagram,march,2022
553,lizakoshy,Liza Koshy,Cinema & Actors/actresses,,19.6M,United States,156.3K,208.8K,Entertainment,MAPPED,instagram,march,2022
554,lizasoberano,Liza Soberano,Beauty,Cinema & Actors/actresses,16.9M,Philippines,243.1K,289.9K,Beauty&Fashion,MAPPED,instagram,march,2022
555,lizgillz,Elizabeth Gillies,Music,Cinema & Actors/actresses,13.9M,Mexico,563K,816.3K,Music,MAPPED,instagram,march,2022
556,lizzobeeating,Lizzo,Music,Lifestyle,12.1M,United States,213.1K,298.3K,Music,MAPPED,instagram,march,2022
557,loganpaul,Logan Paul,Fitness & Gym,,22.5M,United States,549.4K,733.8K,Sports,MAPPED,instagram,march,2022
558,lomon991111,Lomon 991111,,,5.7M,,0,1.7M,,NA,instagram,march,2022
559,loren,loren gray,Fashion,Modeling,22.5M,United States,137.3K,227.3K,Beauty&Fashion,MAPPED,instagram,march,2022
560,loud_babi,Bárbara Passos,Lifestyle,,9.2M,Brazil,200.1K,323.5K,Lifestyle,MAPPED,instagram,march,2022
561,loud_victor,Victor Augusto,Lifestyle,Sports with a ball,10.4M,Brazil,511.2K,652.3K,Lifestyle,MAPPED,instagram,march,2022
562,louist91,Louis Tomlinson,Music,,18.2M,Brazil,1.1M,1.5M,Music,MAPPED,instagram,march,2022
563,louisvuitton,Louis Vuitton,Fashion,Clothing & Outfits,47.7M,Brazil,46.2K,59.7K,Beauty&Fashion,MAPPED,instagram,march,2022
564,lucas_lira,Lucas Lira,Humor & Fun & Happiness,Lifestyle,5.8M,Brazil,296.5K,434.3K,Entertainment,MAPPED,instagram,march,2022
565,lucasranngel,LUCAS RANGEL,Lifestyle,,19.2M,Brazil,186.8K,412.3K,Lifestyle,MAPPED,instagram,march,2022
566,lucyhale,Lucy Hale,Cinema & Actors/actresses,,24.3M,United States,183.5K,240.4K,Entertainment,MAPPED,instagram,march,2022
567,ludmilla,Ludmilla,Music,,26.5M,Brazil,143.5K,212.6K,Music,MAPPED,instagram,march,2022
568,luisafernandaw,Luisa Fernanda W,Lifestyle,Beauty,16.9M,Colombia,106.3K,162.1K,Lifestyle,MAPPED,instagram,march,2022
569,luisasonza,LUÍSA SONZA,Music,Lifestyle,28.2M,Brazil,125.1K,198.9K,Music,MAPPED,instagram,march,2022
570,luisitocomunica,Luisillo El Pillo,Humor & Fun & Happiness,Clothing & Outfits,31.7M,Mexico,939.8K,1.2M,Entertainment,MAPPED,instagram,march,2022
571,luissuarez9,Luis Suarez,Sports with a ball,,43M,Brazil,238.8K,356.5K,Sports,MAPPED,instagram,march,2022
572,lukamodric10,Luka Modric,Sports with a ball,,21.6M,Spain,419.8K,616.3K,Sports,MAPPED,instagram,march,2022
573,lunay,EL NIÑO 👶🏻,Music,,10.3M,Mexico,202.6K,296.6K,Music,MAPPED,instagram,march,2022
574,luvadepedreiro,Iran Ferreira,,,9.5M,Brazil,910.4K,2.1M,,NA,instagram,march,2022
575,lynaritaa,Lyna Perez,,,8.6M,United States,227.1K,299.4K,,NA,instagram,march,2022
576,m_kayoung,MUN KA YOUNG,Cinema & Actors/actresses,,7.9M,Indonesia,1.1M,1.5M,Entertainment,MAPPED,instagram,march,2022
577,m10_official,Mesut Özil,Sports with a ball,,24M,Turkey,526.6K,738.3K,Sports,MAPPED,instagram,march,2022
578,machinegunkelly,the Blonde Don,Music,,9.6M,United States,284K,457.5K,Music,MAPPED,instagram,march,2022
579,maddieziegler,maddie,Cinema & Actors/actresses,Modeling,13.9M,United States,533.4K,799.9K,Entertainment,MAPPED,instagram,march,2022
580,madelame,Madelaine Petsch,Cinema & Actors/actresses,,25.3M,Russia,1.3M,1.8M,Entertainment,MAPPED,instagram,march,2022
581,madelyncline,Maddie,,,12.4M,United States,1.6M,2.3M,,NA,instagram,march,2022
582,madhuridixitnene,Madhuri Dixit,Music,Cinema & Actors/actresses,30.6M,India,297.2K,343.1K,Music,MAPPED,instagram,march,2022
583,madisonbaileybabe,Maddie Baby,Lifestyle,,6.7M,United States,416.4K,779.3K,Lifestyle,MAPPED,instagram,march,2022
584,madisonbeer,Madison Beer,Music,,30.6M,United States,630.2K,940.9K,Music,MAPPED,instagram,march,2022
585,mahnaz_afshar,Mahe Man,Cinema & Actors/actresses,Lifestyle,15.7M,Iran,154.3K,212.9K,Entertainment,MAPPED,instagram,march,2022
586,maisa,#NAME?,Music,,42M,Brazil,343.7K,468K,Music,MAPPED,instagram,march,2022
587,maluma,MALUMA,Music,,61.6M,Italy,329.2K,507.6K,Music,MAPPED,instagram,march,2022
588,malutrevejo,Malú 🦋 222🎤,Music,,11.2M,United States,277.2K,496.8K,Music,MAPPED,instagram,march,2022
589,manchesterunited,Manchester United,Sports with a ball,,56.5M,United Kingdom,116.6K,188.8K,Sports,MAPPED,instagram,march,2022
590,manelyk_oficial,Manelyk Gonzalez,Music,,14.1M,Mexico,179.5K,240.4K,Music,MAPPED,instagram,march,2022
591,maneskinofficial,Måneskin,Lifestyle,,6M,Italy,519.4K,733.5K,Lifestyle,MAPPED,instagram,march,2022
592,manurios,manu rios,Shows,,9.9M,Mexico,572.7K,966K,Entertainment,MAPPED,instagram,march,2022
593,marcelotwelve,Marcelo Vieira,Sports with a ball,,53M,Spain,413.5K,622.2K,Sports,MAPPED,instagram,march,2022
594,marcmarquez93,Marc Márquez,Racing Sports,,6.6M,Indonesia,478.2K,634.5K,Sports,MAPPED,instagram,march,2022
595,marcoasensio10,Marco Asensio,Sports with a ball,,13.6M,Spain,194.3K,298.3K,Sports,MAPPED,instagram,march,2022
596,marcusrashford,Marcus Rashford MBE,Sports with a ball,,12.7M,United Kingdom,401.9K,635.5K,Sports,MAPPED,instagram,march,2022
597,mariaalice,Maria Alice,,,6.8M,Brazil,673.4K,1.4M,,NA,instagram,march,2022
598,mariabecerra,Maria Becerra,Music,,8.6M,Argentina,332.3K,785K,Music,MAPPED,instagram,march,2022
599,mariapedraza_,María Pedraza,Cinema & Actors/actresses,,12M,Spain,279.6K,369K,Entertainment,MAPPED,instagram,march,2022
600,marimaria,Mari Maria,Beauty,,19.9M,Brazil,126.6K,242.7K,Beauty&Fashion,MAPPED,instagram,march,2022
601,marinaruybarbosa,Marina Ruy Barbosa,Cinema & Actors/actresses,,39.8M,Brazil,86.6K,130.1K,Entertainment,MAPPED,instagram,march,2022
602,markiplier,Markiplier,Shows,,9.8M,United States,406.5K,463.3K,Entertainment,MAPPED,instagram,march,2022
603,markruffalo,Mark Ruffalo,Cinema & Actors/actresses,,20.5M,Brazil,194.3K,244.2K,Entertainment,MAPPED,instagram,march,2022
604,marktuan,Mark Tuan,Music,Cinema & Actors/actresses,12.1M,Thailand,667.1K,877.2K,Music,MAPPED,instagram,march,2022
605,marshmellomusic,marshmello,Music,,29.2M,India,345.6K,406.6K,Music,MAPPED,instagram,march,2022
606,martingarrix,Martin Garrix,Music,,15.6M,Mexico,152.8K,216.3K,Music,MAPPED,instagram,march,2022
607,marvel,Marvel Entertainment,Cinema & Actors/actresses,Comics & sketches,62.7M,United States,180.1K,212.5K,Entertainment,MAPPED,instagram,march,2022
608,marvelstudios,Marvel Studios,Cinema & Actors/actresses,Comics & sketches,36.1M,India,225.5K,252.6K,Entertainment,MAPPED,instagram,march,2022
609,mathildtantot,Mathilde,Lifestyle,Modeling,10.3M,United States,310.2K,470K,Lifestyle,MAPPED,instagram,march,2022
610,matue30,MATUÊ,Lifestyle,,6.1M,Brazil,186K,408.1K,Lifestyle,MAPPED,instagram,march,2022
611,maudeapatow,Maude Apatow,Lifestyle,Cinema & Actors/actresses,4.8M,United States,577K,955.1K,Lifestyle,MAPPED,instagram,march,2022
612,maudyayunda,Maudy Ayunda,Music,,15.4M,Indonesia,110.9K,163.5K,Music,MAPPED,instagram,march,2022
613,maxverstappen1,Max Verstappen,Racing Sports,,8.2M,United States,398.7K,524.4K,Sports,MAPPED,instagram,march,2022
614,meganfox,Megan Fox,Cinema & Actors/actresses,,19.9M,United States,2.1M,3.4M,Entertainment,MAPPED,instagram,march,2022
615,mehraadjam,Mehraad Jam,Music,,4.7M,Iran,385K,564.1K,Music,MAPPED,instagram,march,2022
616,mejiwoo103,지우,,,11.1M,Indonesia,432.4K,521.9K,,NA,instagram,march,2022
617,melissamelmaia,MEL MAIA 🍯,Music,,11.5M,Brazil,245.1K,444.1K,Music,MAPPED,instagram,march,2022
618,melo,LaMelo Ball,Sports with a ball,,8.3M,United States,298.1K,605.6K,Sports,MAPPED,instagram,march,2022
619,memezar,Memezar • Comedy and Culture,Cinema & Actors/actresses,,23.7M,United States,325.6K,484.7K,Entertainment,MAPPED,instagram,march,2022
620,memphisdepay,Memphis Depay,Sports with a ball,,14.2M,France,191.6K,339.1K,Sports,MAPPED,instagram,march,2022
621,mercedesbenz,Mercedes-Benz,Cars & Motorbikes,Luxury,35.3M,Iran,75K,106.8K,Other,MAPPED,instagram,march,2022
622,miakhalifa,Mia K.,Fitness & Gym,Lifestyle,27.7M,India,1.5M,2.3M,Sports,MAPPED,instagram,march,2022
623,michaelbjordan,Michael B. Jordan,Cinema & Actors/actresses,,18.4M,United States,452.9K,751K,Entertainment,MAPPED,instagram,march,2022
624,michaelclifford,michael clifford,Music,,5.8M,United States,291.9K,427.9K,Music,MAPPED,instagram,march,2022
625,michelleobama,Michelle Obama,Finance & Economics,Business & Careers,49.1M,United States,132.3K,150.2K,Knowledge&Info,MAPPED,instagram,march,2022
626,miguel_bernardeau,Miguel Bernardeau,Cinema & Actors/actresses,,7M,Spain,260.8K,384.5K,Entertainment,MAPPED,instagram,march,2022
627,miguel.g.herran,Miguel Herrán,Cinema & Actors/actresses,,14.2M,Brazil,998.2K,1.5M,Entertainment,MAPPED,instagram,march,2022
628,miketyson,Mike Tyson,Fitness & Gym,,18.1M,United States,122.8K,157.3K,Sports,MAPPED,instagram,march,2022
629,mikhail_litvin,Михаил Литвин,Shows,,14.6M,Russia,972K,1.2M,Entertainment,MAPPED,instagram,march,2022
630,milad_khahhh,Milad Ghasemikhah pargam,Lifestyle,,5.6M,Iran,365.1K,512.7K,Lifestyle,MAPPED,instagram,march,2022
631,mileycyrus,Miley Cyrus,Music,,163.8M,United States,439.7K,594.9K,Music,MAPPED,instagram,march,2022
632,milliebobbybrown,Millie Bobby Brown,Cinema & Actors/actresses,,48.2M,Brazil,2.1M,2.7M,Entertainment,MAPPED,instagram,march,2022
633,mimikeene3,𝕄 𝕀 𝕄 𝕀  𝕂 𝔼 𝔼 ℕ 𝔼,Cinema & Actors/actresses,,4.3M,United Kingdom,765.8K,1.4M,Entertainment,MAPPED,instagram,march,2022
634,min9yu_k,김민규,Music,,6M,Indonesia,1.1M,1.3M,Music,MAPPED,instagram,march,2022
635,mingue.k,김민규,Shows,,3.3M,Indonesia,893.5K,1.1M,Entertainment,MAPPED,instagram,march,2022
636,mirandacosgrove,Miranda Cosgrove,Music,Cinema & Actors/actresses,9.8M,Brazil,213.5K,333.6K,Music,MAPPED,instagram,march,2022
637,mirella,BAD MI ⚡️ MC MIRELLA,Music,,26.6M,Brazil,230.4K,486.7K,Music,MAPPED,instagram,march,2022
638,missasinfonia,MissaSinfonia,,,4.6M,Mexico,656.8K,752.9K,,NA,instagram,march,2022
639,mo.on_air,TAEIL,,,4.4M,Indonesia,1.2M,1.4M,,NA,instagram,march,2022
640,mohamedramadanws,Mohamed Ramadan,Music,,20.1M,Egypt,93.9K,129.9K,Music,MAPPED,instagram,march,2022
641,mohanshakti,Shakti Mohan,Art/Artists,Cinema & Actors/actresses,14.9M,India,207K,248K,Lifestyle,MAPPED,instagram,march,2022
642,mont.pantoja,MONT,,,11.4M,Mexico,498.7K,593.7K,,NA,instagram,march,2022
643,mosalah,Mohamed Salah,Sports with a ball,,49M,Egypt,1.2M,1.7M,Sports,MAPPED,instagram,march,2022
644,mr_faisu_07,FAISAL SHAIKH,Modeling,Cinema & Actors/actresses,26.9M,India,362K,462.1K,Beauty&Fashion,MAPPED,instagram,march,2022
645,mrbeast,MrBeast,Shows,Humor & Fun & Happiness,18M,United States,1.4M,1.8M,Entertainment,MAPPED,instagram,march,2022
646,ms_puiyi,Siew Pui Yi 🤍,Adult content,,17.2M,United States,384K,491.9K,Other,MAPPED,instagram,march,2022
647,mterstegen1,Marc ter Stegen,Sports with a ball,,13.3M,Spain,280K,422K,Sports,MAPPED,instagram,march,2022
648,myketowers,MICHAEL,Music,,9.4M,Spain,207.9K,376.1K,Music,MAPPED,instagram,march,2022
649,na.jaemin0813,JAEMIN,,,8.8M,Indonesia,1.9M,2.4M,,NA,instagram,march,2022
650,nabilla,Nabilla Vergara ✨,Beauty,,7.2M,France,266.8K,367.4K,Beauty&Fashion,MAPPED,instagram,march,2022
651,nadin_serovski,Nadin Serovski,Family,Lifestyle,9.4M,Russia,515.7K,710.1K,Lifestyle,MAPPED,instagram,march,2022
652,nadine,小宮希美 🤍,Music,Shows,11.1M,Philippines,319.9K,354.6K,Music,MAPPED,instagram,march,2022
653,naileadevora,nai,Shows,,5M,United States,482.4K,712.7K,Entertainment,MAPPED,instagram,march,2022
654,nameisnani,Nani,Sports with a ball,,4.8M,India,517.8K,559K,Sports,MAPPED,instagram,march,2022
655,nancyajram,Nancy Ajram,Music,,32.4M,Iraq,140.3K,179.5K,Music,MAPPED,instagram,march,2022
656,narendramodi,Narendra Modi,Finance & Economics,Business & Careers,66.5M,India,1.5M,1.7M,Knowledge&Info,MAPPED,instagram,march,2022
657,narins_beauty,••Narins Beauty••,Lifestyle,,8.4M,Syria,351.6K,429K,Lifestyle,MAPPED,instagram,march,2022
658,nasa,NASA,Science,Photography,75.3M,India,564.5K,653.2K,Tech&Gaming,MAPPED,instagram,march,2022
659,natalee.007,Natalie Lee,Modeling,Music,6.9M,United States,286.6K,366.1K,Beauty&Fashion,MAPPED,instagram,march,2022
660,natashawilona12,Natasha Wilona,Beauty,,37.5M,Indonesia,233.3K,278.6K,Beauty&Fashion,MAPPED,instagram,march,2022
661,natgeo,National Geographic,Nature & landscapes,Science,214.6M,United States,124.7K,145.5K,Lifestyle,MAPPED,instagram,march,2022
662,natgeotravel,National Geographic Travel,Nature & landscapes,Photography,45.4M,United States,50.6K,56.9K,Lifestyle,MAPPED,instagram,march,2022
663,nattinatasha,NATTI NATASHA,Music,Cinema & Actors/actresses,35.4M,Mexico,281.1K,338.3K,Music,MAPPED,instagram,march,2022
664,navidmohammadzadeh,navid mohammadzadeh,Cinema & Actors/actresses,,8.2M,Iran,541.4K,764K,Entertainment,MAPPED,instagram,march,2022
665,nazriyafahadh,Nazriya Nazim Fahadh,Lifestyle,,5.5M,India,371.8K,497.8K,Lifestyle,MAPPED,instagram,march,2022
666,nba,NBA,Sports with a ball,,65.8M,United States,40.6K,68.2K,Sports,MAPPED,instagram,march,2022
667,ncentineo,Noah,Cinema & Actors/actresses,,17M,Brazil,200.3K,333.6K,Entertainment,MAPPED,instagram,march,2022
668,nct,NCT Official Instagram,Music,,13.6M,Indonesia,624.9K,819.9K,Music,MAPPED,instagram,march,2022
669,nct_dream,NCT DREAM OFFICIAL,,,9.2M,Indonesia,576.3K,642.9K,,NA,instagram,march,2022
670,nct127,NCT 127 Official Instagram,Music,,13.7M,Indonesia,787.2K,972.3K,Music,MAPPED,instagram,march,2022
671,nehakakkar,Neha Kakkar (Mrs. Singh),Music,,68.5M,India,664.8K,774.4K,Music,MAPPED,instagram,march,2022
672,nehasharmaofficial,Neha Sharma 💫,Cinema & Actors/actresses,,13.9M,India,232.8K,267.6K,Entertainment,MAPPED,instagram,march,2022
673,neslihanatagul,Neslihan Atagül Doğulu,Cinema & Actors/actresses,Modeling,13M,Turkey,670.6K,842.6K,Entertainment,MAPPED,instagram,march,2022
674,nessabarrett,ness,,,6.6M,United States,340.2K,461.3K,,NA,instagram,march,2022
675,netflix,Netflix US,Cinema & Actors/actresses,Shows,29.5M,Brazil,65K,105.9K,Entertainment,MAPPED,instagram,march,2022
676,netflixbrasil,Netflix Brasil,Shows,Cinema & Actors/actresses,29.9M,Brazil,103.7K,177.5K,Entertainment,MAPPED,instagram,march,2022
677,neymarjr,NJ 🇧🇷,Sports with a ball,,172M,Brazil,1.6M,2.3M,Sports,MAPPED,instagram,march,2022
678,niallhoran,Niall Horan,Music,,29.4M,United States,1.2M,1.8M,Music,MAPPED,instagram,march,2022
679,nianaguerrero,Niana,Music,Kids & Toys,14M,Indonesia,410.6K,514.8K,Music,MAPPED,instagram,march,2022
680,nicki.nicole,,Music,,11.5M,Argentina,876.2K,1.3M,Music,MAPPED,instagram,march,2022
681,nickiminaj,Barbie,Music,,181.6M,United States,393.7K,615.2K,Music,MAPPED,instagram,march,2022
682,nickjonas,Nick Jonas,Music,Art/Artists,32.3M,United States,164K,233K,Music,MAPPED,instagram,march,2022
683,nickyjam,NICKY JAM,Music,,42.7M,Colombia,290.9K,347K,Music,MAPPED,instagram,march,2022
684,nicolegarcia,NICOLE,Lifestyle,,5.3M,Mexico,384.9K,503.4K,Lifestyle,MAPPED,instagram,march,2022
685,nike,Nike,Fitness & Gym,Shopping & Retail,208.9M,United States,129.5K,175.5K,Sports,MAPPED,instagram,march,2022
686,nikefootball,Nike Football (Soccer),Sports with a ball,Clothing & Outfits,44.3M,Brazil,74.8K,117.4K,Sports,MAPPED,instagram,march,2022
687,nikitadragun,Nikita,Beauty,Modeling,9.1M,United States,368K,562.1K,Beauty&Fashion,MAPPED,instagram,march,2022
688,nikkietutorials,NikkieTutorials,Beauty,,15.6M,United States,353.8K,480.5K,Beauty&Fashion,MAPPED,instagram,march,2022
689,nina,Nina Dobrev,Cinema & Actors/actresses,,25.5M,Brazil,778.5K,1.1M,Entertainment,MAPPED,instagram,march,2022
690,nita_shilimkar,Nita Shilimkar,Fashion,Modeling,10.3M,India,351.1K,464.9K,Beauty&Fashion,MAPPED,instagram,march,2022
691,noahbeck,Noah Beck,Sports with a ball,,9M,United States,317.3K,523K,Sports,MAPPED,instagram,march,2022
692,noahschnapp,Noah Schnapp,Cinema & Actors/actresses,,20.1M,Brazil,1.3M,1.7M,Entertainment,MAPPED,instagram,march,2022
693,nobru,Bruno Goes 🎭,,,13.2M,,0,350.2K,,NA,instagram,march,2022
694,nobru,Bruno Goes 🎭,Machinery & Technologies,Computers & Gadgets,13.2M,,0,350.1K,Tech&Gaming,MAPPED,instagram,march,2022
695,nodal,Christian Nodal 🇲🇽 🌵💚,Music,,8.4M,Mexico,252.4K,415.5K,Music,MAPPED,instagram,march,2022
696,nolimitherbo,G HERBO,Music,Art/Artists,7.4M,United States,156.2K,374.7K,Music,MAPPED,instagram,march,2022
697,noorstars,نور ستارز | Noor Stars,Shows,,12.6M,Iraq,149.5K,199.6K,Entertainment,MAPPED,instagram,march,2022
698,norafatehi,Nora Fatehi,Cinema & Actors/actresses,Music,38.6M,India,865.8K,1.1M,Entertainment,MAPPED,instagram,march,2022
699,normani,Normani,Lifestyle,,7M,United States,313.8K,490.9K,Lifestyle,MAPPED,instagram,march,2022
700,nusr_et,Nusr_et#Saltbae,Food & Cooking,,43.5M,Turkey,192.9K,285.4K,Lifestyle,MAPPED,instagram,march,2022
701,o.dembele7,Believe,Sports with a ball,,10.3M,Spain,468.6K,804K,Sports,MAPPED,instagram,march,2022
702,obj,Odell Beckham Jr,Sports with a ball,,15.8M,United States,339.5K,645.8K,Sports,MAPPED,instagram,march,2022
703,obx,Outer Banks,,,5.4M,United States,587.3K,1.1M,,NA,instagram,march,2022
704,officialslystallone,Sly Stallone,Art/Artists,Cinema & Actors/actresses,14.8M,United States,162.9K,206.3K,Lifestyle,MAPPED,instagram,march,2022
705,offsetyrn,OFFSET,Music,,19.7M,United States,313.3K,559.8K,Music,MAPPED,instagram,march,2022
706,oliviarodrigo,Olivia Rodrigo,Music,Cinema & Actors/actresses,22.9M,India,2.8M,3.5M,Music,MAPPED,instagram,march,2022
707,onwardwanna,"Javon ""Wanna"" Walton",Lifestyle,Cinema & Actors/actresses,5.1M,United States,1M,1.7M,Lifestyle,MAPPED,instagram,march,2022
708,onyourm__ark,Mark,,,8.3M,Indonesia,1.7M,2.1M,,NA,instagram,march,2022
709,oohsehun,SEHUN,Music,,22.9M,Indonesia,1.9M,2.4M,Music,MAPPED,instagram,march,2022
710,ozuna,@ozutochi 🔜 #TemporadaDelOzo,Music,,22.2M,Spain,167.1K,225.3K,Music,MAPPED,instagram,march,2022
711,pablogavi,GAVI,,,3.3M,,0,841.6K,,NA,instagram,march,2022
712,paollaoliveirareal,Paolla Oliveira,Cinema & Actors/actresses,Lifestyle,33.6M,Brazil,127.6K,167.4K,Entertainment,MAPPED,instagram,march,2022
713,parineetichopra,Parineeti Chopra,Cinema & Actors/actresses,,35.2M,India,357.5K,412.1K,Entertainment,MAPPED,instagram,march,2022
714,paulodybala,Paulo Dybala,Sports with a ball,,45.8M,Argentina,662.9K,1.1M,Sports,MAPPED,instagram,march,2022
715,paulolondra,Paulo londra,Music,,12.6M,Argentina,1.2M,1.9M,Music,MAPPED,instagram,march,2022
716,paulpogba,Paul Labile Pogba,Sports with a ball,,52.8M,Brazil,353.4K,628.5K,Sports,MAPPED,instagram,march,2022
717,paulwalker,Paul Walker,Cinema & Actors/actresses,,14.6M,India,217.2K,297.8K,Entertainment,MAPPED,instagram,march,2022
718,paulwesley,Paul Wesley,Cinema & Actors/actresses,,12.2M,Brazil,640K,958K,Entertainment,MAPPED,instagram,march,2022
719,pefabiodemelo,Padre Fábio de Melo,Lifestyle,,25.5M,Brazil,81.6K,122.9K,Lifestyle,MAPPED,instagram,march,2022
720,perrieedwards,Perrie Edwards 🖤,Modeling,,14.5M,Brazil,523.1K,816.7K,Beauty&Fashion,MAPPED,instagram,march,2022
721,perspolis,P e r s e p o l i s,Sports with a ball,,7.6M,Iran,276.5K,393.2K,Sports,MAPPED,instagram,march,2022
722,pewdiepie,PewDiePie,Computers & Gadgets,,21.9M,United States,1.2M,1.4M,Tech&Gaming,MAPPED,instagram,march,2022
723,peytonlist,Peyton List,Cinema & Actors/actresses,,19.7M,United States,360K,541.5K,Entertainment,MAPPED,instagram,march,2022
724,pharrell,𝐒𝐎𝐍 𝐎𝐅 𝐀 𝐏𝐇𝐀𝐑𝐀𝐎𝐇,Music,,13.5M,United States,126.4K,181.1K,Music,MAPPED,instagram,march,2022
725,phil.coutinho,Philippe Coutinho,Sports with a ball,,24.5M,Brazil,456.2K,740.9K,Sports,MAPPED,instagram,march,2022
726,phoebejtonkin,Phoebe Tonkin,Beauty,Cinema & Actors/actresses,8.2M,United States,236.8K,338.6K,Beauty&Fashion,MAPPED,instagram,march,2022
727,phs1116,박형식 / PARKHYUNGSIK,Business & Careers,,9.5M,Indonesia,2M,2.6M,Knowledge&Info,MAPPED,instagram,march,2022
728,playboicarti,,Music,,8M,United States,1.2M,2.1M,Music,MAPPED,instagram,march,2022
729,playstation,PlayStation,Computers & Gadgets,Machinery & Technologies,28.9M,United States,80.5K,99.3K,Tech&Gaming,MAPPED,instagram,march,2022
730,pokimanelol,pokimane ❤,Lifestyle,Shows,6M,United States,526.7K,694.8K,Lifestyle,MAPPED,instagram,march,2022
731,pokrov90,АНЯ ПОКРОВ - АНТИГРУСТИН🥑❤️,Shows,,7.3M,Russia,350.3K,408.1K,Entertainment,MAPPED,instagram,march,2022
732,polo.capalot,Polo.G🐐,Music,Lifestyle,10.2M,United States,416.9K,685.7K,Music,MAPPED,instagram,march,2022
733,pooorblack,Pooorblack,,,4M,Iran,530K,687.4K,,NA,instagram,march,2022
734,porsche,Porsche,Cars & Motorbikes,,26.4M,United States,97.1K,124.4K,Other,MAPPED,instagram,march,2022
735,postmalone,twelve carat toothache,Music,,22.3M,United States,407.3K,623.1K,Music,MAPPED,instagram,march,2022
736,prattprattpratt,Chris Pratt,Cinema & Actors/actresses,,35.5M,United States,193K,250.9K,Entertainment,MAPPED,instagram,march,2022
737,premierleague,Premier League,Sports with a ball,,55.4M,United Kingdom,49.5K,69.5K,Sports,MAPPED,instagram,march,2022
738,prideofgypsies,Jason Momoa,Cinema & Actors/actresses,,16.8M,United States,141K,181.3K,Entertainment,MAPPED,instagram,march,2022
739,prillylatuconsina96,Prilly Latuconsina,Cinema & Actors/actresses,Music,46.6M,Indonesia,56.4K,81.6K,Entertainment,MAPPED,instagram,march,2022
740,priyankachopra,Priyanka,Cinema & Actors/actresses,,75.7M,India,643K,778.2K,Entertainment,MAPPED,instagram,march,2022
741,psg,Paris Saint-Germain,Sports with a ball,,58M,Brazil,295.8K,495K,Sports,MAPPED,instagram,march,2022
742,pubity,Pubity,Humor & Fun & Happiness,,31.6M,United States,214.5K,313.3K,Entertainment,MAPPED,instagram,march,2022
743,pugachevmark,Mark Pugachev,Cars & Motorbikes,Luxury,10M,Russia,358.1K,525.9K,Other,MAPPED,instagram,march,2022
744,quackity,quackity,,,3.2M,United States,666.4K,819.1K,,NA,instagram,march,2022
745,quavohuncho,QuavoHuncho,Music,,20.8M,United States,103K,170.1K,Music,MAPPED,instagram,march,2022
746,raashiikhanna,Raashii Khanna,Cinema & Actors/actresses,Music,8.1M,India,256.6K,305.9K,Entertainment,MAPPED,instagram,march,2022
747,rachel_mypark,박민영 Minyoung Park,Cinema & Actors/actresses,,9.7M,Indonesia,784.6K,977.1K,Entertainment,MAPPED,instagram,march,2022
748,rachelvennya,Rachel Vennya Roland,Kids & Toys,Family,6.7M,Indonesia,176.4K,372.5K,Lifestyle,MAPPED,instagram,march,2022
749,rafaelnadal,Rafa Nadal,Sports with a ball,,14M,Spain,228.7K,286.3K,Sports,MAPPED,instagram,march,2022
750,rafaeluccman,Rafael Uccman,Lifestyle,Modeling,8.6M,Brazil,227.1K,472.9K,Lifestyle,MAPPED,instagram,march,2022
751,rafakalimann,RAFA KALIMANN,Modeling,,22.8M,Brazil,90.9K,163.3K,Beauty&Fashion,MAPPED,instagram,march,2022
752,raffinagita1717,Raffi Ahmad and Nagita Slavina,Shows,,60.6M,Indonesia,37.4K,52.5K,Entertainment,MAPPED,instagram,march,2022
753,rahulkl,KL Rahul👑,Sports with a ball,,11.9M,India,676.9K,788.5K,Sports,MAPPED,instagram,march,2022
754,raisa6690,,Music,,30.4M,Indonesia,60.6K,94K,Music,MAPPED,instagram,march,2022
755,rakulpreet,Rakul Singh,Cinema & Actors/actresses,Modeling,19.2M,India,334.1K,392.5K,Entertainment,MAPPED,instagram,march,2022
756,ranveersingh,Ranveer Singh,Cinema & Actors/actresses,Modeling,38.9M,India,314.7K,408.4K,Entertainment,MAPPED,instagram,march,2022
757,raphaelvarane,Raphael Varane,Sports with a ball,,18.4M,Spain,200.8K,301.4K,Sports,MAPPED,instagram,march,2022
758,rashmika_mandanna,Rashmika Mandanna,Beauty,Art/Artists,30M,India,1.7M,2M,Beauty&Fashion,MAPPED,instagram,march,2022
759,ratantata,Ratan Tata,Business & Careers,,5.9M,India,952.2K,1.1M,Knowledge&Info,MAPPED,instagram,march,2022
760,rauwalejandro,RA’ RAUW,Music,,13.7M,Spain,382.4K,553K,Music,MAPPED,instagram,march,2022
761,realbarbarapalvin,Barbara Palvin,Modeling,Fashion,17.5M,Russia,480.2K,649K,Beauty&Fashion,MAPPED,instagram,march,2022
762,realhinakhan,HK,Cinema & Actors/actresses,,16.7M,India,189.5K,233.6K,Entertainment,MAPPED,instagram,march,2022
763,realmadrid,Real Madrid C.F.,Sports with a ball,,113M,Spain,407.2K,563.1K,Sports,MAPPED,instagram,march,2022
764,realshadmehr,Shadmehr Aghili,Music,,7.6M,Iran,330.2K,460.8K,Music,MAPPED,instagram,march,2022
765,realstraykids,Stray Kids,Music,,20.1M,Indonesia,1.7M,2M,Music,MAPPED,instagram,march,2022
766,redvelvet.smtown,Red Velvet Official,Music,Beauty,11.4M,Indonesia,327.9K,398.9K,Music,MAPPED,instagram,march,2022
767,reesewitherspoon,Reese Witherspoon,Cinema & Actors/actresses,,27.6M,United States,152.5K,183.7K,Entertainment,MAPPED,instagram,march,2022
768,regejean,Regé-Jean Page,,,5.5M,Brazil,473.6K,750.3K,,NA,instagram,march,2022
769,renebaebae,IRENE,Lifestyle,Modeling,9.9M,Indonesia,1.4M,1.7M,Lifestyle,MAPPED,instagram,march,2022
770,residente,René Pérez Joglar,Music,,8.7M,Colombia,480.4K,743.9K,Music,MAPPED,instagram,march,2022
771,reynmen,reyn,Music,Cinema & Actors/actresses,7M,Turkey,418K,531.5K,Music,MAPPED,instagram,march,2022
772,rezagolzar,Mohammad Reza Golzar,Cinema & Actors/actresses,,11.7M,Iran,178.5K,263.1K,Entertainment,MAPPED,instagram,march,2022
773,riaricis1795,RICIS,Lifestyle,,30.3M,Indonesia,868.2K,1.1M,Lifestyle,MAPPED,instagram,march,2022
774,ricky_martin,Ricky Martin,Music,,16.7M,Argentina,141.2K,190.4K,Music,MAPPED,instagram,march,2022
775,rishabpant,Rishabh Pant,Sports with a ball,,6.1M,India,496.5K,589.6K,Sports,MAPPED,instagram,march,2022
776,riteishd,Riteish Deshmukh,Art/Artists,Cinema & Actors/actresses,13.8M,India,282.2K,328.9K,Lifestyle,MAPPED,instagram,march,2022
777,riyadmahrez26.7,RM26,Sports with a ball,,8.5M,Algeria,333.9K,429.9K,Sports,MAPPED,instagram,march,2022
778,riyaz.14,Riyaz Aly,Lifestyle,Art/Artists,26.1M,India,399.8K,519.5K,Lifestyle,MAPPED,instagram,march,2022
779,rizkybillar,Muhammad Rizky Billar,Shows,Beauty,12.6M,Indonesia,322.1K,414.8K,Entertainment,MAPPED,instagram,march,2022
780,rizkyfbian,Salah,,,12.3M,Indonesia,133.1K,203.6K,,NA,instagram,march,2022
781,rkive,RM,,,31.3M,,8.6M,8.6M,,NA,instagram,march,2022
782,robertdowneyjr,Robert Downey Jr. Official,Cinema & Actors/actresses,,51.9M,India,1.6M,2.1M,Entertainment,MAPPED,instagram,march,2022
783,roberto_firmino,ROBERTO FIRMINO,Sports with a ball,,13.2M,Brazil,144.6K,214.9K,Sports,MAPPED,instagram,march,2022
784,rockstargames,Rockstar Games,Computers & Gadgets,,22.3M,United States,108.5K,135.2K,Tech&Gaming,MAPPED,instagram,march,2022
785,rogerfederer,Roger Federer,Sports with a ball,,9.2M,Spain,484.7K,627.9K,Sports,MAPPED,instagram,march,2022
786,rohitsharma45,Rohit Sharma,Sports with a ball,Lifestyle,23.3M,India,1.1M,1.2M,Sports,MAPPED,instagram,march,2022
787,rohittt_09_,𝐑𝐨𝐡𝐢𝐭 𝐙𝐢𝐧𝐣𝐮𝐫𝐤𝐞 ~ 𝐫𝐞𝐚𝐜𝐭𝐢𝐨𝐧𝐛𝐨𝐢 💫,Shows,Lifestyle,21.2M,India,788.7K,1.1M,Entertainment,MAPPED,instagram,march,2022
788,romanreigns,Joe Anoai aka “Roman Reigns”,,,6M,India,383.1K,497.4K,,NA,instagram,march,2022
789,romeosantos,Romeo Santos,Music,,19M,United States,225K,277.9K,Music,MAPPED,instagram,march,2022
790,ronaldinho,Ronaldo de Assis Moreira,Sports with a ball,,65.1M,Brazil,183.8K,317K,Sports,MAPPED,instagram,march,2022
791,rosalia.vt,LA ROSALÍA,Music,,19.5M,Spain,737K,967.1K,Music,MAPPED,instagram,march,2022
792,roses_are_rosie,ROSÉ,Music,,57.5M,Indonesia,4.8M,5.5M,Music,MAPPED,instagram,march,2022
793,ross_lynch,Ross Shor Lynch,Music,Cinema & Actors/actresses,10M,United States,348.3K,695.5K,Music,MAPPED,instagram,march,2022
794,ruben_onsu,Ruben Onsu,Cinema & Actors/actresses,Shows,37.9M,Indonesia,64.2K,79.5K,Entertainment,MAPPED,instagram,march,2022
795,rubyrose,Ruby Rose,Modeling,,18.8M,United States,171.3K,225.7K,Beauty&Fashion,MAPPED,instagram,march,2022
796,rupertgrint,Rupert Grint,,,4.7M,Brazil,579K,821.5K,,NA,instagram,march,2022
797,sabrinacarpenter,Sabrina Carpenter,Music,,27.1M,Brazil,1.1M,1.3M,Music,MAPPED,instagram,march,2022
798,sachintendulkar,Sachin Tendulkar,Sports with a ball,Lifestyle,33.5M,India,333.4K,399.9K,Sports,MAPPED,instagram,march,2022
799,sadiesink_,Sadie Sink,Modeling,Lifestyle,15.3M,Brazil,1.2M,1.7M,Beauty&Fashion,MAPPED,instagram,march,2022
800,sadiomaneofficiel,Sadio Mane,Sports with a ball,,10.4M,United Kingdom,350.7K,500.3K,Sports,MAPPED,instagram,march,2022
801,saharghoreyshiofficialpage,سحر قريشى Sahar Ghoreyshi,Lifestyle,,10.7M,Iran,193.8K,283.9K,Lifestyle,MAPPED,instagram,march,2022
802,saipallavi.senthamarai,Sai Pallavi,,,5.3M,India,819.5K,939.3K,,NA,instagram,march,2022
803,salmahayek,Salma Hayek Pinault,Cinema & Actors/actresses,,20.9M,United States,212.1K,262.5K,Entertainment,MAPPED,instagram,march,2022
804,samantharuthprabhuoffl,Samantha,Beauty,Modeling,22.9M,India,584.9K,701.5K,Beauty&Fashion,MAPPED,instagram,march,2022
805,samoylovaoxana,Samoylova Oxana,Family,Lifestyle,15.2M,Russia,897.6K,1.2M,Lifestyle,MAPPED,instagram,march,2022
806,samsmith,Sam Smith,Music,Fashion,14.6M,United States,223.9K,328.4K,Music,MAPPED,instagram,march,2022
807,sanchooo10,Jadon Sancho,Sports with a ball,,8.3M,United Kingdom,411.4K,719.6K,Sports,MAPPED,instagram,march,2022
808,sandrinna_11,Drinna,Lifestyle,,10.4M,Indonesia,252.2K,321.6K,Lifestyle,MAPPED,instagram,march,2022
809,saraalikhan95,Sara Ali Khan,Cinema & Actors/actresses,,39.7M,India,247.9K,302K,Entertainment,MAPPED,instagram,march,2022
810,sarahhyland,Sarah Hyland,Cinema & Actors/actresses,Lifestyle,9.1M,United States,223K,278.9K,Entertainment,MAPPED,instagram,march,2022
811,sarwendah29,Sarwendah29,Music,Lifestyle,30.8M,Indonesia,75.4K,89.2K,Music,MAPPED,instagram,march,2022
812,sav.labrant,Savannah Rose LaBrant,Family,Lifestyle,7M,United States,597.1K,798.4K,Lifestyle,MAPPED,instagram,march,2022
813,saweetie,icy bae 🌸✨🌱❄️,Cinema & Actors/actresses,,13.1M,United States,144.7K,336.2K,Entertainment,MAPPED,instagram,march,2022
814,sebastianyatra,Sebastian Yatra,Music,Art/Artists,29.3M,Argentina,219.3K,305.6K,Music,MAPPED,instagram,march,2022
815,selenagomez,Selena Gomez,Music,Lifestyle,308.2M,United States,3.3M,4.4M,Music,MAPPED,instagram,march,2022
816,sergioramos,Sergio Ramos,Sports with a ball,,49.7M,Spain,606.9K,930.3K,Sports,MAPPED,instagram,march,2022
817,serna_amini,Serna Amini,,,7.6M,Iran,1.3M,1.8M,,NA,instagram,march,2022
818,shahidkapoor,Shahid Kapoor,Cinema & Actors/actresses,,33.5M,India,506.7K,574.1K,Entertainment,MAPPED,instagram,march,2022
819,shakira,Shakira,Music,,71.9M,India,691.1K,947.2K,Music,MAPPED,instagram,march,2022
820,shawnmendes,Shawn Mendes,Music,,67.4M,Brazil,809.3K,1.2M,Music,MAPPED,instagram,march,2022
821,shaymitchell,Shay Mitchell,Beauty,Family,32.6M,United States,304.8K,426.3K,Beauty&Fashion,MAPPED,instagram,march,2022
822,shehnaazgill,Shehnaaz Gill,Cinema & Actors/actresses,Music,11.3M,India,396.8K,496.3K,Entertainment,MAPPED,instagram,march,2022
823,shikhardofficial,Shikhar Dhawan,Sports with a ball,,10.8M,India,261K,298.4K,Sports,MAPPED,instagram,march,2022
824,shraddhakapoor,Shraddha ✶,Cinema & Actors/actresses,,70.5M,India,1.1M,1.3M,Entertainment,MAPPED,instagram,march,2022
825,shreyaghoshal,shreyaghoshal,Music,,23.7M,India,127.7K,142.5K,Music,MAPPED,instagram,march,2022
826,shreyas41,Shreyas Iyer,Sports with a ball,Lifestyle,5.9M,India,461.7K,575.7K,Sports,MAPPED,instagram,march,2022
827,shxxbi131,B.I,,,3.7M,Indonesia,585.1K,687.3K,,NA,instagram,march,2022
828,sidhu_moosewala,Sidhu Moosewala (ਮੂਸੇ ਆਲਾ),,,6.9M,India,366.6K,445.1K,,NA,instagram,march,2022
829,sidmalhotra,Sidharth Malhotra,Cinema & Actors/actresses,Modeling,18.7M,India,602.4K,750K,Entertainment,MAPPED,instagram,march,2022
830,simaria,Simaria Mendes,Music,,27.6M,Brazil,223.5K,326.2K,Music,MAPPED,instagram,march,2022
831,simoneses,Simone Mendes,Music,,33.7M,Brazil,327.8K,412.2K,Music,MAPPED,instagram,march,2022
832,sinavaliollah,Sina Valiollah,Shows,,6.8M,Iran,376.4K,474.7K,Entertainment,MAPPED,instagram,march,2022
833,sincerooficial,Sincero Oficial,Humor & Fun & Happiness,,21.1M,Brazil,109.5K,212.6K,Entertainment,MAPPED,instagram,march,2022
834,sivakarthikeyan,Sivakarthikeyan Doss,,,4.5M,India,470.6K,554.6K,,NA,instagram,march,2022
835,skawngur,남주혁,Cinema & Actors/actresses,,17.8M,Indonesia,1.8M,2.5M,Entertainment,MAPPED,instagram,march,2022
836,skuukzky,숮이  💄💅👡👠🎀👙🌂👗🌂🎀💋💌,Clothing & Outfits,Music,17.5M,Indonesia,871.4K,1.1M,Beauty&Fashion,MAPPED,instagram,march,2022
837,smriti_mandhana,Smriti Mandhana,Sports with a ball,,5.9M,India,550.9K,637.7K,Sports,MAPPED,instagram,march,2022
838,snoopdogg,snoopdogg,Lifestyle,Music,71.8M,United States,60.9K,85.5K,Lifestyle,MAPPED,instagram,march,2022
839,sofiaalcastro,♡sofia castro,Shows,Cinema & Actors/actresses,8.5M,Colombia,427.4K,582.7K,Entertainment,MAPPED,instagram,march,2022
840,sofiavergara,Sofia Vergara,Cinema & Actors/actresses,,24.8M,United States,109K,143K,Entertainment,MAPPED,instagram,march,2022
841,sommerray,Sommer Ray,Modeling,,26.7M,United States,242.3K,381.3K,Beauty&Fashion,MAPPED,instagram,march,2022
842,somsomi0309,ENNIK,Music,,13.9M,Indonesia,894.6K,1.1M,Music,MAPPED,instagram,march,2022
843,sonamkapoor,Sonam Kapoor Ahuja,Fashion,Modeling,31.9M,India,145.8K,173.5K,Beauty&Fashion,MAPPED,instagram,march,2022
844,songkang_b,송강,,,13.6M,Mexico,2M,2.8M,,NA,instagram,march,2022
845,sonu_sood,Sonu Sood,Cinema & Actors/actresses,,14.1M,India,321.3K,367.6K,Entertainment,MAPPED,instagram,march,2022
846,soohyun_k216,김수현 Kim Soo Hyun 金秀賢,,,13.3M,Indonesia,1.3M,1.6M,,NA,instagram,march,2022
847,sooyaaa__,JISOO🤍,Music,Beauty,58.6M,Indonesia,4.7M,5.4M,Music,MAPPED,instagram,march,2022
848,sooyoungchoi,Sooyoung Choi,Beauty,Lifestyle,6.9M,Indonesia,348.9K,420.7K,Beauty&Fashion,MAPPED,instagram,march,2022
849,sophiedee,Sophie Dee,Adult content,,11.6M,United States,186.3K,248K,Other,MAPPED,instagram,march,2022
850,sophiet,S O P H I E T U R N E R,Cinema & Actors/actresses,,14.9M,United States,515.9K,693.7K,Entertainment,MAPPED,instagram,march,2022
851,soueunavida,Sou Eu Na Vida,Humor & Fun & Happiness,,17.5M,Brazil,204.6K,389.5K,Entertainment,MAPPED,instagram,march,2022
852,sound_of_coups,COUPS,,,3.3M,Indonesia,751.6K,964.1K,,NA,instagram,march,2022
853,soydannyalfaro,Danny Alfaro,Beauty,,8M,Mexico,329.4K,377.4K,Beauty&Fashion,MAPPED,instagram,march,2022
854,soyneiva,Neiva Mara,Adult content,,11.4M,Brazil,212.9K,285.9K,Other,MAPPED,instagram,march,2022
855,spacex,SpaceX,Science,Machinery & Technologies,13.3M,United States,201K,244.9K,Tech&Gaming,MAPPED,instagram,march,2022
856,sportscenter,SportsCenter,Sports with a ball,Shows,30M,United States,125.8K,224.2K,Sports,MAPPED,instagram,march,2022
857,ssinz7,박신혜/Shin Hye Park,Music,Cinema & Actors/actresses,13.5M,Indonesia,1.3M,1.6M,Music,MAPPED,instagram,march,2022
858,staceysolomon,Stacey Solomon,Family,,5.1M,United Kingdom,409.7K,493.6K,Lifestyle,MAPPED,instagram,march,2022
859,starwars,Star Wars,Cinema & Actors/actresses,,14.9M,United States,182K,231.4K,Entertainment,MAPPED,instagram,march,2022
860,staskaranikolaou,Anastasia Karanikolaou,Lifestyle,,10.8M,United States,179.4K,264.1K,Lifestyle,MAPPED,instagram,march,2022
861,stephencurry30,Wardell Curry,Sports with a ball,Family,41.1M,United States,565.7K,757.6K,Sports,MAPPED,instagram,march,2022
862,sthefanematos,STHE ⚓️,Lifestyle,,9.7M,Brazil,256.8K,590.2K,Lifestyle,MAPPED,instagram,march,2022
863,strangerthingstv,Stranger Things Netflix,Cinema & Actors/actresses,Shows,15.6M,Brazil,433.2K,579.5K,Entertainment,MAPPED,instagram,march,2022
864,subo_m,Subhan Mamedov,Shows,,9M,Russia,294.2K,360.4K,Entertainment,MAPPED,instagram,march,2022
865,suga_bighitentertainment,SUGA (민윤기) Updates,Lifestyle,,7.9M,Indonesia,1.2M,1.4M,Lifestyle,MAPPED,instagram,march,2022
866,sunnyleone,Sunny Leone,Beauty,Cinema & Actors/actresses,51.5M,India,312.8K,421.7K,Beauty&Fashion,MAPPED,instagram,march,2022
867,superstar_dewasi99,SUPERSTARDEWASI 99,,,8.7M,India,294.7K,466.5K,,NA,instagram,march,2022
868,sureshraina3,Suresh Raina,Modeling,,19.1M,India,328.7K,371.3K,Beauty&Fashion,MAPPED,instagram,march,2022
869,sydney_sweeney,Sydney Sweeney,Lifestyle,Cinema & Actors/actresses,11.8M,United States,1.8M,3.4M,Lifestyle,MAPPED,instagram,march,2022
870,syifahadjureal,Syifa Hadju,Modeling,,14.9M,Indonesia,295.7K,365K,Beauty&Fashion,MAPPED,instagram,march,2022
871,sza,SZA,Music,,11.6M,United States,748.6K,1.3M,Music,MAPPED,instagram,march,2022
872,t22felton,Tom Felton,Music,Cinema & Actors/actresses,11.9M,United States,223.4K,289.4K,Music,MAPPED,instagram,march,2022
873,taehyung.bighitentertainment,TAEHYUNG (김태형) Updates,Management & Marketing,Music,10.3M,Indonesia,2M,2.1M,Knowledge&Info,MAPPED,instagram,march,2022
874,taeoxo_nct,TAEYONG 태용,,,8.8M,Indonesia,1.3M,1.8M,,NA,instagram,march,2022
875,taeyeon_ss,TaeYeon,Music,,18.3M,South Korea,762K,925.8K,Music,MAPPED,instagram,march,2022
876,taina,Tainá Costa,Music,,15.6M,Brazil,478.3K,998.9K,Music,MAPPED,instagram,march,2022
877,tamannaahspeaks,Tamannaah Bhatia,Music,Cinema & Actors/actresses,15.9M,India,344.4K,401.9K,Music,MAPPED,instagram,march,2022
878,tamerhosny,Tamer Hosny,Music,Cinema & Actors/actresses,22M,Egypt,110.5K,134.1K,Music,MAPPED,instagram,march,2022
879,tatawerneck,Tata Werneck,Cinema & Actors/actresses,Family,52.1M,Brazil,80.8K,123.5K,Entertainment,MAPPED,instagram,march,2022
880,taylor_hill,Taylor Hill,Art/Artists,Fashion,18.9M,United States,115.5K,172.9K,Lifestyle,MAPPED,instagram,march,2022
881,taylorswift,Taylor Swift,Music,,204.7M,Brazil,2.3M,3.1M,Music,MAPPED,instagram,march,2022
882,tchalamet,Timothée Chalamet,Cinema & Actors/actresses,,17.5M,United States,2.3M,3.8M,Entertainment,MAPPED,instagram,march,2022
883,teddysphotos,Ed Sheeran,Music,,37.7M,United States,161K,219.8K,Music,MAPPED,instagram,march,2022
884,tejasswiprakash,Tejasswi Prakash,Beauty,,5.5M,India,424.7K,513.4K,Beauty&Fashion,MAPPED,instagram,march,2022
885,tenlee_1001,TEN_+•10,Music,,9.4M,Indonesia,1.1M,1.4M,Music,MAPPED,instagram,march,2022
886,teyanataylor,Jimmy Neutch- Shumpert,Music,,14.6M,United States,153.9K,261.2K,Music,MAPPED,instagram,march,2022
887,thariqhalilintar,thoriq halilintar,Shows,,6.5M,Indonesia,476.9K,590.2K,Entertainment,MAPPED,instagram,march,2022
888,thebursin,Kerem Bürsin,Cinema & Actors/actresses,,10.3M,Russia,891.2K,1.2M,Entertainment,MAPPED,instagram,march,2022
889,thedeverakonda,Vijay Deverakonda,Cinema & Actors/actresses,,14.8M,India,984.9K,1.2M,Entertainment,MAPPED,instagram,march,2022
890,theellenshow,Ellen DeGeneres,Shows,Cinema & Actors/actresses,116.8M,United States,29.2K,33.3K,Entertainment,MAPPED,instagram,march,2022
891,theestallion,Megan Thee Stallion,Music,,28.2M,United States,504K,879.9K,Music,MAPPED,instagram,march,2022
892,thefatjewish,thefatjewish,Humor & Fun & Happiness,,10.1M,United States,186.9K,244.4K,Entertainment,MAPPED,instagram,march,2022
893,thegirljt,JT🦋,Music,,5.1M,United States,234.4K,641.8K,Music,MAPPED,instagram,march,2022
894,thehughjackman,,Cinema & Actors/actresses,,30.3M,United States,107.1K,122.4K,Entertainment,MAPPED,instagram,march,2022
895,thenameisyash,Yash,Cinema & Actors/actresses,,5.9M,India,813.1K,964.9K,Entertainment,MAPPED,instagram,march,2022
896,thenewclassic,Iggy Azalea,Music,,15.8M,United States,233.6K,378.2K,Music,MAPPED,instagram,march,2022
897,thenotoriousmma,Conor McGregor Official,Fitness & Gym,,45M,United States,435.4K,631.5K,Sports,MAPPED,instagram,march,2022
898,therealcalebmclaughlin,Caleb McLaughlin,Cinema & Actors/actresses,Lifestyle,11.1M,Brazil,278.7K,398.6K,Entertainment,MAPPED,instagram,march,2022
899,therealjosephmorgan,Joseph Morgan,Cinema & Actors/actresses,Lifestyle,7.8M,Brazil,411.3K,514.1K,Entertainment,MAPPED,instagram,march,2022
900,therock,therock,Cinema & Actors/actresses,Fitness & Gym,307M,India,303.4K,396K,Entertainment,MAPPED,instagram,march,2022
901,theshilpashetty,Shilpa Shetty Kundra,Cinema & Actors/actresses,,24.8M,India,107.1K,124K,Entertainment,MAPPED,instagram,march,2022
902,theweeknd,The Weeknd,Music,,37.5M,United States,725.8K,983.9K,Music,MAPPED,instagram,march,2022
903,thiagosilva,Thiago Silva,Sports with a ball,,18.9M,Brazil,122.8K,207.2K,Sports,MAPPED,instagram,march,2022
904,thv,V,,,38.1M,,12.2M,12.2M,,NA,instagram,march,2022
905,tiagopzk,GOTTI A,Music,,4.3M,Argentina,333.4K,761.6K,Music,MAPPED,instagram,march,2022
906,tiffanyyoungofficial,tiffany young,Modeling,Fashion,11.6M,Indonesia,240.5K,301.2K,Beauty&Fashion,MAPPED,instagram,march,2022
907,tigerjackieshroff,Tiger Shroff,Cinema & Actors/actresses,,33.8M,India,331.6K,405K,Entertainment,MAPPED,instagram,march,2022
908,timatiofficial,13,Music,Fitness & Gym,18M,Russia,151.2K,202.4K,Music,MAPPED,instagram,march,2022
909,tinistoessel,tini,Music,,17.4M,Argentina,631.4K,844.7K,Music,MAPPED,instagram,march,2022
910,todayis_wendy,Wendy,,,6.3M,Indonesia,1.1M,1.3M,,NA,instagram,march,2022
911,tombrady,Tom Brady,Sports with a ball,,11.8M,United States,458.6K,847.9K,Sports,MAPPED,instagram,march,2022
912,tomcruise,Tom Cruise,Cinema & Actors/actresses,,6.2M,India,465K,645.7K,Entertainment,MAPPED,instagram,march,2022
913,tommyinnit,TommyInnit,Lifestyle,,3.6M,France,724.8K,817.4K,Lifestyle,MAPPED,instagram,march,2022
914,toni.kr8s,Toni Kroos,Sports with a ball,,31.9M,Germany,178.8K,244.1K,Sports,MAPPED,instagram,march,2022
915,travisscott,flame,Music,,44.8M,United States,1.4M,2.1M,Music,MAPPED,instagram,march,2022
916,trentarnold66,Trent Alexander-Arnold,Lifestyle,Sports with a ball,6.6M,United Kingdom,298.9K,438.3K,Lifestyle,MAPPED,instagram,march,2022
917,trippieredd,555,Music,,12.8M,United States,530.7K,1M,Music,MAPPED,instagram,march,2022
918,troyesivan,troye sivan,Art/Artists,Fashion,12.6M,United States,157.2K,225.6K,Lifestyle,MAPPED,instagram,march,2022
919,trueno,TR1 ⛈,Music,,6.7M,Argentina,479.2K,745.7K,Music,MAPPED,instagram,march,2022
920,twicetagram,TWICE,Music,Modeling,24.6M,Indonesia,1.3M,1.6M,Music,MAPPED,instagram,march,2022
921,txt_bighit,TOMORROW X TOGETHER OFFICIAL,,,11.7M,Indonesia,637.8K,804.9K,,NA,instagram,march,2022
922,tyga,T-Raww,Music,,32.4M,United States,689.2K,1M,Music,MAPPED,instagram,march,2022
923,tylerrjoseph,tyler jøseph,Music,Art/Artists,5.5M,United States,628.2K,941.3K,Music,MAPPED,instagram,march,2022
924,uarmyhope,jhope,,,32.2M,South Korea,8M,8M,,NA,instagram,march,2022
925,urassayas,Urassaya Sperbund,Cinema & Actors/actresses,Modeling,11.4M,Thailand,181.6K,220.8K,Entertainment,MAPPED,instagram,march,2022
926,urstrulymahesh,Mahesh Babu,Cinema & Actors/actresses,,8.1M,India,527.5K,580.4K,Entertainment,MAPPED,instagram,march,2022
927,ursulolita,Úrsula Corberó ✨,Cinema & Actors/actresses,Modeling,24.6M,Brazil,2M,2.9M,Entertainment,MAPPED,instagram,march,2022
928,urvashirautela,URVASHI RAUTELA 🇮🇳,Cinema & Actors/actresses,,46.4M,India,193.4K,229.9K,Entertainment,MAPPED,instagram,march,2022
929,valentinazenere,Valentina Zenere,Modeling,Lifestyle,8.5M,Brazil,259K,315.4K,Beauty&Fashion,MAPPED,instagram,march,2022
930,valeyellow46,Valentino Rossi,Racing Sports,,13.3M,Indonesia,310.5K,405.3K,Sports,MAPPED,instagram,march,2022
931,vancityreynolds,Ryan Reynolds,Cinema & Actors/actresses,,42.4M,United States,325.2K,422.4K,Entertainment,MAPPED,instagram,march,2022
932,vanessahudgens,🔮Vanessa Hudgens🔮,Cinema & Actors/actresses,,44.8M,United States,161.1K,262.3K,Entertainment,MAPPED,instagram,march,2022
933,vanessalopesr_,Vanessa Lopes,Lifestyle,,10.6M,Brazil,171.9K,559.7K,Lifestyle,MAPPED,instagram,march,2022
934,vanessamorgan,Vanessa Morgan,Music,Cinema & Actors/actresses,9.4M,United States,422.3K,600.5K,Music,MAPPED,instagram,march,2022
935,varundvn,VarunDhawan,Cinema & Actors/actresses,,40.9M,India,403.4K,492.3K,Entertainment,MAPPED,instagram,march,2022
936,veradijkmans,DUTCH🇳🇱,Adult content,,5.1M,United States,390.3K,548.6K,Other,MAPPED,instagram,march,2022
937,vickykaushal09,Vicky Kaushal,Cinema & Actors/actresses,,13.2M,India,1.3M,1.5M,Entertainment,MAPPED,instagram,march,2022
938,victoriajustice,Victoria Justice,Music,Cinema & Actors/actresses,21.8M,United States,226.2K,309.8K,Music,MAPPED,instagram,march,2022
939,viihtube,Viih Tube,Cinema & Actors/actresses,,22.9M,Brazil,148K,279.9K,Entertainment,MAPPED,instagram,march,2022
940,vindiesel,Vin Diesel,Cinema & Actors/actresses,,79M,Brazil,440.5K,568.5K,Entertainment,MAPPED,instagram,march,2022
941,vinijr,Vinicius Jr. ⚡️🇧🇷,Sports with a ball,,15.8M,Brazil,909.4K,1.5M,Sports,MAPPED,instagram,march,2022
942,vinniehacker,†,Lifestyle,,5.6M,United States,687K,1.4M,Lifestyle,MAPPED,instagram,march,2022
943,violets.tv,Violet Summers,Adult content,,13.5M,Italy,221.3K,303.5K,Other,MAPPED,instagram,march,2022
944,virat.kohli,Virat Kohli,Sports with a ball,,188.1M,India,3.1M,3.4M,Sports,MAPPED,instagram,march,2022
945,virgilvandijk,Virgil van Dijk,Sports with a ball,,11.5M,United Kingdom,235.4K,333.6K,Sports,MAPPED,instagram,march,2022
946,virginia,Virginia Fonseca Costa,Shows,Lifestyle,35.8M,Brazil,1.4M,2.1M,Entertainment,MAPPED,instagram,march,2022
947,vivi,Vivi Wanderley,Beauty,Lifestyle,13.1M,Brazil,200K,328.4K,Beauty&Fashion,MAPPED,instagram,march,2022
948,vousmevoyez,KRYSTAL,Music,Cinema & Actors/actresses,10.1M,Indonesia,366.6K,475.8K,Music,MAPPED,instagram,march,2022
949,warriors,Golden State Warriors,Lifestyle,Sports with a ball,22.2M,United States,81.7K,112.8K,Lifestyle,MAPPED,instagram,march,2022
950,watanabenaomi703,渡辺直美　Naomi watanabe,Cinema & Actors/actresses,Humor & Fun & Happiness,9.7M,Japan,339K,361K,Entertainment,MAPPED,instagram,march,2022
951,waynerooney,Wayne Rooney,Sports with a ball,Lifestyle,15.5M,United Kingdom,139.8K,201.4K,Sports,MAPPED,instagram,march,2022
952,wdohwan,우도환,Cinema & Actors/actresses,,4.4M,Indonesia,504.8K,669K,Entertainment,MAPPED,instagram,march,2022
953,whinderssonnunes,Whindersson Nunes,Humor & Fun & Happiness,,57.9M,Brazil,988.3K,1.5M,Entertainment,MAPPED,instagram,march,2022
954,wi__wi__wi,위하준 Wi Ha Jun,,,10.2M,South Korea,1.1M,1.4M,,NA,instagram,march,2022
955,wilbursoot,Wilbur Soot,Music,,3.2M,United States,687.5K,883.1K,Music,MAPPED,instagram,march,2022
956,willevy,William  Levy / Actor Producer,Shows,Cinema & Actors/actresses,10.2M,Brazil,382.9K,514.4K,Entertainment,MAPPED,instagram,march,2022
957,willsmith,Will Smith,Cinema & Actors/actresses,Music,62.4M,United States,1.9M,2.4M,Entertainment,MAPPED,instagram,march,2022
958,willyrex,Willyrex,Shows,,8.6M,Spain,324.1K,385.1K,Entertainment,MAPPED,instagram,march,2022
959,winmetawin,Win Metawin O.,Lifestyle,,11.7M,Philippines,1.3M,1.5M,Lifestyle,MAPPED,instagram,march,2022
960,wizkidayo,BIG WIZ🦅,Music,,14.2M,Nigeria,243.3K,473.4K,Music,MAPPED,instagram,march,2022
961,wolfiecindy,Cindy Kimberly,Modeling,Lifestyle,6.9M,United States,226.5K,376.7K,Beauty&Fashion,MAPPED,instagram,march,2022
962,wos.ds3,Valentín Oliva,Music,,6.3M,Argentina,371.2K,567.4K,Music,MAPPED,instagram,march,2022
963,wwiinn_7,WINWIN,,,7M,Indonesia,1.3M,1.5M,,NA,instagram,march,2022
964,xavi,Xavi Hernández,Sports with a ball,,8.1M,Spain,419.4K,629.1K,Sports,MAPPED,instagram,march,2022
965,xeesoxee,한소희,Lifestyle,,8.9M,Indonesia,1.3M,1.7M,Lifestyle,MAPPED,instagram,march,2022
966,xsqueezie,,Music,Lifestyle,7.6M,France,519.4K,607.3K,Music,MAPPED,instagram,march,2022
967,xuminghao_o,The8 디에잇,Music,,4.3M,Indonesia,615.9K,776.2K,Music,MAPPED,instagram,march,2022
968,xxxibgdrgn,권지용(權志龍),Photography,Fashion,20.6M,Indonesia,785.3K,999.1K,Lifestyle,MAPPED,instagram,march,2022
969,xxxtentacion,MAKE OUT HILL,Music,,20.2M,United States,11.8M,20.8M,Music,MAPPED,instagram,march,2022
970,yailinlamasviralreal,Yailin la Mas Viral ♋️🧿,,,4.3M,,0,859.6K,,NA,instagram,march,2022
971,yangyang_x2,YangYang 양양,,,6.1M,Indonesia,863.4K,1.1M,,NA,instagram,march,2022
972,yaocabrera,Yao Cabrera,,,12.2M,Argentina,256K,556.1K,,NA,instagram,march,2022
973,yasminabdelaziz_,Yasmin Abdelaziz,Cinema & Actors/actresses,,15.4M,Egypt,185.7K,219.9K,Entertainment,MAPPED,instagram,march,2022
974,yasmine_sabri,Yasmine Sabri,Cinema & Actors/actresses,Lifestyle,18.4M,Egypt,158.4K,222.8K,Entertainment,MAPPED,instagram,march,2022
975,yastunes,YAS,Music,,8M,Iran,644K,894K,Music,MAPPED,instagram,march,2022
976,yawnzzn,YEONJUN,,,7.4M,,0,4.3M,,NA,instagram,march,2022
977,yefersoncossio,Yef,Lifestyle,,8.8M,Colombia,257K,376.6K,Lifestyle,MAPPED,instagram,march,2022
978,yejinhand,손예진,Cinema & Actors/actresses,,6M,Indonesia,537.1K,699K,Entertainment,MAPPED,instagram,march,2022
979,yellow_3to3,REN JUN,,,5.2M,Indonesia,1.6M,2M,,NA,instagram,march,2022
980,yerimiese,Yeri,Lifestyle,,10.1M,Indonesia,620.3K,768.1K,Lifestyle,MAPPED,instagram,march,2022
981,yihyun_1208,조이현 cho yihyun,,,5.4M,South Korea,1.3M,1.6M,,NA,instagram,march,2022
982,ykaaar,Damiano David/Måneskin,,,5.1M,Italy,968.1K,1.3M,,NA,instagram,march,2022
983,yoona__lim,,Cinema & Actors/actresses,,13.2M,Indonesia,571.6K,683.2K,Entertainment,MAPPED,instagram,march,2022
984,yooncy1,윤찬영 Yoon chanyoung,,,4.9M,South Korea,1.1M,1.3M,,NA,instagram,march,2022
985,youngdae0302,김영대,Music,,3.8M,Indonesia,561.4K,741.4K,Music,MAPPED,instagram,march,2022
986,yugyeom,KYUM,Music,Art/Artists,10.8M,Thailand,634.2K,821.7K,Music,MAPPED,instagram,march,2022
987,yungmiami305,Caresha ..💗💋,Lifestyle,,5.3M,United States,184.6K,547.8K,Lifestyle,MAPPED,instagram,march,2022
988,yuu_taa_1026,YUTA 悠太,,,7.9M,Indonesia,1M,1.3M,,NA,instagram,march,2022
989,yuyacst,𝓨𝒖𝒚𝒂,Modeling,,17.1M,Mexico,389.8K,598.2K,Beauty&Fashion,MAPPED,instagram,march,2022
990,yuzi_chahal23,Yuzvendra Chahal,Lifestyle,Sports with a ball,7.5M,India,311.5K,379.5K,Lifestyle,MAPPED,instagram,march,2022
991,zacefron,Zac Efron,Cinema & Actors/actresses,,52.1M,United States,598.7K,869.3K,Entertainment,MAPPED,instagram,march,2022
992,zachking,Zach King,Shows,Humor & Fun & Happiness,24.5M,Indonesia,413.9K,637.7K,Entertainment,MAPPED,instagram,march,2022
993,zayn,Zayn Malik,Music,,44.9M,India,3.7M,5.8M,Music,MAPPED,instagram,march,2022
994,zefelipecantor,Zé,Music,,23.1M,Brazil,278.1K,487.8K,Music,MAPPED,instagram,march,2022
995,zelenskiy_official,Володимир Зеленський,Cinema & Actors/actresses,Business & Careers,16.4M,Ukraine,174K,208.1K,Entertainment,MAPPED,instagram,march,2022
996,zendaya,Zendaya,Cinema & Actors/actresses,Fashion,136.1M,United States,6.4M,8.6M,Entertainment,MAPPED,instagram,march,2022
997,zidane,zidane,Sports with a ball,,31.2M,Spain,546K,744.1K,Sports,MAPPED,instagram,march,2022
998,zkdlin,KAI,Music,,13.9M,Indonesia,1.3M,1.6M,Music,MAPPED,instagram,march,2022
999,zoeisabellakravitz,Zoë Kravitz,Cinema & Actors/actresses,,8.2M,United States,583K,885.5K,Entertainment,MAPPED,instagram,march,2022
1000,zoesugg,Zoë Sugg,Lifestyle,Business & Careers,9.4M,United Kingdom,208.7K,289.3K,Lifestyle,MAPPED,instagram,march,2022
