rank,handle_youtube,name_youtube,category_1,followers,audience_country,views_avg,likes_avg,comments_avg,category_unified,category_status,_platform,_month,_year
1,tseries,T-Series,Music & Dance,212.1M,India,323.7K,9.8K,290,Music,MAPPED,youtube,march,2022
2,checkgate,Cocomelon - Nursery Rhymes,Education,132.1M,,13.8M,80.9K,,Knowledge&Info,MAPPED,youtube,march,2022
3,setindia,SET India,,130.4M,India,23.6K,314,21,,NA,youtube,march,2022
4,PewDiePie,PewDiePie,Animation,111.4M,United States,1.4M,80.8K,4.6K,Entertainment,MAPPED,youtube,march,2022
5,MrBeast6000,MrBeast,Video games,92.5M,United States,30.6M,1.7M,67.7K,Tech&Gaming,MAPPED,youtube,march,2022
6,✿ Kids Diana Show,✿ Kids Diana Show,Animation,92.4M,,10.6M,46.8K,,Entertainment,MAPPED,youtube,march,2022
7,Like Nastya,Like Nastya,Animation,90.1M,,13.7M,74.2K,,Entertainment,MAPPED,youtube,march,2022
8,WWEFanNation,WWE,Video games,86.9M,United States,76.6K,2.8K,163,Tech&Gaming,MAPPED,youtube,march,2022
9,zeemusiccompany,Zee Music Company,Music & Dance,82.7M,India,108.7K,4.2K,155,Music,MAPPED,youtube,march,2022
10,Vlad and Niki,Vlad and Niki,Toys,80.4M,,7M,42.2K,,Lifestyle,MAPPED,youtube,march,2022
11,5-Minute Crafts,5-Minute Crafts,,76.2M,United States,255.6K,2.1K,68,,NA,youtube,march,2022
12,kidrauhl,Justin Bieber,Music & Dance,68.1M,United States,2.7M,162.7K,7.9K,Music,MAPPED,youtube,march,2022
13,GoldminesTelefilms,Goldmines,,67.9M,India,107.1K,1K,39,,NA,youtube,march,2022
14,CanalKondZilla,Canal KondZilla,Music & Dance,65.5M,Brazil,36.8K,2.3K,153,Music,MAPPED,youtube,march,2022
15,BANGTANTV,BANGTANTV,Music & Dance,65M,United States,2.8M,598.9K,14.2K,Music,MAPPED,youtube,march,2022
16,sabtv,Sony SAB,Movies,64.9M,India,46.5K,899,27,Entertainment,MAPPED,youtube,march,2022
17,ibighit,HYBE LABELS,Music & Dance,64.7M,United States,401.7K,62.3K,2.6K,Music,MAPPED,youtube,march,2022
18,zeetv,Zee TV,,61.5M,India,146.2K,1.8K,17,,NA,youtube,march,2022
19,filmigaane,Shemaroo Filmi Gaane,Music & Dance,59.2M,India,64.5K,631,33,Music,MAPPED,youtube,march,2022
20,corycotton,Dude Perfect,Video games,57.4M,United States,10.3M,375.7K,9.1K,Tech&Gaming,MAPPED,youtube,march,2022
21,SmartBooksMedia,Pinkfong Baby Shark - Kids' Songs & Stories,Animation,56.6M,,412K,1.4K,,Entertainment,MAPPED,youtube,march,2022
22,ChuChu TV Nursery Rhymes & Kids Songs,ChuChu TV Nursery Rhymes & Kids Songs,Education,55.2M,,498.7K,5.4K,,Knowledge&Info,MAPPED,youtube,march,2022
23,Marshmello,Marshmello,Music & Dance,55M,United States,636K,47.4K,4.9K,Music,MAPPED,youtube,march,2022
24,BHOJPURIWAVE,Wave Music,Music & Dance,51.5M,India,85.8K,1.4K,155,Music,MAPPED,youtube,march,2022
25,colorstv,Colors TV,,51.2M,India,20.2K,290,8,,NA,youtube,march,2022
26,aajtaktv,Aaj Tak,News & Politics,50.9M,India,8.9K,128,10,Knowledge&Info,MAPPED,youtube,march,2022
27,sonymusicindiaSME,Sony Music India,Music & Dance,50.3M,India,60.2K,2.6K,75,Music,MAPPED,youtube,march,2022
28,tipsmusic,Tips Official,Music & Dance,49.9M,India,230.8K,1.8K,85,Music,MAPPED,youtube,march,2022
29,ReinoMariaElenaWalsh,El Reino Infantil,Music & Dance,48.9M,,254.4K,1K,,Music,MAPPED,youtube,march,2022
30,LooLooKids,LooLoo Kids - Nursery Rhymes and Children's Songs,Music & Dance,48.7M,,1.7M,7.4K,,Music,MAPPED,youtube,march,2022
31,tseriesbhakti,T-Series Bhakti Sagar,Music & Dance,48.3M,India,26.4K,1.2K,73,Music,MAPPED,youtube,march,2022
32,Badabun,Badabun,,45.5M,Mexico,4.9K,129,14,,NA,youtube,march,2022
33,JuegaGerman,JuegaGerman,Animation,45.5M,Mexico,1.4M,140.7K,4.8K,Entertainment,MAPPED,youtube,march,2022
34,yrf,YRF,Music & Dance,45.3M,India,184.2K,5.5K,104,Music,MAPPED,youtube,march,2022
35,Billie Eilish,Billie Eilish,Music & Dance,45.1M,United States,1.3M,149.7K,7.2K,Music,MAPPED,youtube,march,2022
36,felipeneto,Felipe Neto,,44M,Brazil,280.6K,34K,245,,NA,youtube,march,2022
37,whinderssonnunes,whinderssonnunes,Movies,43.8M,Brazil,140.8K,17K,145,Entertainment,MAPPED,youtube,march,2022
38,BRIGHT SIDE,BRIGHT SIDE,Animation,43.2M,United States,79.7K,1.9K,137,Entertainment,MAPPED,youtube,march,2022
39,KatyPerryMusic,Katy Perry,Music & Dance,42.6M,United States,151.6K,10.7K,824,Music,MAPPED,youtube,march,2022
40,vcsabiavideos,Você Sabia?,,42.6M,Brazil,987.2K,129K,2.7K,,NA,youtube,march,2022
41,infobellshindirhymes,Infobells - Hindi,Education,42.6M,India,883.3K,4.7K,,Knowledge&Info,MAPPED,youtube,march,2022
42,DjWalkzz,Alan Walker,Music & Dance,41.6M,United States,146.7K,12.9K,378,Music,MAPPED,youtube,march,2022
43,sonymusicindiaVEVO,SonyMusicIndiaVEVO,Music & Dance,41.2M,India,2.3K,136,19,Music,MAPPED,youtube,march,2022
44,Like Nastya Show,Like Nastya Show,Animation,40.8M,,723.9K,3.5K,,Entertainment,MAPPED,youtube,march,2022
45,speedrecordss,Speed Records,Music & Dance,40M,India,42.3K,1.8K,79,Music,MAPPED,youtube,march,2022
46,A4,A4,Animation,39M,Russia,12.3M,650.5K,43.9K,Entertainment,MAPPED,youtube,march,2022
47,ABSCBNOnline,ABS-CBN Entertainment,,38.8M,Philippines,1.7K,26,1,,NA,youtube,march,2022
48,getmovies,Get Movies,,38.7M,,542.4K,3K,,,NA,youtube,march,2022
49,LuisitoComunicaa,Luisito Comunica,,38.4M,Mexico,2.4M,74.6K,3.3K,,NA,youtube,march,2022
50,LittleBabyBum,Little Baby Bum - Nursery Rhymes & Kids Songs,Education,38.4M,,489.4K,1.6K,,Knowledge&Info,MAPPED,youtube,march,2022
51,TheEllenShow,TheEllenShow,,38.2M,United States,42.1K,944,54,,NA,youtube,march,2022
52,MashaMedvedTV,Маша и Медведь,Education,37.4M,,1.2M,7.8K,,Knowledge&Info,MAPPED,youtube,march,2022
53,gr6explode,GR6 EXPLODE,Music & Dance,37.2M,Brazil,179.6K,11.4K,190,Music,MAPPED,youtube,march,2022
54,luccasneto,LUCCAS NETO - LUCCAS TOON,Animation,37.1M,Brazil,625.7K,13.3K,,Entertainment,MAPPED,youtube,march,2022
55,venus,Ishtar Music,Music & Dance,36.5M,India,67.8K,790,59,Music,MAPPED,youtube,march,2022
56,Kimberly Loaiza,Kimberly Loaiza,Daily vlogs,36M,Mexico,9.2M,646.5K,42.3K,Lifestyle,MAPPED,youtube,march,2022
57,ShemarooEnt,Shemaroo,,35.8M,India,103.6K,604,18,,NA,youtube,march,2022
58,DaddyYankeeOFFTV,Daddy Yankee,Music & Dance,35.8M,Argentina,1.7M,174.6K,15.8K,Music,MAPPED,youtube,march,2022
59,Voot Kids,Voot Kids,Movies,35.8M,India,2.4M,17.2K,,Entertainment,MAPPED,youtube,march,2022
60,WorkpointOfficial,WorkpointOfficial,,35.6M,Thailand,10.1K,139,7,,NA,youtube,march,2022
61,Toys and Colors,Toys and Colors,Toys,35.1M,,1.1M,2.9K,,Lifestyle,MAPPED,youtube,march,2022
62,shfa,shfa,Daily vlogs,34.9M,France,3.6M,52.4K,,Lifestyle,MAPPED,youtube,march,2022
63,shfa2 - شفا,shfa2 - شفا,Daily vlogs,34.5M,,632.1K,4.5K,,Lifestyle,MAPPED,youtube,march,2022
64,SuperSimpleSongs,Super Simple Songs - Kids Songs,Music & Dance,33.7M,,1.7M,3.7K,,Music,MAPPED,youtube,march,2022
65,Jkk Entertainment,Jkk Entertainment,,33.7M,India,11.3M,103.3K,1.4K,,NA,youtube,march,2022
66,JbalvinTube,J Balvin,Music & Dance,33.3M,Colombia,0,,,Music,MAPPED,youtube,march,2022
67,gmmonetv,one31,,33.3M,Thailand,7K,133,4,,NA,youtube,march,2022
68,vegetta777,VEGETTA777,Video games,32.9M,Mexico,394.2K,31.7K,256,Tech&Gaming,MAPPED,youtube,march,2022
69,Masha and The Bear,Masha and The Bear,Animation,32.8M,,1.2M,7.5K,,Entertainment,MAPPED,youtube,march,2022
70,YouTube,YouTube,,32.8M,United States,41.5K,2K,,,NA,youtube,march,2022
71,Goldmines Gaane Sune Ansune,Goldmines Gaane Sune Ansune,Music & Dance,32.7M,India,65.7K,515,22,Music,MAPPED,youtube,march,2022
72,markiplierGAME,Markiplier,Animation,32.5M,United States,3M,165.3K,6K,Entertainment,MAPPED,youtube,march,2022
73,Like Nastya ESP,Like Nastya ESP,,32.3M,,418.4K,1.7K,,,NA,youtube,march,2022
74,Ryan's World,Ryan's World,Animation,32.1M,,975.2K,4.4K,,Entertainment,MAPPED,youtube,march,2022
75,abpnewstv,ABP NEWS,News & Politics,32.1M,India,2.6K,35,3,Knowledge&Info,MAPPED,youtube,march,2022
76,NoCopyrightSounds,NoCopyrightSounds,Music & Dance,32.1M,United States,535.5K,19.7K,1.2K,Music,MAPPED,youtube,march,2022
77,Desi Music Factory,Desi Music Factory,Music & Dance,32.1M,India,10.8M,396.4K,143.6K,Music,MAPPED,youtube,march,2022
78,Geet MP3,Geet MP3,Music & Dance,31.9M,India,381.4K,25.8K,1K,Music,MAPPED,youtube,march,2022
79,Total Gaming,Total Gaming,,31.7M,India,1.4M,140K,6.8K,,NA,youtube,march,2022
80,Maria Clara & JP,Maria Clara & JP,,31.5M,,2.8M,22.1K,,,NA,youtube,march,2022
81,UltraHindi,Ultra Bollywood,,31.5M,India,88.1K,570,24,,NA,youtube,march,2022
82,tseriesapnapunjab,T-Series Apna Punjab,Music & Dance,31.3M,India,34.3K,1.4K,64,Music,MAPPED,youtube,march,2022
83,SSSniperWolf,SSSniperWolf,Humor,31M,United States,4.9M,141.9K,7.3K,Entertainment,MAPPED,youtube,march,2022
84,Mikecrack,Mikecrack,Animation,30.9M,Mexico,3.8M,277.4K,9.6K,Entertainment,MAPPED,youtube,march,2022
85,GENIAL,GENIAL,Animation,30.9M,Mexico,74.3K,2.4K,83,Entertainment,MAPPED,youtube,march,2022
86,KHANDESHI MOVIES,KHANDESHI MOVIES,,30.9M,India,7.5M,65.8K,931,,NA,youtube,march,2022
87,tv3official,Ch3Thailand,,30.7M,Thailand,120.5K,1.4K,33,,NA,youtube,march,2022
88,Luis Fonsi,Luis Fonsi,,30.5M,United States,37K,2.7K,131,,NA,youtube,march,2022
89,sonypalindia,Sony PAL,,30.5M,India,12.2K,220,17,,NA,youtube,march,2022
90,AllTrapNation,Trap Nation,Music & Dance,30.5M,United States,129.3K,4.7K,136,Music,MAPPED,youtube,march,2022
91,IndiaTV,IndiaTV,News & Politics,30.5M,India,13.6K,219,11,Knowledge&Info,MAPPED,youtube,march,2022
92,cancionesdelagranja,La Granja de Zenón,Music & Dance,30.4M,,623.3K,3.1K,,Music,MAPPED,youtube,march,2022
93,erosentertainment,Eros Now Music,,30.3M,India,64.1K,1K,31,,NA,youtube,march,2022
94,SMTOWN,SMTOWN,Music & Dance,30.2M,United States,478K,54.7K,3.2K,Music,MAPPED,youtube,march,2022
95,MrBean,Mr Bean,,30.1M,India,73.2K,2.2K,69,,NA,youtube,march,2022
96,juptube,Galinha Pintadinha,Music & Dance,29.7M,,10.6M,43.2K,,Music,MAPPED,youtube,march,2022
97,Ricis Official,Ricis Official,Music & Dance,29.7M,Indonesia,782K,51.6K,1.8K,Music,MAPPED,youtube,march,2022
98,rezendeevil,rezendeevil,Video games,29.7M,Brazil,230.7K,28.7K,463,Tech&Gaming,MAPPED,youtube,march,2022
99,AH,AH,Music & Dance,29.6M,Indonesia,1.4M,81.1K,4.4K,Music,MAPPED,youtube,march,2022
100,SpinninRec,Spinnin' Records,Music & Dance,29.5M,United States,70.3K,2.5K,71,Music,MAPPED,youtube,march,2022
101,latenight,The Tonight Show Starring Jimmy Fallon,Music & Dance,29.3M,United States,88.8K,2.2K,121,Music,MAPPED,youtube,march,2022
102,tseriesoldisgold,Bollywood Classics,Music & Dance,28.9M,India,44.4K,530,39,Music,MAPPED,youtube,march,2022
103,rajshri,Rajshri,,28.8M,India,15.4K,109,6,,NA,youtube,march,2022
104,harpalgeo,HAR PAL GEO,,28.6M,Pakistan,7.3K,67,4,,NA,youtube,march,2022
105,DisneyMusicVEVO,DisneyMusicVEVO,Music & Dance,28.5M,United States,2.5M,63.2K,2K,Music,MAPPED,youtube,march,2022
106,UltraRecords,Ultra Music,Music & Dance,28.3M,United States,30.6K,1.2K,48,Music,MAPPED,youtube,march,2022
107,jacksepticeye,jacksepticeye,Video games,28.2M,United States,1.9M,127.6K,5.2K,Tech&Gaming,MAPPED,youtube,march,2022
108,BabyBus - Kids Songs and Cartoons,BabyBus - Kids Songs and Cartoons,Animation,28.1M,,1.1M,4.7K,,Entertainment,MAPPED,youtube,march,2022
109,xoxxxoooxo,The Weeknd,Music & Dance,27.7M,United States,355.6K,25.3K,1.1K,Music,MAPPED,youtube,march,2022
110,TheLateLateShow,The Late Late Show with James Corden,Animation,27.5M,United States,78.1K,1.6K,112,Entertainment,MAPPED,youtube,march,2022
111,ImagineDragons,ImagineDragons,Music & Dance,27.5M,United States,1.6M,95.8K,3.6K,Music,MAPPED,youtube,march,2022
112,TalkingTomCat,Talking Tom,,27.4M,United States,1.2M,3K,,,NA,youtube,march,2022
113,toyoraljanahtv,قناة طيور الجنة | toyoraljanahtv,Music & Dance,27.3M,,143.7K,,,Music,MAPPED,youtube,march,2022
114,theofficialpeppa,Peppa Pig - Official Channel,Toys,26.9M,,2M,9K,,Lifestyle,MAPPED,youtube,march,2022
115,Little Angel: Nursery Rhymes & Kids Songs,Little Angel: Nursery Rhymes & Kids Songs,Toys,26.9M,,1.1M,5.1K,,Lifestyle,MAPPED,youtube,march,2022
116,ARY Digital,ARY Digital,,26.9M,Pakistan,15.1K,143,5,,NA,youtube,march,2022
117,WWRBhojpuri,Worldwide Records Bhojpuri,Music & Dance,26.7M,India,119.6K,1.7K,129,Music,MAPPED,youtube,march,2022
118,SongsOfIndianCinema,Saregama Music,Music & Dance,26.6M,India,31.6K,906,79,Music,MAPPED,youtube,march,2022
119,MrBeast Gaming,MrBeast Gaming,Animation,26.5M,United States,23.3M,732K,44K,Entertainment,MAPPED,youtube,march,2022
120,Wow Kidz,Wow Kidz,Animation,26.5M,,468.2K,4.3K,,Entertainment,MAPPED,youtube,march,2022
121,TheDonato,TheDonato,Video games,26.5M,Mexico,488.1K,56.5K,240,Tech&Gaming,MAPPED,youtube,march,2022
122,GMANETWORK,GMANetwork,,26.4M,Philippines,10K,249,12,,NA,youtube,march,2022
123,infobellstamil,infobells - Tamil,Education,26.2M,,215K,1.2K,,Knowledge&Info,MAPPED,youtube,march,2022
124,TheDiamondMinecart,DanTDM,Video games,26.1M,United States,1.3M,59.5K,3.7K,Tech&Gaming,MAPPED,youtube,march,2022
125,taylorgangent,Wiz Khalifa,Music & Dance,26M,United States,0,,,Music,MAPPED,youtube,march,2022
126,Bounce Patrol - Kids Songs,Bounce Patrol - Kids Songs,Music & Dance,25.8M,,2.8M,7.8K,,Music,MAPPED,youtube,march,2022
127,WorldStarHipHopTV,WORLDSTARHIPHOP,Music & Dance,25.8M,United States,72.7K,2.4K,267,Music,MAPPED,youtube,march,2022
128,VanossGaming,VanossGaming,Animation,25.6M,United States,1.2M,57.5K,624,Entertainment,MAPPED,youtube,march,2022
129,enchufetv,enchufetv,Humor,25.6M,Ecuador,960.6K,99.9K,235,Entertainment,MAPPED,youtube,march,2022
130,infobellstelugu,infobells - Telugu,Education,25.6M,,165.5K,825,,Knowledge&Info,MAPPED,youtube,march,2022
131,LosPolinesios,LosPolinesios,Daily vlogs,25.4M,Mexico,620.9K,45.6K,997,Lifestyle,MAPPED,youtube,march,2022
132,PowerKids,PowerKids,Movies,25.3M,India,18.9K,,,Entertainment,MAPPED,youtube,march,2022
133,Techno Gamerz,Techno Gamerz,,25.2M,India,5M,332.9K,25.8K,,NA,youtube,march,2022
134,1MILLION Dance Studio,1MILLION Dance Studio,,25.2M,India,72.1K,3.8K,57,,NA,youtube,march,2022
135,toycantando,toycantando,Music & Dance,25M,,376.8K,2.3K,,Music,MAPPED,youtube,march,2022
136,smosh,Smosh,Animation,25M,United States,193.4K,10.8K,382,Entertainment,MAPPED,youtube,march,2022
137,xSkyHeLLxx,Renato Garcia,Toys,24.8M,Brazil,1M,112.2K,1.5K,Lifestyle,MAPPED,youtube,march,2022
138,AboFlah,AboFlah,Animation,24.7M,Iraq,0,,,Entertainment,MAPPED,youtube,march,2022
139,zeenews,Zee News,News & Politics,24.5M,India,78.3K,1.3K,80,Knowledge&Info,MAPPED,youtube,march,2022
140,Diana and Roma ESP,Diana and Roma ESP,Animation,24.5M,,982.6K,4.4K,,Entertainment,MAPPED,youtube,march,2022
141,WatchMojo,WatchMojo.com,Movies,24.4M,United States,77.7K,2.3K,231,Entertainment,MAPPED,youtube,march,2022
142,Super JoJo - Nursery Rhymes & Kids Songs,Super JoJo - Nursery Rhymes & Kids Songs,Animation,24.4M,,1.5M,7.5K,,Entertainment,MAPPED,youtube,march,2022
143,Genevieve's Playhouse - Learning Videos for Kids,Genevieve's Playhouse - Learning Videos for Kids,Toys,24.4M,,236.4K,410,,Lifestyle,MAPPED,youtube,march,2022
144,Jess No Limit,Jess No Limit,Music & Dance,24.4M,Indonesia,363.2K,15.4K,1.1K,Music,MAPPED,youtube,march,2022
145,TwiNboTzVids,Lucas and Marcus,Animation,24.4M,United States,472.4K,20.3K,749,Entertainment,MAPPED,youtube,march,2022
146,MR. INDIAN HACKER,MR. INDIAN HACKER,,24.3M,India,5.3M,587.7K,18.9K,,NA,youtube,march,2022
147,jypentertainment,JYP Entertainment,Music & Dance,24.2M,United States,2.3M,455.2K,18.4K,Music,MAPPED,youtube,march,2022
148,Las Ratitas,Las Ratitas,Toys,24.2M,,580.7K,15.5K,,Lifestyle,MAPPED,youtube,march,2022
149,James Charles,James Charles,Beauty,24.2M,United States,1M,54.8K,2.2K,Beauty&Fashion,MAPPED,youtube,march,2022
150,davidguettavevo,David Guetta,Music & Dance,24M,Brazil,267.4K,8.7K,358,Music,MAPPED,youtube,march,2022
151,nickelodeonjuniorfr,Nick Jr.,Toys,24M,,148.7K,361,,Lifestyle,MAPPED,youtube,march,2022
152,व्लाद और निकिता,व्लाद और निकिता,,23.8M,,2.2M,14K,,,NA,youtube,march,2022
153,ZHC,ZHC,Design/art,23.8M,United States,5.2M,195.6K,8.9K,Lifestyle,MAPPED,youtube,march,2022
154,adityamusic,Aditya Music,Music & Dance,23.6M,India,49K,1.2K,36,Music,MAPPED,youtube,march,2022
155,Logan Paul,Logan Paul,Video games,23.4M,United States,4.3M,76.2K,3.9K,Tech&Gaming,MAPPED,youtube,march,2022
156,Rans Entertainment,Rans Entertainment,Music & Dance,23.4M,Indonesia,755.7K,22.9K,675,Music,MAPPED,youtube,march,2022
157,NewOnNetflix,Netflix,Movies,23.2M,United States,265.2K,5K,325,Entertainment,MAPPED,youtube,march,2022
158,Chloe Ting,Chloe Ting,Fitness,23.2M,United States,375.7K,17.3K,783,Sports,MAPPED,youtube,march,2022
159,Troom Troom,Troom Troom,Toys,23M,United States,339.2K,3.7K,107,Lifestyle,MAPPED,youtube,march,2022
160,Masha y el Oso,Masha y el Oso,Animation,23M,,891.3K,5.8K,,Entertainment,MAPPED,youtube,march,2022
161,Raffy Tulfo in Action,Raffy Tulfo in Action,Music & Dance,23M,Philippines,399.4K,5.8K,773,Music,MAPPED,youtube,march,2022
162,SesameStreet,Sesame Street,Music & Dance,22.8M,,237.4K,790,,Music,MAPPED,youtube,march,2022
163,JellyYT,Jelly,Video games,22.8M,United States,260K,13.2K,450,Tech&Gaming,MAPPED,youtube,march,2022
164,ColdplayVEVO,Coldplay,Music & Dance,22.8M,United States,66.2K,6.9K,188,Music,MAPPED,youtube,march,2022
165,Diana and Roma HIN,Diana and Roma HIN,,22.6M,,251.1K,1.6K,,,NA,youtube,march,2022
166,Mister Max,Mister Max,DIY & Life Hacks,22.6M,Russia,988.2K,22.4K,879,Lifestyle,MAPPED,youtube,march,2022
167,mildicasdemulher,Erlania e Valentina Pontes,,22.5M,Brazil,300.1K,5K,,,NA,youtube,march,2022
168,Vlad và Nikita,Vlad và Nikita,Music & Dance,22.4M,,1.3M,6.7K,,Music,MAPPED,youtube,march,2022
169,DrossRotzank,DrossRotzank,News & Politics,22.4M,Mexico,2.1M,151.6K,8.1K,Knowledge&Info,MAPPED,youtube,march,2022
170,Sandeep Maheshwari,Sandeep Maheshwari,Daily vlogs,22.4M,India,652.6K,38.8K,2.3K,Lifestyle,MAPPED,youtube,march,2022
171,ABP NEWS HINDI,ABP NEWS HINDI,News & Politics,22.3M,India,2K,25,6,Knowledge&Info,MAPPED,youtube,march,2022
172,adityacinema,Aditya Movies,,22.3M,India,113.6K,3.3K,130,,NA,youtube,march,2022
173,Goldmines Dishoom,Goldmines Dishoom,,22.2M,,28.5K,292,,,NA,youtube,march,2022
174,THECHAINSMOKERS,The Chainsmokers,Humor,22.2M,United States,62.4K,6.2K,97,Entertainment,MAPPED,youtube,march,2022
175,netdmuzikk,netd müzik,Music & Dance,22M,Turkey,15.5K,355,59,Music,MAPPED,youtube,march,2022
176,Technical Guruji,Technical Guruji,,22M,India,111.4K,9.8K,847,,NA,youtube,march,2022
177,Smile Family,Smile Family,Animation,21.8M,,142.1K,756,,Entertainment,MAPPED,youtube,march,2022
178,gmmgrammyofficial,GMM GRAMMY OFFICIAL,Music & Dance,21.7M,Thailand,2.4K,53,2,Music,MAPPED,youtube,march,2022
179,Anuel AA,Anuel AA,Music & Dance,21.6M,Colombia,104.2K,7.4K,373,Music,MAPPED,youtube,march,2022
180,mmoshaya,mmoshaya,,21.6M,Saudi Arabia,1.8M,35.7K,1.7K,,NA,youtube,march,2022
181,Miss Katy,Miss Katy,Video games,21.4M,Russia,604.8K,11.2K,626,Tech&Gaming,MAPPED,youtube,march,2022
182,VenusMovies,Venus Movies,,21.4M,India,6.3K,64,8,,NA,youtube,march,2022
183,Like Nastya AE,Like Nastya AE,,21.4M,,740.5K,5K,,,NA,youtube,march,2022
184,Frost Diamond,Frost Diamond,Music & Dance,21.2M,Indonesia,395.1K,21.3K,1.2K,Music,MAPPED,youtube,march,2022
185,Tasty,Tasty,Food & Drinks,21M,United States,251.5K,7.9K,239,Lifestyle,MAPPED,youtube,march,2022
186,WHBBP,White Hill Music,Music & Dance,21M,India,23.2K,1.2K,89,Music,MAPPED,youtube,march,2022
187,TEDtalksDirector,TED,,21M,United States,32.7K,919,72,,NA,youtube,march,2022
188,WB Kids,WB Kids,Movies,21M,,68K,659,,Entertainment,MAPPED,youtube,march,2022
189,oRugrat,FaZe Rug,Video games,20.8M,United States,2.5M,105.9K,5.9K,Tech&Gaming,MAPPED,youtube,march,2022
190,5-Minute Crafts DIY,5-Minute Crafts DIY,Music & Dance,20.8M,India,53.4K,648,18,Music,MAPPED,youtube,march,2022
191,AmericasGotTalent,America's Got Talent,,20.8M,United States,284.3K,5.5K,176,,NA,youtube,march,2022
192,CanalCanalha,CanalCanalha,Sports,20.7M,Brazil,1.1M,127.4K,2.1K,Sports,MAPPED,youtube,march,2022
193,hamaarbhojiwood,Wave Music Bhojpuri,Music & Dance,20.6M,India,8.8K,139,30,Music,MAPPED,youtube,march,2022
194,PeppaLatinoAmericano,Peppa Pig Español Latino - Canal Oficial,Toys,20.6M,,734.6K,5.7K,,Lifestyle,MAPPED,youtube,march,2022
195,shemaroomovies,Shemaroo Movies,,20.6M,India,21.8K,264,14,,NA,youtube,march,2022
196,BabyBus - Canciones Infantiles & Cuentos,BabyBus - Canciones Infantiles & Cuentos,Toys,20.6M,,330.9K,1.9K,,Lifestyle,MAPPED,youtube,march,2022
197,Goldmines Bollywood,Goldmines Bollywood,,20.6M,India,32.6K,173,9,,NA,youtube,march,2022
198,Diana and Roma ARA,Diana and Roma ARA,,20.6M,,1.8M,12.8K,,,NA,youtube,march,2022
199,The Lallantop,The Lallantop,News & Politics,20.5M,India,12.9K,313,50,Knowledge&Info,MAPPED,youtube,march,2022
200,FGTeeV,FGTeeV,Animation,20.4M,United States,2.1M,23.5K,2.1K,Entertainment,MAPPED,youtube,march,2022
201,BuzzFeedVideo,BuzzFeedVideo,Daily vlogs,20.4M,United States,56K,1.4K,148,Lifestyle,MAPPED,youtube,march,2022
202,Baim Paula,Baim Paula,Music & Dance,20.4M,Indonesia,1.1M,49.8K,1.9K,Music,MAPPED,youtube,march,2022
203,SSundee,SSundee,Video games,20.4M,United States,3M,141.2K,4.6K,Tech&Gaming,MAPPED,youtube,march,2022
204,Like Nastya PRT,Like Nastya PRT,,20.4M,,670.3K,3.4K,,,NA,youtube,march,2022
205,AuthenticGames,AuthenticGames,Video games,20.2M,Brazil,64.8K,6.1K,229,Tech&Gaming,MAPPED,youtube,march,2022
206,TheFineBros,REACT,Humor,20.2M,United States,89.5K,3K,382,Entertainment,MAPPED,youtube,march,2022
207,Crazy XYZ,Crazy XYZ,,20.2M,India,5.6M,498.5K,14.6K,,NA,youtube,march,2022
208,VEVO,Vevo,Music & Dance,20M,United States,85.6K,804,36,Music,MAPPED,youtube,march,2022
209,DisneyChannelLA,Disney Latinoamérica,,20M,,46.7K,348,,,NA,youtube,march,2022
210,goldmineshindi,Goldmines Movies,,20M,India,8.2K,65,3,,NA,youtube,march,2022
211,PenIndiaPvtLimited,Pen Movies,,20M,India,271K,7.6K,285,,NA,youtube,march,2022
212,HaerteTest,HaerteTest,,20M,India,28K,213,24,,NA,youtube,march,2022
213,SlivkiChanel,SlivkiShow,DIY & Life Hacks,19.8M,Russia,2.8M,295K,55.3K,Lifestyle,MAPPED,youtube,march,2022
214,5-Minute Crafts PLAY,5-Minute Crafts PLAY,,19.8M,India,35.4K,258,15,,NA,youtube,march,2022
215,LazarBeam,LazarBeam,Video games,19.8M,United States,4.2M,160K,5.9K,Tech&Gaming,MAPPED,youtube,march,2022
216,Kids TV - Nursery Rhymes And Baby Songs,Kids TV - Nursery Rhymes And Baby Songs,Animation,19.8M,,174.2K,320,,Entertainment,MAPPED,youtube,march,2022
217,NationalGeographic,National Geographic,,19.8M,United States,45.8K,1.1K,74,,NA,youtube,march,2022
218,Brave Wilderness,Brave Wilderness,,19.8M,United States,400.6K,12.1K,735,,NA,youtube,march,2022
219,BeckyGOfficial,Becky G,Music & Dance,19.8M,United States,57.5K,5K,126,Music,MAPPED,youtube,march,2022
220,Goldmines Cineplex,Goldmines Cineplex,,19.8M,India,15.7K,132,4,,NA,youtube,march,2022
221,NewAFI2013,Indosiar Visual Mandiri,Music & Dance,19.6M,Indonesia,15.7K,264,22,Music,MAPPED,youtube,march,2022
222,rossbollinger,Pencilmation,Animation,19.6M,United States,390.9K,3.4K,96,Entertainment,MAPPED,youtube,march,2022
223,HumNetwork,HUM TV,,19.4M,Pakistan,3K,21,2,,NA,youtube,march,2022
224,PrestonPlayz,Preston,Animation,19.4M,United States,2.8M,68.6K,3.6K,Entertainment,MAPPED,youtube,march,2022
225,Mnet,Mnet K-POP,Music & Dance,19.4M,United States,31.1K,2.6K,112,Music,MAPPED,youtube,march,2022
226,CharliesVlogs,Charlie Puth,Music & Dance,19.2M,United States,464.7K,34K,802,Music,MAPPED,youtube,march,2022
227,Totoy kids - Português,Totoy kids - Português,Toys,19.2M,Brazil,207.4K,1.5K,,Lifestyle,MAPPED,youtube,march,2022
228,GooodLifeFilms,Lyrical Lemonade,,19.2M,United States,335.8K,60.7K,5.7K,,NA,youtube,march,2022
229,RotanaAudio,Rotana,Music & Dance,19.2M,Saudi Arabia,1.3M,22K,533,Music,MAPPED,youtube,march,2022
230,Crafty Panda,Crafty Panda,Music & Dance,19.1M,India,75K,540,15,Music,MAPPED,youtube,march,2022
231,Noor Stars,Noor Stars,Music & Dance,19.1M,Iraq,2M,161.3K,12.1K,Music,MAPPED,youtube,march,2022
232,DLS News,DLS News,News & Politics,19M,India,74.3K,2.5K,146,Knowledge&Info,MAPPED,youtube,march,2022
233,Troom Troom Es,Troom Troom Es,Toys,19M,Mexico,120.5K,2.7K,58,Lifestyle,MAPPED,youtube,march,2022
234,starplus,StarPlus,,19M,India,348.7K,8.3K,68,,NA,youtube,march,2022
235,The ACE Family,The ACE Family,Humor,19M,United States,1.4M,73.8K,3.6K,Entertainment,MAPPED,youtube,march,2022
236,toyorbabytv,toyorbabytv,Music & Dance,18.8M,,100.9K,,,Music,MAPPED,youtube,march,2022
237,gordonramsay,Gordon Ramsay,Food & Drinks,18.8M,United States,218.1K,7.2K,338,Lifestyle,MAPPED,youtube,march,2022
238,gottalentglobal,Got Talent Global,,18.8M,United States,48.3K,751,63,,NA,youtube,march,2022
239,TelenovelaTelevisa,Tlnovelas,ASMR,18.8M,Mexico,26.8K,310,13,Lifestyle,MAPPED,youtube,march,2022
240,Infinite,Infinite,Video games,18.8M,United States,528.7K,24.3K,1.9K,Tech&Gaming,MAPPED,youtube,march,2022
241,MrVivekBindra,Dr. Vivek Bindra: Motivational Speaker,Education,18.8M,India,290K,18.2K,222,Knowledge&Info,MAPPED,youtube,march,2022
242,TheWillyrex,TheWillyrex,Video games,18.6M,Spain,35.1K,2.4K,,Tech&Gaming,MAPPED,youtube,march,2022
243,UltraMovieParlour,Ultra Movie Parlour,,18.6M,India,194.8K,1.2K,31,,NA,youtube,march,2022
244,fatosdesconhecidos,Fatos Desconhecidos,Science & Technology,18.6M,Brazil,242.1K,23.1K,636,Tech&Gaming,MAPPED,youtube,march,2022
245,TheEnaldinhO,Enaldinho,,18.5M,Brazil,365.9K,28.2K,518,,NA,youtube,march,2022
246,Vlad and Niki Arabic,Vlad and Niki Arabic,,18.4M,,2.6M,18.7K,,,NA,youtube,march,2022
247,OfficialClashOfClans,Clash of Clans,News & Politics,18.4M,United States,485.9K,16.1K,280,Knowledge&Info,MAPPED,youtube,march,2022
248,JimmyKimmelLive,Jimmy Kimmel Live,Movies,18.4M,United States,202.9K,4.9K,288,Entertainment,MAPPED,youtube,march,2022
249,MARVEL,Marvel Entertainment,Movies,18.4M,United States,347.2K,26.3K,1K,Entertainment,MAPPED,youtube,march,2022
250,RobinHoodGamer1,Robin Hood Gamer,Animation,18.4M,Brazil,1.3M,59K,1.1K,Entertainment,MAPPED,youtube,march,2022
251,Unbox Therapy,Unbox Therapy,Science & Technology,18.2M,United States,1.3M,17.7K,2K,Tech&Gaming,MAPPED,youtube,march,2022
252,NBA,NBA,Sports,18.2M,United States,49.4K,1.6K,92,Sports,MAPPED,youtube,march,2022
253,Kurzgesagt,Kurzgesagt – In a Nutshell,Education,18.2M,United States,7.7M,354.7K,15.7K,Knowledge&Info,MAPPED,youtube,march,2022
254,TRT Originals Urdu,TRT Originals Urdu,,18.2M,Pakistan,387.9K,17.1K,747,,NA,youtube,march,2022
255,CKN,CKN,Video games,18.2M,,214.3K,1.6K,,Tech&Gaming,MAPPED,youtube,march,2022
256,gmapublicaffairs,GMA Public Affairs,News & Politics,18.1M,Philippines,10.6K,131,10,Knowledge&Info,MAPPED,youtube,march,2022
257,corbuzierprediction,Deddy Corbuzier,,18.1M,Indonesia,3M,66.3K,6.8K,,NA,youtube,march,2022
258,Eva Bravo Play,Eva Bravo Play,,18.1M,,323.9K,2.6K,,,NA,youtube,march,2022
259,★ Kids Roma Show,★ Kids Roma Show,Animation,18M,,1.1M,10.2K,,Entertainment,MAPPED,youtube,march,2022
260,shfa show India,shfa show India,Daily vlogs,18M,,3.3M,19K,,Lifestyle,MAPPED,youtube,march,2022
261,Мирошка ТВ,Мирошка ТВ,,18M,Russia,15.4K,67,,,NA,youtube,march,2022
262,sonotekvideo,Sonotek,Music & Dance,18M,India,34.1K,1.2K,127,Music,MAPPED,youtube,march,2022
263,greengoldtv,Green Gold TV - Official Channel,,18M,,305.5K,2.5K,,,NA,youtube,march,2022
264,Kinder Spielzeug Kanal,Kinder Spielzeug Kanal,Animation,18M,,168.8K,1K,,Entertainment,MAPPED,youtube,march,2022
265,GEN HALILINTAR,GEN HALILINTAR,Music & Dance,18M,Indonesia,747.5K,39.9K,726,Music,MAPPED,youtube,march,2022
266,INCRÍVEL,INCRÍVEL,Animation,17.8M,Brazil,32.5K,1.8K,47,Entertainment,MAPPED,youtube,march,2022
267,turmadamonicaTV,Turma da Mônica,Animation,17.8M,,180.9K,1.8K,,Entertainment,MAPPED,youtube,march,2022
268,DanielSaboya,Dan-Sa / Daniel Saboya,Music & Dance,17.8M,Brazil,33.9K,1.6K,20,Music,MAPPED,youtube,march,2022
269,BritainsGotTalent09,Britain's Got Talent,Music & Dance,17.8M,,122.9K,939,,Music,MAPPED,youtube,march,2022
270,kbsworld,KBS WORLD TV,,17.8M,Philippines,6.3K,211,9,,NA,youtube,march,2022
271,TheOdd1sOut,TheOdd1sOut,Animation,17.7M,United States,0,,,Entertainment,MAPPED,youtube,march,2022
272,Ninja Kidz TV,Ninja Kidz TV,Video games,17.6M,United States,2.5M,22.4K,1.1K,Tech&Gaming,MAPPED,youtube,march,2022
273,Brent Rivera,Brent Rivera,Animation,17.6M,United States,3.9M,281.5K,11.5K,Entertainment,MAPPED,youtube,march,2022
274,PinkPanther,Official Pink Panther,,17.6M,,716.6K,5.9K,,,NA,youtube,march,2022
275,FactTechz,FactTechz,,17.5M,India,791.1K,66.9K,1.9K,,NA,youtube,march,2022
276,Like Nastya Vlog,Like Nastya Vlog,Daily vlogs,17.5M,,752.2K,2.7K,,Lifestyle,MAPPED,youtube,march,2022
277,TheGrefg,TheGrefg,Animation,17.5M,Spain,1.4M,97K,1.5K,Entertainment,MAPPED,youtube,march,2022
278,SockeyeMedia,Mother Goose Club Playhouse,Music & Dance,17.5M,,80.2K,149,,Music,MAPPED,youtube,march,2022
279,Matroix,Ali-A,Video games,17.5M,United States,691.2K,20.1K,847,Tech&Gaming,MAPPED,youtube,march,2022
280,HiMan,HiMan,Video games,17.5M,Russia,1.2M,102.3K,351,Tech&Gaming,MAPPED,youtube,march,2022
281,rhettandlink2,Good Mythical Morning,Food & Drinks,17.5M,United States,1.3M,40.2K,1.4K,Lifestyle,MAPPED,youtube,march,2022
282,CookieSwirlC,CookieSwirlC,Video games,17.5M,United States,411.8K,4.7K,842,Tech&Gaming,MAPPED,youtube,march,2022
283,ElTrollino,ElTrollino,Animation,17.5M,Mexico,3.3M,101K,2.5K,Entertainment,MAPPED,youtube,march,2022
284,Naisa Alifia Yuriza (N.A.Y),Naisa Alifia Yuriza (N.A.Y),Music & Dance,17.5M,Indonesia,504.7K,19.9K,757,Music,MAPPED,youtube,march,2022
285,EeOneGuy,EeOneGuy,,17.5M,Russia,794K,47K,5.6K,,NA,youtube,march,2022
286,Stubborn Facts,Stubborn Facts,,17.3M,India,97K,3K,127,,NA,youtube,march,2022
287,TheElenaYa,Diana and Roma EN,Animation,17.3M,,607K,2.3K,,Entertainment,MAPPED,youtube,march,2022
288,MiawAug,MiawAug,Video games,17.3M,Indonesia,1.3M,67.3K,4.9K,Tech&Gaming,MAPPED,youtube,march,2022
289,rsiammusic,RsiamMusic : อาร์สยาม,Music & Dance,17.3M,Thailand,8.4K,306,10,Music,MAPPED,youtube,march,2022
290,Emiway Bantai,Emiway Bantai,Music & Dance,17.3M,India,864.4K,106.6K,7.3K,Music,MAPPED,youtube,march,2022
291,Netflix India,Netflix India,ASMR,17.3M,India,61.9K,2.8K,72,Lifestyle,MAPPED,youtube,march,2022
292,farrukotv,Farruko,Music & Dance,17.3M,United States,493.2K,22.3K,807,Music,MAPPED,youtube,march,2022
293,dj47maryn,Marmok,Video games,17.3M,Russia,3.8M,437.5K,15.1K,Tech&Gaming,MAPPED,youtube,march,2022
294,portadosfundos,Porta dos Fundos,Movies,17.3M,Brazil,639.8K,62.8K,808,Entertainment,MAPPED,youtube,march,2022
295,BabyBus - Cerita & Lagu Anak-anak,BabyBus - Cerita & Lagu Anak-anak,Toys,17.1M,,926.4K,5.7K,,Lifestyle,MAPPED,youtube,march,2022
296,Willyrex,Willyrex,Video games,17.1M,Mexico,147.5K,10K,96,Tech&Gaming,MAPPED,youtube,march,2022
297,SCTVIndonesia,Surya Citra Televisi,Music & Dance,17.1M,Indonesia,23.6K,433,39,Music,MAPPED,youtube,march,2022
298,SebastianYatra,Sebastián Yatra,Music & Dance,17.1M,Colombia,1.8M,55.5K,1.2K,Music,MAPPED,youtube,march,2022
299,Little Angel Español - Canciones Infantiles,Little Angel Español - Canciones Infantiles,Animation,17.1M,,1.2M,7.5K,,Entertainment,MAPPED,youtube,march,2022
300,ThePoznavatel,Познаватель,Toys,16.9M,Russia,3.4M,92.3K,3.2K,Lifestyle,MAPPED,youtube,march,2022
301,A_S Gaming,A_S Gaming,,16.9M,India,1.1M,102.3K,2.1K,,NA,youtube,march,2022
302,RobleisIUTU,RobleisIUTU,Animation,16.9M,Argentina,1.2M,79.3K,2.3K,Entertainment,MAPPED,youtube,march,2022
303,Guava Juice,Guava Juice,,16.9M,United States,73.6K,2.1K,75,,NA,youtube,march,2022
304,D Billions,D Billions,,16.9M,,1.2M,2K,,,NA,youtube,march,2022
305,kidstvsongs,Doggy Doggy Cartoons,,16.9M,,14.6K,172,,,NA,youtube,march,2022
306,aMOODIEsqueezie,SQUEEZIE,,16.9M,France,5.3M,430.4K,5.4K,,NA,youtube,march,2022
307,Vania Mania Kids,Vania Mania Kids,Toys,16.7M,,361.7K,2.2K,,Lifestyle,MAPPED,youtube,march,2022
308,Heidi & Zidane बच्चों की कहानियाँ,Heidi & Zidane बच्चों की कहानियाँ,Daily vlogs,16.7M,,414.3K,3.1K,,Lifestyle,MAPPED,youtube,march,2022
309,The Royalty Family,The Royalty Family,Humor,16.7M,United States,2.8M,81.7K,10.7K,Entertainment,MAPPED,youtube,march,2022
310,musicalrmastv,الـريماس - Al-Remas,Music & Dance,16.7M,Iraq,66.5K,3.3K,166,Music,MAPPED,youtube,march,2022
311,Masha e o Urso,Masha e o Urso,,16.7M,,346.3K,2.8K,,,NA,youtube,march,2022
312,grammygoldofficia,Grammy Gold Official,Music & Dance,16.7M,Thailand,12.1K,198,19,Music,MAPPED,youtube,march,2022
313,IGNentertainment,IGN,Movies,16.5M,United States,65.8K,1.5K,150,Entertainment,MAPPED,youtube,march,2022
314,Sun TV,Sun TV,,16.5M,India,92.1K,1.6K,32,,NA,youtube,march,2022
315,TEDEducation,TED-Ed,Science & Technology,16.5M,United States,330.2K,15.1K,633,Tech&Gaming,MAPPED,youtube,march,2022
316,JasonDerulo,Jason Derulo,Music & Dance,16.5M,United States,73.9K,5.2K,81,Music,MAPPED,youtube,march,2022
317,Tu COSMOPOLIS,Tu COSMOPOLIS,Daily vlogs,16.5M,Mexico,211.1K,17.1K,1.2K,Lifestyle,MAPPED,youtube,march,2022
318,jquintanac5,DeToxoMoroxo,Movies,16.5M,Mexico,835.1K,37.5K,10.6K,Entertainment,MAPPED,youtube,march,2022
319,LankyBox,LankyBox,Video games,16.5M,United States,1.1M,15.2K,500,Tech&Gaming,MAPPED,youtube,march,2022
320,Beast Reacts,Beast Reacts,,16.4M,United States,10.3M,345.4K,9.1K,,NA,youtube,march,2022
321,etvteluguindia,etvteluguindia,,16.4M,India,35.1K,305,,,NA,youtube,march,2022
322,ArabGamesNetwork,شبكة العاب العرب | Arab Games Network,,16.4M,Algeria,318.3K,28.9K,1.1K,,NA,youtube,march,2022
323,invictorgs3,invictor,Video games,16.4M,Mexico,2.9M,97.4K,2.2K,Tech&Gaming,MAPPED,youtube,march,2022
324,Vlad and Niki IDN,Vlad and Niki IDN,Music & Dance,16.3M,,469.2K,2.5K,,Music,MAPPED,youtube,march,2022
325,STARVIJAY,Vijay Television,,16.3M,India,358.5K,8.3K,111,,NA,youtube,march,2022
326,TheBrianMaps,TheBrianMaps,Video games,16.3M,Russia,2.6M,314.6K,12.7K,Tech&Gaming,MAPPED,youtube,march,2022
327,Rafa & Luiz,Rafa & Luiz,Video games,16.3M,Brazil,579.7K,39.2K,1.4K,Tech&Gaming,MAPPED,youtube,march,2022
328,IDEAS EN 5 MINUTOS,IDEAS EN 5 MINUTOS,,16.3M,Mexico,28.9K,474,13,,NA,youtube,march,2022
329,SUPER SLICK SLIME SAM,SUPER SLICK SLIME SAM,DIY & Life Hacks,16.2M,Mexico,228.2K,7.3K,268,Lifestyle,MAPPED,youtube,march,2022
330,Jane ASMR 제인,Jane ASMR 제인,Daily vlogs,16.1M,United States,438.7K,8.6K,498,Lifestyle,MAPPED,youtube,march,2022
331,AnittaOficial,Anitta,Music & Dance,16.1M,Brazil,316.4K,12.3K,488,Music,MAPPED,youtube,march,2022
332,jeffreestar,jeffreestar,Beauty,16.1M,United States,878.5K,36.7K,3.2K,Beauty&Fashion,MAPPED,youtube,march,2022
333,Canal IN,Canal IN,Toys,16.1M,Brazil,26.2K,1.6K,16,Lifestyle,MAPPED,youtube,march,2022
334,Sandra Cires Art,Sandra Cires Art,,16.1M,Colombia,1.4M,76K,3.6K,,NA,youtube,march,2022
335,iberethenorio,Manual do Mundo,Science & Technology,16.1M,Brazil,488.8K,69.8K,740,Tech&Gaming,MAPPED,youtube,march,2022
336,Antrax,Antrax,Video games,16.1M,Mexico,935.8K,88.1K,543,Tech&Gaming,MAPPED,youtube,march,2022
337,zbingzbing,zbing z.,Animation,15.9M,Thailand,657.3K,26.3K,1.1K,Entertainment,MAPPED,youtube,march,2022
338,Kiddiestv Hindi - Nursery Rhymes & Kids Songs,Kiddiestv Hindi - Nursery Rhymes & Kids Songs,Education,15.9M,United States,67.3K,507,,Knowledge&Info,MAPPED,youtube,march,2022
339,littlemixmusic,Little Mix,Music & Dance,15.9M,United States,104.2K,10K,160,Music,MAPPED,youtube,march,2022
340,Prajapati News,Prajapati News,,15.8M,India,46.3K,2.1K,95,,NA,youtube,march,2022
341,Kaykai Salaider,Kaykai Salaider,Movies,15.7M,Thailand,1.4M,104K,8.2K,Entertainment,MAPPED,youtube,march,2022
342,Kids Play,Kids Play,,15.7M,,120.2K,957,,,NA,youtube,march,2022
343,boyceavenue,Boyce Avenue,Music & Dance,15.7M,Brazil,338.5K,8K,355,Music,MAPPED,youtube,march,2022
344,failarmy,FailArmy,Animation,15.7M,United States,2.2M,19.9K,642,Entertainment,MAPPED,youtube,march,2022
345,Apple,Apple,,15.7M,,4.3M,35K,,,NA,youtube,march,2022
346,DopeLyrics,DopeLyrics,Music & Dance,15.7M,United States,31.7K,615,50,Music,MAPPED,youtube,march,2022
347,DUDU e CAROL,DUDU e CAROL,Toys,15.7M,Brazil,1.4M,65.9K,142,Lifestyle,MAPPED,youtube,march,2022
348,queenofficial,Queen Official,Music & Dance,15.7M,United States,123.3K,4.2K,491,Music,MAPPED,youtube,march,2022
349,movieclipsTRAILERS,Movieclips Trailers,Movies,15.7M,United States,58.2K,903,74,Entertainment,MAPPED,youtube,march,2022
350,MatthewPatrick13,The Game Theorists,Science & Technology,15.7M,United States,3.1M,163.8K,8.2K,Tech&Gaming,MAPPED,youtube,march,2022
351,lescopaque,Les' Copaque Production,,15.6M,Indonesia,350.1K,7.7K,99,,NA,youtube,march,2022
352,Khan GS Research Centre,Khan GS Research Centre,Education,15.6M,India,9.1M,641.5K,44.7K,Knowledge&Info,MAPPED,youtube,march,2022
353,TRANSTVofficial,TRANS TV Official,Music & Dance,15.5M,Indonesia,373,5,,Music,MAPPED,youtube,march,2022
354,SonyMusicSouthVEVO,SonyMusicSouthVEVO,Music & Dance,15.5M,India,110.2K,4.1K,40,Music,MAPPED,youtube,march,2022
355,RomanAtwoodVlogs,Roman Atwood Vlogs,Humor,15.5M,United States,677.4K,33.8K,1.2K,Entertainment,MAPPED,youtube,march,2022
356,marquesbrownlee,Marques Brownlee,Science & Technology,15.5M,United States,2.9M,119.2K,6.5K,Tech&Gaming,MAPPED,youtube,march,2022
357,Village Cooking Channel,Village Cooking Channel,,15.5M,India,8.2M,254.8K,4.5K,,NA,youtube,march,2022
358,vice,VICE,News & Politics,15.5M,United States,257.5K,5.6K,767,Knowledge&Info,MAPPED,youtube,march,2022
359,Aayu and Pihu Show,Aayu and Pihu Show,Movies,15.5M,India,4.3M,111.3K,7.7K,Entertainment,MAPPED,youtube,march,2022
360,हिंदी - Genevieve's Playhouse,हिंदी - Genevieve's Playhouse,Education,15.5M,,1.1M,9.4K,,Knowledge&Info,MAPPED,youtube,march,2022
361,Kids Channel India - Hindi Rhymes and Baby Songs,Kids Channel India - Hindi Rhymes and Baby Songs,Music & Dance,15.5M,,114.4K,731,,Music,MAPPED,youtube,march,2022
362,tanboy kun,tanboy kun,Music & Dance,15.4M,Indonesia,2.2M,56.8K,2K,Music,MAPPED,youtube,march,2022
363,El Reino a Jugar,El Reino a Jugar,Toys,15.4M,,317.3K,1.2K,,Lifestyle,MAPPED,youtube,march,2022
364,Triggered Insaan,Triggered Insaan,Humor,15.4M,India,6.4M,800.9K,26.5K,Entertainment,MAPPED,youtube,march,2022
365,monstafluffmusicTV,7clouds,Music & Dance,15.3M,United States,185.4K,3K,140,Music,MAPPED,youtube,march,2022
366,Dyland PROS,Dyland PROS,Music & Dance,15.3M,Indonesia,92.1K,7.7K,448,Music,MAPPED,youtube,march,2022
367,Camila Cabello,Camila Cabello,Music & Dance,15.3M,United States,109.4K,14.2K,146,Music,MAPPED,youtube,march,2022
368,JenniferLopez,Jennifer Lopez,Fashion,15.3M,United States,401.9K,12.1K,1.2K,Beauty&Fashion,MAPPED,youtube,march,2022
369,MegatoadStonie,Matt Stonie,Food & Drinks,15.3M,United States,0,,,Lifestyle,MAPPED,youtube,march,2022
370,AdMe.ru - Сайт о творчестве,AdMe.ru - Сайт о творчестве,Animation,15.3M,Russia,51.9K,1.5K,83,Entertainment,MAPPED,youtube,march,2022
371,Zappy Toons - Hindi Nursery Rhymes and Stories,Zappy Toons - Hindi Nursery Rhymes and Stories,Education,15.3M,,120.6K,665,,Knowledge&Info,MAPPED,youtube,march,2022
372,Blippi - Educational Videos for Kids,Blippi - Educational Videos for Kids,Education,15.3M,,1.2M,4.3K,,Knowledge&Info,MAPPED,youtube,march,2022
373,Ivana Alawi,Ivana Alawi,Daily vlogs,15.3M,Philippines,2.7M,122.6K,11K,Lifestyle,MAPPED,youtube,march,2022
374,Oyuncak Avı,Oyuncak Avı,,15.3M,,126.2K,,,,NA,youtube,march,2022
375,Jason Vlogs,Jason Vlogs,Toys,15.3M,,273.1K,1.6K,,Lifestyle,MAPPED,youtube,march,2022
376,portalfitdance,FitDance,Music & Dance,15.1M,Brazil,46.3K,1.3K,23,Music,MAPPED,youtube,march,2022
377,Kerajinan 5-Menit,Kerajinan 5-Menit,Music & Dance,15.1M,Indonesia,20.8K,221,10,Music,MAPPED,youtube,march,2022
378,TheRichest,TheRichest,News & Politics,15.1M,United States,17.3K,588,45,Knowledge&Info,MAPPED,youtube,march,2022
379,Goldmines Great Indian Comedy,Goldmines Great Indian Comedy,,15.1M,India,11.4K,122,6,,NA,youtube,march,2022
380,popchartbusters,Pop Chartbusters,Music & Dance,15.1M,India,20.2K,366,21,Music,MAPPED,youtube,march,2022
381,OGatoGalactico,Gato Galactico | GALÁXIA,Toys,15.1M,Brazil,79.6K,4.7K,106,Lifestyle,MAPPED,youtube,march,2022
382,wifistudy,wifistudy,Education,15M,India,7.4K,645,15,Knowledge&Info,MAPPED,youtube,march,2022
383,ntvru,НТВ,News & Politics,15M,Russia,82.3K,901,216,Knowledge&Info,MAPPED,youtube,march,2022
384,Dhar Mann,Dhar Mann,Health & Self Help,15M,United States,6.2M,140.9K,6.3K,Knowledge&Info,MAPPED,youtube,march,2022
385,حِرف إبداعية في 5 دقائق,حِرف إبداعية في 5 دقائق,,14.9M,Egypt,22.6K,386,23,,NA,youtube,march,2022
386,KSIOlajidebtHD,JJ Olatunji,Animation,14.9M,United States,4.8M,429.5K,9.6K,Entertainment,MAPPED,youtube,march,2022
387,kwebbelkop,Kwebbelkop,Animation,14.9M,United States,218.8K,17.5K,882,Entertainment,MAPPED,youtube,march,2022
388,RCTI - LAYAR DRAMA INDONESIA,RCTI - LAYAR DRAMA INDONESIA,Music & Dance,14.9M,Indonesia,26.1K,455,23,Music,MAPPED,youtube,march,2022
389,Junya Official Channel,Junya Official Channel,,14.9M,Japan,407.2K,2K,43,,NA,youtube,march,2022
390,makeuplocalypse,Mariale,,14.9M,Mexico,241.3K,13.5K,475,,NA,youtube,march,2022
391,ranziscool,Ranz Kyle,Humor,14.9M,Philippines,362.3K,15K,507,Entertainment,MAPPED,youtube,march,2022
392,Makiman131,Makiman131,Video games,14.9M,Spain,393.8K,25.4K,795,Tech&Gaming,MAPPED,youtube,march,2022
393,Lachlan,Lachlan,Video games,14.9M,United States,864.6K,34.6K,935,Tech&Gaming,MAPPED,youtube,march,2022
394,IDEIAS INCRÍVEIS,IDEIAS INCRÍVEIS,,14.7M,Brazil,15.4K,331,9,,NA,youtube,march,2022
395,IISuperwomanII,Lilly Singh,Animation,14.7M,United States,94.8K,6.6K,103,Entertainment,MAPPED,youtube,march,2022
396,TalkingFriends,Talking Tom & Friends,Animation,14.7M,United States,445.8K,4.3K,,Entertainment,MAPPED,youtube,march,2022
397,CanalTaBombando,LEGENDA FUNK,Music & Dance,14.7M,Brazil,9.3K,529,22,Music,MAPPED,youtube,march,2022
398,Planeta das Gêmeas,Planeta das Gêmeas,Toys,14.7M,Brazil,531.2K,23.2K,22,Lifestyle,MAPPED,youtube,march,2022
399,Dave and Ava - Nursery Rhymes and Baby Songs,Dave and Ava - Nursery Rhymes and Baby Songs,Education,14.7M,,449.1K,1.9K,,Knowledge&Info,MAPPED,youtube,march,2022
400,5-Minute Crafts FAMILY,5-Minute Crafts FAMILY,,14.6M,United States,21.5K,242,12,,NA,youtube,march,2022
401,Sony AATH,Sony AATH,,14.6M,Bangladesh,138K,3.2K,114,,NA,youtube,march,2022
402,AMARINTV : อมรินทร์ทีวี,AMARINTV : อมรินทร์ทีวี,News & Politics,14.6M,Thailand,13.1K,148,21,Knowledge&Info,MAPPED,youtube,march,2022
403,Super Polina,Super Polina,,14.6M,,40.2K,211,,,NA,youtube,march,2022
404,LOKESH GAMER,LOKESH GAMER,,14.5M,India,657.3K,85.7K,3.2K,,NA,youtube,march,2022
405,News24page,News24,News & Politics,14.5M,India,9.5K,186,19,Knowledge&Info,MAPPED,youtube,march,2022
406,Niana Guerrero,Niana Guerrero,Music & Dance,14.5M,Philippines,732.4K,41K,1.6K,Music,MAPPED,youtube,march,2022
407,SriBalajiMovies,SriBalajiMovies,,14.5M,India,83.5K,2.2K,8,,NA,youtube,march,2022
408,Drawblogs,Drawblogs,Movies,14.5M,Mexico,0,,,Entertainment,MAPPED,youtube,march,2022
409,Sidemen,Sidemen,Video games,14.5M,United Kingdom,5.9M,276.4K,9.5K,Tech&Gaming,MAPPED,youtube,march,2022
410,zncoficial,Zé Neto e Cristiano,Music & Dance,14.5M,Brazil,5.3M,44K,643,Music,MAPPED,youtube,march,2022
411,Super Senya,Super Senya,Animation,14.5M,,30.5K,152,,Entertainment,MAPPED,youtube,march,2022
412,newvolgavideo,Volga Video,,14.5M,India,2.9K,18,1,,NA,youtube,march,2022
413,rkddigital,RKD Studios,Movies,14.5M,India,42.6K,870,39,Entertainment,MAPPED,youtube,march,2022
414,hejproducao,Henrique e Juliano,Music & Dance,14.5M,Brazil,96.8K,4.1K,75,Music,MAPPED,youtube,march,2022
415,MattyBRaps,MattyBRaps,Music & Dance,14.5M,United States,512.6K,8K,413,Music,MAPPED,youtube,march,2022
416,collegehumor,CollegeHumor,Humor,14.5M,United States,194.6K,8.4K,360,Entertainment,MAPPED,youtube,march,2022
417,popskids,POPS Kids,Animation,14.5M,Poland,15.9K,61,,Entertainment,MAPPED,youtube,march,2022
418,La Rosa de Guadalupe,La Rosa de Guadalupe,Animation,14.5M,Mexico,361K,3.2K,81,Entertainment,MAPPED,youtube,march,2022
419,حقائق وأسرار,حقائق وأسرار,,14.5M,Egypt,26K,1.4K,89,,NA,youtube,march,2022
420,LinusTechTips,Linus Tech Tips,Science & Technology,14.5M,United States,1.5M,63.5K,2.5K,Tech&Gaming,MAPPED,youtube,march,2022
421,T3DDYgames,T3ddy,Daily vlogs,14.4M,Brazil,1.1M,140.1K,5.6K,Lifestyle,MAPPED,youtube,march,2022
422,indiancomedy,Shemaroo Comedy,,14.3M,India,248.3K,2.2K,27,,NA,youtube,march,2022
423,XpressTV,XpressTV,Science & Technology,14.3M,Mexico,1.5M,62.2K,764,Tech&Gaming,MAPPED,youtube,march,2022
424,Harsh Beniwal,Harsh Beniwal,Movies,14.3M,India,11.6M,1.3M,55.4K,Entertainment,MAPPED,youtube,march,2022
425,Like Nastya IDN,Like Nastya IDN,Music & Dance,14.3M,,301.7K,,,Music,MAPPED,youtube,march,2022
426,bbtvch7,Ch7HD,,14.3M,Thailand,12.7K,235,4,,NA,youtube,march,2022
427,chadwildclay,Chad Wild Clay,Movies,14.3M,United States,2.3M,43.8K,7.4K,Entertainment,MAPPED,youtube,march,2022
428,iTownGamePlay,iTownGamePlay *Terror&Diversión*,News & Politics,14.3M,Mexico,131.2K,6.2K,340,Knowledge&Info,MAPPED,youtube,march,2022
429,MartinGarrix,Martin Garrix,Music & Dance,14.3M,United States,59.6K,1.9K,125,Music,MAPPED,youtube,march,2022
430,Canal Nostalgia,Canal Nostalgia,Science & Technology,14.3M,Brazil,265.1K,36.8K,536,Tech&Gaming,MAPPED,youtube,march,2022
431,With Kids[위드키즈],With Kids[위드키즈],,14.3M,United States,368.3K,,,,NA,youtube,march,2022
432,theslowmoguys,The Slow Mo Guys,Education,14.3M,United States,1.2M,72.7K,3.2K,Knowledge&Info,MAPPED,youtube,march,2022
433,LEGO,LEGO,Design/art,14.3M,United States,21.5K,84,,Lifestyle,MAPPED,youtube,march,2022
434,mkmusicnews,MK MUSIC,Music & Dance,14.2M,Brazil,53.3K,2.8K,122,Music,MAPPED,youtube,march,2022
435,Daftar Populer,Daftar Populer,News & Politics,14.1M,Indonesia,139.3K,2.9K,224,Knowledge&Info,MAPPED,youtube,march,2022
436,Mobile Legends: Bang Bang Official,Mobile Legends: Bang Bang Official,Movies,14.1M,Indonesia,259.3K,2.4K,21,Entertainment,MAPPED,youtube,march,2022
437,OfficialTrapCity,Trap City,Music & Dance,14.1M,United States,44.4K,1.8K,77,Music,MAPPED,youtube,march,2022
438,inventonahoratv,Invento na Hora,,14.1M,Brazil,1.2M,152.9K,1.7K,,NA,youtube,march,2022
439,And TV,And TV,,14.1M,India,15.2K,276,8,,NA,youtube,march,2022
440,PlayStation,PlayStation,,14.1M,United States,24.5K,748,89,,NA,youtube,march,2022
441,camilaloures,Camila Loures,Food & Drinks,14.1M,Brazil,310.4K,28.2K,456,Lifestyle,MAPPED,youtube,march,2022
442,Genierock,Genierock,Music & Dance,14.1M,Thailand,16.5K,340,20,Music,MAPPED,youtube,march,2022
443,Fede Vigevani,Fede Vigevani,,14.1M,Mexico,3M,230.2K,9K,,NA,youtube,march,2022
444,It's Mamix,It's Mamix,DIY & Life Hacks,14.1M,Russia,2.8M,276.3K,14.9K,Lifestyle,MAPPED,youtube,march,2022
445,#Refugio Mental,#Refugio Mental,,14.1M,Mexico,745.6K,8.1K,125,,NA,youtube,march,2022
446,Gyan Gamingㅤ,Gyan Gamingㅤ,,13.9M,India,581.3K,70.9K,1.1K,,NA,youtube,march,2022
447,Maha Fun Tv,Maha Fun Tv,,13.9M,India,9.1M,46.8K,946,,NA,youtube,march,2022
448,Johny FamilyShow,Johny FamilyShow,,13.9M,,170.7K,681,,,NA,youtube,march,2022
449,Arif muhammad,Arif muhammad,Music & Dance,13.9M,Indonesia,3M,93.5K,3.2K,Music,MAPPED,youtube,march,2022
450,AM3NlC,AM3NlC,Food & Drinks,13.9M,Brazil,215.9K,24.5K,266,Lifestyle,MAPPED,youtube,march,2022
451,GMMTVSPOTLIKE,GMMTV OFFICIAL​​,Movies,13.9M,Thailand,26.5K,779,29,Entertainment,MAPPED,youtube,march,2022
452,NikkieTutorials,NikkieTutorials,Design/art,13.9M,United States,821.1K,55.7K,2.6K,Lifestyle,MAPPED,youtube,march,2022
453,MasterskayaNastroeny,Мастерская Настроения,,13.9M,Russia,390.4K,8.2K,203,,NA,youtube,march,2022
454,MRamadanOfficial,Mohamed Ramadan I محمد رمضان,Music & Dance,13.9M,Egypt,761.5K,28.2K,1.8K,Music,MAPPED,youtube,march,2022
455,F2Freestylers,F2Freestylers - Ultimate Soccer Skills Channel,Sports,13.9M,United Kingdom,208.3K,9.4K,111,Sports,MAPPED,youtube,march,2022
456,BollywoodClassics,Bollywood Classics,Music & Dance,13.9M,India,40.4K,329,15,Music,MAPPED,youtube,march,2022
457,Smile Family Spanish,Smile Family Spanish,Animation,13.9M,,1.1M,7.6K,,Entertainment,MAPPED,youtube,march,2022
458,WWWengie,Wengie,DIY & Life Hacks,13.9M,United States,84.8K,5.7K,170,Lifestyle,MAPPED,youtube,march,2022
459,thairathonline,Thairath Online,News & Politics,13.9M,Thailand,25.5K,328,33,Knowledge&Info,MAPPED,youtube,march,2022
460,Sourav Joshi Vlogs,Sourav Joshi Vlogs,Daily vlogs,13.9M,India,6.3M,571.5K,17K,Lifestyle,MAPPED,youtube,march,2022
461,TeamFilmsBhojpuri,Team Films Bhojpuri,Music & Dance,13.8M,India,8.2K,229,46,Music,MAPPED,youtube,march,2022
462,SOMOY TV,SOMOY TV,Daily vlogs,13.8M,Bangladesh,8.6K,179,15,Lifestyle,MAPPED,youtube,march,2022
463,bbchindi,BBC News Hindi,News & Politics,13.7M,India,235.7K,,336,Knowledge&Info,MAPPED,youtube,march,2022
464,Anasala I أنس و أصالة,Anasala I أنس و أصالة,,13.7M,Egypt,2.8M,189.5K,6.3K,,NA,youtube,march,2022
465,Zach Choi ASMR,Zach Choi ASMR,Daily vlogs,13.7M,United States,765.6K,40K,1.3K,Lifestyle,MAPPED,youtube,march,2022
466,MAIKI021,MAIKI021,Autos & Vehicles,13.7M,Brazil,38.5K,5.7K,177,Other,MAPPED,youtube,march,2022
467,bomberball,Bie The Ska,,13.7M,Thailand,892.8K,30.9K,713,,NA,youtube,march,2022
468,Doc Tops,Doc Tops,News & Politics,13.7M,Mexico,1.4M,75.7K,2.2K,Knowledge&Info,MAPPED,youtube,march,2022
469,mispastelitosyoutub,Mis Pastelitos,Food & Drinks,13.7M,Mexico,2.3M,109.6K,3.6K,Lifestyle,MAPPED,youtube,march,2022
470,CH8vdo,ช่อง8 : Thai Ch8,,13.7M,Thailand,6.8K,115,3,,NA,youtube,march,2022
471,Трум Трум,Трум Трум,Humor,13.7M,Russia,450.8K,6.1K,205,Entertainment,MAPPED,youtube,march,2022
472,vetealaversha,Darkar Company Studios,Animation,13.7M,Mexico,416.1K,48.8K,678,Entertainment,MAPPED,youtube,march,2022
473,ndtvindia,NDTV India,News & Politics,13.6M,India,20K,605,71,Knowledge&Info,MAPPED,youtube,march,2022
474,dangmattsmith,Dang Matt Smith,Animation,13.5M,United States,287.9K,9.3K,642,Entertainment,MAPPED,youtube,march,2022
475,O Canal do Joãozinho - Little Angel Português,O Canal do Joãozinho - Little Angel Português,Animation,13.5M,,805.2K,5.7K,,Entertainment,MAPPED,youtube,march,2022
476,zeefilmimusic,Zee Music Classic,Music & Dance,13.5M,India,27.7K,205,22,Music,MAPPED,youtube,march,2022
477,Kurt Hugo Schneider,Kurt Hugo Schneider,,13.5M,United States,48.8K,2.8K,80,,NA,youtube,march,2022
478,AzzyLand,AzzyLand,Animation,13.5M,United States,198.5K,7.3K,455,Entertainment,MAPPED,youtube,march,2022
479,TWICE,TWICE,Music & Dance,13.5M,Philippines,793.7K,78.1K,2.6K,Music,MAPPED,youtube,march,2022
480,The World Adventures हिन्दी,The World Adventures हिन्दी,Daily vlogs,13.5M,India,46.7K,2.5K,60,Lifestyle,MAPPED,youtube,march,2022
481,NehaKakkarOfficial,Neha Kakkar,Music & Dance,13.5M,India,0,,,Music,MAPPED,youtube,march,2022
482,Zach King,Zach King,Humor,13.5M,United States,1.2M,82.3K,1K,Entertainment,MAPPED,youtube,march,2022
483,Daily Dose Of Internet,Daily Dose Of Internet,Animals & Pets,13.5M,United States,4.5M,265.1K,8.6K,Lifestyle,MAPPED,youtube,march,2022
484,laharimusic,Lahari Music | T-Series,Music & Dance,13.5M,India,54.9K,2.1K,56,Music,MAPPED,youtube,march,2022
485,TheABSCBNNews,ABS-CBN News,News & Politics,13.4M,Philippines,4.5K,47,6,Knowledge&Info,MAPPED,youtube,march,2022
486,CNN,CNN,News & Politics,13.4M,United States,239.2K,3.1K,2.9K,Knowledge&Info,MAPPED,youtube,march,2022
487,NOBRU,NOBRU,Video games,13.3M,Brazil,109.7K,12.2K,285,Tech&Gaming,MAPPED,youtube,march,2022
488,fcbarcelona,FC Barcelona,Sports,13.3M,India,207.5K,13.2K,356,Sports,MAPPED,youtube,march,2022
489,A2 Motivation {Arvind Arora},A2 Motivation {Arvind Arora},,13.3M,India,543.2K,62.5K,531,,NA,youtube,march,2022
490,crashcourse,CrashCourse,Science & Technology,13.3M,United States,47.6K,1.7K,37,Tech&Gaming,MAPPED,youtube,march,2022
491,UFC,UFC - Ultimate Fighting Championship,Sports,13.3M,United States,155.2K,2.9K,347,Sports,MAPPED,youtube,march,2022
492,infobells,infobells,Education,13.3M,,16.6K,82,,Knowledge&Info,MAPPED,youtube,march,2022
493,pognalishow,Дима Масленников,Video games,13.3M,Russia,4.8M,436.9K,14.3K,Tech&Gaming,MAPPED,youtube,march,2022
494,TazerCraft,TazerCraft,Animation,13.3M,Brazil,352.8K,26.8K,532,Entertainment,MAPPED,youtube,march,2022
495,GallinaPintadita,Gallina Pintadita,Animation,13.3M,,403.9K,2.3K,,Entertainment,MAPPED,youtube,march,2022
496,elcanaldePlimPlim,Plim Plim - Kids Songs & Episodes - Spanish,Music & Dance,13.3M,,831.3K,4.9K,,Music,MAPPED,youtube,march,2022
497,RosannaPansino,Rosanna Pansino,Food & Drinks,13.3M,United States,206K,8.4K,102,Lifestyle,MAPPED,youtube,march,2022
498,Online Job,Online Job,,13.3M,India,10.1K,305,51,,NA,youtube,march,2022
499,Kuplinov ► Play,Kuplinov ► Play,Video games,13.3M,Russia,1.2M,67.7K,2.5K,Tech&Gaming,MAPPED,youtube,march,2022
500,EdisonPts,EdisonPts,Video games,13.3M,Russia,2M,153.8K,7.6K,Tech&Gaming,MAPPED,youtube,march,2022
501,MNCTVOfficial,MNCTV Official,Music & Dance,13.2M,Indonesia,4.1K,126,6,Music,MAPPED,youtube,march,2022
502,Totoy kids - Español,Totoy kids - Español,Toys,13.1M,,165.9K,1K,,Lifestyle,MAPPED,youtube,march,2022
503,The LaBrant Fam,The LaBrant Fam,Music & Dance,13.1M,United States,792.5K,25.7K,,Music,MAPPED,youtube,march,2022
504,Bizarrap,Bizarrap,Music & Dance,13.1M,Argentina,80.5M,5.6M,313.6K,Music,MAPPED,youtube,march,2022
505,Wow Kidz Action,Wow Kidz Action,,13.1M,,1.2M,9.6K,,,NA,youtube,march,2022
506,AtlanticVideos,Atlantic Records,Music & Dance,13.1M,United States,9.6K,325,17,Music,MAPPED,youtube,march,2022
507,Blippi Español,Blippi Español,Toys,13.1M,,891.8K,3.8K,,Lifestyle,MAPPED,youtube,march,2022
508,CoryxKenshin,CoryxKenshin,Video games,13.1M,United States,4.7M,338.8K,20.6K,Tech&Gaming,MAPPED,youtube,march,2022
509,theRadBrad,theRadBrad,Video games,13.1M,United States,186.4K,8.8K,613,Tech&Gaming,MAPPED,youtube,march,2022
510,mymissanand,MyMissAnand,Movies,13.1M,India,2.1M,80.9K,1.2K,Entertainment,MAPPED,youtube,march,2022
511,Narins Beauty,Narins Beauty,,13.1M,Iraq,2.7M,267.2K,8.8K,,NA,youtube,march,2022
512,TV Ana Emilia,TV Ana Emilia,Fashion,13.1M,Mexico,425.6K,14.1K,1.4K,Beauty&Fashion,MAPPED,youtube,march,2022
513,iloveindianmakeup,Anaysa,Humor,13.1M,India,933.6K,38K,1.4K,Entertainment,MAPPED,youtube,march,2022
514,Auron,Auron,Video games,13.1M,Mexico,2.2M,137.7K,1.7K,Tech&Gaming,MAPPED,youtube,march,2022
515,Unspeakable,Unspeakable,Video games,13M,United States,1.9M,39.3K,2.2K,Tech&Gaming,MAPPED,youtube,march,2022
516,narendramodionline,NMF News,News & Politics,13M,India,6.2K,123,18,Knowledge&Info,MAPPED,youtube,march,2022
517,Zig & Sharko,Zig & Sharko,,12.9M,,375.3K,2.6K,,,NA,youtube,march,2022
518,The Shiny Peanut,The Shiny Peanut,,12.9M,Indonesia,35.7K,752,48,,NA,youtube,march,2022
519,djzoi0,Everson Zoio,Humor,12.9M,Brazil,631K,80.1K,2.8K,Entertainment,MAPPED,youtube,march,2022
520,Fun For Kids TV - Hindi Rhymes,Fun For Kids TV - Hindi Rhymes,,12.9M,,0,,,,NA,youtube,march,2022
521,50CentMusic,50 Cent,Music & Dance,12.9M,United States,100.7K,5.8K,431,Music,MAPPED,youtube,march,2022
522,News18 India,News18 India,News & Politics,12.9M,India,2.7K,51,7,Knowledge&Info,MAPPED,youtube,march,2022
523,MattSDance,Matt Steffanina,Music & Dance,12.9M,United States,124.5K,7.8K,104,Music,MAPPED,youtube,march,2022
524,SaturdayNightLive,Saturday Night Live,Movies,12.9M,United States,1.1M,19.2K,858,Entertainment,MAPPED,youtube,march,2022
525,MrSuicideSheep,MrSuicideSheep,,12.9M,United States,94.4K,4K,100,,NA,youtube,march,2022
526,YOLO,YOLO,,12.9M,Mexico,267.1K,26.2K,1.9K,,NA,youtube,march,2022
527,MrBeast Shorts,MrBeast Shorts,Daily vlogs,12.9M,United States,0,,,Lifestyle,MAPPED,youtube,march,2022
528,SrtaLynaV,Lyna,Animation,12.9M,Argentina,737.1K,37.7K,1.7K,Entertainment,MAPPED,youtube,march,2022
529,MazhavilManorama,Mazhavil Manorama,,12.8M,India,22.3K,332,10,,NA,youtube,march,2022
530,Desi Gamers,Desi Gamers,,12.7M,India,727.8K,94.7K,3.8K,,NA,youtube,march,2022
531,ChallengeAcceptedInc,Aphmau,Animation,12.7M,United States,3.9M,84.6K,4.2K,Entertainment,MAPPED,youtube,march,2022
532,The Q,The Q,,12.7M,United States,128.6K,4.9K,228,,NA,youtube,march,2022
533,Aadishakti Films,Aadishakti Films,Music & Dance,12.7M,India,39K,1.4K,152,Music,MAPPED,youtube,march,2022
534,O Que Não Dizer Oficial,O Que Não Dizer Oficial,,12.7M,Brazil,113.5K,14.3K,53,,NA,youtube,march,2022
535,skillzaisherebooya,Conor Maynard,Music & Dance,12.7M,United States,305.8K,21.4K,578,Music,MAPPED,youtube,march,2022
536,twentyonepilots,twenty one pilots,Music & Dance,12.7M,United States,1.7M,153.9K,7.2K,Music,MAPPED,youtube,march,2022
537,#Refúgio Mental,#Refúgio Mental,,12.7M,Brazil,471.8K,10.3K,87,,NA,youtube,march,2022
538,ABCNews,ABC News,News & Politics,12.7M,United States,12K,191,139,Knowledge&Info,MAPPED,youtube,march,2022
539,DALLMYD,DALLMYD,Mystery,12.7M,United States,322.7K,12.4K,735,Other,MAPPED,youtube,march,2022
540,PozzitifonShow,Поззи,Video games,12.7M,Russia,1.4M,87.7K,4.7K,Tech&Gaming,MAPPED,youtube,march,2022
541,1032010814,TKOR,DIY & Life Hacks,12.7M,United States,107.1K,3.8K,256,Lifestyle,MAPPED,youtube,march,2022
542,typicalgamer,Typical Gamer,Video games,12.7M,United States,804.4K,14.3K,474,Tech&Gaming,MAPPED,youtube,march,2022
543,123 GO! Spanish,123 GO! Spanish,Toys,12.7M,Mexico,888K,11.8K,235,Lifestyle,MAPPED,youtube,march,2022
544,Like Nastya VNM,Like Nastya VNM,,12.7M,,666.4K,,,,NA,youtube,march,2022
545,Health Time,Health Time,Daily vlogs,12.6M,India,12.6K,467,16,Lifestyle,MAPPED,youtube,march,2022
546,Dangal TV Channel,Dangal TV Channel,,12.6M,India,332.4K,2.6K,19,,NA,youtube,march,2022
547,Wish 107.5,Wish 107.5,Music & Dance,12.6M,Philippines,146.8K,4.4K,372,Music,MAPPED,youtube,march,2022
548,RedeTVhdBrasil,RedeTV,News & Politics,12.6M,Brazil,2.7K,74,3,Knowledge&Info,MAPPED,youtube,march,2022
549,NishaMadhulika,Nisha Madhulika,Food & Drinks,12.5M,India,220.6K,5.2K,934,Lifestyle,MAPPED,youtube,march,2022
550,ETV Jabardasth,ETV Jabardasth,,12.5M,India,192.6K,2.7K,44,,NA,youtube,march,2022
551,ETV Jabardasth,ETV Jabardasth,,12.5M,India,192.6K,2.7K,44,,NA,youtube,march,2022
552,canalparafernalha,Parafernalha,,12.5M,Brazil,50.8K,4.4K,49,,NA,youtube,march,2022
553,Knowledge Tv हिन्दी,Knowledge Tv हिन्दी,Education,12.5M,India,158.7K,9.4K,468,Knowledge&Info,MAPPED,youtube,march,2022
554,JDCav24,ATHLEAN-X™,Fitness,12.5M,United States,395.6K,19K,693,Sports,MAPPED,youtube,march,2022
555,MusicTalentNow,Top Viral Talent,,12.5M,United States,19.9K,401,22,,NA,youtube,march,2022
556,Vlad and Niki ARA,Vlad and Niki ARA,,12.5M,,457.2K,3.8K,,,NA,youtube,march,2022
557,React,People Vs Food,Food & Drinks,12.5M,United States,464.2K,18K,1K,Lifestyle,MAPPED,youtube,march,2022
558,zeetvtelugu,Zee Telugu,,12.5M,India,128.3K,1.3K,12,,NA,youtube,march,2022
559,PrestonPlayz,PrestonPlayz,Video games,12.5M,United States,2.1M,48.8K,4K,Tech&Gaming,MAPPED,youtube,march,2022
560,BUDI01 GAMING,BUDI01 GAMING,Video games,12.5M,Indonesia,1.1M,91.5K,7.1K,Tech&Gaming,MAPPED,youtube,march,2022
561,MstrJames,Hacksmith Industries,DIY & Life Hacks,12.5M,United States,896.7K,46.3K,1.8K,Lifestyle,MAPPED,youtube,march,2022
562,Blossom,Blossom,,12.4M,United States,111K,2.2K,33,,NA,youtube,march,2022
563,JesseAndMike,JesseAndMike,Humor,12.4M,United States,523.8K,6.6K,152,Entertainment,MAPPED,youtube,march,2022
564,LOUD,LOUD,,12.3M,Brazil,138.5K,15.5K,53,,NA,youtube,march,2022
565,Hongyu ASMR 홍유,Hongyu ASMR 홍유,ASMR,12.3M,United States,1.3M,15.6K,646,Lifestyle,MAPPED,youtube,march,2022
566,Taarak Mehta Ka Ooltah Chashmah,Taarak Mehta Ka Ooltah Chashmah,,12.3M,India,701.3K,10.8K,151,,NA,youtube,march,2022
567,htpunjabi,Lokdhun Punjabi,Music & Dance,12.3M,India,16.2K,346,8,Music,MAPPED,youtube,march,2022
568,Piuzinho,Piuzinho,Video games,12.3M,Brazil,233.3K,45.8K,625,Tech&Gaming,MAPPED,youtube,march,2022
569,DisneyChannelUK,DisneyChannelUK,,12.3M,Singapore,0,,,,NA,youtube,march,2022
570,Meghan Trainor,Meghan Trainor,Music & Dance,12.3M,United States,11.4K,564,35,Music,MAPPED,youtube,march,2022
571,Juliana Baltar,Juliana Baltar,Toys,12.3M,Brazil,286.6K,18.6K,335,Lifestyle,MAPPED,youtube,march,2022
572,5-Minute Crafts Recycle,5-Minute Crafts Recycle,,12.3M,India,102.3K,855,25,,NA,youtube,march,2022
573,أترو/Atro,أترو/Atro,,12.3M,Iraq,521K,71.6K,9.9K,,NA,youtube,march,2022
574,alanalan9635,Stokes Twins,Humor,12.3M,United States,9.9M,281.5K,19.4K,Entertainment,MAPPED,youtube,march,2022
575,BBC,BBC,,12.3M,United Kingdom,40.7K,673,87,,NA,youtube,march,2022
576,AdexeOficial,Adexe & Nau,Music & Dance,12.3M,Mexico,38.3K,4.4K,367,Music,MAPPED,youtube,march,2022
577,gymvirtual,gymvirtual,Music & Dance,12.3M,Mexico,76.4K,3.5K,89,Music,MAPPED,youtube,march,2022
578,einerdtv,Ei Nerd,Movies,12.3M,Brazil,265.4K,42.3K,1.2K,Entertainment,MAPPED,youtube,march,2022
579,Alex Gonzaga Official,Alex Gonzaga Official,Music & Dance,12.3M,Philippines,2.9M,116.6K,2.9K,Music,MAPPED,youtube,march,2022
580,Gibby :),Gibby :),Daily vlogs,12.3M,Mexico,582.6K,28.4K,1.8K,Lifestyle,MAPPED,youtube,march,2022
581,LittleBabyBumEspanol,Little Baby Bum en Español,Autos & Vehicles,12.3M,,98.2K,,,Other,MAPPED,youtube,march,2022
582,Melon City Show - برنامج ولاية بطيخ,Melon City Show - برنامج ولاية بطيخ,,12.3M,Iraq,405.6K,24.4K,496,,NA,youtube,march,2022
583,Troom Troom PT,Troom Troom PT,Toys,12.3M,Brazil,201.4K,4.7K,58,Lifestyle,MAPPED,youtube,march,2022
584,Jake Fellman,Jake Fellman,,12.3M,United States,857.6K,36.7K,167,,NA,youtube,march,2022
585,jazzghost1,Jazzghost,Animation,12.3M,Brazil,758.7K,55.9K,2K,Entertainment,MAPPED,youtube,march,2022
586,Like Nastya Stories,Like Nastya Stories,,12.3M,,166.2K,1.2K,,,NA,youtube,march,2022
587,Bela Bagunça,Bela Bagunça,Toys,12.3M,Brazil,74.8K,4.4K,148,Lifestyle,MAPPED,youtube,march,2022
588,tseriesregional,T-Series Regional,Music & Dance,12.1M,India,6.9K,148,18,Music,MAPPED,youtube,march,2022
589,Brawl Stars,Brawl Stars,Animation,12.1M,United States,6.4M,181.2K,6.9K,Entertainment,MAPPED,youtube,march,2022
590,Crescendo com Luluca,Crescendo com Luluca,Toys,12.1M,Brazil,1.3M,52.8K,4.4K,Lifestyle,MAPPED,youtube,march,2022
591,PowerfulJRE,PowerfulJRE,Daily vlogs,12.1M,United States,498.9K,14.7K,1.8K,Lifestyle,MAPPED,youtube,march,2022
592,bbcnews,BBC News,News & Politics,12.1M,United Kingdom,236.2K,3.3K,1.8K,Knowledge&Info,MAPPED,youtube,march,2022
593,JustForLaughsTV,Just For Laughs Gags,,12.1M,India,66.4K,1.2K,46,,NA,youtube,march,2022
594,NORMAN FAIT DES VIDÉOS,NORMAN FAIT DES VIDÉOS,Animation,12.1M,France,1.8M,168.2K,6.9K,Entertainment,MAPPED,youtube,march,2022
595,GoldClassics,Goldmines Premiere,,12.1M,,9.9K,154,,,NA,youtube,march,2022
596,awakeningrecords,Awakening Music,Music & Dance,12.1M,Indonesia,16.8K,1.2K,60,Music,MAPPED,youtube,march,2022
597,OficialPeppa,Peppa Pig em Português Brasil - Canal Oficial,Toys,12.1M,,634.6K,4.1K,,Lifestyle,MAPPED,youtube,march,2022
598,zeebangla,Zee Bangla,,12M,India,43.9K,476,7,,NA,youtube,march,2022
599,MY FAMILY,MY FAMILY,,11.9M,India,1.1M,6.7K,208,,NA,youtube,march,2022
600,Kabita's Kitchen,Kabita's Kitchen,,11.9M,India,298.8K,7.3K,768,,NA,youtube,march,2022
601,KaKa Kids TV - Nursery Rhymes Kids Animated Songs,KaKa Kids TV - Nursery Rhymes Kids Animated Songs,,11.9M,,15.2K,64,,,NA,youtube,march,2022
602,EU FICO LOKO,EU FICO LOKO,,11.9M,Brazil,9.7K,988,11,,NA,youtube,march,2022
603,Zeinab Harake,Zeinab Harake,Daily vlogs,11.9M,Philippines,1.3M,71.2K,1.8K,Lifestyle,MAPPED,youtube,march,2022
604,OReinho,O Reino Infantil,Music & Dance,11.9M,,109.3K,489,,Music,MAPPED,youtube,march,2022
605,HZHtube Kids Fun,HZHtube Kids Fun,Toys,11.9M,,491.2K,3.1K,,Lifestyle,MAPPED,youtube,march,2022
606,HusamYK,Katakit Baby TV,Music & Dance,11.9M,Saudi Arabia,179.9K,1.6K,,Music,MAPPED,youtube,march,2022
607,MrGear,MrGear,,11.9M,United States,44.7K,587,47,,NA,youtube,march,2022
608,Migosatl,Migos ATL,Music & Dance,11.9M,United States,3.3M,131K,5.3K,Music,MAPPED,youtube,march,2022
609,TheDaniRep,DaniRep | +6 Vídeos Diarios De GTA 5 Online!,Animation,11.9M,Mexico,349.9K,19.5K,346,Entertainment,MAPPED,youtube,march,2022
610,colinfurze,colinfurze,DIY & Life Hacks,11.9M,United States,1.1M,36.8K,1.1K,Lifestyle,MAPPED,youtube,march,2022
611,Planet Earth INDIA,Planet Earth INDIA,Daily vlogs,11.9M,India,459.8K,18.1K,460,Lifestyle,MAPPED,youtube,march,2022
612,karameeshchannel,karameeshchannel,Music & Dance,11.9M,,389.3K,2.9K,,Music,MAPPED,youtube,march,2022
613,RayWilliamJohnson,Ray William Johnson,,11.9M,United States,4M,356.5K,1.8K,,NA,youtube,march,2022
614,Lulu99,Lulu99,,11.9M,Colombia,591.6K,39.8K,2.8K,,NA,youtube,march,2022
615,Dear Sir,Dear Sir,Education,11.9M,India,261.4K,15.6K,1.2K,Knowledge&Info,MAPPED,youtube,march,2022
616,officialjassrecords,Jass Records,Music & Dance,11.8M,India,223.8K,3.5K,410,Music,MAPPED,youtube,march,2022
617,YairAuriazul,Yair17,,11.8M,Mexico,324.2K,37.6K,972,,NA,youtube,march,2022
618,disneyjunior,Disney Junior,Music & Dance,11.8M,,92.5K,270,,Music,MAPPED,youtube,march,2022
619,ГЛЕНТ,ГЛЕНТ,Video games,11.8M,Russia,3.3M,281.7K,9.5K,Tech&Gaming,MAPPED,youtube,march,2022
620,Study IQ education,Study IQ education,Education,11.7M,India,11.4K,519,12,Knowledge&Info,MAPPED,youtube,march,2022
621,Más SKabeche,Más SKabeche,,11.7M,Mexico,793.9K,46.9K,945,,NA,youtube,march,2022
622,My Mate Nate,My Mate Nate,,11.7M,Thailand,1.4M,53.8K,2K,,NA,youtube,march,2022
623,FrontaL Gaming,FrontaL Gaming,Animation,11.7M,Indonesia,490.8K,35.5K,1.8K,Entertainment,MAPPED,youtube,march,2022
624,Blockbuster Movies,Blockbuster Movies,Daily vlogs,11.7M,India,118.5K,1.1K,23,Lifestyle,MAPPED,youtube,march,2022
625,JOJO TV - Hindi Stories,JOJO TV - Hindi Stories,,11.7M,India,122.2K,833,,,NA,youtube,march,2022
626,AvrilLavigne,Avril Lavigne,Music & Dance,11.7M,United States,2.8M,130.4K,6.5K,Music,MAPPED,youtube,march,2022
627,Dani Russo Tv,Dani Russo Tv,Music & Dance,11.7M,Brazil,10.9K,1.4K,121,Music,MAPPED,youtube,march,2022
628,Wolfoo Channel,Wolfoo Channel,Toys,11.7M,,1.1M,6.2K,,Lifestyle,MAPPED,youtube,march,2022
629,MORGENSHTERN,MORGENSHTERN,Humor,11.7M,Russia,11M,789.9K,54.8K,Entertainment,MAPPED,youtube,march,2022
630,rebeccazamolo1,Rebecca Zamolo,Video games,11.7M,United States,2.8M,70.6K,6.9K,Tech&Gaming,MAPPED,youtube,march,2022
631,Ice Cream Rolls,Ice Cream Rolls,,11.7M,United States,50.4K,2.2K,112,,NA,youtube,march,2022
632,TommyInnit,TommyInnit,Animation,11.7M,United States,3.4M,294.6K,14.4K,Entertainment,MAPPED,youtube,march,2022
633,Morgz,Morgz,Video games,11.7M,United States,0,,,Tech&Gaming,MAPPED,youtube,march,2022
634,TheInfographicsShow,The Infographics Show,Education,11.7M,United States,348.8K,10.3K,764,Knowledge&Info,MAPPED,youtube,march,2022
635,1veritasium,Veritasium,Science & Technology,11.7M,United States,3.9M,169.3K,7.8K,Tech&Gaming,MAPPED,youtube,march,2022
636,Come Play With Me,Come Play With Me,Toys,11.7M,,2.7M,,,Lifestyle,MAPPED,youtube,march,2022
637,hamaarbhojpuri,T-Series Hamaar Bhojpuri,Music & Dance,11.7M,India,13.5K,177,17,Music,MAPPED,youtube,march,2022
638,Troom Troom India,Troom Troom India,,11.7M,India,452.9K,5.1K,230,,NA,youtube,march,2022
639,YOLO AVENTURAS,YOLO AVENTURAS,Daily vlogs,11.6M,Colombia,838.4K,74.9K,7K,Lifestyle,MAPPED,youtube,march,2022
640,TheDodoSite,The Dodo,Animals & Pets,11.6M,United States,608.9K,22.9K,812,Lifestyle,MAPPED,youtube,march,2022
641,Panda,Panda,Animation,11.6M,India,1.1M,103.7K,1.9K,Entertainment,MAPPED,youtube,march,2022
642,Troom Troom Indonesia,Troom Troom Indonesia,Toys,11.6M,Indonesia,256.7K,2.5K,96,Lifestyle,MAPPED,youtube,march,2022
643,RaptorGamer,RaptorGamer,Video games,11.5M,Mexico,741.4K,46.5K,1.5K,Tech&Gaming,MAPPED,youtube,march,2022
644,CrazyRussianHacker,CrazyRussianHacker,DIY & Life Hacks,11.5M,United States,75.1K,2.3K,139,Lifestyle,MAPPED,youtube,march,2022
645,Kluna Tik,Kluna Tik,,11.5M,United States,442.1K,5.4K,367,,NA,youtube,march,2022
646,Codiscos,Codiscos,Music & Dance,11.5M,Colombia,9.4K,195,7,Music,MAPPED,youtube,march,2022
647,Garena Free Fire LATAM,Garena Free Fire LATAM,,11.5M,Mexico,277.5K,6.1K,222,,NA,youtube,march,2022
648,LIV Crime,LIV Crime,Daily vlogs,11.5M,India,271.6K,2.6K,72,Lifestyle,MAPPED,youtube,march,2022
649,hoiitsroi,Wassabi,Humor,11.5M,United States,692.4K,47.6K,4.8K,Entertainment,MAPPED,youtube,march,2022
650,Nat and Essie,Nat and Essie,Toys,11.5M,,289.2K,1.8K,,Lifestyle,MAPPED,youtube,march,2022
651,thinkmusicindia,Think Music India,Music & Dance,11.5M,India,75.4K,3.2K,106,Music,MAPPED,youtube,march,2022
652,The MriDul,The MriDul,,11.5M,India,8.9M,293K,10.3K,,NA,youtube,march,2022
653,BanderitaX,BanderitaX,Animation,11.5M,Saudi Arabia,1.4M,101.2K,3.8K,Entertainment,MAPPED,youtube,march,2022
654,Americanvogue,Vogue,Fashion,11.5M,United States,324.2K,13.3K,412,Beauty&Fashion,MAPPED,youtube,march,2022
655,luansantanaoficial,Luan Santana,Music & Dance,11.5M,Brazil,3.4M,54.9K,4.7K,Music,MAPPED,youtube,march,2022
656,FIFATV,FIFA,Sports,11.5M,United States,63.4K,1.9K,152,Sports,MAPPED,youtube,march,2022
657,Davie504,Davie504,Music & Dance,11.5M,United States,2M,194.4K,1.4K,Music,MAPPED,youtube,march,2022
658,Mor Haryanvi,Mor Haryanvi,Music & Dance,11.5M,India,3.3M,49K,6.3K,Music,MAPPED,youtube,march,2022
659,ExpCaseros,ExpCaseros,DIY & Life Hacks,11.5M,Spain,54.1K,2.3K,98,Lifestyle,MAPPED,youtube,march,2022
660,TsMadaan,TsMadaan,Education,11.5M,India,64.1K,1.5K,102,Knowledge&Info,MAPPED,youtube,march,2022
661,Koo Koo TV - Hindi,Koo Koo TV - Hindi,,11.5M,India,442.7K,4.5K,88,,NA,youtube,march,2022
662,CHHOTU KI MASTI,CHHOTU KI MASTI,,11.5M,India,5M,47.3K,757,,NA,youtube,march,2022
663,Mythpat,Mythpat,,11.5M,India,3M,310.4K,11.7K,,NA,youtube,march,2022
664,ndtv,NDTV,News & Politics,11.4M,India,4.9K,84,19,Knowledge&Info,MAPPED,youtube,march,2022
665,Ya - Alisa,Ya - Alisa,,11.3M,,28.6K,126,,,NA,youtube,march,2022
666,Coke Studio,Coke Studio,Music & Dance,11.3M,Pakistan,185.3K,5.4K,208,Music,MAPPED,youtube,march,2022
667,DeGoBooM,DeGoBooM,Video games,11.3M,Mexico,426K,16.3K,263,Tech&Gaming,MAPPED,youtube,march,2022
668,htbhakti,Sonotek Bhakti,Music & Dance,11.3M,India,101.8K,149,55,Music,MAPPED,youtube,march,2022
669,MrTimbaVk,Timba Vk,Video games,11.3M,Mexico,1.5M,63.8K,1.6K,Tech&Gaming,MAPPED,youtube,march,2022
670,Yudist Ardhana,Yudist Ardhana,Video games,11.3M,Indonesia,330.4K,11.2K,451,Tech&Gaming,MAPPED,youtube,march,2022
671,elrubius,Rubius Z,Video games,11.3M,Argentina,2.3M,194.6K,2.2K,Tech&Gaming,MAPPED,youtube,march,2022
672,Trakin Tech,Trakin Tech,News & Politics,11.3M,India,283.1K,21.9K,1.1K,Knowledge&Info,MAPPED,youtube,march,2022
673,FelipeViktor,LipaoGamer,Animation,11.3M,Brazil,164.5K,12.4K,168,Entertainment,MAPPED,youtube,march,2022
674,CaptainSparklez,CaptainSparklez,Video games,11.3M,United States,111.2K,8K,436,Tech&Gaming,MAPPED,youtube,march,2022
675,ماشا و الدب,ماشا و الدب,Animation,11.3M,,1.3M,11.6K,,Entertainment,MAPPED,youtube,march,2022
676,MBCMASR,MBC مصر,,11.3M,Egypt,2.7K,51,4,,NA,youtube,march,2022
677,eltreceok,El Trece,News & Politics,11.3M,Argentina,3.6K,40,7,Knowledge&Info,MAPPED,youtube,march,2022
678,Infobells Bangla,Infobells Bangla,Education,11.3M,,529.2K,2.3K,,Knowledge&Info,MAPPED,youtube,march,2022
679,MTV2,Wild 'N Out,Music & Dance,11.3M,United States,221K,4.7K,180,Music,MAPPED,youtube,march,2022
680,DANIEL EL TRAVIESO VIDEOS,DANIEL EL TRAVIESO VIDEOS,Animation,11.3M,Colombia,959.7K,32.2K,1.2K,Entertainment,MAPPED,youtube,march,2022
681,UnspeakableGaming,UnspeakableGaming,Video games,11.3M,United States,857.5K,16.5K,783,Tech&Gaming,MAPPED,youtube,march,2022
682,luzugames,luzugames,Video games,11.3M,Mexico,0,,,Tech&Gaming,MAPPED,youtube,march,2022
683,lokdhuntv,Wave Music Bhakti,Music & Dance,11.3M,India,7K,106,16,Music,MAPPED,youtube,march,2022
684,gmanews,GMA News,News & Politics,11.3M,Philippines,4.9K,50,12,Knowledge&Info,MAPPED,youtube,march,2022
685,Sony Music South,Sony Music South,Music & Dance,11.3M,India,265.3K,5.5K,135,Music,MAPPED,youtube,march,2022
686,VyQwaint,Vy Qwaint,Video games,11.2M,United States,2.2M,43.2K,7K,Tech&Gaming,MAPPED,youtube,march,2022
687,Wolfoo Family,Wolfoo Family,Animation,11.2M,,1.5M,9K,,Entertainment,MAPPED,youtube,march,2022
688,KompasTVNews,KOMPASTV,News & Politics,11.2M,Indonesia,5.2K,37,22,Knowledge&Info,MAPPED,youtube,march,2022
689,MaJa Tv Hindi Stories,MaJa Tv Hindi Stories,,11.2M,India,518.7K,5.5K,110,,NA,youtube,march,2022
690,Hero Movies 2022,Hero Movies 2022,Daily vlogs,11.1M,India,177.7K,1.2K,22,Lifestyle,MAPPED,youtube,march,2022
691,Rauw Alejandro,Rauw Alejandro,Music & Dance,11.1M,Peru,0,,,Music,MAPPED,youtube,march,2022
692,الجانب المُشرق | Bright Side Arabic,الجانب المُشرق | Bright Side Arabic,,11.1M,Egypt,24.2K,744,44,,NA,youtube,march,2022
693,123 GO!,123 GO!,Humor,11.1M,United States,656K,5.9K,183,Entertainment,MAPPED,youtube,march,2022
694,TastyCompot,Compot,Video games,11.1M,Russia,1.7M,74.4K,2.9K,Tech&Gaming,MAPPED,youtube,march,2022
695,办公室小野 Ms Yeah,办公室小野 Ms Yeah,,11.1M,United States,232.6K,20K,61,,NA,youtube,march,2022
696,epicfortnite,Fortnite,Video games,11.1M,United States,321.3K,10.3K,433,Tech&Gaming,MAPPED,youtube,march,2022
697,Magic Five,Magic Five,Video games,11.1M,Russia,4M,230.2K,17.1K,Tech&Gaming,MAPPED,youtube,march,2022
698,Biperysusamigos,Biper y sus Amigos,Music & Dance,11.1M,,539.5K,,,Music,MAPPED,youtube,march,2022
699,crackrockcandy,Maymo,,11.1M,United States,328.2K,1.3K,67,,NA,youtube,march,2022
700,FirstWeFeast,First We Feast,Food & Drinks,11.1M,United States,308.2K,14.1K,689,Lifestyle,MAPPED,youtube,march,2022
701,realannoyingorange,Annoying Orange,Animation,11.1M,United States,121.5K,2.8K,361,Entertainment,MAPPED,youtube,march,2022
702,ElRinconDeGiorgio,El Rincón De Giorgio,Video games,11.1M,Spain,1.8M,170.4K,3.1K,Tech&Gaming,MAPPED,youtube,march,2022
703,ExplosmEntertainment,ExplosmEntertainment,Movies,11.1M,United States,711.2K,45.2K,2.2K,Entertainment,MAPPED,youtube,march,2022
704,Jaiden Animations,Jaiden Animations,,11.1M,United States,5.6M,602.7K,94.3K,,NA,youtube,march,2022
705,Emily Tube,Emily Tube,Animation,11.1M,,0,,,Entertainment,MAPPED,youtube,march,2022
706,yogawithadriene,Yoga With Adriene,Fitness,11.1M,United States,952K,19.7K,702,Sports,MAPPED,youtube,march,2022
707,Mo Vlogs,Mo Vlogs,Humor,11.1M,India,401.5K,24.2K,909,Entertainment,MAPPED,youtube,march,2022
708,Star Casablanca | نجوم الدار البيضاء,Star Casablanca | نجوم الدار البيضاء,Music & Dance,11.1M,Iraq,46.5K,2.2K,164,Music,MAPPED,youtube,march,2022
709,BBCEarth,BBC Earth,Animals & Pets,11.1M,United States,87.7K,2.5K,192,Lifestyle,MAPPED,youtube,march,2022
710,Morphle TV,Morphle TV,Animation,11.1M,,112.1K,,,Entertainment,MAPPED,youtube,march,2022
711,Free Fire India Official,Free Fire India Official,Animation,11.1M,India,177.7K,15.6K,821,Entertainment,MAPPED,youtube,march,2022
712,YMWayneCarter,Lil Wayne,Music & Dance,11.1M,United States,2M,100.1K,4.8K,Music,MAPPED,youtube,march,2022
713,GoldminesAction,GoldminesAction,,11.1M,,8.4K,116,,,NA,youtube,march,2022
714,coisadenerd,Coisa de Nerd,Design/art,11.1M,Brazil,1.1M,126.1K,3.7K,Lifestyle,MAPPED,youtube,march,2022
715,Vlad and Niki ESP,Vlad and Niki ESP,Toys,11.1M,,1.5M,8.1K,,Lifestyle,MAPPED,youtube,march,2022
716,Alejo Igoa,Alejo Igoa,DIY & Life Hacks,11M,Argentina,4.1M,142.2K,4K,Lifestyle,MAPPED,youtube,march,2022
717,Simone e Simaria,Simone e Simaria,Music & Dance,10.9M,Brazil,2.4M,57.2K,1.7K,Music,MAPPED,youtube,march,2022
718,YoungBoy Never Broke Again,YoungBoy Never Broke Again,Music & Dance,10.9M,United States,7.6M,274.7K,23.2K,Music,MAPPED,youtube,march,2022
719,TheViralFeverVideos,The Viral Fever,Movies,10.9M,India,1.9M,89.4K,3K,Entertainment,MAPPED,youtube,march,2022
720,hawkrecord,Single Track Studio,Music & Dance,10.9M,India,989.2K,29.8K,439,Music,MAPPED,youtube,march,2022
721,Avocado Couple I Crazy Comics,Avocado Couple I Crazy Comics,,10.9M,United States,579.1K,5.3K,83,,NA,youtube,march,2022
722,mirandasings08,Miranda Sings,Humor,10.9M,United States,153.9K,10.3K,1.1K,Entertainment,MAPPED,youtube,march,2022
723,watchcut,Cut,Humor,10.9M,United States,409.6K,16.9K,762,Entertainment,MAPPED,youtube,march,2022
724,oyabakatousan,"Sen, Momo, Ai & Shii's Channel",Daily vlogs,10.9M,,92.5K,340,,Lifestyle,MAPPED,youtube,march,2022
725,pocoyotv,POCOYÓ en ESPAÑOL - Canal Oficial,,10.9M,,130.1K,1.4K,,,NA,youtube,march,2022
726,MashaBearUkraine,Маша та Ведмідь,Education,10.9M,,218.6K,1.2K,,Knowledge&Info,MAPPED,youtube,march,2022
727,chotoonz,Chotoonz TV - Funny Cartoons for Kids,,10.9M,,79.6K,,,,NA,youtube,march,2022
728,Луномосик,Луномосик,Video games,10.9M,Russia,2.5M,83.9K,2.9K,Tech&Gaming,MAPPED,youtube,march,2022
729,barbie,Barbie,,10.9M,,161.9K,365,,,NA,youtube,march,2022
730,Technology Gyan,Technology Gyan,,10.9M,India,331.2K,26.4K,1.4K,,NA,youtube,march,2022
731,TygaTygaTV,Tyga,Music & Dance,10.9M,United States,45.6K,3.1K,83,Music,MAPPED,youtube,march,2022
732,comedycentral,Comedy Central,Humor,10.9M,United States,42.4K,924,50,Entertainment,MAPPED,youtube,march,2022
733,DemolitionRanch,DemolitionRanch,Video games,10.9M,United States,1.6M,75.4K,5.4K,Tech&Gaming,MAPPED,youtube,march,2022
734,RapGeniusVideo,Genius,Music & Dance,10.9M,United States,52.1K,2.2K,144,Music,MAPPED,youtube,march,2022
735,WiederDude,WiederDude,,10.9M,United States,863K,17.6K,418,,NA,youtube,march,2022
736,E-MasterSensei,E-MasterSensei,Animation,10.9M,Mexico,1.5M,103.2K,1.3K,Entertainment,MAPPED,youtube,march,2022
737,CarryisLive,CarryisLive,,10.9M,India,916.9K,84.1K,389,,NA,youtube,march,2022
738,Juanpa Zurita,Juanpa Zurita,,10.9M,Mexico,1.9M,149.4K,4.2K,,NA,youtube,march,2022
739,BakLol Video,BakLol Video,Movies,10.9M,India,1.4M,33.4K,1.8K,Entertainment,MAPPED,youtube,march,2022
740,HellomaphieMX,HellomaphieMX,DIY & Life Hacks,10.9M,Mexico,654.4K,76K,284,Lifestyle,MAPPED,youtube,march,2022
741,Levinho,Levinho,,10.9M,India,304.1K,29.3K,850,,NA,youtube,march,2022
742,jpgameplayfull,JP Plays,Video games,10.9M,Brazil,112.7K,6K,207,Tech&Gaming,MAPPED,youtube,march,2022
743,Dan Rhodes,Dan Rhodes,Animation,10.8M,India,334.1K,29.6K,211,Entertainment,MAPPED,youtube,march,2022
744,geonews,Geo News,News & Politics,10.8M,Pakistan,3.8K,53,5,Knowledge&Info,MAPPED,youtube,march,2022
745,ToysPlay,ToysPlay,Animation,10.7M,,183.4K,1.1K,,Entertainment,MAPPED,youtube,march,2022
746,bharatzkitchen HINDI,bharatzkitchen HINDI,,10.7M,India,232.9K,6K,199,,NA,youtube,march,2022
747,Área Secreta,Área Secreta,DIY & Life Hacks,10.7M,Brazil,0,,,Lifestyle,MAPPED,youtube,march,2022
748,Virgínia Fonseca,Virgínia Fonseca,Daily vlogs,10.7M,Brazil,922.6K,78.6K,1.4K,Lifestyle,MAPPED,youtube,march,2022
749,programagalofrito,Galo Frito,,10.7M,Brazil,7.7K,777,19,,NA,youtube,march,2022
750,FilmTheorists,The Film Theorists,Movies,10.7M,United States,2.2M,110.3K,5.5K,Entertainment,MAPPED,youtube,march,2022
751,videogyan,Videogyan Nursery Rhymes - Kids Songs & Cartoons,Animation,10.7M,,69K,318,,Entertainment,MAPPED,youtube,march,2022
752,GamesEduUu,Games EduUu,Movies,10.7M,Brazil,1.5M,218.1K,7.7K,Entertainment,MAPPED,youtube,march,2022
753,MC Divertida,MC Divertida,Music & Dance,10.7M,,230.3K,2K,,Music,MAPPED,youtube,march,2022
754,kidstvindia,Kids TV India Hindi Nursery Rhymes,Education,10.7M,,69.7K,327,,Knowledge&Info,MAPPED,youtube,march,2022
755,TiempodeSol,Duo Tiempo De Sol,Music & Dance,10.7M,,423.7K,1.6K,,Music,MAPPED,youtube,march,2022
756,"Baby Big Mouth Kids - Sing, Dance, Explore","Baby Big Mouth Kids - Sing, Dance, Explore",Animation,10.7M,,1K,18,,Entertainment,MAPPED,youtube,march,2022
757,Quantum Tech HD,Quantum Tech HD,,10.7M,United States,1.2M,7.2K,109,,NA,youtube,march,2022
758,ComedyShortsGamer,Deji,Animation,10.7M,United Kingdom,1.5M,50.7K,3.2K,Entertainment,MAPPED,youtube,march,2022
759,HikakinTV,HikakinTV,Music & Dance,10.7M,Japan,1.2M,42.6K,1.8K,Music,MAPPED,youtube,march,2022
760,storybots,Netflix Jr.,Animation,10.7M,,38.6K,105,,Entertainment,MAPPED,youtube,march,2022
761,GoProCamera,GoPro,Sports,10.7M,United States,55.3K,2.1K,59,Sports,MAPPED,youtube,march,2022
762,Slogomanify,Slogo,Video games,10.7M,United States,387.1K,17.8K,424,Tech&Gaming,MAPPED,youtube,march,2022
763,tomiii 11,tomiii 11,Daily vlogs,10.7M,Mexico,78.5K,9.7K,445,Lifestyle,MAPPED,youtube,march,2022
764,Narendra Modi,Narendra Modi,Science & Technology,10.7M,India,31.5K,1.8K,133,Tech&Gaming,MAPPED,youtube,march,2022
765,Dobre Brothers,Dobre Brothers,Humor,10.7M,United States,284.4K,10.2K,381,Entertainment,MAPPED,youtube,march,2022
766,OGGY,OGGY,,10.7M,,504.3K,5.5K,,,NA,youtube,march,2022
767,OYUNCAKOYNUYORUM,OYUNCAKOYNUYORUM,,10.7M,,311.2K,1.1K,,,NA,youtube,march,2022
768,Experienced Mojaraba TV,Experienced Mojaraba TV,Health & Self Help,10.7M,United States,190.7K,5.2K,128,Knowledge&Info,MAPPED,youtube,march,2022
769,rangeldovine,Lucas Rangel,,10.6M,Brazil,169.6K,18.2K,69,,NA,youtube,march,2022
770,NEXT9NEWS हर खबर आप तक,NEXT9NEWS हर खबर आप तक,,10.6M,India,1.6K,7,,,NA,youtube,march,2022
771,Jessica Jane,Jessica Jane,Food & Drinks,10.5M,Indonesia,826.4K,46.2K,1.1K,Lifestyle,MAPPED,youtube,march,2022
772,Ceylin - H Official,Ceylin - H Official,Music & Dance,10.5M,Cyprus,73.1K,,,Music,MAPPED,youtube,march,2022
773,stampylonghead,stampylonghead,Video games,10.5M,United States,155.9K,8.2K,759,Tech&Gaming,MAPPED,youtube,march,2022
774,Flamingo,Flamingo,Animation,10.5M,United States,2.1M,68.3K,7.1K,Entertainment,MAPPED,youtube,march,2022
775,Golemcito Games,Golemcito Games,Video games,10.5M,Peru,2.8M,290K,6.4K,Tech&Gaming,MAPPED,youtube,march,2022
776,Daniel LaBelle,Daniel LaBelle,,10.5M,United States,5.6M,273.6K,2.4K,,NA,youtube,march,2022
777,Vox,Vox,News & Politics,10.5M,United States,2.3M,69.3K,3.6K,Knowledge&Info,MAPPED,youtube,march,2022
778,craftingeek,Craftingeek,,10.5M,Mexico,231.2K,9.2K,113,,NA,youtube,march,2022
779,francinyehlke,Franciny Ehlke,Fashion,10.5M,Brazil,197.2K,19.2K,629,Beauty&Fashion,MAPPED,youtube,march,2022
780,BuzzFeedYellow,As/Is,Fashion,10.5M,United States,27.1K,1.1K,12,Beauty&Fashion,MAPPED,youtube,march,2022
781,doctruyencotich,Kênh Thiếu Nhi - BHMEDIA,Music & Dance,10.5M,United States,21.3K,94,,Music,MAPPED,youtube,march,2022
782,ChillStepNation,Chill Nation,Music & Dance,10.5M,United States,53.7K,1.1K,46,Music,MAPPED,youtube,march,2022
783,Acenix,Acenix,Video games,10.5M,Mexico,2.4M,111K,2.2K,Tech&Gaming,MAPPED,youtube,march,2022
784,Taylor RS,Taylor RS,,10.5M,United States,39.8K,348,12,,NA,youtube,march,2022
785,pinkfongko,핑크퐁 (인기 동요・동화),Music & Dance,10.5M,,66.9K,325,,Music,MAPPED,youtube,march,2022
786,SaraBeautyCorner,"SaraBeautyCorner - DIY, Comedy, Makeup, Nail Art",DIY & Life Hacks,10.5M,United States,133.3K,7.6K,722,Lifestyle,MAPPED,youtube,march,2022
787,WarnerBrosPictures,Warner Bros. Pictures,Movies,10.5M,United States,424.8K,17.7K,861,Entertainment,MAPPED,youtube,march,2022
788,Google,Google,,10.5M,United States,11.6K,158,15,,NA,youtube,march,2022
789,redbull,Red Bull,Sports,10.5M,United States,292.5K,5.2K,246,Sports,MAPPED,youtube,march,2022
790,LA DIVAZA,LA DIVAZA,,10.5M,Mexico,0,,,,NA,youtube,march,2022
791,CJENMMUSIC,Stone Music Entertainment,Music & Dance,10.5M,United States,8.4K,719,34,Music,MAPPED,youtube,march,2022
792,telugufilmnagar,Telugu Filmnagar,,10.5M,India,4.5K,71,2,,NA,youtube,march,2022
793,brancoala,Brancoala,Toys,10.5M,Brazil,398.2K,8.2K,202,Lifestyle,MAPPED,youtube,march,2022
794,Kids smile TV,Kids smile TV,,10.5M,,227.5K,1.4K,,,NA,youtube,march,2022
795,soicon295,Magnet World,,10.5M,United States,12.6K,423,5,,NA,youtube,march,2022
796,Sidhu Moose Wala,Sidhu Moose Wala,Music & Dance,10.4M,India,3.9M,336K,59K,Music,MAPPED,youtube,march,2022
797,AlArabiya,AlArabiya العربية,News & Politics,10.4M,Morocco,6.3K,92,22,Knowledge&Info,MAPPED,youtube,march,2022
798,Troom Troom Arabic,Troom Troom Arabic,,10.3M,Egypt,558.9K,9.1K,184,,NA,youtube,march,2022
799,MeKcanal,Matheus e Kauan,Music & Dance,10.3M,Brazil,6.2K,663,11,Music,MAPPED,youtube,march,2022
800,DuDuPopTOY,DuDuPopTOY,Animation,10.3M,,16.1K,374,,Entertainment,MAPPED,youtube,march,2022
801,Playing with Rafael,Playing with Rafael,,10.3M,Brazil,3.9K,25,,,NA,youtube,march,2022
802,Jamuna TV,Jamuna TV,News & Politics,10.3M,Bangladesh,60.1K,1.5K,96,Knowledge&Info,MAPPED,youtube,march,2022
803,Cris Devil Gamer,Cris Devil Gamer,Music & Dance,10.3M,United States,460.5K,19.9K,669,Music,MAPPED,youtube,march,2022
804,prantoniojunior,Pastor Antônio Júnior,Music & Dance,10.3M,Brazil,341K,79.9K,8.8K,Music,MAPPED,youtube,march,2022
805,Pari's Lifestyle,Pari's Lifestyle,Daily vlogs,10.3M,India,545.6K,12.1K,113,Lifestyle,MAPPED,youtube,march,2022
806,sbtthenoite,The Noite com Danilo Gentili,,10.3M,Brazil,26.4K,1.4K,42,,NA,youtube,march,2022
807,HISHEdotcom,How It Should Have Ended,Movies,10.3M,United States,903.9K,33.9K,1.3K,Entertainment,MAPPED,youtube,march,2022
808,penguinz0,penguinz0,Animation,10.3M,United States,1.4M,49.3K,2.6K,Entertainment,MAPPED,youtube,march,2022
809,destinws2,SmarterEveryDay,Science & Technology,10.3M,United States,1.9M,72.2K,4.7K,Tech&Gaming,MAPPED,youtube,march,2022
810,Flowers Comedy,Flowers Comedy,,10.3M,India,124.5K,2K,126,,NA,youtube,march,2022
811,lucygerardi43,Luli Pampín,Music & Dance,10.3M,,546.6K,3.1K,,Music,MAPPED,youtube,march,2022
812,cbstvdinsideedition,Inside Edition,News & Politics,10.3M,United States,213.1K,5.5K,684,Knowledge&Info,MAPPED,youtube,march,2022
813,Oum Walid,Oum Walid,Education,10.3M,Algeria,527.8K,29.4K,1.6K,Knowledge&Info,MAPPED,youtube,march,2022
814,Lofi Girl,Lofi Girl,Music & Dance,10.3M,United States,96.9K,3.8K,179,Music,MAPPED,youtube,march,2022
815,TwinRoozi 쌍둥이 루지,TwinRoozi 쌍둥이 루지,Daily vlogs,10.3M,Indonesia,197.5K,,,Lifestyle,MAPPED,youtube,march,2022
816,infobellskannada,infobells - Kannada,Education,10.3M,,759.4K,3.3K,,Knowledge&Info,MAPPED,youtube,march,2022
817,Mrwhosetheboss,Mrwhosetheboss,Science & Technology,10.3M,United States,2.7M,152.9K,10.1K,Tech&Gaming,MAPPED,youtube,march,2022
818,TikTak Draw,TikTak Draw,Science & Technology,10.3M,Mexico,120.9K,7.7K,345,Tech&Gaming,MAPPED,youtube,march,2022
819,sagahits,SagaHits,Music & Dance,10.3M,India,45.3K,1.2K,51,Music,MAPPED,youtube,march,2022
820,Sab kuchh sikho jano,Sab kuchh sikho jano,News & Politics,10.2M,India,28.8K,1.5K,61,Knowledge&Info,MAPPED,youtube,march,2022
821,zeetamil,Zee Tamil,,10.2M,India,85K,1.6K,13,,NA,youtube,march,2022
822,Milena Stepanienco - MILENINHA,Milena Stepanienco - MILENINHA,Toys,10.2M,Brazil,342.5K,2.6K,,Lifestyle,MAPPED,youtube,march,2022
823,Wylsacom,Wylsacom,News & Politics,10.2M,Russia,946.9K,38.8K,6.9K,Knowledge&Info,MAPPED,youtube,march,2022
824,TWO SIDE GAMERS,TWO SIDE GAMERS,,10.1M,India,681.4K,62.3K,1.6K,,NA,youtube,march,2022
825,aljazeerachannel,AlJazeera Channel قناة الجزيرة,News & Politics,10.1M,Morocco,36.7K,485,89,Knowledge&Info,MAPPED,youtube,march,2022
826,cleanbandit,Clean Bandit,Music & Dance,10.1M,United States,64.8K,2.1K,100,Music,MAPPED,youtube,march,2022
827,JessicaJulioeBaby,Laurinha e Helena - Clubinho da Laura,Toys,10.1M,Brazil,246.1K,5.7K,176,Lifestyle,MAPPED,youtube,march,2022
828,Rawan and Rayan,Rawan and Rayan,Daily vlogs,10.1M,Algeria,1M,61.5K,4.4K,Lifestyle,MAPPED,youtube,march,2022
829,T-STUDIO,T-STUDIO,,10.1M,United States,50.2K,4.9K,15,,NA,youtube,march,2022
830,TV9 Bharatvarsh,TV9 Bharatvarsh,News & Politics,10.1M,India,27.9K,484,19,Knowledge&Info,MAPPED,youtube,march,2022
831,AsapSCIENCE,AsapSCIENCE,Science & Technology,10.1M,United States,772K,55.8K,1.8K,Tech&Gaming,MAPPED,youtube,march,2022
832,Caso Cerrado,Caso Cerrado,,10.1M,Mexico,410.7K,4.7K,174,,NA,youtube,march,2022
833,DalasReview,Dalas Review,Science & Technology,10.1M,Mexico,684.7K,82.1K,9.7K,Tech&Gaming,MAPPED,youtube,march,2022
834,francoescamilla,Franco Escamilla,,10.1M,Mexico,450K,16.2K,352,,NA,youtube,march,2022
835,Pinkfong en español - Canciones Infantiles,Pinkfong en español - Canciones Infantiles,Animation,10.1M,,44.9K,156,,Entertainment,MAPPED,youtube,march,2022
836,BE AMAZED,BE AMAZED,Education,10.1M,United States,577K,14.1K,762,Knowledge&Info,MAPPED,youtube,march,2022
837,Pen Multiplex,Pen Multiplex,,10.1M,India,10.3K,60,5,,NA,youtube,march,2022
838,0214mex,はじめしゃちょー（hajime）,Music & Dance,10.1M,Japan,1.2M,34.2K,1.3K,Music,MAPPED,youtube,march,2022
839,Republic Bharat,Republic Bharat,News & Politics,10.1M,India,15.4K,,17,Knowledge&Info,MAPPED,youtube,march,2022
840,Captain Watch Hits,Captain Watch Hits,,10.1M,India,41.2K,234,6,,NA,youtube,march,2022
841,Влад и Никита,Влад и Никита,Toys,10.1M,,1M,6K,,Lifestyle,MAPPED,youtube,march,2022
842,Dynamo Gaming,Dynamo Gaming,,10.1M,India,497.9K,58.5K,261,,NA,youtube,march,2022
843,TomorrowlandChannel,Tomorrowland,Music & Dance,10.1M,Brazil,19.4K,914,50,Music,MAPPED,youtube,march,2022
844,VitalyzdTv,VitalyzdTv,Humor,10.1M,United States,67.9K,1.2K,236,Entertainment,MAPPED,youtube,march,2022
845,вДудь,вДудь,News & Politics,10.1M,Russia,16.8M,615.5K,89.4K,Knowledge&Info,MAPPED,youtube,march,2022
846,atv,atv,Animation,10.1M,Turkey,41.2K,420,25,Entertainment,MAPPED,youtube,march,2022
847,Rachit Rojha,Rachit Rojha,,10.1M,India,5.2M,101.8K,4.4K,,NA,youtube,march,2022
848,ChuChuTV Hindi,ChuChuTV Hindi,Education,10.1M,,160.6K,1K,,Knowledge&Info,MAPPED,youtube,march,2022
849,MTV,MTV,Music & Dance,10.1M,United States,6.7K,343,23,Music,MAPPED,youtube,march,2022
850,Hindi Kahaniya,Hindi Kahaniya,,10.1M,India,159.2K,1.9K,52,,NA,youtube,march,2022
851,ctctv,СТС,Video games,10.1M,Russia,19K,168,13,Tech&Gaming,MAPPED,youtube,march,2022
852,Luan Palomera,Luan Palomera,,10.1M,Mexico,757.5K,40.2K,1.6K,,NA,youtube,march,2022
853,Hindi Fairy Tales,Hindi Fairy Tales,,10.1M,India,557.2K,9.3K,,,NA,youtube,march,2022
854,Hindi Countdown,Hindi Countdown,Education,10.1M,India,3.6M,89.6K,3K,Knowledge&Info,MAPPED,youtube,march,2022
855,Diana and Roma IND,Diana and Roma IND,,10.1M,,294K,1.8K,,,NA,youtube,march,2022
856,Lorrayne Oliveira,Lorrayne Oliveira,Toys,10.1M,Brazil,281.5K,17.5K,502,Lifestyle,MAPPED,youtube,march,2022
857,Busy Fun Ltd,Busy Fun Ltd,,10.1M,India,2.4M,13.9K,334,,NA,youtube,march,2022
858,Goldmines Housefull,Goldmines Housefull,,10M,,13.4K,,,,NA,youtube,march,2022
859,RDCGujarati,RDC Gujarati,Music & Dance,10M,India,26.1K,808,26,Music,MAPPED,youtube,march,2022
860,Wolfoo's stories,Wolfoo's stories,Animation,10M,,724.3K,4.2K,,Entertainment,MAPPED,youtube,march,2022
861,Juice WRLD,Juice WRLD,Music & Dance,10M,United States,7.6M,308.3K,19.4K,Music,MAPPED,youtube,march,2022
862,jordanmatter,Jordan Matter,Music & Dance,10M,United States,4.9M,137K,12.5K,Music,MAPPED,youtube,march,2022
863,whoisjimmy,How Ridiculous,Sports,9.9M,United States,25.5M,750.3K,5.2K,Sports,MAPPED,youtube,march,2022
864,BestCodComedy,BCC Gaming,Video games,9.9M,United States,2.3K,75,8,Tech&Gaming,MAPPED,youtube,march,2022
865,familyfunpack,Family Fun Pack,,9.9M,United States,114.5K,2.2K,273,,NA,youtube,march,2022
866,makebymarimaria,Mari Maria,Fashion,9.9M,Brazil,132.1K,13.8K,436,Beauty&Fashion,MAPPED,youtube,march,2022
867,Toymong tv 토이몽TV,Toymong tv 토이몽TV,,9.9M,,27.1K,211,,,NA,youtube,march,2022
868,BERTH-OH,BERTH-OH,,9.9M,Mexico,520K,24.6K,591,,NA,youtube,march,2022
869,Comedy Captain,Comedy Captain,,9.9M,India,16.3K,127,3,,NA,youtube,march,2022
870,Joe HaTTab,Joe HaTTab,Travel,9.9M,Saudi Arabia,3.5M,233.2K,15.9K,Lifestyle,MAPPED,youtube,march,2022
871,NASAtelevision,NASA,News & Politics,9.9M,United States,92.6K,4.2K,,Knowledge&Info,MAPPED,youtube,march,2022
872,historychannel,HISTORY,,9.9M,United States,71.2K,1.3K,108,,NA,youtube,march,2022
873,MSA previously My Story Animated,MSA previously My Story Animated,Animation,9.9M,United States,5.4M,154K,4.8K,Entertainment,MAPPED,youtube,march,2022
874,Nirahua Music World,Nirahua Music World,,9.9M,India,112.6K,5K,152,,NA,youtube,march,2022
875,Nickelodeon,Nickelodeon,Movies,9.9M,,60K,767,,Entertainment,MAPPED,youtube,march,2022
876,Will Smith,Will Smith,Movies,9.9M,United States,332.2K,10.5K,5.5K,Entertainment,MAPPED,youtube,march,2022
877,Heroine Movies 2022,Heroine Movies 2022,Daily vlogs,9.9M,India,151.9K,1.1K,22,Lifestyle,MAPPED,youtube,march,2022
878,WAMIndiaMovies,Wamindia Movies,,9.9M,India,138.5K,2.2K,41,,NA,youtube,march,2022
879,shrutiarjunanand,Shruti Arjun Anand,Movies,9.8M,India,1.5M,47.1K,1.5K,Entertainment,MAPPED,youtube,march,2022
880,barcroftmedia,truly,News & Politics,9.8M,United States,105K,,382,Knowledge&Info,MAPPED,youtube,march,2022
881,5-Minute Recipes,5-Minute Recipes,,9.8M,India,76.4K,860,15,,NA,youtube,march,2022
882,rathorvideo,Rathore Cassettes,,9.8M,India,13.5K,134,13,,NA,youtube,march,2022
883,buzzfeedblue,BuzzFeed Multiplayer,,9.8M,United States,8.5K,342,79,,NA,youtube,march,2022
884,5-Minute Crafts LIKE,5-Minute Crafts LIKE,,9.8M,United States,48.3K,394,8,,NA,youtube,march,2022
885,panicopgm,Programa Pânico Lab,Toys,9.8M,Brazil,22.9K,1.1K,27,Lifestyle,MAPPED,youtube,march,2022
886,RUOK FF,RUOK FF,,9.8M,Brazil,687K,80.7K,4K,,NA,youtube,march,2022
887,htv2channel,Vie Channel - HTV2,Music & Dance,9.8M,United States,8.5K,114,7,Music,MAPPED,youtube,march,2022
888,KiKiDo,KiKiDo,Video games,9.8M,Russia,1.7M,44K,1.5K,Tech&Gaming,MAPPED,youtube,march,2022
889,MBCkpop,MBCkpop,Music & Dance,9.8M,Philippines,19K,925,87,Music,MAPPED,youtube,march,2022
890,Receitas de Pai,Receitas de Pai,Food & Drinks,9.8M,Brazil,99K,13K,336,Lifestyle,MAPPED,youtube,march,2022
891,TheSyndicateProject,Syndicate,Video games,9.8M,United States,157.7K,4.9K,1.3K,Tech&Gaming,MAPPED,youtube,march,2022
892,Family Box,Family Box,Video games,9.8M,Russia,510.7K,9.7K,483,Tech&Gaming,MAPPED,youtube,march,2022
893,Sơn Tùng M-TP Official,Sơn Tùng M-TP Official,Music & Dance,9.8M,United States,61.2K,4.6K,233,Music,MAPPED,youtube,march,2022
894,Peppa Pig Hindi,Peppa Pig Hindi,Education,9.8M,,338.9K,2.5K,,Knowledge&Info,MAPPED,youtube,march,2022
895,Vlad and Niki PRT,Vlad and Niki PRT,,9.7M,,1.8M,,,,NA,youtube,march,2022
896,OneRepublic,OneRepublic,Music & Dance,9.7M,United States,9.9K,749,21,Music,MAPPED,youtube,march,2022
897,BBCArabicNews,BBC News عربي,News & Politics,9.7M,Egypt,38.5K,736,145,Knowledge&Info,MAPPED,youtube,march,2022
898,The Daily Show with Trevor Noah,The Daily Show with Trevor Noah,News & Politics,9.7M,United States,497.4K,10.2K,1.1K,Knowledge&Info,MAPPED,youtube,march,2022
899,Islam Populer,Islam Populer,Education,9.7M,Indonesia,82.3K,2.1K,164,Knowledge&Info,MAPPED,youtube,march,2022
900,Viki Show,Viki Show,Humor,9.7M,Russia,2.8M,109.6K,3.1K,Entertainment,MAPPED,youtube,march,2022
901,Raditya Dika,Raditya Dika,Food & Drinks,9.7M,Indonesia,179.2K,7.8K,299,Lifestyle,MAPPED,youtube,march,2022
902,mrplotvideos,Mundo Bita,Music & Dance,9.7M,,505.9K,4.9K,,Music,MAPPED,youtube,march,2022
903,مصطفى GAME OVER,مصطفى GAME OVER,,9.7M,Iraq,658.9K,74.9K,2.9K,,NA,youtube,march,2022
904,ChennaiExp2013,Red Chillies Entertainment,,9.7M,India,28.4K,990,72,,NA,youtube,march,2022
905,MrGustavoParodias,Gustavo Paródias,Humor,9.7M,Brazil,214.5K,22K,367,Entertainment,MAPPED,youtube,march,2022
906,ChuChuTV Español,ChuChuTV Español,Humor,9.7M,,35K,204,,Entertainment,MAPPED,youtube,march,2022
907,welovekamikaze,welovekamikaze,,9.7M,Thailand,3K,132,4,,NA,youtube,march,2022
908,singkingkaraoke,Sing King,Music & Dance,9.7M,United States,10.8K,157,17,Music,MAPPED,youtube,march,2022
909,EugenBro,EugenBro,Video games,9.7M,Russia,724.3K,36.5K,2.7K,Tech&Gaming,MAPPED,youtube,march,2022
910,KapilComedyNights,Colors Rishtey,,9.7M,India,247.3K,1.7K,20,,NA,youtube,march,2022
911,Larva2011ani,Larva TUBA,,9.6M,United States,21.8K,259,12,,NA,youtube,march,2022
912,Netflix Latinoamérica,Netflix Latinoamérica,,9.6M,Mexico,20.3K,993,76,,NA,youtube,march,2022
913,ThePersica,Orkun Işıtmak,Video games,9.6M,Turkey,1.7M,75.5K,2.1K,Tech&Gaming,MAPPED,youtube,march,2022
914,TeremokTV,Теремок ТВ,Video games,9.6M,,117.3K,546,,Tech&Gaming,MAPPED,youtube,march,2022
915,Prince Royce,Prince Royce,Music & Dance,9.6M,United States,7M,160.8K,3.6K,Music,MAPPED,youtube,march,2022
916,قناة وناسة -  Wanasah TV,قناة وناسة -  Wanasah TV,Music & Dance,9.6M,,12.4M,78.2K,,Music,MAPPED,youtube,march,2022
917,Heidi y Zidane en español,Heidi y Zidane en español,Toys,9.6M,,339.4K,2.2K,,Lifestyle,MAPPED,youtube,march,2022
918,SerbianGamesBL2,Life Hacks & Experiments,,9.6M,United States,42.5K,194,14,,NA,youtube,march,2022
919,mainaCassette,Haryanvi Maina,Music & Dance,9.6M,India,6.3K,55,4,Music,MAPPED,youtube,march,2022
920,mamilosmolengas,Mussoumano,Music & Dance,9.6M,Brazil,860.5K,88.2K,3.6K,Music,MAPPED,youtube,march,2022
921,sadhguru,Sadhguru,,9.6M,India,196.7K,9.6K,186,,NA,youtube,march,2022
922,Sonotek Haryanvi,Sonotek Haryanvi,Music & Dance,9.6M,India,11.3K,192,21,Music,MAPPED,youtube,march,2022
923,Survival Builder,Survival Builder,,9.6M,United States,151.6K,3.3K,134,,NA,youtube,march,2022
924,luisitorey,luisitorey,,9.6M,Mexico,33.1K,2.2K,48,,NA,youtube,march,2022
925,Bispo Bruno Leonardo,Bispo Bruno Leonardo,Music & Dance,9.6M,Brazil,577.9K,208.7K,139.8K,Music,MAPPED,youtube,march,2022
926,bgfilms,Babish Culinary Universe,Food & Drinks,9.6M,United States,817.9K,34.4K,1.2K,Lifestyle,MAPPED,youtube,march,2022
927,5-Minute Crafts TEENS,5-Minute Crafts TEENS,,9.6M,India,23.8K,386,13,,NA,youtube,march,2022
928,BIBI,BIBI,,9.6M,Brazil,30.8K,3K,51,,NA,youtube,march,2022
929,ZarcortGame,ZarcortGame,Music & Dance,9.5M,Mexico,111K,15.3K,538,Music,MAPPED,youtube,march,2022
930,DELRECORDS,DEL Records,Music & Dance,9.5M,Mexico,289K,12.8K,200,Music,MAPPED,youtube,march,2022
931,ehbeefamily,The Bee Family,Humor,9.5M,United States,58K,2.6K,170,Entertainment,MAPPED,youtube,march,2022
932,Eagle Home Entertainments,Eagle Home Entertainments,,9.5M,India,3K,27,,,NA,youtube,march,2022
933,Ben Azelart,Ben Azelart,Video games,9.5M,United States,2.3M,89.3K,31.1K,Tech&Gaming,MAPPED,youtube,march,2022
934,PicaPicaVEVO,Pica - Pica Oficial,,9.5M,,211.5K,519,,,NA,youtube,march,2022
935,Talent Recap,Talent Recap,Music & Dance,9.5M,United States,33.5K,328,29,Music,MAPPED,youtube,march,2022
936,lincolnvelasquez,Cong TV,,9.5M,Philippines,2.5M,163.6K,4.2K,,NA,youtube,march,2022
937,Garena Free Fire Brasil,Garena Free Fire Brasil,Video games,9.5M,Brazil,200.9K,3.1K,302,Tech&Gaming,MAPPED,youtube,march,2022
938,InquisitorMaster,InquisitorMaster,Animation,9.5M,United States,544.3K,20.5K,1.3K,Entertainment,MAPPED,youtube,march,2022
939,Niki and Gabi,Niki and Gabi,Fashion,9.5M,United States,485.5K,25.2K,531,Beauty&Fashion,MAPPED,youtube,march,2022
940,منوعات الكوميديا العراقية,منوعات الكوميديا العراقية,,9.5M,Iraq,1.4M,78.5K,1.7K,,NA,youtube,march,2022
941,TopMovieClips,TopMovieClips,Movies,9.5M,United States,268.3K,5.4K,190,Entertainment,MAPPED,youtube,march,2022
942,timesmusicindia,Times Music,Music & Dance,9.5M,India,456.1K,10.3K,178,Music,MAPPED,youtube,march,2022
943,DaBaby,DaBaby,Music & Dance,9.5M,United States,976.4K,36.4K,1.3K,Music,MAPPED,youtube,march,2022
944,Dharma Productions,Dharma Productions,,9.5M,India,20.4K,1.2K,44,,NA,youtube,march,2022
945,IniTalkShow,Ini Talk Show,Music & Dance,9.5M,Indonesia,0,,,Music,MAPPED,youtube,march,2022
946,BETO GAMER,BETO GAMER,Animation,9.5M,Brazil,448.9K,28.1K,372,Entertainment,MAPPED,youtube,march,2022
947,MrStiven Tc,MrStiven Tc,Video games,9.5M,Colombia,671.7K,66.9K,352,Tech&Gaming,MAPPED,youtube,march,2022
948,NetflixBRA,Netflix Brasil,Humor,9.4M,Brazil,23.3K,1.6K,90,Entertainment,MAPPED,youtube,march,2022
949,JoeyGraceffa,Joey Graceffa,Animals & Pets,9.4M,United States,317.9K,23.3K,2.9K,Lifestyle,MAPPED,youtube,march,2022
950,aanandaaudio,Anand Audio,,9.4M,India,132.3K,3.6K,126,,NA,youtube,march,2022
951,sonyliv,SonyLIV,,9.4M,India,3.4K,56,3,,NA,youtube,march,2022
952,서은이야기[SeoeunStory],서은이야기[SeoeunStory],,9.4M,,36.5K,176,,,NA,youtube,march,2022
953,Grandpa Kitchen,Grandpa Kitchen,Food & Drinks,9.4M,United States,162.7K,8.6K,318,Lifestyle,MAPPED,youtube,march,2022
954,MrMuselk,Muselk,Video games,9.4M,United States,465.5K,19.6K,636,Tech&Gaming,MAPPED,youtube,march,2022
955,JoshDub,JoshDub,Animation,9.4M,United States,0,,,Entertainment,MAPPED,youtube,march,2022
956,BrPVPHu3,João Caetano,,9.4M,Brazil,755.5K,69.1K,1.2K,,NA,youtube,march,2022
957,Power Vision,Power Vision,,9.4M,United States,24.1K,428,4,,NA,youtube,march,2022
958,N1Noobtubers,웃웃TwinsFromRussia,Daily vlogs,9.4M,India,55.6K,3.6K,19,Lifestyle,MAPPED,youtube,march,2022
959,bhaktisongs,Shemaroo Bhakti,Music & Dance,9.4M,India,2.8K,45,6,Music,MAPPED,youtube,march,2022
960,The Voice Global,The Voice Global,Music & Dance,9.4M,United States,320.8K,4.1K,87,Music,MAPPED,youtube,march,2022
961,POPSVIETNAM,POPS MUSIC,Music & Dance,9.4M,United States,7.7K,217,4,Music,MAPPED,youtube,march,2022
962,CRACKS,CRACKS,Video games,9.4M,Colombia,21.3K,2K,139,Tech&Gaming,MAPPED,youtube,march,2022
963,hasanjr11,hasanjr11,,9.4M,Indonesia,23K,2.3K,208,,NA,youtube,march,2022
964,Adriana Show,Adriana Show,Animation,9.4M,,53.8K,,,Entertainment,MAPPED,youtube,march,2022
965,Cleo y Cuquin - Canciones infantiles,Cleo y Cuquin - Canciones infantiles,Music & Dance,9.4M,,225.1K,1K,,Music,MAPPED,youtube,march,2022
966,efdewe,efdewe,Music & Dance,9.3M,Indonesia,195K,11.2K,670,Music,MAPPED,youtube,march,2022
967,SAS-ASMR,SAS-ASMR,,9.3M,United States,216.7K,7.3K,238,,NA,youtube,march,2022
968,fozimozi,Fozi Mozi,,9.3M,,273.1K,3.2K,,,NA,youtube,march,2022
969,sonotektv,Sonotek Music,Music & Dance,9.3M,India,1.6M,34.5K,1K,Music,MAPPED,youtube,march,2022
970,TeremokSongs,Теремок - Песенки для детей,Music & Dance,9.3M,Russia,115.4K,615,,Music,MAPPED,youtube,march,2022
971,YFrostA,FROST,Video games,9.3M,Russia,560.5K,48.5K,1.8K,Tech&Gaming,MAPPED,youtube,march,2022
972,DreamworksAnimation,Peacock Kids,,9.3M,,12.2K,47,,,NA,youtube,march,2022
973,RSVDO,rsfriends,Music & Dance,9.3M,Thailand,4.4K,118,12,Music,MAPPED,youtube,march,2022
974,Classic Mr Bean,Classic Mr Bean,,9.3M,India,86K,1K,47,,NA,youtube,march,2022
975,LetDa Hyper,LetDa Hyper,Music & Dance,9.3M,Indonesia,95K,5.2K,332,Music,MAPPED,youtube,march,2022
976,brunoberti10,Irmãos Berti,Toys,9.3M,Brazil,116.3K,7K,194,Lifestyle,MAPPED,youtube,march,2022
977,Karina Garcia,Karina Garcia,DIY & Life Hacks,9.3M,United States,220.8K,9.2K,301,Lifestyle,MAPPED,youtube,march,2022
978,Bhojpuri Movies,Bhojpuri Movies,,9.3M,India,4.2M,14.9K,142,,NA,youtube,march,2022
979,Dolly and Friends,Dolly and Friends,Animation,9.3M,,415.3K,2.7K,,Entertainment,MAPPED,youtube,march,2022
980,PlaticaPolinesa,PlaticaPolinesia,Music & Dance,9.3M,Mexico,38.5K,3.9K,370,Music,MAPPED,youtube,march,2022
981,Bessan Ismail - بيسان اسماعيل,Bessan Ismail - بيسان اسماعيل,,9.3M,Iraq,1.9M,175.1K,13K,,NA,youtube,march,2022
982,FoxNewsChannel,Fox News,News & Politics,9.3M,United States,207.1K,5.1K,1.8K,Knowledge&Info,MAPPED,youtube,march,2022
983,RoosterTeeth,Rooster Teeth,Movies,9.3M,United States,40.8K,1.3K,136,Entertainment,MAPPED,youtube,march,2022
984,Rayito,Rayito,,9.3M,Mexico,7.6K,306,33,,NA,youtube,march,2022
985,[햄지]Hamzy,[햄지]Hamzy,,9.3M,United States,2.5M,55.8K,1.6K,,NA,youtube,march,2022
986,monsta,Monsta,,9.2M,Indonesia,44.8K,1.2K,,,NA,youtube,march,2022
987,Soothing Relaxation,Soothing Relaxation,Music & Dance,9.2M,United States,112.3K,3.6K,258,Music,MAPPED,youtube,march,2022
988,NFL,NFL,Sports,9.2M,United States,107.3K,1.8K,206,Sports,MAPPED,youtube,march,2022
989,FilterCopy,FilterCopy,,9.2M,India,723.4K,24.3K,326,,NA,youtube,march,2022
990,Thơ Nguyễn,Thơ Nguyễn,,9.2M,United States,266.6K,3.9K,194,,NA,youtube,march,2022
991,Troom Troom SELECT,Troom Troom SELECT,Movies,9.2M,United States,342.7K,4K,93,Entertainment,MAPPED,youtube,march,2022
992,chetakvideo,Chetak,Music & Dance,9.2M,India,15.6K,308,10,Music,MAPPED,youtube,march,2022
993,Denis,Denis,Video games,9.2M,United States,194.2K,9.1K,461,Tech&Gaming,MAPPED,youtube,march,2022
994,cartoonnetworkuk,Cartoon Network UK,,9.2M,,47.3K,387,,,NA,youtube,march,2022
995,Tom Slime,Tom Slime,,9.2M,United States,21K,206,10,,NA,youtube,march,2022
996,FutParódias,FutParódias,Music & Dance,9.2M,Brazil,1.4M,110.1K,2.5K,Music,MAPPED,youtube,march,2022
997,EL GATO,EL GATO,Toys,9.2M,Brazil,243.8K,30.7K,636,Lifestyle,MAPPED,youtube,march,2022
998,CinemaSins,CinemaSins,Movies,9.2M,United States,296K,10.2K,874,Entertainment,MAPPED,youtube,march,2022
999,CricketICC,ICC,Sports,9.2M,India,15.2K,854,58,Sports,MAPPED,youtube,march,2022
1000,BRKsEDU,BRKsEDU,Animation,9.2M,Brazil,112.3K,9.8K,246,Entertainment,MAPPED,youtube,march,2022
