rank,name,followers,er,country,topic_of_influence,potential_reach,_platform,_country,_is_global,_year,category_unified,category_status,id,topic_of_influence_en
1,Bindaas Tv - Funny Comedy Stories @UCDgT3ji8WmI8SnoDobzqCHg,3.8M,-,Afghanistan,,1.1M,youtube,afghanistan,False,2024,NA,NA,,
2,Azmir Recording @UCC0QJFYdd4Wa4_4hlDlYF_g,1.5M,-,Afghanistan,,456K,youtube,afghanistan,False,2024,NA,NA,,
3,MBC5 @UCVad7F4_ZuILXyBsBj-WEnQ,1.4M,-,Afghanistan,,414K,youtube,afghanistan,False,2024,NA,NA,,
4,BARONE LOVE FUNK @UC9G7A5Dhfa5f3_xVJqqQDjA,972K,0.4%,Afghanistan,,291.6K,youtube,afghanistan,False,2024,NA,NA,,
5,India's Funniest Videos @UCt3g98Qvlv7diKWcJy6QR1A,802K,-,Afghanistan,,240.6K,youtube,afghanistan,False,2024,NA,NA,,
6,LemarTV @UC4TjjoiklE7zMJPN7jEqJGw,767K,-,Afghanistan,,230.1K,youtube,afghanistan,False,2024,NA,NA,,
7,كومه دي @UCp6tqIJG9dQs2jAaBKQqH_A,648K,0.2%,Afghanistan,,194.4K,youtube,afghanistan,False,2024,NA,NA,,
8,Wins/Fails Videos @UCdUgq5_GUWyssgoEOMo_rHw,551K,-,Afghanistan,,165.3K,youtube,afghanistan,False,2024,NA,NA,,
9,Shabake Khanda @UCvF0dhWBERzD6YH296cOVFw,412K,-,Afghanistan,,123.6K,youtube,afghanistan,False,2024,NA,NA,,
10,LEMBRANÇAS MUSICAIS @UCBFKMv7Y-gjdm0GMi_ql1gA,337K,-,Afghanistan,,101.1K,youtube,afghanistan,False,2024,NA,NA,,
11,moiegy @UCWUJwemS3xkwrpkW80vQcFg,336K,-,Afghanistan,,100.8K,youtube,afghanistan,False,2024,NA,NA,,
12,SL Sanda @UCP0c5BYBtfVJ4qJUEYn9pEA,324K,-,Afghanistan,,97.2K,youtube,afghanistan,False,2024,NA,NA,,
13,DeadLine Music @UCZWwKCj8AZiYz6ZKtmxfQsw,289K,0.9%,Afghanistan,,86.7K,youtube,afghanistan,False,2024,NA,NA,,
14,Sahara Flash Official @UCJK5_rc-flQfbvGeIRlP3-Q,286K,-,Afghanistan,,85.8K,youtube,afghanistan,False,2024,NA,NA,,
15,Pashton Plus @UCspIOkfGVZndGDJ7V2K1qPw,217K,-,Afghanistan,,65.1K,youtube,afghanistan,False,2024,NA,NA,,
16,Watan Click @UCaR9s_3Gw5und85Rw5zaf4w,215K,-,Afghanistan,,64.5K,youtube,afghanistan,False,2024,NA,NA,,
17,Toot @UCA4TrwbEMjhxOOFC8ho6vJA,183K,-,Afghanistan,,54.9K,youtube,afghanistan,False,2024,NA,NA,,
18,Ro Dar Ro [Family Feud Afghanistan] @UCGRY8FcPNoRVvv-THQsa0Nw,182K,-,Afghanistan,,54.6K,youtube,afghanistan,False,2024,NA,NA,,
19,Azadi Radio @UCvpFmIw-T0BH8rn13CPfWlQ,169K,-,Afghanistan,,50.7K,youtube,afghanistan,False,2024,NA,NA,,
20,KLionVEVO @UCj70UXxfl2Fogw0OgRN-Wag,149K,-,Afghanistan,,44.7K,youtube,afghanistan,False,2024,NA,NA,,
21,ullash icp @UCTU5aTQxXABbC_rA4ZIDoFA,143K,-,Afghanistan,,42.9K,youtube,afghanistan,False,2024,NA,NA,,
22,VOA Pashto @UC6RAiJqLwCQgoedNP0a2qiw,138K,-,Afghanistan,,41.4K,youtube,afghanistan,False,2024,NA,NA,,
23,TOP 5 DARI/دری @UCULyRJJ806zvg4SFhqaF3QQ,133K,-,Afghanistan,,39.9K,youtube,afghanistan,False,2024,NA,NA,,
24,Tembang Kenangan @UCsPuvzcEB3Am7zZpqRdJeoQ,124K,-,Afghanistan,,37.2K,youtube,afghanistan,False,2024,NA,NA,,
25,Project Runway @UCH88cPPLV-DUEvH2WXVV_QA,115K,0.2%,Afghanistan,,34.5K,youtube,afghanistan,False,2024,NA,NA,,
26,Bijoy Study @UCDsGA2aP8u9SSWiZX1WvbRw,108K,-,Afghanistan,,32.4K,youtube,afghanistan,False,2024,NA,NA,,
27,EL TIO RENTE @UCGXyQUE1s31Qu7hksFiQDsw,99.6K,-,Afghanistan,,29.9K,youtube,afghanistan,False,2024,NA,NA,,
28,Afghanistan Premier League @UC7SVSIfie8pt1kgMjbUJ_vQ,90K,-,Afghanistan,,27K,youtube,afghanistan,False,2024,NA,NA,,
29,VOA Dari @UCx8nPzCzHi127J3CkMBrSYg,87K,-,Afghanistan,,26.1K,youtube,afghanistan,False,2024,NA,NA,,
30,Donia Press @UC8o0hJ5RPX6CFYJBtjcr2Eg,80.6K,-,Afghanistan,,24.2K,youtube,afghanistan,False,2024,NA,NA,,
31,ARG1880 @UCF_fUrvSVJcLabN9XRRW8kw,80.1K,-,Afghanistan,,24K,youtube,afghanistan,False,2024,NA,NA,,
32,Netflix Magyarország @UCSvfcIsvn6be03soK4pw2XQ,79K,-,Afghanistan,,23.7K,youtube,afghanistan,False,2024,NA,NA,,
33,J TECH @UC6nhC29o23pHqftZ-Jp406g,75.1K,-,Afghanistan,Technology,22.5K,youtube,afghanistan,False,2024,Tech&Gaming,MAPPED,,Technology
34,الآنسة فرح @UC12h3VrpkgVRt00h0N851dw,59.1K,0.8%,Afghanistan,,17.7K,youtube,afghanistan,False,2024,NA,NA,,
35,YorubaBest Tv @UCrfVFZ6JyBtwIc67ncVbwIg,56.6K,-,Afghanistan,,17K,youtube,afghanistan,False,2024,NA,NA,,
36,BUNDELKHAND HOME VIDEO @UCjmSL3O8UjurtTs78khjZxg,54.5K,-,Afghanistan,,16.4K,youtube,afghanistan,False,2024,NA,NA,,
37,Netflix Česká republika @UCYanivSzoiXJcJ1MUOsKVkQ,51.1K,-,Afghanistan,,15.3K,youtube,afghanistan,False,2024,NA,NA,,
38,Bhojpuri HD Movies @UC78Uaz8qyo-y5pALAPAwKCQ,46.6K,-,Afghanistan,,14K,youtube,afghanistan,False,2024,NA,NA,,
39,Abdullah Tenin @UCYLociHwuiOP-5TeceJnSxw,46.2K,-,Afghanistan,,13.9K,youtube,afghanistan,False,2024,NA,NA,,
40,LEGO Masters @UCnGb5xbCV8OKgf-j58n8IoQ,44.9K,-,Afghanistan,,13.5K,youtube,afghanistan,False,2024,NA,NA,,
41,Afghanistan TV @UCM5scR56vViZ0pmavpYwXqg,41.9K,-,Afghanistan,,12.6K,youtube,afghanistan,False,2024,NA,NA,,
42,Daily News Tech @UC6_T1FvlEwwmQTb_F_oGI0w,41.6K,0.1%,Afghanistan,,12.5K,youtube,afghanistan,False,2024,NA,NA,,
43,Good Oldies Song @UCPkX_y0cMktPQ3GrT5RthwQ,39.9K,-,Afghanistan,,12K,youtube,afghanistan,False,2024,NA,NA,,
44,Afghan Famous @UCv27l1NCVWRHUj4hJbGIH-w,38.8K,-,Afghanistan,,11.6K,youtube,afghanistan,False,2024,NA,NA,,
45,heratsoftware @UCWMx4MFO4gWlH4dYmlrT0Yg,36.7K,-,Afghanistan,,11K,youtube,afghanistan,False,2024,NA,NA,,
46,AK47 @UC9mkpqIWie0Dw1nqZ7S_wAg,36.4K,1.7%,Afghanistan,,10.9K,youtube,afghanistan,False,2024,NA,NA,,
47,Angel & Vario @UCjWSgRIsTxMTpEOb3CsKn9g,36.4K,0.3%,Afghanistan,,10.9K,youtube,afghanistan,False,2024,NA,NA,,
48,Kabulnews TV @UCgMmFt7mWJ5Ue_hP_-VJG5A,34.4K,-,Afghanistan,,10.3K,youtube,afghanistan,False,2024,NA,NA,,
49,Farid Bromand @UCzcuLLpwY1M-sanWjtBfeZQ,32.2K,-,Afghanistan,,9.7K,youtube,afghanistan,False,2024,NA,NA,,
50,Indian Express Bangla @UCpthbAb5DDRfcG68VMn6q0g,27.1K,-,Afghanistan,,8.1K,youtube,afghanistan,False,2024,NA,NA,,
51,Phy RAk @UCE1O7WsA0H8JSfx2Dbn9OMg,26.9K,-,Afghanistan,,8.1K,youtube,afghanistan,False,2024,NA,NA,,
52,lil boosty @UChF-9hFpxxiKWNa6pM7Dc3A,26.2K,0.4%,Afghanistan,,7.9K,youtube,afghanistan,False,2024,NA,NA,,
53,Kabul Media Plus @UCvk0ft9BGaTaXVEoreGVtCQ,25.8K,-,Afghanistan,,7.7K,youtube,afghanistan,False,2024,NA,NA,,
54,DentalManiaK @UCit_XEO1XMt0WlA_a5Y25ZA,25.2K,-,Afghanistan,,7.6K,youtube,afghanistan,False,2024,NA,NA,,
55,Xolabaj TV2 @UCGTHibrua-lSpcpGgyBCE9Q,25.1K,-,Afghanistan,,7.5K,youtube,afghanistan,False,2024,NA,NA,,
56,Chu Diệp Anh @UCPbJYaZBJIDynXNd_Vtqfbg,24.8K,-,Afghanistan,,7.4K,youtube,afghanistan,False,2024,NA,NA,,
57,Doctor داکتر @UC0qsaOMutKk6VoMi8c45frw,24K,-,Afghanistan,,7.2K,youtube,afghanistan,False,2024,NA,NA,,
58,Didar Music @UCms9SuykkUS66D2wr3D2G1w,22.7K,-,Afghanistan,Music,6.8K,youtube,afghanistan,False,2024,Music,MAPPED,,Music
59,A Erfan @UCLroplcRBhrL_pzKN7pDehQ,19.6K,0.2%,Afghanistan,,5.9K,youtube,afghanistan,False,2024,NA,NA,,
60,Pashto Entertainment Entertainment @UC5o5At6pto0EYYa0-m3GIiA,19.4K,1.1%,Afghanistan,Celebrity,5.8K,youtube,afghanistan,False,2024,Entertainment,MAPPED,,Celebrity
61,Pets Best Fun @UCSe4NsHq9CEwbinTZhH5oEw,18.9K,-,Afghanistan,,5.7K,youtube,afghanistan,False,2024,NA,NA,,
62,TODAY PTM @UCyAwbVG39nYFTh1RJ8Ag73A,18.9K,-,Afghanistan,Music,5.7K,youtube,afghanistan,False,2024,Music,MAPPED,,Music
63,Travel Ethiopia-ጉዞ ኢትዮጵያ @UC3AVLFaRHhJi8TYHXuw6rYg,18.5K,0.2%,Afghanistan,,5.6K,youtube,afghanistan,False,2024,NA,NA,,
64,Crowleyyyy @UCvaibZQAjLeMnKloRNfIM7A,18.1K,-,Afghanistan,,5.4K,youtube,afghanistan,False,2024,NA,NA,,
65,Green Swag @UCUbooQPiOb0tvcoC8jQEbvA,17.6K,0.1%,Afghanistan,,5.3K,youtube,afghanistan,False,2024,NA,NA,,
66,สหพันธรัฐไทใจเดียวกัน @UCafatHX_lK7e5nKKD9fv8lg,17.4K,-,Afghanistan,,5.2K,youtube,afghanistan,False,2024,NA,NA,,
67,kabir khostwall @UCgeArVN-G7oPaCH8XWiJ-ag,17.2K,0.3%,Afghanistan,,5.2K,youtube,afghanistan,False,2024,NA,NA,,
68,yeej kim HD1080 @UCaC0gNyPXC1BU0xj0GDH7KA,17K,0.3%,Afghanistan,,5.1K,youtube,afghanistan,False,2024,NA,NA,,
69,Clavis @UCwOYuwj9e2lFKviz7Ibfspg,16.1K,33.9%,Afghanistan,,4.8K,youtube,afghanistan,False,2024,NA,NA,,
70,Larawbar.com @UCbGnZAj8xrqEx02UNZlh2_Q,15.4K,-,Afghanistan,,4.6K,youtube,afghanistan,False,2024,NA,NA,,
71,H.H. @UCldDfGERobpud27NzSohlPg,14.7K,-,Afghanistan,,4.4K,youtube,afghanistan,False,2024,NA,NA,,
72,کانال ساده ترین آموزشها @UCMRsuS4OuP5MHIJRAHMbUxg,13.9K,-,Afghanistan,,4.2K,youtube,afghanistan,False,2024,NA,NA,,
73,Pashto Islami @UCzVuHmw6-BcQqXH5W40HORw,13.3K,-,Afghanistan,,4K,youtube,afghanistan,False,2024,NA,NA,,
74,High Council for National Reconciliation @UCiHoMDXJQboJy1UEN-hBU9A,13.2K,-,Afghanistan,,4K,youtube,afghanistan,False,2024,NA,NA,,
75,貝拉醬Bella @UCn5iCeeF4nMECDobXb3kFbQ,12.9K,0.6%,Afghanistan,,3.9K,youtube,afghanistan,False,2024,NA,NA,,
76,iGunvicted @UC6MamwO1MDhVfyeb01XOg5w,12.6K,-,Afghanistan,,3.8K,youtube,afghanistan,False,2024,NA,NA,,
77,Kamsan Arom @UCKgPS2K6xmsRLIe2w-9iQHg,12.4K,-,Afghanistan,,3.7K,youtube,afghanistan,False,2024,NA,NA,,
78,Zulfan tube @UCgpxqCBKVSaTlk4MwL7z-pA,12.3K,0.1%,Afghanistan,,3.7K,youtube,afghanistan,False,2024,NA,NA,,
79,૯υՆ૯Ոςƿɿ૯૭૯Ն @UCZN1eMcGegUw4V3tJ2uHAxQ,12.3K,-,Afghanistan,,3.7K,youtube,afghanistan,False,2024,NA,NA,,
80,Criadouro Buriti @UCqqYf0hdFIDuXpcrACz6EPg,12K,-,Afghanistan,,3.6K,youtube,afghanistan,False,2024,NA,NA,,
81,shahram hashemi @UCtajG3ubRg58fmkJ_FWZg2Q,11.5K,0.1%,Afghanistan,,3.5K,youtube,afghanistan,False,2024,NA,NA,,
82,Farhad Ghafoor @UC1sjfTwyZHjhwh6oSF5Etjg,11.4K,3%,Afghanistan,,3.4K,youtube,afghanistan,False,2024,NA,NA,,
83,꧁༒☬gobinda masih☬༒꧂ @UCmzGjQcXRzNA3XcXYdDwEtA,11.2K,-,Afghanistan,,3.4K,youtube,afghanistan,False,2024,NA,NA,,
84,XxDEATH_LORDxX @UCgVHrc1nvk7qF8qp-t-hxJg,10.9K,80.1%,Afghanistan,,3.3K,youtube,afghanistan,False,2024,NA,NA,,
85,saren music market @UCFzMmvIcgZlyol3SfFofeYQ,10.6K,-,Afghanistan,,3.2K,youtube,afghanistan,False,2024,NA,NA,,
86,O que será de novo hoje ! Brinquedos resenhas vlogs @UCLjz_XFniaSx1VhP5UObj_w,10.6K,-,Afghanistan,,3.2K,youtube,afghanistan,False,2024,NA,NA,,
87,San wel @UC3tsD0Zwajp5siNVqwupdvQ,10.4K,-,Afghanistan,,3.1K,youtube,afghanistan,False,2024,NA,NA,,
88,Turbo Tractors @UCtchLlRh5FCP3nEKFHB4JjQ,10.4K,-,Afghanistan,,3.1K,youtube,afghanistan,False,2024,NA,NA,,
89,RDX BOYZ MANIKA @UCLCpibvImQdJu68rMmRw-gA,10.3K,0.3%,Afghanistan,,3.1K,youtube,afghanistan,False,2024,NA,NA,,
90,Dr. Abdullah Abdullah @UCYr6qIfnEVYDTKfUTMDmRSg,10.2K,-,Afghanistan,,3.1K,youtube,afghanistan,False,2024,NA,NA,,
91,Shaheen Naikpay @UC515LyLO1mkor_qylBt_uyQ,10K,-,Afghanistan,,3K,youtube,afghanistan,False,2024,NA,NA,,
92,Torialai Waziry @UCVqiXwXu3vxocfUJlX1qRgw,9.8K,-,Afghanistan,,2.9K,youtube,afghanistan,False,2024,NA,NA,,
93,Dirt Zalgo @UCCVulaGbHLaPJ_dyV7vF0rw,9.7K,-,Afghanistan,,2.9K,youtube,afghanistan,False,2024,NA,NA,,
94,Real Creators @UCPZ2Ssb2d8kxwaWBYSie6cQ,9.3K,0.2%,Afghanistan,,2.8K,youtube,afghanistan,False,2024,NA,NA,,
95,SOMBO BMC @UCVi29qCql-2Dl_6xdjz_trQ,9.2K,-,Afghanistan,,2.8K,youtube,afghanistan,False,2024,NA,NA,,
96,Fox Carp Fishing TV CZ&SK @UCl22B1DgtxuKusXmd5PyyUA,9.2K,0.3%,Afghanistan,,2.7K,youtube,afghanistan,False,2024,NA,NA,,
97,Mudasir Zamani @UC2Sr4O0Gm1dUn3f3K6dBmbw,9.1K,-,Afghanistan,,2.7K,youtube,afghanistan,False,2024,NA,NA,,
98,Cragsman @UCxbZoIuCIud_n1pZgZiSL4w,9.1K,-,Afghanistan,,2.7K,youtube,afghanistan,False,2024,NA,NA,,
99,Angkor Mala @UCEjddKViPwdCLoeg49wrDPw,8.7K,-,Afghanistan,,2.6K,youtube,afghanistan,False,2024,NA,NA,,
100,sanoorg @UCOdbFr8_L4Ynf94oNbyGKGQ,8.6K,0.1%,Afghanistan,,2.6K,youtube,afghanistan,False,2024,NA,NA,,
1,Islamic Center ,530K,-,Aland Islands,,159K,youtube,aland-islands,False,2024,NA,NA,UCp5sPFqliDz5tdjF7tMdiUQ,
2,Frank Official ,128K,-,Aland Islands,,38.4K,youtube,aland-islands,False,2024,NA,NA,UCfpNslKsy6tPRJcjcqhgY_Q,
3,Mystic Media ,68.5K,4.3%,Aland Islands,,20.6K,youtube,aland-islands,False,2024,NA,NA,UCdGVD4QzNyUrfyX5oiZVtfQ,
4,Erik did it ,16.5K,12.9%,Aland Islands,,5K,youtube,aland-islands,False,2024,NA,NA,UCKRSetvAFv7onZEL0DNV6JQ,
5,Menstrual Cup Bd ,15.7K,-,Aland Islands,,4.7K,youtube,aland-islands,False,2024,NA,NA,UCIlbyddNbcWrq2Vl-trCMxA,
6,misterpaj ,14.2K,0.3%,Aland Islands,,4.3K,youtube,aland-islands,False,2024,NA,NA,UC7T6Sb0V1SGF5oHv0fsePmA,
7,Drag Motor2 ,12.8K,-,Aland Islands,News,3.8K,youtube,aland-islands,False,2024,Knowledge&Info,MAPPED,UC_Cl3TOBb2PP6Is5-aWDmfA,News
8,Verbs describe us #culturacastildeviata #artgoeson ,9.5K,-,Aland Islands,,2.9K,youtube,aland-islands,False,2024,NA,NA,UC10IxWOG3EiOQ_Zoq2XpOLg,
9,Ma chinery ,9.3K,-,Aland Islands,,2.8K,youtube,aland-islands,False,2024,NA,NA,UC0DsjQ0YnzFycEyYWxbbCfg,
10,FaithfulBerean ,9K,0.1%,Aland Islands,,2.7K,youtube,aland-islands,False,2024,NA,NA,UCJpxoRoemhS_FgSRXw30zrg,
11,قصة كل يوم ,8.1K,-,Aland Islands,,2.4K,youtube,aland-islands,False,2024,NA,NA,UCUFKKwZH9Vlj3FWutvsthow,
12,Chentra Vuth ,5.4K,-,Aland Islands,,1.6K,youtube,aland-islands,False,2024,NA,NA,UCKcvMBwScPyR6fNbg4jSw_g,
13,Eternal Energy ,3.6K,-,Aland Islands,,1.1K,youtube,aland-islands,False,2024,NA,NA,UCu6-52n67n2XrpQm5AWDwAg,
14,Miha Hilma ,2.2K,-,Aland Islands,,660,youtube,aland-islands,False,2024,NA,NA,UCHv4RPknnMheRoiJ9Q4BMsA,
15,اعرف وتثقف ,2.1K,0.3%,Aland Islands,,639,youtube,aland-islands,False,2024,NA,NA,UCtCx16JYpV529Uj0m2Qawsg,
16,Rambo ,1.4K,30.8%,Aland Islands,,429,youtube,aland-islands,False,2024,NA,NA,UCzUruRlxbkflQezHnjB-BUw,
17,Збс Сериалы ,1.3K,0.2%,Aland Islands,,384,youtube,aland-islands,False,2024,NA,NA,UC_3yFhNgvH5cltGQaupMt6g,
18,Johan Tronestam ,1.2K,2.4%,Aland Islands,,357,youtube,aland-islands,False,2024,NA,NA,UCDZmjfcKPfNyy0tnTDaJznw,
19,stacksmaestro ,1.1K,26.5%,Aland Islands,,327,youtube,aland-islands,False,2024,NA,NA,UCkiGR7ao-u4mFetMLPgrD_w,
20,morg ,1.1K,-,Aland Islands,,324,youtube,aland-islands,False,2024,NA,NA,UCIO6wlknzhuVXVCaASN94eQ,
1,T-Series @UCq-Fj5jknLsUf-MWSy4_brA,234M,-,India,,70.2M,youtube,all-countries,True,2024,NA,NA,,
2,Cocomelon - Nursery Rhymes @UCbCmjCuTUZos6Inko4u57UQ,144M,-,United States,,43.2M,youtube,all-countries,True,2024,NA,NA,,
3,SET India @UCpEhnqL0y41EpW2TvWAHD7Q,139M,-,India,,41.7M,youtube,all-countries,True,2024,NA,NA,,
4,PewDiePie @UC-lHJZR3Gqxm24_Vd_AJ5Yw,111M,0.1%,United States,,33.3M,youtube,all-countries,True,2024,NA,NA,,
5,MrBeast @UCX6OQ3DkcsbYNE6H8uQQuVA,100M,2.4%,United States,Celebrity Pets,30M,youtube,all-countries,True,2024,Entertainment,MAPPED,,Celebrity Pets
6,Like Nastya @UCJplp5SjeGSdVdwsfb9Q7lQ,97.3M,-,United States,,29.2M,youtube,all-countries,True,2024,NA,NA,,
7,✿ Kids Diana Show @UCk8GzjMOrta8yxDcKfylJYw,94.2M,-,,,28.3M,youtube,all-countries,True,2024,NA,NA,,
8,Zee Music Company @UCFFbwnve3yF62-tVXkTyHqg,91.4M,-,India,,27.4M,youtube,all-countries,True,2024,NA,NA,,
9,WWE @UCJ5v_MCY6GNUBTO8-D3XoAg,91.2M,-,,,27.4M,youtube,all-countries,True,2024,NA,NA,,
10,Vlad and Niki @UCvlE5gTbOvjiolFlEm-c_Ow,84.3M,-,United States,Marketing and Advertising Music,25.3M,youtube,all-countries,True,2024,Knowledge&Info,MAPPED,,Marketing and Advertising Music
11,BLACKPINK @UCOmHUn--16B90oW2L6FRR3A,82M,0.4%,South Korea,,24.6M,youtube,all-countries,True,2024,NA,NA,,
12,Goldmines @UCyoXW-Dse7fURq30EWl_CUA,72M,-,India,,21.6M,youtube,all-countries,True,2024,NA,NA,,
13,Justin Bieber @UCIwFjwMjI0y7PDBVEO9-bkQ,69.7M,-,Canada,,20.9M,youtube,all-countries,True,2024,NA,NA,,
14,Sony SAB @UC6-F5tO8uklgE9Zy8IvbdFw,69.2M,-,India,,20.8M,youtube,all-countries,True,2024,NA,NA,,
15,BANGTANTV @UCLkAepWjdylmXSltofFvsYQ,68.6M,0.5%,,,20.6M,youtube,all-countries,True,2024,NA,NA,,
16,HYBE LABELS @UC3IZKseVpdzPSBaWxBxundA,68.1M,-,South Korea,Celebrity Music,20.4M,youtube,all-countries,True,2024,Music,MAPPED,,Celebrity Music
17,Canal KondZilla @UCffDXn7ycAzwL2LDlbyWOTw,66.3M,-,Brazil,,19.9M,youtube,all-countries,True,2024,NA,NA,,
18,Zee TV @UCppHT7SZKKvar4Oc9J4oljQ,64M,-,India,,19.2M,youtube,all-countries,True,2024,NA,NA,,
19,Shemaroo Filmi Gaane @UCP6uH_XlsxrXwZQ4DlqbqPg,61.1M,-,India,,18.3M,youtube,all-countries,True,2024,NA,NA,,
20,Colors TV @UC55IWqFLDH1Xp7iu1_xknRA,59.2M,-,India,,17.8M,youtube,all-countries,True,2024,NA,NA,,
21,ChuChu TV Nursery Rhymes & Kids Songs @UCBnZ16ahKA2DZ_T5W0FPUXg,58.7M,-,India,,17.6M,youtube,all-countries,True,2024,NA,NA,,
22,Dude Perfect @UCRijo3ddMTht_IHyNSNXpNQ,58.6M,-,United States,,17.6M,youtube,all-countries,True,2024,NA,NA,,
23,Movieclips @UC3gNmTGu-TTbFPpfSs5kNkg,58.5M,-,United States,,17.6M,youtube,all-countries,True,2024,NA,NA,,
24,Pinkfong Baby Shark - Kids' Songs & Stories @UCcdwLMPsaU2ezNSJU1nFoBQ,56.9M,-,,,17.1M,youtube,all-countries,True,2024,NA,NA,,
25,Tips Official @UCJrDMFOdv1I2k8n9oK_V21w,56.5M,-,India,,17M,youtube,all-countries,True,2024,NA,NA,,
26,Marshmello @UCEdvpU2pFRCVqU6yIPyTpMQ,55.8M,-,United States,,16.7M,youtube,all-countries,True,2024,NA,NA,,
27,Wave Music @bhojpuriwave,55.6M,-,India,,16.7M,youtube,all-countries,True,2024,NA,NA,,
28,Sony Music India @UC56gTxNs4f9xZ7Pa2i5xNzg,55.3M,-,India,,16.6M,youtube,all-countries,True,2024,NA,NA,,
29,Aaj Tak @UCt4t-jeY85JegMlZ-E5UWtA,54M,-,India,,16.2M,youtube,all-countries,True,2024,NA,NA,,
30,El Reino Infantil @UCK1i2UviaXLUNrZlAFpw_jA,52.9M,-,,,15.9M,youtube,all-countries,True,2024,NA,NA,,
31,Ed Sheeran @UC0C-w0YjGpqDXGB8IHb662A,52.3M,-,,,15.7M,youtube,all-countries,True,2024,NA,NA,,
32,Ariana Grande @UC9CoOnJkIBMdeijd9qYoT_g,52.2M,-,,,15.7M,youtube,all-countries,True,2024,NA,NA,,
33,EminemMusic @UCfM3zsQsOnfWNUppiycmBuw,51.7M,1%,,,15.5M,youtube,all-countries,True,2024,NA,NA,,
34,T-Series Bhakti Sagar @UCaayLD9i5x4MmIoVZxXSv_g,49.9M,-,,,15M,youtube,all-countries,True,2024,NA,NA,,
35,LooLoo Kids - Nursery Rhymes and Children's Songs @UC4NALVCmcmL5ntpV0thoH6w,49.4M,-,United States,,14.8M,youtube,all-countries,True,2024,NA,NA,,
36,YRF @UCbTLwN10NoCU4WDzLf1JMOA,48.4M,-,India,,14.5M,youtube,all-countries,True,2024,NA,NA,,
37,Taylor Swift @UCqECaJ8Gagnn7YCbPEzWH6g,47.2M,0.4%,,,14.2M,youtube,all-countries,True,2024,NA,NA,,
38,Fernanfloo @fernanfloo,47.1M,-,El Salvador,,14.1M,youtube,all-countries,True,2024,NA,NA,,
39,Infobells - Hindi @UC1ciY6kR3yj3kaKZ6R7ewAg,46.6M,-,India,,14M,youtube,all-countries,True,2024,NA,NA,,
40,Billie Eilish @UCiGm_E4ZwYSHV3bcW1pnSeQ,46.6M,0.7%,United States,,14M,youtube,all-countries,True,2024,NA,NA,,
41,JuegaGerman @UCYiGq8XF7YQD00x7wAd62Zg,46.4M,0.4%,Chile,,13.9M,youtube,all-countries,True,2024,NA,NA,,
42,Badabun @UCYWOjHweP2V-8kGKmmAmQJQ,45.7M,-,Mexico,,13.7M,youtube,all-countries,True,2024,NA,NA,,
43,Felipe Neto @UCV306eHqgo0LvBf3Mh36AHg,44.4M,-,Brazil,,13.3M,youtube,all-countries,True,2024,NA,NA,,
44,Get Movies @UClZkHt2kNIgyrTTPnSQV3SA,44.3M,-,Russia,,13.3M,youtube,all-countries,True,2024,NA,NA,,
45,whinderssonnunes @UC3KQ5GWANYF8lChqjZpXsQw,43.7M,-,,,13.1M,youtube,all-countries,True,2024,NA,NA,,
46,SonyMusicIndiaVEVO @UC3MLnJtqc_phABBriLRhtgQ,43.6M,-,,Music,13.1M,youtube,all-countries,True,2024,Music,MAPPED,,Music
47,BRIGHT SIDE @UC4rlAVgAK0SGk-yTfe48Qpw,43.4M,-,,Fitness News,13M,youtube,all-countries,True,2024,Sports,MAPPED,,Fitness News
48,Katy Perry @UCYvmuw-JtVrTZQ-7Y4kd63Q,43.1M,-,United States,,12.9M,youtube,all-countries,True,2024,NA,NA,,
49,Bad Bunny @UCmBA_wu8xGg1OfOkfW13Q0Q,43.1M,-,Puerto Rico,,12.9M,youtube,all-countries,True,2024,NA,NA,,
50,Você Sabia? @UCj0O6W8yDuLg3iraAXKgCrQ,43M,-,Brazil,,12.9M,youtube,all-countries,True,2024,NA,NA,,
51,Alan Walker @UCJrOtniJ0-NWz37R30urifQ,42.4M,-,Norway,,12.7M,youtube,all-countries,True,2024,NA,NA,,
52,Like Nastya Show @UCS94J1s6-qc8v7btCdS2pNg,41.7M,-,United States,,12.5M,youtube,all-countries,True,2024,NA,NA,,
53,CarryMinati @carryminati,41.6M,9.2%,India,Video Gaming,12.5M,youtube,all-countries,True,2024,Tech&Gaming,MAPPED,,Video Gaming
54,ABS-CBN Entertainment @UCstEtN0pgOmCf02EdXsGChw,41.5M,-,Philippines,,12.5M,youtube,all-countries,True,2024,NA,NA,,
55,Shemaroo @UCF1JIbMUs6uqoZEY1Haw0GQ,41.2M,-,India,Celebrity,12.4M,youtube,all-countries,True,2024,Entertainment,MAPPED,,Celebrity
56,Speed Records @UCOsyDsO5tIt-VZ1iwjdQmew,41.1M,-,India,Music,12.3M,youtube,all-countries,True,2024,Music,MAPPED,,Music
57,elrubiusOMG @UCXazgXDIYyWH-yXLAkcrFxw,40.4M,1.7%,,,12.1M,youtube,all-countries,True,2024,NA,NA,,
58,Little Baby Bum - Nursery Rhymes & Kids Songs @UCKAqou7V9FAWXpZd9xtOg3Q,40M,-,United States,,12M,youtube,all-countries,True,2024,NA,NA,,
59,Voot Kids @UCJg19noZp7-BYIGvypu_cow,39.3M,-,India,,11.8M,youtube,all-countries,True,2024,NA,NA,,
60,Маша и Медведь @UCRv76wLBC73jiP7LX4C3l8Q,39.1M,-,Russia,,11.7M,youtube,all-countries,True,2024,NA,NA,,
61,LUCCAS NETO - LUCCAS TOON @UC_gV70G_Y51LTa3qhu8KiEA,38.6M,-,Brazil,,11.6M,youtube,all-countries,True,2024,NA,NA,,
62,Luisito Comunica @UCECJDeK0MNapZbpaOzxrUPA,38.5M,0.1%,,,11.6M,youtube,all-countries,True,2024,NA,NA,,
63,Ishtar Music @UCWi_65E_L8tQZ34C6wVAlpQ,38.5M,-,India,Music Celebrity,11.6M,youtube,all-countries,True,2024,Music,MAPPED,,Music Celebrity
64,TheEllenShow @UCp0hYYBW6IMayGgR-WeoCvQ,38.3M,-,United States,,11.5M,youtube,all-countries,True,2024,NA,NA,,
65,Toys and Colors @UCgFXm4TI8htWmCyJ6cVPG_A,38.3M,-,United States,,11.5M,youtube,all-countries,True,2024,NA,NA,,
66,Kimberly Loaiza @UCQZfFRohQ7UX-0CdXl-6pwQ,38.1M,0.9%,Mexico,,11.4M,youtube,all-countries,True,2024,NA,NA,,
67,WorkpointOfficial @UC3ZkCd7XtUREnjjt3cyY_gg,38.1M,-,Thailand,,11.4M,youtube,all-countries,True,2024,NA,NA,,
68,XXXTENTACION @UCM9r1xn6s30OnlJWb-jc3Sw,37.8M,0.1%,United States,,11.3M,youtube,all-countries,True,2024,NA,NA,,
69,Super Simple Songs - Kids Songs @UCLsooMJoIpl_7ux2jvdPB-Q,37.3M,-,Canada,Travel,11.2M,youtube,all-countries,True,2024,Lifestyle,MAPPED,,Travel
70,Shakira @UCYLNGLIzMhRTi6ZOLjAPSmw,37.1M,-,,,11.1M,youtube,all-countries,True,2024,NA,NA,,
71,GR6 EXPLODE @UCNUQK9mQoqi4yNXw2_Rj6SA,37.1M,-,,,11.1M,youtube,all-countries,True,2024,NA,NA,,
72,Daddy Yankee @UC9TO_oo4c_LrOiKNaY6aysA,37M,-,United States,Music,11.1M,youtube,all-countries,True,2024,Music,MAPPED,,Music
73,shfa @UCwHE1kM1CPJd_pI9FQ0-4dg,36.1M,0.1%,United Arab Emirates,,10.8M,youtube,all-countries,True,2024,NA,NA,,
74,ช่อง one31 @UC8f7MkX4MFOOJ2SerXLInCA,35.9M,-,Thailand,,10.8M,youtube,all-countries,True,2024,NA,NA,,
75,shfa2 - شفا @UCQ7x25F6YXY9DvGeHFxLhRQ,35.6M,-,United Arab Emirates,,10.7M,youtube,all-countries,True,2024,NA,NA,,
76,Goldmines Gaane Sune Ansune @UCtW7qWjpCZ8zps-Cf2NF26w,35.6M,-,India,,10.7M,youtube,all-countries,True,2024,NA,NA,,
77,TEDx Talks @UCsT0YIqwnpJCM-mx7-gSA4Q,35.5M,-,,,10.7M,youtube,all-countries,True,2024,NA,NA,,
78,Ozuna @UCjIA3wwhi0QjSOXAZwOXbPA,35.2M,0.4%,Puerto Rico,Celebrity Music,10.6M,youtube,all-countries,True,2024,Music,MAPPED,,Celebrity Music
79,YouTube @youtube.com,35.1M,-,United States,,10.5M,youtube,all-countries,True,2024,NA,NA,,
80,Masha and The Bear @UCu59yAFE8fM0sVNTipR4edw,35.1M,-,United States,,10.5M,youtube,all-countries,True,2024,NA,NA,,
81,Bruno Mars @UCoUM-UJ7rirJYP8CQ0EIaHA,34.8M,0.2%,,,10.4M,youtube,all-countries,True,2024,NA,NA,,
82,Jkk Entertainment @UC5tuYcCdiKuF5Y2ZonuarwA,34.5M,0.2%,,,10.4M,youtube,all-countries,True,2024,NA,NA,,
83,Maria Clara & JP @UCKe6w0exI94U-RzqAyoY1VA,33.8M,0.1%,Brazil,,10.1M,youtube,all-countries,True,2024,NA,NA,,
84,T-Series Apna Punjab @UCcvNYxWXR_5TjVK7cSCdW-g,33.6M,-,India,,10.1M,youtube,all-countries,True,2024,NA,NA,,
85,Total Gaming @UC5c9VlYTSvBSCaoMu_GI6gQ,33.6M,0.2%,India,Video Gaming,10.1M,youtube,all-countries,True,2024,Tech&Gaming,MAPPED,,Video Gaming
86,J Balvin @UCt-k6JwNWHMXDBGm9IYHdsg,33.6M,-,Colombia,,10.1M,youtube,all-countries,True,2024,NA,NA,,
87,ABP NEWS @UCRWFSbif-RFENbBrSiez1DA,33.5M,-,India,,10.1M,youtube,all-countries,True,2024,NA,NA,,
88,VEGETTA777 @UCam8T03EOFBsNdR0thrFHdQ,33.5M,-,,,10.1M,youtube,all-countries,True,2024,NA,NA,,
89,Markiplier @UC7_YxT-KID8kRbqZo7MyscQ,33.5M,0.4%,United States,,10.1M,youtube,all-countries,True,2024,NA,NA,,
90,Desi Music Factory @UCLtNvbkqea8wN_kGtfgx_Mw,33M,1.8%,India,,9.9M,youtube,all-countries,True,2024,NA,NA,,
91,NoCopyrightSounds @UC_aEa8K-EOJ3D6gOs7HcyNg,32.9M,-,United Kingdom,Music,9.9M,youtube,all-countries,True,2024,Music,MAPPED,,Music
92,Geet MP3 @UClZF7OsrECe3t_ADrjZEh_Q,32.7M,-,,Music,9.8M,youtube,all-countries,True,2024,Music,MAPPED,,Music
93,Ryan's World @UChGJGhZ9SOOHvBB0Y4DOO_w,32.7M,-,,Music,9.8M,youtube,all-countries,True,2024,Music,MAPPED,,Music
94,Bollywood Classics @UCRm96I5kmb_iGFofE5N691w,32.7M,-,India,,9.8M,youtube,all-countries,True,2024,NA,NA,,
95,Sony PAL @UCw7xjxzbMwgBSmbeYwqYRMg,32.6M,-,,,9.8M,youtube,all-countries,True,2024,NA,NA,,
96,Like Nastya ESP @UCpEJRZdSpdVZ8vh63T9I2KQ,32.5M,-,,,9.8M,youtube,all-countries,True,2024,NA,NA,,
97,La Granja de Zenón @UCwpcLKMwiuPg4aqImpGk6Ew,32.3M,-,Argentina,,9.7M,youtube,all-countries,True,2024,NA,NA,,
98,Alfredo Larin @alfredolarin,32.3M,-,El Salvador,,9.7M,youtube,all-countries,True,2024,NA,NA,,
99,Mikecrack @UCqJ5zFEED1hWs0KNQCQuYdQ,32.2M,0.6%,Spain,,9.7M,youtube,all-countries,True,2024,NA,NA,,
100,Saregama Music @UC_A7K2dXFsTMAciGmnNxy-Q,32.1M,-,India,,9.6M,youtube,all-countries,True,2024,NA,NA,,
1,La Granja de Zenón @UCwpcLKMwiuPg4aqImpGk6Ew,32.3M,-,Argentina,,9.7M,youtube,argentina,False,2024,NA,NA,,
2,TheDonato @UCaHEdZtk6k7SVP-umnzifmQ,26.8M,-,Argentina,,8M,youtube,argentina,False,2024,NA,NA,,
3,DrossRotzank @UCNYW2vfGrUE6R5mIJYzkRyQ,22.5M,0.5%,Argentina,,6.8M,youtube,argentina,False,2024,NA,NA,,
4,Paulo Londra @UCzI7wZyqk7jpXWT_MILjepw,22M,-,Argentina,,6.6M,youtube,argentina,False,2024,NA,NA,,
5,Disney Latinoamérica @UCq3zaHCaZtb3TtNwwz0PK2w,20.4M,-,Argentina,,6.1M,youtube,argentina,False,2024,NA,NA,,
6,RobleisIUTU @UCG8eSYvOQUpb9HM8zU5d6xg,17.5M,-,Argentina,,5.3M,youtube,argentina,False,2024,NA,NA,,
7,Alejo Igoa @UCZs0WwC0Dn_noiQE2BHSTKg,17.2M,0.5%,Argentina,,5.2M,youtube,argentina,False,2024,NA,NA,,
8,El Reino a Jugar @UCsm77kEHBDEPgD4Ir3jSRYg,16.2M,-,Argentina,,4.9M,youtube,argentina,False,2024,NA,NA,,
9,Bizarrap @UCmS75G-98QihSusY7NfCZtw,16M,27.3%,Argentina,,4.8M,youtube,argentina,False,2024,NA,NA,,
10,Plim Plim - Kids Songs & Episodes - Spanish @UCYQo8CdhXD22qfwUBUw591Q,15.9M,-,Argentina,,4.8M,youtube,argentina,False,2024,NA,NA,,
11,Lyna @UC-cnbLlplnXA4oc7rR21qzg,13.5M,0.2%,Argentina,,4.1M,youtube,argentina,False,2024,NA,NA,,
12,Yao Cabrera @UCu4mAgni85Q6uIGIAJ1-Feg,8.9M,-,Argentina,,2.7M,youtube,argentina,False,2024,NA,NA,,
13,TINI @UCJusEPcWIH9EyYSCqGP-1ew,7.6M,4%,Argentina,,2.3M,youtube,argentina,False,2024,NA,NA,,
14,Te lo resumo @UCw7Bz6EHxlnOoBUBlJZCWCw,6.8M,1.5%,Argentina,Video Gaming,2.1M,youtube,argentina,False,2024,Tech&Gaming,MAPPED,,Video Gaming
15,YAO @UCaUKfGWDNnZ5wWCogMshVrQ,6.7M,-,Argentina,,2M,youtube,argentina,False,2024,NA,NA,,
16,MUEVA Records @UC9YImk7k5T4_LNMnOjiXNzw,5.8M,0.5%,Argentina,,1.7M,youtube,argentina,False,2024,NA,NA,,
17,El Reino Series @UC4shzxpZgQeg_8-l-PJetJQ,5.7M,-,Argentina,,1.7M,youtube,argentina,False,2024,NA,NA,,
18,Discovery Kids @UC9PIfDp0yx6QRTMVMltMZyA,5.6M,-,Argentina,,1.7M,youtube,argentina,False,2024,NA,NA,,
19,Trueno Oficial @UCR8xLrhLmZoMirYnjj4zEWg,5.6M,2.4%,Argentina,,1.7M,youtube,argentina,False,2024,NA,NA,,
20,Canciones Infantiles - LooLoo @UC5WwPdvAHvdS1ZK_v6AE90A,5.5M,-,Argentina,,1.6M,youtube,argentina,False,2024,NA,NA,,
21,VIRAL @UCMx33fISkv8CqxfMIFuj9OA,5.4M,-,Argentina,,1.6M,youtube,argentina,False,2024,NA,NA,,
22,Incognita @UCef_WCjyolnGwRZEReZv7Rw,5.4M,-,Argentina,,1.6M,youtube,argentina,False,2024,NA,NA,,
23,LIT killah @UCExVswmCLmkkoBkjBp3Ta9Q,5.4M,4.1%,Argentina,,1.6M,youtube,argentina,False,2024,NA,NA,,
24,Dread Mar I - Oficial @UCXc3ye1CUoy2roNeZZB_rNA,5.2M,-,Argentina,,1.6M,youtube,argentina,False,2024,NA,NA,,
25,Lucas Castel :D @UCR_Te2bbmsrqvYlAmkgA2sA,5.1M,-,Argentina,,1.5M,youtube,argentina,False,2024,NA,NA,,
26,Spreen @UCgTOIiEgjm58xLjHvDjmgdA,5.1M,1.8%,Argentina,,1.5M,youtube,argentina,False,2024,NA,NA,,
27,Lyna Vlogs @UCRtkuS3Wz0hYgfJjpvEEP4Q,5M,-,Argentina,,1.5M,youtube,argentina,False,2024,NA,NA,,
28,Discovery Home & Health @UC8El-KamqNxKQg-r15BmIxw,5M,-,Argentina,,1.5M,youtube,argentina,False,2024,NA,NA,,
29,Ian Lucas @UCmzDf_a7CCFuxos7hspcWRQ,5M,-,Argentina,,1.5M,youtube,argentina,False,2024,NA,NA,,
30,kevsho @UC3u9cz8QzN-Qft0TRxVGfkQ,4.8M,-,Argentina,,1.4M,youtube,argentina,False,2024,NA,NA,,
31,KHEA @UCLbGdCqw-hfCrWlqRwOM2-Q,4.8M,4.1%,Argentina,,1.4M,youtube,argentina,False,2024,NA,NA,,
32,ThiagoIUTU @UCa3jp09F9qG4SaHIeHEdcKA,4.7M,0.2%,Argentina,,1.4M,youtube,argentina,False,2024,NA,NA,,
33,Coscu @UCvZ0P9-EmGz6SFUuFiZPXKw,4.6M,0.3%,Argentina,,1.4M,youtube,argentina,False,2024,NA,NA,,
34,PedritoVM @UCBABwcl4rEOUlX9MAWw9jIw,4.5M,-,Argentina,,1.3M,youtube,argentina,False,2024,NA,NA,,
35,WOS DS3 @UCzY1-NKVNDA4UpE4MmTq0eg,4.4M,5.9%,Argentina,,1.3M,youtube,argentina,False,2024,NA,NA,,
36,Mati Spano @UCG8_xGH-BgiAgKpQCYvxnMw,4.2M,0.7%,Argentina,,1.3M,youtube,argentina,False,2024,NA,NA,,
37,Pato Horneado @UC1-XsQ1mbEQa1Q9tNVq299w,4.1M,1.1%,Argentina,,1.2M,youtube,argentina,False,2024,NA,NA,,
38,Oracion Poderosa @UColQ7ZuIuyX4svwM5NgMkEQ,4M,0.1%,Argentina,,1.2M,youtube,argentina,False,2024,NA,NA,,
39,Bebe Milo @UCkAdZOg4s4b2OjpubZoQfcA,4M,-,Argentina,,1.2M,youtube,argentina,False,2024,NA,NA,,
40,NewTrollWsp @UCYAteaDkv50diBSqtUBuylw,3.9M,0.3%,Argentina,,1.2M,youtube,argentina,False,2024,NA,NA,,
41,Angie Velasco @UC2rScBVAJSkL4qXn-27t80A,3.9M,2%,Argentina,,1.2M,youtube,argentina,False,2024,NA,NA,,
42,Tiago PZK @UCMebXsaxWdvBzBNwus7TmxA,3.9M,-,Argentina,,1.2M,youtube,argentina,False,2024,NA,NA,,
43,Vida Salud y Bienestar @UCsOR_wUMRQW7n5PzDWHaCMw,3.9M,-,Argentina,,1.2M,youtube,argentina,False,2024,NA,NA,,
44,Maria Becerra Music @UCEcb76oxfjpX5eGysQCHvcA,3.7M,3.4%,Argentina,,1.1M,youtube,argentina,False,2024,NA,NA,,
45,Emir Abdul Gani @UCeKoSVLoLWJobkpbUNQ4zFQ,3.6M,1.1%,Argentina,,1.1M,youtube,argentina,False,2024,NA,NA,,
46,Paulina Cocina @UCpNbMDNc_GXApuxL4aHjSsA,3.6M,0.1%,Argentina,,1.1M,youtube,argentina,False,2024,NA,NA,,
47,Julian Abdala @UCMIBUhL2pb_wPFPoeJ5MWBA,3.4M,-,Argentina,,1M,youtube,argentina,False,2024,NA,NA,,
48,Tutoriales Belen @UCX5l0KeYRfi8lyid74PmD5Q,3.3M,0.1%,Argentina,,999K,youtube,argentina,False,2024,NA,NA,,
49,Mica Suarez @UCXeSY_pfOKGh9WBmptzr-gg,3.3M,-,Argentina,,999K,youtube,argentina,False,2024,NA,NA,,
50,RobleisJAJA @UCn5HFCxKie3MuaQVy2V6N4w,3.3M,0.3%,Argentina,,984K,youtube,argentina,False,2024,NA,NA,,
51,SpreenDMC @UC4DLCrt55UwaDvAswIr_59A,3.2M,-,Argentina,,972K,youtube,argentina,False,2024,NA,NA,,
52,Lionel Ferro @UC5ZAkiI3NFIpbflatylVHSw,3.2M,-,Argentina,,945K,youtube,argentina,False,2024,NA,NA,,
53,Carreraaa @UC6ET4qAF3a_yl_zAduAZ93Q,3.1M,-,Argentina,,915K,youtube,argentina,False,2024,NA,NA,,
54,PassThor @UCpzSEpcvo3xIYatCnwsezTQ,3M,-,Argentina,,903K,youtube,argentina,False,2024,NA,NA,,
55,PopArt Discos @UCDedmKlcV4qoJZOW7H8KhQw,3M,-,Argentina,,891K,youtube,argentina,False,2024,NA,NA,,
56,Gonzaa Fonseca @UCzLYhGr4096iftF-TF_Z45Q,2.8M,0.5%,Argentina,,849K,youtube,argentina,False,2024,NA,NA,,
57,DeiGamer @UCjoKyJSPrvt4H9jX8iNV_2g,2.8M,-,Argentina,,846K,youtube,argentina,False,2024,NA,NA,,
58,Televisión Pública @UCs231K71Bnu5295_x0MB5Pg,2.8M,-,Argentina,,837K,youtube,argentina,False,2024,NA,NA,,
59,Romi @UCDhGqq9GO0Xd3RWsr0K4JoA,2.8M,-,Argentina,,825K,youtube,argentina,False,2024,NA,NA,,
60,benja calero @UCYydV0b9GawikL_L5b2yt-Q,2.7M,2.2%,Argentina,,813K,youtube,argentina,False,2024,NA,NA,,
61,Lyna Vallejos @UCEvepTi-oUU_i4Xk68zwKiw,2.6M,1%,Argentina,,765K,youtube,argentina,False,2024,NA,NA,,
62,JugandoConNatalia @UCvI5QEvQXYOtJN04RpGSIYA,2.5M,-,Argentina,,759K,youtube,argentina,False,2024,NA,NA,,
63,Farfadox @UC9_krwU8wTPCZRKaf34QnPw,2.5M,-,Argentina,,747K,youtube,argentina,False,2024,NA,NA,,
64,VALENTIN @UCW-BILGPMGo_R-phP6FLsDw,2.5M,-,Argentina,,744K,youtube,argentina,False,2024,NA,NA,,
65,Todo Noticias @UCj6PcyLvpnIRT_2W_mwa9Aw,2.4M,-,Argentina,,732K,youtube,argentina,False,2024,NA,NA,,
66,JAVI 🎵 @UCdIkXoFYHWyOaKiQMo0qInQ,2.4M,1%,Argentina,,732K,youtube,argentina,False,2024,NA,NA,,
67,MYA @UCojQL7h1Upilz-uD4ByK6SQ,2.4M,1.2%,Argentina,,729K,youtube,argentina,False,2024,NA,NA,,
68,NICO VILLA @UCJg_jZ2_s-DuK8Fi17gSW-A,2.4M,0.6%,Argentina,,726K,youtube,argentina,False,2024,NA,NA,,
69,Malena Igoa @UC3v3yJcglaZqIS8jDD4SNDA,2.4M,4.5%,Argentina,,714K,youtube,argentina,False,2024,NA,NA,,
70,TOPS DE ANIMES CADA 3 DIAS @UCFBqWyZfjK5hg455-x8-dGg,2.3M,2.4%,Argentina,,690K,youtube,argentina,False,2024,NA,NA,,
71,Locos X el Asado @UCMb_jTYA_oFqJVJneNUH0Zg,2.2M,0.2%,Argentina,,666K,youtube,argentina,False,2024,NA,NA,,
72,Melina @UCqq5hdNifsYZGEaQrXveONw,2.2M,0.1%,Argentina,,657K,youtube,argentina,False,2024,NA,NA,,
73,Soda Stereo @UC_MAancGcA0YeACrpSwokhQ,2.2M,-,Argentina,,648K,youtube,argentina,False,2024,NA,NA,,
74,Me Llamo Dani @UCUm9sjKZiAJLWuIgNZWOCLA,2.2M,-,Argentina,,645K,youtube,argentina,False,2024,NA,NA,,
75,ori de mier @UCHMPE6JRQ6O87mPEiPumWpA,2.1M,0.9%,Argentina,,639K,youtube,argentina,False,2024,NA,NA,,
76,LuzGamingxd @UC1h59hDy9MySp0OdLk_Rvlg,2.1M,-,Argentina,,636K,youtube,argentina,False,2024,NA,NA,,
77,Mariano Bondar @UCHT2rctdd5RnXDZ-DoJOeEA,2.1M,0.1%,Argentina,,633K,youtube,argentina,False,2024,NA,NA,,
78,efecto3d @UCwlMaF6wmceJdWDfPbijVJQ,2.1M,-,Argentina,,633K,youtube,argentina,False,2024,NA,NA,,
79,CasimochoTV @UCyIV9CarCowla0kj-197DoA,2M,-,Argentina,,603K,youtube,argentina,False,2024,NA,NA,,
80,Los Displicentes @UCRN-6-DPNncVEyeRAOmNAKg,2M,1.1%,Argentina,,603K,youtube,argentina,False,2024,NA,NA,,
81,Mundo Kuku @UCpP4ZcucbMtwjcqw2Dzuc3Q,2M,-,Argentina,,603K,youtube,argentina,False,2024,NA,NA,,
82,BRUTA COCINA @UC0kDYiP06Wb13lBbARzo4UA,2M,5.1%,Argentina,,600K,youtube,argentina,False,2024,NA,NA,,
83,Gustavo GG @gustavogg,2M,-,Argentina,,600K,youtube,argentina,False,2024,NA,NA,,
84,Fer Palacio @UClEAgGuwAbSLZ5EEdfvMM7A,2M,-,Argentina,,594K,youtube,argentina,False,2024,NA,NA,,
85,Rusher King @UCtjWhhoz5OBFZC_cFuFl98w,2M,6.2%,Argentina,,594K,youtube,argentina,False,2024,NA,NA,,
86,A bailar con Maga @UCoKOB2xyfL8G7td5DslpcIw,2M,0.1%,Argentina,,588K,youtube,argentina,False,2024,NA,NA,,
87,VIRAL TV @UCjve0B0x9w5GoEFKhXc73Ow,2M,0.2%,Argentina,,588K,youtube,argentina,False,2024,NA,NA,,
88,Hecatombe Producciones @UC8j2ipLBwVmiSj22Wp7VJeQ,1.9M,0.3%,Argentina,,582K,youtube,argentina,False,2024,NA,NA,,
89,Luciano Pereyra @UCG9XJxAm_psTRiuBUOh3x_A,1.9M,0.5%,Argentina,,582K,youtube,argentina,False,2024,NA,NA,,
90,Gaspi @UCfLTaP7dww1M8Vr5DKzzRZA,1.9M,-,Argentina,,573K,youtube,argentina,False,2024,NA,NA,,
91,Seguime Ahora @UCNso5FeZIBinS7g3VW2i6Ew,1.9M,-,Argentina,,570K,youtube,argentina,False,2024,NA,NA,,
92,Cosas del Jardin @UCTXy0hGmwjnoCPYn7zJ4RyQ,1.9M,0.3%,Argentina,,561K,youtube,argentina,False,2024,NA,NA,,
93,ZEPfilms @UC66soxYX4IBUF4V94EdyYBQ,1.9M,0.3%,Argentina,,555K,youtube,argentina,False,2024,NA,NA,,
94,La Beriso TV @UClRo5LhAQDHFNxViX_WdtCA,1.8M,-,Argentina,,549K,youtube,argentina,False,2024,NA,NA,,
95,Emiliano Ferrari Villalobo @UCTEMK5LPQIpmXJw7_lPtVYg,1.8M,-,Argentina,,549K,youtube,argentina,False,2024,NA,NA,,
96,Zach Morris @UC6MwGi30pqAmg2djWyksUBA,1.8M,0.2%,Argentina,,540K,youtube,argentina,False,2024,NA,NA,,
97,Lorem Free Fire - Ezequiel Busson @UCxgCwecNI9QcM4ZT6iqwIKg,1.8M,9.5%,Argentina,,531K,youtube,argentina,False,2024,NA,NA,,
98,REXUFO @UCQE2M5Pt8Q7z1qy9g3kKsOQ,1.8M,-,Argentina,,531K,youtube,argentina,False,2024,NA,NA,,
99,Marinosaurio @UCaaWpb0sOBYVpIAWsgawatw,1.8M,0.6%,Argentina,,528K,youtube,argentina,False,2024,NA,NA,,
100,dinosaur vlogs @UCChMGCqNLPD-QA5caC690aQ,1.8M,0.8%,Argentina,,528K,youtube,argentina,False,2024,NA,NA,,
1,Bounce Patrol - Kids Songs @UC56cowXhoqRWHeqfSJkIQaA,27.3M,-,Australia,Music Pets,8.2M,youtube,australia,False,2024,Music,MAPPED,,Music Pets
2,Chloe Ting @chloeting,24.2M,-,Australia,,7.3M,youtube,australia,False,2024,NA,NA,,
3,LazarBeam @UCw1SQ6QRRtfAhrN_cjkrOgA,20.3M,-,Australia,,6.1M,youtube,australia,False,2024,NA,NA,,
4,HowToBasic @UCR4s1DE9J4DHzZYXMltSMAg,17.1M,0.7%,Australia,,5.1M,youtube,australia,False,2024,NA,NA,,
5,How Ridiculous @UC5f5IV0Bf79YLp_p9nfInRA,12.7M,5.8%,Australia,,3.8M,youtube,australia,False,2024,NA,NA,,
6,Primitive Technology @UCAL3JXZSzSm8AlZyD3nQdBA,10.7M,-,Australia,,3.2M,youtube,australia,False,2024,NA,NA,,
7,JoshDub @UC9DWJ33CMvIseLlyx6hyRnA,9.7M,0.5%,Australia,,2.9M,youtube,australia,False,2024,NA,NA,,
8,Muselk @UCd534c_ehOvrLVL2v7Nl61w,9.3M,-,Australia,,2.8M,youtube,australia,False,2024,NA,NA,,
9,cricket.com.au @UCkBY0aHJP9BwjZLDYxAQrKg,8.6M,-,Australia,,2.6M,youtube,australia,False,2024,NA,NA,,
10,KjraGaming @UCP-CAwOG0AiieZNFdONsN5Q,8.6M,-,Australia,,2.6M,youtube,australia,False,2024,NA,NA,,
11,Hillsong Worship @UC4q12NoPNySbVqwpw4iO5Vg,8.3M,-,Australia,,2.5M,youtube,australia,False,2024,NA,NA,,
12,Fresh @UCqsBym4OHrzSp0Nq1eZoMIA,7.8M,0.3%,Australia,,2.3M,youtube,australia,False,2024,NA,NA,,
13,The Rybka Twins @UC-TFz4MD1ZzcY6NuZAP3Ndw,7.6M,0.1%,Australia,Fitness Fashion Beauty,2.3M,youtube,australia,False,2024,Sports,MAPPED,,Fitness Fashion Beauty
14,XtremeGamez @UCLe_kjXzRP_0opzw-BXiQxw,7.2M,5.4%,Australia,,2.2M,youtube,australia,False,2024,NA,NA,,
15,Hebbars Kitchen @UCPPIsrNlEkaFQBk-4uNkOaw,7M,-,Australia,,2.1M,youtube,australia,False,2024,NA,NA,,
16,RackaRacka @UCz_cDc_2arKIb6SlJoqFT0w,6.7M,0.7%,Australia,,2M,youtube,australia,False,2024,NA,NA,,
17,Eystreem @UC-g_O9HWb5B0rVDG1hLd5Hw,6.3M,-,Australia,Video Gaming,1.9M,youtube,australia,False,2024,Tech&Gaming,MAPPED,,Video Gaming
18,SMG4 @smg4,6.1M,1.1%,Australia,,1.8M,youtube,australia,False,2024,NA,NA,,
19,The Norris Nuts @UCYd0us2OtW4d4-1cfpT2ktw,6M,0.8%,Australia,,1.8M,youtube,australia,False,2024,NA,NA,,
20,Mully @UC42vK81HwLY-udUEJYz7efg,5.7M,-,Australia,,1.7M,youtube,australia,False,2024,NA,NA,,
21,Planet Dolan @UCgJjd8J5moTQSwnCIx4WSIw,5.6M,-,Australia,,1.7M,youtube,australia,False,2024,NA,NA,,
22,The Mik Maks @UC66KzYUMWmN4PralND7cgAA,5.5M,-,Australia,Music,1.6M,youtube,australia,False,2024,Music,MAPPED,,Music
23,HighlightsNepal @UCrzyJYtjLOTfnUur8hsr7ow,5.4M,-,Australia,,1.6M,youtube,australia,False,2024,NA,NA,,
24,mmmEnglish @UCrRiVfHqBIIvSgKmgnSY66g,5.3M,-,Australia,,1.6M,youtube,australia,False,2024,NA,NA,,
25,Tones And I @UCQeiBlCcS4-XGwFjrvDn96w,5.2M,-,Australia,,1.6M,youtube,australia,False,2024,NA,NA,,
26,Saksham magic @UCVxR8M2OeHf4BdKzzzpz83A,5M,-,Australia,,1.5M,youtube,australia,False,2024,NA,NA,,
27,Prestige Clips @UCC-uu-OqgYEx52KYQ-nJLRw,4.9M,-,Australia,,1.5M,youtube,australia,False,2024,NA,NA,,
28,How To Cook That @UCsP7Bpw36J666Fct5M8u-ZA,4.9M,0.8%,Australia,,1.5M,youtube,australia,False,2024,NA,NA,,
29,Jalals @UCcf0WYfeIkecTLQ_GzkBu1w,4.6M,-,Australia,,1.4M,youtube,australia,False,2024,NA,NA,,
30,Nadeem Sarwar @UC2kCC6CFwU3cZFJl9e_FJlQ,4.5M,2.1%,Australia,,1.3M,youtube,australia,False,2024,NA,NA,,
31,WadZee @UCRlEFn0L2G_DktbyvN0AZ5A,4.5M,4.2%,Australia,,1.3M,youtube,australia,False,2024,NA,NA,,
32,ColdFusion @UC4QZ_LsYcvcq7qOsOhpAX4A,4M,-,Australia,,1.2M,youtube,australia,False,2024,NA,NA,,
33,LazarLazar @UCZ3AmknSJtbzXCeO5a4peoQ,3.9M,3.4%,Australia,,1.2M,youtube,australia,False,2024,NA,NA,,
34,TwoSetViolin @UCAzKFALPuF_EPe-AEI0WFFw,3.8M,0.7%,Australia,,1.2M,youtube,australia,False,2024,NA,NA,,
35,VuJae @UCstrYVM0-fSq3i2JJvaubBg,3.7M,1.5%,Australia,,1.1M,youtube,australia,False,2024,NA,NA,,
36,LT.LICKME @UCfDuOF_6Mk-S1UJZoky15Og,3.7M,1.9%,Australia,Celebrity,1.1M,youtube,australia,False,2024,Entertainment,MAPPED,,Celebrity
37,Mighty Car Mods @UCgJRL30YS6XFxq9Ga8W2J3A,3.7M,0.5%,Australia,,1.1M,youtube,australia,False,2024,NA,NA,,
38,Tina Yong @UC0ng0jJflTuJBBH5DGvr1Pw,3.6M,-,Australia,,1.1M,youtube,australia,False,2024,NA,NA,,
39,Internet Historian @UCR1D15p_vdP3HkrH8wgjQRw,3.6M,14.2%,Australia,,1.1M,youtube,australia,False,2024,NA,NA,,
40,YBS Youngbloods @UCSnwORddxZG1SyB8lSxWQGg,3.5M,0.5%,Australia,,1.1M,youtube,australia,False,2024,NA,NA,,
41,Wolfychu @UC_nEHeUEVNY5ZYLRWg8KoZQ,3.4M,-,Australia,,1M,youtube,australia,False,2024,NA,NA,,
42,Lauren Curtis @UCXbQzhqSvgVZTUyi1T4AU3w,3.4M,-,Australia,Beauty,1M,youtube,australia,False,2024,Beauty&Fashion,MAPPED,,Beauty
43,I did a thing @UCJLZe_NoiG0hT7QCX_9vmqw,3.3M,4.8%,Australia,,999K,youtube,australia,False,2024,NA,NA,,
44,Mastersaint @UCR0It5-1cif1cMKBUtUW8pg,3.3M,5.6%,Australia,,975K,youtube,australia,False,2024,NA,NA,,
45,superwog1 @UCQr98dS-5M_1xILTm4HAk-A,3.2M,2.9%,Australia,Celebrity,954K,youtube,australia,False,2024,Entertainment,MAPPED,,Celebrity
46,x2Twins @UCTgQTM6B97Tk5FPNOWZMB1Q,3.1M,0.5%,Australia,,936K,youtube,australia,False,2024,NA,NA,,
47,EmKay @UCzEnk4KWFlSj_PjXLz0-GMA,3.1M,-,Australia,,927K,youtube,australia,False,2024,NA,NA,,
48,Programming with Mosh @UCWv7vMbMWH4-V0ZXdmDpPBA,3.1M,-,Australia,,924K,youtube,australia,False,2024,NA,NA,,
49,Sheet Music Boss @UCzTR9iSH-TFC4-ocDS_ll4A,3M,-,Australia,,891K,youtube,australia,False,2024,NA,NA,,
50,Sky News Australia @UCO0akufu9MOzyz3nvGIXAAw,3M,-,Australia,,888K,youtube,australia,False,2024,NA,NA,,
51,Tommy Craze @UC_EuakPoEj8zS-vFHrDmkwg,2.9M,0.6%,Australia,Music,882K,youtube,australia,False,2024,Music,MAPPED,,Music
52,Slapped Ham @UCw4ccFtBN7dhQBcHmE0qylg,2.9M,-,Australia,,873K,youtube,australia,False,2024,NA,NA,,
53,Jason Stephenson - Sleep Meditation Music @UCqPYhcdFgrlUXiGmPRAej1w,2.9M,-,Australia,,867K,youtube,australia,False,2024,NA,NA,,
54,Code Bullet @UC0e3QhIYukixgh5VVpKHH9Q,2.8M,7.6%,Australia,,846K,youtube,australia,False,2024,NA,NA,,
55,Click @UCELEYV16ItX8pNkg8EuVY7g,2.8M,4.4%,Australia,,840K,youtube,australia,False,2024,NA,NA,,
56,TigerTomato @UCCa0BnCIDBGzmw4daUGZ0yg,2.8M,-,Australia,,828K,youtube,australia,False,2024,NA,NA,,
57,Jiemba Sands @UCDb8-E9XyZnyAA7QB_SD8Sg,2.7M,0.3%,Australia,,819K,youtube,australia,False,2024,NA,NA,,
58,William Singe @UCmgraatPo7ScrvCuQxNTG7g,2.7M,-,Australia,,810K,youtube,australia,False,2024,NA,NA,,
59,Jackson O'Doherty @UC4rK049V0A0xVUgXewVIYTQ,2.7M,0.1%,Australia,,807K,youtube,australia,False,2024,NA,NA,,
60,Andy Cooks @UCqNkn5PNeSqbQTAR5RP-L-Q,2.7M,-,Australia,,804K,youtube,australia,False,2024,NA,NA,,
61,Norris Nuts Do Stuff @UCGRmpAEQlz0QA2vx5U7Oltw,2.7M,-,Australia,,795K,youtube,australia,False,2024,NA,NA,,
62,Zylbrad @UCfHweCd6pKP28kWNbI0wDig,2.6M,0.2%,Australia,,783K,youtube,australia,False,2024,NA,NA,,
63,UnlistedLeaf @UCAHHqWLedf6xRyyVByhAHMw,2.6M,-,Australia,,774K,youtube,australia,False,2024,NA,NA,,
64,SunnyV2 @UCuF49lP5gkkw5L8HK3H6GJg,2.6M,3.4%,Australia,,771K,youtube,australia,False,2024,NA,NA,,
65,Bella Fiori @UCaezsZGhwWgB4ZRmHNCfIyw,2.6M,0.5%,Australia,,765K,youtube,australia,False,2024,NA,NA,,
66,lzuniy @UCa5qeML93Hg37Ckn22pxdHA,2.5M,-,Australia,,735K,youtube,australia,False,2024,NA,NA,,
67,FuzionDroid @UCnPf9f-yQidQA6ByWVkbHVw,2.4M,0.1%,Australia,,729K,youtube,australia,False,2024,NA,NA,,
68,Ash Magic @UCtaMRYGIXKhRpI86D2CqTEA,2.4M,-,Australia,,720K,youtube,australia,False,2024,NA,NA,,
69,Also Fitz @UCHXJ0dhS3NpTBFg7lR_5w8Q,2.4M,-,Australia,,717K,youtube,australia,False,2024,NA,NA,,
70,ArtSpear Entertainment @UCmv8PJ2JcIsHQ-2ivtziszQ,2.4M,1.1%,Australia,,714K,youtube,australia,False,2024,NA,NA,,
71,VaatiVidya @UCe0DNp0mKMqrYVaTundyr9w,2.4M,5%,Australia,,708K,youtube,australia,False,2024,NA,NA,,
72,Blender Guru @UCOKHwx1VCdgnxwbjyb9Iu1g,2.3M,0.1%,Australia,,702K,youtube,australia,False,2024,NA,NA,,
73,Whealth by Slaiman @UClx1ElJ0XUjO74hZUm4yq-w,2.3M,0.3%,Australia,,702K,youtube,australia,False,2024,NA,NA,,
74,LULUPANG 루루팡 @UC7gDQCxC1wr955ECW6wSOoA,2.3M,-,Australia,,681K,youtube,australia,False,2024,NA,NA,,
75,ellieV @UCENdAUC6K56fiTORZBTqt8A,2.3M,-,Australia,,678K,youtube,australia,False,2024,NA,NA,,
76,Amosdoll Music @amosdollmusic,2.3M,-,Australia,,678K,youtube,australia,False,2024,NA,NA,,
77,Ben Lionel Scott @UCgkKA7xEOoBQNpC5TJxPLiw,2.2M,0.2%,Australia,,672K,youtube,australia,False,2024,NA,NA,,
78,Phoenix SC @UCj4zC1Hfj-uc90FUXzRamNw,2.2M,-,Australia,,660K,youtube,australia,False,2024,NA,NA,,
79,Armando Hasudungan @UCesNt4_Z-Pm41RzpAClfVcg,2.2M,-,Australia,,654K,youtube,australia,False,2024,NA,NA,,
80,NEVER TOO SMALL @UC_zQ777U6YTyatP3P1wi3xw,2.2M,-,Australia,,651K,youtube,australia,False,2024,NA,NA,,
81,Body Project @UCFjc9H89-RpWuIStDqhO7AQ,2.2M,-,Australia,Fitness,645K,youtube,australia,False,2024,Sports,MAPPED,,Fitness
82,Adventure @UCwuSAGL3vknuXtPRPrXXkTA,2.2M,0.1%,Australia,Travel,645K,youtube,australia,False,2024,Lifestyle,MAPPED,,Travel
83,Norris Nuts Gaming @UCWcly5Teks2uSNsF5hRFNNg,2.1M,0.2%,Australia,,642K,youtube,australia,False,2024,NA,NA,,
84,Tame Impala @UCdI8MAC5HoPJSJ4zrgDDI-Q,2.1M,1.8%,Australia,,636K,youtube,australia,False,2024,NA,NA,,
85,Cartoon Network Australia @UCW5xCqirsmdKqYWYMj-pVUw,2.1M,-,Australia,,630K,youtube,australia,False,2024,NA,NA,,
86,BondiRescue @UCxEct2HUBYj_mt4t7qR9UYg,2.1M,-,Australia,,627K,youtube,australia,False,2024,NA,NA,,
87,Max & Sofi Kinderwood @UCLakThL1wSCcwR1PArojK1Q,2M,-,Australia,,615K,youtube,australia,False,2024,NA,NA,,
88,MightyToys @UCuW8NszZfAwPm5_qPJ1m9Hg,2M,-,Australia,Fashion,612K,youtube,australia,False,2024,Beauty&Fashion,MAPPED,,Fashion
89,mau @UCxYc7wg6otUcDb5bWxTwWqA,2M,-,Australia,,606K,youtube,australia,False,2024,NA,NA,,
90,Kawaii Kunicorn @UC58otONbfRjWcYjlJvHaYfw,2M,-,Australia,,603K,youtube,australia,False,2024,NA,NA,,
91,Sunny Kids Songs Hindi @UCFCEPQCc-Zoar1h3Z20i7bw,2M,-,Australia,,594K,youtube,australia,False,2024,NA,NA,,
92,Economics Explained @UCZ4AMrDcNrfy3X6nsU8-rPg,2M,1%,Australia,,594K,youtube,australia,False,2024,NA,NA,,
93,Modest Pelican @UCmWuTGgH0ePB33biS1OA-BQ,1.9M,2.3%,Australia,,567K,youtube,australia,False,2024,NA,NA,,
94,Self Sufficient Me @UCJZTjBlrnDHYmf0F-eYXA3Q,1.9M,-,Australia,,564K,youtube,australia,False,2024,NA,NA,,
95,animelab @UCWt3xWeVSCnVPZFdhcjFsUQ,1.9M,0.1%,Australia,,558K,youtube,australia,False,2024,NA,NA,,
96,Super Planet Dolan @UC3D_ZXHwaKekKwbO_LM48OQ,1.9M,-,Australia,,555K,youtube,australia,False,2024,NA,NA,,
97,FaZe Flea @UC2_CgurqasNWY4JYjJBKfSg,1.8M,0.3%,Australia,,549K,youtube,australia,False,2024,NA,NA,,
98,Fraser Wilson @UCyiNCEHLyKbSUrrncVr9KvQ,1.8M,0.2%,Australia,,537K,youtube,australia,False,2024,NA,NA,,
99,Isaac Butterfield @UC-wBAxgUX9P0fXZ6-D0frRA,1.8M,0.5%,Australia,,531K,youtube,australia,False,2024,NA,NA,,
100,getfitbyivana @UCa_JUG9hl8D7S6jH7nWTURA,1.7M,-,Australia,,516K,youtube,australia,False,2024,NA,NA,,
1,Red Bull @UCblfuW_4rakIf2h6aqANefA,10.5M,-,Austria,Sports Video Gaming,3.2M,youtube,austria,False,2024,Sports,MAPPED,,Sports Video Gaming
2,Talin tube family - عائلة تالين تيوب @UC7P48PVdffKY8ym4_QbcArg,4.6M,-,Austria,,1.4M,youtube,austria,False,2024,NA,NA,,
3,Кулинарим с Таней @UCW0vtJy0fmLBO8TNIOUAoDg,2.2M,0.7%,Austria,,669K,youtube,austria,False,2024,NA,NA,,
4,KsFreakWhatElse @UCV9OLReC5bMvuiCFGBdK7Mg,2.1M,0.3%,Austria,,630K,youtube,austria,False,2024,NA,NA,,
5,Leila Gharani @UCJtUOos_MwJa_Ewii-R3cJA,1.9M,0.3%,Austria,Business and Finance,573K,youtube,austria,False,2024,Knowledge&Info,MAPPED,,Business and Finance
6,Nykk Deetronic @UC_QpWfHruASmuR9E8KMXtWw,1.9M,0.1%,Austria,,561K,youtube,austria,False,2024,NA,NA,,
7,RADAL @UCT1mF-u0Lcf7bYuUWTvDcpw,1.9M,2.8%,Austria,,558K,youtube,austria,False,2024,NA,NA,,
8,SOUNTEC @UCtwSCDjbQKShJU0kIzBgTdA,1.8M,0.1%,Austria,,543K,youtube,austria,False,2024,NA,NA,,
9,Lingualizer @UCpeSv0N9tbe2V5fLMVrlodA,1.8M,-,Austria,,540K,youtube,austria,False,2024,NA,NA,,
10,IMPERIA @UCaWaxupwQ7Pssm94Xcxi8LA,1.8M,-,Austria,,525K,youtube,austria,False,2024,NA,NA,,
11,Dare to do. Motivation @UC5VP2Yr-U7PHyDKHQQfkH9w,1.7M,-,Austria,,522K,youtube,austria,False,2024,NA,NA,,
12,boty phen @UC601ZH0CojHYMHy-Ws1xlMA,1.7M,0.1%,Austria,,513K,youtube,austria,False,2024,NA,NA,,
13,Richtiger Kevin @UCo6utge9KpJI61gXe7ngUJQ,1.7M,1%,Austria,,510K,youtube,austria,False,2024,NA,NA,,
14,TOPS DOPS @UCOv3MFPLgGLfZDqAmcqVj9Q,1.7M,-,Austria,,495K,youtube,austria,False,2024,NA,NA,,
15,Red Bull Bike @UCXqlds5f7B2OOs9vQuevl4A,1.6M,0.1%,Austria,,492K,youtube,austria,False,2024,NA,NA,,
16,Chaosflo44 @UCQM0bS4_04-Y4JuYrgmnpZQ,1.4M,0.2%,Austria,,432K,youtube,austria,False,2024,NA,NA,,
17,Kim Lianne @UC9VCyVOqou6wf-BMBYlEkjQ,1.4M,0.7%,Austria,Celebrity Fitness Beauty,411K,youtube,austria,False,2024,Sports,MAPPED,,Celebrity Fitness Beauty
18,Gangsta Philosopher @UCSXFaThRuBGbqOaZsTxZnTQ,1.3M,0.2%,Austria,,399K,youtube,austria,False,2024,NA,NA,,
19,Nafis Taomlar @UCQUPfyCc45RG2OaVh6xjeJQ,1.3M,-,Austria,,384K,youtube,austria,False,2024,NA,NA,,
20,AustrianBrickFan @UCuk26DMu7ewAkC-ntx7esiA,1.2M,-,Austria,,372K,youtube,austria,False,2024,NA,NA,,
21,eslamic @UC8Ip85NYRKCV5T-rm6l4OKg,1.2M,-,Austria,,366K,youtube,austria,False,2024,NA,NA,,
22,Austrian @UCu6f00Mhgx36sgCxICxM44Q,1.2M,-,Austria,,351K,youtube,austria,False,2024,NA,NA,,
23,"Rogandar NEWs - Новости, факты, события @UCJ9e_x5_ZuR9TwZwzvqRsIA",1.2M,1.2%,Austria,News,345K,youtube,austria,False,2024,Knowledge&Info,MAPPED,,News
24,Cute Life Hacks @UCwy2Kt-F4D4Y_CJQmonmLhg,1.1M,-,Austria,,321K,youtube,austria,False,2024,NA,NA,,
25,King Ck Films & Vlogs @UC6QLSkGrFb25WnyvRxtxHGA,1M,0.5%,Austria,,309K,youtube,austria,False,2024,NA,NA,,
26,Dirisle Abdi @UCVATK3UnAynWNIci3S_0k9A,1M,-,Austria,,303K,youtube,austria,False,2024,NA,NA,,
27,Red Bull Motorsports @UC0mJA1lqKjB4Qaaa2PNf0zg,1M,-,Austria,,303K,youtube,austria,False,2024,NA,NA,,
28,CSYON @UCtJTqwX2h8MiuFWd6dsyzbw,1M,0.9%,Austria,,303K,youtube,austria,False,2024,NA,NA,,
29,DieBuddiesZocken @UCRczwdk2G-MjcdWQTupFrAw,987K,-,Austria,,296.1K,youtube,austria,False,2024,NA,NA,,
30,เรื่องเล่าข่าว การเมืองออนไลน์ @UCI_JymOkdOU7jLjDfhqqdOw,980K,-,Austria,,294K,youtube,austria,False,2024,NA,NA,,
31,Merg @UCt4rBxvKlCKw5NcOy-tpQJQ,980K,-,Austria,Books Video Gaming,294K,youtube,austria,False,2024,Knowledge&Info,MAPPED,,Books Video Gaming
32,HSO - حسو @UCtBL1lepnGp28Gko5ZItSeg,900K,-,Austria,,270K,youtube,austria,False,2024,NA,NA,,
33,inong sam @UCrgOLliCxhj7xU820-FAm1A,893K,-,Austria,,267.9K,youtube,austria,False,2024,NA,NA,,
34,Robert Höck @UCCi_yf4nkVmWaE0IoNweTlw,864K,-,Austria,,259.2K,youtube,austria,False,2024,NA,NA,,
35,FrediSaalAnimations @UCX2MqAEb-7gO9GKO0SdZSIg,861K,-,Austria,,258.3K,youtube,austria,False,2024,NA,NA,,
36,Red Bull BC One @UC9oEzPGZiTE692KucAsTY1g,859K,-,Austria,,257.7K,youtube,austria,False,2024,NA,NA,,
37,itsabudy @UCd-v2OHQZf2ssfIlghRSNrw,850K,-,Austria,,255K,youtube,austria,False,2024,NA,NA,,
38,Luigikid Gaming @UCPsV7o0y_il6tF5vhl8fhTQ,848K,0.1%,Austria,,254.4K,youtube,austria,False,2024,NA,NA,,
39,TouchGameplay @UCfelpouIc8hS7cBXnVKRBpQ,841K,-,Austria,,252.3K,youtube,austria,False,2024,NA,NA,,
40,Adnan Ibrahim @UCMkgz4L22HV3e-1yy9zlYPg,826K,-,Austria,,247.8K,youtube,austria,False,2024,NA,NA,,
41,Tiktus color Art @UCeAvBShy5a2_vTFflQG_zWg,809K,0.1%,Austria,Art,242.7K,youtube,austria,False,2024,Lifestyle,MAPPED,,Art
42,Ark-أرك @UChcZaTnJkPueZRFtlXEDEzA,783K,-,Austria,,234.9K,youtube,austria,False,2024,NA,NA,,
43,Military History Visualized @UCK09g6gYGMvU-0x1VCF1hgA,736K,1.1%,Austria,,220.8K,youtube,austria,False,2024,NA,NA,,
44,TechWorld with Nana @UCdngmbVKX1Tgre699-XLlUA,731K,-,Austria,,219.3K,youtube,austria,False,2024,NA,NA,,
45,BERNTH @UCZvo8TZtUZkLgiH3rJsj-Ow,693K,-,Austria,,207.9K,youtube,austria,False,2024,NA,NA,,
46,Meme City @UCKK7Awk5j_HuZ-J6TUBlRug,678K,-,Austria,,203.4K,youtube,austria,False,2024,NA,NA,,
47,Sherliza Moé @UCsTyy6F3-D6RFFt7bxRqKUA,632K,3.6%,Austria,,189.6K,youtube,austria,False,2024,NA,NA,,
48,Nancy Semeda - The Counseling Psychologist @UCBVs-EPgbwIWLNg4Wkt6N0w,598K,-,Austria,,179.4K,youtube,austria,False,2024,NA,NA,,
49,Austor - FIFA Prediction & More @UC8FKs4WsbwC8ZH9r4T57CGQ,589K,0.7%,Austria,,176.7K,youtube,austria,False,2024,NA,NA,,
50,Simply Aviation @UCEF-9XhkdyFY0hMRUkmxXfQ,546K,-,Austria,News,163.8K,youtube,austria,False,2024,Knowledge&Info,MAPPED,,News
51,Moga @UCE5eZeSPb14e3XIE7AecEqQ,536K,1.5%,Austria,,160.8K,youtube,austria,False,2024,NA,NA,,
52,Katrin Dox @UCMusqH2CnhzQlVHO9X2ONIw,532K,-,Austria,,159.6K,youtube,austria,False,2024,NA,NA,,
53,KTM @UCb3-KtEqkRuJeT2ekC5Mzow,522K,-,Austria,Travel,156.6K,youtube,austria,False,2024,Lifestyle,MAPPED,,Travel
54,Travel Escapes @UCBYoZvfBEMnRiWMxpvMY6ww,515K,-,Austria,,154.5K,youtube,austria,False,2024,NA,NA,,
55,Ceave Gaming @UCFXc5nAao6554AIXlN9KgwQ,505K,2.9%,Austria,Video Gaming,151.5K,youtube,austria,False,2024,Tech&Gaming,MAPPED,,Video Gaming
56,Parov Stelar @UCVtnG15ufdzur71RqfqNSOg,487K,-,Austria,,146.1K,youtube,austria,False,2024,NA,NA,,
57,JANAklar @UC_tx9mCedUqbU_Ci7yotcDQ,477K,1.2%,Austria,,143.1K,youtube,austria,False,2024,NA,NA,,
58,Kraut @UCr_Q-bPpcw5fJ-Oow1BW1NQ,458K,5.9%,Austria,,137.4K,youtube,austria,False,2024,NA,NA,,
59,HasnisWorld @UCsef3dTqSfHJoGgAbApNTCA,452K,1.9%,Austria,,135.6K,youtube,austria,False,2024,NA,NA,,
60,nixelpixel @UC2GQig8tlmGFq2Wp2tj_Jbw,446K,-,Austria,,133.8K,youtube,austria,False,2024,NA,NA,,
61,TechMagnet @techmagnet,440K,0.2%,Austria,,132K,youtube,austria,False,2024,NA,NA,,
62,Drawing Life @UCvSZ5CsHeuK7T3y-xOF-B5g,433K,-,Austria,,129.9K,youtube,austria,False,2024,NA,NA,,
63,يوميات عائلة عراقية في النمسا @UCUo1eqrpJuwCC7qYr6JVTNQ,432K,1%,Austria,,129.6K,youtube,austria,False,2024,NA,NA,,
64,Veni @UC-4mrFsNtHeYnu9_cSPzylQ,429K,-,Austria,,128.7K,youtube,austria,False,2024,NA,NA,,
65,Progstylez @UCdTsdOtZj__E7dOGoP7dK8g,427K,-,Austria,,128.1K,youtube,austria,False,2024,NA,NA,,
66,ziad coool @UC39U5qOu1dTP2cdDvJ7z-vg,424K,-,Austria,,127.2K,youtube,austria,False,2024,NA,NA,,
67,The Racing Monkey @UCcm4GMe3cXxTJFLT4Qcsvew,423K,3.1%,Austria,,126.9K,youtube,austria,False,2024,NA,NA,,
68,Imperial @UCqwpVqKsR7piEZHiZVEOBKw,416K,-,Austria,,124.8K,youtube,austria,False,2024,NA,NA,,
69,McMakistein @UCrJCzC7Jkq72tVF5bVu7-ew,408K,-,Austria,,122.4K,youtube,austria,False,2024,NA,NA,,
70,BeamNG KING @UCHoc72UJ0E3WemHrXQANR3g,402K,0.1%,Austria,,120.6K,youtube,austria,False,2024,NA,NA,,
71,ZED SLY @UCbemkTe-UnTZgdnAejrJnqA,395K,-,Austria,,118.5K,youtube,austria,False,2024,NA,NA,,
72,Elias Schwärzler @UCGWOKYF5sq1iDkiScn-krPw,393K,0.4%,Austria,,117.9K,youtube,austria,False,2024,NA,NA,,
73,Ilias Welt @UCcL39R1XZcjVZqdYlS47U2g,389K,0.6%,Austria,,116.7K,youtube,austria,False,2024,NA,NA,,
74,Boxing Matrix @UC2-jrfZFK5oj28ic00X3anQ,378K,0.6%,Austria,,113.4K,youtube,austria,False,2024,NA,NA,,
75,Dirisle shaadhcade @UCOUkcVfD6reGr-xkSqFdpig,374K,-,Austria,,112.2K,youtube,austria,False,2024,NA,NA,,
76,Gabriel Wibmer @UC3SAWkPGe5WhjgBOkdqhkrg,369K,1%,Austria,,110.7K,youtube,austria,False,2024,NA,NA,,
77,Sascha Huber Reagiert @UCTS1bMR4DAYWRw2IQueagpw,350K,-,Austria,,105K,youtube,austria,False,2024,NA,NA,,
78,Sniperbuddy Fabi @UC7LV9AabCw4jTwrQFrQycyA,344K,-,Austria,,103.2K,youtube,austria,False,2024,NA,NA,,
79,AQUA @UCyjBVcVs3KjHquO4AD1rMgA,341K,-,Austria,,102.3K,youtube,austria,False,2024,NA,NA,,
80,Bilochka ASMR @UCfwHdaVGSYsiNZxVURboBmw,324K,0.9%,Austria,,97.2K,youtube,austria,False,2024,NA,NA,,
81,Paulina Wallner @UCsQuwQoKBEZoB_qhcKrpeLw,319K,0.5%,Austria,,95.7K,youtube,austria,False,2024,NA,NA,,
82,CrownieVA @UCV-iQcKeiXHsHK6HSoGrPOg,312K,0.4%,Austria,,93.6K,youtube,austria,False,2024,NA,NA,,
83,Apfelwelt @UCVChR9pqkB2Y6jpY8MlesoA,308K,-,Austria,,92.4K,youtube,austria,False,2024,NA,NA,,
84,Banat Boys Parody @UC73izM6rlwfssyRfhCuxknA,303K,-,Austria,,90.9K,youtube,austria,False,2024,NA,NA,,
85,NOVRITSCH - TACTICAL @UC4cEO8hZH6wweY3cr3ZnSfg,303K,1.2%,Austria,,90.9K,youtube,austria,False,2024,NA,NA,,
86,nadelspiel * Stricken & Häkeln mit eliZZZa @UClWbF43EZbJBKK9blyB7tig,300K,-,Austria,,90K,youtube,austria,False,2024,NA,NA,,
87,Beefy Smash Doods @UCeCEq4Sz1nNK4wn3Z4Ozk2w,299K,0.6%,Austria,,89.7K,youtube,austria,False,2024,NA,NA,,
88,SOSIG CLIPS @UC6HPd7zfveqjvb4WJIvoEfQ,283K,-,Austria,,84.9K,youtube,austria,False,2024,NA,NA,,
89,BeautybyFoxy @UCsI2i3w5-KkqZUOuhD7L0PQ,279K,0.8%,Austria,,83.7K,youtube,austria,False,2024,NA,NA,,
90,HiroYami ANIME هيرويامي @UCpDmyYexW7v7sigiv3CDelA,278K,11.8%,Austria,,83.4K,youtube,austria,False,2024,NA,NA,,
91,SAMI Combat Systems @UCO7B7CDbB_SxJ--20wfAH8Q,277K,-,Austria,,83.1K,youtube,austria,False,2024,NA,NA,,
92,annalaurakummer @UCcx8tBcsSj9Y23hst7Fclcw,275K,0.2%,Austria,,82.5K,youtube,austria,False,2024,NA,NA,,
93,agropictures @UCfKvtZz4S46SQv_TVRbHA2A,269K,-,Austria,,80.7K,youtube,austria,False,2024,NA,NA,,
94,FALCO @UCMU63WkFaKXxg3I7uG-TDUg,266K,-,Austria,,79.8K,youtube,austria,False,2024,NA,NA,,
95,OE24.TV @UCyQpfuhftLvrmjxgEzVH78Q,266K,-,Austria,,79.8K,youtube,austria,False,2024,NA,NA,,
96,Gil Scharf @UCCETmvZuOKNY_7H2RtlN7sw,263K,-,Austria,,78.9K,youtube,austria,False,2024,NA,NA,,
97,NABBA @UCR2_DlWyPwv1NcStwgp3-qA,259K,-,Austria,,77.7K,youtube,austria,False,2024,NA,NA,,
98,Niklas Luger @UCokphNCo_QQZhB-KyTh-Dzg,257K,-,Austria,,77.1K,youtube,austria,False,2024,NA,NA,,
99,SeMo @semo1,255K,12.1%,Austria,,76.5K,youtube,austria,False,2024,NA,NA,,
100,Red Bull Snow @UCTtEhdlWz5erVK734-Gn0VQ,254K,0.7%,Austria,,76.2K,youtube,austria,False,2024,NA,NA,,
1,Tomorrowland @tomorrowland,10.7M,-,Belgium,,3.2M,youtube,belgium,False,2024,NA,NA,,
2,PressTube @UCZ3vyIYUy5yK0i-RJwpdoSg,3M,-,Belgium,,897K,youtube,belgium,False,2024,NA,NA,,
3,Cinecom.net @UCpLfM1_MIcIQ3jweRT19LVw,2.5M,-,Belgium,,750K,youtube,belgium,False,2024,NA,NA,,
4,Jeanfils @UCGjUTQ-YV71V7T6WfdmZDiw,2.2M,0.6%,Belgium,,666K,youtube,belgium,False,2024,NA,NA,,
5,gaelle garcia diaz @UCI0mw0nNF16fl0hQUD985VA,2M,-,Belgium,,588K,youtube,belgium,False,2024,NA,NA,,
6,The Voice Kids Belgium @UC4KmVCdb3BAxZ5tZAbc3NrQ,1.8M,-,Belgium,,531K,youtube,belgium,False,2024,NA,NA,,
7,Celine & Michiel @celinemichiel,1.7M,0.2%,Belgium,,504K,youtube,belgium,False,2024,NA,NA,,
8,Angèle @UCiP2tOO8zRo47GFd5rc8rkA,1.6M,2.2%,Belgium,,471K,youtube,belgium,False,2024,NA,NA,,
9,BelgoTürk @UCZvSNBeCMFMeOh27m1ywXZw,1.5M,-,Belgium,,450K,youtube,belgium,False,2024,NA,NA,,
10,LufyMakes YouUp @UC5N5jACt1Si7YPdy-_2AUag,1.5M,0.3%,Belgium,,441K,youtube,belgium,False,2024,NA,NA,,
11,OussiFooty @UC-5zFN-bs6fB_MBRBtAlg4Q,1.3M,-,Belgium,,396K,youtube,belgium,False,2024,NA,NA,,
12,BeamNG-Destruction @UC24cHExdzjNKktUUtrQnmYw,1.3M,-,Belgium,,381K,youtube,belgium,False,2024,NA,NA,,
13,Velosofy @UC93pgSQPa-JOihL5I_pvkAA,1.1M,-,Belgium,,321K,youtube,belgium,False,2024,NA,NA,,
14,Lost Frequencies @UCdKS_mDSLUkS6vDK6u1mjOg,1.1M,0.4%,Belgium,,318K,youtube,belgium,False,2024,NA,NA,,
15,Esoterics for You: Horoscopes. Rituals. Tips. @UC750ojNf94wjQoCKd8A1OSA,1.1M,-,Belgium,,318K,youtube,belgium,False,2024,NA,NA,,
16,Dutchtuber2 @UCkhBnxfBU4r47c6CtDNWIfg,1.1M,-,Belgium,,315K,youtube,belgium,False,2024,NA,NA,,
17,FRANCISCO PINALES VIDA DE ORACIÓN @UCpsqdFdnWU7LCWbYASFnOzw,1M,0.4%,Belgium,,309K,youtube,belgium,False,2024,NA,NA,,
18,COMPASSION TV @egliselacompassion,926K,0.1%,Belgium,,277.8K,youtube,belgium,False,2024,NA,NA,,
19,WaZz @UCfzXKxo0egNwE76Eb8pldTA,877K,1.5%,Belgium,,263.1K,youtube,belgium,False,2024,NA,NA,,
20,قناة طبخ من بغداد @UCFjT6urfenOJO2Qv_8DnpnQ,849K,0.2%,Belgium,,254.7K,youtube,belgium,False,2024,NA,NA,,
21,Michael Lim @UC5cEEpOjY2XVzGylMhjEnoQ,844K,-,Belgium,,253.2K,youtube,belgium,False,2024,NA,NA,,
22,Geo History @UC2Cl2g2xFTZoAEldxYVzQFg,838K,-,Belgium,,251.4K,youtube,belgium,False,2024,NA,NA,,
23,Linda Halab - ليندا حلب @UCx24Z9pH6QV_RcUTj9hc90g,836K,-,Belgium,,250.8K,youtube,belgium,False,2024,NA,NA,,
24,Ella Kasumovic @UC-AjSJctLEImM02gJZp0Kqw,787K,-,Belgium,,236.1K,youtube,belgium,False,2024,NA,NA,,
25,Arthas @UCbt5BCs0aUDgNwRaUnKtXwA,778K,0.8%,Belgium,,233.4K,youtube,belgium,False,2024,NA,NA,,
26,Koda @UCcq_20MRiMJAez-dhXt6q5Q,772K,4.7%,Belgium,,231.6K,youtube,belgium,False,2024,NA,NA,,
27,CHEF OKTAY USTA @UC9P7X0l9D4tOoTAnepblE9A,755K,-,Belgium,,226.5K,youtube,belgium,False,2024,NA,NA,,
28,Anas Headshot @UCx6PKRekOI8wOKlz21YqN5w,726K,0.9%,Belgium,,217.8K,youtube,belgium,False,2024,NA,NA,,
29,Fred Mastro @UCkAgTd8YQRSwPqzScsWs7nw,723K,0.1%,Belgium,,216.9K,youtube,belgium,False,2024,NA,NA,,
30,BarcaStudio @UCuBYkBL4dVMIbh9Z9CZpofA,682K,2.7%,Belgium,,204.6K,youtube,belgium,False,2024,NA,NA,,
31,ScreaM @UCOpuMFmU3RyTeXejHWldXkA,677K,0.6%,Belgium,,203.1K,youtube,belgium,False,2024,NA,NA,,
32,Chuki Beats @UCSyBSyLk4ZvXd2Fj-tLojag,648K,-,Belgium,,194.4K,youtube,belgium,False,2024,NA,NA,,
33,Poppen Atelier / Doll Art Studio @UCcYRw5J5-C8plZoeZ7x2QQw,645K,-,Belgium,Art,193.5K,youtube,belgium,False,2024,Lifestyle,MAPPED,,Art
34,Sander Bauwens @UC2dJa-E7V3vYISma7vBVK8g,636K,-,Belgium,,190.8K,youtube,belgium,False,2024,NA,NA,,
35,WEBA the CRAZY @UCx9DXebqSGNHx82eDHxs3Qg,634K,-,Belgium,,190.2K,youtube,belgium,False,2024,NA,NA,,
36,Roméo Elvis @UCrLTHz-a-RgeVCkx4iOhs0w,607K,0.7%,Belgium,,182.1K,youtube,belgium,False,2024,NA,NA,,
37,سيد دنياصور🦖 @UC2fosO3qIpvlLWpa1zMAv1A,605K,-,Belgium,,181.5K,youtube,belgium,False,2024,NA,NA,,
38,Simple Symphony @simplesymphony,604K,-,Belgium,,181.2K,youtube,belgium,False,2024,NA,NA,,
39,ICO @UCQzRMPX5VvPkQeccJeJV7vA,584K,6%,Belgium,,175.2K,youtube,belgium,False,2024,NA,NA,,
40,Nobø @UCLhatt3vqTQcraAZidM24IA,578K,-,Belgium,,173.4K,youtube,belgium,False,2024,NA,NA,,
41,GamingRevenant @UCinbyy9XpqiQ5vxDz4H4IQw,577K,0.1%,Belgium,,173.1K,youtube,belgium,False,2024,NA,NA,,
42,FL STUDIO by Image-Line Software @UCtYw-H_L5D09T9uWeNBUvqg,571K,0.2%,Belgium,,171.3K,youtube,belgium,False,2024,NA,NA,,
43,TNT Records @UCU7l4Kh7tcohFxw7FuhLT3A,562K,-,Belgium,,168.6K,youtube,belgium,False,2024,NA,NA,,
44,Disney Belgique @UClSqgJRF0r7u8G3EQ-RcCZg,552K,-,Belgium,,165.6K,youtube,belgium,False,2024,NA,NA,,
45,Red1 ريد ون @UCla1a--X34us6oJyxyUUA6A,544K,-,Belgium,,163.2K,youtube,belgium,False,2024,NA,NA,,
46,ExVSK @UCtZP0L7yoEycj6w-f7uVNaA,528K,-,Belgium,,158.4K,youtube,belgium,False,2024,NA,NA,,
47,Mors Mutual Insurance @UCi3GT08RqryJMN8sf6a-Rmg,526K,3%,Belgium,,157.8K,youtube,belgium,False,2024,NA,NA,,
48,Jeanpapa @UCUgqKHnlUPMbUQ5UCP8qTGQ,526K,2.7%,Belgium,,157.8K,youtube,belgium,False,2024,NA,NA,,
49,Adz @UCThCNwkoulcOTwcq28OdqhQ,522K,0.1%,Belgium,,156.6K,youtube,belgium,False,2024,NA,NA,,
50,DJLass Angel Vibes @UCI2YeqXt5lNuuNhtESwJXjw,521K,-,Belgium,,156.3K,youtube,belgium,False,2024,NA,NA,,
51,Achkayen Press @UC4wl5Kd_b4ff6s6SijJJoOg,516K,-,Belgium,,154.8K,youtube,belgium,False,2024,NA,NA,,
52,Charlotte de Witte @UC-yOW3e6zBSo1JwLXq46Suw,505K,1.1%,Belgium,,151.5K,youtube,belgium,False,2024,NA,NA,,
53,silent jill @UCtMLA41qHMdX5qVnJf0OrDQ,491K,3.3%,Belgium,,147.3K,youtube,belgium,False,2024,NA,NA,,
54,Kelly Libna @UClEScPiPnfYjTVPcTOTHobA,489K,-,Belgium,,146.7K,youtube,belgium,False,2024,NA,NA,,
55,Chuki Beats II @UC4Oy0UtQpTBGX46q_OkWzXg,484K,0.2%,Belgium,Music,145.2K,youtube,belgium,False,2024,Music,MAPPED,,Music
56,RealFeriel @UCz36BZOtKGyDXapEm-Q_HBQ,483K,-,Belgium,,144.9K,youtube,belgium,False,2024,NA,NA,,
57,BIP Records @UC1HWXv1JSrbTn40lME-sQnw,481K,-,Belgium,,144.3K,youtube,belgium,False,2024,NA,NA,,
58,Team Bwowos @UCl61X9A9EQEQ9JZx1nqAfyw,479K,-,Belgium,,143.7K,youtube,belgium,False,2024,NA,NA,,
59,Baby Relax Channel Россия @UCJJJE6L4TmWaa10zsYbkNnA,471K,-,Belgium,,141.3K,youtube,belgium,False,2024,NA,NA,,
60,Caballero & JeanJass @UCeg0PVLfsBKFLGd9V_EvbGA,469K,-,Belgium,,140.7K,youtube,belgium,False,2024,NA,NA,,
61,Ferre Gola TV Officiel @UC50C2EVYREngY7d_ujAFp5w,466K,-,Belgium,,139.8K,youtube,belgium,False,2024,NA,NA,,
62,VTM @UCAuPxvCTxQLY4NvMsya9K2w,463K,-,Belgium,,138.9K,youtube,belgium,False,2024,NA,NA,,
63,ExoticCarspotters @UCdj-FuozCbkMFlxiFrWXXMA,462K,-,Belgium,,138.6K,youtube,belgium,False,2024,NA,NA,,
64,رنا كباريتي - Rana kabarete @UCT9lK_BT78imt53Tm4tn84g,459K,-,Belgium,,137.7K,youtube,belgium,False,2024,NA,NA,,
65,Manga Workout @UC4jJLUOBhHi3kT3zSuyn28g,457K,-,Belgium,,137.1K,youtube,belgium,False,2024,NA,NA,,
66,Tarmac @tarmacrtbf,452K,-,Belgium,,135.6K,youtube,belgium,False,2024,NA,NA,,
67,Mary Braun @UCao4a5ju7QRScI_tnf2MArw,452K,-,Belgium,Fitness,135.6K,youtube,belgium,False,2024,Sports,MAPPED,,Fitness
68,Ludø @UC6PHmyVFBekc9pFsZdn0dPw,439K,0.1%,Belgium,,131.7K,youtube,belgium,False,2024,NA,NA,,
69,Simply Explained @UCnxrdFPXJMeHru_b4Q_vTPQ,435K,0.9%,Belgium,,130.5K,youtube,belgium,False,2024,NA,NA,,
70,Viction @UCWWKyYvy-FdTTANGX_Hujig,425K,0.1%,Belgium,,127.5K,youtube,belgium,False,2024,NA,NA,,
71,ACID 2 @UCTP1RrnJ8meL1iTmBC7LSvQ,423K,3.3%,Belgium,,126.9K,youtube,belgium,False,2024,NA,NA,,
72,Amber Ansah @UCErfl6eQLydUolNvKR5gDVw,415K,-,Belgium,,124.5K,youtube,belgium,False,2024,NA,NA,,
73,CHEB RAYAN OFFICIEL @UCtrRYHxYBQEaQlgXApn2DDQ,411K,0.5%,Belgium,,123.3K,youtube,belgium,False,2024,NA,NA,,
74,Hair Buddha @UCDxhyRS1wRQ5lAzlmG6G7qQ,408K,0.1%,Belgium,,122.4K,youtube,belgium,False,2024,NA,NA,,
75,Wouva @UCMWs0TT4Ga64c4WDEB-mfIQ,406K,-,Belgium,,121.8K,youtube,belgium,False,2024,NA,NA,,
76,Bros Of Decay @UCD2DbJnKu7pTLRNd0bsUopA,405K,-,Belgium,,121.5K,youtube,belgium,False,2024,NA,NA,,
77,Un Créatif @UCAiy7bY8nTQCWrkSRh6Wu9w,402K,-,Belgium,,120.6K,youtube,belgium,False,2024,NA,NA,,
78,Aline Dessine @UCdg2UgrM2iwNQf6N18vJuZw,402K,-,Belgium,,120.6K,youtube,belgium,False,2024,NA,NA,,
79,Novelas World @UCKIDgx95oQLmREv6odns3Bg,383K,-,Belgium,,114.9K,youtube,belgium,False,2024,NA,NA,,
80,97robin997 @UCi1mmBh_y1hPmuU6cqpgAqA,373K,-,Belgium,,111.9K,youtube,belgium,False,2024,NA,NA,,
81,UnaGize @UCjYg0LgSbofOJTTHpG3LH8Q,369K,0.9%,Belgium,,110.7K,youtube,belgium,False,2024,NA,NA,,
82,gronie1988 @UChQwHT6AlQOXHs52c-1pFMg,362K,0.1%,Belgium,,108.6K,youtube,belgium,False,2024,NA,NA,,
83,zwiggo @UCXWb0sqn079nk24UMHP-ToA,351K,2.6%,Belgium,,105.3K,youtube,belgium,False,2024,NA,NA,,
84,Tout Pour Se Faire Belle @UCW_Fq3bhfWNU4rQOZobWUUw,348K,-,Belgium,,104.4K,youtube,belgium,False,2024,NA,NA,,
85,Muslim Queens AR @UCYRJDSo2MRLNIrf1xfwI6Xw,347K,0.1%,Belgium,,104.1K,youtube,belgium,False,2024,NA,NA,,
86,Disney België @UCJpmvQsPPNhCmMQh_PUnjJg,344K,-,Belgium,,103.2K,youtube,belgium,False,2024,NA,NA,,
87,Ketnet @UCD8Sq94-0EXyb59S_GFppuQ,341K,-,Belgium,,102.3K,youtube,belgium,False,2024,NA,NA,,
88,Gregsway @UC3n4XOkd2KwjxcDtcpuENDA,341K,1.1%,Belgium,,102.3K,youtube,belgium,False,2024,NA,NA,,
89,Rukia Laltia @UCpWZOt6rYbA12lUdjCiAqOQ,337K,-,Belgium,Food and Drink Travel,101.1K,youtube,belgium,False,2024,Lifestyle,MAPPED,,Food and Drink Travel
90,Fos7a فسحة @UCpWRyHd2baw9wz3fIsDQJBA,335K,-,Belgium,,100.5K,youtube,belgium,False,2024,NA,NA,,
91,Little Things @UCSRutGZH81MfNu4Wgkfk1SA,334K,-,Belgium,,100.2K,youtube,belgium,False,2024,NA,NA,,
92,KWATA SPIRIT @UCLLu9lNDiwJ7ImAyT3dB5aA,334K,-,Belgium,,100.2K,youtube,belgium,False,2024,NA,NA,,
93,تاريخ و جغرافيا @UCS4g09DPtz7u_S1hTStWtlA,334K,-,Belgium,,100.2K,youtube,belgium,False,2024,NA,NA,,
94,Histoire Géo @UCYP6V7c4M026AXMr4ng6aQA,333K,0.5%,Belgium,,99.9K,youtube,belgium,False,2024,NA,NA,,
95,وليد دوبا Waleeddoba @UCOLUrEiNPuoWzT7HT54rijg,330K,-,Belgium,,99K,youtube,belgium,False,2024,NA,NA,,
96,Bwowos @UCcZmdiH3lpJfMJfg_tk970A,324K,-,Belgium,News,97.2K,youtube,belgium,False,2024,Knowledge&Info,MAPPED,,News
97,Harinath Sharma @UCooV2aD2EB92KTJO2LXRGhg,321K,-,Belgium,,96.3K,youtube,belgium,False,2024,NA,NA,,
98,Tawsen @UCBW0C1kYCtM28ye0ADDx7aA,321K,4.3%,Belgium,,96.3K,youtube,belgium,False,2024,NA,NA,,
99,Hosow Pro @UCQhoQQA6R5Yz7k_kz_Cr3hQ,313K,0.2%,Belgium,,93.9K,youtube,belgium,False,2024,NA,NA,,
100,Daaninator @UCnMzrX07GH4XRg0cPVtrE7Q,312K,-,Belgium,,93.6K,youtube,belgium,False,2024,NA,NA,,
1,Elias Ayaviri @UCLBmLEAIdnTb5I5IZfJr-eQ,2.4M,0.5%,Bolivia,,729K,youtube,bolivia,False,2024,NA,NA,,
2,Akiles @UCL5fKPWJxkSvc3w54lEQWQw,2M,0.2%,Bolivia,,597K,youtube,bolivia,False,2024,NA,NA,,
3,PapiEdson @UC8OiYQHHqwoS-4yEWncoh3w,1.3M,0.4%,Bolivia,,381K,youtube,bolivia,False,2024,NA,NA,,
4,Unitel Bolivia @UCBTuUY99I5plMaC_ZcmXIYw,1.1M,-,Bolivia,,327K,youtube,bolivia,False,2024,NA,NA,,
5,Mr.Mandibulas @UCYDHYCeyvQ-RU01T1b96VuQ,931K,1%,Bolivia,,279.3K,youtube,bolivia,False,2024,NA,NA,,
6,Tips For Diabetics @UCGk6zb4Jn2tvemmg23oeIpQ,917K,-,Bolivia,,275.1K,youtube,bolivia,False,2024,NA,NA,,
7,Yoney Gallardo @UCz8QPKIj84JE091eK-lEImg,858K,-,Bolivia,,257.4K,youtube,bolivia,False,2024,NA,NA,,
8,Consejos Magicos @UC88xTFNEPk_uSpEsvvWa6Ew,794K,-,Bolivia,,238.2K,youtube,bolivia,False,2024,NA,NA,,
9,Soyalexius @UCE1vl0kIsXSZAEgPqSLsaxA,625K,12.4%,Bolivia,,187.5K,youtube,bolivia,False,2024,NA,NA,,
10,Ramirin @UC19t31cfGizq07i3Uj3R3bg,613K,-,Bolivia,,183.9K,youtube,bolivia,False,2024,NA,NA,,
11,Omzo74 @UCJdxv_eb2Pj5AO97EHziI3w,597K,0.1%,Bolivia,,179.1K,youtube,bolivia,False,2024,NA,NA,,
12,White magic and money @UCQZSw-hivW5iL1nwPTp_beQ,587K,-,Bolivia,,176.1K,youtube,bolivia,False,2024,NA,NA,,
13,VicenticoTD @UCVVFdY3RhnqDIb8nRAIcZHw,543K,-,Bolivia,,162.9K,youtube,bolivia,False,2024,NA,NA,,
14,Gabriel Arana @UCexNFUkRp5gs25LnyC0PtDQ,520K,0.1%,Bolivia,,156K,youtube,bolivia,False,2024,NA,NA,,
15,Finanzas con Gus @UCrr-NczCJHrwi1oBS97uwnw,489K,0.4%,Bolivia,,146.7K,youtube,bolivia,False,2024,NA,NA,,
16,Dr Tips and Remedies @UCOaleSB11KbuOO6IakEQuLQ,408K,-,Bolivia,Medical Health,122.4K,youtube,bolivia,False,2024,Knowledge&Info,MAPPED,,Medical Health
17,Eddy OZ @UCO4sHmVeuzybEt63RB082kg,382K,0.8%,Bolivia,,114.6K,youtube,bolivia,False,2024,NA,NA,,
18,Eddy OS @UCAUQDn6bskD2Ts1SvnWjcew,357K,-,Bolivia,,107.1K,youtube,bolivia,False,2024,NA,NA,,
19,EDDER @UC47zKIH0dECftkcTcAOrhVQ,347K,1.7%,Bolivia,,104.1K,youtube,bolivia,False,2024,NA,NA,,
20,Ken- YCat @UClzXK9yjlTWzED0GTcwM6Gg,335K,0.2%,Bolivia,,100.5K,youtube,bolivia,False,2024,NA,NA,,
21,Dante Garcia @UCpVneV1AkByE4LpqTh0u3PQ,320K,-,Bolivia,,96K,youtube,bolivia,False,2024,NA,NA,,
22,Noticias Bolivisión @UC_1IVP0tBw0sCPt9wmQaW5A,318K,-,Bolivia,Television,95.4K,youtube,bolivia,False,2024,Entertainment,MAPPED,,Television
23,Ale Pinedo Tv @UCTpyOJBDHTIOvl3YBm8ok6A,305K,0.1%,Bolivia,,91.5K,youtube,bolivia,False,2024,NA,NA,,
24,CHILA JATUN @UC7xTtUKnihDbCi-IhqxE1lw,304K,0.9%,Bolivia,,91.2K,youtube,bolivia,False,2024,NA,NA,,
25,Eduin Lucas @UCoCRDbg8_WKkU12S3_vbxuQ,292K,0.6%,Bolivia,,87.6K,youtube,bolivia,False,2024,NA,NA,,
26,Bisutereando @UCS9D-TWmjW00kwpnNYdHvLw,291K,-,Bolivia,,87.3K,youtube,bolivia,False,2024,NA,NA,,
27,Ramirin LC @UCRCFl2dXCsR9wSx_s0HShpA,266K,1%,Bolivia,,79.8K,youtube,bolivia,False,2024,NA,NA,,
28,Adely @UChhIwD3SIDrATbd_r1de2DQ,259K,0.1%,Bolivia,,77.7K,youtube,bolivia,False,2024,NA,NA,,
29,BingerTv @bingertv,254K,-,Bolivia,,76.2K,youtube,bolivia,False,2024,NA,NA,,
30,Agrupación Los Capos @UCBGboDQ5RYTGufrqBsBd0Ow,244K,0.6%,Bolivia,,73.2K,youtube,bolivia,False,2024,NA,NA,,
31,Rincón Tecnológico @UCvzPYBQQY_8ICUgo1zfvmjA,219K,-,Bolivia,,65.7K,youtube,bolivia,False,2024,NA,NA,,
32,Kapléx @UCc8QVBajBO9T6G3QBo5Cifg,216K,-,Bolivia,,64.8K,youtube,bolivia,False,2024,NA,NA,,
33,Draquio @UCq1GwPQcE1fu8uE8up59JVQ,213K,-,Bolivia,,63.9K,youtube,bolivia,False,2024,NA,NA,,
34,Medizi @UChwViNXKr-pdB8KjRnCNoRQ,207K,-,Bolivia,,62.1K,youtube,bolivia,False,2024,NA,NA,,
35,Soluciones Satelitales FTA @UCczmHpS0etXx4kRJMMCuU9g,205K,-,Bolivia,Television,61.5K,youtube,bolivia,False,2024,Entertainment,MAPPED,,Television
36,AlexPlay16 @UCwqH7L6JCvf40ylMLSOSsvw,203K,-,Bolivia,,60.9K,youtube,bolivia,False,2024,NA,NA,,
37,Torbemania @UCmIgMGlQ5E70d9EplxwCDFg,194K,-,Bolivia,,58.2K,youtube,bolivia,False,2024,NA,NA,,
38,marcelo pardo @UCDK0ArI192hsj_sRwjl-RJw,187K,0.5%,Bolivia,,56.1K,youtube,bolivia,False,2024,NA,NA,,
39,GuiaMed @UCW2X3bAaXVq0xz5Pw67nScQ,182K,-,Bolivia,,54.6K,youtube,bolivia,False,2024,NA,NA,,
40,El Maestro Te Enseña @UCKgZVqjGAIyziAF3TjyvEQg,158K,-,Bolivia,,47.4K,youtube,bolivia,False,2024,NA,NA,,
41,Entre Bits & Clics @UCdrWxNbvSFvkKtJdAIiC3JQ,157K,-,Bolivia,,47.1K,youtube,bolivia,False,2024,NA,NA,,
42,Tips For Vision And More @UCJMvSaynbE0fLQNNlslq03g,150K,0.1%,Bolivia,,45K,youtube,bolivia,False,2024,NA,NA,,
43,DaNi kuN @UCL1IwZX2tZFQGUJv-jlOyJw,150K,-,Bolivia,,45K,youtube,bolivia,False,2024,NA,NA,,
44,DJ BALDOMERO @UC11cJvfDZsnhENBAxVN_DUA,144K,-,Bolivia,,43.2K,youtube,bolivia,False,2024,NA,NA,,
45,La Warmi Rosa @UCemBgm7nPd_ogZgrQPCEf0Q,142K,0.9%,Bolivia,,42.6K,youtube,bolivia,False,2024,NA,NA,,
46,Magnate Producciones @UC3wqs5CYOhE-oe0sRuyanjg,142K,-,Bolivia,Music,42.6K,youtube,bolivia,False,2024,Music,MAPPED,,Music
47,BOSSPRODUCCIONES @UCb5qmdepBZUcTBDzCR2lGmw,140K,-,Bolivia,,42K,youtube,bolivia,False,2024,NA,NA,,
48,COR FES @corfes,139K,0.2%,Bolivia,,41.7K,youtube,bolivia,False,2024,NA,NA,,
49,Raul Martinez CR Y COC @UCHIrjVZr1a7EggURvE8IPtw,137K,2.4%,Bolivia,,41.1K,youtube,bolivia,False,2024,NA,NA,,
50,jdance @UCs_eWcBrA51dK2uG2VyB3Pg,136K,-,Bolivia,,40.8K,youtube,bolivia,False,2024,NA,NA,,
51,Red Bolivisión @UCXxy-LshTr3NSoT7o3FBZyQ,128K,-,Bolivia,,38.4K,youtube,bolivia,False,2024,NA,NA,,
52,CRIS CAS @UC-ywNObCmf8Itk3J2V-1Xmg,123K,1.8%,Bolivia,,36.9K,youtube,bolivia,False,2024,NA,NA,,
53,iLu @UC1_JGQOwIsTqgj6JQmxN_Tw,122K,0.1%,Bolivia,,36.6K,youtube,bolivia,False,2024,NA,NA,,
54,JULIO GRD @UCEug5jAu4JEz22Jy5Z0gdfA,114K,0.4%,Bolivia,,34.2K,youtube,bolivia,False,2024,NA,NA,,
55,AnDroiD Net 77 @UCtIXv7IVXzJYQ3QLpICRzkw,113K,-,Bolivia,,33.9K,youtube,bolivia,False,2024,NA,NA,,
56,Aprendizaje 2.0 @UCkRqyBHx-WRes32irdIBVwA,110K,-,Bolivia,,33K,youtube,bolivia,False,2024,NA,NA,,
57,Tigo Sports Bolivia @UCEtMFuN_m5TwqH2AHlx2_Jw,108K,-,Bolivia,Sports,32.4K,youtube,bolivia,False,2024,Sports,MAPPED,,Sports
58,ZONA DE ROCK /OFFICIAL @UC7MRp2kra0nnjxbsQ6z_5-w,105K,1.3%,Bolivia,,31.5K,youtube,bolivia,False,2024,NA,NA,,
59,Ministerio de Educación - Oficial @UC3fguaRToXf7TnFnbcb1qZg,105K,-,Bolivia,,31.5K,youtube,bolivia,False,2024,NA,NA,,
60,CARLOS VALVERDE EN LA RED @UCBCHguwLIiVaAPkxCv4iMDw,102K,0.1%,Bolivia,,30.6K,youtube,bolivia,False,2024,NA,NA,,
61,Yarit @UCNfjb9LuExlVwjrZQNNrD5w,102K,11.9%,Bolivia,,30.6K,youtube,bolivia,False,2024,NA,NA,,
62,BOLIVIA NOTICIAS ANONYMOUS @UC8m8R_VAp-pkzaXQ9G9iJRw,102K,0.5%,Bolivia,,30.6K,youtube,bolivia,False,2024,NA,NA,,
63,QD SHOW @UCSgdV3aUsf9gvZu4bDLE-8g,100K,-,Bolivia,,30K,youtube,bolivia,False,2024,NA,NA,,
64,Mensajero @UCDkp-at_3lk9-W2KcNqVKww,98.3K,-,Bolivia,,29.5K,youtube,bolivia,False,2024,NA,NA,,
65,Cardamomasos @UC5Tl0X4jfIgo4JFjbkxtl4w,98K,2.1%,Bolivia,,29.4K,youtube,bolivia,False,2024,NA,NA,,
66,Anne Valentine @UCzZLpehPTK9E_PrYihB-WJg,97.8K,2.1%,Bolivia,,29.3K,youtube,bolivia,False,2024,NA,NA,,
67,Lυмy Looм✨ @UCqOJkVQylnXB0FeB3fW_a8Q,95.1K,0.1%,Bolivia,,28.5K,youtube,bolivia,False,2024,NA,NA,,
68,AngeeLis Kaiba @UC3yW7AeyBKKsLqqJTa2l1nQ,93K,-,Bolivia,,27.9K,youtube,bolivia,False,2024,NA,NA,,
69,EL DEBER @UCTu_1kRqnLDk9m2g5pdEoeQ,93K,-,Bolivia,,27.9K,youtube,bolivia,False,2024,NA,NA,,
70,Noticias Bolivia. @UCy9qzUFRqRgbSsY095Ll5Mg,91.7K,-,Bolivia,,27.5K,youtube,bolivia,False,2024,NA,NA,,
71,Alvinich @UCZGkpuWsuANDG4paqoUE_yw,90.6K,0.5%,Bolivia,,27.2K,youtube,bolivia,False,2024,NA,NA,,
72,Ander FF @UCsL04_A9KYMPwzWwZvIDWnQ,83K,1.3%,Bolivia,,24.9K,youtube,bolivia,False,2024,NA,NA,,
73,Pablo Fernandez @UCeGR86iDS5M2APIHnR_zYyw,83K,-,Bolivia,,24.9K,youtube,bolivia,False,2024,NA,NA,,
74,Nevadita Producciones @UClfTpN-hbwm5ZxduApC9krg,81.5K,-,Bolivia,,24.5K,youtube,bolivia,False,2024,NA,NA,,
75,PODER DE DIOS BOLIVIA @UCJlX59uUky8eHHreS9_RG4w,80.2K,-,Bolivia,,24.1K,youtube,bolivia,False,2024,NA,NA,,
76,Kevinifero @UCb4hUyUIY4KjBbTeU_V1CAA,79.3K,-,Bolivia,,23.8K,youtube,bolivia,False,2024,NA,NA,,
77,El Mismo Viaje @UCfUS81lEgLxceJsJKVXhgUg,76.3K,-,Bolivia,,22.9K,youtube,bolivia,False,2024,NA,NA,,
78,Noticias Internacionales @UCvDr9-SW_pJKcnCZrZR4Avw,73.4K,-,Bolivia,,22K,youtube,bolivia,False,2024,NA,NA,,
79,Futbolista Zurdo @UCI1kE7FmcaqjZawyAjfoKQw,72.8K,-,Bolivia,,21.8K,youtube,bolivia,False,2024,NA,NA,,
80,HEWRA @UCcG4ChKMl-3JcrD5jbLbqLg,72.2K,6.5%,Bolivia,,21.7K,youtube,bolivia,False,2024,NA,NA,,
81,I Am Guillermo @UCxu1nkzdM0UWHRqTOKQn-xA,71K,0.5%,Bolivia,,21.3K,youtube,bolivia,False,2024,NA,NA,,
82,Potencia Tu Vida @UCDzkVC6kY4omTr7_rJ-cm2g,71K,0.3%,Bolivia,,21.3K,youtube,bolivia,False,2024,NA,NA,,
83,Erykson @UCyGoz0KZsMJuA3wP5c-LxZA,70.9K,4.2%,Bolivia,,21.3K,youtube,bolivia,False,2024,NA,NA,,
84,Apóstol Marcelo Salas @UCJV-0yvsGQqfWscQSn1nNkw,70.3K,-,Bolivia,,21.1K,youtube,bolivia,False,2024,NA,NA,,
85,Cabildeo Digital @UC5VqglKzLt8-MxX7Y_mC6RQ,69.1K,-,Bolivia,,20.7K,youtube,bolivia,False,2024,NA,NA,,
86,JhoelitoXeno @UCxOuU85ZyGVdGBILSeLGF-g,68.3K,1.4%,Bolivia,,20.5K,youtube,bolivia,False,2024,NA,NA,,
87,Grupo Sabor Sabor @UChesbgYEzruy4i5dbRU9PsA,68.2K,-,Bolivia,,20.5K,youtube,bolivia,False,2024,NA,NA,,
88,yacklyon @UCRWjpn9LNoQqhJ59AT_yxPw,65.2K,-,Bolivia,,19.6K,youtube,bolivia,False,2024,NA,NA,,
89,DANproductions @UC4kbouxZySksBpiTZBZaF-A,64.8K,0.3%,Bolivia,,19.4K,youtube,bolivia,False,2024,NA,NA,,
90,Julio Mortal Mix @UCKx7wXl7vZ7wsXknPyMVSJQ,61.9K,-,Bolivia,,18.6K,youtube,bolivia,False,2024,NA,NA,,
91,FILMACIONES YUJRA PRODUCCIONES INTERNACIONAL @UCXHvRnGTu0WclrkyFBqOeUg,61.9K,-,Bolivia,,18.6K,youtube,bolivia,False,2024,NA,NA,,
92,Hnos. CHOQUECHAMBI @UClcYckOGwQ2UIjrdLb0n9aw,60.3K,-,Bolivia,,18.1K,youtube,bolivia,False,2024,NA,NA,,
93,ALMA PRODUCCIONES @UC6ztGuD7IkrsYTckioCmlYQ,60.1K,-,Bolivia,,18K,youtube,bolivia,False,2024,NA,NA,,
94,De Virales @UCMp50cEe6hIkQrzXUovOjcA,59.7K,0.2%,Bolivia,,17.9K,youtube,bolivia,False,2024,NA,NA,,
95,Mariano Cabrera Lanfranconi @UCLoctMN-SKl6faZQIfIIRpQ,59.5K,-,Bolivia,,17.9K,youtube,bolivia,False,2024,NA,NA,,
96,DJ MICKY Bo. @UCO0DRqNiwPxgFOUNh4QgXWw,58.5K,-,Bolivia,,17.6K,youtube,bolivia,False,2024,NA,NA,,
97,Fabio Zambrana Oficial @UCVh_1PkxbVMyoH9EBB0cM6g,58.3K,1.4%,Bolivia,,17.5K,youtube,bolivia,False,2024,NA,NA,,
98,Walaychu @UCuxABRxXjZZ0WXIAkqRLlqw,57.7K,-,Bolivia,,17.3K,youtube,bolivia,False,2024,NA,NA,,
99,AndeSur Bolivia @UC2LoQibv_5bq3DeYcHUN-Zw,57.3K,-,Bolivia,,17.2K,youtube,bolivia,False,2024,NA,NA,,
100,Cocina Solo @UCRLCgzQAESdVS74LWGH_2VA,57.1K,-,Bolivia,,17.1K,youtube,bolivia,False,2024,NA,NA,,
1,Canal KondZilla @UCffDXn7ycAzwL2LDlbyWOTw,66.3M,-,Brazil,,19.9M,youtube,brazil,False,2024,NA,NA,,
2,Felipe Neto @UCV306eHqgo0LvBf3Mh36AHg,44.4M,-,Brazil,,13.3M,youtube,brazil,False,2024,NA,NA,,
3,Você Sabia? @UCj0O6W8yDuLg3iraAXKgCrQ,43M,-,Brazil,,12.9M,youtube,brazil,False,2024,NA,NA,,
4,LUCCAS NETO - LUCCAS TOON @UC_gV70G_Y51LTa3qhu8KiEA,38.6M,-,Brazil,,11.6M,youtube,brazil,False,2024,NA,NA,,
5,Maria Clara & JP @UCKe6w0exI94U-RzqAyoY1VA,33.8M,0.1%,Brazil,,10.1M,youtube,brazil,False,2024,NA,NA,,
6,rezendeevil @UCbTVTephX30ZhQF5zwFppBg,31.5M,-,Brazil,,9.5M,youtube,brazil,False,2024,NA,NA,,
7,Marília Mendonça @UCwfEOn0O1DWcyTgzVVu28ig,25.5M,-,Brazil,,7.7M,youtube,brazil,False,2024,NA,NA,,
8,Renato Garcia @UChMJkHCD2wdvSO7CMOuLR-w,25.2M,0.4%,Brazil,,7.6M,youtube,brazil,False,2024,NA,NA,,
9,Enaldinho @theenaldinho,22M,0.1%,Brazil,,6.6M,youtube,brazil,False,2024,NA,NA,,
10,Canal Canalha @UCPHXtOVmjvbP9OJihsd7gCg,20.7M,-,Brazil,,6.2M,youtube,brazil,False,2024,NA,NA,,
11,Totoy kids - Português @UCy7whoHQXzhYxp9AQmrPFVw,19.9M,-,Brazil,,6M,youtube,brazil,False,2024,NA,NA,,
12,Gusttavo Lima Oficial @UCXooz9whNJZBRTHi9AqdjPw,19.3M,-,Brazil,,5.8M,youtube,brazil,False,2024,NA,NA,,
13,Robin Hood Gamer @UCYtaoJSk9iIrFxx8eZB15ag,19.2M,-,Brazil,,5.8M,youtube,brazil,False,2024,NA,NA,,
14,Dan-Sa / Daniel Saboya @UCEUf_uUDUfJJ3XfgwOxm-0A,18M,-,Brazil,,5.4M,youtube,brazil,False,2024,NA,NA,,
15,Masha e o Urso @UCJKBSfD5JSUxGhriFeoPCCg,17.4M,-,Brazil,,5.2M,youtube,brazil,False,2024,NA,NA,,
16,DUDU e CAROL @UC371icpvZj2oQaocL0i9L-g,17.1M,0.5%,Brazil,,5.1M,youtube,brazil,False,2024,NA,NA,,
17,Rafa & Luiz @UC6paX0kLA8D81aYogceMufw,16.6M,0.1%,Brazil,,5M,youtube,brazil,False,2024,NA,NA,,
18,Canal IN @UCIR9VKPE70KJ4DX2zCjHObw,16.1M,-,Brazil,,4.8M,youtube,brazil,False,2024,NA,NA,,
19,Henrique e Juliano @UCfLTxnQboSLcoSakgONmukQ,15.3M,-,Brazil,,4.6M,youtube,brazil,False,2024,NA,NA,,
20,Gato Galactico | GALÁXIA @UCbt4SegZBQLeXMTMvnrfZtw,15.3M,-,Brazil,,4.6M,youtube,brazil,False,2024,NA,NA,,
21,Zé Neto e Cristiano @UCRRu9OXVYd5clj2Bs29gUVQ,14.7M,-,Brazil,,4.4M,youtube,brazil,False,2024,NA,NA,,
22,MK MUSIC @UCbVwJCxsVbmaP1PFmbGQDeQ,14.6M,-,Brazil,,4.4M,youtube,brazil,False,2024,NA,NA,,
23,Jorge & Mateus Oficial @UCL64gn1KZ1C-u87BGQv3b6w,14.6M,0.2%,Brazil,,4.4M,youtube,brazil,False,2024,NA,NA,,
24,IDEIAS INCRÍVEIS @UCcQeJmGXpa_t03Zjrl8Aq4g,14.6M,-,Brazil,,4.4M,youtube,brazil,False,2024,NA,NA,,
25,Canal Nostalgia @UCH2VZQBLFTOp6I_qgnBJCuQ,14.4M,0.2%,Brazil,,4.3M,youtube,brazil,False,2024,NA,NA,,
26,Camila Loures @UCvuJTWl_peL49CUfF2EAbyg,14.2M,-,Brazil,,4.3M,youtube,brazil,False,2024,NA,NA,,
27,O Canal do Joãozinho - Little Angel Português @UCAdpXDXkrrYQXFtAbJixRUg,14.2M,-,Brazil,,4.3M,youtube,brazil,False,2024,NA,NA,,
28,Invento na Hora @UCR3vcUrhFUdzagng58ueI2w,14.1M,0.8%,Brazil,,4.2M,youtube,brazil,False,2024,NA,NA,,
29,Juliana Baltar @UCqDauP_ke8Lwt8Hg3Xv-8Iw,14M,-,Brazil,,4.2M,youtube,brazil,False,2024,NA,NA,,
30,AM3NlC @UCrGnb5RdHA9M6WGmBGYo4ZQ,13.9M,0.1%,Brazil,,4.2M,youtube,brazil,False,2024,NA,NA,,
31,MAIKI021 @UCXhDFaOPG2zhiYm9eXuMKkA,13.7M,-,Brazil,,4.1M,youtube,brazil,False,2024,NA,NA,,
32,TazerCraft @UCjBO43ykxlSs3j7F7EXcBUQ,13.4M,0.2%,Brazil,,4M,youtube,brazil,False,2024,NA,NA,,
33,PlayHard @UC4IMfO_--bwBaNgWeoLxAgg,13.4M,-,Brazil,,4M,youtube,brazil,False,2024,NA,NA,,
34,O Reino Infantil @UCooY3HgjOMWoDpIHMDM4ghQ,13.2M,-,Brazil,,4M,youtube,brazil,False,2024,NA,NA,,
35,O Que Não Dizer Oficial @UC19aAr6UojQesIVCBsXJGIw,13.1M,-,Brazil,,3.9M,youtube,brazil,False,2024,NA,NA,,
36,Matheus Yurley @UC-4kjzuh4822B9yPSgpZQgA,13.1M,0.3%,Brazil,,3.9M,youtube,brazil,False,2024,NA,NA,,
37,Ei Nerd @UCt_4wzTQqmcUvemNkeO0plA,13M,-,Brazil,,3.9M,youtube,brazil,False,2024,NA,NA,,
38,Everson Zoio @UChPa3fnlI3RKuzEbeEPKRFw,12.9M,0.8%,Brazil,,3.9M,youtube,brazil,False,2024,NA,NA,,
39,Peppa Pig em Português Brasil - Canal Oficial @UCvD9GB-E4q_TuMpwUtFBhLA,12.8M,-,Brazil,,3.8M,youtube,brazil,False,2024,NA,NA,,
40,Hungria Hip Hop @UCAI8SmRbXgSpP8Zo3xZbxzQ,12.7M,1.3%,Brazil,,3.8M,youtube,brazil,False,2024,NA,NA,,
41,Crescendo com Luluca @UCnrGkE2AmBAv6Vxj6kjf1jg,12.5M,0.3%,Brazil,,3.8M,youtube,brazil,False,2024,NA,NA,,
42,Bispo Bruno Leonardo @UCVNouUw3d3l5JYVCxhAQXKA,12.5M,2.2%,Brazil,,3.8M,youtube,brazil,False,2024,NA,NA,,
43,Parafernalha @UCddYq41_tZ1FnLlguLT6-Ow,12.5M,-,Brazil,,3.8M,youtube,brazil,False,2024,NA,NA,,
44,LOUD @UC7iwNp4GUynlGXvK-6KD0Rw,12.4M,0.1%,Brazil,,3.7M,youtube,brazil,False,2024,NA,NA,,
45,Bela Bagunça @UChYWDADhmWJU6_X7Vm7FzDw,12.2M,-,Brazil,,3.7M,youtube,brazil,False,2024,NA,NA,,
46,EU FICO LOKO @UCwQSkyrft0ohf-ra21yIs9Q,11.8M,-,Brazil,,3.5M,youtube,brazil,False,2024,NA,NA,,
47,LipaoGamer @UCHuZmQ0lSW8TG81dVZZh5rw,11.8M,-,Brazil,,3.5M,youtube,brazil,False,2024,NA,NA,,
48,Dani Russo Tv @UCgdnrd2Ae_H07_N8j1l18Xw,11.7M,0.1%,Brazil,,3.5M,youtube,brazil,False,2024,NA,NA,,
49,SBT @UCR3TOnFWDeAlT-Ho6LueDmg,11.7M,-,Brazil,,3.5M,youtube,brazil,False,2024,NA,NA,,
50,MC Divertida @UCllJguE1AIxYBmZJ8NUWiHg,11.7M,-,Brazil,,3.5M,youtube,brazil,False,2024,NA,NA,,
51,Pastor Antônio Júnior @UCKEM87jzVqdIfAdTr0xNBfA,11.5M,0.6%,Brazil,,3.5M,youtube,brazil,False,2024,NA,NA,,
52,Simone e Simaria @UCSriAVggapS9Fb43fRB2vyQ,11.3M,0.2%,Brazil,,3.4M,youtube,brazil,False,2024,NA,NA,,
53,Virgínia Fonseca @UCsaB2VrLZrtGbum6Eo0ClbA,11.3M,-,Brazil,,3.4M,youtube,brazil,False,2024,NA,NA,,
54,Coisa de Nerd @UCuxfOdbKQy0tgGXcm9sjHiw,11.1M,-,Brazil,,3.3M,youtube,brazil,False,2024,NA,NA,,
55,Games EduUu @UCYzp8-P162Em-3uZnCuGJOg,11M,1.2%,Brazil,,3.3M,youtube,brazil,False,2024,NA,NA,,
56,Viih Tube @UCl5i1KWUAV7hdT5_tL8l6RA,11M,-,Brazil,,3.3M,youtube,brazil,False,2024,NA,NA,,
57,Milena Stepanienco - MILENINHA @UCMQGjL7ft6aNLKPp5xN-P3A,10.8M,-,Brazil,,3.2M,youtube,brazil,False,2024,NA,NA,,
58,Galo Frito @UCyb0T6J6nL5ibo0HLRMINKw,10.7M,-,Brazil,,3.2M,youtube,brazil,False,2024,NA,NA,,
59,Mussoumano @UC607Gii1uo93qDqiGR6-c3w,10.7M,0.7%,Brazil,,3.2M,youtube,brazil,False,2024,NA,NA,,
60,Franciny Ehlke @UCoTM-vvs2hnv2mCvzNJ5uXA,10.6M,0.2%,Brazil,,3.2M,youtube,brazil,False,2024,NA,NA,,
61,Lucas Rangel @UCNmBUECIkUyPr2hxIAT3vzw,10.5M,-,Brazil,,3.2M,youtube,brazil,False,2024,NA,NA,,
62,The Noite com Danilo Gentili @UCEWOoncsrmirqnFqxer9lmA,10.5M,0.1%,Brazil,,3.2M,youtube,brazil,False,2024,NA,NA,,
63,Matheus e Kauan @UC4WvVh0AwJ6K9w1JLepce7A,10.5M,-,Brazil,,3.2M,youtube,brazil,False,2024,NA,NA,,
64,Lorrayne Oliveira @UC--FL6OwLFWGIZfLfazY4yA,10.4M,-,Brazil,,3.1M,youtube,brazil,False,2024,NA,NA,,
65,Netflix Brasil @UCc1l5mTmAv2GC_PXrBpqyKQ,10.3M,-,Brazil,,3.1M,youtube,brazil,False,2024,NA,NA,,
66,PineappleStormTV @UCqrFwa5vueOTzGZ7NSlnvlQ,10.1M,0.5%,Brazil,,3M,youtube,brazil,False,2024,NA,NA,,
67,BETO GAMER @UCPl_3zCQnCB4Iv79UD_i-5A,10M,-,Brazil,Video Gaming,3M,youtube,brazil,False,2024,Tech&Gaming,MAPPED,,Video Gaming
68,Receitas de Pai @UCF5WzS-iBJRfp_EcFI-GT1w,10M,0.1%,Brazil,,3M,youtube,brazil,False,2024,NA,NA,,
69,BIBI @UCF5VmU9N3sqqVe-F6E4gewg,9.7M,-,Brazil,,2.9M,youtube,brazil,False,2024,NA,NA,,
70,MALOUCOS @UCQ7VIoEXgNHBmXPoh002rlw,9.6M,-,Brazil,,2.9M,youtube,brazil,False,2024,NA,NA,,
71,Garena Free Fire Brasil @UCr4ARxgElIO21GWfIraZezg,9.5M,-,Brazil,,2.9M,youtube,brazil,False,2024,NA,NA,,
72,COMÉDIA SELVAGEM @UCrKj1r2Q7UIeltxsUneeZyQ,9.4M,0.6%,Brazil,,2.8M,youtube,brazil,False,2024,NA,NA,,
73,Irmãos Berti @UC6pImjv_fejsPD19uXU_V-A,9.4M,-,Brazil,,2.8M,youtube,brazil,False,2024,NA,NA,,
74,Cátia Damasceno @UCqV7ADkocFVOLxvPGqTEyDw,9.3M,0.1%,Brazil,,2.8M,youtube,brazil,False,2024,NA,NA,,
75,FutParódias @UCGFNp4Pialo9wjT9Bo8wECA,9.3M,1%,Brazil,,2.8M,youtube,brazil,False,2024,NA,NA,,
76,Love Funk @UC9OMsuaqvGdF0MtK3gYYNkA,9.3M,-,Brazil,,2.8M,youtube,brazil,False,2024,NA,NA,,
77,Tauz Oficial @UCfDPkUx9mG3IHBxYuPqgqAQ,9.3M,1.2%,Brazil,,2.8M,youtube,brazil,False,2024,NA,NA,,
78,Muca Muriçoca @UCda7Fl9Q4wmqDqASRDqrVbA,9.2M,-,Brazil,,2.8M,youtube,brazil,False,2024,NA,NA,,
79,Maiara e Maraisa @UCULzCZWkkOb9dW8rr6dguQQ,9.2M,2.6%,Brazil,,2.8M,youtube,brazil,False,2024,NA,NA,,
80,BRKsEDU @UCWKtHaeXVzUscYGcm0hEunw,9.2M,-,Brazil,,2.8M,youtube,brazil,False,2024,NA,NA,,
81,Canal Top10 @UC9A70zHWT__VE5oWmTg2-xA,9.2M,-,Brazil,,2.7M,youtube,brazil,False,2024,NA,NA,,
82,EL GATO @UCZF-E96KcMU1GQGaV-R7_-A,9.2M,-,Brazil,,2.7M,youtube,brazil,False,2024,NA,NA,,
83,Julia MineGirl @UCEOGSdXwcXcNfcuDGbjmgOw,9.1M,0.2%,Brazil,,2.7M,youtube,brazil,False,2024,NA,NA,,
84,TNT Sports Brasil @UCs-6sCz2LJm1PrWQN4ErsPw,9.1M,-,Brazil,,2.7M,youtube,brazil,False,2024,NA,NA,,
85,Patati Patatá @UCe-BBpsnL89BMr6WbvBQ9dw,9.1M,0.1%,Brazil,Music News,2.7M,youtube,brazil,False,2024,Knowledge&Info,MAPPED,,Music News
86,SLIME SAM SAPECA @UCkhjftd3D116NJ1hVBBGFww,9M,-,Brazil,,2.7M,youtube,brazil,False,2024,NA,NA,,
87,Sarah de Araújo @UC2ML8NFIkVD-leB1f_jYCdw,8.7M,-,Brazil,,2.6M,youtube,brazil,False,2024,NA,NA,,
88,Vivi's World @UC-SH7ZCar_m5Udkthm3j0Uw,8.7M,-,Brazil,,2.6M,youtube,brazil,False,2024,NA,NA,,
89,BabyBus Português - Músicas Infantis e Desenhos @UCg1PtLqCSYX8odBuWHP9Ebg,8.6M,-,Brazil,,2.6M,youtube,brazil,False,2024,NA,NA,,
90,Jooj Natu @UCVVksn-TMGmkwvirl_neMWw,8.6M,-,Brazil,,2.6M,youtube,brazil,False,2024,NA,NA,,
91,Gerson Albuquerque @UCy_B3QVULbWHKkuHzi4t05w,8.3M,0.5%,Brazil,,2.5M,youtube,brazil,False,2024,NA,NA,,
92,Tribo da Periferia @UCe5pPUSFEajlij-LrxUl19A,8.3M,2.5%,Brazil,,2.5M,youtube,brazil,False,2024,NA,NA,,
93,Canal Clash War @UCR-Y4lWmrCYbr1XavmNMlvQ,8.3M,0.1%,Brazil,,2.5M,youtube,brazil,False,2024,NA,NA,,
94,Pyong Lee @UCy-pRSIMMBsp-AZlV4go3vw,8.2M,-,Brazil,,2.5M,youtube,brazil,False,2024,NA,NA,,
95,Neagle @UCNrthyyJVjrJUpePrl6lW_g,8.2M,0.3%,Brazil,,2.4M,youtube,brazil,False,2024,NA,NA,,
96,LUDMILLA @UCSCB1IQUmNa8Gn5VfSUAUpg,8.1M,-,Brazil,,2.4M,youtube,brazil,False,2024,NA,NA,,
97,Gabriela Rocha @UC4t2mdI8uAiJDJSRjiWJT1Q,8.1M,-,Brazil,,2.4M,youtube,brazil,False,2024,NA,NA,,
98,Kim RosaCuca @UCMc-r8lDh-bbN_bhVz8ySEg,8M,-,Brazil,,2.4M,youtube,brazil,False,2024,NA,NA,,
99,Afreim @UC1SZZVZ5GXRBGpXorHD9PNw,8M,-,Brazil,,2.4M,youtube,brazil,False,2024,NA,NA,,
100,Poliana Moça @UCvgfiEUr4w7DaCyEoxkdkOw,7.9M,-,Brazil,,2.4M,youtube,brazil,False,2024,NA,NA,,
1,Justin Bieber @UCIwFjwMjI0y7PDBVEO9-bkQ,69.7M,-,Canada,,20.9M,youtube,canada,False,2024,NA,NA,,
2,Super Simple Songs - Kids Songs @UCLsooMJoIpl_7ux2jvdPB-Q,37.3M,-,Canada,Travel,11.2M,youtube,canada,False,2024,Lifestyle,MAPPED,,Travel
3,The Weeknd @UC0WP5P-ufpRfjbNrmOWwLBQ,28.7M,0.2%,Canada,,8.6M,youtube,canada,False,2024,NA,NA,,
4,WatchMojo.com @UCaWd5_7JhbQBe4dknZhsHJg,24.7M,-,Canada,,7.4M,youtube,canada,False,2024,NA,NA,,
5,Linus Tech Tips @UCXuqSBlHAE6Xw-yeJA0Tunw,14.9M,0.4%,Canada,,4.5M,youtube,canada,False,2024,NA,NA,,
6,AzzyLand @UCzeB_0FNcPIyUSjL_TL5lEw,13.4M,-,Canada,,4M,youtube,canada,False,2024,NA,NA,,
7,Typical Gamer @UC2wKfjlioOCLP4xQMOWNcgg,13M,-,Canada,,3.9M,youtube,canada,False,2024,NA,NA,,
8,Hacksmith Industries @UCjgpFI5dU-D1-kh9H1muoxQ,13M,-,Canada,,3.9M,youtube,canada,False,2024,NA,NA,,
9,MrSuicideSheep @UC5nc_ZtjKW1htCVZVRxlQAQ,12.8M,-,Canada,,3.8M,youtube,canada,False,2024,NA,NA,,
10,HZHtube Kids Fun @UCAgx4HcQIYn9lM0rhtIuH9w,12.1M,-,Canada,,3.6M,youtube,canada,False,2024,NA,NA,,
11,"Baby Big Mouth Kids - Sing, Dance, Explore @UCWr4vlkj5xXQ4bSXNeTT2AA",10.5M,-,Canada,Music Travel,3.2M,youtube,canada,False,2024,Music,MAPPED,,Music Travel
12,SAS-ASMR @UCp4LfMtDfoa29kTlLnqQ5Mg,9.4M,-,Canada,,2.8M,youtube,canada,False,2024,NA,NA,,
13,WatchMojo Español @UClgevvAYKcfuthTWppKT0IQ,8M,-,Canada,,2.4M,youtube,canada,False,2024,NA,NA,,
14,MostAmazingTop10 @UCBINYCmwE29fBXCpUI8DgTA,7.7M,-,Canada,,2.3M,youtube,canada,False,2024,NA,NA,,
15,Simply Nailogical @UCGCVyTWogzQ4D170BLy2Arw,7.5M,-,Canada,,2.3M,youtube,canada,False,2024,NA,NA,,
16,Domics @UCn1XB-jvmd9fXMzhiA6IR0w,7.4M,0.6%,Canada,,2.2M,youtube,canada,False,2024,NA,NA,,
17,Gloom @UC6IijBsVf2PlWo_uq6P9wQw,7.4M,-,Canada,,2.2M,youtube,canada,False,2024,NA,NA,,
18,MadFit @UCpQ34afVgk8cRQBjSJ1xuJQ,7.2M,-,Canada,,2.2M,youtube,canada,False,2024,NA,NA,,
19,Shroud @UCoz3Kpu5lv-ALhR4h9bDvcw,6.8M,0.1%,Canada,Video Gaming,2M,youtube,canada,False,2024,Tech&Gaming,MAPPED,,Video Gaming
20,Chris Ramsay @UCrPUg54jUy1T_wII9jgdRbg,6.7M,-,Canada,,2M,youtube,canada,False,2024,NA,NA,,
21,Pokimane @UChXKjLEzAB1K7EZQey7Fm1Q,6.7M,-,Canada,,2M,youtube,canada,False,2024,NA,NA,,
22,Nick Eh 30 @UCt9nYeSz90lnOnaVFjxFJzw,6.6M,0.5%,Canada,,2M,youtube,canada,False,2024,NA,NA,,
23,Ayo & Teo @UCB_Mdi3acqKLRR8zKFkqKoA,6.4M,-,Canada,,1.9M,youtube,canada,False,2024,NA,NA,,
24,CelineDion @UC_yGU4qz9zAjEWLQxCg9NZQ,6.3M,-,Canada,,1.9M,youtube,canada,False,2024,NA,NA,,
25,Kallmekris @UCiciOsypkXcqSFqSPd-NRVA,6.2M,3.6%,Canada,,1.9M,youtube,canada,False,2024,NA,NA,,
26,Matthew Santoro @UCXhSCMRRPyxSoyLSPFxK7VA,6.2M,0.2%,Canada,,1.9M,youtube,canada,False,2024,NA,NA,,
27,funnyplox @UCVUdHi-tdW5AKdzMiTPG97Q,6.2M,-,Canada,Pets,1.8M,youtube,canada,False,2024,Lifestyle,MAPPED,,Pets
28,Jester @UCKIL4dMp2qbWElEEZHK-aug,6.1M,-,Canada,,1.8M,youtube,canada,False,2024,NA,NA,,
29,Chills @UCN64HIrZNqFQYZ2BuyY-4zg,6.1M,-,Canada,Celebrity,1.8M,youtube,canada,False,2024,Entertainment,MAPPED,,Celebrity
30,Rehaan Records @UCm9SZAl03Rev9sFwloCdz1g,6M,1.1%,Canada,,1.8M,youtube,canada,False,2024,NA,NA,,
31,GamerGirl @UCije75lmV_7fVP7m4dJ7ZoQ,6M,0.2%,Canada,,1.8M,youtube,canada,False,2024,NA,NA,,
32,Peter McKinnon @UC3DkFux8Iv-aYnTRWzwaiBA,5.8M,0.2%,Canada,Photography Food and Drink,1.7M,youtube,canada,False,2024,Lifestyle,MAPPED,,Photography Food and Drink
33,GunVsGun @UCFFUY0PCOH3CieBjbZd5suw,5.7M,0.1%,Canada,,1.7M,youtube,canada,False,2024,NA,NA,,
34,Bajan Canadian @UCuj1Ms9_LCsQPSJ4p8nvOVA,5.7M,-,Canada,,1.7M,youtube,canada,False,2024,NA,NA,,
35,BENOFTHEWEEK @UC_UnVDztkvE1hw064XFTNSQ,5.7M,-,Canada,,1.7M,youtube,canada,False,2024,NA,NA,,
36,JustDustin @UCau_n8AK1uk3Ys5bEnRAoqg,5.5M,0.4%,Canada,,1.6M,youtube,canada,False,2024,NA,NA,,
37,ElectroBOOM @UCJ0-OtVpF0wOKEqT2Z1HEtA,5.2M,1.1%,Canada,,1.6M,youtube,canada,False,2024,NA,NA,,
38,ExplodingTNT @UC2nZMhZ2qG5-xpqb440WLYg,5.1M,0.4%,Canada,,1.5M,youtube,canada,False,2024,NA,NA,,
39,Furious Pete @UCspJ-h5Mw9_zeEhJDzMpkkA,5.1M,-,Canada,,1.5M,youtube,canada,False,2024,NA,NA,,
40,JoBlo Movie Clips @UC6LDwTYRfjQwkakw5R95OyA,5M,-,Canada,,1.5M,youtube,canada,False,2024,NA,NA,,
41,MDMotivator @UCV60-YzrBdQBKHxvgeu9sIw,4.8M,-,Canada,,1.4M,youtube,canada,False,2024,NA,NA,,
42,Jeremy Ethier @UCERm5yFZ1SptUEU4wZ2vJvw,4.7M,-,Canada,,1.4M,youtube,canada,False,2024,NA,NA,,
43,MsMojo @UC3rLoj87ctEHCcS7BuvIzkQ,4.7M,-,Canada,,1.4M,youtube,canada,False,2024,NA,NA,,
44,ENGLISH with James · engVid @UCwA7Aepp7nRUJNa8roQ-6Bw,4.6M,-,Canada,,1.4M,youtube,canada,False,2024,NA,NA,,
45,NileRed @UCFhXFikryT4aFcLkLw2LBLA,4.6M,7.6%,Canada,,1.4M,youtube,canada,False,2024,NA,NA,,
46,AntsCanada @UCONd1SNf3_QqjzjCVsURNuA,4.5M,0.3%,Canada,,1.4M,youtube,canada,False,2024,NA,NA,,
47,Super Simple ABCs @UCp5Nhw2YMCMUemXC1oWTkkA,4.5M,0.1%,Canada,,1.3M,youtube,canada,False,2024,NA,NA,,
48,MY BOLLYWOOD BODY @UCU3juAek2IQClkV7eUw-a2w,4.4M,-,Canada,,1.3M,youtube,canada,False,2024,NA,NA,,
49,RonaldOMG @UCfjLwqL4XSPUDT7hVnViCmw,4.4M,-,Canada,,1.3M,youtube,canada,False,2024,NA,NA,,
50,How To Cake It @UCvM1hVcRJmVWDtATYarC0KA,4.3M,-,Canada,,1.3M,youtube,canada,False,2024,NA,NA,,
51,Walk off the Earth @UC9PEibgWOqZ-1I1JdxRmr6g,4.3M,-,Canada,,1.3M,youtube,canada,False,2024,NA,NA,,
52,Stromedy @UCZhUolzN9vMdkjWrnT9DQ2A,4.3M,0.3%,Canada,Celebrity Travel,1.3M,youtube,canada,False,2024,Entertainment,MAPPED,,Celebrity Travel
53,Dan Lok @UCs_6DXZROU29pLvgQdCx4Ww,4.2M,-,Canada,,1.3M,youtube,canada,False,2024,NA,NA,,
54,Kurtis Conner @UC7zsxKqd5MicTf4VhS9Y74g,4.2M,4.1%,Canada,,1.2M,youtube,canada,False,2024,NA,NA,,
55,Tate McRae @UCQh6LB206jF3JxpCDD-fp5Q,4.1M,-,Canada,,1.2M,youtube,canada,False,2024,NA,NA,,
56,English with Emma · engVid @UCVBErcpqaokOf4fI5j73K_w,4.1M,0.1%,Canada,,1.2M,youtube,canada,False,2024,NA,NA,,
57,Two Super Sisters 2 @UCjah4obLivaa4UZ96hhJNMw,4M,-,Canada,,1.2M,youtube,canada,False,2024,NA,NA,,
58,Cartooning Club How to Draw @UC-biucJWhM8HwjsQ96uoIUw,3.9M,-,Canada,Pets,1.2M,youtube,canada,False,2024,Lifestyle,MAPPED,,Pets
59,SickickMusic @UCvnwcyWyrzPjEH46LVjx24Q,3.9M,-,Canada,,1.2M,youtube,canada,False,2024,NA,NA,,
60,MAGIC! @UCZ2KbFug6U6DO02xIIu2JAA,3.9M,-,Canada,,1.2M,youtube,canada,False,2024,NA,NA,,
61,English Speeches @UCLyr-hfWVCKHcZjV5fg3jbw,3.8M,-,Canada,,1.2M,youtube,canada,False,2024,NA,NA,,
62,Top15s @UClW44KG_EKETupl-3BlnLSQ,3.8M,-,Canada,,1.1M,youtube,canada,False,2024,NA,NA,,
63,Motivation2Study @UC8PICQUP0a_HsrA9S4IIgWw,3.8M,-,Canada,,1.1M,youtube,canada,False,2024,NA,NA,,
64,Little World - Kids Songs & Nursery Rhymes @UCFBO5h2l4Py0hXtSzETH7mw,3.8M,-,Canada,,1.1M,youtube,canada,False,2024,NA,NA,,
65,Casually Explained @UCr3cBLTYmIK9kY0F_OdFWFQ,3.8M,5.4%,Canada,,1.1M,youtube,canada,False,2024,NA,NA,,
66,Ali Gatie @UCsU2Dg39gd4_N9a7icS3b3A,3.8M,0.3%,Canada,,1.1M,youtube,canada,False,2024,NA,NA,,
67,Twi Shorts @UCGa9YJJiR-Jec5y10GQxEPg,3.8M,1.4%,Canada,,1.1M,youtube,canada,False,2024,NA,NA,,
68,Anna McNulty @UCPIavfNa4DTfHXDBaFOHuKA,3.7M,-,Canada,,1.1M,youtube,canada,False,2024,NA,NA,,
69,Disguised Toast @UCUT8RoNBTJvwW1iErP6-b-A,3.7M,1%,Canada,,1.1M,youtube,canada,False,2024,NA,NA,,
70,BeforeTheyWereFamous @UCplwPnjH1AAB1He_7rMkHgQ,3.6M,-,Canada,,1.1M,youtube,canada,False,2024,NA,NA,,
71,AldosWorld TV @UCDBQ-7zPSmk5rdzxEYIndrg,3.6M,-,Canada,,1.1M,youtube,canada,False,2024,NA,NA,,
72,RCSparks Studio @UCxcjVHL-2o3D6Q9esu05a1Q,3.6M,-,Canada,,1.1M,youtube,canada,False,2024,NA,NA,,
73,DavidParody @UCSOiCD_QJnfDU-jlBDaPxfQ,3.6M,-,Canada,,1.1M,youtube,canada,False,2024,NA,NA,,
74,UnusualVideos @UCpnkp_D4FLPCiXOmDhoAeYA,3.6M,2.7%,Canada,,1.1M,youtube,canada,False,2024,NA,NA,,
75,Phone Repair Guru @UCCOrp7GPgZA8EGrbOcIAsyQ,3.5M,-,Canada,,1.1M,youtube,canada,False,2024,NA,NA,,
76,Ricky Berwick @UCnBhY8jMEZzSSuFPz6JSAxQ,3.5M,-,Canada,,1.1M,youtube,canada,False,2024,NA,NA,,
77,cutepolish @UCT8z80a4ESgO2Y4qajk-iXw,3.4M,-,Canada,Art,1M,youtube,canada,False,2024,Lifestyle,MAPPED,,Art
78,Sally FunTube @UCy-oaFhNZ41yHVxqrSSI3hQ,3.4M,-,Canada,,1M,youtube,canada,False,2024,NA,NA,,
79,Motivation Madness @UCHbq_l1qnuomfJCYQTsWf_Q,3.3M,-,Canada,,1M,youtube,canada,False,2024,NA,NA,,
80,Star Wars Theory @UC8CbFnDTYkiVweaz8y9wd_Q,3.3M,-,Canada,,993K,youtube,canada,False,2024,NA,NA,,
81,Joe Porter @joeporterpercussion,3.3M,0.2%,Canada,,987K,youtube,canada,False,2024,NA,NA,,
82,SomeOrdinaryGamers @UCtMVHI3AJD4Qk4hcbZnI9ZQ,3.3M,0.7%,Canada,,984K,youtube,canada,False,2024,NA,NA,,
83,Shahveer Jafry @UChIrj5Qb5V-TZIRrk0Df-Uw,3.3M,2.9%,Canada,,975K,youtube,canada,False,2024,NA,NA,,
84,Global News @UChLtXXpo4Ge1ReTEboVvTDg,3.2M,0.3%,Canada,,972K,youtube,canada,False,2024,NA,NA,,
85,Jeff Nippard @UC68TLK0mAEzUyHx5x5k-S1Q,3.2M,1.2%,Canada,Art Fitness,969K,youtube,canada,False,2024,Sports,MAPPED,,Art Fitness
86,Steve Terreberry @UCl16xaNY2arX3OzZBvTlsPQ,3.2M,-,Canada,,966K,youtube,canada,False,2024,NA,NA,,
87,FaZe Pamaj @UCPtLtJEoVSzd-zMlZaluxEA,3.2M,-,Canada,,963K,youtube,canada,False,2024,NA,NA,,
88,Troydan @UCSEQjmaQ-N3lcPzyvBcFWfg,3.1M,0.6%,Canada,,939K,youtube,canada,False,2024,NA,NA,,
89,Graser @UC24-XPATP4CeviFJ8SLiF8A,3.1M,-,Canada,,924K,youtube,canada,False,2024,NA,NA,,
90,Step News Agency @UCFXyHQjlNrdVYKywetpIj-A,3.1M,-,Canada,,921K,youtube,canada,False,2024,NA,NA,,
91,SpyCakes @UC1rsLSbsz0Y2blrWDZ_-8Qw,3M,-,Canada,,912K,youtube,canada,False,2024,NA,NA,,
92,Adam’s English Lessons · engVid @UC_0NfufarVw04vDfWFm8z_Q,3M,0.1%,Canada,,909K,youtube,canada,False,2024,NA,NA,,
93,Gold Coast Music @UC0aXGG4J16PmxgZo10Nzk6A,3M,-,Canada,Music,906K,youtube,canada,False,2024,Music,MAPPED,,Music
94,Jessii Vee @UCghooJjCGtg2Kw2PSB9B0NA,3M,0.2%,Canada,,885K,youtube,canada,False,2024,NA,NA,,
95,Kings and Generals @UCMmaBzfCCwZ2KqaBJjkj0fw,3M,-,Canada,,885K,youtube,canada,False,2024,NA,NA,,
96,YouAlwaysWin @UCj4I9NfO3xIvl-Ym2Qzib1Q,2.9M,-,Canada,,882K,youtube,canada,False,2024,NA,NA,,
97,TheSmithPlays @UCr6n2gOy_WwuXFm-YjC28GQ,2.9M,-,Canada,,879K,youtube,canada,False,2024,NA,NA,,
98,Super Simple Español - Canciones Infantiles Y Más @UCyY3Wd5x85o8AKXjYSoxFAQ,2.9M,-,Canada,,867K,youtube,canada,False,2024,NA,NA,,
99,Orange Juice Gaming @UC3S6nIDGJ5OtpC-mbvFA8Ew,2.8M,0.2%,Canada,Video Gaming,843K,youtube,canada,False,2024,Tech&Gaming,MAPPED,,Video Gaming
100,ItsYeBoi @UCF2PQrk3QVky8eFexifcjDA,2.8M,0.1%,Canada,,840K,youtube,canada,False,2024,NA,NA,,
1,JuegaGerman @UCYiGq8XF7YQD00x7wAd62Zg,46.4M,0.4%,Chile,,13.9M,youtube,chile,False,2024,NA,NA,,
2,tomiii 11 @UCzFJ9ZkjYpxWTSqX9cVXj4g,10.3M,-,Chile,,3.1M,youtube,chile,False,2024,NA,NA,,
3,MEGA Oficial @UCEpId-jtRABuZyX6D2z6FZQ,8.7M,-,Chile,,2.6M,youtube,chile,False,2024,NA,NA,,
4,atiempopreescolar @UCRYASwREzEOEptJLi4AY6tw,7.2M,-,Chile,,2.2M,youtube,chile,False,2024,NA,NA,,
5,Mon Laferte @UCn51E6eKnnLklWOcdFT3w5A,5.3M,0.4%,Chile,,1.6M,youtube,chile,False,2024,NA,NA,,
6,NachitoJuegaJuegos @UCP0-uhdYAdRszpigCXYbh4Q,4.7M,-,Chile,,1.4M,youtube,chile,False,2024,NA,NA,,
7,Canal 13 @UCd4D3LfXC_9MY2zSv_3gMgw,4.5M,-,Chile,,1.3M,youtube,chile,False,2024,NA,NA,,
8,Marcelo Alcázar @UCS_zx-bfZCt2DQeX4ePACNw,4.5M,-,Chile,,1.3M,youtube,chile,False,2024,NA,NA,,
9,MalovaElena @UCb-ODDTys9PeeSyreyh___w,3.4M,-,Chile,,1M,youtube,chile,False,2024,NA,NA,,
10,Doble Cero @UCFrhNDuIwI46cxoiWmvuJBQ,2.8M,0.6%,Chile,,849K,youtube,chile,False,2024,NA,NA,,
11,Memounstro @UCrpCixC_P_ev_OkqO2RN41w,2.5M,-,Chile,,753K,youtube,chile,False,2024,NA,NA,,
12,Dylantero Sin Imaginación @UCK1W7jhV8g0JuAJbaZYyehA,2.4M,-,Chile,,726K,youtube,chile,False,2024,NA,NA,,
13,Kevin&Karla @UCVOzuq0ougZtYwN5fBLsvng,2.3M,0.1%,Chile,,690K,youtube,chile,False,2024,NA,NA,,
14,ZetaSSJ @UCryfIJvD8WbLNuaCTE3dblQ,2.2M,0.8%,Chile,,669K,youtube,chile,False,2024,NA,NA,,
15,Mr. Phillip @UCXtJs6rXKTQe5JhOslTeJTA,2.2M,-,Chile,,660K,youtube,chile,False,2024,NA,NA,,
16,MiPerroChocolo @UCsF2xJz1ciaZlxHGk-PSSvg,2.1M,1%,Chile,,621K,youtube,chile,False,2024,NA,NA,,
17,Paloma Mami @UC8g9gvSOKzrTDP9XPB8Mblg,2.1M,2.2%,Chile,,618K,youtube,chile,False,2024,NA,NA,,
18,Max Valenzuela @UCLu3yPeMg1s-JsiA8HqDdQQ,2M,6.1%,Chile,,600K,youtube,chile,False,2024,NA,NA,,
19,Prende Otro Phillie Tv @UCxq1CamycOj4QmBcQ2HG5_A,2M,5.5%,Chile,,594K,youtube,chile,False,2024,NA,NA,,
20,GODLEVEL FEST @UCSH8f4jzAt1Y3F_LeaXSuPg,1.9M,0.1%,Chile,,582K,youtube,chile,False,2024,NA,NA,,
21,DogmasFour @UCECoud3YaQ5s7xefBDWX8CQ,1.8M,-,Chile,,528K,youtube,chile,False,2024,NA,NA,,
22,Cuenta la Leyenda @UCVuUTBi6m_dwhwKjLde4hvw,1.7M,4.7%,Chile,,522K,youtube,chile,False,2024,NA,NA,,
23,31 minutos @31minutostv,1.7M,0.2%,Chile,,510K,youtube,chile,False,2024,NA,NA,,
24,Camila Cuevas @UCzFUs-fmDxTSIoaWYeFFyOA,1.7M,0.4%,Chile,,495K,youtube,chile,False,2024,NA,NA,,
25,SilvanaCocina @UC0-MbuB6WmwQ6HZSDBPaiPA,1.6M,0.2%,Chile,,492K,youtube,chile,False,2024,NA,NA,,
26,Doblao @UCxiUjc4Uiyllhs-rRDb6mXA,1.6M,-,Chile,,480K,youtube,chile,False,2024,NA,NA,,
27,Alvaro Barrientos Montero @UCUCzRxvntFYTQigcty8Bbbw,1.5M,0.2%,Chile,,453K,youtube,chile,False,2024,NA,NA,,
28,Nico Borie @nicoborie,1.5M,0.3%,Chile,Celebrity Music,444K,youtube,chile,False,2024,Music,MAPPED,,Celebrity Music
29,ZeeMods @UCi-__gVLxwf0D0BbJl8xxCw,1.4M,-,Chile,,426K,youtube,chile,False,2024,NA,NA,,
30,piyoasdf @UCio6puHxw24f5TrkV8sdMsA,1.4M,-,Chile,,414K,youtube,chile,False,2024,NA,NA,,
31,Meganoticias @UCkccyEbqhhM3uKOI6Shm-4Q,1.4M,-,Chile,,405K,youtube,chile,False,2024,NA,NA,,
32,TwistedGrim @UCJNpM63pyQtKW07zBJ9eRBA,1.3M,-,Chile,,393K,youtube,chile,False,2024,NA,NA,,
33,Bastián Cortés @UCZL37kHs_YgF6aDGBtf8ltQ,1.3M,-,Chile,,375K,youtube,chile,False,2024,NA,NA,,
34,Teleseries y series TVN @UCJwtKyJIfr31zI077EnQTXg,1.2M,-,Chile,,360K,youtube,chile,False,2024,NA,NA,,
35,El Ratón Curioso @UCRuL9HOJi3ZAi-5WrjWdvhg,1.2M,-,Chile,,351K,youtube,chile,False,2024,NA,NA,,
36,AradirOff @UCXx4Ofs2mm0gmFZtvRG9a0Q,1.1M,-,Chile,,342K,youtube,chile,False,2024,NA,NA,,
37,Lenay Music @UC3rr5aNvx8cVaQZuUsvs1Tg,1.1M,-,Chile,,339K,youtube,chile,False,2024,NA,NA,,
38,Vivete La Music @UCMBZ10vf6EOi27_8AkB79JQ,1.1M,12.5%,Chile,Music,330K,youtube,chile,False,2024,Music,MAPPED,,Music
39,N Deluxe @UC_wFWDmzM904IOJBpy0V_JQ,1.1M,-,Chile,,327K,youtube,chile,False,2024,NA,NA,,
40,Hetto @UC5bsyQW_9GfWa1d5Ed_gJNQ,1.1M,0.5%,Chile,,324K,youtube,chile,False,2024,NA,NA,,
41,Cris MJ @UCM8hyXFpzWW-rs3b-DQbF9w,1.1M,62.1%,Chile,,318K,youtube,chile,False,2024,NA,NA,,
42,Típico Shileno @UCd3rHfp37ZKZaHaeGXGxvcg,1M,1%,Chile,,303K,youtube,chile,False,2024,NA,NA,,
43,Recetas del Sur @UCFSm4js2tSoH7ZpOcl2yktQ,1M,1%,Chile,,300K,youtube,chile,False,2024,NA,NA,,
44,WardingYT @UCGy7XEIH9pmVvkqV9rYER7Q,979K,-,Chile,,293.7K,youtube,chile,False,2024,NA,NA,,
45,Pablo Chill-E @UC3_DCqWaHTpFcA8q9aStZsA,965K,5%,Chile,,289.5K,youtube,chile,False,2024,NA,NA,,
46,DEM Battles @UCvXmT2bjGcUvoAEuDYUcwJQ,962K,-,Chile,,288.6K,youtube,chile,False,2024,NA,NA,,
47,Lord Frek @UCHg1IwLD4ojuBejmEAnZsZg,953K,-,Chile,,285.9K,youtube,chile,False,2024,NA,NA,,
48,Joapictex @UCo-DPU2OK3SXFOqiayIb2_A,929K,0.2%,Chile,,278.7K,youtube,chile,False,2024,NA,NA,,
49,DrefQuila @UCCJ0kCaWlCtL6fSaPDr2-_A,928K,-,Chile,,278.4K,youtube,chile,False,2024,NA,NA,,
50,DylanteroLive @UCCDdz3cBU7ImOCIbcZTZBKw,925K,0.8%,Chile,,277.5K,youtube,chile,False,2024,NA,NA,,
51,P A I L I T A - @UCoF0GMwxc5Lg0s08LNgwiQg,903K,-,Chile,,270.9K,youtube,chile,False,2024,NA,NA,,
52,Fabio Torres - Newfag @UCfbl5r4PIlAVo9bPMKru7Mg,889K,1.5%,Chile,,266.7K,youtube,chile,False,2024,NA,NA,,
53,Claudio Lopez Utreras @UCJcXFFUw7wVPFJ8hwzJyIZQ,888K,0.1%,Chile,,266.4K,youtube,chile,False,2024,NA,NA,,
54,AK4:20 @UCMVmOr3V2PVwf7-LNQax8Cw,854K,11.5%,Chile,,256.2K,youtube,chile,False,2024,NA,NA,,
55,Karcocha Street Art @UCRCGdzlwbHs3a1ShgUwRr7Q,847K,0.5%,Chile,,254.1K,youtube,chile,False,2024,NA,NA,,
56,LaJunta @UC-xhuDuh7d41nccK2b9xx1A,845K,4.4%,Chile,,253.5K,youtube,chile,False,2024,NA,NA,,
57,David Montoya @UCiFIe01TK1RuHSRf4HL23ZA,837K,0.1%,Chile,,251.1K,youtube,chile,False,2024,NA,NA,,
58,Polimá Westcoast @UC3I-O6cct7Ipesr2-mON-DA,822K,-,Chile,,246.6K,youtube,chile,False,2024,NA,NA,,
59,HyakuRai Shōnen @UCZKkwx9GW5lYoXW-Q9RBI7g,813K,0.6%,Chile,,243.9K,youtube,chile,False,2024,NA,NA,,
60,Marcianeke @UC34DaENTpI4kuq7FZrfEOGA,787K,-,Chile,,236.1K,youtube,chile,False,2024,NA,NA,,
61,Fabito Fabitoh @UC-IXCgdkD22wdLAMkZKmHlg,775K,1.6%,Chile,,232.5K,youtube,chile,False,2024,NA,NA,,
62,serv1ce @UCFMOW7zjCVT7k3va5bHSYqg,768K,-,Chile,,230.4K,youtube,chile,False,2024,NA,NA,,
63,Mtb Enduro Chile @UCFDTPtTGOtRKiIp4mfxP6kg,757K,-,Chile,,227.1K,youtube,chile,False,2024,NA,NA,,
64,BAYRON FIRE @UCeu77soaR2Ecp5OzTWB6xyA,756K,-,Chile,,226.8K,youtube,chile,False,2024,NA,NA,,
65,Fredy Toys @UCFuRG_4YYKYgUkw-x4iCezA,735K,-,Chile,,220.5K,youtube,chile,False,2024,NA,NA,,
66,ElVallo @UC96jT_O9YJMLLb-4qRknLvw,719K,0.5%,Chile,,215.7K,youtube,chile,False,2024,NA,NA,,
67,Pilar Sordo Oficial @UCUA4lTfbAAyEIf0CpW4isCw,695K,-,Chile,,208.5K,youtube,chile,False,2024,NA,NA,,
68,DeniseRosenthal @UCq2U9tzQ1-GScTbR5SvqBCw,691K,-,Chile,,207.3K,youtube,chile,False,2024,NA,NA,,
69,CompotaHyperLOL @UCZOBgWVv1Scf_1s5g8gkjQQ,677K,1.1%,Chile,,203.1K,youtube,chile,False,2024,NA,NA,,
70,BDM TV @UCMRTpxjErlpBKs5oJPMHH7g,674K,-,Chile,,202.2K,youtube,chile,False,2024,NA,NA,,
71,Carpintero Del Desierto @UC23OMNvG6_5hiPBasJuElpw,674K,0.1%,Chile,,202.2K,youtube,chile,False,2024,NA,NA,,
72,Cristobal Gonzalez @UC7sBdpMqJ2p5Q-ufzDl0gWA,673K,-,Chile,,201.9K,youtube,chile,False,2024,NA,NA,,
73,HolaSoyMamiNena @UCK35JqsLd7Ehg7q2eVsCA8g,658K,0.4%,Chile,,197.4K,youtube,chile,False,2024,NA,NA,,
74,Planos de casas @UCADT3ydByHRahuBc_VpAIfg,655K,-,Chile,,196.5K,youtube,chile,False,2024,NA,NA,,
75,Sofia Vera @UCTA6Iax_20kansQuJKdF4xA,651K,0.4%,Chile,,195.3K,youtube,chile,False,2024,NA,NA,,
76,Йога chilelavida Елена Малова @UC5A8ElbxeHIJgLwf1k8wb5Q,616K,0.7%,Chile,,184.8K,youtube,chile,False,2024,NA,NA,,
77,Maite y Nico @UCSuSsMy7p_AC-jWjd1YI4EQ,610K,0.1%,Chile,,183K,youtube,chile,False,2024,NA,NA,,
78,Doc Files @UC86h5W5n1wTTrkY6Y2-rLOA,609K,-,Chile,,182.7K,youtube,chile,False,2024,NA,NA,,
79,Eladio Aguilera @UCOpSYS-2EGUIsAfYFEDYOIw,597K,-,Chile,,179.1K,youtube,chile,False,2024,NA,NA,,
80,JuanPedroTV @UCcAbKY5tMntgTULwB9e-XbQ,591K,-,Chile,,177.3K,youtube,chile,False,2024,NA,NA,,
81,Barquito de Vapor @UCcKIUmiTNGeNgyDOxF76idg,589K,0.1%,Chile,,176.7K,youtube,chile,False,2024,NA,NA,,
82,Alrato @UC_iPFGOTJP6ohFMNJrq3pkw,584K,1.4%,Chile,,175.2K,youtube,chile,False,2024,NA,NA,,
83,LoremaryluGT @UCCghLN5D_ztxvny_U8pgI3g,580K,0.2%,Chile,,174K,youtube,chile,False,2024,NA,NA,,
84,CristianGhost @UC53vjnMSk170eMEWhqlc9Rg,576K,9.6%,Chile,,172.8K,youtube,chile,False,2024,NA,NA,,
85,Movimiento Original @UC-N0vU7PhYS2_nhFlPlP87w,572K,-,Chile,,171.6K,youtube,chile,False,2024,NA,NA,,
86,Myriam Hernández @UCgXqsZPKtOGrWuXtQQhdDuQ,529K,0.9%,Chile,,158.7K,youtube,chile,False,2024,NA,NA,,
87,Santaferia @UC6_C1-Ey9EqOIXG7zDs_LHg,527K,-,Chile,,158.1K,youtube,chile,False,2024,NA,NA,,
88,Harry Nach @UC1j_reapROqNWnCYYPrGsdA,522K,4.8%,Chile,,156.6K,youtube,chile,False,2024,NA,NA,,
89,Canal del crimen @UCABYAalGGqaR-el7v3ctYeQ,516K,-,Chile,,154.8K,youtube,chile,False,2024,NA,NA,,
90,Deepvoid @UC2LK2H7exqSJd9yvi4o_Khw,514K,5.3%,Chile,,154.2K,youtube,chile,False,2024,NA,NA,,
91,Donmaui @UCsfcfZEZULQ9rQINhhNpAPw,509K,0.4%,Chile,,152.7K,youtube,chile,False,2024,NA,NA,,
92,Miguel PortaxD @UCq7Sqi73BHyhftP4xcqvhwQ,504K,-,Chile,,151.2K,youtube,chile,False,2024,NA,NA,,
93,Cindy518c_offical @UCOdr6UXB0K6wvrECDJhSWcQ,503K,-,Chile,,150.9K,youtube,chile,False,2024,NA,NA,,
94,Historias de Texto @UCqBidDuxFp4GKvU1FFJHYhA,499K,-,Chile,,149.7K,youtube,chile,False,2024,NA,NA,,
95,Rodi Garrido @UCtn-h_9tYV9xX5hIP5dTdSA,497K,0.1%,Chile,,149.1K,youtube,chile,False,2024,NA,NA,,
96,CNTV Infantil @UCau4-kG-esaX6dc3X1g44vg,497K,-,Chile,,149.1K,youtube,chile,False,2024,NA,NA,,
97,Alfred.Okay @UC8B5R4abqHnfDd6lGJO2clw,487K,2.4%,Chile,,146.1K,youtube,chile,False,2024,NA,NA,,
98,DimeNacho @UCoEgjJQWf_6_jPIsPNGSkLA,487K,1.2%,Chile,,146.1K,youtube,chile,False,2024,NA,NA,,
99,Thechilean2.0 lml. @UCDu9fy_EGp8S8gay1uPTD3Q,483K,0.7%,Chile,,144.9K,youtube,chile,False,2024,NA,NA,,
100,Pollo Castillo @UCc9LGtXkDLNP7Yqut2Ufsdg,478K,-,Chile,,143.4K,youtube,chile,False,2024,NA,NA,,
1,J Balvin @UCt-k6JwNWHMXDBGm9IYHdsg,33.6M,-,Colombia,,10.1M,youtube,colombia,False,2024,NA,NA,,
2,KAROL G @UCZuPJZ2kGFdlbQu1qotZaHw,27.3M,0.1%,Colombia,,8.2M,youtube,colombia,False,2024,NA,NA,,
3,toycantando @UC2xjgvWb9cx5F637XjsUNxw,25.4M,-,Colombia,,7.6M,youtube,colombia,False,2024,NA,NA,,
4,Anuel AA @UCRI7hheejBbWS6etTNwMT0g,22.2M,1.3%,Colombia,,6.7M,youtube,colombia,False,2024,NA,NA,,
5,Camilo @UCw0aKHSGFGyrnMeVnHeYMyw,15.3M,-,Colombia,,4.6M,youtube,colombia,False,2024,NA,NA,,
6,Lulu99 @UCCyCcRlr_NRDP-JFAhBxq1g,12.1M,-,Colombia,,3.6M,youtube,colombia,False,2024,NA,NA,,
7,MrStiven Tc @UCwq-AEFGSdkSTeqcnBsgSlQ,9.8M,-,Colombia,,2.9M,youtube,colombia,False,2024,NA,NA,,
8,Pautips @UCiLARavvxPYccbXCPNbwGGQ,9M,-,Colombia,,2.7M,youtube,colombia,False,2024,NA,NA,,
9,Sofia Castro @UCBdBf2Eh24nM5PJyM2sdFPg,9M,0.5%,Colombia,,2.7M,youtube,colombia,False,2024,NA,NA,,
10,MTZ Manuel Turizo @UC5Jn-9jqrVvKm9Hx0WW8Pgw,8.7M,-,Colombia,,2.6M,youtube,colombia,False,2024,NA,NA,,
11,Amara Que Linda @UChq_qmwRxTMgmggitRTiIEA,8.5M,-,Colombia,,2.6M,youtube,colombia,False,2024,NA,NA,,
12,Kika Nieto @UC67qfftymkxZk_3aWOklaaA,7.9M,0.2%,Colombia,,2.4M,youtube,colombia,False,2024,NA,NA,,
13,Calle y Poché @UC-BZEmUUUIXmD1CgkWACVyQ,7.5M,1%,Colombia,,2.3M,youtube,colombia,False,2024,NA,NA,,
14,Piso 21 @UCEFNzT2RoVqGkV4e3Osyx4A,7.5M,-,Colombia,,2.2M,youtube,colombia,False,2024,NA,NA,,
15,8D TUNES @UCrRpYEytIHGyDgNWO6VbHlQ,7.2M,-,Colombia,,2.2M,youtube,colombia,False,2024,NA,NA,,
16,FlexVega @UCzzJ6gx-RPibuPbTCyHy51w,7M,1.5%,Colombia,,2.1M,youtube,colombia,False,2024,NA,NA,,
17,Paulettee @UCV_64Emay6e8d-pHYGQaWbA,6.9M,0.1%,Colombia,,2.1M,youtube,colombia,False,2024,NA,NA,,
18,Caracol Televisión @UCcpE1fmG2qBZatj28bak2ng,6.9M,-,Colombia,,2.1M,youtube,colombia,False,2024,NA,NA,,
19,Canal RCN @UCSCAJJ1RJ4rfRTVW4gjYTpQ,6.8M,-,Colombia,,2M,youtube,colombia,False,2024,NA,NA,,
20,Cuentos y Canciones Infantiles @UCfG8Gc1JjarMcPFNLjIuBKw,6.6M,-,Colombia,,2M,youtube,colombia,False,2024,NA,NA,,
21,Fausto Murillo @UCbVNBFaRkgL-6kg92q1fsYw,6.2M,-,Colombia,,1.9M,youtube,colombia,False,2024,NA,NA,,
22,Go Ami Go! @UCp4Fk7Xy_wYq8sFKcKNrQCA,6.2M,0.2%,Colombia,,1.9M,youtube,colombia,False,2024,NA,NA,,
23,The Voice Kids Colombia @UCpS_1IwmQd_f2AmTSBIqnyw,6M,-,Colombia,,1.8M,youtube,colombia,False,2024,NA,NA,,
24,Carlos Vives @UCcoTDF00osWsjkiO3eC9viw,5.7M,-,Colombia,,1.7M,youtube,colombia,False,2024,NA,NA,,
25,100%JC @UCKNaHR0S6SES9qgsD3AhR-A,5.6M,-,Colombia,,1.7M,youtube,colombia,False,2024,NA,NA,,
26,SORPRENDENTE @UCqo103ltx_rUXCqJhpoF1Qw,5.4M,0.1%,Colombia,,1.6M,youtube,colombia,False,2024,NA,NA,,
27,Mundo Canticuentos @UCfasN8yPGTweEGtC_WK7O2Q,5.3M,-,Colombia,,1.6M,youtube,colombia,False,2024,NA,NA,,
28,Noticias Caracol @UC2Xq2PK-got3Rtz9ZJ32hLQ,5.2M,-,Colombia,,1.6M,youtube,colombia,False,2024,NA,NA,,
29,JeanCarlo León @UC9l8dGTa6UMJfhHFj7ZugLQ,5.1M,-,Colombia,,1.5M,youtube,colombia,False,2024,NA,NA,,
30,PANDA @UCidiEXdWtuFT6DH3RYiUs3w,4.9M,-,Colombia,,1.5M,youtube,colombia,False,2024,NA,NA,,
31,julioprofe @UCIkCzk3ezlAxX5r2OFlHLaQ,4.8M,-,Colombia,,1.4M,youtube,colombia,False,2024,NA,NA,,
32,Javier Ramirez @UCJufShm_lek_NjinsoRwvnQ,4.8M,-,Colombia,,1.4M,youtube,colombia,False,2024,NA,NA,,
33,Libardo Isaza @UC0qE-Iq_PEYCYyKJAnBEeHg,4.2M,1.5%,Colombia,,1.3M,youtube,colombia,False,2024,NA,NA,,
34,Yokoi Kenji Diaz @UCGeCSS6g1D7rv2LppDXcAdg,4M,-,Colombia,,1.2M,youtube,colombia,False,2024,NA,NA,,
35,Nanpa Basico Oficial @UC4Boh-JJrLC60ZiNTaSwAxA,3.7M,-,Colombia,,1.1M,youtube,colombia,False,2024,NA,NA,,
36,Mario Ruiz @UCshS74b7n8wVEREIqrMmlEg,3.6M,0.1%,Colombia,,1.1M,youtube,colombia,False,2024,NA,NA,,
37,Sophie Giraldo @UCHuXsb-S_iar6HipS_pzEeQ,3.4M,-,Colombia,,1M,youtube,colombia,False,2024,NA,NA,,
38,KapitalMusicTv @UCu-qQNeaTJpbWB-NayPsABg,3.3M,0.1%,Colombia,,1M,youtube,colombia,False,2024,NA,NA,,
39,Frank Jr. Navarro @UCP0lDkVPjT3fAxvKNO5oLNg,3.1M,3.1%,Colombia,,933K,youtube,colombia,False,2024,NA,NA,,
40,Tops Y Misterios @UC3jLoYJEB5oDreCRhkMkPAA,3M,-,Colombia,,903K,youtube,colombia,False,2024,NA,NA,,
41,ELpeluca XD @UCcxItMkOHx0c6pgTaRX8Q8g,3M,0.3%,Colombia,,888K,youtube,colombia,False,2024,NA,NA,,
42,BrosNacion @UC_jirlXCNqUBaARzja50y8Q,2.8M,0.9%,Colombia,,846K,youtube,colombia,False,2024,NA,NA,,
43,Flow Urban @flowurbanmusic,2.8M,-,Colombia,Music,843K,youtube,colombia,False,2024,Music,MAPPED,,Music
44,Juanes @UC5sQe-dDsoobC6TRokL7SMQ,2.8M,-,Colombia,,834K,youtube,colombia,False,2024,NA,NA,,
45,Consejero Espiritual @UCqIZCncVSY9U77WB3T1vfyA,2.7M,-,Colombia,,819K,youtube,colombia,False,2024,NA,NA,,
46,Jonatan Clay @UCR-ZXezvsDLUb-vLv95AQQg,2.7M,-,Colombia,,795K,youtube,colombia,False,2024,NA,NA,,
47,MdeMatu @UCootdudxV2EbMHOlvtKeDAg,2.6M,-,Colombia,,786K,youtube,colombia,False,2024,NA,NA,,
48,Yo creo en Dios @UCVlSHowGJjtQ-38HmV5RuZQ,2.6M,-,Colombia,,765K,youtube,colombia,False,2024,NA,NA,,
49,Bianki Place @biankiplace,2.5M,-,Colombia,,762K,youtube,colombia,False,2024,NA,NA,,
50,JORPA _17 @UCYGD-6F9QQduxtTrxHf7esQ,2.5M,-,Colombia,,744K,youtube,colombia,False,2024,NA,NA,,
51,Farina @UCMSu01Lf2JW5mx6xFxg_IOA,2.5M,-,Colombia,,744K,youtube,colombia,False,2024,NA,NA,,
52,Universal Camera @UCkY37g7U_rv1Z9cJ9vBBbpg,2.4M,-,Colombia,,732K,youtube,colombia,False,2024,NA,NA,,
53,Yei Palmezano TV @UCNvCQAxMnleyftTuamTvIcw,2.4M,0.1%,Colombia,Celebrity News Pets Sports,717K,youtube,colombia,False,2024,Sports,MAPPED,,Celebrity News Pets Sports
54,LOS MONTAÑEROS @UCDVLWX3UZcwPeSjL9EPIuCw,2.4M,0.2%,Colombia,,714K,youtube,colombia,False,2024,NA,NA,,
55,In the Hands of the Master @UCLX4YJ6mCkC1RfDrTACgDow,2.4M,-,Colombia,,708K,youtube,colombia,False,2024,NA,NA,,
56,Telepurte @UCkDtCKtPKlsg-gJO_m5D0mQ,2.3M,8.2%,Colombia,,702K,youtube,colombia,False,2024,NA,NA,,
57,Paisa @UCU6d_JGCzyMRfxK9HB9n6xg,2.3M,-,Colombia,,696K,youtube,colombia,False,2024,NA,NA,,
58,Santimaye @UCZ8143gmMg2TV_FMAGSGfGQ,2.3M,0.3%,Colombia,,696K,youtube,colombia,False,2024,NA,NA,,
59,El Lugar de Su Presencia @UCgdpiakw3lGkW27tSwptAow,2.3M,-,Colombia,,690K,youtube,colombia,False,2024,NA,NA,,
60,Alexy @alexyyt,2.3M,0.4%,Colombia,,684K,youtube,colombia,False,2024,NA,NA,,
61,Nicolas Arrieta @UC6JmylROoAz_plJVhAV1w4g,2.3M,0.3%,Colombia,,675K,youtube,colombia,False,2024,NA,NA,,
62,Francisco Ochoa Inglés Fácil | Pacho8a Inglés @UCTplas1aEhuhBLFYpxr299g,2.2M,-,Colombia,,669K,youtube,colombia,False,2024,NA,NA,,
63,✨ BOTONET ✨ @UCdP03tbrVRJmPwiCZgXVeAw,2.2M,0.4%,Colombia,,666K,youtube,colombia,False,2024,NA,NA,,
64,Laura Mejia @UCQfVsY9DKzUSQGwJgTMM2og,2.2M,0.1%,Colombia,,657K,youtube,colombia,False,2024,NA,NA,,
65,Dshanto @UCKPzZkDPGHWSwUm95hmodDQ,2.1M,-,Colombia,,639K,youtube,colombia,False,2024,NA,NA,,
66,BrithOficial @UClVydcoA75jrvi4BqVRhnFw,2.1M,-,Colombia,,627K,youtube,colombia,False,2024,NA,NA,,
67,Jonfer y Valentina ceron @UCd65uDJtsvM-ooowCjNljmw,2.1M,-,Colombia,,627K,youtube,colombia,False,2024,NA,NA,,
68,Isaac Diaz @UC6sPpXd9Vw24v8T_HNUtlug,2.1M,-,Colombia,,627K,youtube,colombia,False,2024,NA,NA,,
69,You Ocio @UCubJT8UQhC2ePrM5voleykg,2.1M,-,Colombia,,627K,youtube,colombia,False,2024,NA,NA,,
70,Revista Semana @UC4oQAvXFuNlKivYjUynQKTA,2.1M,-,Colombia,,624K,youtube,colombia,False,2024,NA,NA,,
71,Maqui015 ♥ @UCoyVkFW7eStCozHQYYD173w,2.1M,-,Colombia,,621K,youtube,colombia,False,2024,NA,NA,,
72,Mateo22 HD @UC0Qq02Ork4a7fCi0E5R3MYw,2M,0.9%,Colombia,,615K,youtube,colombia,False,2024,NA,NA,,
73,Kale Anders @UCnAVhqqs5WWwWoWNmVb0Mjw,2M,0.1%,Colombia,,615K,youtube,colombia,False,2024,NA,NA,,
74,EDWIN DIAZTO @UCn9deHQ_cn2bZ3QGHHxHVnw,2M,-,Colombia,,606K,youtube,colombia,False,2024,NA,NA,,
75,LosZens - Free Fire & Más @UCI2TwjYc-Nmz-SuAq88jfEg,2M,0.2%,Colombia,,600K,youtube,colombia,False,2024,NA,NA,,
76,Kevin Voltro @UCdL1OBbh-XtlItEEPHZtOlw,2M,0.4%,Colombia,,600K,youtube,colombia,False,2024,NA,NA,,
77,Amazing Changes @UCOwZvwuHmDUjavwr5hIsT_w,2M,-,Colombia,,594K,youtube,colombia,False,2024,NA,NA,,
78,Mike Bahia @UC-znDds1f3RWJM3S2VKcI-w,1.9M,0.2%,Colombia,,579K,youtube,colombia,False,2024,NA,NA,,
79,Jhonny Rivera @UCgHLtBLEJvYqFAvrhublASA,1.9M,5.9%,Colombia,,561K,youtube,colombia,False,2024,NA,NA,,
80,Diomedes Díaz Oficial @UCV4Qve3017lpWCR27qfxH5A,1.9M,-,Colombia,,558K,youtube,colombia,False,2024,NA,NA,,
81,EL TIEMPO @UCe5-b0fCK3eQCpwS6MT0aNw,1.9M,-,Colombia,,555K,youtube,colombia,False,2024,NA,NA,,
82,Mol ASMR. @UC3zdAaknTPGOAKPfymWJn_w,1.8M,0.4%,Colombia,,552K,youtube,colombia,False,2024,NA,NA,,
83,Andrés Cepeda @UCHkLu9m9qA7uu5jwMefB2dA,1.8M,0.4%,Colombia,,549K,youtube,colombia,False,2024,NA,NA,,
84,Juanpis Gonzalez. @UC49w7S0pbX6HMJeiWibcvsg,1.8M,0.1%,Colombia,,546K,youtube,colombia,False,2024,NA,NA,,
85,Sábados Felices @UCUYdFqpVRNjYKGIAURLLNUQ,1.8M,-,Colombia,,525K,youtube,colombia,False,2024,NA,NA,,
86,Ventino Oficial @UC7FoASLGmVN9ViXVu7mfNZA,1.7M,0.8%,Colombia,,522K,youtube,colombia,False,2024,NA,NA,,
87,007hernyvideos @UCDeu3uzYVTpYXzESBD7bMaQ,1.7M,-,Colombia,,516K,youtube,colombia,False,2024,NA,NA,,
88,FUNDACIÓN CASA DE ORACIÓN DE MARÍA INMACULADA @UC6JiIdLMrE69rafxgdcVGCw,1.7M,-,Colombia,,513K,youtube,colombia,False,2024,NA,NA,,
89,Tele VID @UCLlfTtqGf-gn0954s5adU0A,1.7M,-,Colombia,,507K,youtube,colombia,False,2024,NA,NA,,
90,Roka Stereo @UCQlDMV8xj17H_7WHDg4evng,1.7M,-,Colombia,,507K,youtube,colombia,False,2024,NA,NA,,
91,ALKILADOS @UCGKy6iXQorX_hbJ-9Oxb2OQ,1.7M,0.3%,Colombia,,507K,youtube,colombia,False,2024,NA,NA,,
92,BLESSD EL BENDITO 💙 @UCb164jMdHd94O34bASFbI3Q,1.7M,10.3%,Colombia,,504K,youtube,colombia,False,2024,NA,NA,,
93,KIKA en VLOGS ✨ @UCBAVtPfnqSKDnH3KYQu8CRw,1.7M,0.4%,Colombia,,501K,youtube,colombia,False,2024,NA,NA,,
94,Juanse Laverde @UCSVFbspHhe6L8DMtO5TrIGA,1.6M,-,Colombia,,489K,youtube,colombia,False,2024,NA,NA,,
95,Dr. Carlos Jaramillo @UCykTiaMobl2EWW28zmjcznQ,1.6M,-,Colombia,,489K,youtube,colombia,False,2024,NA,NA,,
96,laura sanchez @UCfbYeuNS77u8fXiQwZP9xjQ,1.6M,-,Colombia,,483K,youtube,colombia,False,2024,NA,NA,,
97,sofi muñoz @UCHnL5HNtD7V_n0PEEQOIl-g,1.6M,3.4%,Colombia,,483K,youtube,colombia,False,2024,NA,NA,,
98,Nancy Loaiza @UCYDdz6kwB7k8suuBZ9g-rnw,1.6M,-,Colombia,,480K,youtube,colombia,False,2024,NA,NA,,
99,Para Mujeres @UCCSZe5KpT6mf_eEy8ZcpYcg,1.6M,-,Colombia,,477K,youtube,colombia,False,2024,NA,NA,,
100,Art & Crafts @UC-PSKRWhdKau5d_inIl7sGA,1.6M,-,Colombia,,474K,youtube,colombia,False,2024,NA,NA,,
1,Germán Rodezel @UCj8-o-AOsl6elcsjVDAc1JA,2.1M,2.1%,Costa Rica,,618K,youtube,costa-rica,False,2024,NA,NA,,
2,Al AHLY TV @UCmeqakSoEdmxEtTnCFSbunw,1.9M,-,Costa Rica,,561K,youtube,costa-rica,False,2024,NA,NA,,
3,La Habitación Oscura @UCJLxCZnSr19-2qr8arbppWA,1.8M,0.4%,Costa Rica,,537K,youtube,costa-rica,False,2024,NA,NA,,
4,La cultura para todos @UCtttZpjrsMvm9YHjR3rB5fQ,1.2M,-,Costa Rica,,366K,youtube,costa-rica,False,2024,NA,NA,,
5,Superlibro @UCu9-HLbjEbczQDBXzEqaSVQ,1.1M,-,Costa Rica,,321K,youtube,costa-rica,False,2024,NA,NA,,
6,Fabii Puffle @UC2TCmZmRi2twi9Ycn34tfkQ,953K,0.1%,Costa Rica,,285.9K,youtube,costa-rica,False,2024,NA,NA,,
7,Jose Gonzalez @UCb_V4bF50eX6pekMsziQI7w,836K,0.2%,Costa Rica,,250.8K,youtube,costa-rica,False,2024,NA,NA,,
8,Cocina con Jenny @UCOgb8SNPgGjK0CyHz6N3fSQ,695K,-,Costa Rica,,208.5K,youtube,costa-rica,False,2024,NA,NA,,
9,Pao CH @UC327Ph1qmZl5Ny0LKP6mmHw,578K,-,Costa Rica,,173.4K,youtube,costa-rica,False,2024,NA,NA,,
10,Sarah Steller Beauty @UCaw-2FYtedq50jXWMLKHidA,498K,-,Costa Rica,,149.4K,youtube,costa-rica,False,2024,NA,NA,,
11,Kaleta Senpai @UCmNU9dmhrP9evWqyjuweRWA,484K,1.2%,Costa Rica,,145.2K,youtube,costa-rica,False,2024,NA,NA,,
12,Fabricio Alvarado @UCDuXt79QnnLjCUzXwd-5CXQ,457K,-,Costa Rica,,137.1K,youtube,costa-rica,False,2024,NA,NA,,
13,Betesda La alternativa natural @UC0fcnCzeRithSR-JeRAs7bA,447K,-,Costa Rica,,134.1K,youtube,costa-rica,False,2024,NA,NA,,
14,Teletica Costa Rica @UCOC6n5gbktagxIUrQrp42yw,421K,-,Costa Rica,,126.3K,youtube,costa-rica,False,2024,NA,NA,,
15,CocoChickyy @UCh9kz9gfvKC9bk5E6VgZ4uw,402K,0.4%,Costa Rica,,120.6K,youtube,costa-rica,False,2024,NA,NA,,
16,𝐒𝐡𝐢𝐧𝐧𝐨𝐛𝐮 @UCMKrq2mFp-qfXAuPwtMyT4A,401K,0.3%,Costa Rica,,120.3K,youtube,costa-rica,False,2024,NA,NA,,
17,PLACE @UCo3BbgAZgkT7T7rEag6KRdw,380K,-,Costa Rica,,114K,youtube,costa-rica,False,2024,NA,NA,,
18,l o s t @UCkGO30BMaWyxncIspVE6rEQ,359K,1.4%,Costa Rica,,107.7K,youtube,costa-rica,False,2024,NA,NA,,
19,Noticias Repretel @UCr6TeVofbyCvtCdxV_niQKQ,358K,-,Costa Rica,,107.4K,youtube,costa-rica,False,2024,NA,NA,,
20,Olivia Kissper @UCtc8gcFs2KXRzpV5iwJA8-w,321K,-,Costa Rica,Art Music,96.3K,youtube,costa-rica,False,2024,Music,MAPPED,,Art Music
21,jrcodjmix @UCpPeFul_f-9LlZwiknz9RHg,304K,-,Costa Rica,,91.2K,youtube,costa-rica,False,2024,NA,NA,,
22,Leonardo Morales ELECTRO REPARACIONES LMC @UCUimmvfAqo4dwCvXfd5Tv_g,295K,0.1%,Costa Rica,,88.5K,youtube,costa-rica,False,2024,NA,NA,,
23,Araya Vlogs @UCnZWFiZOtbKPWkRVSqhnJ8A,278K,1.9%,Costa Rica,,83.4K,youtube,costa-rica,False,2024,NA,NA,,
24,KALETA @UCRMqEJlE1YTyTn8D6eFJs_Q,271K,0.3%,Costa Rica,,81.3K,youtube,costa-rica,False,2024,NA,NA,,
25,TH Videos @UC8dhmdTkTYsFJA76rLzkW_w,260K,-,Costa Rica,,78K,youtube,costa-rica,False,2024,NA,NA,,
26,Veggie ASMR @UCsyTa7gUV3851U_TypwXiDQ,251K,2.2%,Costa Rica,,75.3K,youtube,costa-rica,False,2024,NA,NA,,
27,gizmog @UCvFLa4R3serolvK7AI_F2PQ,249K,0.1%,Costa Rica,,74.7K,youtube,costa-rica,False,2024,NA,NA,,
28,Vision de Impacto @UCbVxlF7Iw9f2tHxywhHKRNw,242K,-,Costa Rica,,72.6K,youtube,costa-rica,False,2024,NA,NA,,
29,El Plexpero @UCW7nCUJ_sL7_BkkKTPxtohw,241K,-,Costa Rica,,72.3K,youtube,costa-rica,False,2024,NA,NA,,
30,JimmyTutoriales @UCYcD1L2-7-rtpwMwLbSS4RQ,239K,-,Costa Rica,,71.7K,youtube,costa-rica,False,2024,NA,NA,,
31,MERIDIANO84 @UCGy75lud0JZ-Y3u24ArrsWQ,230K,0.3%,Costa Rica,,69K,youtube,costa-rica,False,2024,NA,NA,,
32,Patchwork and Quilting Clases Mininos de Sanchez @UCBQZqkX3AZ35QlXBL-fX1Ig,229K,-,Costa Rica,Art Medical Health,68.7K,youtube,costa-rica,False,2024,Knowledge&Info,MAPPED,,Art Medical Health
33,lavencas @UCVi6f0e0XfDLqnwhkXQEIhw,208K,-,Costa Rica,,62.4K,youtube,costa-rica,False,2024,NA,NA,,
34,Joy Of Gaming @UCCIR3AdAbybtkNgINS9UyNA,192K,0.2%,Costa Rica,,57.6K,youtube,costa-rica,False,2024,NA,NA,,
35,Yo Soy Pollo @UCIzWZNqR7-KvXWEQTZcGi2Q,184K,-,Costa Rica,,55.2K,youtube,costa-rica,False,2024,NA,NA,,
36,Latin Christian News @UCDcbgT6x4yLYfdGNfjv-j3g,177K,-,Costa Rica,,53.1K,youtube,costa-rica,False,2024,NA,NA,,
37,Nicaragua Investiga @UCOdrgFoGUWZnzf5X1LEINSg,168K,-,Costa Rica,,50.4K,youtube,costa-rica,False,2024,NA,NA,,
38,Makiura YT @UCCHBoslnQ4W1TS9KMeTk8cA,165K,-,Costa Rica,,49.5K,youtube,costa-rica,False,2024,NA,NA,,
39,Grupo935 @UC166mooc0TLNFlIad_8Q9pw,161K,-,Costa Rica,,48.3K,youtube,costa-rica,False,2024,NA,NA,,
40,Momuscraft @UCmas0tuuuHnWz8IDC3bM2xQ,150K,-,Costa Rica,,45K,youtube,costa-rica,False,2024,NA,NA,,
41,Fabiana Alvarado @UC-NklU-D5gFqdTj4o9UQa_Q,147K,0.1%,Costa Rica,,44.1K,youtube,costa-rica,False,2024,NA,NA,,
42,Blonde Balayage Hair TV @UCBRMLQmvxd8oebRft6-RS7A,145K,0.1%,Costa Rica,,43.5K,youtube,costa-rica,False,2024,NA,NA,,
43,Gaby Unaplay @UCKurldz6_RXiSj5AB_nl1sA,141K,-,Costa Rica,,42.3K,youtube,costa-rica,False,2024,NA,NA,,
44,Mr LAG @UCSmx-JMcELcd2t2m07WHNsQ,140K,-,Costa Rica,,42K,youtube,costa-rica,False,2024,NA,NA,,
45,Kreativa-T @UCYbspwY_62yQ8OM0t2CrN_w,139K,-,Costa Rica,,41.7K,youtube,costa-rica,False,2024,NA,NA,,
46,8Bit CR @UC711clzNtwXwzMJNEt7ypJg,136K,-,Costa Rica,,40.8K,youtube,costa-rica,False,2024,NA,NA,,
47,L00FUL YT @UCzi8sQ5LWeznutTVjAuSFMw,130K,-,Costa Rica,,39K,youtube,costa-rica,False,2024,NA,NA,,
48,Oráculo Tarot @UCwXmkk3cPuKFoK2xINJtP-g,130K,-,Costa Rica,,39K,youtube,costa-rica,False,2024,NA,NA,,
49,Teacher Clau @UC3DikydeVEpmBwzQyiYcxeA,127K,-,Costa Rica,,38.1K,youtube,costa-rica,False,2024,NA,NA,,
50,Official Gimario @UC85G6cPnGE14FyaDfUaj6AQ,121K,12.8%,Costa Rica,,36.3K,youtube,costa-rica,False,2024,NA,NA,,
51,Steph Min @UCiEOMyhe_L1w2pnsV1q9iBQ,119K,-,Costa Rica,,35.7K,youtube,costa-rica,False,2024,NA,NA,,
52,Classic Catholic Audiobooks @UCfXTzdNin8U8aEQVMIXiRog,118K,-,Costa Rica,,35.4K,youtube,costa-rica,False,2024,NA,NA,,
53,Panda @UCjyLV6ZAI2Bq_OnnUJctrcA,116K,-,Costa Rica,,34.8K,youtube,costa-rica,False,2024,NA,NA,,
54,Decima Badilla @UCf5VNQsVyeSAkXImPErw93w,114K,-,Costa Rica,,34.2K,youtube,costa-rica,False,2024,NA,NA,,
55,Julio Alfaro @UCXgIX8vHurlpEAPlG6lJvDw,114K,-,Costa Rica,,34.2K,youtube,costa-rica,False,2024,NA,NA,,
56,Manualidades del 2000 TV @UCpE67b56i6ngWD_eBivkJvQ,113K,-,Costa Rica,,33.9K,youtube,costa-rica,False,2024,NA,NA,,
57,Ladyblogger CR @UCKsKRK9cIpTFMRIvPocGjdA,109K,-,Costa Rica,,32.7K,youtube,costa-rica,False,2024,NA,NA,,
58,Showdehuevos @UCSGJ-Ra-WnlHyueUrHiQetQ,109K,-,Costa Rica,,32.7K,youtube,costa-rica,False,2024,NA,NA,,
59,La Cruz de la suerte Int Señor Cruz @UC7CTfF8lCaj_-h7kj4XHnAA,109K,0.5%,Costa Rica,,32.7K,youtube,costa-rica,False,2024,NA,NA,,
60,KWS @UCsvZCX7zMxEP0h1HzBPZAuw,103K,-,Costa Rica,,30.9K,youtube,costa-rica,False,2024,NA,NA,,
61,Hospital Clínica Bíblica @UC1MHtKJXaHMlVeB7PvsDB3g,102K,-,Costa Rica,,30.6K,youtube,costa-rica,False,2024,NA,NA,,
62,Sin Secretos con Doris @UChaHjbazcroLPXJusq8Ncvg,97.3K,-,Costa Rica,,29.2K,youtube,costa-rica,False,2024,NA,NA,,
63,Jeey Productions @UCfHI8zR4OiRFcmTl4bWft_Q,96.1K,-,Costa Rica,,28.8K,youtube,costa-rica,False,2024,NA,NA,,
64,Zybron @UCeR5qR3lrVnY6n5scPZaVXw,94.7K,-,Costa Rica,,28.4K,youtube,costa-rica,False,2024,NA,NA,,
65,Veget4 Evolve @UCu9iERzEJE6cY73XvNn96cg,93.1K,1.4%,Costa Rica,,27.9K,youtube,costa-rica,False,2024,NA,NA,,
66,Repara electrodomésticos con FARR @UCYAAX1q0h1ZTmnmFBM02WeQ,91.5K,-,Costa Rica,,27.5K,youtube,costa-rica,False,2024,NA,NA,,
67,dodgie @UCyioMDtNlXUjNwQSNnY-rAA,91.4K,2.8%,Costa Rica,,27.4K,youtube,costa-rica,False,2024,NA,NA,,
68,René Montiel @UCjl_Pn8ymTZm_KIZMDjeZkA,87.3K,-,Costa Rica,,26.2K,youtube,costa-rica,False,2024,NA,NA,,
69,Josue z5 TF @UCX9oUz-1DWJ0gWlz8bEWZJg,87K,0.7%,Costa Rica,,26.1K,youtube,costa-rica,False,2024,NA,NA,,
70,Varas Ticas @UCISk7VhbNBiFYgt56k0wpDg,85.3K,0.3%,Costa Rica,,25.6K,youtube,costa-rica,False,2024,NA,NA,,
71,Broc Productions @UCaBnTKHJuBoekETKFP5QBzw,84.9K,-,Costa Rica,,25.5K,youtube,costa-rica,False,2024,NA,NA,,
72,Creaciones KevAriAx By Darling @UCMQUBpL-S0QCVaLuL-UO8dA,82.4K,-,Costa Rica,,24.7K,youtube,costa-rica,False,2024,NA,NA,,
73,RicoRizzy @UCJ1PIEcECazPKanpDrRJ3GA,81.4K,-,Costa Rica,,24.4K,youtube,costa-rica,False,2024,NA,NA,,
74,Sat Yoga Institute @UC9K9r4Wh9OO18BZP4KP9vGQ,80.6K,1%,Costa Rica,,24.2K,youtube,costa-rica,False,2024,NA,NA,,
75,El show del pollito @UCfSx1h_nOHhmr96gilIvI3Q,77.2K,-,Costa Rica,,23.2K,youtube,costa-rica,False,2024,NA,NA,,
76,Aleku @UCwRN8kevJIjApevlRJBOVZw,76.1K,0.2%,Costa Rica,,22.8K,youtube,costa-rica,False,2024,NA,NA,,
77,Priscilla Correa @UCs3buhvc_vBWRRusOTITt5A,73.6K,0.1%,Costa Rica,,22.1K,youtube,costa-rica,False,2024,NA,NA,,
78,AulaDeEconomia @UCUIvPmpKsx-YnBRxc-E9IXg,72.9K,-,Costa Rica,,21.9K,youtube,costa-rica,False,2024,NA,NA,,
79,Comrade Peterson @UCUDp2hgYvnSnraOZA4rYa5w,67K,-,Costa Rica,,20.1K,youtube,costa-rica,False,2024,NA,NA,,
80,Steven CR @UCRDJFdIgw8pD4XYczng39Hw,65.7K,-,Costa Rica,,19.7K,youtube,costa-rica,False,2024,NA,NA,,
81,Diego Nano @UCOH6dgfV9I9wesVrmjOjdQw,65.5K,-,Costa Rica,,19.7K,youtube,costa-rica,False,2024,NA,NA,,
82,Beyond Music Company @UC66Qi_o5n9MRWh52B3y2K7A,63.8K,-,Costa Rica,,19.1K,youtube,costa-rica,False,2024,NA,NA,,
83,Agrotendencia TV @UCOXEnwToecD7I-cCHiLc_kw,63.5K,-,Costa Rica,,19.1K,youtube,costa-rica,False,2024,NA,NA,,
84,Hábitat Soluciones @UCja_PmpKT6k3s1YsV-daZeA,63K,-,Costa Rica,,18.9K,youtube,costa-rica,False,2024,NA,NA,,
85,KSGAviation / Videos de Aviación @UCloliw_b4N89QIMtIYvFSmg,62.8K,0.3%,Costa Rica,,18.8K,youtube,costa-rica,False,2024,NA,NA,,
86,La Caja de Pandora Sindy Ramirez @UC1AdnB5Am5LShr4aj7yd4OQ,60.9K,-,Costa Rica,,18.3K,youtube,costa-rica,False,2024,NA,NA,,
87,PeitonYT @UCxe9t3mRvG2RHPWGshWCkEg,60K,-,Costa Rica,,18K,youtube,costa-rica,False,2024,NA,NA,,
88,Rysol TV @UCKBguPUBMEXznmVh1TsOu5Q,59.1K,-,Costa Rica,,17.7K,youtube,costa-rica,False,2024,NA,NA,,
89,Henry Precise Cuts @UCj_LC_YOhwK0YtfecPPmRSQ,59.1K,-,Costa Rica,News Travel,17.7K,youtube,costa-rica,False,2024,Knowledge&Info,MAPPED,,News Travel
90,De aventuras con Jaqui @UCr4TIvloUUIJw_v1VABCaiA,58.7K,1.8%,Costa Rica,,17.6K,youtube,costa-rica,False,2024,NA,NA,,
91,Logean C @UC-VGtylcwmDQjBD90FVQSuw,58.4K,2.5%,Costa Rica,,17.5K,youtube,costa-rica,False,2024,NA,NA,,
92,Nicusha International Living @UCXTln6N3_MQK_Mn_N_o9jWA,58K,-,Costa Rica,,17.4K,youtube,costa-rica,False,2024,NA,NA,,
93,Shaggy23 @UCSrCwYK7_L-u1m1Mx6fBuMg,57.5K,0.4%,Costa Rica,,17.3K,youtube,costa-rica,False,2024,NA,NA,,
94,James Wolfe @UCJTbY0hlco8QaVeL7YaYwVw,57.4K,-,Costa Rica,,17.2K,youtube,costa-rica,False,2024,NA,NA,,
95,AmeliaRueda @UCM8rjHY4-p3Csgi8_f0II3Q,57.4K,-,Costa Rica,,17.2K,youtube,costa-rica,False,2024,NA,NA,,
96,Jostedakure @UCqy0Yh3gDbh2FyaKFKyl91Q,57.4K,-,Costa Rica,,17.2K,youtube,costa-rica,False,2024,NA,NA,,
97,Chef Rafael @UCLp5aZWUHqmgMymYVu_swLg,57.2K,-,Costa Rica,,17.2K,youtube,costa-rica,False,2024,NA,NA,,
98,Art in Sound @UCMM3Wvn9ZSZdBlsy7AX7eqQ,57.1K,-,Costa Rica,Art,17.1K,youtube,costa-rica,False,2024,Lifestyle,MAPPED,,Art
99,DIXON2121 @UCtF3UVot5pdyOdcNHlK3ASA,57K,-,Costa Rica,,17.1K,youtube,costa-rica,False,2024,NA,NA,,
100,Chef Sophia @UCOc0oyig540N7PNe8sM3OeA,56.6K,0.1%,Costa Rica,,17K,youtube,costa-rica,False,2024,NA,NA,,
1,T-Series @UCq-Fj5jknLsUf-MWSy4_brA,234M,-,بھارت,,70.2M,youtube,czechia,False,2024,NA,NA,,
2,Cocomelon - Nursery Rhymes @UCbCmjCuTUZos6Inko4u57UQ,144M,-,ریاستہائے متحدہ,,43.2M,youtube,czechia,False,2024,NA,NA,,
3,SET India @UCpEhnqL0y41EpW2TvWAHD7Q,139M,-,بھارت,,41.7M,youtube,czechia,False,2024,NA,NA,,
4,PewDiePie @UC-lHJZR3Gqxm24_Vd_AJ5Yw,111M,0.1%,ریاستہائے متحدہ,,33.3M,youtube,czechia,False,2024,NA,NA,,
5,MrBeast @UCX6OQ3DkcsbYNE6H8uQQuVA,100M,2.4%,ریاستہائے متحدہ,مشہور شخصیت پالتو جانوروں,30M,youtube,czechia,False,2024,Entertainment,MAPPED,,Celebrity Pets
6,Like Nastya @UCJplp5SjeGSdVdwsfb9Q7lQ,97.3M,-,ریاستہائے متحدہ,,29.2M,youtube,czechia,False,2024,NA,NA,,
7,✿ Kids Diana Show @UCk8GzjMOrta8yxDcKfylJYw,94.2M,-,,,28.3M,youtube,czechia,False,2024,NA,NA,,
8,Zee Music Company @UCFFbwnve3yF62-tVXkTyHqg,91.4M,-,بھارت,,27.4M,youtube,czechia,False,2024,NA,NA,,
9,WWE @UCJ5v_MCY6GNUBTO8-D3XoAg,91.2M,-,,,27.4M,youtube,czechia,False,2024,NA,NA,,
10,Vlad and Niki @UCvlE5gTbOvjiolFlEm-c_Ow,84.3M,-,ریاستہائے متحدہ,مارکیٹنگ اور اشتہار موسیقی,25.3M,youtube,czechia,False,2024,Knowledge&Info,MAPPED,,Marketing and advertising music
11,BLACKPINK @UCOmHUn--16B90oW2L6FRR3A,82M,0.4%,جنوبی کوریا,,24.6M,youtube,czechia,False,2024,NA,NA,,
12,Goldmines @UCyoXW-Dse7fURq30EWl_CUA,72M,-,بھارت,,21.6M,youtube,czechia,False,2024,NA,NA,,
13,Justin Bieber @UCIwFjwMjI0y7PDBVEO9-bkQ,69.7M,-,کینیڈا,,20.9M,youtube,czechia,False,2024,NA,NA,,
14,Sony SAB @UC6-F5tO8uklgE9Zy8IvbdFw,69.2M,-,بھارت,,20.8M,youtube,czechia,False,2024,NA,NA,,
15,BANGTANTV @UCLkAepWjdylmXSltofFvsYQ,68.6M,0.5%,,,20.6M,youtube,czechia,False,2024,NA,NA,,
16,HYBE LABELS @UC3IZKseVpdzPSBaWxBxundA,68.1M,-,جنوبی کوریا,مشہور شخصیت موسیقی,20.4M,youtube,czechia,False,2024,Music,MAPPED,,Celebrity Music
17,Canal KondZilla @UCffDXn7ycAzwL2LDlbyWOTw,66.3M,-,برازیل,,19.9M,youtube,czechia,False,2024,NA,NA,,
18,Zee TV @UCppHT7SZKKvar4Oc9J4oljQ,64M,-,بھارت,,19.2M,youtube,czechia,False,2024,NA,NA,,
19,Shemaroo Filmi Gaane @UCP6uH_XlsxrXwZQ4DlqbqPg,61.1M,-,بھارت,,18.3M,youtube,czechia,False,2024,NA,NA,,
20,Colors TV @UC55IWqFLDH1Xp7iu1_xknRA,59.2M,-,بھارت,,17.8M,youtube,czechia,False,2024,NA,NA,,
21,ChuChu TV Nursery Rhymes & Kids Songs @UCBnZ16ahKA2DZ_T5W0FPUXg,58.7M,-,بھارت,,17.6M,youtube,czechia,False,2024,NA,NA,,
22,Dude Perfect @UCRijo3ddMTht_IHyNSNXpNQ,58.6M,-,ریاستہائے متحدہ,,17.6M,youtube,czechia,False,2024,NA,NA,,
23,Movieclips @UC3gNmTGu-TTbFPpfSs5kNkg,58.5M,-,ریاستہائے متحدہ,,17.6M,youtube,czechia,False,2024,NA,NA,,
24,Pinkfong Baby Shark - Kids' Songs & Stories @UCcdwLMPsaU2ezNSJU1nFoBQ,56.9M,-,,,17.1M,youtube,czechia,False,2024,NA,NA,,
25,Tips Official @UCJrDMFOdv1I2k8n9oK_V21w,56.5M,-,بھارت,,17M,youtube,czechia,False,2024,NA,NA,,
26,Marshmello @UCEdvpU2pFRCVqU6yIPyTpMQ,55.8M,-,ریاستہائے متحدہ,,16.7M,youtube,czechia,False,2024,NA,NA,,
27,Wave Music @bhojpuriwave,55.6M,-,بھارت,,16.7M,youtube,czechia,False,2024,NA,NA,,
28,Sony Music India @UC56gTxNs4f9xZ7Pa2i5xNzg,55.3M,-,بھارت,,16.6M,youtube,czechia,False,2024,NA,NA,,
29,Aaj Tak @UCt4t-jeY85JegMlZ-E5UWtA,54M,-,بھارت,,16.2M,youtube,czechia,False,2024,NA,NA,,
30,El Reino Infantil @UCK1i2UviaXLUNrZlAFpw_jA,52.9M,-,,,15.9M,youtube,czechia,False,2024,NA,NA,,
31,Ed Sheeran @UC0C-w0YjGpqDXGB8IHb662A,52.3M,-,,,15.7M,youtube,czechia,False,2024,NA,NA,,
32,Ariana Grande @UC9CoOnJkIBMdeijd9qYoT_g,52.2M,-,,,15.7M,youtube,czechia,False,2024,NA,NA,,
33,EminemMusic @UCfM3zsQsOnfWNUppiycmBuw,51.7M,1%,,,15.5M,youtube,czechia,False,2024,NA,NA,,
34,T-Series Bhakti Sagar @UCaayLD9i5x4MmIoVZxXSv_g,49.9M,-,,,15M,youtube,czechia,False,2024,NA,NA,,
35,LooLoo Kids - Nursery Rhymes and Children's Songs @UC4NALVCmcmL5ntpV0thoH6w,49.4M,-,ریاستہائے متحدہ,,14.8M,youtube,czechia,False,2024,NA,NA,,
36,YRF @UCbTLwN10NoCU4WDzLf1JMOA,48.4M,-,بھارت,,14.5M,youtube,czechia,False,2024,NA,NA,,
37,Taylor Swift @UCqECaJ8Gagnn7YCbPEzWH6g,47.2M,0.4%,,,14.2M,youtube,czechia,False,2024,NA,NA,,
38,Fernanfloo @fernanfloo,47.1M,-,ال سلوادور,,14.1M,youtube,czechia,False,2024,NA,NA,,
39,Infobells - Hindi @UC1ciY6kR3yj3kaKZ6R7ewAg,46.6M,-,بھارت,,14M,youtube,czechia,False,2024,NA,NA,,
40,Billie Eilish @UCiGm_E4ZwYSHV3bcW1pnSeQ,46.6M,0.7%,ریاستہائے متحدہ,,14M,youtube,czechia,False,2024,NA,NA,,
41,JuegaGerman @UCYiGq8XF7YQD00x7wAd62Zg,46.4M,0.4%,چلی,,13.9M,youtube,czechia,False,2024,NA,NA,,
42,Badabun @UCYWOjHweP2V-8kGKmmAmQJQ,45.7M,-,میکسیکو,,13.7M,youtube,czechia,False,2024,NA,NA,,
43,Felipe Neto @UCV306eHqgo0LvBf3Mh36AHg,44.4M,-,برازیل,,13.3M,youtube,czechia,False,2024,NA,NA,,
44,Get Movies @UClZkHt2kNIgyrTTPnSQV3SA,44.3M,-,روس,,13.3M,youtube,czechia,False,2024,NA,NA,,
45,whinderssonnunes @UC3KQ5GWANYF8lChqjZpXsQw,43.7M,-,,,13.1M,youtube,czechia,False,2024,NA,NA,,
46,SonyMusicIndiaVEVO @UC3MLnJtqc_phABBriLRhtgQ,43.6M,-,,موسیقی,13.1M,youtube,czechia,False,2024,Music,MAPPED,,music
47,BRIGHT SIDE @UC4rlAVgAK0SGk-yTfe48Qpw,43.4M,-,,فٹنس خبریں,13M,youtube,czechia,False,2024,Sports,MAPPED,,Fitness news
48,Katy Perry @UCYvmuw-JtVrTZQ-7Y4kd63Q,43.1M,-,ریاستہائے متحدہ,,12.9M,youtube,czechia,False,2024,NA,NA,,
49,Bad Bunny @UCmBA_wu8xGg1OfOkfW13Q0Q,43.1M,-,پیورٹو ریکو,,12.9M,youtube,czechia,False,2024,NA,NA,,
50,Você Sabia? @UCj0O6W8yDuLg3iraAXKgCrQ,43M,-,برازیل,,12.9M,youtube,czechia,False,2024,NA,NA,,
51,Alan Walker @UCJrOtniJ0-NWz37R30urifQ,42.4M,-,ناروے,,12.7M,youtube,czechia,False,2024,NA,NA,,
52,Like Nastya Show @UCS94J1s6-qc8v7btCdS2pNg,41.7M,-,ریاستہائے متحدہ,,12.5M,youtube,czechia,False,2024,NA,NA,,
53,CarryMinati @carryminati,41.6M,9.2%,بھارت,ویڈیو گیمنگ,12.5M,youtube,czechia,False,2024,Tech&Gaming,MAPPED,,Video gaming
54,ABS-CBN Entertainment @UCstEtN0pgOmCf02EdXsGChw,41.5M,-,فلپائن,,12.5M,youtube,czechia,False,2024,NA,NA,,
55,Shemaroo @UCF1JIbMUs6uqoZEY1Haw0GQ,41.2M,-,بھارت,مشہور شخصیت,12.4M,youtube,czechia,False,2024,Entertainment,MAPPED,,celebrity
56,Speed Records @UCOsyDsO5tIt-VZ1iwjdQmew,41.1M,-,بھارت,موسیقی,12.3M,youtube,czechia,False,2024,Music,MAPPED,,music
57,elrubiusOMG @UCXazgXDIYyWH-yXLAkcrFxw,40.4M,1.7%,,,12.1M,youtube,czechia,False,2024,NA,NA,,
58,Little Baby Bum - Nursery Rhymes & Kids Songs @UCKAqou7V9FAWXpZd9xtOg3Q,40M,-,ریاستہائے متحدہ,,12M,youtube,czechia,False,2024,NA,NA,,
59,Voot Kids @UCJg19noZp7-BYIGvypu_cow,39.3M,-,بھارت,,11.8M,youtube,czechia,False,2024,NA,NA,,
60,Маша и Медведь @UCRv76wLBC73jiP7LX4C3l8Q,39.1M,-,روس,,11.7M,youtube,czechia,False,2024,NA,NA,,
61,LUCCAS NETO - LUCCAS TOON @UC_gV70G_Y51LTa3qhu8KiEA,38.6M,-,برازیل,,11.6M,youtube,czechia,False,2024,NA,NA,,
62,Luisito Comunica @UCECJDeK0MNapZbpaOzxrUPA,38.5M,0.1%,,,11.6M,youtube,czechia,False,2024,NA,NA,,
63,Ishtar Music @UCWi_65E_L8tQZ34C6wVAlpQ,38.5M,-,بھارت,موسیقی مشہور شخصیت,11.6M,youtube,czechia,False,2024,Music,MAPPED,,Music Celebrity
64,TheEllenShow @UCp0hYYBW6IMayGgR-WeoCvQ,38.3M,-,ریاستہائے متحدہ,,11.5M,youtube,czechia,False,2024,NA,NA,,
65,Toys and Colors @UCgFXm4TI8htWmCyJ6cVPG_A,38.3M,-,ریاستہائے متحدہ,,11.5M,youtube,czechia,False,2024,NA,NA,,
66,Kimberly Loaiza @UCQZfFRohQ7UX-0CdXl-6pwQ,38.1M,0.9%,میکسیکو,,11.4M,youtube,czechia,False,2024,NA,NA,,
67,WorkpointOfficial @UC3ZkCd7XtUREnjjt3cyY_gg,38.1M,-,تھائی لینڈ,,11.4M,youtube,czechia,False,2024,NA,NA,,
68,XXXTENTACION @UCM9r1xn6s30OnlJWb-jc3Sw,37.8M,0.1%,ریاستہائے متحدہ,,11.3M,youtube,czechia,False,2024,NA,NA,,
69,Super Simple Songs - Kids Songs @UCLsooMJoIpl_7ux2jvdPB-Q,37.3M,-,کینیڈا,سفر,11.2M,youtube,czechia,False,2024,Lifestyle,MAPPED,,travel
70,Shakira @UCYLNGLIzMhRTi6ZOLjAPSmw,37.1M,-,,,11.1M,youtube,czechia,False,2024,NA,NA,,
71,GR6 EXPLODE @UCNUQK9mQoqi4yNXw2_Rj6SA,37.1M,-,,,11.1M,youtube,czechia,False,2024,NA,NA,,
72,Daddy Yankee @UC9TO_oo4c_LrOiKNaY6aysA,37M,-,ریاستہائے متحدہ,موسیقی,11.1M,youtube,czechia,False,2024,Music,MAPPED,,music
73,shfa @UCwHE1kM1CPJd_pI9FQ0-4dg,36.1M,0.1%,متحدہ عرب امارات,,10.8M,youtube,czechia,False,2024,NA,NA,,
74,ช่อง one31 @UC8f7MkX4MFOOJ2SerXLInCA,35.9M,-,تھائی لینڈ,,10.8M,youtube,czechia,False,2024,NA,NA,,
75,shfa2 - شفا @UCQ7x25F6YXY9DvGeHFxLhRQ,35.6M,-,متحدہ عرب امارات,,10.7M,youtube,czechia,False,2024,NA,NA,,
76,Goldmines Gaane Sune Ansune @UCtW7qWjpCZ8zps-Cf2NF26w,35.6M,-,بھارت,,10.7M,youtube,czechia,False,2024,NA,NA,,
77,TEDx Talks @UCsT0YIqwnpJCM-mx7-gSA4Q,35.5M,-,,,10.7M,youtube,czechia,False,2024,NA,NA,,
78,Ozuna @UCjIA3wwhi0QjSOXAZwOXbPA,35.2M,0.4%,پیورٹو ریکو,مشہور شخصیت موسیقی,10.6M,youtube,czechia,False,2024,Music,MAPPED,,Celebrity Music
79,YouTube @youtube.com,35.1M,-,ریاستہائے متحدہ,,10.5M,youtube,czechia,False,2024,NA,NA,,
80,Masha and The Bear @UCu59yAFE8fM0sVNTipR4edw,35.1M,-,ریاستہائے متحدہ,,10.5M,youtube,czechia,False,2024,NA,NA,,
81,Bruno Mars @UCoUM-UJ7rirJYP8CQ0EIaHA,34.8M,0.2%,,,10.4M,youtube,czechia,False,2024,NA,NA,,
82,Jkk Entertainment @UC5tuYcCdiKuF5Y2ZonuarwA,34.5M,0.2%,,,10.4M,youtube,czechia,False,2024,NA,NA,,
83,Maria Clara & JP @UCKe6w0exI94U-RzqAyoY1VA,33.8M,0.1%,برازیل,,10.1M,youtube,czechia,False,2024,NA,NA,,
84,T-Series Apna Punjab @UCcvNYxWXR_5TjVK7cSCdW-g,33.6M,-,بھارت,,10.1M,youtube,czechia,False,2024,NA,NA,,
85,Total Gaming @UC5c9VlYTSvBSCaoMu_GI6gQ,33.6M,0.2%,بھارت,ویڈیو گیمنگ,10.1M,youtube,czechia,False,2024,Tech&Gaming,MAPPED,,Video gaming
86,J Balvin @UCt-k6JwNWHMXDBGm9IYHdsg,33.6M,-,کولمبیا,,10.1M,youtube,czechia,False,2024,NA,NA,,
87,ABP NEWS @UCRWFSbif-RFENbBrSiez1DA,33.5M,-,بھارت,,10.1M,youtube,czechia,False,2024,NA,NA,,
88,VEGETTA777 @UCam8T03EOFBsNdR0thrFHdQ,33.5M,-,,,10.1M,youtube,czechia,False,2024,NA,NA,,
89,Markiplier @UC7_YxT-KID8kRbqZo7MyscQ,33.5M,0.4%,ریاستہائے متحدہ,,10.1M,youtube,czechia,False,2024,NA,NA,,
90,Desi Music Factory @UCLtNvbkqea8wN_kGtfgx_Mw,33M,1.8%,بھارت,,9.9M,youtube,czechia,False,2024,NA,NA,,
91,NoCopyrightSounds @UC_aEa8K-EOJ3D6gOs7HcyNg,32.9M,-,متحدہ عہدگی خصوصیں,موسیقی,9.9M,youtube,czechia,False,2024,Music,MAPPED,,music
92,Geet MP3 @UClZF7OsrECe3t_ADrjZEh_Q,32.7M,-,,موسیقی,9.8M,youtube,czechia,False,2024,Music,MAPPED,,music
93,Ryan's World @UChGJGhZ9SOOHvBB0Y4DOO_w,32.7M,-,,موسیقی,9.8M,youtube,czechia,False,2024,Music,MAPPED,,music
94,Bollywood Classics @UCRm96I5kmb_iGFofE5N691w,32.7M,-,بھارت,,9.8M,youtube,czechia,False,2024,NA,NA,,
95,Sony PAL @UCw7xjxzbMwgBSmbeYwqYRMg,32.6M,-,,,9.8M,youtube,czechia,False,2024,NA,NA,,
96,Like Nastya ESP @UCpEJRZdSpdVZ8vh63T9I2KQ,32.5M,-,,,9.8M,youtube,czechia,False,2024,NA,NA,,
97,La Granja de Zenón @UCwpcLKMwiuPg4aqImpGk6Ew,32.3M,-,ارجنٹینا,,9.7M,youtube,czechia,False,2024,NA,NA,,
98,Alfredo Larin @alfredolarin,32.3M,-,ال سلوادور,,9.7M,youtube,czechia,False,2024,NA,NA,,
99,Mikecrack @UCqJ5zFEED1hWs0KNQCQuYdQ,32.2M,0.6%,سپین,,9.7M,youtube,czechia,False,2024,NA,NA,,
100,Saregama Music @UC_A7K2dXFsTMAciGmnNxy-Q,32.1M,-,بھارت,,9.6M,youtube,czechia,False,2024,NA,NA,,
1,SYBO TV @UCvyN-kMH-IrXzWNeZaQ_XaQ,7.2M,-,Denmark,,2.2M,youtube,denmark,False,2024,NA,NA,,
2,MagmaMusen @UCyGteX4xK-ZO7u9GMB8gKfA,5.1M,0.1%,Denmark,,1.5M,youtube,denmark,False,2024,NA,NA,,
3,Unisport @UC5SQGzkWyQSW_fe-URgq7xw,3.5M,-,Denmark,,1.1M,youtube,denmark,False,2024,NA,NA,,
4,Kiloo Games @UC2CAYseJlsa9Y6lGCQQOx4w,3.2M,-,Denmark,,960K,youtube,denmark,False,2024,NA,NA,,
5,AlumiTube @UCcDpEbrETwvQfJxnpqY6idw,2.2M,-,Denmark,,654K,youtube,denmark,False,2024,NA,NA,,
6,Slikhaar TV - Mens hair @UCC-ygwC3ZfSRhIcao8a2zyQ,2.1M,-,Denmark,,639K,youtube,denmark,False,2024,NA,NA,,
7,Glitch King @UCwa-clm7qNHU2cMNmgpWmFw,1.9M,2.1%,Denmark,,567K,youtube,denmark,False,2024,NA,NA,,
8,Gin Pai Thai Rang - กินไปไทยหรั่ง @UCVjEs8VOp78cLw5jeFVS5bw,1.7M,0.1%,Denmark,,513K,youtube,denmark,False,2024,NA,NA,,
9,UberDanger @UC-XXmB9IHCUdteHjgmmsaeg,1.4M,-,Denmark,,420K,youtube,denmark,False,2024,NA,NA,,
10,SugarCharmShop @UCtkmv7-kAMyITJkP0-CyQZQ,1.4M,-,Denmark,,411K,youtube,denmark,False,2024,NA,NA,,
11,GKI @UCHHwud3sNT0FNNHeN_ROEAg,1.4M,0.8%,Denmark,,411K,youtube,denmark,False,2024,NA,NA,,
12,Jacob's Piano @UClQPk2WbC23z3eogxPbbOjw,1.3M,-,Denmark,Music,402K,youtube,denmark,False,2024,Music,MAPPED,,Music
13,Bertram - Craft and Wilderness @UCO_augYhnO7tF-d4JbSXFuQ,1.2M,1.1%,Denmark,,357K,youtube,denmark,False,2024,NA,NA,,
14,SsethTzeentach @UCD6VugMZKRhSyzWEWA9W2fg,1.2M,11%,Denmark,,348K,youtube,denmark,False,2024,NA,NA,,
15,Peter Asschenfeldt and the Colonels @UCfczzkZu_xO3MWk8SrzT7vg,1.1M,2.4%,Denmark,,336K,youtube,denmark,False,2024,NA,NA,,
16,Sebastian Lague @UCmtyQOKKmrMVaKuRXz02jbQ,1.1M,-,Denmark,,315K,youtube,denmark,False,2024,NA,NA,,
17,Melbourne Beats @UC5Z010wx1Yy_sQA6wNji93w,980K,-,Denmark,,294K,youtube,denmark,False,2024,NA,NA,,
18,Izzo @UCKq4vmIdOnvkYIfHL9Q8DeA,922K,0.1%,Denmark,,276.6K,youtube,denmark,False,2024,NA,NA,,
19,"I love fashion, makeup,everything related to beauty @UC2_fLRT3ZIx38y1H70J5jwg",888K,0.8%,Denmark,Beauty Fashion,266.4K,youtube,denmark,False,2024,Beauty&Fashion,MAPPED,,Beauty Fashion
20,Sir Spooks @UCGgdhMFHiKym-z4G7IB4BYw,831K,-,Denmark,,249.3K,youtube,denmark,False,2024,NA,NA,,
21,MikuCoolMix @UC7bp1Sz5Gz4f9WlTbMeQ8Ag,804K,-,Denmark,,241.2K,youtube,denmark,False,2024,NA,NA,,
22,Jacobs Vocal Academy @UCc4sOlYxxoXNba2CYCRQJGw,744K,-,Denmark,Music,223.2K,youtube,denmark,False,2024,Music,MAPPED,,Music
23,Learn How To Dance @UCDt54aJcw0L85ro2A4Iy9Dg,738K,-,Denmark,,221.4K,youtube,denmark,False,2024,NA,NA,,
24,DR Koncerthuset @UCGtAoge4_OloSgbXMyoh5vw,664K,-,Denmark,,199.2K,youtube,denmark,False,2024,NA,NA,,
25,Michael Learns To Rock @UCaPqIStB2XlmdaX919vpfmQ,646K,0.9%,Denmark,,193.8K,youtube,denmark,False,2024,NA,NA,,
26,Heilung @UC3Jvz7FpBsY73_wEjFV67wQ,645K,14.7%,Denmark,Music,193.5K,youtube,denmark,False,2024,Music,MAPPED,,Music
27,larsandersen23 @UCJZ94qp4dtCw0Q5UQqAkg7w,622K,-,Denmark,,186.6K,youtube,denmark,False,2024,NA,NA,,
28,WackyJacky101 @UCfK7qpS954pk14YvDCsWCuw,615K,0.3%,Denmark,,184.5K,youtube,denmark,False,2024,NA,NA,,
29,BigAReact @UCIY91OB0zCGOvS3JdnCSL2w,605K,-,Denmark,,181.5K,youtube,denmark,False,2024,NA,NA,,
30,No Copyright Background Music @UCnNWG_mv0-_u-65_uDV9tGw,576K,-,Denmark,,172.8K,youtube,denmark,False,2024,NA,NA,,
31,Jihita @UC31wJTqEta_ncBrZXxqRUJg,538K,0.5%,Denmark,,161.4K,youtube,denmark,False,2024,NA,NA,,
32,Danheim @UCLTQVYwu-M-MnfOJDKlFnOQ,528K,0.6%,Denmark,,158.4K,youtube,denmark,False,2024,NA,NA,,
33,DJ Martin Jensen @UC69o5dbAJfpuUGGAfgFJzTw,519K,-,Denmark,,155.7K,youtube,denmark,False,2024,NA,NA,,
34,Maximillian @UC0CgEdC-nJuh4FR6QJdo_1A,498K,5.6%,Denmark,Music,149.4K,youtube,denmark,False,2024,Music,MAPPED,,Music
35,LoveMyRebornBaby @UCZ7jrpFx6CSGRxdWh1UlljQ,497K,-,Denmark,,149.1K,youtube,denmark,False,2024,NA,NA,,
36,Morten Hilmer @UCYzMdQa5aD6dnKHLdBxDMkw,483K,0.5%,Denmark,,144.9K,youtube,denmark,False,2024,NA,NA,,
37,Mohamad Alameer 990 @UCu-56KMToCNhlmXyOlkxZgw,468K,-,Denmark,,140.4K,youtube,denmark,False,2024,NA,NA,,
38,OBF @UCK1XzxcKXB_v_dcw_tflC1A,463K,-,Denmark,,138.9K,youtube,denmark,False,2024,NA,NA,,
39,Execute @UCqv7wxeMv4-ijOa7XQRQBlw,451K,0.7%,Denmark,,135.3K,youtube,denmark,False,2024,NA,NA,,
40,ask4gain @UCgXyhUU_QsAGDEqWtYvifnA,442K,-,Denmark,,132.6K,youtube,denmark,False,2024,NA,NA,,
41,Morten Münster @UC7t9L74u7n6OiTgnHzP0B4g,437K,1.1%,Denmark,,131.1K,youtube,denmark,False,2024,NA,NA,,
42,Alexander Husum @alexanderhusum,423K,1.6%,Denmark,,126.9K,youtube,denmark,False,2024,NA,NA,,
43,Can Deger @UCL1Rp1QrhuRhl-sjP5KYwhw,421K,-,Denmark,,126.3K,youtube,denmark,False,2024,NA,NA,,
44,Bhangra by Christine @UCAc6oTdRVAb7Ne0RiV6r9JA,420K,0.1%,Denmark,,126K,youtube,denmark,False,2024,NA,NA,,
45,Kunal Yadav Vlogs @UCdHFaTu3iHOUH-508ycN4jQ,418K,-,Denmark,,125.4K,youtube,denmark,False,2024,NA,NA,,
46,Dani Krossing @UCzyuZJ8zZ-Lhfnz41DG5qLw,402K,-,Denmark,,120.6K,youtube,denmark,False,2024,NA,NA,,
47,Spaghetti Road @UCYhSfbmXeRFkwNZnyMmplRg,394K,15%,Denmark,,118.2K,youtube,denmark,False,2024,NA,NA,,
48,Designical @designical,393K,6.4%,Denmark,,117.9K,youtube,denmark,False,2024,NA,NA,,
49,Rita's Kitchen @UClwqvbnLHGOG5m_o8wJ1p4g,379K,-,Denmark,,113.7K,youtube,denmark,False,2024,NA,NA,,
50,Boomerang Danmark @UCfs-Iltm0KmhH-M6FtVLjIw,359K,-,Denmark,,107.7K,youtube,denmark,False,2024,NA,NA,,
51,BLAST Premier @UC9k--dE_UE0Faxzgb_DDkYQ,359K,0.1%,Denmark,,107.7K,youtube,denmark,False,2024,NA,NA,,
52,Bokoen1 @UCnQC_XGCCI__qrxwgZS27-A,353K,-,Denmark,,105.9K,youtube,denmark,False,2024,NA,NA,,
53,Vova Romanchenko @UCdZaK7gYbvJG-0p5CBuzoIA,353K,2.9%,Denmark,,105.9K,youtube,denmark,False,2024,NA,NA,,
54,NicimakiClips @UCX-hhB3OkJLPYc6UDsfDcEw,343K,-,Denmark,,102.9K,youtube,denmark,False,2024,NA,NA,,
55,HLTVorg @UCXbsUubmNPK8XJFbkmlMcMg,341K,-,Denmark,,102.3K,youtube,denmark,False,2024,NA,NA,,
56,Gripex @UC01zP3AZBRBDRh-lbPFV5jA,339K,0.2%,Denmark,,101.7K,youtube,denmark,False,2024,NA,NA,,
57,Lasse Burholt @UCtff99XRBjWwxPb-DHegiOw,339K,0.5%,Denmark,,101.7K,youtube,denmark,False,2024,NA,NA,,
58,MUSA LOVE L1FE @UCAWRrh3CccESmhMY-cTWRUg,338K,-,Denmark,Music,101.4K,youtube,denmark,False,2024,Music,MAPPED,,Music
59,Christian Nielsen @UCjQG1tv6johDz6qEuaHk6QQ,334K,-,Denmark,,100.2K,youtube,denmark,False,2024,NA,NA,,
60,Shuttle Life @UCXYpDcoYJk8CTGLUscj2Tgg,316K,-,Denmark,,94.8K,youtube,denmark,False,2024,NA,NA,,
61,Vinh DK @UCfB3d8GswawNE-bxrlbDgEw,312K,-,Denmark,,93.6K,youtube,denmark,False,2024,NA,NA,,
62,Agent Gumle @UCm0ncKDBehJcvh7ew11qx7Q,309K,2.2%,Denmark,,92.7K,youtube,denmark,False,2024,NA,NA,,
63,Outlandish @UCR9memQSMH4QHHbH84Ohxtw,306K,-,Denmark,,91.8K,youtube,denmark,False,2024,NA,NA,,
64,Kender du det @UCa4ej3WQA7U_FKQkSq1jmuQ,306K,0.9%,Denmark,,91.8K,youtube,denmark,False,2024,NA,NA,,
65,Nadiaxel @UCsH1eey6t_y4pCcJBxH_EvQ,297K,0.3%,Denmark,,89.1K,youtube,denmark,False,2024,NA,NA,,
66,StanleyMOV @stanleymov,296K,4.6%,Denmark,,88.8K,youtube,denmark,False,2024,NA,NA,,
67,Car Music Mix @UC9iUrb42Bd-LBJDfEh0CBdg,292K,-,Denmark,,87.6K,youtube,denmark,False,2024,NA,NA,,
68,Danish Construction Channel @UCUrv--MVFiABYsO_oeiHmXA,290K,-,Denmark,,87K,youtube,denmark,False,2024,NA,NA,,
69,CHRISTOPHER @UCWAZJoAnXf9B3xTPbZgGy0g,288K,0.2%,Denmark,,86.4K,youtube,denmark,False,2024,NA,NA,,
70,Rasmus Brohave @UCnxMAxk48nYK4J-QeMrpU-A,282K,0.9%,Denmark,,84.6K,youtube,denmark,False,2024,NA,NA,,
71,Queenvarieties Channel @UCT-k_ZTcB8UeefbApM_LdOg,281K,-,Denmark,,84.3K,youtube,denmark,False,2024,NA,NA,,
72,JensJulius Tejlgaard @UCDZRhDottMytwxcYsoHVLzQ,279K,-,Denmark,,83.7K,youtube,denmark,False,2024,NA,NA,,
73,Niki Topgaard @UCVNSyYuNQUwJiD0TVst9Szg,278K,-,Denmark,,83.4K,youtube,denmark,False,2024,NA,NA,,
74,Hartvigen @UCnq5UPLhlAEttKl8sszFmvw,277K,17.9%,Denmark,,83.1K,youtube,denmark,False,2024,NA,NA,,
75,EverydayHairInspiration @UC8Xwv8eKxazF3okAM86EPlg,272K,-,Denmark,,81.6K,youtube,denmark,False,2024,NA,NA,,
76,Maislie @UCHeY2LMgrfRx2xAzFjZUpow,261K,-,Denmark,,78.3K,youtube,denmark,False,2024,NA,NA,,
77,Yde @UCOuBW7wkRaMMjMt6huBtMLg,261K,-,Denmark,,78.3K,youtube,denmark,False,2024,NA,NA,,
78,Narvini Dery @UCA9CdYz7YzHr5ZFrCwpL6BA,258K,-,Denmark,,77.4K,youtube,denmark,False,2024,NA,NA,,
79,Elise Buch @UCo-psEsf5UK4dfEf6EzZebg,255K,1.4%,Denmark,,76.5K,youtube,denmark,False,2024,NA,NA,,
80,gus1thego @UCox0J-pkaXUkAbU3JdZhadg,251K,0.2%,Denmark,,75.3K,youtube,denmark,False,2024,NA,NA,,
81,Louisiana Channel @UCY2mhw-XNZSxrUynsI5K8Zw,239K,-,Denmark,,71.7K,youtube,denmark,False,2024,NA,NA,,
82,Aveline @UCYa6keqnuSS9uGRGXI-aj_A,238K,-,Denmark,,71.4K,youtube,denmark,False,2024,NA,NA,,
83,Gex @UCEGOB2zUkWLDE2Kpgs_ziNw,235K,0.7%,Denmark,,70.5K,youtube,denmark,False,2024,NA,NA,,
84,Use Less @UCafauFSnOFOfZG0ZMLQvpcw,233K,-,Denmark,Fashion,69.9K,youtube,denmark,False,2024,Beauty&Fashion,MAPPED,,Fashion
85,Jeppe Ølgaard @UC8K-wRuEdOg5_ZdlUfLHb6A,231K,2.8%,Denmark,,69.3K,youtube,denmark,False,2024,NA,NA,,
86,Dafran @UCNY8Qxf18puXaPas3eHUqDg,231K,0.3%,Denmark,,69.3K,youtube,denmark,False,2024,NA,NA,,
87,Abdul Al-Hawani @UCu_swLQcOxMt2HzBKZ2dysA,230K,-,Denmark,,69K,youtube,denmark,False,2024,NA,NA,,
88,Singgeek @UCs7XWnCjUFKtfAi_DlL7m6w,230K,0.4%,Denmark,,69K,youtube,denmark,False,2024,NA,NA,,
89,Eiqu Miller @UCcX_k0bNse_tmi7MICmsh7A,229K,-,Denmark,,68.7K,youtube,denmark,False,2024,NA,NA,,
90,Naja Münster @UC99pGo0-YQpjrP_mGD5xcRw,228K,-,Denmark,,68.4K,youtube,denmark,False,2024,NA,NA,,
91,guitarmastery @UCtPjrZCPEmYQBjn7juSCl2A,222K,-,Denmark,,66.6K,youtube,denmark,False,2024,NA,NA,,
92,Ma Fo @UCXO3dTkwiv6hDI5_MTZ8OuA,219K,-,Denmark,,65.7K,youtube,denmark,False,2024,NA,NA,,
93,Josefine Simone @UCkfV2p3AAg6k86YQCa53ERA,218K,-,Denmark,,65.4K,youtube,denmark,False,2024,NA,NA,,
94,Astralis CS:GO @UCcAT4ylQFMRuntX0B-ZRwtA,213K,0.1%,Denmark,,63.9K,youtube,denmark,False,2024,NA,NA,,
95,MessiThunbo @UCNGIGLUrP0okd8FtRgxijpg,212K,-,Denmark,,63.6K,youtube,denmark,False,2024,NA,NA,,
96,Johnni Gade @UCjelESJ7kYNeLOufSNlMrJw,210K,1.7%,Denmark,,63K,youtube,denmark,False,2024,NA,NA,,
97,Bᴀsɪᴄ @UC0hMHL5wOQZbqshkMIdptWA,209K,-,Denmark,,62.7K,youtube,denmark,False,2024,NA,NA,,
98,Rebecca Charlotte Dahl @UCqW2mKpR_B5SrrEkUJvcBKg,208K,1.5%,Denmark,,62.4K,youtube,denmark,False,2024,NA,NA,,
99,OneSevenMusic @UCqslpVmjQHieXjqr3oOfteg,208K,-,Denmark,Music,62.4K,youtube,denmark,False,2024,Music,MAPPED,,Music
100,Thug Radio @UCbyKV7K3VIszzFBXqzF7Bew,206K,0.1%,Denmark,,61.8K,youtube,denmark,False,2024,NA,NA,,
1,CARTOON STUDIO @UC4YEUHW35Dxj4yBcF2XiROg,8.7M,-,Dominican Republic,,2.6M,youtube,dominican-republic,False,2024,NA,NA,,
2,TheNino @UCdsABfQjd2C9ykf2I74tFOA,7.1M,-,Dominican Republic,,2.1M,youtube,dominican-republic,False,2024,NA,NA,,
3,Alexis Tejada @UC-2PGzzS1Ggq_cvZan_hqpA,4.6M,-,Dominican Republic,,1.4M,youtube,dominican-republic,False,2024,NA,NA,,
4,MrFlaco @UC_VZUgyU5ka66lcEfwpxm0g,4.5M,-,Dominican Republic,,1.3M,youtube,dominican-republic,False,2024,NA,NA,,
5,Salud y Algo Más @UCBQ8jPPNmRrHHQqGGJh_tyQ,4.1M,-,Dominican Republic,,1.2M,youtube,dominican-republic,False,2024,NA,NA,,
6,Jonathan De Jesus @UCABMCWOZ_wJ54-oWlJH9oQA,4M,-,Dominican Republic,,1.2M,youtube,dominican-republic,False,2024,NA,NA,,
7,HRC Hogar Natural @UCewg_ZIBqjITCqU-8ygsG9g,3.9M,-,Dominican Republic,Fitness,1.2M,youtube,dominican-republic,False,2024,Sports,MAPPED,,Fitness
8,Beby @UCxHxjuu-lYULyVlrh_ZR1uQ,3M,0.2%,Dominican Republic,,891K,youtube,dominican-republic,False,2024,NA,NA,,
9,YORD @UCZU0BrGoxnuDHYDFAG6f-Kw,2.6M,0.4%,Dominican Republic,,777K,youtube,dominican-republic,False,2024,NA,NA,,
10,Remedios y Algo Más @UCV5hCCaAP9AKVJKl3t6WxFQ,2.4M,-,Dominican Republic,,705K,youtube,dominican-republic,False,2024,NA,NA,,
11,DomiDios @UCw09OZ-uTBMUgkUo_C9o0-w,2.1M,0.4%,Dominican Republic,,624K,youtube,dominican-republic,False,2024,NA,NA,,
12,Bulin 47 Oficial @UC831klfrIJ29f4f9tyqmT0w,2M,3.1%,Dominican Republic,,606K,youtube,dominican-republic,False,2024,NA,NA,,
13,Dj Scuff @UCcepdparhCfkNMZGzhKyZYA,2M,0.8%,Dominican Republic,,594K,youtube,dominican-republic,False,2024,NA,NA,,
14,Yiyo Sarante @UC3RhQS-TYlc91Cpmyz_2cWA,1.8M,5.9%,Dominican Republic,,540K,youtube,dominican-republic,False,2024,NA,NA,,
15,criadero de betta y goldfish Javier RD @UCuak-ljvKqWzwwbXXHXvVsA,1.8M,-,Dominican Republic,,537K,youtube,dominican-republic,False,2024,NA,NA,,
16,Salud & Belleza @UCVswTCLO80nzMsy8tFkX1HQ,1.8M,-,Dominican Republic,,534K,youtube,dominican-republic,False,2024,NA,NA,,
17,Juan Luis Guerra @UC5j34OS3TkHQyk4aPFiV5Sg,1.7M,3.1%,Dominican Republic,,501K,youtube,dominican-republic,False,2024,NA,NA,,
18,Nfasis @UCXoF-12V2xNuX6tdf7dptFQ,1.6M,1.5%,Dominican Republic,,480K,youtube,dominican-republic,False,2024,NA,NA,,
19,El Mayor Clasico @UCej_85un1d_8u4XnK-QSSsg,1.5M,-,Dominican Republic,,462K,youtube,dominican-republic,False,2024,NA,NA,,
20,Zacarias Ferreira Oficial @UCy__IpezPeJUQ7YZifSUqsw,1.5M,0.7%,Dominican Republic,,462K,youtube,dominican-republic,False,2024,NA,NA,,
21,La Percha Menta @UCZjaB1tBfYnVUVquUJMAw3w,1.5M,1.6%,Dominican Republic,,435K,youtube,dominican-republic,False,2024,NA,NA,,
22,THE PARTNER I AM @UCi4tmlGJ7sXjnL2j0Xlk1lg,1.4M,-,Dominican Republic,,432K,youtube,dominican-republic,False,2024,NA,NA,,
23,Ceky Viciny @UCZAw_0viVCTSOV0wS27wfUw,1.4M,0.7%,Dominican Republic,,432K,youtube,dominican-republic,False,2024,NA,NA,,
24,NENAREMEDIOS @UCoGChLwcFOvCAVTJNlc9AZA,1.4M,0.1%,Dominican Republic,,420K,youtube,dominican-republic,False,2024,NA,NA,,
25,Musicologo The Libro @UCsbP5x1sLVxQtkOPpLC2OCA,1.4M,1.4%,Dominican Republic,,405K,youtube,dominican-republic,False,2024,NA,NA,,
26,Angel Fire @UCP5DS1Fm38GXkP7YbyAQ3nw,1.3M,-,Dominican Republic,Video Gaming,399K,youtube,dominican-republic,False,2024,Tech&Gaming,MAPPED,,Video Gaming
27,Lo Mejor en Reflexiones @UCXtEuaPrT1TJiyqTRh2ZN-Q,1.3M,-,Dominican Republic,,393K,youtube,dominican-republic,False,2024,NA,NA,,
28,DaniGamer @danigamer3,1.3M,0.3%,Dominican Republic,,393K,youtube,dominican-republic,False,2024,NA,NA,,
29,Nino Freestyle @UCl-74ZCTxo6OVmUfmGeggPw,1.3M,-,Dominican Republic,Music,384K,youtube,dominican-republic,False,2024,Music,MAPPED,,Music
30,La Casa De Reflexiones TV @UCHt6TrZG9uBABqQnWWPDPmw,1.3M,-,Dominican Republic,,381K,youtube,dominican-republic,False,2024,NA,NA,,
31,La Materialista @UCfbl8XJ-81OeJ-ZeO4CHyng,1.2M,-,Dominican Republic,,363K,youtube,dominican-republic,False,2024,NA,NA,,
32,Vive Por Mas Tiempo @UCWB8ZbVClqooHgRhKcPd_5A,1.2M,-,Dominican Republic,,360K,youtube,dominican-republic,False,2024,NA,NA,,
33,Yessi tu amiga @UCdLsoXP5tJ3hQCLnYIeHV7A,1.2M,0.2%,Dominican Republic,,357K,youtube,dominican-republic,False,2024,NA,NA,,
34,YOMEL EL MELOSO @UC6m-aBrb1BKiFLLAoQDL0cA,1.2M,4.5%,Dominican Republic,,351K,youtube,dominican-republic,False,2024,NA,NA,,
35,Mundo Remedio @UC8gdizS4x2Zrj-tVRrihcbQ,1.1M,-,Dominican Republic,,336K,youtube,dominican-republic,False,2024,NA,NA,,
36,Zuly Cambero @UCiHgapPyyWuip7Hk6OdxXTQ,1.1M,-,Dominican Republic,,333K,youtube,dominican-republic,False,2024,NA,NA,,
37,Lirico En La Casa @UCx7Is9EgbMl7LwdJL4HNAUw,1.1M,0.5%,Dominican Republic,,327K,youtube,dominican-republic,False,2024,NA,NA,,
38,Remedios Con Sugeiry @UCEkajSuyCM3S2LoA4GD-Riw,1.1M,0.1%,Dominican Republic,,315K,youtube,dominican-republic,False,2024,NA,NA,,
39,Luinny Corporan @UCNI5Sdydy-t5ddkmZ-3HUIA,1M,0.4%,Dominican Republic,,306K,youtube,dominican-republic,False,2024,NA,NA,,
40,EL FECHO RD @UC3OPzIOj0hw8ROZ5c-C0FmQ,1M,3.3%,Dominican Republic,,300K,youtube,dominican-republic,False,2024,NA,NA,,
41,La casa de las Recetas @UCY19mwtZfcaKbOvvh55WMYw,976K,-,Dominican Republic,,292.8K,youtube,dominican-republic,False,2024,NA,NA,,
42,Salud Con Sugeiry Diaz @UCWFS35fjDmStUw8eklFt1sw,965K,-,Dominican Republic,,289.5K,youtube,dominican-republic,False,2024,NA,NA,,
43,Dominicana's Got Talent @UCvkDSdqRe5LpFCcejyeb5nA,957K,0.4%,Dominican Republic,,287.1K,youtube,dominican-republic,False,2024,NA,NA,,
44,Mun2 Saludable @UC2YvwC_6IOD2cefDYQ6jYhA,953K,-,Dominican Republic,,285.9K,youtube,dominican-republic,False,2024,NA,NA,,
45,Las Ocurrencias de Victor @UC96lACEOc7kB8mmywLc4EyQ,951K,-,Dominican Republic,,285.3K,youtube,dominican-republic,False,2024,NA,NA,,
46,El Dotol Nastra @UCzkzNG_ACfxs7ciwX8uefqg,920K,0.6%,Dominican Republic,,276K,youtube,dominican-republic,False,2024,NA,NA,,
47,Nany Flow @UCKK30qHz_QedLF2D3o6TZPw,892K,-,Dominican Republic,,267.6K,youtube,dominican-republic,False,2024,NA,NA,,
48,Yo Amo Mi Salud @UC7xN0TSWd6G8ElgndE6KssQ,885K,0.1%,Dominican Republic,,265.5K,youtube,dominican-republic,False,2024,NA,NA,,
49,Silverio Animation @UCDTTcepTvAIm7WSB1XJ6_MQ,879K,0.6%,Dominican Republic,,263.7K,youtube,dominican-republic,False,2024,NA,NA,,
50,Recetas de Remedios Caseros @UCgRI3NWMK-GJLLK-kLkarqw,861K,-,Dominican Republic,,258.3K,youtube,dominican-republic,False,2024,NA,NA,,
51,El BRILLA RECORDS @UCfD0zxICpFxKSr_ULT-Z6IA,858K,1.7%,Dominican Republic,,257.4K,youtube,dominican-republic,False,2024,NA,NA,,
52,Salud y Usted @UC3sIFMXoPTcHsxSCzbbMy1Q,857K,-,Dominican Republic,,257.1K,youtube,dominican-republic,False,2024,NA,NA,,
53,Ducktape @UCHyigmVPulxOhYPnDt8MXKQ,827K,0.6%,Dominican Republic,,248.1K,youtube,dominican-republic,False,2024,NA,NA,,
54,CDN 37 @UCpFfLf9o4wJr-yr7dG8gYug,826K,-,Dominican Republic,,247.8K,youtube,dominican-republic,False,2024,NA,NA,,
55,Rexpuestas @UCDE28iJSUImn-jZD8TjNQ5A,766K,-,Dominican Republic,,229.8K,youtube,dominican-republic,False,2024,NA,NA,,
56,Salud es Vivir @UCXhBGvdkm4sQwxQifxLDn6A,766K,-,Dominican Republic,,229.8K,youtube,dominican-republic,False,2024,NA,NA,,
57,Ala Jaza @UCm_8vUpMIbe13RdTHEQBhLQ,762K,-,Dominican Republic,,228.6K,youtube,dominican-republic,False,2024,NA,NA,,
58,EL MOVIMIENTO PARALELO @UCnlnMQph_zLI9PIyD850-lQ,752K,-,Dominican Republic,,225.6K,youtube,dominican-republic,False,2024,NA,NA,,
59,Color Visión Canal 9 @UCiDATmLMS6XfkB7mh8pmeHg,744K,-,Dominican Republic,,223.2K,youtube,dominican-republic,False,2024,NA,NA,,
60,Remedios Caseros y Belleza @UCun92vAa55Qt9oBppWHDWeQ,741K,-,Dominican Republic,,222.3K,youtube,dominican-republic,False,2024,NA,NA,,
61,Fitness Body @UCyITSv0n-wynSknlq59vQDA,739K,-,Dominican Republic,,221.7K,youtube,dominican-republic,False,2024,NA,NA,,
62,Braulio Fogon @UCHgpMBEsGElzrZDLdSw76Bg,737K,6.8%,Dominican Republic,,221.1K,youtube,dominican-republic,False,2024,NA,NA,,
63,Frankely MC @UC0kbj5SKVEtvhAyg0IyAsGA,731K,4.3%,Dominican Republic,,219.3K,youtube,dominican-republic,False,2024,NA,NA,,
64,Yiseni Perez @yiseniperez,711K,1.4%,Dominican Republic,,213.3K,youtube,dominican-republic,False,2024,NA,NA,,
65,usted rd @UCytJLhquMEiAlhpDlZNGu6A,691K,-,Dominican Republic,,207.3K,youtube,dominican-republic,False,2024,NA,NA,,
66,Cocinando con Yolanda @UCzg-j5zJbkpb6yV4RU30m5g,677K,-,Dominican Republic,,203.1K,youtube,dominican-republic,False,2024,NA,NA,,
67,Mil Recetas @UCpw6w3HG1a-M0JZ-rSkBEGQ,676K,-,Dominican Republic,,202.8K,youtube,dominican-republic,False,2024,NA,NA,,
68,Gatillero 23 @UCR0haRWNZjMH3SjzqFALUKQ,668K,-,Dominican Republic,,200.4K,youtube,dominican-republic,False,2024,NA,NA,,
69,Nancy Amancio Music @UCcCnYUemlyiclHLL7SZxFxg,660K,0.2%,Dominican Republic,Music,198K,youtube,dominican-republic,False,2024,Music,MAPPED,,Music
70,Flow Mafia @UChF03omQMa9DrD28wE8jGhw,654K,5%,Dominican Republic,,196.2K,youtube,dominican-republic,False,2024,NA,NA,,
71,La Cosa Nostrack Studio @UCGyCOQ3Hl_4kJB-1-Lg_Q2w,653K,-,Dominican Republic,,195.9K,youtube,dominican-republic,False,2024,NA,NA,,
72,Navy TV Mundial @UC3lBvobBobH4FWTWPPpguQA,651K,-,Dominican Republic,,195.3K,youtube,dominican-republic,False,2024,NA,NA,,
73,Ely2 @UCzaRnBk6-tFkh9plHSGrK7A,650K,0.5%,Dominican Republic,,195K,youtube,dominican-republic,False,2024,NA,NA,,
74,MC Albertico @mcalberticoofficial,647K,17.5%,Dominican Republic,,194.1K,youtube,dominican-republic,False,2024,NA,NA,,
75,Albert 06 El Veterano @albert06elveterano,627K,0.9%,Dominican Republic,,188.1K,youtube,dominican-republic,False,2024,NA,NA,,
76,Argenis Jiminian @UCHRwi1a-WFadE9w3JakBeUA,601K,-,Dominican Republic,,180.3K,youtube,dominican-republic,False,2024,NA,NA,,
77,Notitas de Amor @UCjoFQjtwuWNMohumfreTK7w,589K,-,Dominican Republic,,176.7K,youtube,dominican-republic,False,2024,NA,NA,,
78,Soy Cesar @UCRlYRTYsqslzB_PKJeKi4dg,587K,-,Dominican Republic,,176.1K,youtube,dominican-republic,False,2024,NA,NA,,
79,Welinton Quiw @UC4YqcfzuUtusrbFA0MuEmCw,576K,0.6%,Dominican Republic,,172.8K,youtube,dominican-republic,False,2024,NA,NA,,
80,WiloDNewOficial @UCtOYJ0NJNWCG5zVUg_Ifp_w,575K,0.2%,Dominican Republic,,172.5K,youtube,dominican-republic,False,2024,NA,NA,,
81,aliany garcia @UCZ9x2ugjiXIj-YBU6QDM6vQ,567K,-,Dominican Republic,,170.1K,youtube,dominican-republic,False,2024,NA,NA,,
82,DJ BIBERON (Official) @UCq0HlTi3f8PTLmK6EOzZ3fQ,560K,-,Dominican Republic,,168K,youtube,dominican-republic,False,2024,NA,NA,,
83,EL HAITIANO COMPALE @UCF9QMDUtWZfaRunqk9igMYQ,559K,-,Dominican Republic,,167.7K,youtube,dominican-republic,False,2024,NA,NA,,
84,REY PANDORA / BEATS @UCzcwJapoT0na5BnmLXK3_3Q,545K,-,Dominican Republic,,163.5K,youtube,dominican-republic,False,2024,NA,NA,,
85,Guelo Deluxe @UCNvWx6iQjt6UibgmhOCyTWg,542K,0.1%,Dominican Republic,,162.6K,youtube,dominican-republic,False,2024,NA,NA,,
86,Blankito @UCaMH3cATWA4jc6UzwHItNTA,535K,-,Dominican Republic,,160.5K,youtube,dominican-republic,False,2024,NA,NA,,
87,Los Jadri De la risa @UC-8bABmQlLyETKbNfDiH6yQ,523K,-,Dominican Republic,,156.9K,youtube,dominican-republic,False,2024,NA,NA,,
88,Mirianny De los santos @UCHAQwTqmeZN0JY2ZPDaxQzQ,519K,-,Dominican Republic,,155.7K,youtube,dominican-republic,False,2024,NA,NA,,
89,El Pepe Oficial @UC7uffwtMoO3dYbiYXukR8BQ,517K,0.5%,Dominican Republic,,155.1K,youtube,dominican-republic,False,2024,NA,NA,,
90,Las Ocurrencias De Emanuelito @UCgfI9feROp7dXoZbtW-5qxw,513K,-,Dominican Republic,,153.9K,youtube,dominican-republic,False,2024,NA,NA,,
91,Kiskeya Life @UC1gKBgknwlQagEnq4Q-UnCg,507K,2.7%,Dominican Republic,,152.1K,youtube,dominican-republic,False,2024,NA,NA,,
92,CHALA TV @UC7-99iyyPlZq3YRmLdPG1kg,497K,0.1%,Dominican Republic,,149.1K,youtube,dominican-republic,False,2024,NA,NA,,
93,MAFFiO GLOBAL @UCY9ri0QaveTiaqxyHubnHig,497K,0.1%,Dominican Republic,,149.1K,youtube,dominican-republic,False,2024,NA,NA,,
94,CRONUSRD @UCCFqT46kqAvLM8csKB1wy8Q,490K,0.1%,Dominican Republic,,147K,youtube,dominican-republic,False,2024,NA,NA,,
95,Roberto Angel Salcedo @UCRYbie0hfeXqplk4D5vQzpA,487K,0.1%,Dominican Republic,,146.1K,youtube,dominican-republic,False,2024,NA,NA,,
96,4K FAMILY más flow @UCpFmsA9VKq3oFNg5k7X4u9w,483K,1%,Dominican Republic,,144.9K,youtube,dominican-republic,False,2024,NA,NA,,
97,ESCUADRÓN DE ORACIÓN @UCZ7wAazQSgUge_lMdvWl85Q,481K,-,Dominican Republic,,144.3K,youtube,dominican-republic,False,2024,NA,NA,,
98,Melymel @UCwLSAiXxpTBVchBc-ucaxog,480K,3.4%,Dominican Republic,,144K,youtube,dominican-republic,False,2024,NA,NA,,
99,UrbanoDR @UCV9Ns22gJItgpmHvAiIdwmw,472K,-,Dominican Republic,,141.6K,youtube,dominican-republic,False,2024,NA,NA,,
100,Los Hermanos HD @UCbQlGeGwiIKCJ8V0Yj7U_pg,467K,-,Dominican Republic,,140.1K,youtube,dominican-republic,False,2024,NA,NA,,
1,Doc Tops @UCAolsolgHiURrQBuZ4qe0lg,13.8M,0.2%,Ecuador,,4.1M,youtube,ecuador,False,2024,NA,NA,,
2,RaptorGamer @UCS4OZlj8753fezBtH62TRDg,12.7M,-,Ecuador,,3.8M,youtube,ecuador,False,2024,NA,NA,,
3,MIS PEQUEÑOS ACTORES @UCFE81LrtSi1lxL0h_6GwyaQ,9.1M,-,Ecuador,,2.7M,youtube,ecuador,False,2024,NA,NA,,
4,QUISBROT @UCPH4Uvr87z9HTwCalXPZqOQ,3.1M,-,Ecuador,,942K,youtube,ecuador,False,2024,NA,NA,,
5,Wallas Da Silva @UCyWkiZfibCH6ENLl6D--gng,2.7M,0.1%,Ecuador,,822K,youtube,ecuador,False,2024,NA,NA,,
6,Nancy Risol @UCDZhJlgKdsdk_5bodS7Gm7A,2.6M,0.1%,Ecuador,,792K,youtube,ecuador,False,2024,NA,NA,,
7,TopMan @UCcGSN_X2rHEwej7zXFL6-gQ,2.6M,-,Ecuador,,780K,youtube,ecuador,False,2024,NA,NA,,
8,KreckGamer @UCgsNNwktpmDxiFX1hz5KrkQ,2.3M,3.2%,Ecuador,,693K,youtube,ecuador,False,2024,NA,NA,,
9,KevleX Show @UC7QGPzPwBROLbwl-T_iIGRQ,2.2M,0.5%,Ecuador,,648K,youtube,ecuador,False,2024,NA,NA,,
10,Positivos @UCF-178L6ewervVYFHbpEsOw,1.9M,-,Ecuador,,579K,youtube,ecuador,False,2024,NA,NA,,
11,JorgeIsaac115 @UCDp-aWLlOZUWwtG4c1maZKQ,1.9M,0.5%,Ecuador,,561K,youtube,ecuador,False,2024,NA,NA,,
12,NAYLA Vlogs @UC_zaLJ30yLlq5Pd86jdu_Og,1.8M,0.1%,Ecuador,,549K,youtube,ecuador,False,2024,NA,NA,,
13,Adrian Yepez Fitness @UCB0vssTrVuRXTf_7vFRoxzw,1.8M,-,Ecuador,,531K,youtube,ecuador,False,2024,NA,NA,,
14,WefeOfficial @wefeofficial,1.6M,2.6%,Ecuador,,483K,youtube,ecuador,False,2024,NA,NA,,
15,Deriam Studios @UC-aJ5-YxVUH77ro5MGJt7Dg,1.5M,-,Ecuador,,435K,youtube,ecuador,False,2024,NA,NA,,
16,Luz María @UCohmArq3kiopKqYbSwmVbHw,1.4M,-,Ecuador,,423K,youtube,ecuador,False,2024,NA,NA,,
17,Ecuavisa @UCRUV3nUNSc-xpBrTwQOCQQg,1.4M,-,Ecuador,,414K,youtube,ecuador,False,2024,NA,NA,,
18,GabSolf @gabsolf,1.3M,0.3%,Ecuador,,402K,youtube,ecuador,False,2024,NA,NA,,
19,CRONOS FILMS TV @UCvPidFo-5ipjKeoDPPBpSFQ,1.3M,-,Ecuador,,381K,youtube,ecuador,False,2024,NA,NA,,
20,JoelThePro @UCR7C98e3SYFXF207_XMRCAQ,1.3M,-,Ecuador,,375K,youtube,ecuador,False,2024,NA,NA,,
21,Mois @UCInry9EVnzn9dwu6so-1ZIQ,1.2M,0.3%,Ecuador,,354K,youtube,ecuador,False,2024,NA,NA,,
22,DJ EDUARDO @UCYOxMYgsLgRYnHZY8fEQa2g,1.1M,14%,Ecuador,,333K,youtube,ecuador,False,2024,NA,NA,,
23,Jefferson Rescata @UCbT2MOpQ4nQ2F8fEWrk5T3g,1.1M,-,Ecuador,,330K,youtube,ecuador,False,2024,NA,NA,,
24,Mikecrack Noticias @UCAPV5WaIJGRO7zCKWOwSTlw,1.1M,-,Ecuador,,321K,youtube,ecuador,False,2024,NA,NA,,
25,ECDF - El Canal del Fútbol @UComm7W4UIS_sIP4QIj-afQQ,1.1M,-,Ecuador,,315K,youtube,ecuador,False,2024,NA,NA,,
26,Kasterwey Music @UClBfPO2qq7YlKwzn6B5sT4Q,1.1M,-,Ecuador,,315K,youtube,ecuador,False,2024,NA,NA,,
27,Reflexiones de Vida @UCVuSsaWgsyoECvCiYLgsTsQ,1.1M,-,Ecuador,,315K,youtube,ecuador,False,2024,NA,NA,,
28,VITERI BOXING @UClGNpfpf2ZJjToo4Mn34k8g,1M,0.1%,Ecuador,,306K,youtube,ecuador,False,2024,NA,NA,,
29,AshukitO @UCXi_Od0G-Qc7Y3kQmhKZAgw,996K,-,Ecuador,,298.8K,youtube,ecuador,False,2024,NA,NA,,
30,Chakita @UCLb3PvD5RlySOqwUmbD7Wzg,903K,1.2%,Ecuador,,270.9K,youtube,ecuador,False,2024,NA,NA,,
31,the DuWard player @UCxejMO24F9dniXyob_QdSnw,898K,-,Ecuador,,269.4K,youtube,ecuador,False,2024,NA,NA,,
32,FinnHDA @UCa5kta_r_lLyAVAGLYD-FCA,892K,-,Ecuador,,267.6K,youtube,ecuador,False,2024,NA,NA,,
33,KWA @UCW508ZZAAJg_O99kFHio_ew,891K,0.1%,Ecuador,,267.3K,youtube,ecuador,False,2024,NA,NA,,
34,MEJORES FREESTYLE RAP @UCSZkHPRwZOBrHVYGHa2k0Sg,850K,-,Ecuador,,255K,youtube,ecuador,False,2024,NA,NA,,
35,Remedios Caseros 10 @UCzHkXxPRO0LpTcno_x2Y0wQ,841K,-,Ecuador,,252.3K,youtube,ecuador,False,2024,NA,NA,,
36,HipotesisdePoder @UCp-ZlVc-lJ7MrdlzMOJU36g,832K,0.8%,Ecuador,,249.6K,youtube,ecuador,False,2024,NA,NA,,
37,Smith Benavides @UCXxRXli3jLXd75Z9YLr5Qig,802K,-,Ecuador,,240.6K,youtube,ecuador,False,2024,NA,NA,,
38,OSHITA FF @oshitaff,773K,0.5%,Ecuador,,231.9K,youtube,ecuador,False,2024,NA,NA,,
39,FernandoOtv @UCCrr-sZMoa2PjuFugEFNZ6g,766K,0.2%,Ecuador,,229.8K,youtube,ecuador,False,2024,NA,NA,,
40,Regala Siempre Amor @bequiharo,760K,0.1%,Ecuador,,228K,youtube,ecuador,False,2024,NA,NA,,
41,Maikel Moreira @maikelmoreira,752K,0.5%,Ecuador,,225.6K,youtube,ecuador,False,2024,NA,NA,,
42,CharlieTales @UCOQ-ru8bJZSj_gqDyO9r1dQ,748K,1.5%,Ecuador,,224.4K,youtube,ecuador,False,2024,NA,NA,,
43,elgranqenk2 @UCTVlEYIot8eHlhSlziENlog,744K,0.7%,Ecuador,,223.2K,youtube,ecuador,False,2024,NA,NA,,
44,EL INCREIBLE MUNDO DEL VINE @UCqljMN6apJAE7Y04Zja6BwA,743K,-,Ecuador,,222.9K,youtube,ecuador,False,2024,NA,NA,,
45,Marcos Otavalo @UCZ0CaICGPGgjLgMbNWM44jg,709K,0.2%,Ecuador,,212.7K,youtube,ecuador,False,2024,NA,NA,,
46,Mabe Blog @mabelacosta,698K,0.2%,Ecuador,,209.4K,youtube,ecuador,False,2024,NA,NA,,
47,El Cabra @UC25VXlvds0XycRDdcCnH7lw,693K,-,Ecuador,,207.9K,youtube,ecuador,False,2024,NA,NA,,
48,Aaron Cuenca @aaroncuencavlogs,678K,-,Ecuador,,203.4K,youtube,ecuador,False,2024,NA,NA,,
49,Dreaming TV @UCF87l5C1yvDUZxzxdJ94JVw,652K,-,Ecuador,,195.6K,youtube,ecuador,False,2024,NA,NA,,
50,NanDito Ind @UCSvDtZxWenZ2jt0-oHzPM9A,649K,-,Ecuador,,194.7K,youtube,ecuador,False,2024,NA,NA,,
51,Hacia un Nuevo Estilo de Vida @UCygsuqHrjo5Tv5L1hPzryog,649K,-,Ecuador,,194.7K,youtube,ecuador,False,2024,NA,NA,,
52,The Covers Duo @UC2X-Km5vNPYT647tHFLcnWw,648K,-,Ecuador,,194.4K,youtube,ecuador,False,2024,NA,NA,,
53,Keydan SK @UC4hEC152wXH_-UyX6LjrLgg,644K,-,Ecuador,,193.2K,youtube,ecuador,False,2024,NA,NA,,
54,Alex Espin @UCNJtFEVQ_FKvKEh6OGpKZhQ,636K,-,Ecuador,,190.8K,youtube,ecuador,False,2024,NA,NA,,
55,enchufeplus @UCh78F0yEEeFWKoo4aNvCqgg,625K,-,Ecuador,,187.5K,youtube,ecuador,False,2024,NA,NA,,
56,Kido Senpai @UCi9x-GTbIG78jOb_I_KvGlA,593K,0.8%,Ecuador,,177.9K,youtube,ecuador,False,2024,NA,NA,,
57,Emprende Rapeando @UCqsr0GoekQiuBzipL4SSloA,573K,-,Ecuador,,171.9K,youtube,ecuador,False,2024,NA,NA,,
58,Fighter 593 @UCR9Qg7_XsLjtNK1uvtabkhQ,565K,0.1%,Ecuador,,169.5K,youtube,ecuador,False,2024,NA,NA,,
59,iLuisCrah @UCyKvYdD5KeS2wgeNAgm5xSQ,556K,-,Ecuador,,166.8K,youtube,ecuador,False,2024,NA,NA,,
60,LEONARDBLUE S.A. @UCE8VEu6qMJ_6Wp-7B-i4sug,555K,-,Ecuador,,166.5K,youtube,ecuador,False,2024,NA,NA,,
61,EsqueSoyBrandon @UCIou54V3KNzvzDi39u353hQ,536K,-,Ecuador,,160.8K,youtube,ecuador,False,2024,NA,NA,,
62,Paris Fernando @UC3XmTHt0IN_C0ETJec2lpKg,529K,0.5%,Ecuador,,158.7K,youtube,ecuador,False,2024,NA,NA,,
63,DEKUZAM @UCR_M-VagOOrAqFoWqubGjXQ,529K,0.1%,Ecuador,,158.7K,youtube,ecuador,False,2024,NA,NA,,
64,AdoNis @UCwVs_-H_9HZWQaWWc8rWUkg,524K,-,Ecuador,,157.2K,youtube,ecuador,False,2024,NA,NA,,
65,Logan y Logan @UCAH2A_kID45Z0GLhD49Eykw,513K,0.1%,Ecuador,,153.9K,youtube,ecuador,False,2024,NA,NA,,
66,ben 10 (2016) @UC9PVGpJVaPzeSiaDKTIoD7w,498K,-,Ecuador,,149.4K,youtube,ecuador,False,2024,NA,NA,,
67,ErickGN @UCHdlIN9ML84kiJgrh0AmZYA,491K,-,Ecuador,,147.3K,youtube,ecuador,False,2024,NA,NA,,
68,JushiTo @UCD4gB5Rr1G5MA92K9v84aig,465K,-,Ecuador,,139.5K,youtube,ecuador,False,2024,NA,NA,,
69,PC fácil Digital @UCKPlk0uN5ydu5kH03CY9EVQ,464K,-,Ecuador,,139.2K,youtube,ecuador,False,2024,NA,NA,,
70,Bubaloh @UCo7nkFLLpL2D-TfU2GwLXgg,462K,-,Ecuador,,138.6K,youtube,ecuador,False,2024,NA,NA,,
71,MOFLETV @UCxVjI2MMQD74BtWfQuWSo_Q,461K,-,Ecuador,,138.3K,youtube,ecuador,False,2024,NA,NA,,
72,Chaval´s Gameplays @UCMuwWguuOUj_lOdsiE9et-w,453K,-,Ecuador,Video Gaming,135.9K,youtube,ecuador,False,2024,Tech&Gaming,MAPPED,,Video Gaming
73,Ramón Torres Psicólogo Oficial @UC879sSxcToO3pbkkdi8Y-eg,435K,0.1%,Ecuador,,130.5K,youtube,ecuador,False,2024,NA,NA,,
74,VILLADROOP @UCOWNxSh110y4czGk03oC9rw,433K,-,Ecuador,,129.9K,youtube,ecuador,False,2024,NA,NA,,
75,Ahora Pit @UCmIqy8hFea4zxFom67ra32w,427K,-,Ecuador,,128.1K,youtube,ecuador,False,2024,NA,NA,,
76,Jorge E. Penagos P. @UCxlDL-ZpdAzESIvr-9cbjjw,426K,-,Ecuador,,127.8K,youtube,ecuador,False,2024,NA,NA,,
77,Zarex @UCa3P1zy6RvbmYd7ut20izDw,424K,0.3%,Ecuador,,127.2K,youtube,ecuador,False,2024,NA,NA,,
78,Raul Alejo @UCY2TExlp2plFrdTUOBhhgIw,416K,-,Ecuador,,124.8K,youtube,ecuador,False,2024,NA,NA,,
79,Luz María Historias de Vida @UC2M2U64a1frYW0oXh-9jzPg,411K,0.5%,Ecuador,,123.3K,youtube,ecuador,False,2024,NA,NA,,
80,Esta Es Mi Historia Tv @UCAbHJYCH9kGY92rBqVac-Ow,404K,-,Ecuador,,121.2K,youtube,ecuador,False,2024,NA,NA,,
81,SELENE YT @UCG7az8mRcybvaImh_KIy0yw,402K,-,Ecuador,,120.6K,youtube,ecuador,False,2024,NA,NA,,
82,Capsules for Alma - Ricardo Bonilla @UCry8j-3lNmnn65Z906UnwFA,394K,0.1%,Ecuador,,118.2K,youtube,ecuador,False,2024,NA,NA,,
83,Orquiplanet @UCGjRlQ3fT35a8z015A71yTA,388K,-,Ecuador,,116.4K,youtube,ecuador,False,2024,NA,NA,,
84,RayXaX @UCDCq_4XxhMHIAG850pHcM9A,387K,0.8%,Ecuador,,116.1K,youtube,ecuador,False,2024,NA,NA,,
85,Rabbito @UCEmimq4jw6uVL2HiaN5_2kg,379K,0.3%,Ecuador,,113.7K,youtube,ecuador,False,2024,NA,NA,,
86,Damian @UCIh-g_DaRRxn9PWfj1Kpvfw,378K,1.3%,Ecuador,,113.4K,youtube,ecuador,False,2024,NA,NA,,
87,Miranda García Delicias Ecuatorianas @UCD618AB54f0UXnhp8EZ6YIw,375K,-,Ecuador,,112.5K,youtube,ecuador,False,2024,NA,NA,,
88,Pavlova Charpentier @UCT2J9abS8F2Ja60gncodM0w,364K,-,Ecuador,,109.2K,youtube,ecuador,False,2024,NA,NA,,
89,Doctor Amor @UCtPOzqJMV0iuhu5Rm7c1FKQ,356K,-,Ecuador,,106.8K,youtube,ecuador,False,2024,NA,NA,,
90,Otro canal sin sentido @UC1MNgg87Hfgc5bl99ZFHizg,356K,-,Ecuador,,106.8K,youtube,ecuador,False,2024,NA,NA,,
91,Canal del Sagrado Corazón de Jesús @UCqtjE3Ogul1-WIFpxBFpOlQ,353K,0.2%,Ecuador,,105.9K,youtube,ecuador,False,2024,NA,NA,,
92,Conciencia Cristiana @UCVZ9sWJlPmVzmTjD9LQKBFw,350K,0.1%,Ecuador,,105K,youtube,ecuador,False,2024,NA,NA,,
93,dapy @UC3AI4eAETh4T-w6M4ZkTI1A,346K,-,Ecuador,Music,103.8K,youtube,ecuador,False,2024,Music,MAPPED,,Music
94,Adrian Siup @UC4-ZfsgSWtDJTYNP9wCMbRw,338K,3.2%,Ecuador,,101.4K,youtube,ecuador,False,2024,NA,NA,,
95,artemanual @UC00aHUD5Gon8Kk0K7t_hQww,338K,-,Ecuador,,101.4K,youtube,ecuador,False,2024,NA,NA,,
96,Catherine Brett @catherinebrett,338K,1.6%,Ecuador,,101.4K,youtube,ecuador,False,2024,NA,NA,,
97,no-noticias oficial @UCph-gg9DqVZffPcEFT4O_Bg,336K,-,Ecuador,,100.8K,youtube,ecuador,False,2024,NA,NA,,
98,Dj Rick'tronick @UC3k1qvvHsT_1WK05cn8l2sQ,336K,-,Ecuador,,100.8K,youtube,ecuador,False,2024,NA,NA,,
99,illusiøns @UCYbfKltcsu0vT9tTfZQ_72A,335K,-,Ecuador,,100.5K,youtube,ecuador,False,2024,NA,NA,,
100,En vida de las Gallinas 2 @UC1YPlfg3kWP7Es1XFSWkTLQ,328K,-,Ecuador,,98.4K,youtube,ecuador,False,2024,NA,NA,,
1,Mohamed Ramadan I محمد رمضان @UCJCj2HtcnbOyCj1rmKaxwJg,14.2M,0.7%,Egypt,,4.3M,youtube,egypt,False,2024,NA,NA,,
2,123 GO! Arabic @UCpOJTQlSIeyAy89UwcpoN0A,8.8M,-,Egypt,,2.6M,youtube,egypt,False,2024,NA,NA,,
3,Al Nahar TV @UCtpL6HyBK-z16GbJguHf3JQ,8.2M,-,Egypt,,2.5M,youtube,egypt,False,2024,NA,NA,,
4,Shawar @UCUSdNXmG2LlNS01ptoq24MA,7.9M,-,Egypt,,2.4M,youtube,egypt,False,2024,NA,NA,,
5,قناة المجلة @UC6E13U6cZmwpfGVwBgC4isQ,7.7M,-,Egypt,,2.3M,youtube,egypt,False,2024,NA,NA,,
6,ON @UCpuCos88YFmYxjHamHhEJhA,7.7M,-,Egypt,,2.3M,youtube,egypt,False,2024,NA,NA,,
7,Vincenzo @UC_coy_NX4AP5hu1FaHYQaDw,6.9M,0.2%,Egypt,,2.1M,youtube,egypt,False,2024,NA,NA,,
8,dmc @UCEeFa7t5I0fqpcLGF-36TEw,6.7M,-,Egypt,,2M,youtube,egypt,False,2024,NA,NA,,
9,دروس أونلاين @UCEHvaZ336u7TIsUQ2c6SAeQ,6.4M,0.4%,Egypt,,1.9M,youtube,egypt,False,2024,NA,NA,,
10,Mazzika - مزيكا @UCxIoihijwX4BvHjPGjKrovg,6.3M,-,Egypt,,1.9M,youtube,egypt,False,2024,NA,NA,,
11,Ramez Galal @UCWLPH3b4FEbI4kRO0LKxMMg,6.2M,-,Egypt,,1.9M,youtube,egypt,False,2024,NA,NA,,
12,"Free Music ""Nasr Mahrous"" @UCFHO4UajO7sADTOhOQTqqag",6.2M,-,Egypt,,1.9M,youtube,egypt,False,2024,NA,NA,,
13,Information | M3loma @UCA1t1vV27405K8EJKphDfbQ,6M,-,Egypt,,1.8M,youtube,egypt,False,2024,NA,NA,,
14,Amr Diab @UCpui0-2JqcAcII4ybpB1q3w,5.8M,-,Egypt,,1.7M,youtube,egypt,False,2024,NA,NA,,
15,برنامج هي وبس @UCfypXlJbI-hA6eotW5IUTxg,5.7M,-,Egypt,,1.7M,youtube,egypt,False,2024,NA,NA,,
16,CBCDrama @UC3Dci3BzZXDo4jw4dU8KqWg,5.5M,-,Egypt,,1.6M,youtube,egypt,False,2024,NA,NA,,
17,El Sobky Productions - السبكي @UCSVSS5aSyHh7ChJlICx_Gkg,5.5M,-,Egypt,,1.6M,youtube,egypt,False,2024,NA,NA,,
18,Mustafa Hosny @UCwttCEi9Fq1DgTd5Anil6rQ,5.3M,-,Egypt,,1.6M,youtube,egypt,False,2024,NA,NA,,
19,Hekal Twins | هيكل توينز @UCsmb0-elPWzqrJLAZBe7ozA,5.3M,0.1%,Egypt,,1.6M,youtube,egypt,False,2024,NA,NA,,
20,Mahmoud elgamal-محمود الجمل @UC_1EWggPRa5TEhlUWbnMK5Q,5.2M,0.2%,Egypt,,1.6M,youtube,egypt,False,2024,NA,NA,,
21,Gege recipes @UC38mz7oEvdEarBwIDD_14wg,5.2M,-,Egypt,,1.6M,youtube,egypt,False,2024,NA,NA,,
22,Mahmoud Mustafa - Soft Fun @UCWpKAO7_kr2EI4371uModog,4.7M,0.1%,Egypt,,1.4M,youtube,egypt,False,2024,NA,NA,,
23,Islam Sobhi | القارئ اسلام صبحي @UCzU3jMTL1mFb3Ql9g-pRn9A,4.6M,-,Egypt,,1.4M,youtube,egypt,False,2024,NA,NA,,
24,Mona Elshazly @UCrNtUy4sBJ2rGB4QS4FmgRA,4.6M,-,Egypt,,1.4M,youtube,egypt,False,2024,NA,NA,,
25,Sherine @UC4FPEho0zT1W9gftBydPWIw,4.6M,-,Egypt,,1.4M,youtube,egypt,False,2024,NA,NA,,
26,ندي و احمد @UCyVxCVQmbc3-zqqESxFrTdQ,4.5M,0.8%,Egypt,,1.4M,youtube,egypt,False,2024,NA,NA,,
27,عشوائيات @UCe1m3ZH68Q8314yqulWHTcw,4.5M,-,Egypt,,1.3M,youtube,egypt,False,2024,NA,NA,,
28,Naser - Hekaia @UCNKSVW2l2A-6ogoCrpP8XCQ,4.4M,-,Egypt,,1.3M,youtube,egypt,False,2024,NA,NA,,
29,حرف إبداعية تصنعها بنفسك في 5 دقائق @UCZLnLW_Jn3ZT3NnGL6B_Vuw,4.3M,-,Egypt,,1.3M,youtube,egypt,False,2024,NA,NA,,
30,Nader Ahmed @naderahmed,4.2M,0.1%,Egypt,,1.3M,youtube,egypt,False,2024,NA,NA,,
31,EL Adl Group - العدل جروب @UCk554VGjGrZsLBUPW11cC7A,4.2M,-,Egypt,,1.3M,youtube,egypt,False,2024,NA,NA,,
32,Alhayah Series TV @UCfM85hxqqKrgGHgFDwcwOpg,4.2M,-,Egypt,,1.2M,youtube,egypt,False,2024,NA,NA,,
33,Shaabeyat Channel @UCyBHmgAlGGlz_jYtjbcEbPg,4M,-,Egypt,,1.2M,youtube,egypt,False,2024,NA,NA,,
34,123 GO! GOLD Arabic @UC0m7f6JrzV1HhvgH22MVEjQ,4M,-,Egypt,,1.2M,youtube,egypt,False,2024,NA,NA,,
35,CBC Egypt @UCB6sc84dcg6VQGB_d89sx2g,3.9M,-,Egypt,,1.2M,youtube,egypt,False,2024,NA,NA,,
36,القاهرة والناس @UCzWdc0aUo0IDk5ysLrt04hw,3.9M,-,Egypt,,1.2M,youtube,egypt,False,2024,NA,NA,,
37,القناة الرسمية للإعلامي معتز مطر @UCum7DSqLYPc23jsyds-X97Q,3.8M,0.1%,Egypt,,1.2M,youtube,egypt,False,2024,NA,NA,,
38,الهلالي شو - Elhilaly Show @UCI-uBN2_AJ8W3bgtiuUr7Iw,3.7M,-,Egypt,,1.1M,youtube,egypt,False,2024,NA,NA,,
39,123 GO! CHALLENGE Arabic @UCLhyocD0AAid1XiiOggv3_Q,3.7M,-,Egypt,,1.1M,youtube,egypt,False,2024,NA,NA,,
40,هبة ابو الخير Heba Abo Elkheir @UCxlhhz1-jnzO2Or44HKINaw,3.6M,0.1%,Egypt,,1.1M,youtube,egypt,False,2024,NA,NA,,
41,Mohamed Hamaki @UCwTGMDozfRy35__tkvlRc_g,3.5M,1%,Egypt,,1.1M,youtube,egypt,False,2024,NA,NA,,
42,Sada Elbalad - صدى البلد @UCJWuV-EkLmRrGZ4afwUBenw,3.5M,-,Egypt,,1.1M,youtube,egypt,False,2024,NA,NA,,
43,Arabic Fairy Tales for Kids - قصص اطفال @UCBqfiWktGq5Gy-B5fIaUdzw,3.5M,-,Egypt,,1M,youtube,egypt,False,2024,NA,NA,,
44,Joe Show - جو شو @UCVlAsbQEG1yvoAYzt1TEo0Q,3.5M,0.9%,Egypt,,1M,youtube,egypt,False,2024,NA,NA,,
45,WATCH IT @UC9pd5VvcJETJaNGz9_K3Pow,3.4M,-,Egypt,,1M,youtube,egypt,False,2024,NA,NA,,
46,cbc Sofra @UCCdCsHQRURiTXwDwwW6fx0w,3.4M,-,Egypt,,1M,youtube,egypt,False,2024,NA,NA,,
47,Ahmed Saad @UCBzJgJllSsZunDTD1ekAciA,3.3M,-,Egypt,,978K,youtube,egypt,False,2024,NA,NA,,
48,Lido - ليدو @UCAxQKtYU44WSrOAsd0JseZA,3.2M,-,Egypt,,951K,youtube,egypt,False,2024,NA,NA,,
49,muscle clinic @UCsJRPfHLASyko7TKI2NXeCA,3.1M,-,Egypt,,942K,youtube,egypt,False,2024,NA,NA,,
50,123 GO! SCHOOL Arabic @UCYQ-pwbTVi466WviyADqE_A,3.1M,-,Egypt,,918K,youtube,egypt,False,2024,NA,NA,,
51,عصام صاصا - Essam Saasa @UCjrMuVOBkaC9mIhqsNtegmQ,3.1M,-,Egypt,,918K,youtube,egypt,False,2024,NA,NA,,
52,فاطمة أبو حاتي - Fatma Abu Haty @UCyUnkCOIbi-7MImxJcOu3Lg,3M,-,Misri,,909K,youtube,egypt,False,2024,NA,NA,,
53,Omar Kamal @UCnBLTjVEtEX4Ry7yqQaEYXg,2.9M,-,Misri,,873K,youtube,egypt,False,2024,NA,NA,,
54,123 GO LIKE! Arabic @UCiUmR2kADYuk92dIJyYsg-A,2.9M,-,Misri,,867K,youtube,egypt,False,2024,NA,NA,,
55,المسامح كريم @UCec_75mqcgupvxt7n4n_HjQ,2.9M,-,Misri,,861K,youtube,egypt,False,2024,NA,NA,,
56,قوة العقل @UCMLcJmgSyAhJIGk5M54lYqw,2.8M,-,Misri,,852K,youtube,egypt,False,2024,NA,NA,,
57,TVision @UCIAeQiNoobuTYW2TlfomGsA,2.8M,-,Misri,,843K,youtube,egypt,False,2024,NA,NA,,
58,CairokeeOfficial @UCp-brkrLhdNTkAVoR1qHm3A,2.8M,-,Misri,,831K,youtube,egypt,False,2024,NA,NA,,
59,Fe Baytena Robot @UCuH8e34-0X_Rc7Lj_8K7qOw,2.8M,-,Misri,,825K,youtube,egypt,False,2024,NA,NA,,
60,Orange Egypt @UCT4vJ95wlqS_gmcO-KW8zOw,2.8M,0.2%,Misri,,825K,youtube,egypt,False,2024,NA,NA,,
61,Mohamed Tarek محمد طارق @UCPp0_tTnE3DUJmUmcLMfOyg,2.7M,-,Misri,,822K,youtube,egypt,False,2024,NA,NA,,
62,دنيا عزيز @UC-wc7F5oDEcbyONbC0XqgPQ,2.7M,1.3%,Misri,,819K,youtube,egypt,False,2024,NA,NA,,
63,Hamo Bika - حمو بيكا @UCawKMKQQ5qSl8oZOfCfkXbA,2.7M,-,Misri,,813K,youtube,egypt,False,2024,NA,NA,,
64,Mehwar TV @UCYoo3rvwB24q9_kRCgR897Q,2.7M,-,Misri,,804K,youtube,egypt,False,2024,NA,NA,,
65,جمالك طبيعي مع مروة عزام @UCvORhsNoJJyo67Ml6KOIH4Q,2.7M,-,Misri,,798K,youtube,egypt,False,2024,NA,NA,,
66,بانوراما فوود - PNC Food @UC4Z-RcQmSCNS-GIZKv40TPQ,2.7M,-,Misri,Chakula na Vinywaji,798K,youtube,egypt,False,2024,Lifestyle,MAPPED,,Food and Drinks
67,أكاديمية أسماء لتحفيظ القرآن @UCGFm0-5vRHxQkLJulBtuZ3w,2.7M,-,Misri,Vitabu,795K,youtube,egypt,False,2024,Knowledge&Info,MAPPED,,Books
68,Hamada Helalofficial @UCpr-V-C5NyiIJ5gaAexOeyg,2.7M,-,Misri,,795K,youtube,egypt,False,2024,NA,NA,,
69,kariZma @UCUm6aTahaq6pS1CU7xXgSBw,2.6M,-,Misri,,789K,youtube,egypt,False,2024,NA,NA,,
70,قناة تجربتي مع ايمان @UCdDFxO7PSnu2eJQC5cqOSeQ,2.6M,-,Misri,,783K,youtube,egypt,False,2024,NA,NA,,
71,طبيب اطفال د/ محمد دسوقي @UClyGyUqXvoGs1fHeuS5a1Dw,2.6M,-,Misri,Masoko na Utangazaji,774K,youtube,egypt,False,2024,Knowledge&Info,MAPPED,,Marketing and Advertising
72,حوارات - 7warat @UC7hzdUkoRB-wmsDfLfPOSAA,2.6M,-,Misri,,771K,youtube,egypt,False,2024,NA,NA,,
73,هالة سمير @UCH0J6cLZzbHvm7aKeNrWLdA,2.6M,-,Misri,,771K,youtube,egypt,False,2024,NA,NA,,
74,Elsharq TV @UCxx-W7y5qIoFKHp7W-Efhcw,2.6M,-,Misri,,765K,youtube,egypt,False,2024,NA,NA,,
75,VISION @UC-HkebK0lB-QJOlv_FWxsfw,2.6M,-,Misri,,765K,youtube,egypt,False,2024,NA,NA,,
76,gabs masr @UCmKK43Rg3QW-QzbQTHkFweQ,2.5M,-,Misri,,756K,youtube,egypt,False,2024,NA,NA,,
77,EL Twins 2 @UCtxg2b4U8bdY-mOZgjQRvcg,2.5M,2.4%,Misri,,753K,youtube,egypt,False,2024,NA,NA,,
78,Mekky Music @UC5F2sh-KJOPakiYyGzR1ffg,2.5M,-,Misri,,744K,youtube,egypt,False,2024,NA,NA,,
79,El Schoola - الاسكوله @UCxhMyy_YpfigS83kign-0_g,2.5M,-,Misri,,741K,youtube,egypt,False,2024,NA,NA,,
80,Nogoum Records @UCAwxzf-oKK63-_kPMcgXJ1Q,2.4M,-,Misri,,726K,youtube,egypt,False,2024,NA,NA,,
81,عبدالله ناصر @UCOVHJ8NtaQrcDUsW9G7iBMA,2.4M,0.1%,Misri,,723K,youtube,egypt,False,2024,NA,NA,,
82,Saba7o Korah - صباحو كورة @saba7okorah,2.4M,0.7%,Misri,,714K,youtube,egypt,False,2024,NA,NA,,
83,Ahmed Kamel - أحمد كامل @UCuQkXcgjSKpoQDp8Yn9WHVA,2.4M,8.4%,Misri,Muziki,711K,youtube,egypt,False,2024,Music,MAPPED,,Music
84,Dream TV Egypt @UCVTcEg96476pQibXX7IMdJw,2.4M,-,Misri,,708K,youtube,egypt,False,2024,NA,NA,,
85,سام السلايم المرح @UCUabf2cM8vbDSuITGKhiXJQ,2.4M,-,Misri,,708K,youtube,egypt,False,2024,NA,NA,,
86,For a better life @UCD1AAZqyLRPiD_O-JzDZagQ,2.3M,-,Misri,,699K,youtube,egypt,False,2024,NA,NA,,
87,ONdrama @UCeTTToFL9qZIybv69LX20Lg,2.3M,-,Misri,,696K,youtube,egypt,False,2024,NA,NA,,
88,Dream Interpretation Channel / Ismail Al-Ja’biri @UC_rHb45u8zXG15HOFBRd1Gw,2.3M,-,Misri,,696K,youtube,egypt,False,2024,NA,NA,,
89,زود معلوماتك @UCP_Iq6B3KKUvxo7lAxQicDQ,2.3M,-,Misri,,687K,youtube,egypt,False,2024,NA,NA,,
90,Muhammed Khaled @UClbgVGrOH6uNweWExLXGU5Q,2.3M,0.2%,Misri,,687K,youtube,egypt,False,2024,NA,NA,,
91,الموسوعة @UC7iIeKbozDDc4YFYwXIoaWQ,2.3M,-,Misri,,687K,youtube,egypt,False,2024,NA,NA,,
92,Ekramy Hagras Family @UCXljh94cNQFPO5j-M3AoVQQ,2.3M,0.5%,Misri,,684K,youtube,egypt,False,2024,NA,NA,,
93,دكتور جودة محمد عواد @UCz3OHvHE5ISze0Zf6ho5RYw,2.3M,-,Misri,,678K,youtube,egypt,False,2024,NA,NA,,
94,Imedia Mix - أي ميديا ميكـس @UCfR78bigfCEps84qTjbsuoQ,2.2M,-,Misri,,672K,youtube,egypt,False,2024,NA,NA,,
95,أنزور للإنتاج الفني والتوزيع Anzour Media @UC4Z2zafwOO8Kl-idXnGijPQ,2.2M,-,Misri,,666K,youtube,egypt,False,2024,NA,NA,,
96,طلباتك أوامر مع دنيا رزق @UChUaoflO-Qbww7KSv1BCxcw,2.2M,-,Misri,,663K,youtube,egypt,False,2024,NA,NA,,
97,WooHoo WHOA Arabic @UCLoLEAcrcS_1QgNcNHt8RpQ,2.2M,-,Misri,,657K,youtube,egypt,False,2024,NA,NA,,
98,El Zatoona - الزتونة @UCPnXSD5IUw3YdhUy5emn_qg,2.2M,-,Misri,,657K,youtube,egypt,False,2024,NA,NA,,
99,نسر الكونغ فو Eagle Kung Fu Jaber @UCE5hSysXd4vCwdVUAEHhw1Q,2.2M,-,Misri,,651K,youtube,egypt,False,2024,NA,NA,,
100,مصطفى حسن sasamh @UC28lVUkaG6YR20p8uvKlD5Q,2.2M,-,Misri,,651K,youtube,egypt,False,2024,NA,NA,,
1,Fernanfloo @fernanfloo,47.1M,-,El Salvador,,14.1M,youtube,el-salvador,False,2024,NA,NA,,
2,Alfredo Larin @alfredolarin,32.3M,-,El Salvador,,9.7M,youtube,el-salvador,False,2024,NA,NA,,
3,Fernan @UCwosQ1lgv4kez9V4xUbJWKQ,7.3M,2.8%,El Salvador,,2.2M,youtube,el-salvador,False,2024,NA,NA,,
4,Letupita725HD★ @UC1AEadAUKi6Zt-G3PatrU-Q,4.6M,-,El Salvador,,1.4M,youtube,el-salvador,False,2024,NA,NA,,
5,Casa Magica @UCbA3EjrdDfInPURQJKZ-epA,3.9M,-,El Salvador,,1.2M,youtube,el-salvador,False,2024,NA,NA,,
6,Dragon Ball World - Official Page @UCPQrFghhMiu2QO0wqX503Kg,3.4M,-,El Salvador,,1M,youtube,el-salvador,False,2024,NA,NA,,
7,BambielR4 @bambiel,3.2M,-,El Salvador,,966K,youtube,el-salvador,False,2024,NA,NA,,
8,StatusAndroid HD @UC3QF3l2Nt9o2nibvhuorGUw,1.6M,-,El Salvador,,492K,youtube,el-salvador,False,2024,NA,NA,,
9,El Salvador 4K @UCvX6SymQRQ9pYEpaRWEExRA,1.4M,-,El Salvador,,414K,youtube,el-salvador,False,2024,NA,NA,,
10,El Salvador Nation @UCmZedovuWTi5hZaKOtf0utA,1.2M,-,El Salvador,,369K,youtube,el-salvador,False,2024,NA,NA,,
11,CatFer @UC9-BF5TxPY5b0OH3NpkoIyQ,1.2M,0.4%,El Salvador,,357K,youtube,el-salvador,False,2024,NA,NA,,
12,Aventuras Plus @UCdJn2dfiUpG9jk3kpsj5Twg,845K,-,El Salvador,,253.5K,youtube,el-salvador,False,2024,NA,NA,,
13,NEON WAR @UCcEe3vTnZsz6yi1FrHdqKcA,732K,-,El Salvador,,219.6K,youtube,el-salvador,False,2024,NA,NA,,
14,Marlon Tutos @UCt8kCGPvxHY6jq8jKBrH5Ew,699K,-,El Salvador,,209.7K,youtube,el-salvador,False,2024,NA,NA,,
15,Nigeru WILLIAM @UC46FVGFtb7L6yJCb2ebZdag,679K,0.9%,El Salvador,,203.7K,youtube,el-salvador,False,2024,NA,NA,,
16,Febe Navarro @UCVZnqVHrVrB7phGIF593NNA,642K,-,El Salvador,,192.6K,youtube,el-salvador,False,2024,NA,NA,,
17,El Salvador Plus @UCUx_7v5exsHY65QPQnjNBOw,621K,0.1%,El Salvador,,186.3K,youtube,el-salvador,False,2024,NA,NA,,
18,sweetblue. @UCZdj1MDpyXBPI6nUs_2MZhw,540K,-,El Salvador,,162K,youtube,el-salvador,False,2024,NA,NA,,
19,Chicas Plus @UC13odkPwG7b9_uWiiZdNtDA,502K,-,El Salvador,,150.6K,youtube,el-salvador,False,2024,NA,NA,,
20,El Salvador ES @UC-I7pspR6kpjCZs1eC5tCjA,482K,-,El Salvador,,144.6K,youtube,el-salvador,False,2024,NA,NA,,
21,Pablo Rosales @UC12-8KwswpRPxr9lXU2uf4w,410K,0.8%,El Salvador,,123K,youtube,el-salvador,False,2024,NA,NA,,
22,m22leonel @UCA-nault7fSvBXAeJBq6cjg,408K,-,El Salvador,,122.4K,youtube,el-salvador,False,2024,NA,NA,,
23,Otro Canal De Rap @UCo5O4BB1_V0LBagK8Ennn8A,407K,1.1%,El Salvador,,122.1K,youtube,el-salvador,False,2024,NA,NA,,
24,Heraldos del Evangelio El Salvador @UCy8AxkzTa23b_GIaV1L_N1A,405K,0.2%,El Salvador,,121.5K,youtube,el-salvador,False,2024,NA,NA,,
25,Komanche @UCGiBtrfxFhhSYL4nPBGCNaA,392K,0.5%,El Salvador,,117.6K,youtube,el-salvador,False,2024,NA,NA,,
26,Youtubero Salvadoreño @UCjp_pbg4WVHDDC6p1pczxJg,388K,-,El Salvador,,116.4K,youtube,el-salvador,False,2024,NA,NA,,
27,El Salvador Dia a Dia @UCA5wPX_P3jtmkuzIgomLFWA,382K,-,El Salvador,,114.6K,youtube,el-salvador,False,2024,NA,NA,,
28,Proyecto Dominus Tecum @UCflG7YJ-qgglJ-GiPU7ClRw,376K,0.6%,El Salvador,,112.8K,youtube,el-salvador,False,2024,NA,NA,,
29,Súper Interesante @UCSJxKtQQtmgrmIDnZsxKbiw,368K,-,El Salvador,,110.4K,youtube,el-salvador,False,2024,NA,NA,,
30,Nails Ivette @UCtWsRgnn5x_iRHkJWIOtjpA,355K,-,El Salvador,,106.5K,youtube,el-salvador,False,2024,NA,NA,,
31,Enrique Monterroza @UCl3RKXyxxWuRi2dPkUWE2pQ,340K,0.6%,El Salvador,,102K,youtube,el-salvador,False,2024,NA,NA,,
32,Dei Verbum El Salvador @UC-oSkRDxfnxNyyKW3SGhLOg,335K,0.2%,El Salvador,,100.5K,youtube,el-salvador,False,2024,NA,NA,,
33,Cocinando con El Salvador 4K @UCk44YAELxu3FHf3Fu56x2fg,334K,0.3%,El Salvador,,100.2K,youtube,el-salvador,False,2024,NA,NA,,
34,psiquica andrea @UC_ZBEzGquQbE9gI8FGqGXaw,333K,0.3%,El Salvador,,99.9K,youtube,el-salvador,False,2024,NA,NA,,
35,SOY JOSE YOUTUBER @UCUHq3Kn1VzrdvaWBF2gqbgQ,332K,5.3%,El Salvador,,99.6K,youtube,el-salvador,False,2024,NA,NA,,
36,Noticiero la Nueva Revolucion De El Salvador @UCKaiD6MpaDlV4IJw_JXJEwA,327K,0.2%,El Salvador,,98.1K,youtube,el-salvador,False,2024,NA,NA,,
37,GoPlay Videos @UCUlpk23sppNJnyNOhVVovGg,315K,-,El Salvador,,94.5K,youtube,el-salvador,False,2024,NA,NA,,
38,Canal 12 El Salvador @UC4rvyYYuqGGti3-u6VjN4SA,311K,-,El Salvador,,93.3K,youtube,el-salvador,False,2024,NA,NA,,
39,MI CANAL @UCekK1yPlqfrKyafksV-0ecg,307K,-,El Salvador,,92.1K,youtube,el-salvador,False,2024,NA,NA,,
40,Los Bichos 4K @UCTc3tb_iKJISOZqTrHGUDUw,305K,-,El Salvador,,91.5K,youtube,el-salvador,False,2024,NA,NA,,
41,Tips y Moda @UCyzP7T2VCm9Jb3-y1bRWk7g,304K,-,El Salvador,Fashion,91.2K,youtube,el-salvador,False,2024,Beauty&Fashion,MAPPED,,Fashion
42,Live El Salvador @UC86EL61rsfIHZkCW1WGRjhA,303K,-,El Salvador,,90.9K,youtube,el-salvador,False,2024,NA,NA,,
43,TradingLatino @UCLjSq1FapG5OgvHsDKinHdA,302K,1.3%,El Salvador,,90.6K,youtube,el-salvador,False,2024,NA,NA,,
44,El Canal Cristiano CJ TV @UC169IFQySUYyT-DBLa_Lp8Q,283K,-,El Salvador,,84.9K,youtube,el-salvador,False,2024,NA,NA,,
45,BabyKath @UCwxIrWed5BbkqwksqBgIduA,271K,-,El Salvador,,81.3K,youtube,el-salvador,False,2024,NA,NA,,
46,Voces Salvadoreñas @UCZmbUITNCcdZPMFg_i08JbA,271K,0.1%,El Salvador,,81.3K,youtube,el-salvador,False,2024,NA,NA,,
47,El Salvador Increíble @UCZYFgaINO2IaAHK97mWIgxw,267K,-,El Salvador,,80.1K,youtube,el-salvador,False,2024,NA,NA,,
48,Soledad Mejia @UCJpCo3IKMXoJ-WkSOTagukA,265K,1.2%,El Salvador,,79.5K,youtube,el-salvador,False,2024,NA,NA,,
49,Aventuras D Yensy @UCiSkqQE0zo5AhzoZPc6rLRQ,263K,0.3%,El Salvador,,78.9K,youtube,el-salvador,False,2024,NA,NA,,
50,Padre Neftalí Rogel @UCi1mfMaHQlHJU-FRVZLC26Q,261K,-,El Salvador,,78.3K,youtube,el-salvador,False,2024,NA,NA,,
51,EL SALVADOR SV @UCTcZEr6zH2sPKgJMc8CaZqg,253K,-,El Salvador,,75.9K,youtube,el-salvador,False,2024,NA,NA,,
52,1000 Maneras de Morir en Español @UC5aML3zJLXUJd5EgTZOkXUQ,251K,2.5%,El Salvador,,75.3K,youtube,el-salvador,False,2024,NA,NA,,
53,Mario Martinez @UCc8z0tp07QlRhrrIfcu-zSw,249K,-,El Salvador,,74.7K,youtube,el-salvador,False,2024,NA,NA,,
54,Music Record Editions Oficial @UCutcp5dAxM8_0sDIJrQ8n-Q,240K,-,El Salvador,,72K,youtube,el-salvador,False,2024,NA,NA,,
55,Los Tripudos de Live El Salvador @UCSGRvlVNwVTISJ1sp9kyQeg,237K,-,El Salvador,,71.1K,youtube,el-salvador,False,2024,NA,NA,,
56,ElJemf @UCnsvXgNAJ5NUIQYCw8R-YJA,234K,-,El Salvador,,70.2K,youtube,el-salvador,False,2024,NA,NA,,
57,Diego Bull @UCc9R9vml-C0-9_8Ux3uunNA,232K,-,El Salvador,,69.6K,youtube,el-salvador,False,2024,NA,NA,,
58,Bandas Musicales de El Salvador @UCHnLlx8WenplvdsphcZHtFw,222K,-,El Salvador,,66.6K,youtube,el-salvador,False,2024,NA,NA,,
59,Amaya Zelaya @UCAykCbIjWHY72r1QsF6sMKg,218K,-,El Salvador,,65.4K,youtube,el-salvador,False,2024,NA,NA,,
60,Deschavetados @UCLk7BUj-kaS3wNIpg6aMsAQ,218K,0.5%,El Salvador,,65.4K,youtube,el-salvador,False,2024,NA,NA,,
61,Salvador Gomez Oficial @UCLCJ23n2xV_gz7JfEfLeEjQ,208K,-,El Salvador,,62.4K,youtube,el-salvador,False,2024,NA,NA,,
62,byCarty @UCGtMGYt97YoOO-zoLFO3XyQ,202K,-,El Salvador,,60.6K,youtube,el-salvador,False,2024,NA,NA,,
63,Dexel @UCRBRBJ4Hj2KcERivoWfaecA,199K,-,El Salvador,,59.7K,youtube,el-salvador,False,2024,NA,NA,,
64,wuchet @UC9gh-cx66J7Q_ef2wWbr_Vw,194K,0.4%,El Salvador,,58.2K,youtube,el-salvador,False,2024,NA,NA,,
65,El salvador 4x4 @UCSeLiYiVxPyA0LxtgqsmTOw,192K,-,El Salvador,,57.6K,youtube,el-salvador,False,2024,NA,NA,,
66,Mundo de Kim @UCszwYJC4af0n76326exq4Bg,191K,0.1%,El Salvador,,57.3K,youtube,el-salvador,False,2024,NA,NA,,
67,El Noticiero @UCEe7CEkgrgvWrJBBu0X387A,191K,-,El Salvador,,57.3K,youtube,el-salvador,False,2024,NA,NA,,
68,Queso Vasquez @UCnUuJZ7yWeWbVscRfFq2mYw,190K,-,El Salvador,,57K,youtube,el-salvador,False,2024,NA,NA,,
69,Telenoticias 21 @UCRSUHZfDZ6_-SYcTo35dM6Q,188K,-,El Salvador,,56.4K,youtube,el-salvador,False,2024,NA,NA,,
70,Cristianos Católicos @UCpvHbPJ3A6Zhc-5IO12HRmg,187K,-,El Salvador,,56.1K,youtube,el-salvador,False,2024,NA,NA,,
71,canal33tvelsalvador @UCF1TmYblV-VeqZy3ILeg7AA,180K,-,El Salvador,,54K,youtube,el-salvador,False,2024,NA,NA,,
72,Team Skaylan @UCVJhNVAB6JTY5_im1sx4OMA,179K,-,El Salvador,,53.7K,youtube,el-salvador,False,2024,NA,NA,,
73,krissia jacob @UCUNbVAvYVOQqzK0RQhocNRg,178K,-,El Salvador,,53.4K,youtube,el-salvador,False,2024,NA,NA,,
74,Los Hermanos Martinez de El Salvador @UCdxIijPFwJOQh3c2it0Tihg,176K,-,El Salvador,,52.8K,youtube,el-salvador,False,2024,NA,NA,,
75,Orbita TV @UCLywEtjJoJiAr51EDIc7siQ,174K,-,El Salvador,,52.2K,youtube,el-salvador,False,2024,NA,NA,,
76,El Salvador 4K Jr. @UCjqOrhcnzpJsTP6iiBeTz9g,174K,-,El Salvador,,52.2K,youtube,el-salvador,False,2024,NA,NA,,
77,Noticiero Hechos de El Salvador @UCpOsVmwBNTviZkSKan2a7Vg,169K,-,El Salvador,,50.7K,youtube,el-salvador,False,2024,NA,NA,,
78,Cocinemos con Cristina @UClByUGLrP8IPSWWq39xH1Rw,168K,-,El Salvador,,50.4K,youtube,el-salvador,False,2024,NA,NA,,
79,Awesome Lyrics @UCLJ9vdUY-m8OVgkx8SJbmvw,167K,-,El Salvador,,50.1K,youtube,el-salvador,False,2024,NA,NA,,
80,Cocina con Alby @UCDl01pgiW-i1Eioo1kajmgQ,161K,-,El Salvador,,48.3K,youtube,el-salvador,False,2024,NA,NA,,
81,SINOPSIS TV @UCHjFdYy4YqJqSJzU7asjfIg,156K,-,El Salvador,,46.8K,youtube,el-salvador,False,2024,NA,NA,,
82,Fútbol Puro @UCm4tfQH5T3kWBhKuG3JUpPw,153K,0.7%,El Salvador,,45.9K,youtube,el-salvador,False,2024,NA,NA,,
83,TVO CANAL 23 @UC6I2jcV3S014kAM1q3lr1uQ,153K,-,El Salvador,,45.9K,youtube,el-salvador,False,2024,NA,NA,,
84,~Jᴜɴᴋooᴋɪᴇ ᴠ~ @UCHfwwD3wD6hwGq8fCA-bIPA,149K,0.3%,El Salvador,,44.7K,youtube,el-salvador,False,2024,NA,NA,,
85,raul sosa @UCLpqpI-_9QSliYeeydQsiaw,148K,0.1%,El Salvador,,44.4K,youtube,el-salvador,False,2024,NA,NA,,
86,Telecorporación Salvadoreña @UCpHFJCPPIZ8S7sEeQHNy8fQ,147K,-,El Salvador,,44.1K,youtube,el-salvador,False,2024,NA,NA,,
87,Wichito503 @UCXh2ESikAnHwgyIlhKKpjug,145K,1.7%,El Salvador,,43.5K,youtube,el-salvador,False,2024,NA,NA,,
88,La Prensa Gráfica Noticias de El Salvador @UCNz2y0qMguce8wyxl0oFXUw,140K,-,El Salvador,,42K,youtube,el-salvador,False,2024,NA,NA,,
89,diunsolo sv @UCtS9OWZ2Rubjy4rEHFCZrRw,136K,0.6%,El Salvador,,40.8K,youtube,el-salvador,False,2024,NA,NA,,
90,Código21 GMV @UCBwX6-cQamfoIB66StJSRmw,135K,-,El Salvador,,40.5K,youtube,el-salvador,False,2024,NA,NA,,
91,El Patechucho @UC1MDhdcM6gjKE_jt7qnz9jA,135K,0.3%,El Salvador,,40.5K,youtube,el-salvador,False,2024,NA,NA,,
92,Walter Araujo y Toda la Verdad. @UCPEiDgyR7LGVY8dWi1cjRqA,133K,-,El Salvador,,39.9K,youtube,el-salvador,False,2024,NA,NA,,
93,La fiscal SV @UCZwGaMjT08x-ICesGkWOvBQ,128K,-,El Salvador,,38.4K,youtube,el-salvador,False,2024,NA,NA,,
94,Orgullosamente Salvadoreño @UCFiDHOFYdTmVd5XhRuwT1Mg,126K,0.9%,El Salvador,,37.8K,youtube,el-salvador,False,2024,NA,NA,,
95,TUTOGAMEPLAYS @UCtl2lmLqRo1z8tlPtFG2NVw,125K,-,El Salvador,,37.5K,youtube,el-salvador,False,2024,NA,NA,,
96,CINCO TV @UC1xDsOBJSlPIWURlDo2JoHw,122K,0.9%,El Salvador,,36.6K,youtube,el-salvador,False,2024,NA,NA,,
97,El Salvador sus Orquestas y Grupos en Vivo @UCCGOP2Ob5BwFuHpwOCXt34w,120K,-,El Salvador,,36K,youtube,el-salvador,False,2024,NA,NA,,
98,René Valdivieso @UCOQr1INVE3m3926f63IBotg,116K,1.2%,El Salvador,,34.8K,youtube,el-salvador,False,2024,NA,NA,,
99,Rupert´s Angels readings @UCfxeIoSHmRE0SuRZ3dXeGyA,115K,0.3%,El Salvador,,34.5K,youtube,el-salvador,False,2024,NA,NA,,
100,PRACTIKO @UC5UiJt0HyF257eq-3yZOETQ,114K,0.1%,El Salvador,,34.2K,youtube,el-salvador,False,2024,NA,NA,,
1,Brawl Stars @UCooVYzDxdwTtGYAkcPmOgOw,12.5M,-,芬蘭,電子遊戲,3.8M,youtube,finland,False,2024,Tech&Gaming,MAPPED,,Video Games
2,TheRelaxingEnd @UCWVuy4NPohItH9-Gr7e8wqw,8.8M,-,芬蘭,,2.7M,youtube,finland,False,2024,NA,NA,,
3,Asoo اسو @UCTLYhp6mZAJQaVI4mkfuVuw,4.6M,1.7%,芬蘭,,1.4M,youtube,finland,False,2024,NA,NA,,
4,Pongfinity @UCcILXXthGExGeKAQLAIUaFQ,3.6M,-,芬蘭,,1.1M,youtube,finland,False,2024,NA,NA,,
5,Hydraulic Press Channel @UCcMDMoNu66_1Hwi5-MeiQgw,3.5M,-,芬蘭,,1.1M,youtube,finland,False,2024,NA,NA,,
6,Rabbert @UCaqi3SRvGTlPptx0ns90UOA,3M,43%,芬蘭,,903K,youtube,finland,False,2024,NA,NA,,
7,Aurikatariina @UCEHFYTkv0IIn6RYJBNcgr-Q,2M,-,芬蘭,,591K,youtube,finland,False,2024,NA,NA,,
8,Memenade @UCCWp4CCmI2JmIaoAuv0ocEA,1.8M,-,芬蘭,,552K,youtube,finland,False,2024,NA,NA,,
9,ميمو دانو memo & dano @UC926aEkma-BJwlrvV6YUz8w,1.8M,-,芬蘭,,534K,youtube,finland,False,2024,NA,NA,,
10,Hay Day @UCBrMq7wkdPWb3PxR-GUR61A,1.7M,-,芬蘭,,522K,youtube,finland,False,2024,NA,NA,,
11,Nightwish @UCQplaZZ2mv8fo8Zd-1hQPzg,1.4M,-,芬蘭,,429K,youtube,finland,False,2024,NA,NA,,
12,JANTSUU @UC8CwVsDta65Ifv5jr7nlBCQ,1.3M,-,芬蘭,,396K,youtube,finland,False,2024,NA,NA,,
13,JZR @UCj5vJkkGaSvy0HcVJQ2Hg-g,1.2M,1%,芬蘭,,348K,youtube,finland,False,2024,NA,NA,,
14,InFormative Bangla @UCqBBLjEW-DL5KhlqWTcRbvg,1.1M,0.3%,芬蘭,,336K,youtube,finland,False,2024,NA,NA,,
15,WhackyCast @UC7s9jK1WUq-kQzRbArO0wBw,1.1M,-,芬蘭,,315K,youtube,finland,False,2024,NA,NA,,
16,Evelyn Jackson @UCcDsCawgC3JqZLSj7DllRKg,867K,0.4%,芬蘭,,260.1K,youtube,finland,False,2024,NA,NA,,
17,Supercell @UCXO2ZE-H4ZVjJDjTuQzv-Bw,831K,0.4%,芬蘭,,249.3K,youtube,finland,False,2024,NA,NA,,
18,Lakko @UC1BIOZPjE3lYa2s3ZT1kYaA,812K,3.1%,芬蘭,,243.6K,youtube,finland,False,2024,NA,NA,,
19,Beyond the press @UCveB47lgzZJ1WOf4XYVJNBw,740K,0.3%,芬蘭,,222K,youtube,finland,False,2024,NA,NA,,
20,Taikalinna @UChceje--xRi5yw2XQjdhnqw,682K,-,芬蘭,,204.6K,youtube,finland,False,2024,NA,NA,,
21,YouTube Vanced @UCW5NdLx3DeeAw3iX0MjaHeA,671K,0.8%,芬蘭,,201.3K,youtube,finland,False,2024,NA,NA,,
22,Device Orchestra @UCDwMh0pu1iSXeKx7qmqjIQA,652K,5.5%,芬蘭,,195.6K,youtube,finland,False,2024,NA,NA,,
23,Holy Quran @UCAtXN50DVnmoYr5Yq9xLUcg,646K,-,芬蘭,,193.8K,youtube,finland,False,2024,NA,NA,,
24,Trycs @UCgBl1hh_8FZ88kStGP8q_ag,629K,1%,芬蘭,,188.7K,youtube,finland,False,2024,NA,NA,,
25,Roni Back @UCxmMyt4toi1MKD5tUZWBkVg,620K,-,芬蘭,,186K,youtube,finland,False,2024,NA,NA,,
26,Hoot @UCuBpNon-yi4nJ1StjA1tSYA,596K,4.9%,芬蘭,,178.8K,youtube,finland,False,2024,NA,NA,,
27,اغاني مميزة Music Distinctive @UC1XEAVGzRz0TXc7mNMQTYRA,592K,-,芬蘭,音樂,177.6K,youtube,finland,False,2024,Music,MAPPED,,Music
28,Rodamrix @UCxQDsfaifnxdHqfTJljuXfw,581K,11.2%,芬蘭,音樂,174.3K,youtube,finland,False,2024,Music,MAPPED,,Music
29,The Rasmus @UCDhEg3ByjFIju7bD4jhrctw,569K,1%,芬蘭,,170.7K,youtube,finland,False,2024,NA,NA,,
30,شيف حيدر ديك - Chef Haider Deek @alpha-tnm,533K,-,芬蘭,,159.9K,youtube,finland,False,2024,NA,NA,,
31,Santatelevision @UCVQy7TDTcdpAeAETolnl1DA,521K,-,芬蘭,,156.3K,youtube,finland,False,2024,NA,NA,,
32,Light @UC33mcjLtoyFbgiVpjXDJ8dA,517K,-,芬蘭,,155.1K,youtube,finland,False,2024,NA,NA,,
33,Dumbs @UCXKH52cGX4rtK_X-q1GH02Q,473K,5.7%,芬蘭,,141.9K,youtube,finland,False,2024,NA,NA,,
34,Herbalisti @UCd1NRQx3xIPtdQ_zKFtfgfw,472K,3.3%,芬蘭,,141.6K,youtube,finland,False,2024,NA,NA,,
35,JPeltsi @UCpPwpIydge5-J26zRwt0aHQ,464K,-,芬蘭,,139.2K,youtube,finland,False,2024,NA,NA,,
36,asoo gaming @UCXBvi1uAiGPowSgmgcHWDCg,456K,-,芬蘭,,136.8K,youtube,finland,False,2024,NA,NA,,
37,GULLEDSIMBA @UCLU-TuSpVwy6I8NjyHIOHxA,453K,18%,芬蘭,,135.9K,youtube,finland,False,2024,NA,NA,,
38,Topi The Corgi @UC62zoJ8N9JdSnFDbcKjOUDA,445K,-,芬蘭,,133.5K,youtube,finland,False,2024,NA,NA,,
39,MindUpload @UCJyIeP9rHbgvlyzP-sSYaNw,442K,-,芬蘭,,132.6K,youtube,finland,False,2024,NA,NA,,
40,YuraPaPu @UC8vT3G8pbuQWMbkhGWafmsQ,436K,3.5%,芬蘭,,130.8K,youtube,finland,False,2024,NA,NA,,
41,ThunderPro-VideoClip @UCT17Id1tzb2kBSDHUxwYqOA,435K,-,芬蘭,,130.5K,youtube,finland,False,2024,NA,NA,,
42,Poets of the Fall (Official) @UC0hNui8bT7yV0Xb8w8YxjHw,427K,3.9%,芬蘭,,128.1K,youtube,finland,False,2024,NA,NA,,
43,Kostamoinen @UC2uwKk98o5PMRQvQyiGTOog,425K,22.5%,芬蘭,,127.5K,youtube,finland,False,2024,NA,NA,,
44,Confusion @UCo2bNt_yjnZimwIcJtROz7g,415K,23.6%,芬蘭,,124.5K,youtube,finland,False,2024,NA,NA,,
45,Bee Kiiski @UCFwRmz3h5-Kz-DWHKpt6dKQ,412K,0.5%,芬蘭,,123.6K,youtube,finland,False,2024,NA,NA,,
46,Pipsa Possu Suomi Virallinen @UCNyz-57mHiPwW2I1Z43zmsQ,384K,-,芬蘭,,115.2K,youtube,finland,False,2024,NA,NA,,
47,Turbo @UCus8EVJ7Oc9zINhs-fg8l1Q,382K,-,芬蘭,,114.6K,youtube,finland,False,2024,NA,NA,,
48,mmiisas @UCoKsc3WQs4bTUJUSGfoay_w,379K,1.1%,芬蘭,,113.7K,youtube,finland,False,2024,NA,NA,,
49,DJVI @UCV8yIaKoqa-r9SnXPMQ1Spg,370K,-,芬蘭,,111K,youtube,finland,False,2024,NA,NA,,
50,NikojaSanttu @UCEc3llziWncponpqUBkVrbA,364K,4.5%,芬蘭,,109.2K,youtube,finland,False,2024,NA,NA,,
51,Paqpa @UCDVeHl7-fRTO7vH9bFc3emg,353K,-,芬蘭,,105.9K,youtube,finland,False,2024,NA,NA,,
52,skripe @UCc9Y-jScIOidbadQdYpuDxg,339K,0.5%,芬蘭,,101.7K,youtube,finland,False,2024,NA,NA,,
53,Wax Ka Barro @UCKKCLneYu7dv145udtDmFuw,336K,0.9%,芬蘭,,100.8K,youtube,finland,False,2024,NA,NA,,
54,Palikka @UCIDAAsL8itqP3SJAOIYrDpA,331K,9.4%,芬蘭,,99.3K,youtube,finland,False,2024,NA,NA,,
55,Biisonimafia @UCte-q3p4cuj69kn7VaiXuMw,326K,1%,芬蘭,,97.8K,youtube,finland,False,2024,NA,NA,,
56,eeddspeaks @UC_x_0w8z3tgPSSctfJR0lNQ,326K,0.8%,芬蘭,,97.8K,youtube,finland,False,2024,NA,NA,,
57,DJFITME @UCJodKvErbIT4U9mCw5QZEYw,314K,0.5%,芬蘭,,94.2K,youtube,finland,False,2024,NA,NA,,
58,Linkuru @UCdT4cnyWOh6sDXivyqLURHQ,313K,0.1%,芬蘭,,93.9K,youtube,finland,False,2024,NA,NA,,
59,Setup1337 @UCi-8tztOUytd4IxIIQuWbrQ,313K,-,芬蘭,,93.9K,youtube,finland,False,2024,NA,NA,,
60,Elliandra @UCpApnEIzV3T7rpxEK7e8lzg,312K,0.2%,芬蘭,,93.6K,youtube,finland,False,2024,NA,NA,,
61,Iha Just Imus @UCDJWinHf7IBqJe1eqzWwdAw,303K,3.3%,芬蘭,,90.9K,youtube,finland,False,2024,NA,NA,,
62,LaeppaVika @UCBJ4RpQPQutOnWcqiooL9eQ,288K,1.7%,芬蘭,,86.4K,youtube,finland,False,2024,NA,NA,,
63,Thumin @UCZyBi3H602BSVX0bI24kQVw,285K,3.3%,芬蘭,藝術,85.5K,youtube,finland,False,2024,Lifestyle,MAPPED,,Art
64,Deata @UCnfbbceA4_9nwW_PH1qvsCA,285K,0.3%,芬蘭,,85.5K,youtube,finland,False,2024,NA,NA,,
65,Northflowo @UCmyVfmItO8zVuV6gZC_1zkA,281K,-,芬蘭,,84.3K,youtube,finland,False,2024,NA,NA,,
66,Critical Ops @UCgq7D-ki9MIKeohjdpYFRCA,275K,-,芬蘭,,82.5K,youtube,finland,False,2024,NA,NA,,
67,IQ FITNESS @UCjd72p-Q-0BJ4d-ZuQWy-cg,274K,-,芬蘭,健身,82.2K,youtube,finland,False,2024,Sports,MAPPED,,fitness
68,Keep It Underground @UCrt9lFSd7y1nPQ-L76qE8MQ,272K,-,芬蘭,,81.6K,youtube,finland,False,2024,NA,NA,,
69,Mike @UCvk3bWK6moXKR-_hB6OkbxQ,272K,4.3%,芬蘭,,81.6K,youtube,finland,False,2024,NA,NA,,
70,Pinkku Pinsku @UCXy14JI8bGhvYtdwSsI1ZIw,269K,2.2%,芬蘭,,80.7K,youtube,finland,False,2024,NA,NA,,
71,Vesikaste @UCALHpxid2_qvoSnJFw5Rptg,269K,-,芬蘭,,80.7K,youtube,finland,False,2024,NA,NA,,
72,Kebu @UCV-5d2ZbKBRCGaG3MXXfXcw,263K,-,芬蘭,,78.9K,youtube,finland,False,2024,NA,NA,,
73,Peter Finn the Car Doctor @UCTEWPVoaYwoYkc6AAf_bFpg,260K,-,芬蘭,,78K,youtube,finland,False,2024,NA,NA,,
74,Warner Music Finland @UCRmjtDQlW0-TyWY38jWcIvQ,259K,-,芬蘭,,77.7K,youtube,finland,False,2024,NA,NA,,
75,HurHur @UC3KQFwVnouIx6KgjYSCNMdw,255K,0.9%,芬蘭,,76.5K,youtube,finland,False,2024,NA,NA,,
76,xPetu @UC1407h8ncS3zFYRK4KTPNvg,252K,2.5%,芬蘭,,75.6K,youtube,finland,False,2024,NA,NA,,
77,ZoneVD @UC5yn0ugTXc-AZQK6gTJPAEQ,249K,1.5%,芬蘭,,74.7K,youtube,finland,False,2024,NA,NA,,
78,Tipsy Duck @UC6c6mMQNEY6i6_Z2NBY0C1w,247K,11.6%,芬蘭,,74.1K,youtube,finland,False,2024,NA,NA,,
79,finntop5 @UCOtb9r4h4nagt8iYAFDwUzg,243K,-,芬蘭,,72.9K,youtube,finland,False,2024,NA,NA,,
80,Jaakko Parkkali @UC5SRfEhyMdg2S2LoZOTHNHw,243K,-,芬蘭,,72.9K,youtube,finland,False,2024,NA,NA,,
81,98DEMAKE @UC4vIcQOyHOcjCgEAVsjenxg,242K,0.4%,芬蘭,,72.6K,youtube,finland,False,2024,NA,NA,,
82,ASMR Sita Sofia @UCjNyeUaGpD0o7z5VbruS6-A,241K,-,芬蘭,,72.3K,youtube,finland,False,2024,NA,NA,,
83,Kutovakika @UCfqqHkzZt2X2DzxPFMucubQ,240K,9.3%,芬蘭,,72K,youtube,finland,False,2024,NA,NA,,
84,Foxzie @UCEdege-3c_jpRnIoUaY_3ow,239K,-,芬蘭,,71.7K,youtube,finland,False,2024,NA,NA,,
85,Miska Haakana @UCvrG3-mP1CrDGCfHlf9qVDg,236K,2.5%,芬蘭,,70.8K,youtube,finland,False,2024,NA,NA,,
86,Mauton @UCvWyB4de5nMlFdhYRpltrkw,234K,1.6%,芬蘭,,70.2K,youtube,finland,False,2024,NA,NA,,
87,Maketzi @UCVmVt5LK0ZT8mWXL58fXZgw,233K,-,芬蘭,,69.9K,youtube,finland,False,2024,NA,NA,,
88,Rudi Rok @UCy_pH0l1ENt0keocE09jYDw,232K,0.3%,芬蘭,,69.6K,youtube,finland,False,2024,NA,NA,,
89,eeddplays @UCvx1h5K7wZzOFJiPzSvpq4w,228K,-,芬蘭,,68.4K,youtube,finland,False,2024,NA,NA,,
90,Warqaad TV @UCTei3XY4XhKtR7VqeHAhZ2w,227K,-,芬蘭,,68.1K,youtube,finland,False,2024,NA,NA,,
91,Drive Ahead! @UCouCcPPshaYgkRW0igSFXaw,222K,-,芬蘭,,66.6K,youtube,finland,False,2024,NA,NA,,
92,MrJallu101 @UCpKnbXIIl9ud9dYYQ8S-dqA,218K,1.5%,芬蘭,,65.4K,youtube,finland,False,2024,NA,NA,,
93,FromTheBushes @UCubD9APpaN3rnsJpcyfBsDg,217K,1.2%,芬蘭,,65.1K,youtube,finland,False,2024,NA,NA,,
94,WAKA @UCHkXewrBQs3VlHMzJ-M7w1A,215K,5.3%,芬蘭,,64.5K,youtube,finland,False,2024,NA,NA,,
95,Remedeus @UCovAfSSglezOlIzM-acLCFA,215K,0.4%,芬蘭,,64.5K,youtube,finland,False,2024,NA,NA,,
96,Tume @UCYKUZ_Lp2k55TDqZjbMNaPQ,210K,0.6%,芬蘭,,63K,youtube,finland,False,2024,NA,NA,,
97,Axel Thesleff @UCCipFf6W_vyFc06ro-6yJNw,209K,0.3%,芬蘭,,62.7K,youtube,finland,False,2024,NA,NA,,
98,Zapper770 @UCSrK6pGVqznij29nyOf4oHg,205K,3%,芬蘭,,61.5K,youtube,finland,False,2024,NA,NA,,
99,Aleksi Rantamaa - Yle Kioski @UCvbJl3i27-4h4Na6Q-vZbRA,205K,-,芬蘭,,61.5K,youtube,finland,False,2024,NA,NA,,
100,INMESSIONANTE @UCr8rNJo8Z3sQ5UlZUh23g7w,195K,-,芬蘭,,58.5K,youtube,finland,False,2024,NA,NA,,
1,GIMS @UCCB1Byx5yTbLpQaV-rlfmtA,10.7M,0.1%,France,,3.2M,youtube,france,False,2024,NA,NA,,
2,Lofi Girl @UCSJ4gkVC6NrvII8umztf0Ow,10.6M,-,France,,3.2M,youtube,france,False,2024,NA,NA,,
3,Soolking Officiel @UCz6JjQtnK9XjMwKuqlEkRxw,9.3M,1.1%,France,,2.8M,youtube,france,False,2024,NA,NA,,
4,L'Algerino @UCp8Lmjx1i93YVokA4fNAs1g,8.2M,-,France,,2.5M,youtube,france,False,2024,NA,NA,,
5,Rémi GAILLARD @UCmPSwsooZq8an7xOLQQhAdw,7.3M,0.6%,France,,2.2M,youtube,france,False,2024,NA,NA,,
6,Mcfly et Carlito @UCDPK_MTu3uTUFJXRVcTJcEw,7.1M,2.3%,France,,2.1M,youtube,france,False,2024,NA,NA,,
7,SYMPA @UCt6IQpsggvn6zmalhPglSEA,6.9M,-,France,,2.1M,youtube,france,False,2024,NA,NA,,
8,Aya Nakamura @UC-69vhXlCa3XHbF8JHCQHfg,6.7M,4.6%,France,,2M,youtube,france,False,2024,NA,NA,,
9,DADJU @UC8HMvOLE0etpO_eVjJ98bHA,6.4M,1.7%,France,,1.9M,youtube,france,False,2024,NA,NA,,
10,PSG - Paris Saint-Germain @UCt9a_qP9CqHCNwilf-iULag,6.4M,-,France,,1.9M,youtube,france,False,2024,NA,NA,,
11,Monde des Titounis @UC8I-UIlXPNS4luC4iV7dRdQ,6.2M,-,France,,1.9M,youtube,france,False,2024,NA,NA,,
12,DORETDEPLATINE @UC-GI5LST5T3Gw93yZxjdFaw,6.1M,0.2%,France,,1.8M,youtube,france,False,2024,NA,NA,,
13,Swan The Voice - Neo & Swan @UCzYC9ss2P77Ry2LzIDL5Xsw,6M,0.1%,France,Sports Travel Video Gaming,1.8M,youtube,france,False,2024,Sports,MAPPED,,Sports Travel Video Gaming
14,Mister V @UC8Q0SLrZLiTj5s4qc9aad-w,6M,12.2%,France,,1.8M,youtube,france,False,2024,NA,NA,,
15,Masha et Michka @UCjd32KVfRCli1d9iqo4YZ5A,5.9M,-,France,,1.8M,youtube,france,False,2024,NA,NA,,
16,Osratouna tv - قناة أسرتنا @UCWIdqSQekeGmUWlSFeCiEnA,5.9M,-,France,,1.8M,youtube,france,False,2024,NA,NA,,
17,SkyrockFM @skyrockfm,5.7M,-,France,,1.7M,youtube,france,False,2024,NA,NA,,
18,Niska Officiel @UCtHtVptJ7tDRvbZrTFDrf7A,5.7M,1.5%,France,,1.7M,youtube,france,False,2024,NA,NA,,
19,Secrets of natural beauty @UChq9L7GcpwWIIe2MMxzvi9g,5.7M,-,France,,1.7M,youtube,france,False,2024,NA,NA,,
20,BRICO SYMPA @UC9TJezP2M1ADmUYVl8hrQ2A,5.6M,-,France,,1.7M,youtube,france,False,2024,NA,NA,,
21,Grizzy & the Lemmings @UCn9l4gU5mkmmlC2eiVu0LHw,5.6M,-,France,,1.7M,youtube,france,False,2024,NA,NA,,
22,Kevin Tran 陈科伟 @UCTt2AnK--mnRmICnf-CCcrw,5.5M,-,France,,1.6M,youtube,france,False,2024,NA,NA,,
23,Inoxtag @UCL9aTJb0ur4sovxcppAopEw,5.5M,8.3%,France,,1.6M,youtube,france,False,2024,NA,NA,,
24,Aymane Serhani @UCLGla5b4F1Y_qB74l3Fh8Vw,5.4M,3%,France,,1.6M,youtube,france,False,2024,NA,NA,,
25,Natoo @UCtihF1ZtlYVzoaj_bKLQZ-Q,5.2M,1.4%,France,,1.5M,youtube,france,False,2024,NA,NA,,
26,Anas @mrlebledart,5.1M,0.6%,France,,1.5M,youtube,france,False,2024,NA,NA,,
27,SEB @sebfrit,5.1M,3.8%,France,,1.5M,youtube,france,False,2024,NA,NA,,
28,JOYCA @UCow2IGnug1l3Xazkrc5jM_Q,5M,5.6%,France,,1.5M,youtube,france,False,2024,NA,NA,,
29,Lartiste @UC5Yf3sFdmOGmf3Wn-STnkjg,4.9M,0.4%,France,,1.5M,youtube,france,False,2024,NA,NA,,
30,Mastu @UCAhaFPP6v3WCfK5Tjao0B7A,4.8M,6.3%,France,,1.5M,youtube,france,False,2024,NA,NA,,
31,CYRILmp4 @UC-4M8AN08hw39nn2v91VuMQ,4.8M,0.6%,France,,1.4M,youtube,france,False,2024,NA,NA,,
32,Hugoposé @UCByWJsWPztkY3Rta2B62tgg,4.8M,2%,France,,1.4M,youtube,france,False,2024,NA,NA,,
33,Ninho @UCXdHJabqwLJ3NvPfx6XmS5Q,4.6M,4.4%,France,,1.4M,youtube,france,False,2024,NA,NA,,
34,Black M @UCa_m88y-YP42wOdoYaIk6og,4.6M,0.9%,France,,1.4M,youtube,france,False,2024,NA,NA,,
35,IbraTV @UCmIoN2ICieMp1hX2R_VmYkg,4.6M,0.3%,France,,1.4M,youtube,france,False,2024,NA,NA,,
36,Tuvok12 @UCeJQ-3Bs7AAN5m8HUbHG4-g,4.6M,-,France,,1.4M,youtube,france,False,2024,NA,NA,,
37,FastGoodCuisine @UCKq9JxyISqBHDd-fXfV3QtQ,4.5M,0.9%,France,,1.4M,youtube,france,False,2024,NA,NA,,
38,ProviSound @UCilzxuKGM1GzYdmOkTiN4SA,4.4M,-,France,,1.3M,youtube,france,False,2024,NA,NA,,
39,Mhd Officiel @UCvebOuGWNvuUpZBzpV_Bc9Q,4.4M,12.8%,France,,1.3M,youtube,france,False,2024,NA,NA,,
40,SQUEEZIE GAMING @UCY-_QmcW09PHAImgVnKxU2g,4.4M,0.9%,France,,1.3M,youtube,france,False,2024,NA,NA,,
41,Dr Nozman @UCWnfDPdZw6A23UtuBpYBbAg,4.3M,0.5%,France,,1.3M,youtube,france,False,2024,NA,NA,,
42,Soprano Officiel @UCYne4N06sHVhRBXS0Lq5D8g,4.3M,0.9%,France,,1.3M,youtube,france,False,2024,NA,NA,,
43,FilmsActu @UC_i8X3p8oZNaik8X513Zn1Q,4.2M,-,France,,1.3M,youtube,france,False,2024,NA,NA,,
44,Cheb Bilal - الشاب بلال @UCVYORSQEsFOQLavrogpFcXA,4.2M,3.6%,France,,1.3M,youtube,france,False,2024,NA,NA,,
45,L'atelier de Roxane @UC3rxwrZSiTp6Kk2RXcyHtCA,4.2M,0.1%,France,,1.3M,youtube,france,False,2024,NA,NA,,
46,Marwa Loud @UC2kfDKWZai6IrtmSq60YawQ,4.2M,7.5%,France,,1.2M,youtube,france,False,2024,NA,NA,,
47,Le Monde de Little Angel Français - Comptines Bébé @UCSp2f6yQYuzOavit1V81pZA,4.1M,-,France,,1.2M,youtube,france,False,2024,NA,NA,,
48,LeBouseuh @UCUl7mwOyySfZzUkq4H29nug,3.9M,-,France,,1.2M,youtube,france,False,2024,NA,NA,,
49,Pierre Croce @UCC_r3spMB5i5QKgtdNVO0OQ,3.9M,-,France,,1.2M,youtube,france,False,2024,NA,NA,,
50,Greg Guillotin @UCM1c1okZ-7cPV7BEZ-pzUGg,3.9M,2.9%,France,,1.2M,youtube,france,False,2024,NA,NA,,
51,Mok Saib @UCkg2AcvA9VCqqp3XcsPkZmQ,3.9M,2.7%,France,Celebrity,1.2M,youtube,france,False,2024,Entertainment,MAPPED,,Celebrity
52,Le Monde à L'Envers @UCeqsLJGWhZXEerY5JWvwLkg,3.9M,2.6%,France,,1.2M,youtube,france,False,2024,NA,NA,,
53,MichouOff @UCOdKaYgvLlPuinUJ1z5Gm2g,3.9M,-,France,,1.2M,youtube,france,False,2024,NA,NA,,
54,Skyprods Officiel @UCUJUF8DsWpkdzygMQeL91mQ,3.9M,-,France,,1.2M,youtube,france,False,2024,NA,NA,,
55,EnjoyPhoenix - Marie Lopez @UC99LgIedzGD1GirhFGldfUQ,3.7M,0.3%,France,,1.1M,youtube,france,False,2024,NA,NA,,
56,YoTips @UCIQgeXCqqK8piwOvK7tDg0w,3.6M,1.2%,France,,1.1M,youtube,france,False,2024,NA,NA,,
57,Golden Moustache @UCJruTcTs7Gn2Tk7YC-ENeHQ,3.6M,-,France,,1.1M,youtube,france,False,2024,NA,NA,,
58,Charlie Chaplin @UCe7sQfrqTHc-hWXdenf7VxQ,3.6M,-,France,,1.1M,youtube,france,False,2024,NA,NA,,
59,La Fouine @UCZ8lXecIr6UOwAJNyW1XDDg,3.6M,-,France,,1.1M,youtube,france,False,2024,NA,NA,,
60,Studio Bagel @UCZ8kV8vuMdDLSerCIFfWnFQ,3.5M,-,France,,1.1M,youtube,france,False,2024,NA,NA,,
61,Cauet @UCe2YQ986DdKliHNvE8va4kQ,3.5M,-,France,,1M,youtube,france,False,2024,NA,NA,,
62,Ubisoft @UC0KU8F9jJqSLS11LRXvFWmg,3.5M,-,France,,1M,youtube,france,False,2024,NA,NA,,
63,Astuces du Panda @UCWrtcU1OId_PQ_YoBN6lIRA,3.5M,-,France,,1M,youtube,france,False,2024,NA,NA,,
64,El Djazairia One @UCZX_vgW4txoI-AHhxg1ef_A,3.4M,-,France,,1M,youtube,france,False,2024,NA,NA,,
65,Berywam @UCxXFx2jz8N02sNqv1VeDEGA,3.4M,-,France,,1M,youtube,france,False,2024,NA,NA,,
66,Guillaume Pley @UCj8BKFCTH-mqRlYwcmX2xwg,3.4M,-,France,,1M,youtube,france,False,2024,NA,NA,,
67,Lolywood @lolywood,3.3M,1.8%,France,,987K,youtube,france,False,2024,NA,NA,,
68,Kader Japonais Officiel @UCYwKkGRd8AWxklGzAmpkQpw,3.3M,-,France,,975K,youtube,france,False,2024,NA,NA,,
69,Poisson Fécond @UC4ii4_aeS8iOFzsHuhJTq2w,3.2M,-,France,,966K,youtube,france,False,2024,NA,NA,,
70,WB Kids Français @UCqvIdlrnd4DCcqp2DZwaZYw,3.1M,-,France,,924K,youtube,france,False,2024,NA,NA,,
71,Koba LaD @UCCSFseZ6DfCtVO8giGp7GfA,3.1M,-,France,,921K,youtube,france,False,2024,NA,NA,,
72,The Voice : la plus belle voix @UCQRELbX0H5FCokIFxOAsHFA,3M,-,France,,912K,youtube,france,False,2024,NA,NA,,
73,Sananas @UCVoDMXLU_UNpljm83m-Ds4w,3M,0.2%,France,,909K,youtube,france,False,2024,NA,NA,,
74,Like Nastya FRA @UC7TEDWyFvKcLHgVLA9TBOlw,3M,-,France,,906K,youtube,france,False,2024,NA,NA,,
75,Hassan @UCdHnhKSsy1yGGZz4DSkOrJQ,3M,1.5%,France,,903K,youtube,france,False,2024,NA,NA,,
76,SARA’H @UCjt5aCibc8pUxIGn4af8-Jw,3M,0.2%,France,,894K,youtube,france,False,2024,NA,NA,,
77,Bigflo et Oli @UCp6bpinXPzdx7d7-gekWzZQ,3M,1.2%,France,,885K,youtube,france,False,2024,NA,NA,,
78,AYOUB @UC9RRAHA3RuA0N0Genbekgrg,2.8M,-,France,Video Gaming,837K,youtube,france,False,2024,Tech&Gaming,MAPPED,,Video Gaming
79,Juju Fitcats @UCIPbzkl1kZ_9Gyuph_FGvzg,2.8M,-,France,,834K,youtube,france,False,2024,NA,NA,,
80,Cercle @UCPKT_csvP72boVX0XrMtagQ,2.8M,-,France,,831K,youtube,france,False,2024,NA,NA,,
81,Valouzz @UCNGq4mP3Ds5OUGjPo8IJOcw,2.8M,1%,France,,828K,youtube,france,False,2024,NA,NA,,
82,XILAM TV @UCunZysK4AQ45ewLs5OhSsrg,2.7M,-,France,,813K,youtube,france,False,2024,NA,NA,,
83,We Are Kids United @UCrUlt5TwS6OUD8xpC36EBvw,2.7M,0.5%,France,,807K,youtube,france,False,2024,NA,NA,,
84,MIRACULOUS - Les aventures de Ladybug et Chat Noir @UCIpBLlcyR1W6oEji4_qdrQA,2.7M,-,France,,801K,youtube,france,False,2024,NA,NA,,
85,BouziTV @UCS5YLPHfjnwdcNNvhZqp_kw,2.6M,-,France,,783K,youtube,france,False,2024,NA,NA,,
86,DJHAMIDAOFFICIEL @UC3bmcYcRQ3D4zrHVyzyqjjQ,2.6M,0.1%,France,,774K,youtube,france,False,2024,NA,NA,,
87,Skyrroz @UCP4wIoy9W9WdAfVIN2sVmEw,2.6M,0.1%,France,,771K,youtube,france,False,2024,NA,NA,,
88,Nickelodeon France @UCeGvSi1Tb8OV78ue3_tux1A,2.6M,-,France,,768K,youtube,france,False,2024,NA,NA,,
89,Sofiane Officiel @UCqZsLxSCpQ2g-0CAT-cxuqg,2.5M,0.5%,France,,756K,youtube,france,False,2024,NA,NA,,
90,Scorpio Music @UCXaPWso3Q85gEzQ-DJ5lBoQ,2.5M,0.1%,France,,753K,youtube,france,False,2024,NA,NA,,
91,ARTE @UCwI-JbGNsojunnHbFAc0M4Q,2.5M,-,France,Travel,747K,youtube,france,False,2024,Lifestyle,MAPPED,,Travel
92,Trash @UCfGfdZuYifBYb1fmZcL1JBQ,2.5M,2.1%,France,,738K,youtube,france,False,2024,NA,NA,,
93,Fuze III @UCfznY5SlSoZoXN0-kBPtCdg,2.5M,1.8%,France,,735K,youtube,france,False,2024,NA,NA,,
94,Disney Junior FR @UCJ9JIVGOL07BqXp0CoG83fw,2.4M,-,France,,732K,youtube,france,False,2024,NA,NA,,
95,GotagaTV @UCwDeagCMN0rTg5-r3s9AINA,2.4M,0.2%,France,,726K,youtube,france,False,2024,NA,NA,,
96,HeyKids - Chansons Pour Enfants @UCl0KdGiwyqLJCdu5XMIz_TQ,2.4M,-,France,,723K,youtube,france,False,2024,NA,NA,,
97,Wankil Studio - Laink et Terracid @UCYGjxo5ifuhnmvhPvCc3DJQ,2.4M,-,France,,723K,youtube,france,False,2024,NA,NA,,
98,Horia @UCZMCU61JkQkqleoU7VyGncQ,2.4M,1%,France,,717K,youtube,france,False,2024,NA,NA,,
99,Watania Replay @UCdvWVsmQBROkgcGzVep73oA,2.4M,-,France,,711K,youtube,france,False,2024,NA,NA,,
100,Lena Situations @UCDkl5M0WVaddTWE4rr2cSeA,2.4M,2.7%,France,,708K,youtube,france,False,2024,NA,NA,,
1,HaerteTest @UCqsS8fU6yVxrJr5y_CoUn3w,19.9M,-,Germany,,6M,youtube,germany,False,2024,NA,NA,,
2,Kinder Spielzeug Kanal @UCVEDZVtA5NUtjxSXHjtvkag,19.3M,-,Germany,,5.8M,youtube,germany,False,2024,NA,NA,,
3,Ice Cream Rolls @UCAon55hNT6ESbdQ5y1hRWTA,12.2M,-,Germany,,3.7M,youtube,germany,False,2024,NA,NA,,
4,Pamela Reif @UChVRfsT_ASBZk10o0An7Ucg,8.8M,0.1%,Germany,Fitness,2.6M,youtube,germany,False,2024,Sports,MAPPED,,Fitness
5,freekickerz @UCC9h3H-sGrvqd2otknZntsQ,8.7M,-,Germany,,2.6M,youtube,germany,False,2024,NA,NA,,
6,Dhruv Rathee @UC-CSyyi47VX1lD9zyeABW3w,8.1M,2.5%,Germany,,2.4M,youtube,germany,False,2024,NA,NA,,
7,The Voice Kids @UCsaKxIA9snv1Wrh_sw1DFvg,7.3M,-,Germany,News,2.2M,youtube,germany,False,2024,Knowledge&Info,MAPPED,,News
8,Rammstein Official @UCYp3rk70ACGXQ4gFAiMr1SQ,7.1M,-,Germany,,2.1M,youtube,germany,False,2024,NA,NA,,
9,German Spidey @germanspidey,6.6M,0.2%,Germany,,2M,youtube,germany,False,2024,NA,NA,,
10,COLORS @UC2Qw1dzXDBAZPwS7zm37g8g,6.2M,-,Germany,,1.9M,youtube,germany,False,2024,NA,NA,,
11,Kontor.TV @UCb3tJ5NKw7mDxyaQ73mwbRg,6.1M,-,Germany,,1.8M,youtube,germany,False,2024,NA,NA,,
12,TheFatRat @UCa_UMppcMsHIzb5LDx1u9zQ,6.1M,1.1%,Germany,,1.8M,youtube,germany,False,2024,NA,NA,,
13,Julien Bam @UCTXeJ33DzXI2veQpKfrvaYw,6M,-,Germany,,1.8M,youtube,germany,False,2024,NA,NA,,
14,BibisBeautyPalace @UCHfdTAyg5t4mb1G-3rJ6QsQ,5.9M,0.3%,Germany,,1.8M,youtube,germany,False,2024,NA,NA,,
15,TikTokTunes @UC9EgazNjxm-_3eydGQR45rQ,5.7M,-,Germany,,1.7M,youtube,germany,False,2024,NA,NA,,
16,briQle @UCrT0Q_oAAv5xbHB8LrUwz_g,5.5M,-,Germany,,1.6M,youtube,germany,False,2024,NA,NA,,
17,Ali Omar @UCJhAZAK6t92znGV9tMuy7eQ,5.2M,-,Germany,,1.6M,youtube,germany,False,2024,NA,NA,,
18,Unique Vibes @UCn7Z0uhzGS1KjnO-sWml_dw,5.2M,-,Germany,,1.6M,youtube,germany,False,2024,NA,NA,,
19,laserluca @UCmxc6kXbU1J-0pR2F3wIx9A,4.8M,1.8%,Germany,,1.4M,youtube,germany,False,2024,NA,NA,,
20,DW Documental @UCQ1GpKa15ulyoQuxz7H4rng,4.6M,-,Germany,,1.4M,youtube,germany,False,2024,NA,NA,,
21,DW Documentary @UCW39zufHfsuGgpLviKh297Q,4.5M,-,Germany,Travel,1.4M,youtube,germany,False,2024,Lifestyle,MAPPED,,Travel
22,clips mix @UCogFmwd_6QgQ4qZtU2gDDVQ,4.5M,-,Germany,,1.3M,youtube,germany,False,2024,NA,NA,,
23,DW News @UCknLrEdhRCp1aegoMqRaCZg,4.4M,-,Germany,,1.3M,youtube,germany,False,2024,NA,NA,,
24,Majestic Casual @UCXIyz409s7bNWVcM-vjfdVA,4.3M,-,Germany,,1.3M,youtube,germany,False,2024,NA,NA,,
25,ArkivaShqip @UCUd0P7GJ_6UiLcIpfKH9sCQ,4.1M,-,Germany,,1.2M,youtube,germany,False,2024,NA,NA,,
26,Calisthenicmovement @UCZIIRX8rkNjVpP-oLMHpeDw,4.1M,-,Germany,,1.2M,youtube,germany,False,2024,NA,NA,,
27,Dagi Bee @UCpZ_DI-ZugwMzXcqccaTVsg,4M,-,Germany,,1.2M,youtube,germany,False,2024,NA,NA,,
28,Free Documentary @UCijcd0GR0fkxCAZwkiuWqtQ,4M,-,Germany,,1.2M,youtube,germany,False,2024,NA,NA,,
29,ungespielt @UCcn4UOBvB0W2HjCcLFLuu2w,3.8M,0.1%,Germany,,1.1M,youtube,germany,False,2024,NA,NA,,
30,Lous Reaction @UCmloGqUEraKu2IGQ2SXZ4Rg,3.8M,41%,Germany,,1.1M,youtube,germany,False,2024,NA,NA,,
31,DW हिन्दी @UCc7pPNFBvIhI4iV7m8plJuA,3.7M,-,Germany,,1.1M,youtube,germany,False,2024,NA,NA,,
32,Freshtorge @UCr3LVdbgOcW4NZEpo0VHnxw,3.7M,0.6%,Germany,,1.1M,youtube,germany,False,2024,NA,NA,,
33,Ikram Bellanova @UCkLVM-72DqCDi5psyXmeMag,3.7M,-,Germany,Beauty,1.1M,youtube,germany,False,2024,Beauty&Fashion,MAPPED,,Beauty
34,Robin Schulz @UCLVVBWrp9jw4-SYUoU42hcg,3.6M,-,Germany,Music,1.1M,youtube,germany,False,2024,Music,MAPPED,,Music
35,Bundesliga @UC6UL29enLNe4mqwTfAyeNuw,3.6M,-,Germany,,1.1M,youtube,germany,False,2024,NA,NA,,
36,SkyBek craft channel @UCCohOo_tNjrR5JxgLjOb25A,3.6M,-,Germany,,1.1M,youtube,germany,False,2024,NA,NA,,
37,Essen Rezepte @UCNh35NtktYxumhyASfnF1dg,3.5M,-,Germany,Food and Drink,1.1M,youtube,germany,False,2024,Lifestyle,MAPPED,,Food and Drink
38,EUROPA Kinderprogramm @UCxkQwIshySkwOqEuZ28o8KA,3.5M,-,Germany,,1.1M,youtube,germany,False,2024,NA,NA,,
39,LEO ROJAS - official @UCzFnloeM9qA1j7fuJ-7iT3g,3.4M,0.1%,Germany,,1M,youtube,germany,False,2024,NA,NA,,
40,MERO @UCeKMrU5GECquXiJl6tnTgPA,3.3M,3%,Germany,,975K,youtube,germany,False,2024,NA,NA,,
41,Felix von der Laden @UChr1sKJ27Fr6WZxAlusbo_w,3.2M,0.1%,Germany,,966K,youtube,germany,False,2024,NA,NA,,
42,AirwaveMusicTV @UCwIgPuUJXuf2nY-nKsEvLOg,3.2M,-,Germany,,966K,youtube,germany,False,2024,NA,NA,,
43,BBlocks @UCN-IThhgJxrO07kNEqLnpRw,3.2M,-,Germany,,963K,youtube,germany,False,2024,NA,NA,,
44,Merry Margo Live @UCry39FTohgDCCSR9pVyFDzg,3.2M,-,Germany,,963K,youtube,germany,False,2024,NA,NA,,
45,Galileo @UC1XrG1M_hw8103zO2x-oivg,3.2M,-,Germany,,957K,youtube,germany,False,2024,NA,NA,,
46,Keluarga Bahagia Di Jerman @keluargabahagiadijerman,3.1M,0.5%,Germany,,939K,youtube,germany,False,2024,NA,NA,,
47,Mascha und der Bär @UCA_DdzBmf5yNaxMpVGwZV4g,3.1M,-,Germany,,936K,youtube,germany,False,2024,NA,NA,,
48,BangerChannel @UCbDNCzgdLlvYY9dk5M8063A,3M,0.6%,Germany,,891K,youtube,germany,False,2024,NA,NA,,
49,DW Español @UCT4Jg8h03dD0iN3Pb5L0PMA,3M,-,Germany,,891K,youtube,germany,False,2024,NA,NA,,
50,Nuclear Blast Records @UCoxg3Kml41wE3IPq-PC-LQw,3M,-,Germany,,888K,youtube,germany,False,2024,NA,NA,,
51,The Promise Official @UCpywdT36luPBzjrEN-z9nvw,3M,-,Germany,,885K,youtube,germany,False,2024,NA,NA,,
52,FC Bayern Munich @UCZkcxFIsqW5htimoUQKA0iA,2.9M,-,Germany,,879K,youtube,germany,False,2024,NA,NA,,
53,JoergSprave @UCVZlxkKqlvVqzRJXhAGq42Q,2.9M,0.2%,Germany,,867K,youtube,germany,False,2024,NA,NA,,
54,iCrimax @UCaR5mgH9aZkswPQtjZ4DktA,2.9M,0.3%,Germany,,867K,youtube,germany,False,2024,NA,NA,,
55,Shirin David @UC5ZkRnYd3__WBBGnAnWO9Cg,2.9M,-,Germany,,855K,youtube,germany,False,2024,NA,NA,,
56,LeFloid @UCLm6s42r_wCbBX0QqXNCTwg,2.8M,-,Germany,Video Gaming,846K,youtube,germany,False,2024,Tech&Gaming,MAPPED,,Video Gaming
57,Elif Karaman @UCZm0b1gRMptZYrquAIRnw4Q,2.8M,-,Germany,,837K,youtube,germany,False,2024,NA,NA,,
58,unsympathischTV @UC-4Tzd5lIRU7lcv7_5OO01Q,2.8M,-,Germany,,834K,youtube,germany,False,2024,NA,NA,,
59,JONAS @UCqD3OnFZJmKxXPhM-ScDK4w,2.8M,0.4%,Germany,,831K,youtube,germany,False,2024,NA,NA,,
60,inscope21 @UCXDi1F7Q-cJQ4mGGavtfYRQ,2.7M,2.3%,Germany,,819K,youtube,germany,False,2024,NA,NA,,
61,Mady Morrison @UCHJBoCDxaCTRrwCHXEBA-BA,2.7M,0.5%,Germany,Fitness,813K,youtube,germany,False,2024,Sports,MAPPED,,Fitness
62,SpontanaBlack @UCppK6hGo5L-dmrryG5T0K0Q,2.7M,0.5%,Germany,,804K,youtube,germany,False,2024,NA,NA,,
63,DieLochis @UCnWPDVXTezqRZMTqmnthgPg,2.7M,-,Germany,,798K,youtube,germany,False,2024,NA,NA,,
64,Capital Bra @UCeJIbOka3ZF8TSWT_-kHmSA,2.7M,-,Germany,,798K,youtube,germany,False,2024,NA,NA,,
65,CrhymeTV @UCGh8tmH9x9njaI2mXfh2fyg,2.6M,-,Germany,,780K,youtube,germany,False,2024,NA,NA,,
66,KinoCheck @UCOL10n-as9dXO2qtjjFUQbQ,2.6M,-,Germany,,780K,youtube,germany,False,2024,NA,NA,,
67,FunChannel @UCevZwmyXBFvHhV7m3k-XylA,2.6M,-,Germany,,777K,youtube,germany,False,2024,NA,NA,,
68,xKito Music @UCMOgdURr7d8pOVlc-alkfRg,2.6M,-,Germany,,774K,youtube,germany,False,2024,NA,NA,,
69,marsgizmo @UCMgE5ns0gsEvbYiiCwnyaDA,2.5M,0.6%,Germany,,759K,youtube,germany,False,2024,NA,NA,,
70,iBlali @UCfeNmPbGRF6dkPt04HIl25A,2.5M,0.8%,Germany,,753K,youtube,germany,False,2024,NA,NA,,
71,urbanamadei @UCGWpyCX6k5q-4NzkyNtgEQA,2.5M,-,Germany,Sports,750K,youtube,germany,False,2024,Sports,MAPPED,,Sports
72,Arazhul @UCdo4IIRJlEaln7ZHZHzFNIw,2.5M,-,Germany,,744K,youtube,germany,False,2024,NA,NA,,
73,PietSmiet @UCqwGaUvq_l0RKszeHhZ5leA,2.5M,-,Germany,,741K,youtube,germany,False,2024,NA,NA,,
74,Like Nastya DE @UCrSZS36d39sB4kItL5odLgA,2.5M,-,Germany,,741K,youtube,germany,False,2024,NA,NA,,
75,Leeroy will's wissen! @UCDW1yldFKWrfjrr78aP5Nkw,2.4M,-,Germany,,723K,youtube,germany,False,2024,NA,NA,,
76,Naomi Jon @UC2qn0BbyTywWCuAy1f1ecfg,2.4M,3.2%,Germany,,720K,youtube,germany,False,2024,NA,NA,,
77,asmr zeitgeist @UCzGEGjOCbgv9z9SF71QyI7g,2.4M,1.4%,Germany,,720K,youtube,germany,False,2024,NA,NA,,
78,Mayapolarbear @UCLFJxkc6mv0Mj6N49MHyK2Q,2.4M,-,Germany,,717K,youtube,germany,False,2024,NA,NA,,
79,Julia Beautx @UCG0E3naN7D-bgldOJvGHbtg,2.4M,0.8%,Germany,Food and Drink,717K,youtube,germany,False,2024,Lifestyle,MAPPED,,Food and Drink
80,3D VR 360 VIDEOS @UCnO5ygba3vsJG9IeZLndaTQ,2.4M,-,Germany,,714K,youtube,germany,False,2024,NA,NA,,
81,Made My Day @UCczKrLf-GTXBo1ThoiILP0A,2.3M,-,Germany,,702K,youtube,germany,False,2024,NA,NA,,
82,The Voice of Germany - Offiziell @UC0_LJ1oJtR5keARJWupA3_g,2.3M,-,Germany,,699K,youtube,germany,False,2024,NA,NA,,
83,RC RC RC!!! @UCOM2W7YxiXPtKobhrYasZDg,2.3M,-,Germany,,693K,youtube,germany,False,2024,NA,NA,,
84,JP Performance GmbH @UC1-VOKyTJrgLiBeiJqzeIUQ,2.3M,-,Germany,,687K,youtube,germany,False,2024,NA,NA,,
85,عالم الكيك @UCPAoLHiPHbNzDlcTLh5NJjw,2.3M,-,Germany,,678K,youtube,germany,False,2024,NA,NA,,
86,Rapid Liquid @UC38r7_x7oMPAZweB2fvGDXQ,2.2M,-,Germany,,669K,youtube,germany,False,2024,NA,NA,,
87,Khalid Alnaimi خالد النعيمي @UCyCs6M3YClp90wqwcnnEmOw,2.2M,0.8%,Germany,Marketing and Advertising,669K,youtube,germany,False,2024,Knowledge&Info,MAPPED,,Marketing and Advertising
88,GalileoRU @UCpNzWUlO6PVb_v7chefBnig,2.2M,-,Germany,,651K,youtube,germany,False,2024,NA,NA,,
89,ToysMyToys @UCx5M8lD4NWfoDERFXy3MtyA,2.2M,-,Germany,,645K,youtube,germany,False,2024,NA,NA,,
90,AviveHD @avivehd,2.1M,0.2%,Germany,,639K,youtube,germany,False,2024,NA,NA,,
91,GÜLSÜMÜN SARAYI TV @UCXL8AQAyGu-g2YSG7QzDBIg,2.1M,-,Germany,,639K,youtube,germany,False,2024,NA,NA,,
92,Trymacs @UC6Gc4KQ1ueDnh8x7plaAD3w,2.1M,0.4%,Germany,,639K,youtube,germany,False,2024,NA,NA,,
93,Gewitter im Kopf - Leben mit Tourette @UCh2Nc3OwjSwuXrUdFNXqFbQ,2.1M,0.2%,Germany,,639K,youtube,germany,False,2024,NA,NA,,
94,Fritz Meinecke @fritzmeinecke,2.1M,1.7%,Germany,,636K,youtube,germany,False,2024,NA,NA,,
95,Mois @UCqcWNPTUVATZt0Dlr2jV0Wg,2.1M,-,Germany,,636K,youtube,germany,False,2024,NA,NA,,
96,Little Baby Bum Deutsch @UCHAQPpmpJqY50V046kQ63Mw,2.1M,-,Germany,,630K,youtube,germany,False,2024,NA,NA,,
97,CrispyRob @UCvGh4HT9ySBoURt0zSpC0Nw,2M,0.7%,Germany,,615K,youtube,germany,False,2024,NA,NA,,
98,Aysha Siddika @UC5xIZOXLw-dd617GoPPDgbw,2M,-,Germany,,609K,youtube,germany,False,2024,NA,NA,,
99,Joey's Jungle @UCGWSzxsb4UXsQf_FRQ7rR1g,2M,2.8%,Germany,,606K,youtube,germany,False,2024,NA,NA,,
100,Sallys Welt @UCPNqPbXJHMvrH3NwRKKR5IQ,2M,-,Germany,,606K,youtube,germany,False,2024,NA,NA,,
1,Teo CRi @UC740ilqsaYlnp0CFdYQoowA,2.9M,-,Greece,,876K,youtube,greece,False,2024,NA,NA,,
2,Zouzounia TV @UC9QSJuIBLUT2GbjgKymkTaQ,1.5M,-,Greece,,450K,youtube,greece,False,2024,NA,NA,,
3,2J @UCGSv9_cj9LDtF-MvXEr7-Ug,1.4M,-,Greece,,405K,youtube,greece,False,2024,NA,NA,,
4,Ένας αγέρας @UCQ66z_au9-ufIbybuqexxKw,1.2M,-,Greece,,369K,youtube,greece,False,2024,NA,NA,,
5,Manos @UCoRh0k2djLqXLnZy1fy0A0w,1.2M,14%,Greece,,369K,youtube,greece,False,2024,NA,NA,,
6,Άκης Πετρετζίκης @UC9DGkZrmvWPk-yqLawxTcfQ,1M,-,Greece,,306K,youtube,greece,False,2024,NA,NA,,
7,d2eTV @UCbEUHIwdQE85cZHod6p0R8w,1M,0.3%,Greece,,300K,youtube,greece,False,2024,NA,NA,,
8,2J Games @UCY-aY6fAqJauPWfxZ7HTZig,985K,0.6%,Greece,,295.5K,youtube,greece,False,2024,NA,NA,,
9,Chhama Haryanvi @UCHwqKzotbgsvrzVf0ZBqIiQ,961K,-,Greece,,288.3K,youtube,greece,False,2024,NA,NA,,
10,Unboxholics @UCjBCvQBVTh4XjPwtSMQNcFg,945K,2.1%,Greece,,283.5K,youtube,greece,False,2024,NA,NA,,
11,KouKouTsa Play TV @UC13tOSJWn2uQGypDeaLdjEg,796K,-,Greece,Pets,238.8K,youtube,greece,False,2024,Lifestyle,MAPPED,,Pets
12,PanosDentGames @UCPgaR6E8Oz7LLW1um06dw6Q,739K,0.8%,Greece,,221.7K,youtube,greece,False,2024,NA,NA,,
13,Disney Greece @UCy84vrlfPcEniv1wuyTr3fw,735K,-,Greece,,220.5K,youtube,greece,False,2024,NA,NA,,
14,Alpha Mods @UCvk6t007YiKnq1ltPHSnGZQ,685K,-,Greece,,205.5K,youtube,greece,False,2024,NA,NA,,
15,StarTvGreece @UCwUNbp_4Y2Ry-asyerw2jew,683K,-,Greece,,204.9K,youtube,greece,False,2024,NA,NA,,
16,PANTELIS PANTELIDIS OFFICIAL Pq @UCzcgU8zoBWid66FtBijwZaw,643K,-,Greece,,192.9K,youtube,greece,False,2024,NA,NA,,
17,Ermal Mamaqi @UCGDcVh8bKrZKIboVExRTh9g,609K,-,Greece,,182.7K,youtube,greece,False,2024,NA,NA,,
18,SNIK OFFICIAL @UCVbMczzYbjoMnJNpGKRXJQw,593K,4.7%,Greece,,177.9K,youtube,greece,False,2024,NA,NA,,
19,ASMeRi Eats @UCMme4fykTMpS6lYnLnq2Ccw,592K,-,Greece,,177.6K,youtube,greece,False,2024,NA,NA,,
20,Gianuba22 @UC5vDKtehyPdBezH-1sZW4cA,565K,-,Greece,,169.5K,youtube,greece,False,2024,NA,NA,,
21,PanosDent @panosdentofficial,556K,2.7%,Greece,,166.8K,youtube,greece,False,2024,NA,NA,,
22,Jeremy @UC9M8JOr7Fb_Eek_4HH9MjeA,548K,-,Greece,,164.4K,youtube,greece,False,2024,NA,NA,,
23,Akis Petretzikis @UCcbNHNmULeU1OoNylpPIRQQ,547K,-,Greece,,164.1K,youtube,greece,False,2024,NA,NA,,
24,Πέππα το Γουρουνάκι - επίσημο κανάλι @UCkiXi3X7fGie4Now_0a5vtA,539K,-,Greece,,161.7K,youtube,greece,False,2024,NA,NA,,
25,Konilo @UCErefDyyeG-QNw7jJ5OLB_g,539K,2.3%,Greece,,161.7K,youtube,greece,False,2024,NA,NA,,
26,RadioUtopia Video Creations @UC8bX_BM3oc-IcIy0zPRH2QA,515K,1.7%,Greece,,154.5K,youtube,greece,False,2024,NA,NA,,
27,Takis Shelter @takisshelter,506K,0.7%,Greece,Pets,151.8K,youtube,greece,False,2024,Lifestyle,MAPPED,,Pets
28,Greek Songs @UChMcgwcwdDdAS7nFrksaL9w,499K,-,Greece,,149.7K,youtube,greece,False,2024,NA,NA,,
29,John JLover @UCDMCoH_-mUj6yp1Zdce_2LA,492K,1.2%,Greece,,147.6K,youtube,greece,False,2024,NA,NA,,
30,Toquel @UCuR4lL9oMNITJuULQZvTfVQ,483K,-,Greece,,144.9K,youtube,greece,False,2024,NA,NA,,
31,ItsOnlySkillz @UC66IdZuclrQIoR5lf6nuQDA,479K,2.4%,Greece,,143.7K,youtube,greece,False,2024,NA,NA,,
32,Fraoules22 @UC-tSuhl4OPZ94vQtPKCwpMg,473K,-,Greece,,141.9K,youtube,greece,False,2024,NA,NA,,
33,Alexandros Kopsialis @UC0PuYn9DiRICtAnDnWluCpA,471K,-,Greece,,141.3K,youtube,greece,False,2024,NA,NA,,
34,Cat Von K @UCNx65cR5o_GrZm-neV17YhA,467K,1.6%,Greece,,140.1K,youtube,greece,False,2024,NA,NA,,
35,Aetos 68 @UCkH0VIeYcSZvKDLmcycw4Kw,464K,-,Greece,,139.2K,youtube,greece,False,2024,NA,NA,,
36,AlphapopOriginal @alphapoporiginal,461K,0.7%,Greece,,138.3K,youtube,greece,False,2024,NA,NA,,
37,EasyDo @UC5aMO145apupAMhKtpD0ujQ,455K,-,Greece,,136.5K,youtube,greece,False,2024,NA,NA,,
38,Νίκος Οικονομόπουλος Official YouTube Channel @UClO0RfbC7SKAw4c18eFa_xg,444K,-,Greece,,133.2K,youtube,greece,False,2024,NA,NA,,
39,OPEN @UCllCEPTcZ_GplDaFsdq_utA,433K,-,Greece,,129.9K,youtube,greece,False,2024,NA,NA,,
40,Bracha Goldsmith @UC15DJ5ZrUtrfwp9MrzsAwLQ,423K,0.8%,Greece,,126.9K,youtube,greece,False,2024,NA,NA,,
41,Hacky @UCfTcxUgSWBAfCJ9Z68XkM6g,413K,-,Greece,,123.9K,youtube,greece,False,2024,NA,NA,,
42,Best Top10 @UCXC4laYWl0bvxx3TpwhIzcg,409K,0.3%,Greece,,122.7K,youtube,greece,False,2024,NA,NA,,
43,LIVE KITCHEN CHANNEL @UCdlE5xd8HTFrgcbodSNCCqQ,403K,0.2%,Greece,,120.9K,youtube,greece,False,2024,NA,NA,,
44,Vine Time @UC5qwqfc2pKK2XUBTGs6Mo5w,401K,-,Greece,,120.3K,youtube,greece,False,2024,NA,NA,,
45,Mastered UI Kostas @UCQrKvhhhtJaTJoDcOWXw_nA,400K,0.1%,Greece,,120K,youtube,greece,False,2024,NA,NA,,
46,Amos and Friends @UCfqAKZyFOKG2kd1I-YzkynQ,399K,-,Greece,,119.7K,youtube,greece,False,2024,NA,NA,,
47,ARIADNI STAR @UCFC6ddNu6jUxUkkqel-zMtg,392K,2.3%,Greece,,117.6K,youtube,greece,False,2024,NA,NA,,
48,GL Show @UC5_mz3DN_m9dTlsyH1Hy2BA,391K,4.2%,Greece,,117.3K,youtube,greece,False,2024,NA,NA,,
49,LegitGamingGR @UCRQB92ym7BcpJnx5G3nC8EA,389K,1.5%,Greece,,116.7K,youtube,greece,False,2024,NA,NA,,
50,ΕΡΤ Α.Ε. @UC0jVU-mK53vDQZcSZB5mVHg,386K,-,Greece,,115.8K,youtube,greece,False,2024,NA,NA,,
51,travelmoto @UCzzX6cJ8E4C9L87PSHOweGA,385K,-,Greece,,115.5K,youtube,greece,False,2024,NA,NA,,
52,Gloomy Gentlemen @UCWAb0-QD2WhYtst4j1OtfrQ,377K,0.5%,Greece,,113.1K,youtube,greece,False,2024,NA,NA,,
53,katerinaop22 @UCCDNHMhHsVv3EwsgZ1oiiRQ,376K,1.6%,Greece,,112.8K,youtube,greece,False,2024,NA,NA,,
54,FAMOUS TOLI @UCTomyRBmUch4ceMfIOu2MKg,375K,0.6%,Greece,,112.5K,youtube,greece,False,2024,NA,NA,,
55,CaptainPanez @UC9sP6AFEI3tGeoDGZk2DByw,372K,-,Greece,,111.6K,youtube,greece,False,2024,NA,NA,,
56,Madorasindahouse @UCLlteTn0b0VBOInvXR_SJcQ,365K,-,Greece,,109.5K,youtube,greece,False,2024,NA,NA,,
57,ARTEMI STAR @UCS1nKAcuFiw4BQVrp93JdAA,363K,-,Greece,,108.9K,youtube,greece,False,2024,NA,NA,,
58,Above The Hood @UCrmIiK8WC-9S4vQFyWyZTFQ,360K,-,Greece,,108K,youtube,greece,False,2024,NA,NA,,
59,Manuella @UCT-YRkKogYobuU8_wPtFOkg,359K,1.3%,Greece,,107.7K,youtube,greece,False,2024,NA,NA,,
60,Sofia Moutidou @UC9MxKvlt9jo3GgdbP5oJHVQ,351K,-,Greece,,105.3K,youtube,greece,False,2024,NA,NA,,
61,Planetworks TV @UCG3uiuJj_En_DQlZegbV9QQ,342K,-,Greece,,102.6K,youtube,greece,False,2024,NA,NA,,
62,Καθαρή Δύναμη @UCml1q-7M8me67TfWRW_7kpQ,330K,-,Greece,,99K,youtube,greece,False,2024,NA,NA,,
63,مسلسلات وأفلام كرتون بالعربية @UCs0_YIFDPpYRqQtU5gl4kTA,329K,0.5%,Greece,,98.7K,youtube,greece,False,2024,NA,NA,,
64,Mad TV Specials @UC19VnzgS9LgBAlOVVjNAogA,329K,-,Greece,,98.7K,youtube,greece,False,2024,NA,NA,,
65,i Mikri Ollandeza @UC6m3fpcYxJ6UzrYFdv00Xjw,326K,-,Greece,,97.8K,youtube,greece,False,2024,NA,NA,,
66,Ευτύχης Μπλέτσας @UCVO2_vAXqk-84iByks7GvaA,322K,0.1%,Greece,,96.6K,youtube,greece,False,2024,NA,NA,,
67,Survivor Greece @UCkazWv8EZHdlMn2vPFov00g,321K,-,Greece,,96.3K,youtube,greece,False,2024,NA,NA,,
68,Pavlos Bouros @UCPCtbCJ9Aft8MNIvrohXwvw,321K,2.3%,Greece,,96.3K,youtube,greece,False,2024,NA,NA,,
69,AmiYiamiTube @UCINQg0BNDHQvndHRw6bsxnA,316K,2.8%,Greece,,94.8K,youtube,greece,False,2024,NA,NA,,
70,W1ndz @UCHyU7rXKyZHpYfIUG7fLtRA,312K,-,Greece,Video Gaming,93.6K,youtube,greece,False,2024,Tech&Gaming,MAPPED,,Video Gaming
71,απλά για γέλιο @UC3DWyA5BDoA1HNEanH5WWTw,308K,-,Greece,,92.4K,youtube,greece,False,2024,NA,NA,,
72,Alekkun @UC6neWk5ip97IGHClu5Jo7NA,306K,3.6%,Greece,,91.8K,youtube,greece,False,2024,NA,NA,,
73,AniPin @UCHLxd4SLFb3zE9hlNHppEBQ,300K,-,Greece,,90K,youtube,greece,False,2024,NA,NA,,
74,MyLifeAsMaria99 @UCSdw5gtpzlMQ0rMgervcsWg,300K,0.9%,Greece,,90K,youtube,greece,False,2024,NA,NA,,
75,MAD TV GREECE @UCs3cho4vcDuCze0tk3W9iVQ,299K,-,Greece,,89.7K,youtube,greece,False,2024,NA,NA,,
76,Ορεινή Μέλισσα @UCMNe8ZwAbRuPnR0K4ler19w,293K,1.1%,Greece,,87.9K,youtube,greece,False,2024,NA,NA,,
77,Dimitris Michailidis @UCvFWP0O2V96YfJaJqlGhSLA,287K,0.3%,Greece,,86.1K,youtube,greece,False,2024,NA,NA,,
78,Ακαδημία Υγείας @UCIFhL_BGnJU42OjhsJ_6XPA,286K,0.2%,Greece,,85.8K,youtube,greece,False,2024,NA,NA,,
79,Siganos Music @UCLtCFl_mwYZ1QCmGxLubTuw,285K,-,Greece,,85.5K,youtube,greece,False,2024,NA,NA,,
80,NeverLander @UCqvggvs6JUKarFjZ1DARQag,285K,1.7%,Greece,,85.5K,youtube,greece,False,2024,NA,NA,,
81,Famous Games @UClDuZYG7d353dglnncfg2Pg,284K,1.1%,Greece,,85.2K,youtube,greece,False,2024,NA,NA,,
82,Maliatsis Tube @UCw0RXjCf-w32E9JtcUTpGbg,282K,1.5%,Greece,,84.6K,youtube,greece,False,2024,NA,NA,,
83,RythmosTube @UCM6gTuHQmT4KywfL2rtCXOg,281K,-,Greece,,84.3K,youtube,greece,False,2024,NA,NA,,
84,Kitoons στα ελληνικά @UCNARnDxcidZbvvQNAFoKbFQ,280K,-,Greece,,84K,youtube,greece,False,2024,NA,NA,,
85,Helena Paparizou @UC-fISqlTEQCDGfaqmze7Z7Q,278K,0.1%,Greece,,83.4K,youtube,greece,False,2024,NA,NA,,
86,Tsach @UCQ7nBCNFOfUA2tssObHdcSw,276K,-,Greece,,82.8K,youtube,greece,False,2024,NA,NA,,
87,SONICBOOM 2003 @UCH8upE98FSazja5EKY1Z8MA,276K,-,Greece,,82.8K,youtube,greece,False,2024,NA,NA,,
88,Radio Arvyla Official @UC1OFMmXk0_d-0dm3Pek9nyQ,274K,-,Greece,,82.2K,youtube,greece,False,2024,NA,NA,,
89,Robin Skouteris @UCKsIHGeZCceQea325W0XSgg,274K,0.2%,Greece,,82.2K,youtube,greece,False,2024,NA,NA,,
90,4THECRAFT @UCdzDAXqWKLuQ58zNtxJUZXw,273K,-,Greece,Art,81.9K,youtube,greece,False,2024,Lifestyle,MAPPED,,Art
91,Konstantina @UCUCJdWP-my8GD2-lpojxsJw,273K,2.2%,Greece,,81.9K,youtube,greece,False,2024,NA,NA,,
92,Chris Kogias @UC1cDpj_OXMMlpEmWpDbaGsg,272K,4.5%,Greece,,81.6K,youtube,greece,False,2024,NA,NA,,
93,illneas @UCmqkVC15c3HNTeZckZO0Taw,271K,1%,Greece,,81.3K,youtube,greece,False,2024,NA,NA,,
94,DAR Animal Rescue @UC-YyKmJ8wnQtN0CegaTUrHA,271K,2.4%,Greece,,81.3K,youtube,greece,False,2024,NA,NA,,
95,Tsede The Real @tsedethereal,267K,1.3%,Greece,,80.1K,youtube,greece,False,2024,NA,NA,,
96,Sissy Christidou @UCtn0EuRJdMNMCUlZGSqJlSg,264K,0.5%,Greece,,79.2K,youtube,greece,False,2024,NA,NA,,
97,Geoxor @UCIPihBzEXYFiYfFwYCwWpKg,263K,14%,Greece,,78.9K,youtube,greece,False,2024,NA,NA,,
98,Alyx @UCPSE_zyGLO-1-2cQ0Z9n2FA,263K,-,Greece,,78.9K,youtube,greece,False,2024,NA,NA,,
99,Astronio @UCYhH65nE2M8rGwMWvAlVu2A,263K,-,Greece,,78.9K,youtube,greece,False,2024,NA,NA,,
100,KingsBandTv @UCBoPISSeOLxmd-6zaVL_SHw,263K,-,Greece,,78.9K,youtube,greece,False,2024,NA,NA,,
1,Jexs @UCapRTMkO4n3LP5dkmIayy5A,3.9M,-,Guatemala,,1.2M,youtube,guatemala,False,2024,NA,NA,,
2,Natalan @UCBp8uzjMbdkMwON1v5DXWRg,2.8M,-,Guatemala,,852K,youtube,guatemala,False,2024,NA,NA,,
3,VAMOS AL PUNTO @UC1MpNVxs7F2NryXhrF4CKoA,2M,-,Guatemala,,612K,youtube,guatemala,False,2024,NA,NA,,
4,Hola Soy Jose Games @UCNOYyBDWWB4tqin8hmnAymw,1.5M,0.1%,Guatemala,,450K,youtube,guatemala,False,2024,NA,NA,,
5,Game Fer @UCqnDU-ohUI6Vd8GoLzHnd_g,1.5M,7.6%,Guatemala,Video Gaming,441K,youtube,guatemala,False,2024,Tech&Gaming,MAPPED,,Video Gaming
6,Lesma VR @UCkRyqjV0MMw9L4AFQPNpTrQ,1.1M,0.7%,Guatemala,,342K,youtube,guatemala,False,2024,NA,NA,,
7,Cash Luna @UCSg7bTPiL33TexOEOzF-d0g,980K,-,Guatemala,,294K,youtube,guatemala,False,2024,NA,NA,,
8,Master Loquendo @UCGxsdFZIGyo3e53yCED7QhA,944K,-,Guatemala,,283.2K,youtube,guatemala,False,2024,NA,NA,,
9,Ese Maje Engasado @UCTizqMNOKtwOv0w5s4w9Mtg,873K,0.1%,Guatemala,,261.9K,youtube,guatemala,False,2024,NA,NA,,
10,RaniArts @UCpqIW0f1XZJrNQTzE-6IjBw,859K,-,Guatemala,,257.7K,youtube,guatemala,False,2024,NA,NA,,
11,Cristian Cermeño @UCQCJppM-F5sDfMoym12K4Fw,706K,-,Guatemala,,211.8K,youtube,guatemala,False,2024,NA,NA,,
12,K.I.R.A @UCJ3yJyBtol13K93rBi5yLOA,686K,1%,Guatemala,,205.8K,youtube,guatemala,False,2024,NA,NA,,
13,JAIJO PLAY @UCsszmHySpA-lvjpT_n4eZhg,619K,0.3%,Guatemala,,185.7K,youtube,guatemala,False,2024,NA,NA,,
14,Jexslive @UC547RK-4Q0TYMkermnJV3mw,575K,3.1%,Guatemala,,172.5K,youtube,guatemala,False,2024,NA,NA,,
15,Prensa Libre @UCEepOY2svuxbsJ-zsAPT9Fg,540K,-,Guatemala,,162K,youtube,guatemala,False,2024,NA,NA,,
16,TN23 @UCt5Dw7ePnn0AqPqRF8Xpjkw,538K,-,Guatemala,,161.4K,youtube,guatemala,False,2024,NA,NA,,
17,SOMA GAMER @UCW8ex2xI41UJmu79Z1CU0EQ,520K,-,Guatemala,,156K,youtube,guatemala,False,2024,NA,NA,,
18,difosatv @UCn7J9Zs1p55edN5j-2eGmFQ,504K,-,Guatemala,,151.2K,youtube,guatemala,False,2024,NA,NA,,
19,MejorVida99 @UCf-rVRX0RFP61wc6gp5arSg,496K,-,Guatemala,,148.8K,youtube,guatemala,False,2024,NA,NA,,
20,Combate Guatemala @UCaCfreTciDSzzw8-jbT0j0A,446K,-,Guatemala,,133.8K,youtube,guatemala,False,2024,NA,NA,,
21,Noti7 @UCVpSRoZgngfSL03Nlbjtq9A,433K,-,Guatemala,,129.9K,youtube,guatemala,False,2024,NA,NA,,
22,Daniex @UCscD8Wq-gEFy9HgZfWq4zLA,401K,-,Guatemala,,120.3K,youtube,guatemala,False,2024,NA,NA,,
23,Miguelgui @erre22,400K,15.4%,Guatemala,,120K,youtube,guatemala,False,2024,NA,NA,,
24,Mundo Luz Producciones @UC0tukQJ6ulXOPGQe4TEwlXA,379K,0.2%,Guatemala,,113.7K,youtube,guatemala,False,2024,NA,NA,,
25,The Marcony Games @UCvBBGdxN3XtE6D8GEcbY8ag,376K,0.2%,Guatemala,,112.8K,youtube,guatemala,False,2024,NA,NA,,
26,Videos Chapin @UCyB8fJ2A8N5dWbKtH6-FZww,375K,0.2%,Guatemala,,112.5K,youtube,guatemala,False,2024,NA,NA,,
27,iWilly Gammer @UCCNPxtw1WrZ-KHCTVNsSFTg,371K,-,Guatemala,,111.3K,youtube,guatemala,False,2024,NA,NA,,
28,Expediente Criminal @UCnZlntbFJ1B81ZX1qXa8Mmg,371K,-,Guatemala,,111.3K,youtube,guatemala,False,2024,NA,NA,,
29,JULIAN LOBOS @UCepdColcsgjDkrA_SQVVrIQ,369K,-,Guatemala,,110.7K,youtube,guatemala,False,2024,NA,NA,,
30,Lead @UCaEJweiUA8k1f28g_cHaKVA,354K,-,Guatemala,,106.2K,youtube,guatemala,False,2024,NA,NA,,
31,Pesca y Aventura @UCmRwHma3xWimKnkyvNwX2TQ,341K,1.2%,Guatemala,,102.3K,youtube,guatemala,False,2024,NA,NA,,
32,Poetadelcielogt @UCAyNV48ilNUyVYqYxwltQKA,336K,-,Guatemala,,100.8K,youtube,guatemala,False,2024,NA,NA,,
33,Dibujosander00 @UCmCu6Xu0Iim-dwczXJzipFQ,328K,1.2%,Guatemala,,98.4K,youtube,guatemala,False,2024,NA,NA,,
34,Star India @UCDgX7RyIwuDwDLdXgpql-yg,326K,-,Guatemala,,97.8K,youtube,guatemala,False,2024,NA,NA,,
35,GAMEDROIT @UCYgHoOsR73fczdG-TbaGNAQ,301K,0.6%,Guatemala,,90.3K,youtube,guatemala,False,2024,NA,NA,,
36,Ghetto Living @UCsDpJQPuqCXsYComygi_D6Q,286K,-,Guatemala,,85.8K,youtube,guatemala,False,2024,NA,NA,,
37,Luis Duarte Tai Chi & Qi Gong @UCKWzbVmoLpgD0cA7SbTI3Bw,278K,0.3%,Guatemala,,83.4K,youtube,guatemala,False,2024,NA,NA,,
38,Profesor Pedro Morales Tuto Flauta @UC65KFgP-pjaMaBA7ksHO2QQ,277K,-,Guatemala,,83.1K,youtube,guatemala,False,2024,NA,NA,,
39,Creo en ti Jesús @UCdaw87_Tl9A3_w3iJLTgxDA,276K,-,Guatemala,,82.8K,youtube,guatemala,False,2024,NA,NA,,
40,Benja @UCTb_E1MTdQ9XmIRsn48Cggw,269K,2.6%,Guatemala,,80.7K,youtube,guatemala,False,2024,NA,NA,,
41,Biología 2.0 @UCnIKTctBSOvd7orS8z80yag,266K,5.3%,Guatemala,,79.8K,youtube,guatemala,False,2024,NA,NA,,
42,Grecia Recinos @UCtlKGC04noVlqCXRJlHpcTg,266K,1.1%,Guatemala,,79.8K,youtube,guatemala,False,2024,NA,NA,,
43,David Canek @UCAYXF9MA4vbGRqLD1B6p3oQ,260K,0.1%,Guatemala,,78K,youtube,guatemala,False,2024,NA,NA,,
44,Nuestro Mundo @UC_Lj2naQPP8vmyDu-AEOo-w,248K,-,Guatemala,,74.4K,youtube,guatemala,False,2024,NA,NA,,
45,Jayiz STUDIOS Alabanzas & mucho más @UC-CNw5HLC9XLqK-YoTJjE2g,237K,-,Guatemala,,71.1K,youtube,guatemala,False,2024,NA,NA,,
46,Criss Audio Productions and Full HD Videos @UCd27lhfUaQne_Wm7NrQqFBw,231K,-,Guatemala,,69.3K,youtube,guatemala,False,2024,NA,NA,,
47,Casa de Dios @UCEZHwD0nap3ihfRsOq4VrXQ,230K,-,Guatemala,,69K,youtube,guatemala,False,2024,NA,NA,,
48,Produccion @UCtrcm0R40KN7UNamL62wDog,225K,-,Guatemala,,67.5K,youtube,guatemala,False,2024,NA,NA,,
49,Scarwal Zone @UCOHkRVwKJvzOINKG5xcBSmg,216K,0.5%,Guatemala,,64.8K,youtube,guatemala,False,2024,NA,NA,,
50,Davines27 @UC_x83lNQVhtcFiEnl43Pe4Q,215K,0.3%,Guatemala,,64.5K,youtube,guatemala,False,2024,NA,NA,,
51,YoutuberChinto @UCoi3Jv_ta8Re9LME252leMg,208K,-,Guatemala,,62.4K,youtube,guatemala,False,2024,NA,NA,,
52,LUINEITOR360 @UCfbQj9vI-0WsrIymsPm5_jQ,203K,0.1%,Guatemala,,60.9K,youtube,guatemala,False,2024,NA,NA,,
53,CANAL 8 ALASKA TV @UCvR6F5PtktCKcW70-vif0tg,200K,-,Guatemala,,60K,youtube,guatemala,False,2024,NA,NA,,
54,Tuti Furlán @UC5aHdUuSsRfRWER7c9WpqMA,197K,0.3%,Guatemala,,59.1K,youtube,guatemala,False,2024,NA,NA,,
55,Anna la Ucraniana @UCcd54hNnnHE92keIheXmIcQ,196K,0.3%,Guatemala,,58.8K,youtube,guatemala,False,2024,NA,NA,,
56,CANAL 502 @UCfI3Z2pQ8EV7QSMYOs3V5UA,195K,0.1%,Guatemala,,58.5K,youtube,guatemala,False,2024,NA,NA,,
57,الكتريك ميكس electric mix @UCiZONaGBeUrFxyH5QKT9iLw,195K,0.1%,Guatemala,,58.5K,youtube,guatemala,False,2024,NA,NA,,
58,EduMan7 @UChBDzIUjuXCn2VqHZBBdE0A,192K,-,Guatemala,,57.6K,youtube,guatemala,False,2024,NA,NA,,
59,REALITY NOTICIAS @UCX5FeQ3AJE6ds-LAQDhodyg,186K,-,Guatemala,,55.8K,youtube,guatemala,False,2024,NA,NA,,
60,Jasa Music @UCTcDVLG5S43jUuKTf44C57A,185K,-,Guatemala,Music,55.5K,youtube,guatemala,False,2024,Music,MAPPED,,Music
61,Telediario @UCxh_zFUyGTadP_rTjYbhuzA,184K,-,Guatemala,,55.2K,youtube,guatemala,False,2024,NA,NA,,
62,malikskies @UCOS8ZmD8rCKcPzT37YsVPTw,179K,10.8%,Guatemala,,53.7K,youtube,guatemala,False,2024,NA,NA,,
63,Mi Bella Guatemala @UCyOsh2hy8_aRe0C_gnchHJA,177K,0.2%,Guatemala,,53.1K,youtube,guatemala,False,2024,NA,NA,,
64,Manualidades La Manita Felíz @UCJGG7isNuQBSpWbPGppM_3g,170K,-,Guatemala,,51K,youtube,guatemala,False,2024,NA,NA,,
65,Mose @UCSvv0vpCTvpF-Cy44XAs5Gw,168K,1%,Guatemala,Music,50.4K,youtube,guatemala,False,2024,Music,MAPPED,,Music
66,Will Sanchez @UCq-iyRfzsV-B5Efy44jSzLg,165K,1.7%,Guatemala,,49.5K,youtube,guatemala,False,2024,NA,NA,,
67,Ale Mendoza @UCaQ5H6peW6T6nag2x7Y4t5g,163K,1.1%,Guatemala,,48.9K,youtube,guatemala,False,2024,NA,NA,,
68,Lau Lopez @UCQNL31BTJH8WDF1MAzM6E5g,158K,-,Guatemala,,47.4K,youtube,guatemala,False,2024,NA,NA,,
69,Lowsan Melgar @UCNdJQuDGC3wYfRlk8-6SoiA,156K,-,Guatemala,,46.8K,youtube,guatemala,False,2024,NA,NA,,
70,Como Zea @UCuGMi-M5NrsBgvC4E4sQ0vw,154K,0.1%,Guatemala,,46.2K,youtube,guatemala,False,2024,NA,NA,,
71,rolandoantonio1998 @UCx6-L3YwlK2y9v9ZhuKt4tg,153K,0.1%,Guatemala,,45.9K,youtube,guatemala,False,2024,NA,NA,,
72,Wilo Senpai @UC4H9MqdtYl7SM8sZmEb0iCA,153K,2%,Guatemala,,45.9K,youtube,guatemala,False,2024,NA,NA,,
73,Apóstol Sergio Enríquez @UCEinxNR_GbtpoylIWudPXKQ,147K,0.2%,Guatemala,,44.1K,youtube,guatemala,False,2024,NA,NA,,
74,No mo mo No @UCLZL-j8ZmUgHGIe9DqIlEmg,145K,0.2%,Guatemala,,43.5K,youtube,guatemala,False,2024,NA,NA,,
75,Iglesia Tiempos de Gloria @UCaS9wk1rJvnidKXvYM7T1Tw,143K,-,Guatemala,,42.9K,youtube,guatemala,False,2024,NA,NA,,
76,Andry Carías @UChqZKHxJbwSL3yyFE9yFIzg,141K,-,Guatemala,,42.3K,youtube,guatemala,False,2024,NA,NA,,
77,Guatevisión @UCDaIW3kDab95q7iCSeVAnbQ,138K,-,Guatemala,,41.4K,youtube,guatemala,False,2024,NA,NA,,
78,JCam @UCQ7p_eLyeJZM3x-8W3g_gPw,136K,-,Guatemala,,40.8K,youtube,guatemala,False,2024,NA,NA,,
79,Ovi Official @UCkThWh6QWCPbvcrwrQsMdsA,135K,0.5%,Guatemala,,40.5K,youtube,guatemala,False,2024,NA,NA,,
80,KARU COVERS @UCx5Y0M6LA98VYkC--lIq_zg,127K,0.8%,Guatemala,,38.1K,youtube,guatemala,False,2024,NA,NA,,
81,Billy Music @UC5X21EbgWJh_f76oze03bOw,126K,6.6%,Guatemala,,37.8K,youtube,guatemala,False,2024,NA,NA,,
82,BLW Online Trading @UCUMSniphxBw60RcLmBReWXg,122K,-,Guatemala,,36.6K,youtube,guatemala,False,2024,NA,NA,,
83,Soy502 @UCAlZ-t5AKY-30C0gQWtH7EA,122K,-,Guatemala,,36.6K,youtube,guatemala,False,2024,NA,NA,,
84,Cronos Time GT @UCH1AYkCs1GpNK_xUwFYTsaQ,122K,-,Guatemala,,36.6K,youtube,guatemala,False,2024,NA,NA,,
85,Alex llenaroYT @UC4iGhcCJqLbVlGUdJ865JFQ,119K,-,Guatemala,,35.7K,youtube,guatemala,False,2024,NA,NA,,
86,Soy Uveka @UCX8Y8lebx8KRAzzjL8-jOFA,118K,-,Guatemala,,35.4K,youtube,guatemala,False,2024,NA,NA,,
87,T13 Noticias Guatemala @UCq0Cm-3SKthEySQc2JZBi1A,115K,-,Guatemala,,34.5K,youtube,guatemala,False,2024,NA,NA,,
88,Gaby Asturias @UCOe8UPkBzuOylJQIrSGwlcg,113K,0.2%,Guatemala,,33.9K,youtube,guatemala,False,2024,NA,NA,,
89,Las Inolvidables @UCBQ9OCZNvmC--OH_e-qGGiA,112K,1%,Guatemala,,33.6K,youtube,guatemala,False,2024,NA,NA,,
90,Gobierno de Guatemala @UCh4GjKBcqxOsL_Bt8gCCSLg,111K,-,Guatemala,,33.3K,youtube,guatemala,False,2024,NA,NA,,
91,RaniDraws Dibujo! @UCGoQDOepQh7UQ66i9D0A8Sg,110K,-,Guatemala,,33K,youtube,guatemala,False,2024,NA,NA,,
92,Queen Army :3 @UC_taOAAi8rUyb_mbe7Rm9zA,108K,-,Guatemala,,32.4K,youtube,guatemala,False,2024,NA,NA,,
93,Marilú Y Los Niños - Escuela Dominical @UCGCMk6v4UOfvMedBITZwm6g,107K,-,Guatemala,,32.1K,youtube,guatemala,False,2024,NA,NA,,
94,Daysi DI @UC8DWypWJcfEW0tSvzcT8Mfw,104K,0.1%,Guatemala,,31.2K,youtube,guatemala,False,2024,NA,NA,,
95,Movimiento GT @UCyW__FKBLHe8onEfY5dbn0g,103K,-,Guatemala,,30.9K,youtube,guatemala,False,2024,NA,NA,,
96,Las Locuras de Pepito El Muñuña. @UCfPAnXKVtGCy4iqgVxsv3Rw,97.3K,0.1%,Guatemala,,29.2K,youtube,guatemala,False,2024,NA,NA,,
97,El Quetzalito Futbolero @UC0bmpKeq5W1Xg6btMAt6ZaQ,94.3K,-,Guatemala,,28.3K,youtube,guatemala,False,2024,NA,NA,,
98,Morsa Viajera @UCwD9EXS86CU5q_YXzcw38uA,93.8K,0.3%,Guatemala,,28.1K,youtube,guatemala,False,2024,NA,NA,,
99,Grandeza TV @UCjtFozeTS5YyRmf56xB95BA,93.6K,-,Guatemala,,28.1K,youtube,guatemala,False,2024,NA,NA,,
100,LUISDA FILMS @UCzgP5SYABblBxgZQlrSZcKQ,93K,-,Guatemala,,27.9K,youtube,guatemala,False,2024,NA,NA,,
1,Mobile Legends: Bang Bang Official @UCqmld-BIYME2i_ooRTo1EOg,14.4M,-,Hong Kong,,4.3M,youtube,hong-kong,False,2024,NA,NA,,
2,zAmericanEnglish @UCHrD4qdeQc1BbpG6EPqDBcA,9M,-,Hong Kong,,2.7M,youtube,hong-kong,False,2024,NA,NA,,
3,Shadow Music @UCl7cVzHngS0kg51TPrDbqlg,8M,-,Hong Kong,Music,2.4M,youtube,hong-kong,False,2024,Music,MAPPED,,Music
4,Xiaoying Cuisine @UCJJDD-Hy76jvUMRG-dpFkcw,3.7M,-,Hong Kong,,1.1M,youtube,hong-kong,False,2024,NA,NA,,
5,芒果TV青春剧场 MangoTV Drama @UCTulSfEm1c14WWRbSN-CNAQ,3.4M,-,Hong Kong,,1M,youtube,hong-kong,False,2024,NA,NA,,
6,TreeMan @UCzc59v10qvwWRPrYoWUKEvQ,2.9M,0.2%,Hong Kong,,861K,youtube,hong-kong,False,2024,NA,NA,,
7,Girlmerry @girlmerry,2.6M,-,Hong Kong,,783K,youtube,hong-kong,False,2024,NA,NA,,
8,GEM鄧紫棋 @UCsLWG2t7n9LFsvH0wR2rtpw,2.6M,-,Hong Kong,,780K,youtube,hong-kong,False,2024,NA,NA,,
9,EHPMusicChannel @UC345x_D7DgK5313D3ftM_EQ,2.4M,-,Hong Kong,,723K,youtube,hong-kong,False,2024,NA,NA,,
10,Zhejiang STV Official Channel-Subscribe Now @UC52EYUUSlzcYqHj-qsx0RHg,2.3M,-,Hong Kong,,675K,youtube,hong-kong,False,2024,NA,NA,,
11,Keep Running Official-Welcome to subscribe @UCfj8FsoiPFHn1gZMJaeLEDg,2.2M,-,Hong Kong,,651K,youtube,hong-kong,False,2024,NA,NA,,
12,李永乐老师 @UCSs4A6HYKmHA2MG_0z-F0xw,2M,-,Hong Kong,,606K,youtube,hong-kong,False,2024,NA,NA,,
13,MangoTV Music Channel @UCwnDGKPgpRsJUjuSGhATAmg,2M,-,Hong Kong,Music,600K,youtube,hong-kong,False,2024,Music,MAPPED,,Music
14,ZJSTV Music Channel-Welcome to subscribe- @UCp8cPvx_Od76EL66vvCnhRA,1.7M,-,Hong Kong,,519K,youtube,hong-kong,False,2024,NA,NA,,
15,Nikmatul Rosidah @UCLII0CgnehW7h423--B9C1g,1.7M,0.1%,Hong Kong,Books,510K,youtube,hong-kong,False,2024,Knowledge&Info,MAPPED,,Books
16,Citi Heroes @UCjrLBk2y5CqtZoyvaKanr_w,1.6M,-,Hong Kong,Celebrity,480K,youtube,hong-kong,False,2024,Entertainment,MAPPED,,Celebrity
17,NuclearProductions @UC_ENPFDGZcBxnlxjPCq5gKA,1.6M,2.5%,Hong Kong,,465K,youtube,hong-kong,False,2024,NA,NA,,
18,Siboen chanel @UCHMIbhTr9BAkO99ZTL5Ouuw,1.4M,-,Hong Kong,,432K,youtube,hong-kong,False,2024,NA,NA,,
19,阿木爷爷 Grandpa Amu @UClaEdLrmti779-tyovta8zw,1.4M,-,Hong Kong,,426K,youtube,hong-kong,False,2024,NA,NA,,
20,Taylor R @UCuySkUHjdgugMw61waqFsRg,1.3M,0.9%,Hong Kong,,396K,youtube,hong-kong,False,2024,NA,NA,,
21,Taleek @UCJwO3Pn_RgCLcw5qxcVPxZw,1.3M,-,Hong Kong,,396K,youtube,hong-kong,False,2024,NA,NA,,
22,二米炊烟ErmiChuiyan @UCYpkch1t09p2HCp9ApcMxrg,1.3M,-,Hong Kong,,393K,youtube,hong-kong,False,2024,NA,NA,,
23,See you every day in the kitchen @UC1SaDcKftNgCW-I34K462yQ,1.3M,-,Hong Kong,,390K,youtube,hong-kong,False,2024,NA,NA,,
24,Fat Monkey @UCnWNu1fNP4_h1AjvPExgnrA,1.2M,-,Hong Kong,,372K,youtube,hong-kong,False,2024,NA,NA,,
25,一条Yit @UCulFhrW_YCwkq_BP16C82mA,1.2M,-,Hong Kong,,357K,youtube,hong-kong,False,2024,NA,NA,,
26,MrYang楊家成 @UCAXYUIlnzX62PppZ6BvOA1w,1.1M,0.4%,Hong Kong,,336K,youtube,hong-kong,False,2024,NA,NA,,
27,RTHK 香港電台 @UC6of7UYhctnYmqABjUqzuxw,1.1M,-,Hong Kong,,324K,youtube,hong-kong,False,2024,NA,NA,,
28,Celine Tam Official @UCBMeo8x6iFI23jjWwUT-7Uw,1.1M,0.3%,Hong Kong,,318K,youtube,hong-kong,False,2024,NA,NA,,
29,TVB (official) @UCD2SNRlEjxJODlwaKx-BoRw,1M,-,Hong Kong,,300K,youtube,hong-kong,False,2024,NA,NA,,
30,越哥说电影 @UChgCVolsF6L7DWmOpWKSkMA,950K,-,Hong Kong,,285K,youtube,hong-kong,False,2024,NA,NA,,
31,笑波子 @UCDpK1rg5I9Zc3ToY13vbR3w,924K,-,Hong Kong,,277.2K,youtube,hong-kong,False,2024,NA,NA,,
32,次元动漫社 Animation Club @UCYkn7e_zaRR_UxOrJR0RVdg,915K,-,Hong Kong,,274.5K,youtube,hong-kong,False,2024,NA,NA,,
33,看电影了没 @UCZmyD8-UsaxaVL-Zx3KEQKw,885K,-,Hong Kong,,265.5K,youtube,hong-kong,False,2024,NA,NA,,
34,April Yang @UCV0A2VeScCoxiMhsA2kiIKw,878K,0.2%,Hong Kong,Education Beauty Technology,263.4K,youtube,hong-kong,False,2024,Beauty&Fashion,MAPPED,,Education Beauty Technology
35,AniZone @UCOOubYPzjKHDAhtFYNFW1UQ,871K,-,Hong Kong,,261.3K,youtube,hong-kong,False,2024,NA,NA,,
36,memehongkong @UCu_YquoQYKR3GpP82TO-zRw,845K,0.2%,Hong Kong,,253.5K,youtube,hong-kong,False,2024,NA,NA,,
37,袁腾飞官方频道 Tengfei Official @UC5xunxPS6oZ1zzKufgREFuA,807K,0.2%,Hong Kong,,242.1K,youtube,hong-kong,False,2024,NA,NA,,
38,WCY Music Studio @UCpJSxn5cpzs4_0CMisQ-xKw,797K,-,Hong Kong,,239.1K,youtube,hong-kong,False,2024,NA,NA,,
39,咬人猫Yaorenmao @UCCvt0Jc0ghFegppbyRdMPTg,772K,-,Hong Kong,,231.6K,youtube,hong-kong,False,2024,NA,NA,,
40,XIAOHAN @UCvoBl4rnVsetDKA_Tdk-jeA,763K,1%,Hong Kong,,228.9K,youtube,hong-kong,False,2024,NA,NA,,
41,哔哩哔哩动画Anime Made By Bilibili - Subscribe Now @UCQFyMGc6h30NMCd6HCk0ZPA,738K,-,Hong Kong,,221.4K,youtube,hong-kong,False,2024,NA,NA,,
42,微辣 Manner @UCgSbuhAD48A7RxbvflQfdjQ,735K,0.8%,Hong Kong,,220.5K,youtube,hong-kong,False,2024,NA,NA,,
43,ericdaryl @UCjHO6ybVXxkDMnJn_QydMLA,732K,-,Hong Kong,,219.6K,youtube,hong-kong,False,2024,NA,NA,,
44,Mira's Garden @UCycdIv0INFmRwGf1UgluUmw,731K,0.2%,Hong Kong,,219.3K,youtube,hong-kong,False,2024,NA,NA,,
45,Heidi Wong @itsheidiwong,725K,0.6%,Hong Kong,Celebrity,217.5K,youtube,hong-kong,False,2024,Entertainment,MAPPED,,Celebrity
46,Games Effect @UC9H83FEsrrBJzhD_ubnEwTQ,723K,0.7%,Hong Kong,,216.9K,youtube,hong-kong,False,2024,NA,NA,,
47,老饭骨 @UCBJmYv3Vf_tKcQr5_qmayXg,711K,0.2%,Hong Kong,,213.3K,youtube,hong-kong,False,2024,NA,NA,,
48,FHProductionHK @UCWHojUvKOvV1xwCANqSsnUg,710K,-,Hong Kong,,213K,youtube,hong-kong,False,2024,NA,NA,,
49,鬥士工作室 Fighter Studio HK @UCMH-zQFPAxTwkV8z1_oRtQg,709K,-,Hong Kong,,212.7K,youtube,hong-kong,False,2024,NA,NA,,
50,職人吹水 @UCZVmFDfn5WnixrHNf25MeJQ,708K,-,Hong Kong,,212.4K,youtube,hong-kong,False,2024,NA,NA,,
51,阿星探店Chinese Food Tour @UCT6k1jUhPL_d9GnCGNegi8A,688K,1.2%,Hong Kong,,206.4K,youtube,hong-kong,False,2024,NA,NA,,
52,Torres Pit托哥 @UCsnZXdLOGBnezK--CiG7FZQ,683K,-,Hong Kong,,204.9K,youtube,hong-kong,False,2024,NA,NA,,
53,脑弟说电影 @UC_e6lI2i2L0800grda3J7XQ,676K,-,Hong Kong,,202.8K,youtube,hong-kong,False,2024,NA,NA,,
54,好奇五先生 @UCJ90Z0iMHLMn-5waLMYPFWQ,676K,0.4%,Hong Kong,,202.8K,youtube,hong-kong,False,2024,NA,NA,,
55,熱點劇場Hotspot! @UCf6Bm3bKLTpkxN49HTcSK2A,675K,-,Hong Kong,,202.5K,youtube,hong-kong,False,2024,NA,NA,,
56,FISHPAPER SEATHIN (baohaizhiyu) @UC_nVthlLcwqc2aeVLsA8poQ,652K,0.5%,Hong Kong,,195.6K,youtube,hong-kong,False,2024,NA,NA,,
57,random_k @UCzSIRGuUOwj6lTucIIh7h5Q,645K,0.1%,Hong Kong,,193.5K,youtube,hong-kong,False,2024,NA,NA,,
58,SanHua Cat Live @UCzlp2uazpgM6Tpm4kj9rqSA,644K,-,Hong Kong,,193.2K,youtube,hong-kong,False,2024,NA,NA,,
59,Zi De guqin Studio @UCltmf0pqjXyLtNsF2vek_wQ,632K,0.3%,Hong Kong,,189.6K,youtube,hong-kong,False,2024,NA,NA,,
60,Siboen Misteri @UCTsUyk9-OYcfTtqUzeSXQNw,602K,0.1%,Hong Kong,,180.6K,youtube,hong-kong,False,2024,NA,NA,,
61,耀客傳媒官方頻道 YOUHUG MEDIA Official Channel @UCjVzBodPWE3BOwHIfzTkirA,596K,-,Hong Kong,,178.8K,youtube,hong-kong,False,2024,NA,NA,,
62,Xia jie from shanbei @UCV-s8tichDSSc19lUw08kXQ,589K,1.1%,Hong Kong,,176.7K,youtube,hong-kong,False,2024,NA,NA,,
63,Old torn chicken @UCfa7Np1XKoc12QEfaeP0JWQ,583K,-,Hong Kong,,174.9K,youtube,hong-kong,False,2024,NA,NA,,
64,Yanzi Sand @UCugt3JYLWn2C2zkzaIXxnVA,582K,-,Hong Kong,,174.6K,youtube,hong-kong,False,2024,NA,NA,,
65,I am Ma Xiaohuai @UCdZ4iamY-QJDEZhBckQpzrQ,574K,-,Hong Kong,,172.2K,youtube,hong-kong,False,2024,NA,NA,,
66,偶像星剧场 @UChd9J0EKfzEnQYohXHMq5Ng,570K,-,Hong Kong,,171K,youtube,hong-kong,False,2024,NA,NA,,
67,張媽媽廚房Mama Cheung @UCXwdv_B9WPSqOmi5EARYknA,565K,-,Hong Kong,Fashion,169.5K,youtube,hong-kong,False,2024,Beauty&Fashion,MAPPED,,Fashion
68,甜悦烘焙Tinrry Baking @UCkcl1RXQtnd5ZKCEPLHvX1Q,564K,-,Hong Kong,,169.2K,youtube,hong-kong,False,2024,NA,NA,,
69,D100 Radio @UCbmZSNWyEoM2xtWhbHRPo3w,544K,-,Hong Kong,,163.2K,youtube,hong-kong,False,2024,NA,NA,,
70,機動電視台RTV @UC7Zayxj2DitG-4C7JMUfd4w,535K,-,Hong Kong,,160.5K,youtube,hong-kong,False,2024,NA,NA,,
71,敖厂长 @UCCkMW93Am1pLfk2nZFKAmbQ,535K,-,Hong Kong,,160.5K,youtube,hong-kong,False,2024,NA,NA,,
72,鳳凰衛視PhoenixTV @UCd9dPMYgV9-IQaZG491TaRw,533K,-,Hong Kong,,159.9K,youtube,hong-kong,False,2024,NA,NA,,
73,REWA Technology @UC3ByF8DcZ3yxUs7VP1NOuyA,528K,0.1%,Hong Kong,,158.4K,youtube,hong-kong,False,2024,NA,NA,,
74,密室大逃脱官方频道 Great Escape Official Channel @UCKm7iuaBY41nzqIk6J8eX0g,524K,-,Hong Kong,,157.2K,youtube,hong-kong,False,2024,NA,NA,,
75,四季萌芽 @UCUMzET2JdWLxZGhvTKCIK-A,523K,-,Hong Kong,,156.9K,youtube,hong-kong,False,2024,NA,NA,,
76,Nomad Capitalist @UC3k3floOm_HtKOv0l6JU-xQ,521K,-,Hong Kong,,156.3K,youtube,hong-kong,False,2024,NA,NA,,
77,Karaoketutor AGT Celine's Father - Vocal Coach @UCznykHx5tuRjJazIBJya4rA,509K,-,Hong Kong,,152.7K,youtube,hong-kong,False,2024,NA,NA,,
78,MAR ASMR @UCenyL68JnjEtySo-zijbYTw,507K,0.4%,Hong Kong,,152.1K,youtube,hong-kong,False,2024,NA,NA,,
79,Pomato 小薯茄 @UCHQoZ0_MHDXIgWeRvPTLTJw,504K,-,Hong Kong,,151.2K,youtube,hong-kong,False,2024,NA,NA,,
80,JeffHK @UCGpdSarF_FdCygiA1tOl6Cg,504K,-,Hong Kong,,151.2K,youtube,hong-kong,False,2024,NA,NA,,
81,狙击手麦克 @UCzYhBFIlyr6BXW3niK-XQeg,503K,0.1%,Hong Kong,,150.9K,youtube,hong-kong,False,2024,NA,NA,,
82,Everyday Chinese @UCSXriUqkzZmAQklQ0N9XFVw,500K,-,Hong Kong,Food and Drink,150K,youtube,hong-kong,False,2024,Lifestyle,MAPPED,,Food and Drink
83,神魔之塔 Tower of Saviors @UCGdOY5emUeXJwZkOdZ-ChfA,496K,-,Hong Kong,,148.8K,youtube,hong-kong,False,2024,NA,NA,,
84,Miao Aduo cuisine @UCTbKHtlQhrSQTijwtqz_QVQ,494K,-,Hong Kong,,148.2K,youtube,hong-kong,False,2024,NA,NA,,
85,蛇仔明 @UCeA3o-jDtYGVcWjfT1yt6yQ,493K,-,Hong Kong,,147.9K,youtube,hong-kong,False,2024,NA,NA,,
86,Dylan Wong @UCC-DWdyi9GeFNHtvh4HbqNg,492K,-,Hong Kong,,147.6K,youtube,hong-kong,False,2024,NA,NA,,
87,Timelab Pro @UC6zl_U-HEajk9JSHkuTlaZQ,489K,1.5%,Hong Kong,Celebrity Art,146.7K,youtube,hong-kong,False,2024,Entertainment,MAPPED,,Celebrity Art
88,我要做富翁 @UCdWNwPuaS1o2dIzugNMXWtw,489K,0.1%,Hong Kong,,146.7K,youtube,hong-kong,False,2024,NA,NA,,
89,Beanpanda Cooking Diary @UCcFW4sgxgc1pb5ssbNw9hsg,489K,0.1%,Hong Kong,,146.7K,youtube,hong-kong,False,2024,NA,NA,,
90,乡村小刚 @UCtohBoGDA6WeJXheUjfEEMQ,479K,-,Hong Kong,,143.7K,youtube,hong-kong,False,2024,NA,NA,,
91,Assia آسيا @UCVqvgP64vzxhpawshnh9f_g,477K,0.5%,Hong Kong,,143.1K,youtube,hong-kong,False,2024,NA,NA,,
92,The LEGO Group @UCpeX7ds2tTpiRMwga0jUq8g,473K,-,Hong Kong,,141.9K,youtube,hong-kong,False,2024,NA,NA,,
93,CCTV Video News Agency @UCmv5DbNpxH8X2eQxJBqEjKQ,465K,0.1%,Hong Kong,News,139.5K,youtube,hong-kong,False,2024,Knowledge&Info,MAPPED,,News
94,ViuTV @UCHOmxBZKt6uCFqoCvRHnSgQ,460K,-,Hong Kong,,138K,youtube,hong-kong,False,2024,NA,NA,,
95,健康旦 HiEggo @UC97oYK3XMf9RLtkc0lO8C-Q,459K,-,Hong Kong,,137.7K,youtube,hong-kong,False,2024,NA,NA,,
96,魔女嘉尔 @UCfX769yHKr7S8gz7UigOsbg,458K,-,Hong Kong,,137.4K,youtube,hong-kong,False,2024,NA,NA,,
97,有線電視 CABLE TV & 有線新聞 CABLE News @UC_q7e5XYJB0JDGagcF0KW0w,454K,-,Hong Kong,News,136.2K,youtube,hong-kong,False,2024,Knowledge&Info,MAPPED,,News
98,owoかや @UCtFcF_I558yCsGkP_5SdJHA,452K,3.1%,Hong Kong,,135.6K,youtube,hong-kong,False,2024,NA,NA,,
99,試當真Trial & Error @UCcfdsRaC34Y4IKTiihYxBrQ,444K,0.7%,Hong Kong,,133.2K,youtube,hong-kong,False,2024,NA,NA,,
100,mingjai14 @UCDoEdJo-PI-EKGNKomwLroQ,442K,1.9%,Hong Kong,,132.6K,youtube,hong-kong,False,2024,NA,NA,,
1,T-Series @UCq-Fj5jknLsUf-MWSy4_brA,234M,-,India,,70.2M,youtube,india,False,2024,NA,NA,,
2,SET India @UCpEhnqL0y41EpW2TvWAHD7Q,139M,-,India,,41.7M,youtube,india,False,2024,NA,NA,,
3,Zee Music Company @UCFFbwnve3yF62-tVXkTyHqg,91.4M,-,India,,27.4M,youtube,india,False,2024,NA,NA,,
4,Goldmines @UCyoXW-Dse7fURq30EWl_CUA,72M,-,India,,21.6M,youtube,india,False,2024,NA,NA,,
5,Sony SAB @UC6-F5tO8uklgE9Zy8IvbdFw,69.2M,-,India,,20.8M,youtube,india,False,2024,NA,NA,,
6,Zee TV @UCppHT7SZKKvar4Oc9J4oljQ,64M,-,India,,19.2M,youtube,india,False,2024,NA,NA,,
7,Shemaroo Filmi Gaane @UCP6uH_XlsxrXwZQ4DlqbqPg,61.1M,-,India,,18.3M,youtube,india,False,2024,NA,NA,,
8,Colors TV @UC55IWqFLDH1Xp7iu1_xknRA,59.2M,-,India,,17.8M,youtube,india,False,2024,NA,NA,,
9,ChuChu TV Nursery Rhymes & Kids Songs @UCBnZ16ahKA2DZ_T5W0FPUXg,58.7M,-,India,,17.6M,youtube,india,False,2024,NA,NA,,
10,Tips Official @UCJrDMFOdv1I2k8n9oK_V21w,56.5M,-,India,,17M,youtube,india,False,2024,NA,NA,,
11,Wave Music @bhojpuriwave,55.6M,-,India,,16.7M,youtube,india,False,2024,NA,NA,,
12,Sony Music India @UC56gTxNs4f9xZ7Pa2i5xNzg,55.3M,-,India,,16.6M,youtube,india,False,2024,NA,NA,,
13,Aaj Tak @UCt4t-jeY85JegMlZ-E5UWtA,54M,-,India,,16.2M,youtube,india,False,2024,NA,NA,,
14,YRF @UCbTLwN10NoCU4WDzLf1JMOA,48.4M,-,India,,14.5M,youtube,india,False,2024,NA,NA,,
15,Infobells - Hindi @UC1ciY6kR3yj3kaKZ6R7ewAg,46.6M,-,India,,14M,youtube,india,False,2024,NA,NA,,
16,CarryMinati @carryminati,41.6M,9.2%,India,Video Gaming,12.5M,youtube,india,False,2024,Tech&Gaming,MAPPED,,Video Gaming
17,Shemaroo @UCF1JIbMUs6uqoZEY1Haw0GQ,41.2M,-,India,Celebrity,12.4M,youtube,india,False,2024,Entertainment,MAPPED,,Celebrity
18,Speed Records @UCOsyDsO5tIt-VZ1iwjdQmew,41.1M,-,India,Music,12.3M,youtube,india,False,2024,Music,MAPPED,,Music
19,Voot Kids @UCJg19noZp7-BYIGvypu_cow,39.3M,-,India,,11.8M,youtube,india,False,2024,NA,NA,,
20,Ishtar Music @UCWi_65E_L8tQZ34C6wVAlpQ,38.5M,-,India,Music Celebrity,11.6M,youtube,india,False,2024,Music,MAPPED,,Music Celebrity
21,Goldmines Gaane Sune Ansune @UCtW7qWjpCZ8zps-Cf2NF26w,35.6M,-,India,,10.7M,youtube,india,False,2024,NA,NA,,
22,T-Series Apna Punjab @UCcvNYxWXR_5TjVK7cSCdW-g,33.6M,-,India,,10.1M,youtube,india,False,2024,NA,NA,,
23,Total Gaming @UC5c9VlYTSvBSCaoMu_GI6gQ,33.6M,0.2%,India,Video Gaming,10.1M,youtube,india,False,2024,Tech&Gaming,MAPPED,,Video Gaming
24,ABP NEWS @UCRWFSbif-RFENbBrSiez1DA,33.5M,-,India,,10.1M,youtube,india,False,2024,NA,NA,,
25,Desi Music Factory @UCLtNvbkqea8wN_kGtfgx_Mw,33M,1.8%,India,,9.9M,youtube,india,False,2024,NA,NA,,
26,Bollywood Classics @UCRm96I5kmb_iGFofE5N691w,32.7M,-,India,,9.8M,youtube,india,False,2024,NA,NA,,
27,Saregama Music @UC_A7K2dXFsTMAciGmnNxy-Q,32.1M,-,India,,9.6M,youtube,india,False,2024,NA,NA,,
28,Rajshri @UCEKWXRsfUHkan-D_ljU8Asw,31.9M,-,India,,9.6M,youtube,india,False,2024,NA,NA,,
29,IndiaTV @UCttspZesZIDEwwpVIgoZtWQ,31.6M,-,India,,9.5M,youtube,india,False,2024,NA,NA,,
30,Eros Now Music @UCX52tYZiEh_mHoFja3Veciw,31.1M,-,India,,9.3M,youtube,india,False,2024,NA,NA,,
31,MR. INDIAN HACKER @UCSiDGb0MnHFGjs4E2WKvShw,29.8M,-,India,,8.9M,youtube,india,False,2024,NA,NA,,
32,Zee News @UCIvaYmXn910QMdemBG3v1pQ,28.7M,-,India,,8.6M,youtube,india,False,2024,NA,NA,,
33,Techno Gamerz @UCX8pnu3DYUnx8qy8V_c6oHg,28.1M,0.9%,India,News Video Gaming,8.4M,youtube,india,False,2024,Knowledge&Info,MAPPED,,News Video Gaming
34,Wow Kidz @UCN8S4CqMRy6tVKVXvs7Bzeg,27.6M,-,India,,8.3M,youtube,india,False,2024,NA,NA,,
35,infobells - Tamil @UCHcn4Ux-sO9nzNu7rDsoQLg,27.1M,-,India,Marketing and Advertising Education,8.1M,youtube,india,False,2024,Knowledge&Info,MAPPED,,Marketing and Advertising Education
36,infobells - Telugu @UCHvoq_rGmOKJKGId1nD1V4Q,26.5M,-,India,,8M,youtube,india,False,2024,NA,NA,,
37,BB Ki Vines @UCqwUrj10mAEsqezcItqvwEw,25.5M,6%,India,Education Celebrity Business and Finance,7.7M,youtube,india,False,2024,Knowledge&Info,MAPPED,,Education Celebrity Business and Finance
38,Shemaroo Movies @UCBOmfqgTZi7yDp4-3Lr_3lA,22.6M,-,India,,6.8M,youtube,india,False,2024,NA,NA,,
39,White Hill Music @UCopY0NAzASqmD6eVaRj2TFQ,22.4M,-,India,,6.7M,youtube,india,False,2024,NA,NA,,
40,Technical Guruji @UCOhHO2ICt0ti9KAh-QHvttQ,22.2M,-,India,,6.7M,youtube,india,False,2024,NA,NA,,
41,Venus Movies @UCpcsv3Ow-8IhoUGDEfPetsQ,21.8M,-,India,,6.5M,youtube,india,False,2024,NA,NA,,
42,Wave Music Bhojpuri @UCYLlkv4hivYJlOk6Lo-RHNQ,21.8M,-,India,,6.5M,youtube,india,False,2024,NA,NA,,
43,Crazy XYZ @UCebC4x5l2-PQxg46Ucv9CsA,21.7M,1.3%,India,,6.5M,youtube,india,False,2024,NA,NA,,
44,Dushyant kukreja @UCo6y9hnRawAqtyWhRhblXqg,21.3M,-,India,,6.4M,youtube,india,False,2024,NA,NA,,
45,Pen Movies @UC3ar28GS6o1p0m_wabfk2zw,21.1M,-,India,Celebrity,6.3M,youtube,india,False,2024,Entertainment,MAPPED,,Celebrity
46,Ultra Movie Parlour @UCYauDsl-rswjQGpA0_-Z9Pw,20.8M,-,India,,6.2M,youtube,india,False,2024,NA,NA,,
47,Netflix India @UCZSNzBgFub_WWil6TOTYwAg,20.6M,-,India,Celebrity,6.2M,youtube,india,False,2024,Entertainment,MAPPED,,Celebrity
48,Dr. Vivek Bindra: Motivational Speaker @UCR-foyF-C6VuAlwy3KZMkgA,20.5M,-,India,,6.2M,youtube,india,False,2024,NA,NA,,
49,Goldmines Cineplex @UCCrw5RBWF9i8VPt4IxL8IsQ,20.4M,-,India,Celebrity,6.1M,youtube,india,False,2024,Entertainment,MAPPED,,Celebrity
50,StarPlus @UC-LPIU24bQXVljUXivKEeRQ,20.1M,-,India,,6M,youtube,india,False,2024,NA,NA,,
51,DLS News @UCw0ry7cLRUnq3Oaszlhgqfg,19M,-,India,,5.7M,youtube,india,False,2024,NA,NA,,
52,Heidi & Zidane बच्चों की कहानियाँ @UCC9Iz-AebxsyVF4iZagOtwA,18.9M,-,India,,5.7M,youtube,india,False,2024,NA,NA,,
53,Green Gold TV - Official Channel @UCiBigY9XM-HaOxUc269ympg,18.7M,-,India,,5.6M,youtube,india,False,2024,NA,NA,,
54,Khan GS Research Centre @UCatL-c6pmnjzEOHSyjn-sHA,18.2M,3.8%,India,,5.5M,youtube,india,False,2024,NA,NA,,
55,etvteluguindia @UCSs9H1cyB3OHdy8wkit8ZKg,17.8M,-,India,Celebrity Business and Finance Education Television,5.3M,youtube,india,False,2024,Knowledge&Info,MAPPED,,Celebrity Business and Finance Education Television
56,Sun TV @UCBnxEdpoZwstJqC1yZpOjRA,17.6M,-,India,,5.3M,youtube,india,False,2024,NA,NA,,
57,Triggered Insaan @UCfLuT3JwLx8rvHjHfTymekw,17.5M,-,India,Books,5.3M,youtube,india,False,2024,Knowledge&Info,MAPPED,,Books
58,Dangal TV Channel @UCNzmmbXIbMzlqE8nD1PBXfg,17.3M,-,India,,5.2M,youtube,india,False,2024,NA,NA,,
59,Stubborn Facts @UCJZ5gFXzSZ9i-R1HEnS8U_A,17.3M,-,India,Celebrity,5.2M,youtube,india,False,2024,Entertainment,MAPPED,,Celebrity
60,Sidhu Moose Wala @UC9ChdqQRCaZmTCwSJ49tcbw,17.1M,5.9%,India,,5.1M,youtube,india,False,2024,NA,NA,,
61,Village Cooking Channel @UCk3JZr7eS3pg5AGEvBdEvFg,17.1M,1%,India,,5.1M,youtube,india,False,2024,NA,NA,,
62,Busy Fun Ltd @UCkKDpnzIG29MA--Sh6oOtWg,16.9M,-,India,,5.1M,youtube,india,False,2024,NA,NA,,
63,Kiddiestv Hindi - Nursery Rhymes & Kids Songs @UCvEAgG7WzPZnZkf9iOV_YCg,16.7M,-,India,,5M,youtube,india,False,2024,NA,NA,,
64,Wow Kidz Action @UCCyKsYaRi62axS-kasXW7wA,16.6M,-,India,,5M,youtube,india,False,2024,NA,NA,,
65,Prajapati News @UCl_Ksy6Yi1b4eEZ46FInb_w,16.1M,-,India,,4.8M,youtube,india,False,2024,NA,NA,,
66,Zappy Toons - Hindi Nursery Rhymes and Stories @UCcryiZdagSR9M-Oii_Y4OfQ,15.9M,-,India,,4.8M,youtube,india,False,2024,NA,NA,,
67,Aayu and Pihu Show @UCFcBAGR0drI3F15EhMFjuTg,15.8M,0.4%,India,Celebrity,4.7M,youtube,india,False,2024,Entertainment,MAPPED,,Celebrity
68,RKD Studios @UCjBwQ6M9QyCgO5Pp-TQRFUA,15.7M,-,India,Video Gaming,4.7M,youtube,india,False,2024,Tech&Gaming,MAPPED,,Video Gaming
69,And TV @UCxJcrDUc8awRSLzLbnIiAmQ,15.7M,-,India,,4.7M,youtube,india,False,2024,NA,NA,,
70,SriBalajiMovies @UCoy3dQzEdq1y2zMnT4pdj3Q,15.5M,-,India,,4.7M,youtube,india,False,2024,NA,NA,,
71,Taarak Mehta Ka Ooltah Chashmah @UCnSFZ-olBoLGLRUS_3RI2Aw,15.2M,-,India,,4.6M,youtube,india,False,2024,NA,NA,,
72,NDTV India @UC9CYT9gSNLevX5ey2_6CK0Q,15.1M,-,India,,4.5M,youtube,india,False,2024,NA,NA,,
73,Volga Video @UCIeNlITYK46VkR7yIuTL8GQ,15M,-,India,,4.5M,youtube,india,False,2024,NA,NA,,
74,Harsh Beniwal @UCVmEbEQUGXHVm-O9pqa3JWg,15M,10.3%,India,,4.5M,youtube,india,False,2024,NA,NA,,
75,Fun For Kids TV - Hindi Rhymes @UCe3GjNY3Kqi8Xd6nT4JN_6w,14.5M,-,India,,4.4M,youtube,india,False,2024,NA,NA,,
76,Gyan Gamingㅤ @UChXi_PlJkRMPYFQBOJ3MpxA,14.4M,-,India,Video Gaming,4.3M,youtube,india,False,2024,Tech&Gaming,MAPPED,,Video Gaming
77,Team Films Bhojpuri @UCB4SvelHl4qjFSNYfxhp-SQ,14.4M,-,India,,4.3M,youtube,india,False,2024,NA,NA,,
78,Shorts Break @UCgJ5_1F6yJhYLnyMszUdmUg,14.3M,4.3%,India,,4.3M,youtube,india,False,2024,NA,NA,,
79,SRK MUSIC @UCAH1Aw-mXgcB3t8uaqW4yTA,14.2M,-,India,,4.3M,youtube,india,False,2024,NA,NA,,
80,Mazhavil Manorama @UCUPD0jQo-EP0B1Nf4uzeIMA,14M,-,India,,4.2M,youtube,india,False,2024,NA,NA,,
81,DM - Desi Melodies @UC783dnzJqf2ghHp_pFLYbGA,14M,-,India,,4.2M,youtube,india,False,2024,NA,NA,,
82,ZEE5 @UCXOgAl4w-FQero1ERbGHpXQ,13.9M,-,India,,4.2M,youtube,india,False,2024,NA,NA,,
83,Sony Music South @UCn4rEMqKtwBQ6-oEwbd4PcA,13.8M,-,India,,4.1M,youtube,india,False,2024,NA,NA,,
84,MY FAMILY @UC4B6dDVB0Umrh5l4UgxUtyg,13.8M,0.1%,India,Celebrity,4.1M,youtube,india,False,2024,Entertainment,MAPPED,,Celebrity
85,Online Job @UCL3IoeeHKzWMxZxhmnmETjw,13.5M,-,India,,4.1M,youtube,india,False,2024,NA,NA,,
86,infobells @UCU_AsfgtKjwR4qaSwgsWn-w,13.5M,-,India,,4.1M,youtube,india,False,2024,NA,NA,,
87,The MriDul @UC0zXnLIFedO97pFsyMxZcFg,13.3M,-,India,,4M,youtube,india,False,2024,NA,NA,,
88,MyMissAnand @UCpCWa9f5_J3PqY-_Lg-_QfQ,13.2M,0.2%,India,,4M,youtube,india,False,2024,NA,NA,,
89,Anaysa @UCuN4A3GCUq5-0wJDSiJoxRQ,13.2M,0.1%,India,Fashion Beauty,4M,youtube,india,False,2024,Beauty&Fashion,MAPPED,,Fashion Beauty
90,NishaMadhulika @UCgoxyzvouZM-tCgsYzrYtyg,13.1M,-,India,,3.9M,youtube,india,False,2024,NA,NA,,
91,ETV Jabardasth @UCnoqvTW4YZExfDeq7_Wmd-w,13M,-,India,,3.9M,youtube,india,False,2024,NA,NA,,
92,Mythpat @UCx6F-rETGiz7xf_vkMmX2yQ,13M,-,India,Video Gaming,3.9M,youtube,india,False,2024,Tech&Gaming,MAPPED,,Video Gaming
93,Desi Gamers @UCuApqv2tNQ73S7gcfrfCSDw,13M,0.5%,India,,3.9M,youtube,india,False,2024,NA,NA,,
94,Zee Bangla @UCeMsqI6jU9WE2ctsrbxbywQ,13M,-,India,,3.9M,youtube,india,False,2024,NA,NA,,
95,Lotus Music @UCJeeXUtsKBj89Ra1nszP4JQ,12.9M,-,India,Music,3.9M,youtube,india,False,2024,Music,MAPPED,,Music
96,CookingShooking Hindi @UCTbNOCtAGaqOEnLMeo3JTeg,12.8M,-,India,,3.8M,youtube,india,False,2024,NA,NA,,
97,Zee Telugu @UC3PYGKK29qJ0zu-eEthHK4g,12.7M,-,India,,3.8M,youtube,india,False,2024,NA,NA,,
98,Dear Sir @UC9dyrsYEmD4iGJ8Oz1G5dpw,12.7M,-,India,,3.8M,youtube,india,False,2024,NA,NA,,
99,T-Series Hamaar Bhojpuri @UCpN-WGQgGsOrXm7nHXDdTDA,12.6M,-,India,,3.8M,youtube,india,False,2024,NA,NA,,
100,Health Time @UCPMqs8vxEwbie26nFA3ykAw,12.6M,-,India,,3.8M,youtube,india,False,2024,NA,NA,,
1,Ricis Official @UC4tS4Q_Cno5JVcIUXxQOOpA,30.6M,-,Indonesia,,9.2M,youtube,indonesia,False,2024,NA,NA,,
2,AH @UCaKLg1ELiX0zTJ6Je3c5esA,29.8M,0.1%,Indonesia,,8.9M,youtube,indonesia,False,2024,NA,NA,,
3,Rans Entertainment @ransentertainment,24.2M,-,Indonesia,,7.3M,youtube,indonesia,False,2024,NA,NA,,
4,TRANS7 OFFICIAL @UC24_Z2L-8Ki183AI9zJJzNQ,23.6M,-,Indonesia,,7.1M,youtube,indonesia,False,2024,NA,NA,,
5,Frost Diamond @UC4hGmH5sABOA70D4fGb8qNQ,22.9M,-,Indonesia,,6.9M,youtube,indonesia,False,2024,NA,NA,,
6,Baim Paula @UC5xAPCVizxOfnMECMXkal2Q,20.8M,-,Indonesia,,6.2M,youtube,indonesia,False,2024,NA,NA,,
7,Indosiar @UCYqOeAXJm8yV9sJ8Ud3cR7A,20.4M,-,Indonesia,Celebrity,6.1M,youtube,indonesia,False,2024,Entertainment,MAPPED,,Celebrity
8,Deddy Corbuzier @UCYk4LJI0Pr6RBDWowMm-KUw,19.4M,-,Indonesia,,5.8M,youtube,indonesia,False,2024,NA,NA,,
9,BabyBus - Cerita & Lagu Anak-anak @UC5v3gjCQLFeg8eBXO7ShdpQ,18.1M,-,Indonesia,,5.4M,youtube,indonesia,False,2024,NA,NA,,
10,Naisa Alifia Yuriza (N.A.Y) @UCtjFp8VXWIscsqQ2wokpo3Q,17.8M,-,Indonesia,,5.3M,youtube,indonesia,False,2024,NA,NA,,
11,Zuni and Family @UCAelPgCHWYyEs8-TFuOVRtg,16.4M,-,Indonesia,,4.9M,youtube,indonesia,False,2024,NA,NA,,
12,tanboy kun @UC8rHUssNDJ9YEjfduAqJBmw,16M,0.3%,Indonesia,,4.8M,youtube,indonesia,False,2024,NA,NA,,
13,TRANS TV Official @UCIohHXwCEKxWCLvAguJ-GjA,16M,-,Indonesia,,4.8M,youtube,indonesia,False,2024,NA,NA,,
14,Like Nastya IDN @UCui_SuV6CzSgB1bdwL5utzg,16M,-,Indonesia,,4.8M,youtube,indonesia,False,2024,NA,NA,,
15,Dyland PROS @UCXdmo_q4SawYMz-dmeKEHPQ,15.5M,-,Indonesia,,4.7M,youtube,indonesia,False,2024,NA,NA,,
16,RCTI - LAYAR DRAMA INDONESIA @UCzTsWuCdVP_vehWyGwPcS3Q,15.2M,-,Indonesia,,4.6M,youtube,indonesia,False,2024,NA,NA,,
17,Kerajinan 5-Menit @UClIYfCAhMAlacxT0e_sl1uA,15.2M,-,Indonesia,,4.6M,youtube,indonesia,False,2024,NA,NA,,
18,Arif muhammad @arifmuhammadd,14.5M,0.4%,Indonesia,,4.4M,youtube,indonesia,False,2024,NA,NA,,
19,BUDI01 GAMING @UC8qp0ZmavLOGeSdLxSUZO8w,12.9M,-,Indonesia,Video Gaming,3.9M,youtube,indonesia,False,2024,Tech&Gaming,MAPPED,,Video Gaming
20,The Shiny Peanut @UCgiO267R4Qo-SJF2UzH5ccQ,12.9M,-,Indonesia,,3.9M,youtube,indonesia,False,2024,NA,NA,,
21,SAAIHALILINTAR @UCEIdGryox368qWinrZ9eA8A,12.6M,0.1%,Indonesia,Celebrity Technology,3.8M,youtube,indonesia,False,2024,Tech&Gaming,MAPPED,,Celebrity Technology
22,Yudist Ardhana @UCvc00uetYIML9D-7BBrEXLA,12.1M,-,Indonesia,,3.6M,youtube,indonesia,False,2024,NA,NA,,
23,Troom Troom Indonesia @UCtGmhXT_NSTK5j_r9a9xdYA,12M,-,Indonesia,,3.6M,youtube,indonesia,False,2024,NA,NA,,
24,Jessica Jane @UCFuM3BWlLM3YbLjkXBiJ8-A,10.7M,0.4%,Indonesia,,3.2M,youtube,indonesia,False,2024,NA,NA,,
25,GNP Music @UCJYG48dCgMA-p5BVDabi3nQ,10.3M,-,Indonesia,,3.1M,youtube,indonesia,False,2024,NA,NA,,
26,Islam Populer @UCXhg6jUrkGLiiwk7Zr13SuQ,10.1M,-,Indonesia,,3M,youtube,indonesia,False,2024,NA,NA,,
27,Little Angel Bahasa Indonesia - Lagu Anak @UCdrHrQf0o0TO8YDntXJ4VIQ,10M,-,Indonesia,,3M,youtube,indonesia,False,2024,NA,NA,,
28,SULE PRODUCTIONS @UCZWk_k207M--sLScrLdM3JQ,10M,-,Indonesia,Celebrity,3M,youtube,indonesia,False,2024,Entertainment,MAPPED,,Celebrity
29,Ini Talk Show @UCo1CFjot3CX97sn_ngJnGPg,9.8M,-,Indonesia,,2.9M,youtube,indonesia,False,2024,NA,NA,,
30,Aishwa Nahla Official @UC1nqMqjwWkcN80yfHM6Hcow,9.7M,-,Indonesia,,2.9M,youtube,indonesia,False,2024,NA,NA,,
31,efdewe @UCIWUnAI0GL4LDfCUeOOq7xg,9.7M,-,Indonesia,,2.9M,youtube,indonesia,False,2024,NA,NA,,
32,Sara Wijayanto @UCa3k1_nfBeXbf7be6Dcy_vQ,9.6M,1.1%,Indonesia,,2.9M,youtube,indonesia,False,2024,NA,NA,,
33,Nihongo Mantappu @UC1Gmqqs_Myzl2KHIeqfUC9A,9.6M,0.1%,Indonesia,,2.9M,youtube,indonesia,False,2024,NA,NA,,
34,Bobon Santoso @UCCeJqNJdhaydrlubVLzyErQ,9.5M,-,Indonesia,,2.8M,youtube,indonesia,False,2024,NA,NA,,
35,Ani Nurhayani @UCs89kFyfKM24SFFAb_vqpBQ,9.4M,-,Indonesia,,2.8M,youtube,indonesia,False,2024,NA,NA,,
36,LetDa Hyper @UCCsHdU66sCbEtklvSVAGPsQ,9.4M,-,Indonesia,,2.8M,youtube,indonesia,False,2024,NA,NA,,
37,PANJI PETUALANG @UCK80fj7o9HUEWvobSVp2J-Q,9.2M,0.1%,Indonesia,,2.8M,youtube,indonesia,False,2024,NA,NA,,
38,Rendy Rangers @UCg_GNu-J5_naq-k1kUfq1Rw,9.2M,-,Indonesia,,2.8M,youtube,indonesia,False,2024,NA,NA,,
39,The Onsu Family @UCJvQLi9uJEGBpD8t3DZyHpw,9M,-,Indonesia,,2.7M,youtube,indonesia,False,2024,NA,NA,,
40,Lagu Anak Indonesia Balita @UC5Tg_aUYKBtpnGipTVqDDuQ,9M,-,Indonesia,,2.7M,youtube,indonesia,False,2024,NA,NA,,
41,Nussa Official @UCV2jNjJEtO0Hr3b1Es3xPJg,8.9M,-,Indonesia,,2.7M,youtube,indonesia,False,2024,NA,NA,,
42,The LetsPlay Family @UCnN-PlxUJifRxrtyb2vgk7w,8.9M,-,Indonesia,,2.7M,youtube,indonesia,False,2024,NA,NA,,
43,deHakims @UC7-sh4gtS5oJkwqOyt8s3CQ,8.9M,-,Indonesia,,2.7M,youtube,indonesia,False,2024,NA,NA,,
44,Tayo Bus Kecil - Tayo Bahasa Indonesia @UCUaZwCnn6Z-16BmkKngSs0g,8.8M,-,Indonesia,,2.6M,youtube,indonesia,False,2024,NA,NA,,
45,WARINTIL OFFICIAL @UCEHprhvK2xu0CYKcnbMshBw,8.6M,-,Indonesia,,2.6M,youtube,indonesia,False,2024,NA,NA,,
46,SISI TERANG @UCSg-Y9uI1E-my-I4WKKioEQ,8.6M,-,Indonesia,,2.6M,youtube,indonesia,False,2024,NA,NA,,
47,Mikael TubeHD @UCFSqAZl3AxxMyaHouB2GKSg,8.3M,-,Indonesia,,2.5M,youtube,indonesia,False,2024,NA,NA,,
48,kemas pake z @UCCEs4SbttY3l73m0WsZix3g,8.3M,-,Indonesia,,2.5M,youtube,indonesia,False,2024,NA,NA,,
49,MOP Channel @UCrrimexxJpH-zLIrg_IPV_w,8.2M,-,Indonesia,,2.5M,youtube,indonesia,False,2024,NA,NA,,
50,KopraL Jono @UCS1a9Q2__fjNt_8Wik0RFTg,8.2M,-,Indonesia,,2.5M,youtube,indonesia,False,2024,NA,NA,,
51,Erpan1140 @UCHtehvb3p55uRCQBDCwF-ow,8.1M,-,Indonesia,Video Gaming,2.4M,youtube,indonesia,False,2024,Tech&Gaming,MAPPED,,Video Gaming
52,Netmediatama @UCrmgXElfpFPD9LDc_0aUfew,8.1M,-,Indonesia,Celebrity News,2.4M,youtube,indonesia,False,2024,Knowledge&Info,MAPPED,,Celebrity News
53,TRI SUAKA CHANNEL @UCxHRAILTOBZNR8J9GZFaniw,8M,-,Indonesia,,2.4M,youtube,indonesia,False,2024,NA,NA,,
54,Maell Lee @UCgYmNAhjfv5GYWBOfzp831Q,8M,0.2%,Indonesia,,2.4M,youtube,indonesia,False,2024,NA,NA,,
55,MD Entertainment @UC3e0KfJEE6s46nn6_N-DMaQ,7.9M,-,Indonesia,,2.4M,youtube,indonesia,False,2024,NA,NA,,
56,fikrifadlu @UC4AXZK3XiR-kz1Nk01LhxmQ,7.7M,-,Indonesia,,2.3M,youtube,indonesia,False,2024,NA,NA,,
57,Jeevan Akawa @UC4Z9EjODYWG91KEk-Q8DWPw,7.5M,-,Indonesia,,2.3M,youtube,indonesia,False,2024,NA,NA,,
58,Angga Candra @UCJdzixqmMBoCMoMkrQ8F8FQ,7.5M,-,Indonesia,,2.3M,youtube,indonesia,False,2024,NA,NA,,
59,Oura Gaming @UCirWugW5e03u3DUGA87s58A,7.5M,-,Indonesia,,2.2M,youtube,indonesia,False,2024,NA,NA,,
60,Putih Abu-Abu @UCIqzqfsgUqctbM-MANntwuQ,7.4M,-,Indonesia,,2.2M,youtube,indonesia,False,2024,NA,NA,,
61,musisi jogja project @UCUE-BF1Q5E6Sz1KidSnSRYw,7M,-,Indonesia,,2.1M,youtube,indonesia,False,2024,NA,NA,,
62,Rasyah Rasyid @UCEgqJ5EKBATUwpkM6fVuGiA,7M,-,Indonesia,,2.1M,youtube,indonesia,False,2024,NA,NA,,
63,Hi Patrick @UCZB0J8mVXqPe3ej6UYlS4DQ,6.9M,-,Indonesia,,2.1M,youtube,indonesia,False,2024,NA,NA,,
64,animasinopal @UC5IA7MpYcbhbA28RgyQrV0A,6.9M,1.5%,Indonesia,,2.1M,youtube,indonesia,False,2024,NA,NA,,
65,DJ Opus @UCwTSXttL8gc13UlPXU7YNjQ,6.8M,-,Indonesia,,2M,youtube,indonesia,False,2024,NA,NA,,
66,Kang Ujang Busthomi cirebon @UCxTVvAgJyIjw-zmJex4nyhg,6.8M,0.1%,Indonesia,,2M,youtube,indonesia,False,2024,NA,NA,,
67,Kananda Widyantara @UCveWi6uuOZbGODjcVWJMW7Q,6.6M,-,Indonesia,Video Gaming,2M,youtube,indonesia,False,2024,Tech&Gaming,MAPPED,,Video Gaming
68,FATEH HALILINTAR @UCi_ujFc2fgNt21RgVY5hvGg,6.6M,0.2%,Indonesia,,2M,youtube,indonesia,False,2024,NA,NA,,
69,sidul tube channel @UCyIEVMhLpr-zmqZN9v2Ka_w,6.5M,-,Indonesia,,2M,youtube,indonesia,False,2024,NA,NA,,
70,Obbyphy @UC8J8jWVZK9isJAU579ulheg,6.5M,0.2%,Indonesia,,1.9M,youtube,indonesia,False,2024,NA,NA,,
71,Indonesian Idol @indonesianidol,6.5M,-,Indonesia,,1.9M,youtube,indonesia,False,2024,NA,NA,,
72,TAULANY TV @UC6SPCnTAIanF2_8ST2wrQzw,6.4M,0.9%,Indonesia,Celebrity Music,1.9M,youtube,indonesia,False,2024,Music,MAPPED,,Celebrity Music
73,Calon Sarjana @UC-ASDT9n-sUPwA7uUPN0OoQ,6.3M,-,Indonesia,,1.9M,youtube,indonesia,False,2024,NA,NA,,
74,123 GO! Indonesian @UC43nz9qnZ7AIrbOlfxejTig,6.3M,-,Indonesia,,1.9M,youtube,indonesia,False,2024,NA,NA,,
75,MetroTV @UCzl0OrB3-ehunyotIQvK77A,6.3M,-,Indonesia,,1.9M,youtube,indonesia,False,2024,NA,NA,,
76,WAWAN MKS @UCXT5s05a6LQsP9q83W5hY_A,6.3M,-,Indonesia,,1.9M,youtube,indonesia,False,2024,NA,NA,,
77,Natasha Wilona @UCciyMo0ShVMAlYp3SWAaBcw,6.2M,-,Indonesia,,1.9M,youtube,indonesia,False,2024,NA,NA,,
78,BrandonKent Everything @brandonkenteverything,6.2M,0.1%,Indonesia,Video Gaming,1.9M,youtube,indonesia,False,2024,Tech&Gaming,MAPPED,,Video Gaming
79,Fiki Naki @UCL3jS4gOZ-wJA7oeV8c7low,6.2M,-,Indonesia,,1.8M,youtube,indonesia,False,2024,NA,NA,,
80,Mikael Family @UC6SnUbITMvm6nfC7G1PPtUA,6.1M,-,Indonesia,,1.8M,youtube,indonesia,False,2024,NA,NA,,
81,CnX Adventurers @UCrjWoQ3vlzLrKweYk5jAl1w,6M,-,Indonesia,,1.8M,youtube,indonesia,False,2024,NA,NA,,
82,Super JoJo Bahasa Indonesia - Lagu Anak-anak @UC_S8TNffRECCdqdrmYlNejw,6M,-,Indonesia,,1.8M,youtube,indonesia,False,2024,NA,NA,,
83,The Hermansyah A6 @UChC0SS7gzZcoNJShR9Qh8Nw,5.9M,-,Indonesia,,1.8M,youtube,indonesia,False,2024,NA,NA,,
84,Thariq Halilintar @UC4yFyIPBcHKXplfjsEZ_t8A,5.8M,0.3%,Indonesia,,1.7M,youtube,indonesia,False,2024,NA,NA,,
85,Jurnal Risa @UCKFC1LYWw1fbe9LNfm2vEPg,5.7M,0.6%,Indonesia,,1.7M,youtube,indonesia,False,2024,NA,NA,,
86,SABYAN @UCeZA77FZSG4YzBcvBJ9eynA,5.7M,-,Indonesia,,1.7M,youtube,indonesia,False,2024,NA,NA,,
87,Hobby Makan @UCNYvkAHBuLfOzUBuR1Uvv9w,5.5M,0.2%,Indonesia,,1.7M,youtube,indonesia,False,2024,NA,NA,,
88,DENNY CAKNAN @UC0k3T5AJYvKnuc52bB7rJTA,5.5M,-,Indonesia,,1.7M,youtube,indonesia,False,2024,NA,NA,,
89,MARKOCOP @UC_rsMKPp_iGAXtblQ-KEXNQ,5.5M,0.2%,Indonesia,,1.7M,youtube,indonesia,False,2024,NA,NA,,
90,Alip_Ba_Ta @UCcHGALtfZtBRU_lzMaBm9Wg,5.5M,0.6%,Indonesia,,1.7M,youtube,indonesia,False,2024,NA,NA,,
91,Picky Picks @UCmlgRPrwvyHaS1jYXJifNqg,5.5M,-,Indonesia,,1.6M,youtube,indonesia,False,2024,NA,NA,,
92,123 GO! CHALLENGE Indonesian @UC-S7cyZCojMeVopBkH6yNEw,5.5M,-,Indonesia,,1.6M,youtube,indonesia,False,2024,NA,NA,,
93,123 GO! GOLD Indonesian @UCwIzd032IQjvJ9larkdcwgg,5.5M,-,Indonesia,,1.6M,youtube,indonesia,False,2024,NA,NA,,
94,SAM si JELI LINCAH @UC7_kZOqKOBy6t8xwJevcxjQ,5.4M,-,Indonesia,,1.6M,youtube,indonesia,False,2024,NA,NA,,
95,WeTV Indonesia @UCQI1M9NaNl79AktSWNOoLcA,5.3M,-,Indonesia,,1.6M,youtube,indonesia,False,2024,NA,NA,,
96,Vilmei @UC90xz-i20jmoZhI8RMLzzjA,5.3M,-,Indonesia,,1.6M,youtube,indonesia,False,2024,NA,NA,,
97,Fakta Populer @UCVB4ZivEBReX0f2rrz7JL-A,5.3M,-,Indonesia,,1.6M,youtube,indonesia,False,2024,NA,NA,,
98,MAQ @UClEZXxVmQTI5o-ZFT_HDXvA,5.2M,-,Indonesia,,1.6M,youtube,indonesia,False,2024,NA,NA,,
99,MILYHYA @UC0ohl1eKTtlJNqbD-HWRQVg,5.2M,-,Indonesia,,1.6M,youtube,indonesia,False,2024,NA,NA,,
100,Korea Reomit @UCXkRFUruW9lg4hEBILMVkPQ,5.2M,0.1%,Indonesia,,1.5M,youtube,indonesia,False,2024,NA,NA,,
1,Davie504 @UCgFvT6pUq9HLOvKBYERzXSQ,12.6M,-,Italy,,3.8M,youtube,italy,False,2024,NA,NA,,
2,Born2Kill @UCNpNPMjP5S3qvXnUS0KRepw,9M,0.3%,Italy,,2.7M,youtube,italy,False,2024,NA,NA,,
3,Serie A @UCBJeMCIeLQos7wacox4hmLQ,8.3M,-,Italy,,2.5M,youtube,italy,False,2024,NA,NA,,
4,FavijTV @UCSFC5Cio8zaLQDFPxA7y_HQ,6.4M,-,Italy,,1.9M,youtube,italy,False,2024,NA,NA,,
5,Me contro Te @UCfGk2x9k0vE14OoMlifGLCg,6.3M,0.1%,Italy,,1.9M,youtube,italy,False,2024,NA,NA,,
6,iPantellas @UCD-aXv7CMezGSTfxmKAD6Ag,5.8M,-,Italy,,1.7M,youtube,italy,False,2024,NA,NA,,
7,Warner Music Italy @UC9PZVgJF-mX4aDDzLE4z5Zg,5.8M,-,Italy,,1.7M,youtube,italy,False,2024,NA,NA,,
8,Rai @UCKUzdt2sELyxd6mz-bAx3bA,4.9M,-,Italy,,1.5M,youtube,italy,False,2024,NA,NA,,
9,Ameli TVIT @UC9FqpQX13mX-lLBWlTZ6Q0Q,4.6M,-,Italy,,1.4M,youtube,italy,False,2024,NA,NA,,
10,WhenGamersFail ► Lyon @UC1OGV4dczjRz8wNLRaezJ5Q,4.5M,0.1%,Italy,,1.3M,youtube,italy,False,2024,NA,NA,,
11,St3pNy @UCMggu4tZ2N6SD4FebIbMDpA,4.4M,0.3%,Italy,,1.3M,youtube,italy,False,2024,NA,NA,,
12,Måneskin Official @UCgQna2EqpzqzfBjlSmzT72w,4.3M,-,Italy,,1.3M,youtube,italy,False,2024,NA,NA,,
13,Film&Clips @UCNT5YLfnn2cQGIxGw8iOxJQ,4.2M,-,Italy,,1.3M,youtube,italy,False,2024,NA,NA,,
14,5 MINUTI CREATIVI @UCYzJ25VqINzsrrdPyBNpbAg,4.1M,-,Italy,,1.2M,youtube,italy,False,2024,NA,NA,,
15,Masha e Orso @UCSH8CjSBSMnD1gYvTOyjREw,4.1M,-,Italy,,1.2M,youtube,italy,False,2024,NA,NA,,
16,Daniele Vitale Sax @UCaQhy_pdgjkcVeh6bIfoVlg,4M,0.2%,Italy,,1.2M,youtube,italy,False,2024,NA,NA,,
17,Juventus @UCLzKhsxrExAC6yAdtZ-BOWw,3.7M,-,Italy,,1.1M,youtube,italy,False,2024,NA,NA,,
18,HALIDONMUSIC @UCyOfqgtsQaM3S-VZnsYnHjQ,3.5M,-,Italy,,1M,youtube,italy,False,2024,NA,NA,,
19,DisneyJuniorIT @UClb8YSegoA2ZRSSXqXlFJaA,3.1M,-,Italy,,918K,youtube,italy,False,2024,NA,NA,,
20,Lionfield @UCHwpDpLoyJgtFXoAaaSut4Q,3M,-,Italy,,909K,youtube,italy,False,2024,NA,NA,,
21,ilvostrocaroDexter @UCNo7m7faHS9t3nSDfWXvGww,3M,-,Italy,,891K,youtube,italy,False,2024,NA,NA,,
22,Surry @UC3V8twsHOUBGvM_xsQ_4ZJg,3M,0.3%,Italy,,888K,youtube,italy,False,2024,NA,NA,,
23,BUM! @UC8Lq46YDnbQMAXhAfc7hr7A,3M,0.1%,Italy,,888K,youtube,italy,False,2024,NA,NA,,
24,IL LATO POSITIVO @UC-yUaDGthx7mENfSxd81qfg,3M,-,Italy,,885K,youtube,italy,False,2024,NA,NA,,
25,Dolci Melodie @UC9WUMVR1jsan7IleT_bolsQ,2.9M,-,Italy,,870K,youtube,italy,False,2024,NA,NA,,
26,Two Players One Console @UCpyDd4YbikHZE-DtNGfpdjQ,2.9M,-,Italy,,855K,youtube,italy,False,2024,NA,NA,,
27,Fanpage.it @UCWJhBqnyVdHAuxexgjghNFw,2.8M,-,Italy,,846K,youtube,italy,False,2024,NA,NA,,
28,The Perfect Home @UC6rWB83cxqfb72-HEagGv2Q,2.8M,-,Italy,,840K,youtube,italy,False,2024,NA,NA,,
29,DisneyChannelIT @UCTLBJ_2dg5G109qFR34wRRA,2.7M,-,Italy,,819K,youtube,italy,False,2024,NA,NA,,
30,Ghali @UCY5rq0soTIK6hPbn8kejgMg,2.7M,-,Italy,,810K,youtube,italy,False,2024,NA,NA,,
31,Marcello Barenghi @UCcBnT6LsxANZjUWqpjR8Jpw,2.7M,-,Italy,,810K,youtube,italy,False,2024,NA,NA,,
32,Fashion Channel @UCepVy23t8l-CEaASZzfo9Jg,2.7M,-,Italy,,807K,youtube,italy,False,2024,NA,NA,,
33,JMMates @UCgzT6VaCrpF3QLZQa6ZcNcg,2.6M,-,Italy,,780K,youtube,italy,False,2024,NA,NA,,
34,Matt & Bise @UCuIn6yReJxMfn1zf7fd-M1Q,2.6M,-,Italy,,774K,youtube,italy,False,2024,NA,NA,,
35,Stella ASMR @UCJ1XeP1hg9K-8XJN9OdApjw,2.5M,-,Italy,,744K,youtube,italy,False,2024,NA,NA,,
36,Giallozafferano Italian Recipes @UChxU-cVEOaJOwCaSuBoZ9Qg,2.4M,-,Italy,,723K,youtube,italy,False,2024,NA,NA,,
37,Davidlap @UCdVHWfWPwwiOzMHpcwEATmA,2.4M,0.5%,Italy,,714K,youtube,italy,False,2024,NA,NA,,
38,Scottecs @UCqSmyuqVNwklKKlqqdMmV_A,2.3M,0.6%,Italy,,687K,youtube,italy,False,2024,NA,NA,,
39,Nickelodeon Italia @UCsHe74knLccbgec6WdGAkPQ,2.2M,-,Italy,,660K,youtube,italy,False,2024,NA,NA,,
40,FedezChanneL @UCxmtnN8xFnnJmXS5LdP6eMA,2.2M,-,Italy,,654K,youtube,italy,False,2024,NA,NA,,
41,kishinpain @UCzG9rE-_zcI0yN5Vvt39M_w,2.1M,1.6%,Italy,,633K,youtube,italy,False,2024,NA,NA,,
42,CoccoleSonore @UCfEcBFEBd8DutdOo8NXpj_w,2.1M,-,Italy,,630K,youtube,italy,False,2024,NA,NA,,
43,WB Kids Italiano @UCSMrqS8IssKKIILuz48IGSA,2M,0.1%,Italy,,615K,youtube,italy,False,2024,NA,NA,,
44,GiampyTek @UCDz3CjAc51W-YtsxYtSPZXg,2M,0.6%,Italy,,612K,youtube,italy,False,2024,NA,NA,,
45,Sespo @UCMsWbGu0Ahx6c4o0qEbbLmw,2M,0.6%,Italy,,612K,youtube,italy,False,2024,NA,NA,,
46,fazz160 @UCNLReGxOCGDExjb7pjPuPcA,2M,-,Italy,,606K,youtube,italy,False,2024,NA,NA,,
47,Awed ™ @UCQQo9hHxHi8gzfFuJSn5-kg,2M,1.3%,Italy,,603K,youtube,italy,False,2024,NA,NA,,
48,Sfera Ebbasta @UCMG7SfUy9pOybrhXEhEkdVQ,2M,-,Italy,,594K,youtube,italy,False,2024,NA,NA,,
49,Riccardo Dose @UCM3r1mXf1sQRdW3UDz3CLBg,2M,1.5%,Italy,,591K,youtube,italy,False,2024,NA,NA,,
50,Planet Records Official @UCCXpJXESxS2GPzteN-s3jrA,2M,0.5%,Italy,Music,588K,youtube,italy,False,2024,Music,MAPPED,,Music
51,Jakidale @UCz-KJn98sMCPW5kjG0ZnE-Q,1.9M,-,Italy,,567K,youtube,italy,False,2024,NA,NA,,
52,Lamborghini @UC9DXZC8BCDOW6pYAQKgozqw,1.9M,-,Italy,,567K,youtube,italy,False,2024,NA,NA,,
53,LOKMAN @UC62pVrrS3crLJXwVmenKAuA,1.9M,-,Italy,,561K,youtube,italy,False,2024,NA,NA,,
54,SpJockey @UC1GAMi8OhcorAwIEvYMdySA,1.8M,0.5%,Italy,,552K,youtube,italy,False,2024,NA,NA,,
55,Kids Tv Italiano - canzoni per bambini @UCv2quJy0NKOIA3MOdtarxig,1.8M,-,Italy,,549K,youtube,italy,False,2024,NA,NA,,
56,Me contro Te Music @UCwjrf475hoHRJZc5SMnZzng,1.8M,3.7%,Italy,,543K,youtube,italy,False,2024,NA,NA,,
57,Diego Rox Oficial @UCZcpoE-o9lKEa_F2orF4D3w,1.8M,0.8%,Italy,,540K,youtube,italy,False,2024,NA,NA,,
58,Energy TV @UC5eYHWDQqAsiKlnvLCz-ezg,1.8M,-,Italy,,531K,youtube,italy,False,2024,NA,NA,,
59,Luca Lattanzio @UC2ICoQB9ulLpElbQTf1IR9w,1.8M,-,Italy,,531K,youtube,italy,False,2024,NA,NA,,
60,Feinxy @UCMNFWE0hUtrWPVY0I1qIC4Q,1.8M,0.3%,Italy,,528K,youtube,italy,False,2024,NA,NA,,
61,Gianmarco Zagato @UCIJRzMxARIhYwuLiSG8YVlA,1.8M,0.5%,Italy,,528K,youtube,italy,False,2024,NA,NA,,
62,GBR - Giochi per Bambini e Ragazzi @UC-fqetpMe8rFuBeQ4bpl3Jw,1.7M,0.1%,Italy,,516K,youtube,italy,False,2024,NA,NA,,
63,JOk3R @UC8zerSNZ6ankNbtTgI5Rw2Q,1.7M,-,Italy,,516K,youtube,italy,False,2024,NA,NA,,
64,Fabio Rovazzi @UCVD7R3rgt7kaLMlP7-Gn0rw,1.7M,5.2%,Italy,,513K,youtube,italy,False,2024,NA,NA,,
65,Grax @UCD1iDvLrcf0RwYOM_3_FIbA,1.7M,0.3%,Italy,,510K,youtube,italy,False,2024,NA,NA,,
66,GaBBoDSQ @UCck1Wrv-6h44db16OL4geOQ,1.7M,-,Italy,,510K,youtube,italy,False,2024,NA,NA,,
67,Luis @UCOJX435vN5rW1EE-w71tetQ,1.7M,5.3%,Italy,,501K,youtube,italy,False,2024,NA,NA,,
68,TPOC Plays @UCvDUogE-9kyjbKxxyBGj_4g,1.7M,-,Italy,,501K,youtube,italy,False,2024,NA,NA,,
69,Famiglia Suricata @UCZbWaNAOp0gZC8rAj3Wjxyg,1.6M,-,Italy,,492K,youtube,italy,False,2024,NA,NA,,
70,DinsiemE @UC0zUezMTgb3yqxwFz2djmYw,1.6M,0.2%,Italy,,489K,youtube,italy,False,2024,NA,NA,,
71,Marjia Mimi @UCv5D3kIYeNlgiA2vZ0XYdMQ,1.6M,-,Italy,,483K,youtube,italy,False,2024,NA,NA,,
72,Mattiz @UCIwWkPe5yq_jq1_1d2bC05w,1.6M,-,Italy,,483K,youtube,italy,False,2024,NA,NA,,
73,Sbriser @UCL774lR4nQzxfK-q9a6JHMw,1.6M,-,Italy,,465K,youtube,italy,False,2024,NA,NA,,
74,Asmr With Sasha @UCzp8yn9rUEHL-jqJdSFEONw,1.6M,0.2%,Italy,,465K,youtube,italy,False,2024,NA,NA,,
75,AlexKidsTV Italiano @UChslgp5EVigKTI7LjkZltpw,1.5M,0.3%,Italy,,462K,youtube,italy,False,2024,NA,NA,,
76,GommeBlog.it: Car & Performance @UCl5ijI4ZXN2ki7PeQajbFrA,1.5M,-,Italy,,459K,youtube,italy,False,2024,NA,NA,,
77,CaptainBlazer @UCpqjHfsP7Ptt8UpbdZ8oSdg,1.5M,0.3%,Italy,,459K,youtube,italy,False,2024,NA,NA,,
78,Giallozafferano recipes @UC76vuUkGWnPUDFWcgM2_yMg,1.5M,-,Italy,,456K,youtube,italy,False,2024,NA,NA,,
79,Ricette dolci @UCeLJCiGRIZuj8N8TKJAveVA,1.5M,0.2%,Italy,,456K,youtube,italy,False,2024,NA,NA,,
80,SAFAA @UCLcXeKotX5iu7nIjDUkRUyQ,1.5M,-,Italy,,456K,youtube,italy,False,2024,NA,NA,,
81,yotobi @UCIPsK5xspHC3-ZFNPTx2X_w,1.5M,-,Italy,,450K,youtube,italy,False,2024,NA,NA,,
82,Silvia & Kids @UCbZ3zgWBMHZetLCWyMbzrFw,1.5M,0.1%,Italy,,444K,youtube,italy,False,2024,NA,NA,,
83,Klaus @UCv9mVb-ptWuKznMUu1yZb_g,1.5M,2.1%,Italy,,444K,youtube,italy,False,2024,NA,NA,,
84,LorenzIST @UCRXg7QtCY1K2k4IdtLnrE4A,1.5M,-,Italy,,441K,youtube,italy,False,2024,NA,NA,,
85,Stef&Phere @UCARGfPTYHpP6M21SYsTy6pg,1.5M,0.8%,Italy,,441K,youtube,italy,False,2024,NA,NA,,
86,FRENCHMOLE @UCNcv_YXlMmKmEBaNqOpMEYA,1.5M,0.8%,Italy,,435K,youtube,italy,False,2024,NA,NA,,
87,Peppa Pig Italiano - Canale Ufficiale @UCS1SHyxP0UhAg84AKamy3jA,1.5M,-,Italy,,435K,youtube,italy,False,2024,NA,NA,,
88,S7ORMy @UC4fLWR5uoe66S8spSO3V0gw,1.4M,0.4%,Italy,,432K,youtube,italy,False,2024,NA,NA,,
89,sodin @UC8SRCEyQvw2yF9TLIBeOlVQ,1.4M,0.1%,Italy,,426K,youtube,italy,False,2024,NA,NA,,
90,Fitness recipes @UC-nw1PHhZL0W21S8UN85b8w,1.4M,1.1%,Italy,,426K,youtube,italy,False,2024,NA,NA,,
91,Casa delle Bambole @UCGZu4bm64Xjh-omIcqiqmSA,1.4M,-,Italy,,414K,youtube,italy,False,2024,NA,NA,,
92,GoldenGianpy @UCiof9YSQHD2cawGJXZ8DyBA,1.4M,0.3%,Italy,,414K,youtube,italy,False,2024,NA,NA,,
93,Infinito @UCFG6NvNAkXfe-C3cemqTJfg,1.4M,-,Italy,,411K,youtube,italy,False,2024,NA,NA,,
94,ClioMakeUp @UCZ0jA5BlUHXwBEqVpjiau3Q,1.4M,0.1%,Italy,,408K,youtube,italy,False,2024,NA,NA,,
95,Dread @UCUoC4hn4QbU55ZdxzOsKJ_A,1.4M,-,Italy,,408K,youtube,italy,False,2024,NA,NA,,
96,POW3Rtv @UCE_NXDkvRb-91JBjEmfdDVA,1.4M,0.2%,Italy,,408K,youtube,italy,False,2024,NA,NA,,
97,ilMasseo @UCH5dV7XjIpPGtqYlHXtG20Q,1.4M,3.7%,Italy,,405K,youtube,italy,False,2024,NA,NA,,
98,Anita Stories @UC9ZZe-4uKTgPEK-FCWiiXDw,1.4M,0.1%,Italy,,405K,youtube,italy,False,2024,NA,NA,,
99,Nick Radogna TV @UCaGQh5lmPvro4fjw3-Nyf1g,1.3M,-,Italy,,402K,youtube,italy,False,2024,NA,NA,,
100,Master Sina @UCbGf9U2ziPn1JPkWpS-Ffcg,1.3M,0.2%,Italy,,402K,youtube,italy,False,2024,NA,NA,,
1,Junya Official Channel @UCjp_3PEaOau_nT_3vnqKIvg,16.4M,-,Japan,,4.9M,youtube,japan,False,2024,NA,NA,,
2,KOYA with @UCQs-tWGqacJ7vuuJDtXq28w,12.8M,-,Japan,,3.8M,youtube,japan,False,2024,NA,NA,,
3,"Sen, Momo, Ai & Shii's Channel @UCCKJzBnveLS7oLpS8Q4m2eg",11.1M,-,Japan,Video Gaming,3.3M,youtube,japan,False,2024,Tech&Gaming,MAPPED,,Video Gaming
4,タキロン Takilong Kids' Toys @UCU7cVpD6RJIiWw7LUZVMuCQ,7.5M,-,Japan,,2.2M,youtube,japan,False,2024,NA,NA,,
5,Nino's Home @UCKetFmtqdh-kn915crdf72A,7.5M,-,Japan,,2.2M,youtube,japan,False,2024,NA,NA,,
6,Fischer's-フィッシャーズ- @UCibEhpu5HP45-w7Bq1ZIulw,7.4M,0.2%,Japan,,2.2M,youtube,japan,False,2024,NA,NA,,
7,Maryana Ro @UCcGVrf54UcSyIFKlJic8T8A,6.7M,-,Japan,,2M,youtube,japan,False,2024,NA,NA,,
8,SUSHI RAMEN【Riku】 @sushiramen-riku1,6.3M,2.1%,Japan,Fitness Travel,1.9M,youtube,japan,False,2024,Sports,MAPPED,,Fitness Travel
9,THE FIRST TAKE @UC9zY_E8mcAo_Oq772LEZq8Q,6.2M,0.6%,Japan,,1.9M,youtube,japan,False,2024,NA,NA,,
10,mania japansong @UCxFVJTRMGywDPDWNMrv69lg,6.1M,-,Japan,,1.8M,youtube,japan,False,2024,NA,NA,,
11,avex @UC1oPBUWifc0QOOY8DEKhLuQ,5.8M,-,Japan,,1.8M,youtube,japan,False,2024,NA,NA,,
12,Kendra's Language School @UCTYQzAi6YOcgv2mkzsfzmpA,5.4M,-,Japan,,1.6M,youtube,japan,False,2024,NA,NA,,
13,Jeamileth Doll @UCGX1Z6DakWkBqS2xbmMF0yA,5.4M,-,Japan,,1.6M,youtube,japan,False,2024,NA,NA,,
14,NAKATA UNIVERSITY @UCFo4kqllbcQ4nV83WCyraiw,4.9M,0.1%,Japan,,1.5M,youtube,japan,False,2024,NA,NA,,
15,ヒカル（Hikaru） @UCaminwG9MTO4sLYeC3s6udA,4.8M,0.4%,Japan,,1.4M,youtube,japan,False,2024,NA,NA,,
16,TWICE JAPAN OFFICIAL YouTube Channel @UCCRb6nYKaT8tzLA8CwDdUtw,4.6M,-,Japan,,1.4M,youtube,japan,False,2024,NA,NA,,
17,UNIVERSAL MUSIC JAPAN @UCl2aT0nRejTCQO_LHZAftBw,4.5M,-,Japan,Music,1.3M,youtube,japan,False,2024,Music,MAPPED,,Music
18,BabyBusベビーバス - 子供の歌 - 子どもの動画 @UCwYFFFgr4wl5Oby8gBbAZzg,4.4M,-,Japan,,1.3M,youtube,japan,False,2024,NA,NA,,
19,SeikinTV @UCg4nOl7_gtStrLwF0_xoV0A,4.3M,0.3%,Japan,,1.3M,youtube,japan,False,2024,NA,NA,,
20,HidaMari Cooking @UCcp9uRaBwInxl_SZqGRksDA,4.3M,-,Japan,,1.3M,youtube,japan,False,2024,NA,NA,,
21,Gawr Gura Ch. hololive-EN @UCoSrY_IQQVpmIRZ9Xf-y93g,4.3M,-,Japan,,1.3M,youtube,japan,False,2024,NA,NA,,
22,水溜りボンド @UCpOjLndjOqMoffA-fr8cbKA,4.1M,-,Japan,,1.2M,youtube,japan,False,2024,NA,NA,,
23,ONE OK ROCK @UCzycs8MqvIY4nXWwS-v4J9g,4.1M,0.4%,Japan,,1.2M,youtube,japan,False,2024,NA,NA,,
24,【Repezen Foxx】 @UC3eTZ5Yld6qufD6rtEiERdw,4M,-,Japan,,1.2M,youtube,japan,False,2024,NA,NA,,
25,E ve @UCUXfRsEIJ9xO1DT7TbEWksw,4M,4.7%,Japan,,1.2M,youtube,japan,False,2024,NA,NA,,
26,Ayase / YOASOBI @ayase0404,4M,0.3%,Japan,,1.2M,youtube,japan,False,2024,NA,NA,,
27,takahashi taiyou @UC6K0hSHAJZ7sAp4IAbQ4GFw,4M,-,Japan,,1.2M,youtube,japan,False,2024,NA,NA,,
28,ノッカーナアニメーション nokkana animation @UClWQzKNJiiQy7VXaaSN1Z8A,3.9M,-,Japan,,1.2M,youtube,japan,False,2024,NA,NA,,
29,Ado @UCln9P4Qm3-EAY4aiEPmRwEA,3.9M,-,Japan,,1.2M,youtube,japan,False,2024,NA,NA,,
30,NHK @UCip8ve30-AoX2y2OtAAmqFA,3.9M,-,Japan,,1.2M,youtube,japan,False,2024,NA,NA,,
31,Kota Mino Channel / こたみのチャンネル @UCgSUwAyy0p1tcgDoQagvSOA,3.8M,-,Japan,,1.1M,youtube,japan,False,2024,NA,NA,,
32,Cafe Music BGM channel @UCJhjE7wbdYAae1G25m0tHAA,3.7M,-,Japan,Music,1.1M,youtube,japan,False,2024,Music,MAPPED,,Music
33,Kan & Aki's CHANNELかんあきチャンネル @UCNHqosTdwFPSK5OQsjFoS5g,3.6M,-,Japan,,1.1M,youtube,japan,False,2024,NA,NA,,
34,kiwami japan @UCg3qsVzHeUt5_cPpcRtoaJQ,3.5M,2.4%,Japan,,1.1M,youtube,japan,False,2024,NA,NA,,
35,RRcherrypie @UCwnro7pVC3fDjVavLT_LAjQ,3.5M,-,Japan,,1M,youtube,japan,False,2024,NA,NA,,
36,エガちゃんねる EGA-CHANNEL @UCL6JY2DXJNDOIqCP1CRADng,3.5M,1.1%,Japan,,1M,youtube,japan,False,2024,NA,NA,,
37,Kamykazeplay @UCt1ZaPkkSYdI7IYi2gqUBsw,3.5M,-,Japan,,1M,youtube,japan,False,2024,NA,NA,,
38,桐崎栄二.きりざきえいじ @UCzKa8fRPoCbKh8O9yW2JK2g,3.4M,-,Japan,,1M,youtube,japan,False,2024,NA,NA,,
39,５分でできる DIY @UCJsxAriYBUnKZVdMXZnGDoA,3.4M,-,Japan,,1M,youtube,japan,False,2024,NA,NA,,
40,Miniature Space @UCTFT5NbDl0Fa_fE9Cz_yOAA,3.4M,-,Japan,,1M,youtube,japan,False,2024,NA,NA,,
41,Marina Takewaki @UCw7HTQv0F4CB9zGRhqosYsg,3.3M,-,Japan,,996K,youtube,japan,False,2024,NA,NA,,
42,The Anime Man @UC3ETCazlHenpXEsrEJH-k5A,3.3M,-,Japan,,981K,youtube,japan,False,2024,NA,NA,,
43,ポッキー @UCzXjPL7zo0bxhOYDxLJ9YEg,3.2M,0.1%,Japan,,972K,youtube,japan,False,2024,NA,NA,,
44,flor do oriente @UCDdUpOFP46mNC9lUNU01LGA,3.2M,-,Japan,,966K,youtube,japan,False,2024,NA,NA,,
45,料理研究家リュウジのバズレシピ @UCW01sMEVYQdhcvkrhbxdBpw,3.1M,0.1%,Japan,,942K,youtube,japan,False,2024,NA,NA,,
46,MosoGourmet 妄想グルメ @UC2zXd5Kq9Hu-_bwO1H7CD0g,3.1M,-,Japan,,933K,youtube,japan,False,2024,NA,NA,,
47,RATE VFX @UC8vlFSlvo5vtc_TNDNlSJwQ,3.1M,0.2%,Japan,,927K,youtube,japan,False,2024,NA,NA,,
48,A.I.Channel @UC4YaOt1yT-ZeyB0OmxHgolA,3.1M,2.3%,Japan,,921K,youtube,japan,False,2024,NA,NA,,
49,Official髭男dism @UC3vg17IZ1IV73xx069jG44w,3.1M,-,Japan,,915K,youtube,japan,False,2024,NA,NA,,
50,Smile Family Japanese @UCzyqD4zb3E1XBGMDp5YXwNw,3M,-,Japan,,909K,youtube,japan,False,2024,NA,NA,,
51,kobasolo @UCDbQblY1XASbgqOXmy6FOFQ,3M,-,Japan,,909K,youtube,japan,False,2024,NA,NA,,
52,Nekojitablog @nekojitablog,3M,0.4%,Japan,,906K,youtube,japan,False,2024,NA,NA,,
53,平成フラミンゴ @UCIOk-Q5kyDtSRaTIW7hIsng,3M,1.4%,Japan,,897K,youtube,japan,False,2024,NA,NA,,
54,Ryo Slime @UC-TE-L8bwaihKqA5oLuEyeA,3M,-,Japan,,891K,youtube,japan,False,2024,NA,NA,,
55,ＫＯＮＡＴＳＵ @UCEXKvSlUxUxiN33DyYxMpgA,3M,-,Japan,,885K,youtube,japan,False,2024,NA,NA,,
56,20sarasa @UC9D6GpfD8DAG-NVF6Dv896Q,2.9M,-,Japan,,870K,youtube,japan,False,2024,NA,NA,,
57,akidearest @UC_1HVMnw-610qx54iEiWk7A,2.9M,0.7%,Japan,,867K,youtube,japan,False,2024,NA,NA,,
58,ブライアンチャンネル @UCpZnHxjKCAOm-FKPrYYi-LA,2.9M,1.7%,Japan,,861K,youtube,japan,False,2024,NA,NA,,
59,Marble ASMR healing @UCsNwOM-iYxUkeIT3mW2RPZg,2.9M,-,Japan,,855K,youtube,japan,False,2024,NA,NA,,
60,Paolo fromTOKYO @UCixD9UbKvDxzGNiPC_fgHyA,2.9M,1.2%,Japan,,855K,youtube,japan,False,2024,NA,NA,,
61,Chocolate Cacao チョコレートカカオ @UCqzebzc9N19X3MVFnuFYtRw,2.8M,-,Japan,,840K,youtube,japan,False,2024,NA,NA,,
62,ANNnewsCH @UCGCZAYq5Xxojl_tSXcVJhiQ,2.8M,-,Japan,,840K,youtube,japan,False,2024,NA,NA,,
63,Marble ASMR healing Junior Japan @UCSxVXxvgv9wUeLgyeows_6w,2.8M,-,Japan,,840K,youtube,japan,False,2024,NA,NA,,
64,朝倉未来 Mikuru Asakura @UCJZVj2iBrdvbNc416i0V-UA,2.8M,1.5%,Japan,,828K,youtube,japan,False,2024,NA,NA,,
65,Fischer's-セカンダリ- @UCs4KWxdP-lRc-dgLXE5i8Wg,2.8M,-,Japan,,825K,youtube,japan,False,2024,NA,NA,,
66,Hororo chan @UCuxRaenmgRgfC2bIAhhUeFA,2.7M,-,Japan,,822K,youtube,japan,False,2024,NA,NA,,
67,Warner Music Japan @UCfb-Ly0RXaUGxglFJmPji1g,2.7M,-,Japan,,819K,youtube,japan,False,2024,NA,NA,,
68,Uncle Corone @UCLEOVYF-eVtj20KfYlIUr-Q,2.7M,-,Japan,,801K,youtube,japan,False,2024,NA,NA,,
69,japanesestuffchannel @UCTzy4FQNreZnkPG7ZlkTA0g,2.6M,-,Japan,,789K,youtube,japan,False,2024,NA,NA,,
70,AKB48 @UCxjXU89x6owat9dA8Z-bzdw,2.6M,-,Japan,,771K,youtube,japan,False,2024,NA,NA,,
71,ジュキヤ/Jukiya @UCyFs_R4WYYUGYVzcnJyMHqg,2.6M,-,Japan,,771K,youtube,japan,False,2024,NA,NA,,
72,BABYMETAL @UC33_tIj4m1_XaqfFcomShvw,2.6M,-,Japan,,765K,youtube,japan,False,2024,NA,NA,,
73,ひなちゃんねる / Hinata Kato @UCC0JWiw4BJYR4NUDxQCf0Hg,2.5M,-,Japan,Beauty,762K,youtube,japan,False,2024,Beauty&Fashion,MAPPED,,Beauty
74,Japão Nosso De Cada Dia @UCiLb0XHjvUs7t1LUFMXpifQ,2.5M,-,Japan,,759K,youtube,japan,False,2024,NA,NA,,
75,Maizen Japanese Channel @UCM3yhFc0-fBFuvqx1Vg2YNQ,2.5M,0.3%,Japan,,756K,youtube,japan,False,2024,NA,NA,,
76,Peaceful Cuisine @UCQBG3PzyQKY8ieMG2gDAyOQ,2.5M,-,Japan,,741K,youtube,japan,False,2024,NA,NA,,
77,Toy Kids★トイキッズ @UCw5w-gK3yxrfmexZy49Lg7w,2.5M,-,Japan,,738K,youtube,japan,False,2024,NA,NA,,
78,からめる @UCpGk56cJDZcVqIxZatX7nbQ,2.4M,0.8%,Japan,,726K,youtube,japan,False,2024,NA,NA,,
79,Japanese Ninja Kajisac TV @UC642pLj4GXSj-0Ybdx3ytmA,2.4M,0.4%,Japan,,708K,youtube,japan,False,2024,NA,NA,,
80,チャンネル　がーどまん @UCSmIO01FO8IxQo-6yL63BzA,2.4M,1.4%,Japan,,705K,youtube,japan,False,2024,NA,NA,,
81,ピンキッツ・ベイビーシャーク (Pinkfong Baby shark) - 童謡と子どもの動画 @UCXt0PoqhaglDKov1JbIPFEg,2.4M,-,Japan,,705K,youtube,japan,False,2024,NA,NA,,
82,KADOKAWAanime @UCY5fcqgSrQItPAX_Z5Frmwg,2.3M,-,Japan,,699K,youtube,japan,False,2024,NA,NA,,
83,ばんばんざい @UCBKqbSl9bK_ln9zZ-C5rP0Q,2.3M,0.3%,Japan,,696K,youtube,japan,False,2024,NA,NA,,
84,Muscle Watching @UCb4-om3UY151Hu1uCR8Q19Q,2.3M,-,Japan,,693K,youtube,japan,False,2024,NA,NA,,
85,ウルトラマン公式 ULTRAMAN OFFICIAL by TSUBURAYA PROD. @UC5PBnSG7C0WXp5gjd4bzKtw,2.3M,-,Japan,,693K,youtube,japan,False,2024,NA,NA,,
86,ポケモン公式YouTubeチャンネル @UC_SI1j1d8vJo_rYMV5o_dRg,2.3M,-,Japan,,690K,youtube,japan,False,2024,NA,NA,,
87,ボンボンTV @bom2tv,2.3M,-,Japan,,690K,youtube,japan,False,2024,NA,NA,,
88,両学長 リベラルアーツ大学 @UC67Wr_9pA4I0glIxDt_Cpyw,2.3M,-,Japan,,678K,youtube,japan,False,2024,NA,NA,,
89,Ichika Nito @UCq3Wpi10SyZkzVeS7vzB5Lw,2.3M,-,Japan,,678K,youtube,japan,False,2024,NA,NA,,
90,しばなんチャンネル @UColoXxvhfz54o0icqQRPzYw,2.2M,0.3%,Japan,,672K,youtube,japan,False,2024,NA,NA,,
91,Oddly Satisfying @UCCZIevhN62jJ2gb-u__M95g,2.2M,0.1%,Japan,Celebrity Music,669K,youtube,japan,False,2024,Music,MAPPED,,Celebrity Music
92,サメニンジャー @UCoe6KbXN6i2_ZstNmIxH9dQ,2.2M,-,Japan,,669K,youtube,japan,False,2024,NA,NA,,
93,enakimura @UCCw65y8UgB-bIWH9hJQYIfg,2.2M,-,Japan,,666K,youtube,japan,False,2024,NA,NA,,
94,ほんだのばいく @UC8pMBOI9vXf6fIM670vdIPw,2.2M,2.5%,Japan,,663K,youtube,japan,False,2024,NA,NA,,
95,Kevin SooExtra! @UCf9gtIJOT9In-grASWtxd0w,2.2M,0.1%,Japan,,663K,youtube,japan,False,2024,NA,NA,,
96,佐藤 健 / Satoh Takeru @UC3BSzbgMn2vLYS4Dp_i-bow,2.2M,0.2%,Japan,,660K,youtube,japan,False,2024,NA,NA,,
97,HoneyWorks OFFICIAL @UCAaGaynFpku5cAx6OOSrW-w,2.2M,1.2%,Japan,,660K,youtube,japan,False,2024,NA,NA,,
98,メンタリスト DaiGo @UCFdBehO71GQaIom4WfVeGSw,2.2M,-,Japan,,657K,youtube,japan,False,2024,NA,NA,,
99,HatsuneMiku @UCJwGWV914kBlV4dKRn7AEFA,2.2M,0.1%,Japan,,654K,youtube,japan,False,2024,NA,NA,,
100,ibisPaint @ibispaint,2.2M,1%,Japan,,651K,youtube,japan,False,2024,NA,NA,,
1,Basim Karbalaei / باسم الكربلائي @UCLlMiPx_v5jFahvImDu_EFQ,9.3M,0.1%,Kuwait,,2.8M,youtube,kuwait,False,2024,NA,NA,,
2,Alafasy @UCmMcOjsVehVlEOteyrhjI2Q,7.5M,-,Kuwait,,2.2M,youtube,kuwait,False,2024,NA,NA,,
3,D-Gray - ديكراي @UC-bqx0CEnWLZ-o64hFvsnsQ,7.5M,1.4%,Kuwait,,2.2M,youtube,kuwait,False,2024,NA,NA,,
4,Kwili @UCGnCvNgWZ3T7hJJajjGYucA,5.7M,2.8%,Kuwait,,1.7M,youtube,kuwait,False,2024,NA,NA,,
5,Bjlife @UCoWHUkZf4bATsTlnqcNVPfw,5.6M,0.3%,Kuwait,,1.7M,youtube,kuwait,False,2024,NA,NA,,
6,عشوائيات فكرية @UC65ooHQczTQqxCyu2EN5LyQ,4M,-,Kuwait,,1.2M,youtube,kuwait,False,2024,NA,NA,,
7,Noor Family @UCYCK2ylr_-t-hVgRIb0pTPA,3M,-,Kuwait,,891K,youtube,kuwait,False,2024,NA,NA,,
8,يوميات دكتورة خلود @UC8k9ECR1fv4WWZzP5krv90w,2.9M,-,Kuwait,,879K,youtube,kuwait,False,2024,NA,NA,,
9,هيليوم @UCcHNviEBSkpJK-IxFIckXJA,2.8M,-,Kuwait,,825K,youtube,kuwait,False,2024,NA,NA,,
10,حسين ال نجار 25 Hussein Al Najjar @UCM35tjYF9lrZDh3gCWtw8hw,2.7M,-,Kuwait,Celebrity,810K,youtube,kuwait,False,2024,Entertainment,MAPPED,,Celebrity
11,فريق عدنان @UCIpEamrGaiRFHNOee9dtE3g,2.6M,0.5%,Kuwait,,768K,youtube,kuwait,False,2024,NA,NA,,
12,ابو طلال الحمراني - سوالف طريق @UCR9SR-N3X8eKObeWdYYd6_g,2.4M,0.8%,Kuwait,,720K,youtube,kuwait,False,2024,NA,NA,,
13,Fares Ashour @UCguZq3Wm3YP9-UnL7VufcfA,2M,4.8%,Kuwait,,588K,youtube,kuwait,False,2024,NA,NA,,
14,Know Islam إعرف الإسلام @UCUWEC3K-a6govOtYeuprS5g,1.8M,0.1%,Kuwait,,540K,youtube,kuwait,False,2024,NA,NA,,
15,EM - عيسى المرزوق @UCAGIfMKaGF-jGydbYXBN4RQ,1.7M,0.8%,Kuwait,,522K,youtube,kuwait,False,2024,NA,NA,,
16,NOOR Q8 @UC_pK-DCeRqGfo9zLiLrJiMQ,1.7M,-,Kuwait,,516K,youtube,kuwait,False,2024,NA,NA,,
17,الشيخ نبيل العوضي @UCpPZKwayH_pWPF20Ls0hgVw,1.6M,0.1%,Kuwait,,489K,youtube,kuwait,False,2024,NA,NA,,
18,Sayed Astora @UCwKnF7alcD_dI_3Ff-_dDwA,1.6M,0.1%,Kuwait,,483K,youtube,kuwait,False,2024,NA,NA,,
19,Alj Sisters @UCZP7UtnnZxZ8r85CXH-iUsQ,1.5M,-,Kuwait,,462K,youtube,kuwait,False,2024,NA,NA,,
20,drjasemtv @UCRA5jakSPjVxrnA-aXpVRgQ,1.5M,-,Kuwait,,441K,youtube,kuwait,False,2024,NA,NA,,
21,Khattafya @UCpbAZ7JYN58L7s3Bry7nWNQ,1.3M,-,Kuwait,,402K,youtube,kuwait,False,2024,NA,NA,,
22,LUJAIN “‫لجين الظفيري‬‎” GLAM @UCRp8zrqzLgiBdbuXP6XvDYw,1.3M,0.2%,Kuwait,Beauty,384K,youtube,kuwait,False,2024,Beauty&Fashion,MAPPED,,Beauty
23,أروع المقاطع الإسلامية @UCsK6LdKTE82oN76uHRXfxEQ,1.3M,-,Kuwait,,381K,youtube,kuwait,False,2024,NA,NA,,
24,Marina TV @UC1TelTm8bbY2jw0guInSvBA,1.2M,-,Kuwait,,351K,youtube,kuwait,False,2024,NA,NA,,
25,Q8spanish - ابو محمد @UC47LGzsWJnd0D2jriVbtzdQ,1.2M,0.2%,Kuwait,,351K,youtube,kuwait,False,2024,NA,NA,,
26,Smood Almomen @UCwo7TSKu3jgrVtawCH7SCWA,1.2M,1.4%,Kuwait,,345K,youtube,kuwait,False,2024,NA,NA,,
27,Yousef Al Mohammad l يوسف المحمد @UCCQgBx-UNVoyAgQK2q0JDQA,1.2M,0.1%,Kuwait,,345K,youtube,kuwait,False,2024,NA,NA,,
28,atv Kuwait @UC5x4CPAZQa30z4_0hq1T37g,1.1M,-,Kuwait,,339K,youtube,kuwait,False,2024,NA,NA,,
29,Ahmad Al Nufais I أحمد النفيس @UCTY0UNILf_OBsWF2WEv0mLQ,1.1M,0.2%,Kuwait,,339K,youtube,kuwait,False,2024,NA,NA,,
30,Maysam Makeup @UCgXJS6PmnP7aNSy8wYnUS-A,1.1M,0.4%,Kuwait,,339K,youtube,kuwait,False,2024,NA,NA,,
31,بدر الشعيبي @UC7xBXp4oi8hzZrBFy-ijglQ,1.1M,1.6%,Kuwait,,339K,youtube,kuwait,False,2024,NA,NA,,
32,راشد فيلم RASHED FILM I @UCqZG6vsDSdlFSRwCTkwcqxg,1.1M,0.7%,Kuwait,Celebrity,333K,youtube,kuwait,False,2024,Entertainment,MAPPED,,Celebrity
33,زاوية التاريخ @UCo0RMf7YW9VD-tRMrBmnRTQ,1.1M,-,Kuwait,,324K,youtube,kuwait,False,2024,NA,NA,,
34,Summary @UC3WziBdrb8ztqlt0n4k9dNw,1M,-,Kuwait,,309K,youtube,kuwait,False,2024,NA,NA,,
35,Mona Family عائلة منى @UCPGPKtg0POaeQIEZnAlsx3w,1M,-,Kuwait,,303K,youtube,kuwait,False,2024,NA,NA,,
36,حنين كمال - Hanen Kamal @UCR4Jbeh9-9SSAr_FHtoGNSA,995K,1.4%,Kuwait,,298.5K,youtube,kuwait,False,2024,NA,NA,,
37,dalalaldoub @UCK_6IPQCf1E2VibhFjUe63g,904K,0.7%,Kuwait,,271.2K,youtube,kuwait,False,2024,NA,NA,,
38,د. طارق السويدان @UCTW4teojDBh2Bs2cDSMgztA,888K,-,Kuwait,,266.4K,youtube,kuwait,False,2024,NA,NA,,
39,عبدالله عبداللطيف الابراهيم @UCcbAo_QpfV0Zf1aYrnPVFdQ,875K,-,Kuwait,,262.5K,youtube,kuwait,False,2024,NA,NA,,
40,Abdullah Yasser - عبدالله ياسر @UCSDeFz8DV7hTXSNSs5NUovg,870K,-,Kuwait,,261K,youtube,kuwait,False,2024,NA,NA,,
41,أستديو الإسلام @UCk86MBcQpdKRJ6Mn7hByF3A,865K,-,Kuwait,,259.5K,youtube,kuwait,False,2024,NA,NA,,
42,Vivian Mnafikhy Kitchen..Arts of cooking . @UCKoR1jZ4PyQpmzUARn_gqHg,825K,-,Kuwait,,247.5K,youtube,kuwait,False,2024,NA,NA,,
43,قناه سوبر نونه @UCyz3uJesp90Ya1rXn6G7-Zw,812K,-,Kuwait,,243.6K,youtube,kuwait,False,2024,NA,NA,,
44,Judy Rami @UCnrxaMD4tfuMvvbaE-unSWA,795K,1%,Kuwait,,238.5K,youtube,kuwait,False,2024,NA,NA,,
45,ناصر العنزي Nasser Alanzi @UCPvhqyOU_jZaCZtos1o6CPQ,788K,0.1%,Kuwait,,236.4K,youtube,kuwait,False,2024,NA,NA,,
46,YASER ALBAHRI @UCa4LBq3trXjZC2cq8oepbqg,727K,0.2%,Kuwait,,218.1K,youtube,kuwait,False,2024,NA,NA,,
47,يوسف شلال @UCbxk2lITMY-zsww08UHpkFg,716K,7.6%,Kuwait,,214.8K,youtube,kuwait,False,2024,NA,NA,,
48,Mai Altamimi I مي التميمي @UC8zUDBvNj07yLtoQHeSgDug,707K,-,Kuwait,,212.1K,youtube,kuwait,False,2024,NA,NA,,
49,Abdullah4Syr @UCifAWWBx7P9_yGPhlKrlung,703K,0.2%,Kuwait,,210.9K,youtube,kuwait,False,2024,NA,NA,,
50,Magic World @UClMTBydn-jo38xe6wWwSDTg,674K,-,Kuwait,,202.2K,youtube,kuwait,False,2024,NA,NA,,
51,Ibnfatota ابن فطوطة @UCARaxZOqMmMfW2s-T1m1VZw,671K,-,Kuwait,,201.3K,youtube,kuwait,False,2024,NA,NA,,
52,محبي د جودة محمد عواد @UCQwF8DCfR_Lknfs6dnH-_Qg,659K,-,Kuwait,,197.7K,youtube,kuwait,False,2024,NA,NA,,
53,DELI GAMING @UC3KpFwap5L8av5emq8dim_g,641K,0.5%,Kuwait,,192.3K,youtube,kuwait,False,2024,NA,NA,,
54,Muayad Alqutiti @UCzOoB6pA03-dtucTKtN72rg,640K,-,Kuwait,,192K,youtube,kuwait,False,2024,NA,NA,,
55,أسفار الغدير @UCPmhQiIBDOPqGzzl9UEPUtQ,637K,0.2%,Kuwait,,191.1K,youtube,kuwait,False,2024,NA,NA,,
56,الإعلامي محمد الملا @UC9Cbrs9wttLqwHKA_PdFiOA,625K,-,Kuwait,,187.5K,youtube,kuwait,False,2024,NA,NA,,
57,سعد الرفاعي @UCZt1H7BdGZHXRRKrV2VY0Ew,591K,-,Kuwait,,177.3K,youtube,kuwait,False,2024,NA,NA,,
58,رضا جندية واللغة العربية @UCwDEXuEyRVG52Ku7OBrMlbg,590K,0.9%,Kuwait,,177K,youtube,kuwait,False,2024,NA,NA,,
59,أريـــكة @UCYxf1YXhzmmBbGlNXIdZHqg,590K,3.2%,Kuwait,,177K,youtube,kuwait,False,2024,NA,NA,,
60,Royal Channel @UCgouo6ot7XxoYadrgJrZd4g,583K,-,Kuwait,,174.9K,youtube,kuwait,False,2024,NA,NA,,
61,Dj. wOw bOy @UCJwWRhUbFL78F3EG2WwSbuQ,557K,0.1%,Kuwait,,167.1K,youtube,kuwait,False,2024,NA,NA,,
62,سولا الشافعي @UCHqrWBjGHjxPAupAmeUyGFQ,545K,0.1%,Kuwait,,163.5K,youtube,kuwait,False,2024,NA,NA,,
63,susuClena سنابات مفيدة @UCMOiKxnnw7KTER_kzdLghqA,532K,-,Kuwait,,159.6K,youtube,kuwait,False,2024,NA,NA,,
64,AAF Videos @UCLQIDJY_O_Fksedu-DfPx7g,531K,0.1%,Kuwait,,159.3K,youtube,kuwait,False,2024,NA,NA,,
65,Ahmad Boarki - أحمد بوعركي @UCpeX_KTjsD_3fX2Eci3v5JA,507K,-,Kuwait,,152.1K,youtube,kuwait,False,2024,NA,NA,,
66,AlQabas TV @UCpyc0rb6zqPbi1pEkm2AXJA,503K,-,Kuwait,,150.9K,youtube,kuwait,False,2024,NA,NA,,
67,مطبخ جدر عويش | Jedir3waisH @UC29RxpwYSxV4xnkR-gh1ijQ,503K,-,Kuwait,,150.9K,youtube,kuwait,False,2024,NA,NA,,
68,Hamad Al Qattan | حمد القطان @UCKMwNDvEUHMz4kCiNR11vjg,497K,-,Kuwait,Music,149.1K,youtube,kuwait,False,2024,Music,MAPPED,,Music
69,Zaid Al Gayyar @UCR6fD9yOHoqCXmPKGbkVxrg,467K,0.6%,Kuwait,,140.1K,youtube,kuwait,False,2024,NA,NA,,
70,Farah Al Humaidhi @UCGrcCEaO32HvEZd634k_07g,463K,-,Kuwait,,138.9K,youtube,kuwait,False,2024,NA,NA,,
71,Hanan Alnajadah @UCdCSVq3E8I1W2WRyUHD-9oA,459K,0.3%,Kuwait,,137.7K,youtube,kuwait,False,2024,NA,NA,,
72,Boutiqaat @UCzpFllnXGMn2sDMKncrNjPg,455K,-,Kuwait,,136.5K,youtube,kuwait,False,2024,NA,NA,,
73,SkinFits @UC1A5CcABhBhHmEG11OoNYEg,455K,-,Kuwait,,136.5K,youtube,kuwait,False,2024,NA,NA,,
74,Al Esraa Media @UCMxgs50bV38KQAYmseH03sQ,442K,-,Kuwait,,132.6K,youtube,kuwait,False,2024,NA,NA,,
75,TALAL-MP5K @UCmZKenmH-cYP7XA4eLZaVXA,434K,0.2%,Kuwait,,130.2K,youtube,kuwait,False,2024,NA,NA,,
76,Hasan Al-Ballam @UCJuDQnnNnUsvnguifnLDk1A,430K,1.4%,Kuwait,,129K,youtube,kuwait,False,2024,NA,NA,,
77,RIYAZUDDIN QADRI @UC5cycrwSh6csvzwKAOE1aJw,422K,-,Kuwait,,126.6K,youtube,kuwait,False,2024,NA,NA,,
78,DanDen l دندن @UCRV3WgAJr191AUtMg-rzVdw,398K,-,Kuwait,,119.4K,youtube,kuwait,False,2024,NA,NA,,
79,Abdulaziz Louis l عبدالعزيز لويس @UCXVftzZjah7doWQ3hGrYZUQ,395K,2.1%,Kuwait,,118.5K,youtube,kuwait,False,2024,NA,NA,,
80,Bo Waleed - بووليد @UC_Oq9px1DF6S4PVLoTbaq0A,395K,4.7%,Kuwait,,118.5K,youtube,kuwait,False,2024,NA,NA,,
81,Daffy @UC-O089CbpiSrjnzQszl3__w,391K,-,Kuwait,,117.3K,youtube,kuwait,False,2024,NA,NA,,
82,فالح محمد القضاع @UCKxYzKM7d3RnF0vhYqpGd1A,389K,0.2%,Kuwait,,116.7K,youtube,kuwait,False,2024,NA,NA,,
83,I Love Cakes @UCYkwBkbJNmJTCtX82ETqR8A,357K,-,Kuwait,,107.1K,youtube,kuwait,False,2024,NA,NA,,
84,منوعات استقلال @UCYMr0xYIUiBl31hXHse8uxg,356K,-,Kuwait,,106.8K,youtube,kuwait,False,2024,NA,NA,,
85,الأهواز ميديا / Ahwaz Media 2 @UCZXMptp2wHMU5Fdya5xn2NA,353K,-,Kuwait,,105.9K,youtube,kuwait,False,2024,NA,NA,,
86,AL NAZAER CLIPS @UCG6n-WhZ9WX-B378jZs8qJA,342K,-,Kuwait,,102.6K,youtube,kuwait,False,2024,NA,NA,,
87,Shehata Deutsch الالمانية مع مستر شحاته @UCAUh5WfOqrTISTrdC3wq_sQ,336K,-,Kuwait,,100.8K,youtube,kuwait,False,2024,NA,NA,,
88,Sheyaab | شياب @UCMxT4Gmri1ODa6dk3-uf4-w,327K,0.3%,Kuwait,,98.1K,youtube,kuwait,False,2024,NA,NA,,
89,قناة الشيخ وديع اليمني الرسمية @UCRxAvmQLbRORKJTtfhqFY9Q,327K,-,Kuwait,,98.1K,youtube,kuwait,False,2024,NA,NA,,
90,Rehamalrashidi @UCD7sm0HJBeO-Byc5FzLPfAA,326K,0.1%,Kuwait,,97.8K,youtube,kuwait,False,2024,NA,NA,,
91,يوميات فهد العرادي @UClNRRq1OXCM2_wuXmn6G7Xw,316K,1.2%,Kuwait,,94.8K,youtube,kuwait,False,2024,NA,NA,,
92,SirSANX @UCwUtKZsty5rORq3hArT2Wnw,310K,2%,Kuwait,,93K,youtube,kuwait,False,2024,NA,NA,,
93,أحمد ومحمد @UCAw7_AM7_su1LRU6xrkcD2A,309K,7.2%,Kuwait,,92.7K,youtube,kuwait,False,2024,NA,NA,,
94,Alzain Borashed- الزين بوراشد @UC8TKmEezeN-IMXsYF7aebog,306K,-,Kuwait,,91.8K,youtube,kuwait,False,2024,NA,NA,,
95,fro7a101 سنابات مفيدة @UCHYv9uiz_5lQ32pN8ozitqQ,305K,-,Kuwait,,91.5K,youtube,kuwait,False,2024,NA,NA,,
96,سعيد الميع ابو سعود @UCEmjWay26qFLNVZiIgG3tog,301K,0.9%,Kuwait,,90.3K,youtube,kuwait,False,2024,NA,NA,,
97,Allailak | الـلـيــلـك @UCkEAqqNSR1YVE1TOgRRWXUg,301K,-,Kuwait,,90.3K,youtube,kuwait,False,2024,NA,NA,,
98,JOKER GAMER - جوكر قيمر @UC3xfckfZtuniAtnQm_LUJmQ,295K,0.3%,Kuwait,,88.5K,youtube,kuwait,False,2024,NA,NA,,
99,Shaymaa Sulaiman @UCgJNWNlr67ZbWBW_jCAmaiA,295K,-,Kuwait,Music,88.5K,youtube,kuwait,False,2024,Music,MAPPED,,Music
100,دكتور طلال المحيسن @UC2BaxJ4VLqr3ttgvH6O1ENQ,291K,-,Kuwait,,87.3K,youtube,kuwait,False,2024,NA,NA,,
1,Nancy Ajram @UChnf7fs7mlfbzsJpwWnJBYA,7M,-,Lebanon,,2.1M,youtube,lebanon,False,2024,NA,NA,,
2,Elissa @UCwVXB9hCnLiarr3pZLmnr2w,4.9M,-,Lebanon,,1.5M,youtube,lebanon,False,2024,NA,NA,,
3,Nassif Zeytoun @UCO4AjeljgqgiowEf2yfvYHg,4.5M,0.5%,Lebanon,,1.4M,youtube,lebanon,False,2024,NA,NA,,
4,Malek Maktabi l مالك مكتبي @UCga4N76Fl4sgcn30iwBs7aQ,4.5M,-,Lebanon,,1.4M,youtube,lebanon,False,2024,NA,NA,,
5,ETH 2.0 @UCZKhWZoMMl92_TBKzGAtkiw,4.4M,-,Lebanon,,1.3M,youtube,lebanon,False,2024,NA,NA,,
6,حمادة نشواتي @UCrXqG3hhDv2VmfO73S9fztQ,4.2M,-,Lebanon,,1.2M,youtube,lebanon,False,2024,NA,NA,,
7,AL HASHIM - حسن هاشم @UCN1Lyow-3R4jtN-cddDd_eQ,3.4M,0.5%,Lebanon,,1M,youtube,lebanon,False,2024,NA,NA,,
8,LBCI Lebanon @UCpE6gpKewomi17XDyPfpFjA,3.3M,-,Lebanon,,993K,youtube,lebanon,False,2024,NA,NA,,
9,Sobhi Mohammad - صبحي محمد @UCEiwa5MRvm0mV85wpLTLUBw,2.9M,-,Lebanon,,867K,youtube,lebanon,False,2024,NA,NA,,
10,Lamis Chaaban @lamischaaban,2.4M,0.1%,Lebanon,,720K,youtube,lebanon,False,2024,NA,NA,,
11,Laila Mourad @UCRba9v75sMzuYRAw38_Gwdw,2.3M,0.6%,Lebanon,,681K,youtube,lebanon,False,2024,NA,NA,,
12,Amjad Jomaa @UCBs5cNvb-SHOLPNYHqVxAiw,2.1M,12.2%,Lebanon,,618K,youtube,lebanon,False,2024,NA,NA,,
13,Rewechtv @UCgvvQgm-ayEeX0bbbogFayQ,2M,-,Lebanon,,606K,youtube,lebanon,False,2024,NA,NA,,
14,layla jawad channel @UCoAFqg8GCC3l44hX2Fv02Cg,2M,0.3%,Lebanon,Education Technology,594K,youtube,lebanon,False,2024,Knowledge&Info,MAPPED,,Education Technology
15,Official Sadeem @UCWxc7ue-jGlL5ypOHX_i0Bg,1.9M,1.5%,Lebanon,,582K,youtube,lebanon,False,2024,NA,NA,,
16,WATARY @UC3OkjsPyaVQMh7iGux8N_Ig,1.8M,-,Lebanon,,531K,youtube,lebanon,False,2024,NA,NA,,
17,AyleFaniye Family - عيلة فنية أوتار @UC86FsR43ajXMvVaEqB8WYtw,1.8M,0.5%,Lebanon,,525K,youtube,lebanon,False,2024,NA,NA,,
18,Haydar Zaiter / حيدر زعيتر @UC4y366sMwYabH_ts2PNX3Lg,1.7M,-,Lebanon,,513K,youtube,lebanon,False,2024,NA,NA,,
19,جمانه بلانيت -joumana planet @UCMNnWy0xyRtTdjHu_LJsEJw,1.6M,-,Lebanon,,483K,youtube,lebanon,False,2024,NA,NA,,
20,AL Jadeed News @UC4JCsTLFcHGk10qpiNMh0Ww,1.6M,-,Lebanon,,480K,youtube,lebanon,False,2024,NA,NA,,
21,سارة في المطبخ @UCS4DiIRaRfmslnkiWKD6hTQ,1.6M,-,Lebanon,,465K,youtube,lebanon,False,2024,NA,NA,,
22,Cedars Art Production @UCFvnsZaE1YwMBmIDIpOuSgQ,1.6M,-,Lebanon,,465K,youtube,lebanon,False,2024,NA,NA,,
23,Yara @UCU6HdlazY9VEVjMTf57w8Qg,1.5M,0.1%,Lebanon,,456K,youtube,lebanon,False,2024,NA,NA,,
24,Lama Shreif @UCkJhRj7ZEY0nhZfpA2thzwg,1.5M,-,Lebanon,,444K,youtube,lebanon,False,2024,NA,NA,,
25,Ziad Bourji @UClzVAB085DUM95sUk1ZifUQ,1.4M,-,Lebanon,,411K,youtube,lebanon,False,2024,NA,NA,,
26,Taha Kids TV | قناة طه للأطفال @UC-JxDEXTveaA4yWXxKVZaJg,1.4M,-,Lebanon,,408K,youtube,lebanon,False,2024,NA,NA,,
27,Mega Drama - ميغا دراما @UCMstw1dHp2UCuVY7vml5PpQ,1.4M,0.1%,Lebanon,,405K,youtube,lebanon,False,2024,NA,NA,,
28,Quality Production @UCVUWD5W4g4APk15vsC0s3RA,1.3M,-,Lebanon,,399K,youtube,lebanon,False,2024,NA,NA,,
29,Shireen Abusaad @UC_J5QzO2yzsasbcbPdRsqOQ,1.3M,0.4%,Lebanon,,393K,youtube,lebanon,False,2024,NA,NA,,
30,Maguy Farah - ماغي فرح @UCPQ-YyoLY6HjqFnbQtVaNSw,1.3M,-,Lebanon,Careers Politics,390K,youtube,lebanon,False,2024,Knowledge&Info,MAPPED,,Careers Politics
31,ArabicaTV @UCwhWu2mto7CALPJelOc8OoQ,1.3M,0.1%,Lebanon,,384K,youtube,lebanon,False,2024,NA,NA,,
32,Wael Kfoury | وائل كفوري @UC1F4CV2YjvxKgNOOFqd_dfQ,1.2M,-,Lebanon,,357K,youtube,lebanon,False,2024,NA,NA,,
33,شوف دراما الثالثة - Shoof Drama 3 @UCQOz2_AhxeHUbNMYan-6ZQQ,1.2M,-,Lebanon,,345K,youtube,lebanon,False,2024,NA,NA,,
34,Hussein Al Deek @UCfjfjgI6nIj5d6VMTpheQ8w,1.2M,4.3%,Lebanon,,345K,youtube,lebanon,False,2024,NA,NA,,
35,OTV Lebanon @UCJu-0vnWt0wFMQuLsjzwjRQ,1.1M,-,Lebanon,,339K,youtube,lebanon,False,2024,NA,NA,,
36,Haifa Wehbe @UCUpLrHLtpJKplgkR__bZfMw,1.1M,6.7%,Lebanon,,333K,youtube,lebanon,False,2024,NA,NA,,
37,Drama Al Fan - دراما الفن @UCM3ZDdbvu5Hjw4czms6V8cQ,1.1M,-,Lebanon,,318K,youtube,lebanon,False,2024,NA,NA,,
38,Ali Deek @UCMlS1ftMjlBEeQgikfs9HZQ,1.1M,-,Lebanon,,315K,youtube,lebanon,False,2024,NA,NA,,
39,Andre Soueid @UCs_FCWW3k5FJFl93xSwHKgg,1M,-,Lebanon,,312K,youtube,lebanon,False,2024,NA,NA,,
40,Carmen Chammas @UCB1qdEA63QN-eptTZLV8xxA,1M,0.5%,Lebanon,,309K,youtube,lebanon,False,2024,NA,NA,,
41,Ragheb Alama @UCvRoxL3xFaXyU6w9o0lxGPQ,1M,1.9%,Lebanon,,303K,youtube,lebanon,False,2024,NA,NA,,
42,Marwan Khoury | مروان خوري @UCfdwiI2BBzLo59asUCbJEBQ,1M,-,Lebanon,Careers Music,300K,youtube,lebanon,False,2024,Knowledge&Info,MAPPED,,Careers Music
43,Ibrahim Abbas - VEØ @UCEay0bbhTVqGdxKQ9pTPSxQ,956K,0.8%,Lebanon,,286.8K,youtube,lebanon,False,2024,NA,NA,,
44,Georges Wassouf @UCRpVH-l7I3j1bZHcrW1c-dg,941K,1.5%,Lebanon,,282.3K,youtube,lebanon,False,2024,NA,NA,,
45,Lila TV @UCVjAUYDzNh8OxezgGf8Lb2g,936K,-,Lebanon,,280.8K,youtube,lebanon,False,2024,NA,NA,,
46,قناة العلاج الذاتي @UCe-4AIUYGJEau8bM2Tg1wXQ,924K,-,Lebanon,,277.2K,youtube,lebanon,False,2024,NA,NA,,
47,Joseph Attieh @UCqEQp8OWk2p2fWBZjyscZUA,885K,2.8%,Lebanon,,265.5K,youtube,lebanon,False,2024,NA,NA,,
48,قوافل العائدين إلى الله @UCdZHADtuHbv1lfhctgZk8-Q,868K,-,Lebanon,,260.4K,youtube,lebanon,False,2024,NA,NA,,
49,تامر عقيل - Tamer Akil @UCOJCpqAPEH42mMH1oWbOz3g,854K,-,Lebanon,,256.2K,youtube,lebanon,False,2024,NA,NA,,
50,Al Mayadeen Channel - قناة الميادين @UCZCFHCU-2eGF7V5ciMkoPHw,846K,-,Lebanon,,253.8K,youtube,lebanon,False,2024,NA,NA,,
51,Nina Sbeiti نينا سبيتي @UC2ZthIsDJ6ubDAqT4tps9xg,810K,-,Lebanon,,243K,youtube,lebanon,False,2024,NA,NA,,
52,حسام جنيد - Hossam Jneed @UCt0zSM3anoNPuDuIOBl7q9w,802K,-,Lebanon,,240.6K,youtube,lebanon,False,2024,NA,NA,,
53,الفنان بشار الزين - bashar al zien @UCjaYBwxasT0Ug8KBZ_pNY_A,786K,-,Lebanon,,235.8K,youtube,lebanon,False,2024,NA,NA,,
54,H-EDUCATE @UCl4nXWTkPOqmKlEmIN5_TJQ,780K,0.6%,Lebanon,,234K,youtube,lebanon,False,2024,NA,NA,,
55,elbasha _ برهوم باشا @UCAtqXkFpdm_wqYQdIPoARog,753K,-,Lebanon,,225.9K,youtube,lebanon,False,2024,NA,NA,,
56,M7mad Playz محمد بلايز @UC7I8qhu_SBH_z8dzr2ECjsA,742K,0.1%,Lebanon,,222.6K,youtube,lebanon,False,2024,NA,NA,,
57,ديانا حداد | Diana Haddad @UCQktTZvzo8-IPHLU7lJLqbw,722K,-,Lebanon,,216.6K,youtube,lebanon,False,2024,NA,NA,,
58,Leah Hamzeh @UCfrGu1Z26hVdRJj64MMwvHQ,701K,6%,Lebanon,,210.3K,youtube,lebanon,False,2024,NA,NA,,
59,Mohammad Itani @UCUiZt28AYo1Mv37kg_TrlNQ,693K,0.1%,Lebanon,,207.9K,youtube,lebanon,False,2024,NA,NA,,
60,Mido & Jana _ ميدو وجنى @UC3QXnai4bbCaj8Wq1bqVupw,687K,-,Lebanon,,206.1K,youtube,lebanon,False,2024,NA,NA,,
61,Nour Idriss_نور ادريس @UCX2N3rWwDJPRWdOS8-WWNuQ,637K,3%,Lebanon,,191.1K,youtube,lebanon,False,2024,NA,NA,,
62,ابو طلق obwt @UCCwBkgSNbNDVqMd9_NQmEHA,636K,2.1%,Lebanon,,190.8K,youtube,lebanon,False,2024,NA,NA,,
63,قصة حياة @UCNcp0hxxQX1gcFRIyiZAWgQ,608K,-,Lebanon,,182.4K,youtube,lebanon,False,2024,NA,NA,,
64,قناة طرابلسية @UCsOSOWu7nNjfHCF2R704y0w,571K,-,Lebanon,,171.3K,youtube,lebanon,False,2024,NA,NA,,
65,Ammar Al Deek عمار الديك @UC4Ah1ZE8DpQ4dLzG-WztiPw,566K,0.1%,Lebanon,,169.8K,youtube,lebanon,False,2024,NA,NA,,
66,Farah Chreim @UCkV5ZjNEj3tgAto1MtadUTQ,551K,-,Lebanon,,165.3K,youtube,lebanon,False,2024,NA,NA,,
67,Haiifa Magic @UCRImgLO54KbgJzos-oXEFIg,521K,-,Lebanon,,156.3K,youtube,lebanon,False,2024,NA,NA,,
68,Eyad Tannous @UCyOfbiIHMX90cTK5xCOvPxg,512K,1.5%,Lebanon,,153.6K,youtube,lebanon,False,2024,NA,NA,,
69,The Arabnights @UCUiRANU6EKkbkZT-nrGvnlg,504K,-,Lebanon,Marketing and Advertising,151.2K,youtube,lebanon,False,2024,Knowledge&Info,MAPPED,,Marketing and Advertising
70,قانون الجذب مع طارق قباني @UCZaeD4BxYBV9CE_MVBpSANA,496K,-,Lebanon,,148.8K,youtube,lebanon,False,2024,NA,NA,,
71,Wael & Zeina وائل و زينة @UCqR2Lc3y114dgXd5-IGNkYQ,493K,0.4%,Lebanon,,147.9K,youtube,lebanon,False,2024,NA,NA,,
72,Maritta Hallani @UCRToyBUaXmpyfayXWQI3Lng,491K,2.1%,Lebanon,,147.3K,youtube,lebanon,False,2024,NA,NA,,
73,Betterfly Pictures Music @UCMaCOZTrS9viOrI2gryiDew,490K,-,Lebanon,,147K,youtube,lebanon,False,2024,NA,NA,,
74,Nay - ناي @UCIHicbV7hJs6Tv67MULBJmA,480K,-,Lebanon,,144K,youtube,lebanon,False,2024,NA,NA,,
75,Ramy Ayach @UCFzZ3TNtKogfx5hlTp4EaNQ,473K,1.5%,Lebanon,,141.9K,youtube,lebanon,False,2024,NA,NA,,
76,Jaafar Haidar 📸 @UCiKdIQWG1dNdAQo7mEEEOew,472K,-,Lebanon,,141.6K,youtube,lebanon,False,2024,NA,NA,,
77,abdo shahoud عبدو شحود @UC65-Qyx1EUkIq9IljlqXrPA,467K,0.5%,Lebanon,,140.1K,youtube,lebanon,False,2024,NA,NA,,
78,عروس بيروت @UCaT2gVPWosIplg0PdMv0FTg,464K,-,Lebanon,,139.2K,youtube,lebanon,False,2024,NA,NA,,
79,الموقع الرسمي لأبو علي الشيباني @UCpLd3LX1j757HRGQW5JTXEg,458K,0.2%,Lebanon,,137.4K,youtube,lebanon,False,2024,NA,NA,,
80,Nina Abdel Malak @UCI6jcKND08GEjnHlesaHRrg,458K,3.9%,Lebanon,Music Fashion Careers Fitness,137.4K,youtube,lebanon,False,2024,Sports,MAPPED,,Music Fashion Careers Fitness
81,Dr Sandrine Atallah @UCQiPXPofjMBGWlmeUixCQEw,440K,-,Lebanon,,132K,youtube,lebanon,False,2024,NA,NA,,
82,Wardah Al Baghdadia @UCnSV2IxtceNWxRwXguCKTlQ,404K,0.7%,Lebanon,,121.2K,youtube,lebanon,False,2024,NA,NA,,
83,Aghani Aghani -أغاني أغاني @UCbBx-mwk4fGFYlmtdwplQ_Q,401K,-,Lebanon,,120.3K,youtube,lebanon,False,2024,NA,NA,,
84,Rabih Baroud @UC-6ItZDoOl0iRg6KLRKEEgQ,382K,-,Lebanon,,114.6K,youtube,lebanon,False,2024,NA,NA,,
85,Hiba Tawaji @UCt0dB56BASWJoYWK-RQsEwQ,375K,-,Lebanon,,112.5K,youtube,lebanon,False,2024,NA,NA,,
86,المصباح العلمي @UCLbGgaTG2eijfFeWhtrWKLw,367K,0.2%,Lebanon,,110.1K,youtube,lebanon,False,2024,NA,NA,,
87,Leila Abdellatif ليلى عبد اللطيف القناة الرسمية @UCsXraAZI9oRV4YkHwz6Y1tQ,364K,0.1%,Lebanon,,109.2K,youtube,lebanon,False,2024,NA,NA,,
88,Saad Ramadan @UC16XmqDkuNdXwWl9itpHFbw,336K,-,Lebanon,Music Careers,100.8K,youtube,lebanon,False,2024,Knowledge&Info,MAPPED,,Music Careers
89,محمد عيد - Moe Eid @UCVixghzMqHK9iBGfn5nyibg,323K,-,Lebanon,,96.9K,youtube,lebanon,False,2024,NA,NA,,
90,Wael Jassar @UC_9pVLvzHi4Pif34UsJT_qA,319K,-,Lebanon,,95.7K,youtube,lebanon,False,2024,NA,NA,,
91,Cyrine Abdel Nour @UCIKrAXAFqr4QmYWtU9hbRqw,315K,-,Lebanon,,94.5K,youtube,lebanon,False,2024,NA,NA,,
92,ريم السواس - Reem AlSawas @UCw0gHt6kqGAVmtJQvt_87Pw,314K,8.7%,Lebanon,Music,94.2K,youtube,lebanon,False,2024,Music,MAPPED,,Music
93,Hayanees عائلة الحياني @UCjVPHaWYRQW-ZpoD5Yvb_yA,308K,-,Lebanon,,92.4K,youtube,lebanon,False,2024,NA,NA,,
94,GamingStyle @UCuu0tYMuv4sUAatTGEBHysQ,301K,-,Lebanon,,90.3K,youtube,lebanon,False,2024,NA,NA,,
95,Naji Osta @UCYZtuy2TRpWE7c3ZZQPJE5Q,301K,-,Lebanon,Music,90.3K,youtube,lebanon,False,2024,Music,MAPPED,,Music
96,Sarah Eid @UCTRyRXmCfGPm_mdJDTCWkbg,300K,0.9%,Lebanon,,90K,youtube,lebanon,False,2024,NA,NA,,
97,تسجيلات السهر حفلات @UCPomeF8DLE6hWHm0edz3A2w,288K,-,Lebanon,,86.4K,youtube,lebanon,False,2024,NA,NA,,
98,3ammar Basha @UClpGe101A4UXh6rgxBmtOdQ,288K,-,Lebanon,,86.4K,youtube,lebanon,False,2024,NA,NA,,
99,Al Mayadeen News - أخبار الميادين @UC9YbjpvsFZytS0DnO1FnTKw,285K,-,Lebanon,,85.5K,youtube,lebanon,False,2024,NA,NA,,
100,Ahmad H Music @UCdxMrn2kwGxUqoMqznF6JGw,283K,27.7%,Lebanon,,84.9K,youtube,lebanon,False,2024,NA,NA,,
1,Monsta @monsta,9.7M,-,Malaysia,,2.9M,youtube,malaysia,False,2024,NA,NA,,
2,Didi & Friends - Lagu Kanak Kanak @UCr9QW8w8CvVAe3MSWZCAn-Q,6.2M,-,Malaysia,,1.9M,youtube,malaysia,False,2024,NA,NA,,
3,Omar & Hana - Lagu Kanak-Kanak Islam @UCiZL26ScfRZDdEAkkPJgJbA,5.5M,-,Malaysia,,1.7M,youtube,malaysia,False,2024,NA,NA,,
4,TV3MALAYSIA Official @UCCduNupcztaN9sFrHV-fDIg,5.1M,-,Malaysia,,1.5M,youtube,malaysia,False,2024,NA,NA,,
5,Alieff Irfan @UCKCK2lumiYpKfD1aEj4W5vg,4.4M,1.1%,Malaysia,,1.3M,youtube,malaysia,False,2024,NA,NA,,
6,Alyssa Dezek @UCWxBI083AvHtbns83XGZmng,4.4M,-,Malaysia,,1.3M,youtube,malaysia,False,2024,NA,NA,,
7,AnimaSEA - Monsta @UCyTATeB0ejBMon59igN4tVw,4.4M,-,Malaysia,,1.3M,youtube,malaysia,False,2024,NA,NA,,
8,JO Channel @UC6XKMuLChaxW4Isw0BTZI8A,3.5M,0.1%,Malaysia,,1.1M,youtube,malaysia,False,2024,NA,NA,,
9,Astro Gempak @UCfztuMBrL9F-KqLZk_SY9TA,3.5M,-,Malaysia,,1.1M,youtube,malaysia,False,2024,NA,NA,,
10,EjenAli @UC42ZduLx6o3Nqg04kMuMCEw,3.3M,0.4%,Malaysia,,990K,youtube,malaysia,False,2024,NA,NA,,
11,Dr Zakir Naik @UC3YmP7nqf514I1zh1eVbzrA,3.3M,-,Malaysia,,978K,youtube,malaysia,False,2024,NA,NA,,
12,Syahmi Sazli @UCqWKZzi070JAbB6Adlvn5Qg,2.7M,0.8%,Malaysia,,819K,youtube,malaysia,False,2024,NA,NA,,
13,Rusa Music @UC8f4o4-Sw2KitQR8MkIkSiw,2.5M,-,Malaysia,Music Marketing and Advertising,762K,youtube,malaysia,False,2024,Knowledge&Info,MAPPED,,Music Marketing and Advertising
14,BWF TV @UChh-akEbUM8_6ghGVnJd6cQ,2.4M,-,Malaysia,,708K,youtube,malaysia,False,2024,NA,NA,,
15,Kartun Studios @UCORc3AiSF6XYjTZapfvd16w,2.2M,-,Malaysia,,669K,youtube,malaysia,False,2024,NA,NA,,
16,Mizanur Rahman Azhari @UCxStLx7yb96MGBfIMo20x7Q,2.2M,-,Malaysia,,654K,youtube,malaysia,False,2024,NA,NA,,
17,알렉스티비ALEXTV @UC5gXvwPjvZCCJC18WxIhrWQ,2.1M,-,Malaysia,,639K,youtube,malaysia,False,2024,NA,NA,,
18,MSK Movies @UCBQhLER2rVxN2TkSuPfJ6rA,1.9M,-,Malaysia,,576K,youtube,malaysia,False,2024,NA,NA,,
19,KiniTV @UC9ULnkwvyofZ_sWrzRpyvrg,1.8M,-,Malaysia,,549K,youtube,malaysia,False,2024,NA,NA,,
20,Che Nom @UCDBiRJtU16xo86mgs1E8sUw,1.7M,0.1%,Malaysia,,522K,youtube,malaysia,False,2024,NA,NA,,
21,zukiemohamad @UC3kAUGjmfahKlPY5nXZQCRw,1.7M,0.2%,Malaysia,,519K,youtube,malaysia,False,2024,NA,NA,,
22,AAC Dream @UCE0rCs4o2LvINT1b0zXsOoQ,1.7M,-,Malaysia,,510K,youtube,malaysia,False,2024,NA,NA,,
23,Aqil Zulkiflee @UCPypMJ6WvDh0gEzZvSuaepQ,1.7M,-,Malaysia,,507K,youtube,malaysia,False,2024,NA,NA,,
24,Apron @UCgzJrXg7oh7lj-bMC-pzkgw,1.6M,-,Malaysia,,483K,youtube,malaysia,False,2024,NA,NA,,
25,Soloz Club @UCC-2ycjovzKIFCDWL667_vw,1.6M,0.1%,Malaysia,,477K,youtube,malaysia,False,2024,NA,NA,,
26,Mat Salleh TV @UC-O5RPLXeKJXUzNXwwqIOgw,1.6M,-,Malaysia,,477K,youtube,malaysia,False,2024,NA,NA,,
27,VS GAG @UCQ6OQ6CtasN4CVWp99-te4g,1.5M,4.7%,Malaysia,,462K,youtube,malaysia,False,2024,NA,NA,,
28,Astro AWANI @UC5dYmq91e5_g54krpO06NJw,1.5M,-,Malaysia,,459K,youtube,malaysia,False,2024,NA,NA,,
29,Garena Free Fire MY @UC2u849W-BNFXJUNociHYrqw,1.5M,0.1%,Malaysia,Video Gaming,456K,youtube,malaysia,False,2024,Tech&Gaming,MAPPED,,Video Gaming
30,isaac osman @UC3oakjNkEifPK4okSCHojJw,1.5M,0.3%,Malaysia,,453K,youtube,malaysia,False,2024,NA,NA,,
31,SuriaRecordsSRC @UCBd5pENmJrvi6PQq-2ndBhw,1.5M,-,Malaysia,,447K,youtube,malaysia,False,2024,NA,NA,,
32,Buletin TV3 @UC2p8wkJVSjsMsRv0MjTikgA,1.5M,-,Malaysia,,435K,youtube,malaysia,False,2024,NA,NA,,
33,DarkTaurus @UCAxs7QxI2-EYCU0tFxP6H0A,1.5M,-,Malaysia,,435K,youtube,malaysia,False,2024,NA,NA,,
34,ROBE CUBE @UC1XCtbAz-xspe8CR5_DtUpg,1.4M,0.1%,Malaysia,,423K,youtube,malaysia,False,2024,NA,NA,,
35,ML Studios @UCSkOqbajcG6-jguycOHzhDg,1.4M,-,Malaysia,,417K,youtube,malaysia,False,2024,NA,NA,,
36,Ustaz Azhar Idrus Official @UC-eO7wPzP75WCJCh-LT5P3Q,1.4M,-,Malaysia,,408K,youtube,malaysia,False,2024,NA,NA,,
37,腦洞大開 @UCAOpjqvqfnkIsLGhGrxXWGg,1.3M,-,Malaysia,,387K,youtube,malaysia,False,2024,NA,NA,,
38,Astro Ceria @UC-ayAWMY0fxyE62CW7boFsQ,1.3M,-,Malaysia,,384K,youtube,malaysia,False,2024,NA,NA,,
39,Bella Khann @UCpLCJhBGDn9AHzQvd7OHO8w,1.3M,0.4%,Malaysia,,384K,youtube,malaysia,False,2024,NA,NA,,
40,Nakul Kumar Biswas @UCtt3BbGC__TpAwREWh4modg,1.3M,-,Malaysia,,384K,youtube,malaysia,False,2024,NA,NA,,
41,Kupi Kupi GO @UCtvuPDDtHrkpQwpkankLW6A,1.3M,0.3%,Malaysia,,375K,youtube,malaysia,False,2024,NA,NA,,
42,ASAD HAGIO 27 @UCEQ0SYzCxhhp_QHAqEETKfg,1.2M,-,Malaysia,,363K,youtube,malaysia,False,2024,NA,NA,,
43,Laowu老吳 @UCyUZg_cPAg1-QjPHKJu20ZA,1.2M,-,Malaysia,,363K,youtube,malaysia,False,2024,NA,NA,,
44,Jeff & Inthira @UCdFMeayF4c0cWvbHQomc6BA,1.2M,-,Malaysia,,357K,youtube,malaysia,False,2024,NA,NA,,
45,Syafiq Aiman @UC0_j7SdW18oR5UqDRHf67WA,1.2M,-,Malaysia,,354K,youtube,malaysia,False,2024,NA,NA,,
46,Abu Khadijah @UC5uekIwJ2N-M3P8ewfIf7Cw,1.2M,-,Malaysia,,351K,youtube,malaysia,False,2024,NA,NA,,
47,Omar & Hana - Islamic Cartoons for Kids @UC178EmfQAV3OT-UpuO6WUMg,1.2M,-,Malaysia,,351K,youtube,malaysia,False,2024,NA,NA,,
48,PrinceMeed LIVE! @UCrBGLstQskCRQqds4Ir65KA,1.1M,-,Malaysia,,342K,youtube,malaysia,False,2024,NA,NA,,
49,JinnyboyTV @UCMG7DKIrpZoJlRLqYe9NtQg,1.1M,-,Malaysia,,342K,youtube,malaysia,False,2024,NA,NA,,
50,Bryson Lew 刘铠翔 @UCDLCgHxSHGMUxOcbeJpuzsw,1.1M,0.7%,Malaysia,,339K,youtube,malaysia,False,2024,NA,NA,,
51,AZFAR BADRUL @UCX_YgHsAED46ZgMdDanPDKA,1.1M,-,Malaysia,,330K,youtube,malaysia,False,2024,NA,NA,,
52,Siti Nurhaliza @UCQ6Zv5O57OuG9y3WIbnCHSQ,1.1M,0.1%,Malaysia,,321K,youtube,malaysia,False,2024,NA,NA,,
53,Heaven 2015 @UCexKVihPR8aDBMzWFHPq0zQ,1.1M,-,Malaysia,Music News,321K,youtube,malaysia,False,2024,Knowledge&Info,MAPPED,,Music News
54,Bellestrelle @UC_1KEFPUC8J_Ybq_BRhfB7A,1.1M,1.9%,Malaysia,,318K,youtube,malaysia,False,2024,NA,NA,,
55,BabYzzz @UCT-DlEtp9Mx2FGSoRw8JIjg,1.1M,-,Malaysia,,315K,youtube,malaysia,False,2024,NA,NA,,
56,SYEDOT ASMR @UCRh5jRONhWfbhWl-Dhb8Fjg,1M,0.2%,Malaysia,,309K,youtube,malaysia,False,2024,NA,NA,,
57,Pyae Sone Ent @UCgn8iYHehyykNh3bSiCw60A,1M,-,Malaysia,,309K,youtube,malaysia,False,2024,NA,NA,,
58,Banden @UCt4IJhr0lEpYCT6RHNnVRkQ,1M,0.3%,Malaysia,,300K,youtube,malaysia,False,2024,NA,NA,,
59,Penjahat Soldier @UCC9kjU_-cvX_4Vm-LGrm_iw,1M,0.1%,Malaysia,,300K,youtube,malaysia,False,2024,NA,NA,,
60,Dumpling Soda @UCI0i7CaDK2KVuwLE1zYhuTQ,1M,-,Malaysia,,300K,youtube,malaysia,False,2024,NA,NA,,
61,changyong @UC0KD8LvHG4CgohsRZzzCQSw,997K,0.4%,Malaysia,Travel,299.1K,youtube,malaysia,False,2024,Lifestyle,MAPPED,,Travel
62,Galeri Kereta @UC4-aHXXwfw6PVIR3_fThOtA,996K,-,Malaysia,,298.8K,youtube,malaysia,False,2024,NA,NA,,
63,mStar Online Malaysia @UCvGK5qm1S-cjzV2YSmMmgFg,983K,-,Malaysia,Celebrity,294.9K,youtube,malaysia,False,2024,Entertainment,MAPPED,,Celebrity
64,Shuib Channel @UCwJ68yJ2MPqKw4FZV4K8Lkg,941K,-,Malaysia,,282.3K,youtube,malaysia,False,2024,NA,NA,,
65,Better Leaf 好葉 @UChjHWpmNm-3HbLFkQ3TPXaA,910K,-,Malaysia,,273K,youtube,malaysia,False,2024,NA,NA,,
66,Asyraf Rozami @UCpwfdp-kqQRVOo7j-qcN71w,908K,0.6%,Malaysia,,272.4K,youtube,malaysia,False,2024,NA,NA,,
67,DD.W Channel達玲 @UCsZKdvt4K37kqgJ9p4nS6iA,869K,0.2%,Malaysia,,260.7K,youtube,malaysia,False,2024,NA,NA,,
68,MrKokom @UCLKaIoL5HOiKaLIQLAVeclw,866K,-,Malaysia,,259.8K,youtube,malaysia,False,2024,NA,NA,,
69,ArimaHeena @UCc59py21W-sEhXgXVHnDZ0w,865K,1.8%,Malaysia,Celebrity Photography,259.5K,youtube,malaysia,False,2024,Entertainment,MAPPED,,Celebrity Photography
70,OOHAMI @oohamii,863K,0.8%,Malaysia,,258.9K,youtube,malaysia,False,2024,NA,NA,,
71,IBPStudiosMY @UCKZvwYhxUjM_YxtMF5LpmRA,861K,-,Malaysia,Music,258.3K,youtube,malaysia,False,2024,Music,MAPPED,,Music
72,Kafaym ab @UCHfcBEBnib9QSmFjJ0a0FlQ,859K,-,Malaysia,,257.7K,youtube,malaysia,False,2024,NA,NA,,
73,Warner Music Malaysia @UCg_TCq59-vedX9R9iHl-avQ,858K,-,Malaysia,,257.4K,youtube,malaysia,False,2024,NA,NA,,
74,Blimey 블라이미 @UCvJ4XcL0YnybHu4Er9LZGGw,840K,-,Malaysia,,252K,youtube,malaysia,False,2024,NA,NA,,
75,Kathrine Kwa @UChcB3_gYZR2ps0vHiHOpNrQ,833K,-,Malaysia,,249.9K,youtube,malaysia,False,2024,NA,NA,,
76,Sugu Pavithra @UC7mNwREuYU-Bc8glCdFwQ_A,828K,-,Malaysia,,248.4K,youtube,malaysia,False,2024,NA,NA,,
77,Bahiyya Haneesa Official @UCsW4P_BDlFgBdMjNEo-y07g,819K,-,Malaysia,,245.7K,youtube,malaysia,False,2024,NA,NA,,
78,Ar-RahmanTV @UCLaOzRx6H4hr9XKDzMc92SA,806K,-,Malaysia,,241.8K,youtube,malaysia,False,2024,NA,NA,,
79,K-Clique @UC-4cb5KJVscT7-L89ItmvNg,802K,-,Malaysia,,240.6K,youtube,malaysia,False,2024,NA,NA,,
80,維思維WeisWay @UCcU6CC2Gkc18aBUfEtdjaAA,792K,1.6%,Malaysia,,237.6K,youtube,malaysia,False,2024,NA,NA,,
81,KFCMalaysia @UC_WO5qVTP17lUkp1Q8eAdNw,785K,-,Malaysia,,235.5K,youtube,malaysia,False,2024,NA,NA,,
82,BumBum @UCBwF92MfzMXhOoEkxsKPqrA,779K,15.7%,Malaysia,,233.7K,youtube,malaysia,False,2024,NA,NA,,
83,AR Vlogs @UC8vJJyqagckRR_y7Inn-fhA,770K,1.1%,Malaysia,,231K,youtube,malaysia,False,2024,NA,NA,,
84,Nigel Chia @UCiOfJPm4Aruy563ncdqrFrA,758K,1.7%,Malaysia,,227.4K,youtube,malaysia,False,2024,NA,NA,,
85,阿源Iven Lee @UCCO9MNmb4eUGlKu4VpcS2Ag,757K,0.2%,Malaysia,,227.1K,youtube,malaysia,False,2024,NA,NA,,
86,DURIAN MERAH @UCht6SyEpw69cNVeBpb_kB1w,748K,0.1%,Malaysia,,224.4K,youtube,malaysia,False,2024,NA,NA,,
87,Pok Ro @pokro,745K,0.9%,Malaysia,,223.5K,youtube,malaysia,False,2024,NA,NA,,
88,Danny_AhBoy [CHANNEL] @UCR6fi-DZPXv3TzZz3TvnwUw,743K,0.1%,Malaysia,Music,222.9K,youtube,malaysia,False,2024,Music,MAPPED,,Music
89,Jamilkucing TV @UCfjA33ppnwIjwG4UJyozHqg,732K,-,Malaysia,,219.6K,youtube,malaysia,False,2024,NA,NA,,
90,Akiddos @UCKh1TuNXvz4m6_ETKyG6ChQ,730K,-,Malaysia,,219K,youtube,malaysia,False,2024,NA,NA,,
91,培永 Phei Yong @UC8gd0wXqCbu9k9Nz7_h7g9w,729K,-,Malaysia,,218.7K,youtube,malaysia,False,2024,NA,NA,,
92,Syazwan fahmi @UCapRxvBa11rJSmeICwsAdig,728K,0.8%,Malaysia,,218.4K,youtube,malaysia,False,2024,NA,NA,,
93,unifi @UCIwyESkw2cF4zqXC-a5_6Hg,726K,0.6%,Malaysia,,217.8K,youtube,malaysia,False,2024,NA,NA,,
94,vision VFX @UCjHfPDF1QPY6jkoTOrbLD0A,724K,2.5%,Malaysia,,217.2K,youtube,malaysia,False,2024,NA,NA,,
95,Mr Unknown @UCHOF8vwIxElla_vw-N7aRCg,708K,-,Malaysia,,212.4K,youtube,malaysia,False,2024,NA,NA,,
96,Buat Orang Lapo @UCdwV3w30mxpgm-M39JBxslA,707K,0.1%,Malaysia,,212.1K,youtube,malaysia,False,2024,NA,NA,,
97,Seventeen Eleven Music @UCN1M7VNTCmGvjD_eFx-SPYw,704K,0.1%,Malaysia,,211.2K,youtube,malaysia,False,2024,NA,NA,,
98,mekanika malaysia @UCW_a5QtfMwZ5gNBhgXBdscQ,690K,0.2%,Malaysia,,207K,youtube,malaysia,False,2024,NA,NA,,
99,老王頻道 @UCtb0R8m8xgS2C_6b3S_xLHA,682K,-,Malaysia,,204.6K,youtube,malaysia,False,2024,NA,NA,,
100,Inteam Digital @UCOrEH-SzmP_Nmipsk0yfzMg,681K,-,Malaysia,,204.3K,youtube,malaysia,False,2024,NA,NA,,
1,Badabun @UCYWOjHweP2V-8kGKmmAmQJQ,45.7M,-,Mexico,,13.7M,youtube,mexico,False,2024,NA,NA,,
2,Kimberly Loaiza @UCQZfFRohQ7UX-0CdXl-6pwQ,38.1M,0.9%,Mexico,,11.4M,youtube,mexico,False,2024,NA,NA,,
3,GENIAL @UCbrd1vu4_7qIE6IPV_dA-OA,31.2M,-,Mexico,,9.4M,youtube,mexico,False,2024,NA,NA,,
4,Masha y el Oso @UCuSo4gcgxJRf4Bzu43wwVyg,25.9M,-,Mexico,,7.8M,youtube,mexico,False,2024,NA,NA,,
5,MrBeast en Español @UCNAhW2oJvy_FUU082pEDspA,22M,1.8%,Mexico,,6.6M,youtube,mexico,False,2024,NA,NA,,
6,BabyBus - Canciones Infantiles & Cuentos @UCy_rxpSt8DMagOUFA9Q-t1A,21.3M,-,Mexico,,6.4M,youtube,mexico,False,2024,NA,NA,,
7,Juan De Dios Pantoja @UCzoUWqjCbcfWFdOMvoep8FA,20.7M,1.3%,Mexico,,6.2M,youtube,mexico,False,2024,NA,NA,,
8,Tlnovelas @UCKyU-wd-KY4PMOcOpPQgQcw,20.1M,-,Mexico,,6M,youtube,mexico,False,2024,NA,NA,,
9,YOLO AVENTURAS @yoloaventurasserie,17.9M,0.6%,Mexico,,5.4M,youtube,mexico,False,2024,NA,NA,,
10,YOLO @UCQ8TuCvcDMepleXFyOQfyOQ,17.9M,-,Mexico,,5.4M,youtube,mexico,False,2024,NA,NA,,
11,Little Angel Español - Canciones Infantiles @UCTdRly9T3iyCJFjmRoCaepQ,17.7M,-,Mexico,,5.3M,youtube,mexico,False,2024,NA,NA,,
12,SUPER SLICK SLIME SAM @UCfRgJADdLXwrcjIuTxn_u3Q,16.8M,-,Mexico,,5M,youtube,mexico,False,2024,NA,NA,,
13,DeToxoMoroxo @UCq_oSgHK9lk6NUUgkhUOPnw,16.6M,0.1%,Mexico,,5M,youtube,mexico,False,2024,NA,NA,,
14,Tu COSMOPOLIS @UCo4ywJQXfUIB0lCBpczW3cA,16.6M,-,Mexico,,5M,youtube,mexico,False,2024,NA,NA,,
15,IDEAS EN 5 MINUTOS @UC_OLtzRJdg0MJfiqGWAAIHw,16.5M,-,Mexico,,5M,youtube,mexico,False,2024,NA,NA,,
16,Antrax @UCNbwP-bKUlKrE_5qDwvFILQ,16.1M,-,Mexico,,4.8M,youtube,mexico,False,2024,NA,NA,,
17,MissaSinfonia @missasinfonia,16M,7.3%,Mexico,,4.8M,youtube,mexico,False,2024,NA,NA,,
18,Fede Vigevani @UCoQm-PeHC-cbJclKJYJ8LzA,15.7M,1.1%,Mexico,,4.7M,youtube,mexico,False,2024,NA,NA,,
19,Totoy kids - Español @UCiqE9bJFJhPEOVGdpj2LdEg,15.2M,-,Mexico,,4.6M,youtube,mexico,False,2024,NA,NA,,
20,Blippi Español @UC4YImPQT-_0kCh5joATwyhw,14.8M,-,Mexico,,4.4M,youtube,mexico,False,2024,NA,NA,,
21,Mis Pastelitos @mispastelitosyoutub,14M,0.8%,Mexico,,4.2M,youtube,mexico,False,2024,NA,NA,,
22,123 GO! Spanish @UCYtt2TP3sqR9_qXnc1G4eRA,13.7M,-,Mexico,,4.1M,youtube,mexico,False,2024,NA,NA,,
23,TV Ana Emilia @UCdPyv-GXDxlOeonqYKtKMSQ,13.7M,-,Mexico,,4.1M,youtube,mexico,False,2024,NA,NA,,
24,E-MasterSensei @UC3osN7-7XJq3NEoKZIUUx0w,12.9M,0.2%,Mexico,,3.9M,youtube,mexico,False,2024,NA,NA,,
25,Gibby :) @UCY62oxtmOKk5-JLJOXBMWnA,12.3M,0.4%,Mexico,,3.7M,youtube,mexico,False,2024,NA,NA,,
26,Yair17 @UCXH1p4gixwXwrUGSx-WvLNQ,12M,-,Mexico,,3.6M,youtube,mexico,False,2024,NA,NA,,
27,Garena Free Fire LATAM @UC1ZPgKGxaT5P7QKN_bk9xkw,11.5M,-,Mexico,,3.5M,youtube,mexico,False,2024,NA,NA,,
28,elcarteldesantatv @UCunw-c0EKIX5LpPo8GpA2Aw,11.4M,0.1%,Mexico,,3.4M,youtube,mexico,False,2024,NA,NA,,
29,Franco Escamilla @UCUjrDJokSX8JavRwy5iUOkA,11.1M,-,Mexico,,3.3M,youtube,mexico,False,2024,NA,NA,,
30,Hueva @UCe7VVljK2G15Bdxfr-xQoMw,11.1M,-,Mexico,,3.3M,youtube,mexico,False,2024,NA,NA,,
31,Juanpa Zurita @UCUo7T81zvCqpPhfsPb_kajA,10.9M,0.3%,Mexico,,3.3M,youtube,mexico,False,2024,NA,NA,,
32,Craftingeek @UCXnBB3IuuXAH2kDr69-632A,10.5M,-,Mexico,,3.2M,youtube,mexico,False,2024,NA,NA,,
33,LA DIVAZA @UCY_37NEvihrX3Te637OTxOg,10.4M,0.1%,Mexico,,3.1M,youtube,mexico,False,2024,NA,NA,,
34,Pinkfong en español - Canciones Infantiles @UCrYwqJZ-AnvnyF8vRndgvnA,10.2M,-,Mexico,,3.1M,youtube,mexico,False,2024,NA,NA,,
35,Luan Palomera @UCUl-2o1dLbH_GCoU_B_1tsg,10.1M,0.1%,Mexico,,3M,youtube,mexico,False,2024,NA,NA,,
36,Christian Nodal @UCtqOng3GVhQVu1Gl-3UlyAQ,10M,1.1%,Mexico,,3M,youtube,mexico,False,2024,NA,NA,,
37,Netflix Latinoamérica @UC5ZiUaIJ2b5dYBYGf5iEUrA,10M,-,Mexico,,3M,youtube,mexico,False,2024,NA,NA,,
38,BERTH-OH @UC2IDkGu61j_mwNJOc54Sb5w,10M,-,Mexico,,3M,youtube,mexico,False,2024,NA,NA,,
39,Cleo y Cuquin - Canciones infantiles @UChlTeveFUK6bvHrmCb8J99w,9.8M,-,Mexico,,3M,youtube,mexico,False,2024,NA,NA,,
40,luisitorey @UCG8xW9RS7d_6AQigNkHPkSA,9.5M,-,Mexico,,2.9M,youtube,mexico,False,2024,NA,NA,,
41,PONGAMOSLO A PRUEBA CORTOS @UCPx9eXszFK8rkivV7tXZpHA,9.5M,-,Mexico,,2.9M,youtube,mexico,False,2024,NA,NA,,
42,CRACKS @cracksyoutube,9.4M,-,Mexico,,2.8M,youtube,mexico,False,2024,NA,NA,,
43,Santa Fe Klan Official @UC4Ge3cqrdyOszmnJTcMICcg,9.4M,5.4%,Mexico,,2.8M,youtube,mexico,False,2024,NA,NA,,
44,Rayito @UC2APpwfAlZU8X0EezmhuXUQ,9.2M,-,Mexico,,2.8M,youtube,mexico,False,2024,NA,NA,,
45,Lizbeth Rodriguez @UCExB-_VCdrh90gIVSxJmpRg,9.1M,-,Mexico,,2.7M,youtube,mexico,False,2024,NA,NA,,
46,HaAshOficial @UC6kb0evup3Kgbz0N067E9wA,8.9M,0.5%,Mexico,,2.7M,youtube,mexico,False,2024,NA,NA,,
47,Super JoJo - Canciones Infantiles @UCX3nQH31gPIk4RIAG_b38Vg,8.9M,-,Mexico,,2.7M,youtube,mexico,False,2024,NA,NA,,
48,Karol Sevilla @UCt3-Ge4aevIeHYTIOUdpvJQ,8.6M,1%,Mexico,,2.6M,youtube,mexico,False,2024,NA,NA,,
49,MARIANA @UCwm_7WWX8mQ1kjSRzAnD0iQ,8.6M,-,Mexico,,2.6M,youtube,mexico,False,2024,NA,NA,,
50,Cartoon Network LA @UCQySZQ6rrgJXRuonMwIIGMA,8.4M,-,Mexico,,2.5M,youtube,mexico,False,2024,NA,NA,,
51,elmayo97 @UCdzcHYFrj4JjaBVmagCdoxg,8.4M,-,Mexico,,2.5M,youtube,mexico,False,2024,NA,NA,,
52,Susy Mouriz @UC2Rh-eKkibnZq8pRxYYoSSQ,8.2M,0.4%,Mexico,,2.5M,youtube,mexico,False,2024,NA,NA,,
53,Los Ángeles Azules @UCYTPYsuIRSu7o9xmeB_L4_g,8.1M,0.1%,Mexico,,2.4M,youtube,mexico,False,2024,NA,NA,,
54,Antronixx G @UCrY307dziCjW1E6u1ZuLetg,8M,-,Mexico,,2.4M,youtube,mexico,False,2024,NA,NA,,
55,Jorge el Curioso en Español @UCWpnUMsmO7UXquKw5f-suFQ,8M,-,Mexico,Television,2.4M,youtube,mexico,False,2024,Entertainment,MAPPED,,Television
56,Mario Aguilar @UCvFmBpXFbwruiWdnGobw9Ow,7.9M,-,Mexico,,2.4M,youtube,mexico,False,2024,NA,NA,,
57,SoyFredy @UCLBrzsFRM-PgnLgAaxOLRFA,7.9M,0.1%,Mexico,,2.4M,youtube,mexico,False,2024,NA,NA,,
58,Eliot Channel Mx @UCicv75Se8iS6otnQJ_4Pa_A,7.8M,-,Mexico,,2.3M,youtube,mexico,False,2024,NA,NA,,
59,MIRACULOUS - Las Aventuras de Ladybug @UClO_ni5PslPD9LsfZiyfcyA,7.6M,-,Mexico,,2.3M,youtube,mexico,False,2024,NA,NA,,
60,ckan98 @UCkD89TEFWsTZluY6tk84yqg,7.6M,0.3%,Mexico,,2.3M,youtube,mexico,False,2024,NA,NA,,
61,Job Othoniel @UC4jv50_lfrnb8F_0x-l6AYw,7.6M,-,Mexico,Careers,2.3M,youtube,mexico,False,2024,Knowledge&Info,MAPPED,,Careers
62,Oficial Bely & Beto´s Channel @UC7rJKxq6P9NZyhtTaT-JjWw,7.5M,-,Mexico,,2.3M,youtube,mexico,False,2024,NA,NA,,
63,Chiki-Arte Aprende a Dibujar @UC-63s9JLCZqIDlhXK6VHb7w,7.4M,-,Mexico,,2.2M,youtube,mexico,False,2024,NA,NA,,
64,El Fedelobo @UCSM3FVwdCIJfU0OdjKZb94A,7.3M,0.5%,Mexico,,2.2M,youtube,mexico,False,2024,NA,NA,,
65,Kenia Os @UCgDeSlu4pNSRrv87ScB0VaQ,7.3M,-,Mexico,,2.2M,youtube,mexico,False,2024,NA,NA,,
66,HGamesYT @UCDIR_PyWFrNXfzbG0pPHdIQ,7.2M,0.1%,Mexico,,2.2M,youtube,mexico,False,2024,NA,NA,,
67,Lizos Music @UCQ50aIYbavhpfVc9PKU9qrg,7.2M,-,Mexico,Music,2.2M,youtube,mexico,False,2024,Music,MAPPED,,Music
68,Dankev @UCHrHJ9PDhruY9XF5WXJ4a7g,7M,0.6%,Mexico,,2.1M,youtube,mexico,False,2024,NA,NA,,
69,El Tío Néstor @UCLKqPeUlDBTxDe2x8QTpLlg,7M,-,Mexico,Celebrity,2.1M,youtube,mexico,False,2024,Entertainment,MAPPED,,Celebrity
70,La Bala @UCgWTcPsEX0VczNmuHs5eo_Q,7M,0.2%,Mexico,,2.1M,youtube,mexico,False,2024,NA,NA,,
71,Un Poco De Todo @UCAB3buuWw0yMx9ca_rWwQiA,7M,-,Mexico,,2.1M,youtube,mexico,False,2024,NA,NA,,
72,Talking Tom & Friends Español @UCC9R-cxQeOpPhq2lAru0V8w,6.9M,-,Mexico,,2.1M,youtube,mexico,False,2024,NA,NA,,
73,123 GO! GOLD Spanish @UCeCfdHkqTcC7atfxNE7X38Q,6.9M,-,Mexico,,2.1M,youtube,mexico,False,2024,NA,NA,,
74,RemexMusic @UChX2haJZZJOtIIrdqLPvQWA,6.8M,-,Mexico,Music,2.1M,youtube,mexico,False,2024,Music,MAPPED,,Music
75,elmundoDKBza @UCkA-23QaQsiWAgbrM0DaI6w,6.8M,0.3%,Mexico,,2M,youtube,mexico,False,2024,NA,NA,,
76,Grupo Firme @UCFlC8U0Uif2hF0FIgsSIIYQ,6.8M,3%,Mexico,,2M,youtube,mexico,False,2024,NA,NA,,
77,Chingu amiga @UCL0bN6THhHVBwRPsXKOhAHg,6.8M,-,Mexico,,2M,youtube,mexico,False,2024,NA,NA,,
78,NANDO @UCqma_8hr8yOgr37wdUY-E7Q,6.7M,-,Mexico,,2M,youtube,mexico,False,2024,NA,NA,,
79,Nickelodeon en Español @UCNeq3Obf4zOv5rhORI8Vz5g,6.5M,-,Mexico,,2M,youtube,mexico,False,2024,NA,NA,,
80,Carolina Díaz @UCEG_X195mDPg7KpAKiFg5jQ,6.4M,0.1%,Mexico,,1.9M,youtube,mexico,False,2024,NA,NA,,
81,Andrea Zuñiga @UC9_TrAv5QYFro8Q2LVuBepA,6.4M,-,Mexico,,1.9M,youtube,mexico,False,2024,NA,NA,,
82,Ideas en 5 minutos DIY @UCxBRABv7DQJqNn6zwkVFGsA,6.3M,-,Mexico,,1.9M,youtube,mexico,False,2024,NA,NA,,
83,TheHectorino @UCUyrOJOArbGjNnrR_RXGHLw,6.3M,-,Mexico,,1.9M,youtube,mexico,False,2024,NA,NA,,
84,Liza Baez @UCoWpURVabfgqPUeKljAaEOA,6.2M,4%,Mexico,,1.9M,youtube,mexico,False,2024,NA,NA,,
85,123 GO! CHALLENGE Spanish @UCsaiqNNoq7V3-1hNY1zx-4Q,6.1M,-,Mexico,,1.8M,youtube,mexico,False,2024,NA,NA,,
86,Ideas en 5 minutos JUEGOS @UChHrhHukVqet_y5V9LgSfsg,6.1M,-,Mexico,,1.8M,youtube,mexico,False,2024,NA,NA,,
87,Kids First - Español Latino @UCJO_xCXaz346UcIboT1w0bg,6.1M,-,Mexico,,1.8M,youtube,mexico,False,2024,NA,NA,,
88,JuanSGuarnizo @UCdvyCPDTkkfd4MwqD7ZkGgg,6M,1.4%,Mexico,,1.8M,youtube,mexico,False,2024,NA,NA,,
89,Soy Francisco ALV @UChEnPftp7Jtke8KhH9tRT7g,5.9M,-,Mexico,,1.8M,youtube,mexico,False,2024,NA,NA,,
90,BUFF - Academy @UCuzmut0enwi-LrnyYwD0NCA,5.8M,1.1%,Mexico,,1.8M,youtube,mexico,False,2024,NA,NA,,
91,Lonrot @UCtfkNUjd4mPTfeyI0ehT1dQ,5.8M,1.5%,Mexico,,1.7M,youtube,mexico,False,2024,NA,NA,,
92,KimShantal @UCuxn14PUUrxDVJ2hqdU8uSQ,5.8M,-,Mexico,,1.7M,youtube,mexico,False,2024,NA,NA,,
93,Prankedy @UCrJ8BV1V76Y9mydSeqzfT6w,5.8M,-,Mexico,,1.7M,youtube,mexico,False,2024,NA,NA,,
94,El FedeWolf @UCWI2X2x3KASrvEZXdBVNxkA,5.8M,1.4%,Mexico,,1.7M,youtube,mexico,False,2024,NA,NA,,
95,Sr Pelo @UCt-GOpCw4dOBlIyqL9A1ztA,5.8M,3.9%,Mexico,,1.7M,youtube,mexico,False,2024,NA,NA,,
96,SKabeche @UCmmG1PC3Mtyx1KHJfJVGIpQ,5.8M,-,Mexico,,1.7M,youtube,mexico,False,2024,NA,NA,,
97,vicentefernandez® @UCwPTC2n6D8asyi1G5uBZlpw,5.7M,0.1%,Mexico,,1.7M,youtube,mexico,False,2024,NA,NA,,
98,HeyKids.es - Canciones Para Niños @UCoERKXqq6oMyoRlw5L2tQBQ,5.7M,-,Mexico,,1.7M,youtube,mexico,False,2024,NA,NA,,
99,Jesus Adrian Romero @UCL0G_Et4IZSqxN7CXL8bJJQ,5.6M,-,Mexico,,1.7M,youtube,mexico,False,2024,NA,NA,,
100,Daniel Carreón @UCwScwtu5zVqc_wHtRx9XvDA,5.6M,-,Mexico,,1.7M,youtube,mexico,False,2024,NA,NA,,
1,Saad Lamjarred | سعد لمجرد @UC9hJ5XcjHXYjwDOqrlQUuow,13.9M,0.8%,المغرب,,4.2M,youtube,morocco,False,2024,NA,NA,,
2,Experienced Mojaraba TV @UCCvguzToWt3PYumFPRusUKg,10.8M,-,المغرب,,3.2M,youtube,morocco,False,2024,NA,NA,,
3,هل تعلم؟ @UCa7lQu3RM6p88h4KOfTpqWA,9M,-,المغرب,,2.7M,youtube,morocco,False,2024,NA,NA,,
4,2MTV @UClozwh5URilIQpDFeXch8qw,7.5M,-,المغرب,Television,2.3M,youtube,morocco,False,2024,Entertainment,MAPPED,,Television
5,WHITE444 YT @UCI14hkaiRn8cJl-bSZGmSuw,5.5M,-,المغرب,,1.7M,youtube,morocco,False,2024,NA,NA,,
6,Misaha | مساحة @UCAHfrKOebWz6_23eKKm9vqw,5.2M,-,المغرب,,1.6M,youtube,morocco,False,2024,NA,NA,,
7,إستفد @UCkFYKn7RditA-BnWCTxJvMg,5.2M,-,المغرب,,1.6M,youtube,morocco,False,2024,NA,NA,,
8,موقع الشيخ عبد الباسط عبد الصمد @UCoD5-Dk95rFMtk5iCXqak6w,5.1M,-,المغرب,,1.5M,youtube,morocco,False,2024,NA,NA,,
9,الطريق إلى الجنة Road to Heaven @UCyiOlgJIOwK_gSNB9R8ATFg,4.7M,-,المغرب,,1.4M,youtube,morocco,False,2024,NA,NA,,
10,halawiyat karamilla حلويات كراميلا @UCfhOpHNCA8nUq4_hQQr_QNQ,4.3M,-,المغرب,,1.3M,youtube,morocco,False,2024,NA,NA,,
11,Jamal Alpha @UCsqemzGBSJryRUmjp2M_jjQ,4.2M,0.2%,المغرب,,1.3M,youtube,morocco,False,2024,NA,NA,,
12,قناة المحترف | Almohtarif channel @UCO58fldVogtwlz7c2PTeWrg,4.1M,-,المغرب,,1.2M,youtube,morocco,False,2024,NA,NA,,
13,Baraka lBaraka @UC68yhEwJBSFt8UcWy-dDA-g,3.8M,-,المغرب,,1.1M,youtube,morocco,False,2024,NA,NA,,
14,RECIPES FOR YOU @UCq6akguHzmPR6dqIqhuUIAA,3.7M,0.1%,المغرب,,1.1M,youtube,morocco,False,2024,NA,NA,,
15,HEROSHIMA YT @UCKbA2ZlS_vEDtuzZlbg1ypw,3.6M,0.3%,المغرب,,1.1M,youtube,morocco,False,2024,NA,NA,,
16,هل تعلم؟ علوم وتكنولوجيا @UCqTkFz1f2q2-nwpTekI0_UQ,3.6M,-,المغرب,,1.1M,youtube,morocco,False,2024,NA,NA,,
17,Fayssal Vlog @UCH_XMDSC8K696kE6I0x5D8Q,3.4M,-,المغرب,,1M,youtube,morocco,False,2024,NA,NA,,
18,Ramadan Al Aoula TV @UC-do1UFNFVRhFA20k1izktQ,3.3M,0.1%,المغرب,,993K,youtube,morocco,False,2024,NA,NA,,
19,English Language Academy @UC7HhSlh-QbL9626A_mM4DRg,3.1M,-,المغرب,,924K,youtube,morocco,False,2024,NA,NA,,
20,مجلة لماذا؟ @UCi01XlFR8ZGuqQXlNMLZZEw,3.1M,-,المغرب,,915K,youtube,morocco,False,2024,NA,NA,,
21,Belmirs | بلمير @UCZ5tjhLSLd6L4Te0wnTG2FA,3M,-,மாரக்கோ,,903K,youtube,morocco,False,2024,NA,NA,,
22,Douzi دوزي @UCAptYoIT2v03gxBVcZ1Qa6Q,2.8M,2.4%,மாரக்கோ,,837K,youtube,morocco,False,2024,NA,NA,,
23,Muslim مسلم @UCorJO8dvFhfPLXsLfonUrTw,2.8M,-,மாரக்கோ,,831K,youtube,morocco,False,2024,NA,NA,,
24,وصفات لالة فاطمة Wasafat Lalla Fatima @UC-UVfTCPQaYPowrDMWPe6ow,2.7M,-,மாரக்கோ,,822K,youtube,morocco,False,2024,NA,NA,,
25,Hatim Ammor l حاتم عمور @UCX_lLBpYS7FtqmSSFs3esig,2.7M,-,மாரக்கோ,,819K,youtube,morocco,False,2024,NA,NA,,
26,MR CRAZY OFFICIAL @UCvheXmI5oWFZoy9VrKCl51w,2.7M,3.2%,மாரக்கோ,,810K,youtube,morocco,False,2024,NA,NA,,
27,Aymen BOUSSELHAM @UCLgmpj7900fMVT98JTQ-NGw,2.7M,3.4%,மாரக்கோ,,807K,youtube,morocco,False,2024,NA,NA,,
28,oum yasser أم ياسر @UCXeqMgMSAElK-T9MpGaJjEw,2.7M,-,மாரக்கோ,,801K,youtube,morocco,False,2024,NA,NA,,
29,ElGrandeToto @UCVG705xosVltZb52R0hHr_g,2.6M,11.8%,மாரக்கோ,,789K,youtube,morocco,False,2024,NA,NA,,
30,7-TOUN @UC2PRVeYNiJZ4LXLjRjufYig,2.5M,0.1%,மாரக்கோ,,762K,youtube,morocco,False,2024,NA,NA,,
31,SYBLUS @UCY_2VHreLOlk8VqsDd6dUoQ,2.5M,1.8%,மாரக்கோ,,762K,youtube,morocco,False,2024,NA,NA,,
32,Leader Of Lyrics @UCaeicBEBBbaF4QQ_OgJ5cvw,2.5M,-,மாரக்கோ,இசை,744K,youtube,morocco,False,2024,Music,MAPPED,,Music
33,Télé Maroc @UC6eBD5wxTbOdZbZSTlHKtVg,2.5M,-,மாரக்கோ,,738K,youtube,morocco,False,2024,NA,NA,,
34,L7OR - الحر @UC9o7H0MTjWjo9MffOVxUPww,2.4M,20.6%,மாரக்கோ,,732K,youtube,morocco,False,2024,NA,NA,,
35,Hassan Gonzalez @UCh6FUXUgjFguglJp4PP9rOA,2.4M,-,மாரக்கோ,,729K,youtube,morocco,False,2024,NA,NA,,
36,Clic Cook كليك كوك @UCrqY9F9Mz_-ofg2bn3M7S5A,2.3M,0.1%,மாரக்கோ,,702K,youtube,morocco,False,2024,NA,NA,,
37,Dr Faid Channel @UCRRTxpE93o4qQFy3vZ_0SJA,2.3M,-,மாரக்கோ,,690K,youtube,morocco,False,2024,NA,NA,,
38,Hakim Le magicien @UCxzrcsr1iWRKRe-iMpwyM-Q,2.3M,-,மாரக்கோ,,690K,youtube,morocco,False,2024,NA,NA,,
39,BLA BLA @UCRbIVBQ-FVm-2Z2Rce3SHyg,2.3M,-,மாரக்கோ,,687K,youtube,morocco,False,2024,NA,NA,,
40,Abdljalil Asiro @UCdPDJIvnqtFsTDuDBDTmiAg,2.3M,-,மாரக்கோ,,684K,youtube,morocco,False,2024,NA,NA,,
41,Lbenj @UCSj3fnfKHCI5G2VYUcx3DHg,2.3M,-,மாரக்கோ,,684K,youtube,morocco,False,2024,NA,NA,,
42,شهيوات ام حفصة chhiwat om hafsa / @UCAZGXDez2WTiqGrMEiwrW_w,2.3M,-,மாரக்கோ,,678K,youtube,morocco,False,2024,NA,NA,,
43,JACK FF @UC2pc7w_iMk4KLEa4Yy0gahg,2.3M,5.5%,மாரக்கோ,,678K,youtube,morocco,False,2024,NA,NA,,
44,ruok f8 @UC5LiGS1iria147G-x8LJiaA,2.3M,-,மாரக்கோ,,675K,youtube,morocco,False,2024,NA,NA,,
45,REDA EL WAHABI @UCmsyZt6DsYqa6KEZSDRd83w,2.2M,2.8%,மாரக்கோ,,669K,youtube,morocco,False,2024,NA,NA,,
46,3alamuki عالمك سيدتي مع مريم @UCHlP7UMDQdG5aVvCbLL125w,2.2M,-,மாரக்கோ,,660K,youtube,morocco,False,2024,NA,NA,,
47,cuisine Tima مطبخ تيما @UCyhqIgshhPDSR-nYe8OHWBQ,2.1M,0.5%,மாரக்கோ,,642K,youtube,morocco,False,2024,NA,NA,,
48,BS One @UCyQEg_C6TTIf-Pg7vIljUrg,2.1M,0.3%,மாரக்கோ,,636K,youtube,morocco,False,2024,NA,NA,,
49,Soltana - سلطانة @UCRDs06-t5cL9StAKy2-_axg,2.1M,-,மாரக்கோ,,624K,youtube,morocco,False,2024,NA,NA,,
50,zineb el morhir @UCF0qrUKoJt26nINyAbmYFGQ,2.1M,-,மாரக்கோ,,621K,youtube,morocco,False,2024,NA,NA,,
51,HackTube @UCy38w3gfA1T65r9UIrhKQRw,2M,-,மாரக்கோ,,615K,youtube,morocco,False,2024,NA,NA,,
52,Cuisine Amina مطبخ آمينة المراكشية @UClxPyr38alWyLHpa0C8oVmw,2M,-,மாரக்கோ,,612K,youtube,morocco,False,2024,NA,NA,,
53,Gnawi @UC0k5ulMTxHlUzzJRnOtBRMA,2M,-,மாரக்கோ,Careers கொள்முதல்,609K,youtube,morocco,False,2024,Knowledge&Info,MAPPED,,Careers Purchase
54,cuisine yasmina شهيوات ياسمينة @UCm2biAqiGaUFETmPeVnhGxQ,2M,-,மாரக்கோ,,606K,youtube,morocco,False,2024,NA,NA,,
55,Mohammed Nassib @UCC_3u0_EYHA09YVma4yDNkg,2M,-,மாரக்கோ,,606K,youtube,morocco,False,2024,NA,NA,,
56,Khalid Lidlissi & Dala @UCeuMT3QEwuCdRE8Tg58RCqg,2M,1.9%,மாரக்கோ,,606K,youtube,morocco,False,2024,NA,NA,,
57,Insta'Lives @UCXhngplJv_5uDOVdcsGXDwg,2M,-,மாரக்கோ,,600K,youtube,morocco,False,2024,NA,NA,,
58,Amine Filali TV @UCCPYz2Fn9g8YdjD50GjYXpw,2M,0.4%,மாரக்கோ,,591K,youtube,morocco,False,2024,NA,NA,,
59,حلويات أسماء asmae sweets @UCXgwv0-EiGloHW_Mlxi8S2w,2M,-,மாரக்கோ,,585K,youtube,morocco,False,2024,NA,NA,,
60,Salah Salhi TV @UCtqbizEAUxf0aYCJ7ttVmBw,2M,11.7%,மாரக்கோ,,585K,youtube,morocco,False,2024,NA,NA,,
61,Adil Taouil l عادل تاويل @UCuvhvj28Vx9-eqDS0mScLhA,1.9M,10.3%,மாரக்கோ,,579K,youtube,morocco,False,2024,NA,NA,,
62,LORD Ahmed @UC7XyFVSHSU-gUCAhIcYYFog,1.9M,-,மாரக்கோ,,579K,youtube,morocco,False,2024,NA,NA,,
63,Siham's Beauty World @UC__kT4NBC-jqJF-RphguAvQ,1.9M,-,மாரக்கோ,,579K,youtube,morocco,False,2024,NA,NA,,
64,3anakib @UC8CtJPb_xe2oEgxuBMs1GJw,1.9M,-,மாரக்கோ,,576K,youtube,morocco,False,2024,NA,NA,,
65,the French language @UCQlhmoawtLk1mYYN_flj_og,1.9M,-,மாரக்கோ,,573K,youtube,morocco,False,2024,NA,NA,,
66,Ihab Amir | إيهاب أمير @UC0ty7_kyGQ1FeveJMfYc0BA,1.9M,2.4%,மாரக்கோ,,573K,youtube,morocco,False,2024,NA,NA,,
67,la3zawi family One @UC8kn_HZ09wAGeFSNHyOPqJA,1.9M,-,மாரக்கோ,,570K,youtube,morocco,False,2024,NA,NA,,
68,Salma Rachid I سلمى رشيد @UC5DiXAUQic0CRMFGBJCuVvQ,1.9M,-,மாரக்கோ,,564K,youtube,morocco,False,2024,NA,NA,,
69,Dizzy DROS @UCy3aXKl3MmWXGj2mmxT9AsA,1.8M,-,மாரக்கோ,,540K,youtube,morocco,False,2024,NA,NA,,
70,LFERDA TV @UCnMQbKtNPamGzvOMSzlw_jg,1.8M,-,மாரக்கோ,,534K,youtube,morocco,False,2024,NA,NA,,
71,حياتك سيدتي @UCeuOkNpr7jEch4_vndR96wA,1.8M,-,மாரக்கோ,,531K,youtube,morocco,False,2024,NA,NA,,
72,Ihssane Benalluch @UC-TDfXUC9HlqvoQxMolYHRA,1.8M,1.1%,மாரக்கோ,,528K,youtube,morocco,False,2024,NA,NA,,
73,طبخ ليلى tabkh leila @UC_BUnj-MP9154Vsahdq8dJQ,1.8M,-,மாரக்கோ,,525K,youtube,morocco,False,2024,NA,NA,,
74,Nouaman Belaiachi l نعمان بلعياشي @UCYJrefWY_BdNiX7wXWomprw,1.7M,-,மாரக்கோ,,522K,youtube,morocco,False,2024,NA,NA,,
75,Ismail El Mahi @UCmo-N3I1AWXP5MdES4eubmA,1.7M,-,மாரக்கோ,,519K,youtube,morocco,False,2024,NA,NA,,
76,Khawater ilyassif @UC7y78kbnOtBEpKKTCEXl7bQ,1.7M,0.1%,மாரக்கோ,,510K,youtube,morocco,False,2024,NA,NA,,
77,7Liwa @UCTdY7Fw0YMHCJ09jKTGy9Xw,1.7M,7.6%,மாரக்கோ,,504K,youtube,morocco,False,2024,NA,NA,,
78,قناة الشَّيخ سَعيد الكَمَلي @UCASAOTD6fMPEg8jmO4nPblQ,1.6M,0.1%,மாரக்கோ,,489K,youtube,morocco,False,2024,NA,NA,,
79,Ajdiri fitness @UC9XzatMwUCJpkwM4Dr5S3RA,1.6M,-,மாரக்கோ,,489K,youtube,morocco,False,2024,NA,NA,,
80,Kawtar Bamo @UCH2ZMZN8X7WHDLnWEfP1jBg,1.6M,-,மாரக்கோ,,486K,youtube,morocco,False,2024,NA,NA,,
81,Black Moussiba @UCGhuGD-LE45GLqSMaxN3Hsw,1.6M,0.4%,மாரக்கோ,,486K,youtube,morocco,False,2024,NA,NA,,
82,Cravata - كرافاطا @UCbEQua8b0M5ScOPgYDxA6fg,1.6M,-,மாரக்கோ,,486K,youtube,morocco,False,2024,NA,NA,,
83,شيف شكرالله Chef Chokrallah @UCrUh2a8Ucv7PlGS6BqYITJQ,1.6M,0.1%,மாரக்கோ,,483K,youtube,morocco,False,2024,NA,NA,,
84,Afechkou Brahim @UC-NGRUkxrRxBRpOmno-hF1w,1.6M,-,மாரக்கோ,,477K,youtube,morocco,False,2024,NA,NA,,
85,SOUMA سومة @UCl8m-0PbG-q8CYbmWdjb9gQ,1.6M,-,மாரக்கோ,,477K,youtube,morocco,False,2024,NA,NA,,
86,Hamida حميدة @UCzZ0Ds0O6hPGc-BcPdLAluA,1.6M,-,மாரக்கோ,,474K,youtube,morocco,False,2024,NA,NA,,
87,Diva Rebecca @UCTtcPiMC4Xa9YQ3UtmOA1Zw,1.6M,-,மாரக்கோ,,471K,youtube,morocco,False,2024,NA,NA,,
88,ريحانة كمال @UCSZCXMvv1p5kurtJmaxKikA,1.6M,-,மாரக்கோ,,471K,youtube,morocco,False,2024,NA,NA,,
89,Manal l منال @UCH3YK4ZP_w5GfxRm9S1TXZw,1.6M,4.5%,மாரக்கோ,இசை பிரபலங்கள்,465K,youtube,morocco,False,2024,Music,MAPPED,,Music celebrities
90,Oussama El Mekkaoui @oussamaelmekkaoui1,1.5M,0.5%,மாரக்கோ,,462K,youtube,morocco,False,2024,NA,NA,,
91,Taliss | طاليس @UCrDBa3CrjwANpo99Qgu0i-Q,1.5M,0.2%,மாரக்கோ,,462K,youtube,morocco,False,2024,NA,NA,,
92,يوميات القطط kittens vlog @UCZ0h8zWza_bjqGtn6clvYFA,1.5M,-,மாரக்கோ,,462K,youtube,morocco,False,2024,NA,NA,,
93,استفد كل يوم @UCQBt1gkXqb11RRlQDxThi4A,1.5M,-,மாரக்கோ,,462K,youtube,morocco,False,2024,NA,NA,,
94,Niba Tbib @UCqKabGih41Etz_duwkA7cqA,1.5M,-,மாரக்கோ,,462K,youtube,morocco,False,2024,NA,NA,,
95,Le360 @UCGYE6-D0--78oXa4wDiOk6g,1.5M,-,மாரக்கோ,,459K,youtube,morocco,False,2024,NA,NA,,
96,Said Naciri l سعيد الناصري @UCma4hB65kKimZzXKD0nUSUw,1.5M,-,மாரக்கோ,,456K,youtube,morocco,False,2024,NA,NA,,
97,Mehdi Mozayine @UCwK1c_RczSk8RQTiWcCAFgQ,1.5M,-,மாரக்கோ,,453K,youtube,morocco,False,2024,NA,NA,,
98,مربوحة Marbouha TV @UCOhHFq20n5Crcg-13BM7v_w,1.5M,-,மாரக்கோ,,453K,youtube,morocco,False,2024,NA,NA,,
99,Ali meriem EzzaiDi @UCFu47JDZ_wjz97yWaSFWnMA,1.5M,0.3%,மாரக்கோ,,453K,youtube,morocco,False,2024,NA,NA,,
100,Abdelkader Kharraz @UCCPQpi9U-iXFWlMSUg_nxTw,1.5M,-,மாரக்கோ,,453K,youtube,morocco,False,2024,NA,NA,,
1,Spinnin' Records @UCpDJl2EmP7Oh90Vylx0dZtA,29.7M,-,Netherlands,,8.9M,youtube,netherlands,False,2024,NA,NA,,
2,Martin Garrix @UC5H_KXkPbEsGs0tFt8R35mA,14.4M,-,Netherlands,,4.3M,youtube,netherlands,False,2024,NA,NA,,
3,Trap City @UC65afEgL62PGFWXY7n6CUbA,14.1M,-,Netherlands,Music,4.2M,youtube,netherlands,False,2024,Music,MAPPED,,Music
4,NikkieTutorials @UCzTKskwIc_-a0cGvCXA848Q,13.9M,2%,Netherlands,,4.2M,youtube,netherlands,False,2024,NA,NA,,
5,أترو/Atro @UCjf3ZSi7xMu8O9frZZ8FEGg,12.8M,0.2%,Netherlands,,3.8M,youtube,netherlands,False,2024,NA,NA,,
6,SuperbLyrics @UCy9zjfGD_LGnfaz27K5pvnw,6.4M,-,Netherlands,Music,1.9M,youtube,netherlands,False,2024,Music,MAPPED,,Music
7,Silo Entertainment @UCo8q1BVz59Yepk1QPGKLElA,5.9M,-,Netherlands,Celebrity,1.8M,youtube,netherlands,False,2024,Entertainment,MAPPED,,Celebrity
8,Saskia's Dansschool @UCOiFUE8BrJaAje9IlSmzCtg,5.7M,-,Netherlands,,1.7M,youtube,netherlands,False,2024,NA,NA,,
9,Emma Heesters @UCnM_Dh_3p-m3M-1tF0E9Cjw,5.7M,4.2%,Netherlands,,1.7M,youtube,netherlands,False,2024,NA,NA,,
10,Armin van Buuren @UCu5jfQcpRLm9xhmlSd5S8xw,5.4M,-,Netherlands,,1.6M,youtube,netherlands,False,2024,NA,NA,,
11,Hardwell @UCPT5Q93YbgJ_7du1gV7UHQQ,5.1M,0.1%,Netherlands,,1.5M,youtube,netherlands,False,2024,NA,NA,,
12,Armada Music TV @UCGZXYc32ri4D0gSLPf2pZXQ,5M,-,Netherlands,,1.5M,youtube,netherlands,False,2024,NA,NA,,
13,Fundy @UCCE5NVlm0FhbunMMBT48WAw,4.3M,-,Netherlands,,1.3M,youtube,netherlands,False,2024,NA,NA,,
14,DTS TRADER @UC-ZrKLhOyohhDYm_0HGRR_A,3.9M,0.3%,Netherlands,,1.2M,youtube,netherlands,False,2024,NA,NA,,
15,Pick Up Limes @UCq2E1mIwUKMWzCA4liA_XGQ,3.8M,0.5%,Netherlands,,1.2M,youtube,netherlands,False,2024,NA,NA,,
16,ProjectJamesify @UCwCj-mTphfnjBcRag6MEM2A,3.6M,-,Netherlands,Video Gaming,1.1M,youtube,netherlands,False,2024,Tech&Gaming,MAPPED,,Video Gaming
17,varlamov @UC101o-vQ2iOj9vr00JUlyKw,3.6M,1.8%,Netherlands,,1.1M,youtube,netherlands,False,2024,NA,NA,,
18,Cas van de Pol @UCr1fdFXztwacnJ206hMgG7w,3.3M,5.4%,Netherlands,,990K,youtube,netherlands,False,2024,NA,NA,,
19,Chillhop Music @UCOxqgCwgOqC2lMqC5PYz_Dg,3.3M,-,Netherlands,,984K,youtube,netherlands,False,2024,NA,NA,,
20,AutoTopNL @UC9DXAsBD4-ITVuvpd68401Q,3.3M,0.1%,Netherlands,,978K,youtube,netherlands,False,2024,NA,NA,,
21,Vibe Music @UChO8h2G8UjOVc081rgYU8XQ,3.2M,-,Netherlands,,945K,youtube,netherlands,False,2024,NA,NA,,
22,Dima en Auto's @UCmAdsuAXyR07qHZjiqqD7zg,3.1M,-,Netherlands,,915K,youtube,netherlands,False,2024,NA,NA,,
23,Dark Corners @UCP1YcvxeNRHEcqyBk_7mjVg,2.9M,-,Netherlands,Video Gaming,879K,youtube,netherlands,False,2024,Tech&Gaming,MAPPED,,Video Gaming
24,A Chick Called Albert @UCBjh-uGy5RcclATnFpQBobw,2.9M,0.9%,Netherlands,,864K,youtube,netherlands,False,2024,NA,NA,,
25,عبادة خير الدين Obada Sykh @UCrpiHdO6fwerkP--S5i2e6A,2.7M,0.6%,Netherlands,,813K,youtube,netherlands,False,2024,NA,NA,,
26,EnzoKnol @UCh8bTHe4T8o7RIU7R5EPX-w,2.7M,-,Netherlands,,810K,youtube,netherlands,False,2024,NA,NA,,
27,Rap City @UCQ5DkUL8c_vbflfQ8LRsCIg,2.7M,-,Netherlands,,807K,youtube,netherlands,False,2024,NA,NA,,
28,Igor Presnyakov @UC8gSNcKgwBK7B4ulB8nh_gw,2.6M,-,Netherlands,,777K,youtube,netherlands,False,2024,NA,NA,,
29,An Knook @UCrfr4PnqvdJO4KrYWg10CJw,2.6M,-,Netherlands,,777K,youtube,netherlands,False,2024,NA,NA,,
30,StukTV @UCK5Fn7Z6-iFMdxEye2FsKXg,2.6M,0.5%,Netherlands,,774K,youtube,netherlands,False,2024,NA,NA,,
31,Gezen Adam @UCy40Jd2Mcs7EWzDC_43q3SA,2.6M,-,Netherlands,,768K,youtube,netherlands,False,2024,NA,NA,,
32,MCPE Journalist @UCs3h-NkVdvnVuHiwekXVwtQ,2.5M,-,Netherlands,,750K,youtube,netherlands,False,2024,NA,NA,,
33,Eddie van der Meer @UCCRb9Zn03QoEb8cnfwTOFTg,2.5M,-,Netherlands,,750K,youtube,netherlands,False,2024,NA,NA,,
34,Without Music @UCHF0Bxys49VeBu8jR5oh6jg,2.5M,0.5%,Netherlands,,741K,youtube,netherlands,False,2024,NA,NA,,
35,Gumbal @UCwn0jaGbgMkYioOWBzMog1Q,2.5M,-,Netherlands,,735K,youtube,netherlands,False,2024,NA,NA,,
36,Disney NL @UCHjX8DEVy6ECIRpdGYzHBSA,2.3M,-,Netherlands,,690K,youtube,netherlands,False,2024,NA,NA,,
37,Jamesify @UC9BgqXldGODtJszmPOmzVDw,2M,-,Netherlands,,603K,youtube,netherlands,False,2024,NA,NA,,
38,Epic Music NL @UCWWFyQj6lzKfFek-RyEEj9A,1.9M,-,Netherlands,,582K,youtube,netherlands,False,2024,NA,NA,,
39,HardstyleUp2Datez [HU2Dz] @UCRdr2mcvuxjeF453ICIjQpQ,1.9M,-,Netherlands,,573K,youtube,netherlands,False,2024,NA,NA,,
40,SivHD @UC3FG_gOPjOiHo1iWLtD1qDw,1.8M,0.2%,Netherlands,,537K,youtube,netherlands,False,2024,NA,NA,,
41,TopNotch @UCIb2FkhwkigTabnuj6D7oew,1.8M,-,Netherlands,Music,534K,youtube,netherlands,False,2024,Music,MAPPED,,Music
42,Einzelgänger @UCybBViio_TH_uiFFDJuz5tg,1.7M,-,Netherlands,,516K,youtube,netherlands,False,2024,NA,NA,,
43,7even Records @UCvYhEsecAJ-hE0mLN3DId_w,1.7M,-,Netherlands,,510K,youtube,netherlands,False,2024,NA,NA,,
44,Vengaboys @UC1ZJB8MepA7B7zQE8TmzQdQ,1.6M,0.1%,Netherlands,,471K,youtube,netherlands,False,2024,NA,NA,,
45,Revealed Music @UCnhHe0_bk_1_0So41vsZvWw,1.6M,-,Netherlands,Music,468K,youtube,netherlands,False,2024,Music,MAPPED,,Music
46,Dance Fruits @UCnMuO9UobvCU-dHp4o7OSWQ,1.6M,-,Netherlands,Music News Pets Technology,468K,youtube,netherlands,False,2024,Knowledge&Info,MAPPED,,Music News Pets Technology
47,noahsarklabel @UCJ5Vwcz74Drspgbf--_i0Uw,1.5M,-,Netherlands,,462K,youtube,netherlands,False,2024,NA,NA,,
48,Itchy Boots @UCEIs9nkveW9WmYtsOcJBwTg,1.5M,-,Netherlands,,456K,youtube,netherlands,False,2024,NA,NA,,
49,MeisjeDjamila @UCANa7EO3GwG7fzEMO-fVRWQ,1.5M,0.7%,Netherlands,,447K,youtube,netherlands,False,2024,NA,NA,,
50,Davina Michelle @UCNFhPxOF1NRT1QlxJzgctzw,1.5M,-,Netherlands,Music Travel,447K,youtube,netherlands,False,2024,Music,MAPPED,,Music Travel
51,FundyLIVE @UCJhTTqtsvThK99_IbNDtwSw,1.4M,-,Netherlands,,420K,youtube,netherlands,False,2024,NA,NA,,
52,Milan Knol @UCNPlSBggCmH8FJiMC2FYYpQ,1.4M,0.1%,Netherlands,,414K,youtube,netherlands,False,2024,NA,NA,,
53,Gio @UCzK9UevsDrNpuPON_H1EepA,1.4M,-,Netherlands,,408K,youtube,netherlands,False,2024,NA,NA,,
54,Jelle's Marble Runs @UCYJdpnjuSWVOLgGT9fIzL0g,1.4M,0.3%,Netherlands,Celebrity,408K,youtube,netherlands,False,2024,Entertainment,MAPPED,,Celebrity
55,Kalvijn @UCjB-TLtaveC9NYFHQmFOJaQ,1.3M,1.1%,Netherlands,,396K,youtube,netherlands,False,2024,NA,NA,,
56,Music by Blanks @UC-KiGOO_09r_0J9vAjBLTBg,1.3M,0.8%,Netherlands,,393K,youtube,netherlands,False,2024,NA,NA,,
57,KOP Shorts @UCNbW2qx5OZa546X24DgHvxQ,1.3M,-,Netherlands,,393K,youtube,netherlands,False,2024,NA,NA,,
58,PPO @UCNvT4F1eFg2mRI5VFL5y7jA,1.3M,-,Netherlands,,387K,youtube,netherlands,False,2024,NA,NA,,
59,LEIDY @UCkUBEsW2p_TwsQ0jBxZdHRA,1.3M,0.1%,Netherlands,,387K,youtube,netherlands,False,2024,NA,NA,,
60,Martoz @UCMFEI-CWLBE8zdOu7BeSlow,1.3M,-,Netherlands,,381K,youtube,netherlands,False,2024,NA,NA,,
61,Disney Channel NL @UCD69tZl3tqlb3LJXf8U6Hqg,1.3M,-,Netherlands,,378K,youtube,netherlands,False,2024,NA,NA,,
62,5 Minuten Knutselen @UCx8QCgoOwkWsSrU3zi8iCgA,1.3M,-,Netherlands,,378K,youtube,netherlands,False,2024,NA,NA,,
63,SKILLER @UCFz1irDsvD3_8H-hzk-Fytg,1.3M,0.6%,Netherlands,,375K,youtube,netherlands,False,2024,NA,NA,,
64,TopPop @UCxjzlr0hdKWfIwK2lY0SvEg,1.2M,-,Netherlands,,360K,youtube,netherlands,False,2024,NA,NA,,
65,Seru2112 @UC4yO-RMUqkCWomGyMPlbFQA,1.2M,-,Netherlands,,354K,youtube,netherlands,False,2024,NA,NA,,
66,GameMeneer @UCU0TjDaglN5awRHKY_tThzA,1.2M,-,Netherlands,,354K,youtube,netherlands,False,2024,NA,NA,,
67,محمود انور - Mahmoud Anwar @UC8-NqzmsDdGLboU1Rb-lohg,1.2M,1%,Netherlands,,348K,youtube,netherlands,False,2024,NA,NA,,
68,Future House Music @UCXvSeBDvzmPO05k-0RyB34w,1.2M,-,Netherlands,,345K,youtube,netherlands,False,2024,NA,NA,,
69,Surgical Goblin @UCFaV5im11vfhDs1BaaF9a0A,1.1M,-,Netherlands,,342K,youtube,netherlands,False,2024,NA,NA,,
70,Burak Yeter @UCkCbJ6kruvug_6XOusB1rdQ,1.1M,0.2%,Netherlands,,330K,youtube,netherlands,False,2024,NA,NA,,
71,ПУРУМЧАТА @UCLa2_RAPJhIG88m8SiCDTJA,1.1M,-,Netherlands,,330K,youtube,netherlands,False,2024,NA,NA,,
72,Cinema Of Gaming @UClmNjMqPfpcePn1JdRBq7mw,1.1M,-,Netherlands,,330K,youtube,netherlands,False,2024,NA,NA,,
73,Q-dance @UCAEwCfBRlB3jIY9whEfSP5Q,1.1M,0.5%,Netherlands,,327K,youtube,netherlands,False,2024,NA,NA,,
74,Alexander Studios @UCVwl5YBlImOOJm-fO4mu6pA,1.1M,5.4%,Netherlands,,327K,youtube,netherlands,False,2024,NA,NA,,
75,Hanwe @UCJx1izJJh2GSQnn9Rmh3mAQ,1.1M,0.8%,Netherlands,,324K,youtube,netherlands,False,2024,NA,NA,,
76,Basshall Movement @UCh7p69Sj2hHLU9yavME3ytA,1.1M,-,Netherlands,,321K,youtube,netherlands,False,2024,NA,NA,,
77,Don @UC-XguAp8kn-0tRqm0w2gYNw,1.1M,0.5%,Netherlands,,318K,youtube,netherlands,False,2024,NA,NA,,
78,Boomerang Benelux @UCqndRprQFdjVv2GYxhn1csg,1.1M,-,Netherlands,,315K,youtube,netherlands,False,2024,NA,NA,,
79,Club Baboo @UC4qDWzHgug7clf4-HeGpkpA,1.1M,-,Netherlands,,315K,youtube,netherlands,False,2024,NA,NA,,
80,TOUZANI TV @UCto2NI994eyiEgP2eB3Jwdg,1M,0.8%,Netherlands,,312K,youtube,netherlands,False,2024,NA,NA,,
81,Within Temptation @UCiSQf6v-4cNmbEFdind5z2Q,1M,-,Netherlands,Careers Music Technology,312K,youtube,netherlands,False,2024,Knowledge&Info,MAPPED,,Careers Music Technology
82,Parul Saxena @UCar9OcxIkK_D1z_MVYtpuAg,1M,-,Netherlands,,306K,youtube,netherlands,False,2024,NA,NA,,
83,Hussam & Rula Family @UCJkGN7HSTBr9xKdlmatGo8A,1M,1.9%,Netherlands,,306K,youtube,netherlands,False,2024,NA,NA,,
84,Carol Domingos @UCJM8gctYBuP3rwfL5J-RKnA,1M,0.5%,Netherlands,,306K,youtube,netherlands,False,2024,NA,NA,,
85,youngerdays (the old one) @UC20SdCjoKjR9dEfIMkix11Q,997K,-,Netherlands,,299.1K,youtube,netherlands,False,2024,NA,NA,,
86,Angerfist @UCdluEI4RUCXmIgWyGmt5y9g,984K,1.6%,Netherlands,,295.2K,youtube,netherlands,False,2024,NA,NA,,
87,Hyra @UCU1Ag9C12YZFKY2HpNJr_3Q,981K,1.1%,Netherlands,,294.3K,youtube,netherlands,False,2024,NA,NA,,
88,Furtjuh @UCFEI6mmSQgU7QyiTVpWXOLg,975K,3%,Netherlands,,292.5K,youtube,netherlands,False,2024,NA,NA,,
89,Team DylanHaegens @UChia3khITnCx4Q8d_tvQuKg,942K,-,Netherlands,,282.6K,youtube,netherlands,False,2024,NA,NA,,
90,Trap Club @UCQgLEMc2YMuZ-CFIEZOu8Sw,938K,-,Netherlands,Music,281.4K,youtube,netherlands,False,2024,Music,MAPPED,,Music
91,AFC Ajax @UCGpf7WX7R1one-NwOvg_PbQ,927K,-,Netherlands,,278.1K,youtube,netherlands,False,2024,NA,NA,,
92,SpideyPlanet @UC0AeIM8xtiFAgT_N1inUQxQ,922K,-,Netherlands,Celebrity,276.6K,youtube,netherlands,False,2024,Entertainment,MAPPED,,Celebrity
93,Jesus.net @UCH8oU2QSpVVe2L4hHN3Ft6g,917K,-,Netherlands,,275.1K,youtube,netherlands,False,2024,NA,NA,,
94,Royalistiq @UC6UTBWQJOvtGIjdBcC7WwPw,916K,0.2%,Netherlands,,274.8K,youtube,netherlands,False,2024,NA,NA,,
95,Gab Smolders @gabsmolders,901K,0.4%,Netherlands,,270.3K,youtube,netherlands,False,2024,NA,NA,,
96,Ronald @UCR8epba6yA0nr--0MKWyR7g,893K,0.1%,Netherlands,,267.9K,youtube,netherlands,False,2024,NA,NA,,
97,FunX Gemist @UC_aLZ1XBriFt04ylcWnz3JA,892K,-,Netherlands,,267.6K,youtube,netherlands,False,2024,NA,NA,,
98,Avalon Music @UC3G7GLG-fk95DhiTDJX1SHQ,887K,-,Netherlands,Music,266.1K,youtube,netherlands,False,2024,Music,MAPPED,,Music
99,Matthy @UCyCg8J7mVxgstehrPQZonPw,885K,3%,Netherlands,,265.5K,youtube,netherlands,False,2024,NA,NA,,
100,BOOS @UCc0kHafEIzm6PiqyrsC5lyg,883K,0.9%,Netherlands,,264.9K,youtube,netherlands,False,2024,NA,NA,,
1,Alan Walker @UCJrOtniJ0-NWz37R30urifQ,42.4M,-,Norway,,12.7M,youtube,norway,False,2024,NA,NA,,
2,Soothing Relaxation @UCjzHeG1KWoonmf9d5KBvSiw,10M,-,Norway,Music,3M,youtube,norway,False,2024,Music,MAPPED,,Music
3,AURORA @UCNjHgaLpdy1IMNK57pYiKiQ,4.3M,0.2%,النرويج,,1.3M,youtube,norway,False,2024,NA,NA,,
4,pellekofficial @UCtXuWXsd7TYXwX2ZNLXfojg,3.9M,1%,النرويج,,1.2M,youtube,norway,False,2024,NA,NA,,
5,Dani @UCIabPXjvT5BVTxRDPCBBOOQ,3.4M,14.7%,النرويج,,1M,youtube,norway,False,2024,NA,NA,,
6,Marcus & Martinus @UCRUmSbfoolI9b8iRyrGqFUw,3.3M,0.1%,النرويج,موسيقى,993K,youtube,norway,False,2024,Music,MAPPED,,music
7,Isawi @UCwHagdbGVi-B-DSBFMgiIkA,2.8M,-,النرويج,,849K,youtube,norway,False,2024,NA,NA,,
8,K-391 @UC1XoTfl_ctHKoEbe64yUC_g,2.5M,-,النرويج,,735K,youtube,norway,False,2024,NA,NA,,
9,discovery plus Norge @UCYM3pKj9tFQOXc2XcJmj8Vg,2.1M,-,النرويج,,633K,youtube,norway,False,2024,NA,NA,,
10,MrSavage @UCmwRAiAX6NDvlboBfZKr9hQ,2M,0.3%,النرويج,,594K,youtube,norway,False,2024,NA,NA,,
11,Being Artistic @UC0E_jcP7H5Wi1ZYJ82G-RWg,1.5M,-,النرويج,,462K,youtube,norway,False,2024,NA,NA,,
12,Nerdforge @UCggHsHce2n3vvbJf_8YKrMA,1.5M,4%,النرويج,,453K,youtube,norway,False,2024,NA,NA,,
13,apetor @UCHnK83dqyPvFo6GX0rCwn8A,1.4M,6.6%,النرويج,,411K,youtube,norway,False,2024,NA,NA,,
14,Dani2 @UCzmtKpQQyZ-9ZNY_bbFtVHw,1.2M,6.5%,النرويج,,369K,youtube,norway,False,2024,NA,NA,,
15,AlexanderRybakVideo @UC_KZSgBFgavi5JqxQ1XhT_w,1.2M,0.3%,النرويج,,366K,youtube,norway,False,2024,NA,NA,,
16,BEAMNG MADNESS @UCO7SyepWR3VTyHwByla3o_w,1.1M,-,النرويج,,330K,youtube,norway,False,2024,NA,NA,,
17,Isawi GG @UCkuo8lwclhlj0l1LHscGiPw,1M,-,النرويج,,312K,youtube,norway,False,2024,NA,NA,,
18,Tempex @UCT8BC740tRFcnQLNtjLI-LA,1M,-,النرويج,,312K,youtube,norway,False,2024,NA,NA,,
19,Simplicity @UCBBj-A2EqL5pNApsLhoeM6w,1M,-,النرويج,,303K,youtube,norway,False,2024,NA,NA,,
20,ZenLifeRelax @UCcqmIur-b51hdIByTPIfifw,992K,-,النرويج,,297.6K,youtube,norway,False,2024,NA,NA,,
21,Astrid S @UCRWkUp26A4TFJQrjhkn-Vuw,991K,0.9%,النرويج,,297.3K,youtube,norway,False,2024,NA,NA,,
22,Qalandar Production @UCmpWJIVtSVnopLNa1WLpI2Q,988K,2.9%,النرويج,مشهور,296.4K,youtube,norway,False,2024,Entertainment,MAPPED,,famous
23,THAIBEATS @UC9J9cI0Us_zUkpcUJxIMlew,984K,-,النرويج,,295.2K,youtube,norway,False,2024,NA,NA,,
24,NRK P3 @UCPYnnGAmiaEngtWmZNNShmA,983K,-,النرويج,,294.9K,youtube,norway,False,2024,NA,NA,,
25,Wirtual @UCt-HTfaCUz8QIoknqyXKYiw,969K,8%,النرويج,ألعاب فيديو,290.7K,youtube,norway,False,2024,Tech&Gaming,MAPPED,,Video Games
26,kazzaz @UC8fX_3UE-5fV_3NNeWDQtzQ,947K,-,النرويج,,284.1K,youtube,norway,False,2024,NA,NA,,
27,TS Knowledge TV @UCueea2VsoYKqOYdhIb94eRw,914K,-,النرويج,,274.2K,youtube,norway,False,2024,NA,NA,,
28,Magnus Carlsen @UCbdcpQ5uPPymv7Ea0nnFfOw,794K,-,النرويج,,238.2K,youtube,norway,False,2024,NA,NA,,
29,Box Yourself @UC2mc6Z1HK2C1gaWbm-9n8Ww,768K,-,النرويج,,230.4K,youtube,norway,False,2024,NA,NA,,
30,Miss DeepShine @UC8KCGnqoW1SXM00dwEHCPIw,747K,-,النرويج,موسيقى,224.1K,youtube,norway,False,2024,Music,MAPPED,,music
31,أحمد علاو ahmad elaw @UCPP4_QCiYh6R4-75qRYaWdg,716K,0.2%,النرويج,,214.8K,youtube,norway,False,2024,NA,NA,,
32,Dunkee @UCykjD0W8hCQbuO7mEHPgw-A,698K,16.5%,النرويج,,209.4K,youtube,norway,False,2024,NA,NA,,
33,Thaís Chagas @UCxYqdYKUNyuKt2pJMIt4P7g,673K,1.6%,النرويج,,201.9K,youtube,norway,False,2024,NA,NA,,
34,ShibeNation @UC-xjitW_J39_Q1ure2HlJew,662K,0.2%,النرويج,,198.6K,youtube,norway,False,2024,NA,NA,,
35,wardruna @UCoK2X3nnuG7ug-Kk75r5rJQ,628K,4.7%,النرويج,موسيقى,188.4K,youtube,norway,False,2024,Music,MAPPED,,music
36,affectaed @UCDxtUPOEpEODr9WMBiJHGXA,625K,30.3%,النرويج,,187.5K,youtube,norway,False,2024,NA,NA,,
37,Ethereal Music @UCxEYzhzrCu3k6Ur2eX_fYNg,600K,-,النرويج,,180K,youtube,norway,False,2024,NA,NA,,
38,MarioZenium @UCtyokkUwxwy0ef1f6TLYFLA,597K,-,النرويج,,179.1K,youtube,norway,False,2024,NA,NA,,
39,2SANDER7 @UCPKygO_jZ0eITGwO9mSV-Og,586K,-,النرويج,,175.8K,youtube,norway,False,2024,NA,NA,,
40,Shadhin @UCKV6KUmS1swPZ2t-BhDFqZw,577K,-,النرويج,,173.1K,youtube,norway,False,2024,NA,NA,,
41,Asbjorn Olsen-Berg Bushcraft @UC7IrzlbcylADmO_TGrWhLJw,569K,2.1%,النرويج,,170.7K,youtube,norway,False,2024,NA,NA,,
42,ZNac @UCrK7Hn84N6nPuq3tRl3xb_g,559K,0.4%,النرويج,,167.7K,youtube,norway,False,2024,NA,NA,,
43,elena864 @UCRO1c-YgC9Yb0FGr3ORODwg,555K,-,النرويج,,166.5K,youtube,norway,False,2024,NA,NA,,
44,Bjorn Andreas Bull-Hansen @UC95m7aBYo7wgNCoHb1ojQYw,529K,0.9%,النرويج,,158.7K,youtube,norway,False,2024,NA,NA,,
45,Back Guy @UCwlxDWqcPnozHVQMzTeg4SQ,507K,-,النرويج,,152.1K,youtube,norway,False,2024,NA,NA,,
46,Sardor Domla @sardordomla,506K,-,النرويج,,151.8K,youtube,norway,False,2024,NA,NA,,
47,Cecilia Blomdahl @UCnFhQlaQIqs6vw_mmG0bRww,506K,-,النرويج,,151.8K,youtube,norway,False,2024,NA,NA,,
48,Mellow @UC0paWv2Ylkz32P-WCGARDLg,501K,0.2%,النرويج,,150.3K,youtube,norway,False,2024,NA,NA,,
49,Vexento @UCYZ9rknEmE4R1J_HBJ2yBlQ,484K,0.8%,النرويج,موسيقى,145.2K,youtube,norway,False,2024,Music,MAPPED,,music
50,Gopher @UC1CSCMwaDubQ4rcYCpX40Eg,483K,0.1%,النرويج,ألعاب فيديو,144.9K,youtube,norway,False,2024,Tech&Gaming,MAPPED,,Video Games
51,Sunny @UCTninj9qwE4VFT6yiJ_j3NA,469K,-,النرويج,,140.7K,youtube,norway,False,2024,NA,NA,,
52,Polyfjord @UC1MmrnDaPnNa55twYBiH4NA,461K,1.2%,النرويج,,138.3K,youtube,norway,False,2024,NA,NA,,
53,Anton S Live @UCpQWh9JggVV9ZKz7IWrHAEA,458K,-,النرويج,,137.4K,youtube,norway,False,2024,NA,NA,,
54,RailCowGirl @UCj-Xm8j6WBgKY8OG7s9r2vQ,457K,-,النرويج,,137.1K,youtube,norway,False,2024,NA,NA,,
55,Boomerang Norge @UC86A9CDwx_4aqFMJPOd_n_Q,442K,-,النرويج,,132.6K,youtube,norway,False,2024,NA,NA,,
56,Emma Ellingsen @UCpdmlPZMeDCqhGqzM4Zd1ww,431K,1.3%,النرويج,,129.3K,youtube,norway,False,2024,NA,NA,,
57,Dagbladet @UCk5pvsyZJoYJBd7_oFPTlRQ,426K,-,النرويج,,127.8K,youtube,norway,False,2024,NA,NA,,
58,Alternate @UCDL-lqf51afYoUldSvZMTOA,415K,0.4%,النرويج,,124.5K,youtube,norway,False,2024,NA,NA,,
59,Madcon official @UCV94szan7U2Ug8qJAdHjC5w,413K,0.2%,النرويج,,123.9K,youtube,norway,False,2024,NA,NA,,
60,Spirit Tribe Awakening @UC961ko9mCxvoHaeMUJb4Lfg,408K,-,النرويج,,122.4K,youtube,norway,False,2024,NA,NA,,
61,Milkgore @UCY0-fBwD72-W4w3MisVCVFQ,404K,1.1%,النرويج,,121.2K,youtube,norway,False,2024,NA,NA,,
62,Garaad TV @UCaxDl0VZHy_JxrJ1Q0D2dVA,395K,-,النرويج,,118.5K,youtube,norway,False,2024,NA,NA,,
63,Qulasada Filimada @UC-o9P-KzoA7oDIcHq7WUNbw,394K,1.4%,النرويج,,118.2K,youtube,norway,False,2024,NA,NA,,
64,Mobile Arcade @UChHZWnj7E6EzQPhlp62U2Gw,389K,-,النرويج,,116.7K,youtube,norway,False,2024,NA,NA,,
65,Linko @UCm5VWa6hIDW88dDo-bmnZxQ,377K,0.9%,النرويج,,113.1K,youtube,norway,False,2024,NA,NA,,
66,LemaitreMusic @UCux_hBqKE0nh7xLbWsYARHw,372K,0.1%,النرويج,,111.6K,youtube,norway,False,2024,NA,NA,,
67,ZourChip @UCyQ0PYhw4G-lF7EKMbwsw3g,371K,-,النرويج,,111.3K,youtube,norway,False,2024,NA,NA,,
68,Alexandre Chappel @UCe1Aj6VEO299Yq4WkXdoD3Q,368K,-,النرويج,,110.4K,youtube,norway,False,2024,NA,NA,,
69,boy pablo @UCeA2KEyAm5WOG-cLD8jEYfw,367K,1.4%,النرويج,,110.1K,youtube,norway,False,2024,NA,NA,,
70,Nordavind @UCs3YoWL4OH1wJrrIsf6juzA,358K,-,النرويج,,107.4K,youtube,norway,False,2024,NA,NA,,
71,شكو ماكو مع حسن السعيدي Shaku Mako @UCXgznj1dzO37qdjFts6la0Q,358K,-,النرويج,,107.4K,youtube,norway,False,2024,NA,NA,,
72,Skavlan @UCHkapYFq5ev4PDAxZQ_PF9Q,355K,-,النرويج,,106.5K,youtube,norway,False,2024,NA,NA,,
73,Andyax @UCSP7E88uFuHASIJLDjAhyKg,340K,0.3%,النرويج,,102K,youtube,norway,False,2024,NA,NA,,
74,Peder B. Helland @UCIIzc3b8U0_vtVScDEyFGew,337K,0.1%,النرويج,موسيقى,101.1K,youtube,norway,False,2024,Music,MAPPED,,music
75,Jigjiga Tube @UCzgxEL622oq1hiVJZk5RbuQ,332K,-,النرويج,,99.6K,youtube,norway,False,2024,NA,NA,,
76,Islam Net @UC0o4-48gQsavA3-Lr8ksYqQ,330K,-,النرويج,,99K,youtube,norway,False,2024,NA,NA,,
77,Tropo Calming @UCDEh0PTwra8pRsuWSOy6gPQ,326K,-,النرويج,,97.8K,youtube,norway,False,2024,NA,NA,,
78,TV 2 @UCTQJ4_K6Y-CE3XttBXyvGbA,316K,-,النرويج,,94.8K,youtube,norway,False,2024,NA,NA,,
79,Viprin @UCUwapObI2gw2Tovu5oj-wng,308K,0.3%,النرويج,,92.4K,youtube,norway,False,2024,NA,NA,,
80,Lie Likes Music @UCgIlmfJhLLBwTYvL4r-2hhg,307K,1.1%,النرويج,موسيقى,92.1K,youtube,norway,False,2024,Music,MAPPED,,music
81,Abdihaliim Ali @abdihaliimali,301K,3.3%,النرويج,,90.3K,youtube,norway,False,2024,NA,NA,,
82,marrentm @UCz-yphxH7msdBf4cc29zasg,293K,-,النرويج,,87.9K,youtube,norway,False,2024,NA,NA,,
83,Nature Healing Society @UCPjn3YLQ_idrJT-eYvlR5bg,287K,-,النرويج,,86.1K,youtube,norway,False,2024,NA,NA,,
84,CityGlobeTour @UCSzTToGCOECsgTPjQ9BL6rg,284K,-,النرويج,,85.2K,youtube,norway,False,2024,NA,NA,,
85,Anton S @UCF1aTvgB53z-vkuu5LD-dKw,263K,-,النرويج,,78.9K,youtube,norway,False,2024,NA,NA,,
86,RagnarRox @UCFg9-S0cfu3UvBYuSNFT9hQ,261K,2.6%,النرويج,,78.3K,youtube,norway,False,2024,NA,NA,,
87,The History of the World @UC6xWLK_eSPw5Kk-zlkC8KwA,258K,23.2%,النرويج,,77.4K,youtube,norway,False,2024,NA,NA,,
88,Arch @UChS9wazLlTUHSTeKVG39hZw,253K,1.7%,النرويج,,75.9K,youtube,norway,False,2024,NA,NA,,
89,Kovu Kingsrod @UCYkXsiSerUoIqayxAgrcowQ,250K,-,النرويج,,75K,youtube,norway,False,2024,NA,NA,,
90,ЦИРК НА КОЛЕСАХ @UCp6a5V_a3uhxEkIT_QJ6Maw,249K,1.5%,النرويج,,74.7K,youtube,norway,False,2024,NA,NA,,
91,unsorted guy @UCJ3wC_LyLPOrwhLpBu6KtnA,239K,-,النرويج,,71.7K,youtube,norway,False,2024,NA,NA,,
92,Rude Boy @UCjI9EgQ0pPi-Z1R1J5qmQiQ,239K,0.3%,النرويج,,71.7K,youtube,norway,False,2024,NA,NA,,
93,SpartanGirls @UCxQLh_TJvRNYXk4oyG85LnQ,238K,-,النرويج,,71.4K,youtube,norway,False,2024,NA,NA,,
94,Violin Noobie @UCMGf-4TZDqNG97yqY5WPTCA,236K,-,النرويج,,70.8K,youtube,norway,False,2024,NA,NA,,
95,Solfrid ASMR @UCYiDenIXRDeLoPcJDInEgSA,231K,-,النرويج,,69.3K,youtube,norway,False,2024,NA,NA,,
96,Personal Power - Sleep Serenity & Meditation @UCz08eyb3Noqa6yC0z2bWENw,229K,-,النرويج,,68.7K,youtube,norway,False,2024,NA,NA,,
97,Animated Stats @UCLwluonD3CuhTaVLlmSQ-VQ,229K,0.2%,النرويج,,68.7K,youtube,norway,False,2024,NA,NA,,
98,Andreas Hem @UCkCTEg2Fq-_E6phK3iwu1Bw,228K,-,النرويج,,68.4K,youtube,norway,False,2024,NA,NA,,
99,skillNshoot @UCW0dwMG5Ky9CaKlNHxEvRBg,227K,-,النرويج,,68.1K,youtube,norway,False,2024,NA,NA,,
100,Nordern @UCX2I5pSP-b-iD8sPGiCO1dA,221K,-,النرويج,,66.3K,youtube,norway,False,2024,NA,NA,,
1,HAR PAL GEO @UCe9JSDmyqNgA_l2BzGHq1Ug,31.1M,-,Pakistan,,9.3M,youtube,pakistan,False,2024,NA,NA,,
2,HUM TV @UCEeEQxm6qc_qaTE7qTV5aLQ,25M,-,Pakistan,,7.5M,youtube,pakistan,False,2024,NA,NA,,
3,Islamic Teacher Official @UC1XrhzT6FGdc9eAso7Kv3CQ,8M,-,Pakistan,Education News,2.4M,youtube,pakistan,False,2024,Knowledge&Info,MAPPED,,Education News
4,UrduPoint.com @UC8SUpGjRdTSqIBuOfmWp3rg,7.2M,-,Pakistan,,2.2M,youtube,pakistan,False,2024,NA,NA,,
5,Tariq Jamil @UCct5L-DaVYK8UtmqGU8gJtw,6.9M,-,Pakistan,,2.1M,youtube,pakistan,False,2024,NA,NA,,
6,Hukam Ali @UCk97k0azNvanpvrLBm1ShfQ,6.2M,-,Pakistan,Celebrity Music,1.9M,youtube,pakistan,False,2024,Music,MAPPED,,Celebrity Music
7,Mehrban Ali @UCl1naPZOHU69BDS1P03PxXw,6.2M,-,Pakistan,,1.8M,youtube,pakistan,False,2024,NA,NA,,
8,Dunya News @UCnMBV5Iw4WqKILKue1nP6Hg,5.9M,-,Pakistan,,1.8M,youtube,pakistan,False,2024,NA,NA,,
9,Pyaar Lafzon Mein Kahan @UCSZCTqWb3uP7ozMaZnYOA-A,5.9M,-,Pakistan,,1.8M,youtube,pakistan,False,2024,NA,NA,,
10,Talk Shows Central @UC25Ntv5IrTD-B0eZ92O50Tg,5.6M,-,Pakistan,,1.7M,youtube,pakistan,False,2024,NA,NA,,
11,Random Hands @UCrI3dm4qgAEV67Jc6797WIA,5.4M,0.8%,Pakistan,,1.6M,youtube,pakistan,False,2024,NA,NA,,
12,Salman Noman @UCXTyWqKtLLzaom6XwaJu7xw,5.3M,-,Pakistan,,1.6M,youtube,pakistan,False,2024,NA,NA,,
13,BOL News @UCz2yxQJZgiB_5elTzqV7FiQ,4.9M,-,Pakistan,News Celebrity,1.5M,youtube,pakistan,False,2024,Knowledge&Info,MAPPED,,News Celebrity
14,BOL Network @UCV6-CUNsfe2-STYfYkd7bBQ,4.8M,-,Pakistan,Celebrity News Video Gaming,1.5M,youtube,pakistan,False,2024,Knowledge&Info,MAPPED,,Celebrity News Video Gaming
15,A Plus Entertainment @UCdmkPG3FG48A27-PrD-lC8A,4.7M,-,Pakistan,,1.4M,youtube,pakistan,False,2024,NA,NA,,
16,92 News HD @UCsgC5cbz3DE2Shh34gNKiog,4.6M,-,Pakistan,News Celebrity Sports Technology,1.4M,youtube,pakistan,False,2024,Sports,MAPPED,,News Celebrity Sports Technology
17,Top Pakistani Dramas @UCQ5a6t32eTalvd-n2jQN1QQ,4.6M,-,Pakistan,,1.4M,youtube,pakistan,False,2024,NA,NA,,
18,Ducky Bhai @UC_c-RTowPbIlzMkIa_O7s6Q,4.4M,-,Pakistan,,1.3M,youtube,pakistan,False,2024,NA,NA,,
19,Haqeeqat TV @UCR6yfDK_u5EXby7CnG9-rYw,4.4M,-,Pakistan,,1.3M,youtube,pakistan,False,2024,NA,NA,,
20,Kitchen with Amna @UCQ2P7C8UGoVM6AhqsVx-M0Q,4.3M,-,Pakistan,,1.3M,youtube,pakistan,False,2024,NA,NA,,
21,Hafiz Tahir Qadri @UCbbgJ-EH05HwinbdVawQj6g,4.3M,-,Pakistan,,1.3M,youtube,pakistan,False,2024,NA,NA,,
22,Food Fusion @UCuqBZWK9Wrol_4Y22DzisFQ,4.1M,-,Pakistan,Food and Drink,1.2M,youtube,pakistan,False,2024,Lifestyle,MAPPED,,Food and Drink
23,The Urdu Teacher @UCbEW8ye_j0HuPFXyiYyQnLg,4.1M,-,Pakistan,,1.2M,youtube,pakistan,False,2024,NA,NA,,
24,Peep Peep @UCbVY7uuLVv_b8W8Bxu08aSQ,4.1M,-,Pakistan,,1.2M,youtube,pakistan,False,2024,NA,NA,,
25,Pakistan Super League @UCpNzXJ5jpcJojC5mHQvGA8w,4M,-,Pakistan,,1.2M,youtube,pakistan,False,2024,NA,NA,,
26,Islam Advisor @UCL_IDeoFWp6VXyMx9hmrHpQ,3.9M,-,Pakistan,,1.2M,youtube,pakistan,False,2024,NA,NA,,
27,Pakistan Cricket @UCiWrjBhlICf_L_RK5y6Vrxw,3.8M,-,Pakistan,,1.1M,youtube,pakistan,False,2024,NA,NA,,
28,Memoona Muslima @UCImwHhOJFGuWknG0zqlzSzw,3.8M,-,Pakistan,Beauty,1.1M,youtube,pakistan,False,2024,Beauty&Fashion,MAPPED,,Beauty
29,Best Pakistani Dramas @UCyFbHB68DazkUxdq2WvPDfQ,3.7M,-,Pakistan,,1.1M,youtube,pakistan,False,2024,NA,NA,,
30,Village Food Secrets @UCQexaAjPn3-1MCE4DmBK3Tg,3.7M,0.2%,Pakistan,,1.1M,youtube,pakistan,False,2024,NA,NA,,
31,Dilkash Beauty @UCV-zFVygK6QZT0mHcGRaXfQ,3.6M,-,Pakistan,Beauty,1.1M,youtube,pakistan,False,2024,Beauty&Fashion,MAPPED,,Beauty
32,BaBa Food RRC @UCnGeD5ayRbMykUT1J0ZNF5A,3.6M,-,Pakistan,,1.1M,youtube,pakistan,False,2024,NA,NA,,
33,Rohail Voice @UCUtYidq68LZ9z6CZpDrfrpg,3.5M,-,Pakistan,,1.1M,youtube,pakistan,False,2024,NA,NA,,
34,Voice Daily @UC4LAx5D1RQ1jIpqzdtvxmtg,3.5M,-,Pakistan,,1.1M,youtube,pakistan,False,2024,NA,NA,,
35,Unisys Music @UC6skOpWzyqC5AOTpg8V7Bow,3.5M,-,Pakistan,,1M,youtube,pakistan,False,2024,NA,NA,,
36,Qasim Ali Shah @UCn68MHKSGluDcSQbABxW4EQ,3.4M,-,Pakistan,Fashion,1M,youtube,pakistan,False,2024,Beauty&Fashion,MAPPED,,Fashion
37,Shaheen Studio @UCiBddCIK2u6P792FVnh3otw,3.3M,-,Pakistan,,981K,youtube,pakistan,False,2024,NA,NA,,
38,Daily Pakistan Global @UCtTGbJC72sakYRXiLiV5rzQ,3.3M,-,Pakistan,,981K,youtube,pakistan,False,2024,NA,NA,,
39,Express News @UCTur7oM6mLL0rM2k0znuZpQ,3.2M,-,Pakistan,News,969K,youtube,pakistan,False,2024,Knowledge&Info,MAPPED,,News
40,Allah Ki Qudrat @UCiDtSBuOaq6izf-4zb0vf-w,3.2M,-,Pakistan,,954K,youtube,pakistan,False,2024,NA,NA,,
41,Bao Rami Status @UCrx9h2iLvFzB0WuuGYRUT3A,3M,-,Pakistan,,906K,youtube,pakistan,False,2024,NA,NA,,
42,Malumat Tube Official @UCfvl-1CHKqGN6wWdAYHVt_Q,3M,-,Pakistan,,900K,youtube,pakistan,False,2024,NA,NA,,
43,Urdu Mag @UCaQafYWgEy1qSIQnvY3f84w,2.9M,-,Pakistan,,873K,youtube,pakistan,False,2024,NA,NA,,
44,HUM SAB @UCuS-2oEPKHwAWevROc_v2nA,2.9M,-,Pakistan,,858K,youtube,pakistan,False,2024,NA,NA,,
45,Dumb TV @UCogqPGrVifhSNRh0el3kEMg,2.9M,0.2%,Pakistan,,855K,youtube,pakistan,False,2024,NA,NA,,
46,Atif Aslam @UCF4uIIqbIy05Cmzx3rRt_8g,2.8M,0.2%,Pakistan,,843K,youtube,pakistan,False,2024,NA,NA,,
47,Naya Pakistan @UCKJmzY163_v2ZpxxgtgA0Pw,2.8M,-,Pakistan,,831K,youtube,pakistan,False,2024,NA,NA,,
48,Maaz Safder World @maazsafderworld,2.6M,2.6%,Pakistan,,777K,youtube,pakistan,False,2024,NA,NA,,
49,Urdu Cover @UC5ZAU-hc5NOeuXUcb4gyqcQ,2.6M,-,Pakistan,,765K,youtube,pakistan,False,2024,NA,NA,,
50,Desi Health TV @UCnp2fm6-eVXNqA37zvQFWwA,2.5M,-,Pakistan,Food and Drink,756K,youtube,pakistan,False,2024,Lifestyle,MAPPED,,Food and Drink
51,Ask Muslim Teacher @UCsFx7C__hXEhQCTrqyyfMNg,2.5M,-,Pakistan,,741K,youtube,pakistan,False,2024,NA,NA,,
52,That Was Crazy @UC3b6fFeoaWrf_tYR8nJMBFQ,2.4M,-,Pakistan,,729K,youtube,pakistan,False,2024,NA,NA,,
53,Healthsubzwari @UCHWP2qhQ_9bGrIp56F7XFOQ,2.4M,-,Pakistan,,729K,youtube,pakistan,False,2024,NA,NA,,
54,Daily URDU Update @UCZmKMrH3gwndXLF1z6GDMEA,2.4M,-,Pakistan,,720K,youtube,pakistan,False,2024,NA,NA,,
55,Reality Tv @UCnm1OOV8ufB-yC7TYsARodg,2.4M,0.2%,Pakistan,,717K,youtube,pakistan,False,2024,NA,NA,,
56,Aisha Health With Beauty @UCT9B6B1ESokiAH9FubKxqmQ,2.4M,-,Pakistan,,714K,youtube,pakistan,False,2024,NA,NA,,
57,VideoWaliSarkar @videowalisarkar1,2.4M,0.3%,Pakistan,Technology,711K,youtube,pakistan,False,2024,Tech&Gaming,MAPPED,,Technology
58,Sar e Aam @UCGU6Sw4NDKH3nO10vUfK0JQ,2.4M,-,Pakistan,,708K,youtube,pakistan,False,2024,NA,NA,,
59,Urdu Lab @UCVNbJAoA9zBg-VhXz92at8w,2.3M,-,Pakistan,,699K,youtube,pakistan,False,2024,NA,NA,,
60,Merium Pervaiz @UCANusfysqkOall5M4_P-xLQ,2.3M,0.5%,Pakistan,,693K,youtube,pakistan,False,2024,NA,NA,,
61,RKG ARMY @UCm5DZc8fB7_iSZ-jWXp67bA,2.3M,-,Pakistan,,690K,youtube,pakistan,False,2024,NA,NA,,
62,Qari Muhammad Ilyas @UCq68-yXEYvXV-FuxJRTNfJw,2.3M,-,Pakistan,,690K,youtube,pakistan,False,2024,NA,NA,,
63,Quran Aur Hadees @UCoTrwmBH6Q-5mH6C_J1rFxw,2.3M,-,Pakistan,,690K,youtube,pakistan,False,2024,NA,NA,,
64,Asif Ali TV @UC5-EcOxrepyI2z9oEW-Friw,2.3M,-,Pakistan,,684K,youtube,pakistan,False,2024,NA,NA,,
65,KHOJI TV @UCNZ-ZdWIRFM88Fxvlpug73A,2.3M,-,Pakistan,,684K,youtube,pakistan,False,2024,NA,NA,,
66,Crazy Prank TV @UC0p0-50FlBoGwqzIwKIeFcw,2.3M,-,Pakistan,,684K,youtube,pakistan,False,2024,NA,NA,,
67,Asad Ali TV @UCqhQRA_Y8Lyu5BYnFOpvtAQ,2.3M,-,Pakistan,,681K,youtube,pakistan,False,2024,NA,NA,,
68,Kitchen With mehnaz Abid @UCZp95XL_tLEBBXjYP23ob1w,2.2M,-,Pakistan,,663K,youtube,pakistan,False,2024,NA,NA,,
69,ilmkidunya @UCplMtixZJ6pRcrMogBSYvuQ,2.2M,-,Pakistan,,660K,youtube,pakistan,False,2024,NA,NA,,
70,Peoplive @UCmxceJhlGVYtDexNDGC8POw,2.2M,-,Pakistan,,654K,youtube,pakistan,False,2024,NA,NA,,
71,Just Mehndi @UC8NUJO5ndZIkPzVzV62Nx-A,2.2M,-,Pakistan,,651K,youtube,pakistan,False,2024,NA,NA,,
72,GNN @UC35KuZBNIj4S5Ls0yjY-UHQ,2.2M,-,Pakistan,,645K,youtube,pakistan,False,2024,NA,NA,,
73,Pak Tv24 @UC_ccpE1W9pgWFJnYrc11WKQ,2.1M,-,Pakistan,News,642K,youtube,pakistan,False,2024,Knowledge&Info,MAPPED,,News
74,Express TV @UCU1r97baEf3JJI5fY6NtMpA,2.1M,-,Pakistan,Celebrity Television,636K,youtube,pakistan,False,2024,Entertainment,MAPPED,,Celebrity Television
75,Dekho Suno Jano @UChOzmkBxTHbZNZdiiYolWoA,2.1M,0.3%,Pakistan,,633K,youtube,pakistan,False,2024,NA,NA,,
76,Public News @UCElJZvY_RVra6qjD8WSQYog,2.1M,-,Pakistan,News,618K,youtube,pakistan,False,2024,Knowledge&Info,MAPPED,,News
77,Bulbulay @UC_UshQ19ISxViEhO_lbV1ig,2M,-,Pakistan,Celebrity,612K,youtube,pakistan,False,2024,Entertainment,MAPPED,,Celebrity
78,Mubasher Lucman Official @UCslugpmYWJiZK5rbvtcaV7Q,2M,0.1%,Pakistan,,603K,youtube,pakistan,False,2024,NA,NA,,
79,BSports Pakistan @UCeK21VZQ8i7dTSkDEqjRxPw,2M,-,Pakistan,,594K,youtube,pakistan,False,2024,NA,NA,,
80,ARY Qtv @UCE2oY4S4wOu6WofU2YbfWsw,2M,-,Pakistan,,585K,youtube,pakistan,False,2024,NA,NA,,
81,wasleyaar FR @UCXM7SnDAdJNXzHL66fZ3R1Q,1.9M,-,Pakistan,,582K,youtube,pakistan,False,2024,NA,NA,,
82,PB Studio Music @UCAhvLrpJPXBQVFRSyVBxhXw,1.9M,0.1%,Pakistan,,576K,youtube,pakistan,False,2024,NA,NA,,
83,GFXMentor @UCP3AIk974-PeB9bg1Mc7wug,1.9M,0.2%,Pakistan,,573K,youtube,pakistan,False,2024,NA,NA,,
84,Vidly @UCkvPHvcNlWzHEu_z5RKAeEA,1.9M,-,Pakistan,Music,573K,youtube,pakistan,False,2024,Music,MAPPED,,Music
85,Lahore News HD @UC0CbUVRC1d1RvunYbp3w2qQ,1.9M,-,Pakistan,,570K,youtube,pakistan,False,2024,NA,NA,,
86,Islamic Releases @UCD0WysHED1NfXUk3vedtRhQ,1.9M,-,Pakistan,,567K,youtube,pakistan,False,2024,NA,NA,,
87,You Tv HD @UCHv27RsYzC1rEVGDDTmG0-A,1.9M,-,Pakistan,,564K,youtube,pakistan,False,2024,NA,NA,,
88,Zama Voice @UCtiBNhuJSJwn9oCjZtzRaAg,1.9M,-,Pakistan,,564K,youtube,pakistan,False,2024,NA,NA,,
89,Ali Zafar @UC7A0P8INcRIbhgFQ1v46Uyg,1.8M,-,Pakistan,,552K,youtube,pakistan,False,2024,NA,NA,,
90,Neo Tv Network - Official @UCAsvFcpUQegneSh0QAUd64A,1.8M,-,Pakistan,News,549K,youtube,pakistan,False,2024,Knowledge&Info,MAPPED,,News
91,HASI TV @UCNRFc1nzodDjxveVWVwDfbw,1.8M,-,Pakistan,,549K,youtube,pakistan,False,2024,NA,NA,,
92,Majid Hussain @UCrylNZ96YFuKx1TJHqY261g,1.8M,-,Pakistan,Marketing and Advertising Education,549K,youtube,pakistan,False,2024,Knowledge&Info,MAPPED,,Marketing and Advertising Education
93,knowldge Factory @UCjkhOxy500BOy3KdM7QULgw,1.8M,-,Pakistan,,543K,youtube,pakistan,False,2024,NA,NA,,
94,Ubqari @UCPBZiFeffpuBP9RpjPU2UPg,1.8M,-,Pakistan,,543K,youtube,pakistan,False,2024,NA,NA,,
95,SYF Studio 7 @UCKW2oCbkZg12JZPSzlarR3g,1.8M,-,Pakistan,,540K,youtube,pakistan,False,2024,NA,NA,,
96,Dr. Bilquis Shaikh @UCdfGpfNbQkxsF-1hYe3s_Ow,1.8M,-,Pakistan,,534K,youtube,pakistan,False,2024,NA,NA,,
97,Kids Land @UCZMKZS3L9GfhcFkMyBRoVFg,1.8M,-,Pakistan,,531K,youtube,pakistan,False,2024,NA,NA,,
98,PopBox @UCh06REDUn42lJcKSa6kXGLQ,1.8M,-,Pakistan,,525K,youtube,pakistan,False,2024,NA,NA,,
99,Sistrology @UCbOWx-D1d0-CiP9wc-cH93Q,1.7M,1.7%,Pakistan,,522K,youtube,pakistan,False,2024,NA,NA,,
100,Purisrar Dunya @UCf6iILLifXIYAnT1ByHRXww,1.7M,-,Pakistan,,522K,youtube,pakistan,False,2024,NA,NA,,
1,Mimonona Stories @UCXc5x7W5pwn-xz2g2nGTDQQ,7M,-,Panama,,2.1M,youtube,panama,False,2024,NA,NA,,
2,WindyGirkTV @UCnAPC3MYciLYIpu5m8x-a3A,3.4M,-,Panama,,1M,youtube,panama,False,2024,NA,NA,,
3,panamamusic @UCtD0-H8t7Fh97Q7y-pXG3sQ,1.9M,-,Panama,,564K,youtube,panama,False,2024,NA,NA,,
4,Ideas y Manualidades @UCmrif0tPA90NvGZCv_FnhTQ,1.8M,-,Panama,,531K,youtube,panama,False,2024,NA,NA,,
5,Mgascon @UCehKFyuaU-z-_I0To2_ANjg,1.8M,1.7%,Panama,,525K,youtube,panama,False,2024,NA,NA,,
6,Parecen Noticias Extra @UCr9xpZl2qNsZiv2acatQVvg,1.7M,-,Panama,,507K,youtube,panama,False,2024,NA,NA,,
7,Javi Ghan @UChW2uNPprKZEw-3L0yPbl_g,1.6M,-,Panama,,483K,youtube,panama,False,2024,NA,NA,,
8,La Chama @UC1TAhRcqw4Qyxt2Ab8tgpwA,1.5M,-,Panama,,438K,youtube,panama,False,2024,NA,NA,,
9,TP Resurrection @UC7bB2twFWCiFWNOfj2Xb06g,1.4M,0.1%,Panama,,414K,youtube,panama,False,2024,NA,NA,,
10,Giova @UCbMAfL0TzvWjrGPKsSj6HdA,1.2M,0.3%,Panama,,369K,youtube,panama,False,2024,NA,NA,,
11,ByLiaN @UCJHEXNnX6Yn1tqo7_CKO68Q,1.1M,0.5%,Panama,,327K,youtube,panama,False,2024,NA,NA,,
12,JasperDev @UCZMfh_hkI_IprkYpyRI-Aog,1.1M,-,Panama,,324K,youtube,panama,False,2024,NA,NA,,
13,Boza Oficial @UC8ebER2BnZCsocCWJc47RUA,950K,0.9%,Panama,,285K,youtube,panama,False,2024,NA,NA,,
14,ElisBethM @UC6-YfCJqoiblUunqFjZMD1A,814K,0.2%,Panama,,244.2K,youtube,panama,False,2024,NA,NA,,
15,Xsequias @UCUL1dW-nv-75a4aWGRcAzIg,772K,-,Panama,,231.6K,youtube,panama,False,2024,NA,NA,,
16,José Peláez @UCAQc0WboiyFnfoA_sj0KjSg,616K,-,Panama,,184.8K,youtube,panama,False,2024,NA,NA,,
17,SMARTpro Academy @UCqtA50lNwtNAg6S0UkI5bxw,540K,0.2%,Panama,,162K,youtube,panama,False,2024,NA,NA,,
18,Fani_crochet @UCD1Ws5xxya9xkyWfLVi88XA,528K,-,Panama,,158.4K,youtube,panama,False,2024,NA,NA,,
19,Brin @UC4jlzJyMNQkkcEcCN3EFG7g,495K,2.6%,Panama,,148.5K,youtube,panama,False,2024,NA,NA,,
20,Plantas Medicinales de Roylenis @UCkl7qsnAmDSkXHSuPl6nygQ,456K,-,Panama,,136.8K,youtube,panama,False,2024,NA,NA,,
21,Makano Oficial @UC5Idt_b4TTNKgVw64s-aTcA,418K,0.2%,Panama,,125.4K,youtube,panama,False,2024,NA,NA,,
22,MADI MELENDEZ @madimelendez,408K,-,Panama,,122.4K,youtube,panama,False,2024,NA,NA,,
23,Materia Cris @UCc_e7jRMTn7KfSfLKPvKnyg,362K,0.8%,Panama,,108.6K,youtube,panama,False,2024,NA,NA,,
24,LuisDev @UCM1KXfxdj74K3D7MpJWk7Vw,330K,33.8%,Panama,,99K,youtube,panama,False,2024,NA,NA,,
25,Tuner Garage @UCogBBnpXklLiRf_IfZEu4rA,308K,2%,Panama,,92.4K,youtube,panama,False,2024,NA,NA,,
26,HINEBRO @UCEZ15DQZsDVqYc1_rNWx2yg,305K,-,Panama,,91.5K,youtube,panama,False,2024,NA,NA,,
27,Samsung Latinoamérica y Caribe @UCYuwIJpesKZiU6qxayMq0Lg,274K,-,Panama,,82.2K,youtube,panama,False,2024,NA,NA,,
28,Keneth YT @UCW89iEJuCoVjJLlZsceFXow,269K,0.1%,Panama,,80.7K,youtube,panama,False,2024,NA,NA,,
29,Oxitocina Magazine @UCB721ZXX_VnKFc4TzbE--2w,261K,-,Panama,,78.3K,youtube,panama,False,2024,NA,NA,,
30,Luise @UCk50rn1BUbpUE8jnze8UDUg,246K,-,Panama,,73.8K,youtube,panama,False,2024,NA,NA,,
31,Amie lps XD @UC2Z78GFRsxBnUbLqoiwyMng,239K,1.6%,Panama,,71.7K,youtube,panama,False,2024,NA,NA,,
32,Pastor Moises Bell @UCJybhDoN14E_8NIYwkDP0MQ,229K,0.8%,Panama,,68.7K,youtube,panama,False,2024,NA,NA,,
33,Jonathan Heres @UCrIACdLpa4zB9LqhQSqQUYA,225K,-,Panama,,67.5K,youtube,panama,False,2024,NA,NA,,
34,QUE XOPA PANAMA @UC9awV5hh6GdNCw9i6HHmA2g,224K,-,Panama,,67.2K,youtube,panama,False,2024,NA,NA,,
35,Impacto MMA - MMA en ESPAÑOL @UCsOqRu-Y0vUS5tt8jJhud4A,210K,0.1%,Panama,,63K,youtube,panama,False,2024,NA,NA,,
36,Ideas de Grandeza @UC9doKzLeanBnxei09I3BThg,187K,3.7%,Panama,,56.1K,youtube,panama,False,2024,NA,NA,,
37,Quiropractico Chiriqui @UCfumJ7w-ftjtqupEop3WuTw,185K,-,Panama,,55.5K,youtube,panama,False,2024,NA,NA,,
38,Soy Jorge Pinzon @UCod5sbMaValD3OhvzA3SyZg,182K,0.2%,Panama,,54.6K,youtube,panama,False,2024,NA,NA,,
39,Telemetro @UCm-EJjdw2bKskUFF5YyWYog,177K,-,Panama,,53.1K,youtube,panama,False,2024,NA,NA,,
40,CyberZone @UCAtB9mvpwFgG8cgVpikgn1g,169K,-,Panama,,50.7K,youtube,panama,False,2024,NA,NA,,
41,At' Fat @UClKlNqju-8wvHpfBYyL9ddA,158K,-,Panama,,47.4K,youtube,panama,False,2024,NA,NA,,
42,Rafita Se DIVIERTE @UClyKZZaOqfivINOhyxOiUJg,157K,2.5%,Panama,,47.1K,youtube,panama,False,2024,NA,NA,,
43,[Tarot para Escorpio] Katie McLaughlin @UCA9GwmtQJ-fTBkI3joU5D_g,156K,0.7%,Panama,,46.8K,youtube,panama,False,2024,NA,NA,,
44,Kiffen Beats @UCnfmOjxm-9fCwexfLqE72jA,150K,0.1%,Panama,,45K,youtube,panama,False,2024,NA,NA,,
45,•Marilul• @UCc4hQgYEIg4Tz8amGt4Jn4g,146K,-,Panama,,43.8K,youtube,panama,False,2024,NA,NA,,
46,Nocturnos Gaming @UCQJJ2kXHMYcU2x7F0wkuyNg,144K,-,Panama,,43.2K,youtube,panama,False,2024,NA,NA,,
47,Yemil @UCqxNFxHPLrxE8corzC4O4Ew,144K,6.5%,Panama,,43.2K,youtube,panama,False,2024,NA,NA,,
48,Ernesto Schnack @UCz1PeIEiNkKRwWDKFA6RkzQ,143K,1.2%,Panama,,42.9K,youtube,panama,False,2024,NA,NA,,
49,ChocoFer @UCnIxQVK3QWKM33PhVyH3m5A,140K,-,Panama,,42K,youtube,panama,False,2024,NA,NA,,
50,Wasson YT @UCDZdSy4VOttQH1JQO8xF3jw,138K,0.1%,Panama,,41.4K,youtube,panama,False,2024,NA,NA,,
51,La orbita cristiana @UCfKrNVsDZd_cE1Peo-Hm0EQ,137K,-,Panama,,41.1K,youtube,panama,False,2024,NA,NA,,
52,Leonardo Dalessandri @UCoKqHHnOOhAXCu6OXcwUYGg,131K,50%,Panama,,39.3K,youtube,panama,False,2024,NA,NA,,
53,NEX Panamá @UCOAoOcI_fIW5qHufD9_vLmQ,129K,-,Panama,,38.7K,youtube,panama,False,2024,NA,NA,,
54,Chamaco @UCy79fumIOnk4OcDO6WI7vyw,126K,-,Panama,,37.8K,youtube,panama,False,2024,NA,NA,,
55,PixelBox @UCclV3H-Rs7YMk7yRMI4JGaw,120K,0.2%,Panama,,36K,youtube,panama,False,2024,NA,NA,,
56,Omar Alfanno @UC5SCYT0gWOYrserU0kZoOkA,119K,-,Panama,,35.7K,youtube,panama,False,2024,NA,NA,,
57,Baby Wally @UCxbpWctxdlPztlHcfu8zgDQ,118K,1.9%,Panama,,35.4K,youtube,panama,False,2024,NA,NA,,
58,Ayudinga! @UC5mFkCrQ_7A-B6EkXZFlTGg,118K,-,Panama,,35.4K,youtube,panama,False,2024,NA,NA,,
59,Elisama @UCksa3P25ryrXZforVSiiZdA,114K,0.5%,Panama,,34.2K,youtube,panama,False,2024,NA,NA,,
60,Anyuri Musica @UCUB34YxSkjQFMmHQAv9aNhA,114K,5.4%,Panama,,34.2K,youtube,panama,False,2024,NA,NA,,
61,Jchanel @UCHSNuCXT-YDEi36Br_pbIaA,112K,22.1%,Panama,,33.6K,youtube,panama,False,2024,NA,NA,,
62,Italian Somali @UCiBZoJdjkLfE-tA4fzM-e0g,111K,-,Panama,,33.3K,youtube,panama,False,2024,NA,NA,,
63,TrunksDBS @UCJaWwG_brsE_pfkrfHJpQ7w,108K,-,Panama,,32.4K,youtube,panama,False,2024,NA,NA,,
64,Telemetro Reporta @UCeFTJ001tE38wOXKgPvK1XQ,106K,-,Panama,,31.8K,youtube,panama,False,2024,NA,NA,,
65,Diego De Obaldia @UCA3aNXk8I5YCFOP7LOdyeiA,105K,-,Panama,,31.5K,youtube,panama,False,2024,NA,NA,,
66,Cripto Avances @UCgbrVy4r4hLOb4XzRRKRUXQ,102K,-,Panama,,30.6K,youtube,panama,False,2024,NA,NA,,
67,Jayah Tarot @UC8JzNNoWWzAyTO-ifLFPAbQ,98K,-,Panama,,29.4K,youtube,panama,False,2024,NA,NA,,
68,Samy y Sandra Sandoval Oficial @UCHiYINu8Qia0errOc_ZK2PA,97.9K,-,Panama,,29.4K,youtube,panama,False,2024,NA,NA,,
69,Nex Noticias @UCJpHUoKOGjaW0AEi7hQkmsQ,92.4K,-,Panama,,27.7K,youtube,panama,False,2024,NA,NA,,
70,Nenito Vargas [Canal Oficial] @UCTrLTG0R0cbojYIv-ogpCkQ,88.6K,0.4%,Panama,,26.6K,youtube,panama,False,2024,NA,NA,,
71,Jorge Gómez Oficial @UCaMu4esvV4r-sv0ie8j5fIg,88.3K,0.8%,Panama,,26.5K,youtube,panama,False,2024,NA,NA,,
72,Quien TV @UCbFBCJn0mXPqSXcSky4gGoQ,88.1K,-,Panama,,26.4K,youtube,panama,False,2024,NA,NA,,
73,Sexoterica Panama @UCkOBXPeoykAH3QNPfHjHchA,87.6K,-,Panama,,26.3K,youtube,panama,False,2024,NA,NA,,
74,Alfredo Escudero [Canal Oficial] @UCx4Zs_oeTGpNJV9XmiVRsGQ,87.2K,-,Panama,,26.2K,youtube,panama,False,2024,NA,NA,,
75,ReCrearte Club @UCgf6UsGz8ooyPUm929RV5ZQ,87.1K,-,Panama,,26.1K,youtube,panama,False,2024,NA,NA,,
76,LA FAMA TV PANAMA @UCTXYFIqz0egIIaRxmGVDpBw,84.9K,-,Panama,,25.5K,youtube,panama,False,2024,NA,NA,,
77,Tu Parking Latino @UCGZUC6AimiWNZ7Zcdhd8pew,81.6K,0.5%,Panama,,24.5K,youtube,panama,False,2024,NA,NA,,
78,Tiny Houses @UCCLtzn1pft02q0xWt_eMGVQ,81.3K,0.8%,Panama,,24.4K,youtube,panama,False,2024,NA,NA,,
79,Alejandro Torres oficial @UCwpNoQ_KDCnbq1YwX6VYpgg,79.9K,-,Panama,,24K,youtube,panama,False,2024,NA,NA,,
80,LOLO RAMIREZ OFICIAL @UCN6HlmlcSZt-2-y8wOYQtMQ,79.7K,-,Panama,,23.9K,youtube,panama,False,2024,NA,NA,,
81,Dubosky @UCRVetLFQ2jVAlc8FFgJPfPg,77.9K,0.2%,Panama,,23.4K,youtube,panama,False,2024,NA,NA,,
82,[The Pisces Club] by Katie McLaughlin @UCepZJiJeFRm8xpe4yQEIJ3A,76.3K,1%,Panama,,22.9K,youtube,panama,False,2024,NA,NA,,
83,Club 4x4 Panama @UCsTwn-GEpzEMrVo5EmGZKaw,75.1K,-,Panama,,22.5K,youtube,panama,False,2024,NA,NA,,
84,Dani G. Schulz @UC4nD-5icyKhX1PQsuCmAvtw,74.6K,2%,Panama,,22.4K,youtube,panama,False,2024,NA,NA,,
85,Jhonathan Chavez Oficial @UCjIr4PtneAy4amZ8oGkBT4g,73.3K,2.8%,Panama,,22K,youtube,panama,False,2024,NA,NA,,
86,CC&D C H A N N E L @UC6EtQz1ejKCrND5tPdk8X7g,71.6K,0.2%,Panama,,21.5K,youtube,panama,False,2024,NA,NA,,
87,IDEAS EN CONSTRUCCION @UCcUJ4S8jMs-xZ5sx5cInnyw,70.8K,-,Panama,,21.2K,youtube,panama,False,2024,NA,NA,,
88,Filmaciones Robles @UCjYXDj7M-dzSkc-d474jctw,69.8K,-,Panama,,20.9K,youtube,panama,False,2024,NA,NA,,
89,Melfi @UCGWtZGFaCBjQa0iVxa8-JYQ,69.8K,3.4%,Panama,,20.9K,youtube,panama,False,2024,NA,NA,,
90,Mictia00 @UCs9dcaJOSU3tj0zJRls6W2w,69.7K,-,Panama,,20.9K,youtube,panama,False,2024,NA,NA,,
91,LA CAMARA PARRANDERA @UCFYBG17gnl8CIER_-uPSHlg,69.7K,-,Panama,,20.9K,youtube,panama,False,2024,NA,NA,,
92,Tony Cajiga @UC2bfcRZ7SuHbnjAgX7uy9Vg,69.1K,-,Panama,,20.7K,youtube,panama,False,2024,NA,NA,,
93,Dj Ito C3 @UC37R-W4GTOTurmtdcPHIJ8w,68.7K,0.3%,Panama,,20.6K,youtube,panama,False,2024,NA,NA,,
94,Head & Shoulders Latinoamérica @UCtESw35C8UBsDOyVgpImnhg,68K,-,Panama,,20.4K,youtube,panama,False,2024,NA,NA,,
95,SERTV Panamá @UCIDGxZUVJQUJsrbKV-lzhTw,67.7K,-,Panama,,20.3K,youtube,panama,False,2024,NA,NA,,
96,Tass Loco507 @UCiFoN4nNsMaX154yaM3rEMw,67.2K,-,Panama,,20.2K,youtube,panama,False,2024,NA,NA,,
97,LaMejorAsesoríaEducativa @UCtsoTmZWcz0VmTLbpPn3Y3w,66.6K,0.1%,Panama,,20K,youtube,panama,False,2024,NA,NA,,
98,PLENA 507 @UCzEhVKxV2ydyxqsRn3lSaeQ,65K,-,Panama,,19.5K,youtube,panama,False,2024,NA,NA,,
99,Freddy IH @UCE7tGp3xhliSm_VYVgdzvbw,65K,-,Panama,,19.5K,youtube,panama,False,2024,NA,NA,,
100,OFFCOURSE @UCneWK-sFxp8uaI-It-m2SvA,63K,0.1%,Panama,,18.9K,youtube,panama,False,2024,NA,NA,,
1,Hector19Aquino @UCkXd72Un0XaReuatMc52DEA,2.5M,-,Paraguay,,747K,youtube,paraguay,False,2024,NA,NA,,
2,elkoalah @UCxagjwvR5NhVf9Pu6grwBWg,1.1M,0.1%,Paraguay,,324K,youtube,paraguay,False,2024,NA,NA,,
3,Paul Landó @UCeI3VMfMWQQspYVuDzPrung,962K,-,Paraguay,,288.6K,youtube,paraguay,False,2024,NA,NA,,
4,CONMEBOL Libertadores @UClgFf9mS1mZI2D_vo-ZTpmQ,563K,-,Paraguay,,168.9K,youtube,paraguay,False,2024,NA,NA,,
5,AleVera Oficial @UC46bOtPQrSPOhQCjWK9fzgw,552K,-,Paraguay,,165.6K,youtube,paraguay,False,2024,NA,NA,,
6,Super Xpresiones @UCHLNuUKHcQb6DE6cr9OO-ng,305K,0.1%,Paraguay,,91.5K,youtube,paraguay,False,2024,NA,NA,,
7,ABC TV Paraguay @UCEklbFbPoMaV1ciEb-0mAxg,286K,-,Paraguay,,85.8K,youtube,paraguay,False,2024,NA,NA,,
8,Entre Polkas y Chamamé / Leandro Samuel Benitez ♪♫ @UCznWI-QW5-vZdFJGXqDApNA,286K,-,Paraguay,Music,85.8K,youtube,paraguay,False,2024,Music,MAPPED,,Music
9,TelefuturoInfo @UC05nHifnRWxoJkzgAP-sffg,276K,-,Paraguay,,82.8K,youtube,paraguay,False,2024,NA,NA,,
10,Cero904 @UCLfIH9x1JVSTVUWA0ZBvT7w,262K,-,Paraguay,,78.6K,youtube,paraguay,False,2024,NA,NA,,
11,Terere Jere @UCmn3l6kDY-LnUq__vhkblaw,223K,-,Paraguay,,66.9K,youtube,paraguay,False,2024,NA,NA,,
12,TOPVIDEO MAKER @UCDn_NS0OMacgZLJj8_8QA-A,218K,-,Paraguay,,65.4K,youtube,paraguay,False,2024,NA,NA,,
13,CONMEBOL Sudamericana @UCw7eDYHnA-2PIr-qIldYeBQ,205K,-,Paraguay,,61.5K,youtube,paraguay,False,2024,NA,NA,,
14,Telefuturo Paraguay @UCtM-kY8-zx8zzsrWKVUffyA,173K,-,Paraguay,,51.9K,youtube,paraguay,False,2024,NA,NA,,
15,Gina Ciccone @UC0hRqIfmoSSmVr4NTexZAMQ,164K,0.3%,Paraguay,,49.2K,youtube,paraguay,False,2024,NA,NA,,
16,C9N Paraguay @UC2uoT9_KgHuBzoYX5JepHEA,156K,-,Paraguay,,46.8K,youtube,paraguay,False,2024,NA,NA,,
17,Belén Fleitas @UC8kOR2VZWsvN9zsKKUXrWjA,148K,14%,Paraguay,,44.4K,youtube,paraguay,False,2024,NA,NA,,
18,ALEX EXPRESS @ALEXEXPRESSOK,148K,-,Paraguay,,44.4K,youtube,paraguay,False,2024,NA,NA,,
19,ARIEL 7075 @UCzJFitkdUDs-6LeHbg395wQ,143K,-,Paraguay,,42.9K,youtube,paraguay,False,2024,NA,NA,,
20,Compras Paraguai @UC7hQ8CvvXO1xZVmE5Nrk2CA,139K,0.1%,Paraguay,,41.7K,youtube,paraguay,False,2024,NA,NA,,
21,Sieg Kun Music @UCr-CkV5iFkoe5ckgvp-iIcQ,126K,0.7%,Paraguay,,37.8K,youtube,paraguay,False,2024,NA,NA,,
22,Desoxigenados @UCsmyigRzEKngzTQ02AG73Bg,124K,1.6%,Paraguay,,37.2K,youtube,paraguay,False,2024,NA,NA,,
23,awooP4H @UCy-_GNTN2LnzOFZ1JV5VnKA,121K,-,Paraguay,,36.3K,youtube,paraguay,False,2024,NA,NA,,
24,Karai Pombero @UCY3d87YoK_yXD4nSFEtiT9g,116K,1.3%,Paraguay,,34.8K,youtube,paraguay,False,2024,NA,NA,,
25,КБ Морозов @UCNpuAcY2xzZ_VU-t5Vj5Bnw,105K,-,Paraguay,,31.5K,youtube,paraguay,False,2024,NA,NA,,
26,Pati Ginzo @UCs--ZMNeH8kZXPCzlDymtbA,90.2K,-,Paraguay,,27.1K,youtube,paraguay,False,2024,NA,NA,,
27,Trece @UCbgzWL_vNk3K2vcpk2udhLA,88.2K,-,Paraguay,,26.5K,youtube,paraguay,False,2024,NA,NA,,
28,En el Horno con Peta @UCK8UHToqFOxc_JM9oaSI0BA,87.5K,0.1%,Paraguay,,26.3K,youtube,paraguay,False,2024,NA,NA,,
29,KAESE @UCpw6R4cgkq_0bFsyefd8B8w,84.3K,-,Paraguay,,25.3K,youtube,paraguay,False,2024,NA,NA,,
30,Melodia Romantica @UCjIb_35orMRDQFh9LXgFmCQ,80K,-,Paraguay,,24K,youtube,paraguay,False,2024,NA,NA,,
31,Let's Cat's Paraguay! @UCCZfeUN7YPsyxEykxm-nxUg,79.7K,0.7%,Paraguay,,23.9K,youtube,paraguay,False,2024,NA,NA,,
32,theriboo @UCwQiu_ipdwZgz1JRaqKrr3g,79.5K,-,Paraguay,,23.9K,youtube,paraguay,False,2024,NA,NA,,
33,Emi Báez cocina @UC4NxReiobUq0Icc8jyxoyCQ,78.7K,0.1%,Paraguay,,23.6K,youtube,paraguay,False,2024,NA,NA,,
34,Digipoke Draw @UCuwHUoyGlD4nFLdaA2EEYuQ,77.7K,-,Paraguay,,23.3K,youtube,paraguay,False,2024,NA,NA,,
35,LG DJ @UCxTs7vu8u5IG_KaxI7aBFgQ,75.3K,0.3%,Paraguay,,22.6K,youtube,paraguay,False,2024,NA,NA,,
36,One Man Wolf Pack @UCLlw7TAl8zmJa4vGFKu1c_Q,75K,-,Paraguay,,22.5K,youtube,paraguay,False,2024,NA,NA,,
37,Somos GEN @UC9FQShRxvepLNn6lLfvBhyA,75K,-,Paraguay,,22.5K,youtube,paraguay,False,2024,NA,NA,,
38,EditionMix @UCnWfHI2-95UKqyHjWMu63-A,74.9K,-,Paraguay,,22.5K,youtube,paraguay,False,2024,NA,NA,,
39,Nora Delgado Py @UCsMFnuosLiG8VHoH7Pr1Npw,72.9K,-,Paraguay,,21.9K,youtube,paraguay,False,2024,NA,NA,,
40,KokeBa @UCCj7Zc-0eT3LUrhrpz9aTpg,70.2K,-,Paraguay,,21.1K,youtube,paraguay,False,2024,NA,NA,,
41,Chapa C @UC0Wq9vD-O3ScFZKDIcherHQ,70.1K,0.2%,Paraguay,,21K,youtube,paraguay,False,2024,NA,NA,,
42,Nadia Portillo @UCgjvFdkrU_JKrvFXZN7FaVA,69.1K,10%,Paraguay,,20.7K,youtube,paraguay,False,2024,NA,NA,,
43,ابو السيم_ABO ALSEM @UCOu2nuQjFeHt5dEaEaLMu6Q,63.2K,-,Paraguay,,19K,youtube,paraguay,False,2024,NA,NA,,
44,VivelaVidaPy @UCZgU9S2GR32WF6Kg_wTs4yw,61.4K,-,Paraguay,,18.4K,youtube,paraguay,False,2024,NA,NA,,
45,K-VAN 케이반 @UC6xppp_eIwDa2oMAvJVxPjQ,59.7K,1.4%,Paraguay,,17.9K,youtube,paraguay,False,2024,NA,NA,,
46,The BrunCar @UC3MAsds08o4lRmJZNJKiNeA,59.3K,0.2%,Paraguay,,17.8K,youtube,paraguay,False,2024,NA,NA,,
47,Bonfire Tales @UCQNWBTjSqAkgvTP7FsvRsFQ,58.9K,3%,Paraguay,,17.7K,youtube,paraguay,False,2024,NA,NA,,
48,TheEAQV @UCXwKuk0THDCSB2XMWYmMeeQ,57.7K,0.6%,Paraguay,,17.3K,youtube,paraguay,False,2024,NA,NA,,
49,La Mesita de cocina @UCj9rkx1023IfqogmRa0XDiQ,56.6K,-,Paraguay,,17K,youtube,paraguay,False,2024,NA,NA,,
50,Diario Última Hora Paraguay @UCjrwumB0Pzw_PNNYGXD8Vbw,56.2K,-,Paraguay,,16.9K,youtube,paraguay,False,2024,NA,NA,,
51,RHEMA PARAGUAY @UCAOoN0k5wjQRP4rNfxsGFNA,55.4K,-,Paraguay,,16.6K,youtube,paraguay,False,2024,NA,NA,,
52,Tordillo Negro @UCexyllW3HaJYfVVXG2SDV2g,54.7K,0.3%,Paraguay,,16.4K,youtube,paraguay,False,2024,NA,NA,,
53,EL FÚTBOL MI VIDA @UCzAYM7ZDQzcpQZ12vwF1g-A,51K,0.3%,Paraguay,,15.3K,youtube,paraguay,False,2024,NA,NA,,
54,La Mañana de Cada Día SNT @UCAIOLwv89RopCXAD7xyfKlA,49.4K,-,Paraguay,,14.8K,youtube,paraguay,False,2024,NA,NA,,
55,Oraciones.Center @UC4ifFgE7MMpSWsfugwwKnuQ,47K,-,Paraguay,,14.1K,youtube,paraguay,False,2024,NA,NA,,
56,samu69 @UC_Obw6G4PjYGcwtT0nNDAsA,46.7K,-,Paraguay,,14K,youtube,paraguay,False,2024,NA,NA,,
57,Miguel Romero @UCEZ8OtBrmPkxpXViPYzV5zw,44.3K,-,Paraguay,,13.3K,youtube,paraguay,False,2024,NA,NA,,
58,NPYoficial @UCXm5UbX1eXIFmFE0lz1etiA,42.8K,-,Paraguay,,12.8K,youtube,paraguay,False,2024,NA,NA,,
59,Maxi Duarte @UCT9uay5ICL1DvR9_D9lnT9Q,41.9K,-,Paraguay,,12.6K,youtube,paraguay,False,2024,NA,NA,,
60,Pasión Albirroja @UCtrQD2PxGbPhAsolF5Z2Bcw,40.7K,-,Paraguay,,12.2K,youtube,paraguay,False,2024,NA,NA,,
61,Música paraguaya Carapegueña @UCZKbUSLurAWooGLD-CUcHNw,39.5K,0.1%,Paraguay,,11.9K,youtube,paraguay,False,2024,NA,NA,,
62,Evangelio del Reino @UCAKGIMV1vbHHHHkr7qc9rsA,37.6K,-,Paraguay,,11.3K,youtube,paraguay,False,2024,NA,NA,,
63,SORTIER EVENT @UCbNdbf28I4QGZwDEfMV5Oqg,37.4K,-,Paraguay,,11.2K,youtube,paraguay,False,2024,NA,NA,,
64,Dibujando y pintando con Porfirio Busto @UCFxNrwgSUsEsiHn25hpfQIQ,37K,-,Paraguay,,11.1K,youtube,paraguay,False,2024,NA,NA,,
65,FUTVOLEY TV. PY. Piki Voley @UCmEOTTmtW6xDWIRVDSERV_A,36.3K,0.1%,Paraguay,,10.9K,youtube,paraguay,False,2024,NA,NA,,
66,JOSHUA @UCH-f2a_sPMx7lZF5XZx9Dgg,35.7K,-,Paraguay,Music,10.7K,youtube,paraguay,False,2024,Music,MAPPED,,Music
67,"Oh, Chuu ya¡ @UCEHbNZ_MoCtln0367uRC45Q",35.5K,-,Paraguay,,10.7K,youtube,paraguay,False,2024,NA,NA,,
68,Vive La Tarde Paraguay @UC-HfhRUC7OH0AfB6MjXoJPQ,35.5K,-,Paraguay,,10.7K,youtube,paraguay,False,2024,NA,NA,,
69,ExE PY @UCt0Wsu0zd1bxFYsUICyXGow,33K,0.3%,Paraguay,,9.9K,youtube,paraguay,False,2024,NA,NA,,
70,Carlos Giménez @UC5OAJpxBup_cT0YYJKY9yMw,31.2K,-,Paraguay,,9.4K,youtube,paraguay,False,2024,NA,NA,,
71,Más Que Vencedores Paraguay @UCTE3VK9uqFanlIVXKrM6E7g,30.6K,-,Paraguay,,9.2K,youtube,paraguay,False,2024,NA,NA,,
72,MegaEvo @UCP8t0OWuREUh53B03IdqQTg,30K,26%,Paraguay,,9K,youtube,paraguay,False,2024,NA,NA,,
73,Telebingo Triple @UCxK0bbXQDJcUj-BdzpILcNg,29.6K,-,Paraguay,,8.9K,youtube,paraguay,False,2024,NA,NA,,
74,Bohemia Urbana @UC_vgW6P1xhxidNixz8r1w-g,28.8K,1.5%,Paraguay,,8.6K,youtube,paraguay,False,2024,NA,NA,,
75,Edgar Camarasa @UC5stRruxKGk2tJhgVtHLKYg,27.9K,-,Paraguay,,8.4K,youtube,paraguay,False,2024,NA,NA,,
76,La Nación Paraguay @UC0j83Ogsf44Vdi3Qi5OUrRA,27.8K,-,Paraguay,,8.3K,youtube,paraguay,False,2024,NA,NA,,
77,Andersonic @UCYAe0STFd6k3xM1X5UJZZQQ,27.6K,-,Paraguay,,8.3K,youtube,paraguay,False,2024,NA,NA,,
78,Marilina Bogado @UCtxFqb_2xGzIOnJzsdadzgA,27.4K,53.7%,Paraguay,,8.2K,youtube,paraguay,False,2024,NA,NA,,
79,Terrtail Huegos @UCpYYJ8T71tLpAVoGDQnDewQ,27.2K,-,Paraguay,,8.2K,youtube,paraguay,False,2024,NA,NA,,
80,El Baúl de Yorch @UCvXcY4XVUEDNJ52yqztZHng,26.1K,0.7%,Paraguay,,7.8K,youtube,paraguay,False,2024,NA,NA,,
81,CheWill @UCdv4FEeuO3DvzsFQWpkkR8g,25.6K,12.7%,Paraguay,,7.7K,youtube,paraguay,False,2024,NA,NA,,
82,Dj Alcides Casco @UCVBSh2FozBy2KoNQkR-o1-Q,25.4K,1%,Paraguay,,7.6K,youtube,paraguay,False,2024,NA,NA,,
83,AFvP Asociación Futvoley Paraguay @UCSW6P8p_5WAG9Og7h5ot1Fw,25.3K,0.2%,Paraguay,,7.6K,youtube,paraguay,False,2024,NA,NA,,
84,DESESTRESS @UCj1Jjz_beArY7kijhC-HoOw,24.8K,-,Paraguay,,7.4K,youtube,paraguay,False,2024,NA,NA,,
85,Gajes del Youtuber @UCh6FzA6KKOYr-tcDPeIt6sg,24.8K,0.1%,Paraguay,,7.4K,youtube,paraguay,False,2024,NA,NA,,
86,Kublai @UCi4t8VqTG-NwFHdTGa0ENaA,24.7K,-,Paraguay,,7.4K,youtube,paraguay,False,2024,NA,NA,,
87,Filmagic @UCkKJIQ0-Uq2lrYTyl3a6RSg,24.5K,-,Paraguay,,7.4K,youtube,paraguay,False,2024,NA,NA,,
88,Alider Junior @UCgGWX_lsS8MCs9sAo1nTTVA,24.4K,0.1%,Paraguay,,7.3K,youtube,paraguay,False,2024,NA,NA,,
89,KuasaR @UCUEgGLQkw_fYgpzKyEHT9kw,24.2K,0.5%,Paraguay,,7.3K,youtube,paraguay,False,2024,NA,NA,,
90,ramiro aranda @UCUzWUs666fk5SdjdM7HWxcQ,23.8K,-,Paraguay,,7.1K,youtube,paraguay,False,2024,NA,NA,,
91,BenTeachesEnglishOverseas @UCMrXo54dRyoaWNmuFj-j44A,22.8K,0.5%,Paraguay,,6.8K,youtube,paraguay,False,2024,NA,NA,,
92,MULTIMEDIOS ALICANTE @UCqGy9xtlQGbgwktnHLtZ_BQ,22.4K,-,Paraguay,Television,6.7K,youtube,paraguay,False,2024,Entertainment,MAPPED,,Television
93,Rolfi Rodas @UCDfDtGSigpbHBl6RnEG3SSg,22.3K,-,Paraguay,,6.7K,youtube,paraguay,False,2024,NA,NA,,
94,Crónica Paraguay @UCpDJZhBPhi5KM6wYc0EFpDA,21.5K,-,Paraguay,,6.5K,youtube,paraguay,False,2024,NA,NA,,
95,J&D Estudio Beats/Instrumental @UCTAD9OCSWTO0H7AjfbgmcVQ,21.4K,-,Paraguay,,6.4K,youtube,paraguay,False,2024,NA,NA,,
96,IMPACTO WP 🚀 WordPress para No Tecnicos @UCl5fP6wTK3RvzKefEJIEwQA,21.2K,0.1%,Paraguay,,6.4K,youtube,paraguay,False,2024,NA,NA,,
97,Olimpia Media @UCkX0zpmBdAp6FGayX0RhbjQ,20.8K,-,Paraguay,,6.2K,youtube,paraguay,False,2024,NA,NA,,
98,Axel Siemens @UCocjT4315Oa-hpwc6b4Yhow,20.8K,-,Paraguay,,6.2K,youtube,paraguay,False,2024,NA,NA,,
99,ALUCARD121 @UC4rCchp-ezcKzJsZpkoQ53g,20.6K,-,Paraguay,,6.2K,youtube,paraguay,False,2024,NA,NA,,
100,Dina Celeste Music @UCo8DMVlTMiZEw1tAhyAIuoA,20.4K,-,Paraguay,,6.1K,youtube,paraguay,False,2024,NA,NA,,
1,Drawblogs @UCkuPobJMx7DPUdwlVo1TFfA,14.5M,-,Peru,,4.4M,youtube,peru,False,2024,NA,NA,,
2,Golemcito Games @UC6Ij1c74Gm-TicYZsKL1FAw,10.9M,-,Peru,,3.3M,youtube,peru,False,2024,NA,NA,,
3,América tv - Novels @UCGGry4kGWZUqIfG6LLNhOmg,5.7M,-,Peru,,1.7M,youtube,peru,False,2024,NA,NA,,
4,Luay @UCWjgg6SMQiSQY8cUjCm2skg,5.6M,-,Peru,,1.7M,youtube,peru,False,2024,NA,NA,,
5,whatthechic @UC7ws6SJL00PEUYEk3txx2Ng,5.4M,-,Peru,,1.6M,youtube,peru,False,2024,NA,NA,,
6,Latina.pe @UC3rDtLrcgr3JS3_3JOW4BAw,4.9M,-,Peru,,1.5M,youtube,peru,False,2024,NA,NA,,
7,whatdafaqshow @UCtJkNv0rghEOOiz87xT4C5A,4.9M,0.1%,Peru,,1.5M,youtube,peru,False,2024,NA,NA,,
8,Memes Random @UCAAY6ZLN2CBRXvL-0eEmD2A,4.6M,-,Peru,,1.4M,youtube,peru,False,2024,NA,NA,,
9,TrapUrbanoTV @UCuan9ktW5YOp-QiYVZhj64w,3.9M,-,Peru,,1.2M,youtube,peru,False,2024,NA,NA,,
10,RoxiCake Gamer @UC3t7_hgqy-7pccSWRVaTQIw,3.6M,2.6%,Peru,,1.1M,youtube,peru,False,2024,NA,NA,,
11,ElioDt @UCKN-UFOynT8nJp2SXpU9Xgg,3.5M,-,Peru,,1.1M,youtube,peru,False,2024,NA,NA,,
12,Ricardotaku @UCADPsQ4gT36DgXDB2_-wdeA,3.3M,1.9%,Peru,,996K,youtube,peru,False,2024,NA,NA,,
13,Al Fondo hay Sitio - AFHS @UCRFUzVEen4SIFW1pJn0u0nw,3.1M,-,Peru,,942K,youtube,peru,False,2024,NA,NA,,
14,Nerdaily @UC5j869htDIpIv9zNW3jK0Jw,3M,-,Peru,,912K,youtube,peru,False,2024,NA,NA,,
15,Sant @UCz7SWZVdyNbB3YGe64AEeuw,3M,0.1%,Peru,,885K,youtube,peru,False,2024,NA,NA,,
16,tallermanualperu @UCAs3uELe9BMFvJCd0WP-AQg,2.8M,-,Peru,Fashion,834K,youtube,peru,False,2024,Beauty&Fashion,MAPPED,,Fashion
17,EducaBabyTV @UCNi33ipfYhXpSm9sLwyzS8A,2.7M,-,Peru,,810K,youtube,peru,False,2024,NA,NA,,
18,HBD - Detodoy Rap @UCtCuk2evpLat7Y-Hx6HCDqQ,2.6M,0.1%,Peru,,765K,youtube,peru,False,2024,NA,NA,,
19,Harrix @UCUOvQWNdOMJnJzz4fZXLkyA,2.4M,0.2%,Peru,,720K,youtube,peru,False,2024,NA,NA,,
20,Capitan Gato @UCGrB-QOL8gg7ouOJ80hO7Sg,2.4M,6.5%,Peru,,720K,youtube,peru,False,2024,NA,NA,,
21,AlecchiMan @UCtRQid0s3Tj1lVB5tbGOb6A,2.3M,0.9%,Peru,,702K,youtube,peru,False,2024,NA,NA,,
22,Di EQUISDE @UCKk30EIpXiAyVn6WfwVQF6w,2.3M,-,Peru,,693K,youtube,peru,False,2024,NA,NA,,
23,ANIMEMES @UCJWkJWw61WCjVetdQLsFN-w,2.3M,-,Peru,,690K,youtube,peru,False,2024,NA,NA,,
24,Pepe El Mago @UCqBAbqbx4q7G5upsptccdPA,2.3M,0.7%,Peru,,687K,youtube,peru,False,2024,NA,NA,,
25,Andynsaane @UCF2BD7I7BBphXgCpMBrVL0g,2.3M,-,Peru,,675K,youtube,peru,False,2024,NA,NA,,
26,Faraón Love Shady @UCd93aZEa_hA9aj51OOm45sw,2.2M,15.4%,Peru,,666K,youtube,peru,False,2024,NA,NA,,
27,Ramix @UCEpkEj45RHLAI-9ra6qluIA,2.1M,-,Peru,,642K,youtube,peru,False,2024,NA,NA,,
28,Flutter525 @UChU79FLnClqlRSTSZe3EjNA,2M,-,Peru,Celebrity,615K,youtube,peru,False,2024,Entertainment,MAPPED,,Celebrity
29,Wadatops @UCNDmFX0pZJJf54g8a_g0Hyg,2M,0.1%,Peru,,612K,youtube,peru,False,2024,NA,NA,,
30,Indie Arts Kenel @UCw6LEqOUioR-Nqq1gTpOIAQ,2M,-,Peru,,606K,youtube,peru,False,2024,NA,NA,,
31,Paula Urbaez @UCw0fg0BqrR5kcDUOcD7Hh5A,2M,-,Peru,,597K,youtube,peru,False,2024,NA,NA,,
32,Matemóvil @UCvTyXJuQyAqG2UxzI8jtc2g,1.9M,-,Peru,,579K,youtube,peru,False,2024,NA,NA,,
33,Vida Saludable @UCpqVciRTwpqcDiB24isrSSg,1.9M,-,Peru,,573K,youtube,peru,False,2024,NA,NA,,
34,Luna Mia @UCCTMAC4K_oTsLqba4jU76-w,1.9M,-,Peru,,570K,youtube,peru,False,2024,NA,NA,,
35,GraciasporAparecerenmiVida @UCzNP80n8ocRnY_hXSJocKFg,1.9M,-,Peru,,570K,youtube,peru,False,2024,NA,NA,,
36,Milagros Ena @UCog9yABBGhDcu-tDDbCJQDg,1.9M,-,Peru,,558K,youtube,peru,False,2024,NA,NA,,
37,Gstech @UCy6cu2GUe08kPUfRwuJMONg,1.9M,-,Peru,Celebrity Technology,558K,youtube,peru,False,2024,Tech&Gaming,MAPPED,,Celebrity Technology
38,PEINÓPOLIS (Trenzas y Peinados) @UCGmIFEsrfvKrX8XFx9MXImQ,1.8M,-,Peru,,543K,youtube,peru,False,2024,NA,NA,,
39,GatoTom music @UCJ5o-Ll4Sj8N5WOuatpicUg,1.8M,-,Peru,,537K,youtube,peru,False,2024,NA,NA,,
40,Ekaty @UCuPfFwTjp0EUjawrt0UWncw,1.8M,-,Peru,,531K,youtube,peru,False,2024,NA,NA,,
41,EEG @UCZSJ9bCN0Kh8vJImfacvkFg,1.8M,-,Peru,,525K,youtube,peru,False,2024,NA,NA,,
42,Dayiro Castañeda @UCvJocPN32o3PH8643MEKlSA,1.7M,-,Peru,,510K,youtube,peru,False,2024,NA,NA,,
43,TheDracerGx @UC1oVDo0rD0NfRcE3KP_qvyQ,1.7M,-,Peru,,498K,youtube,peru,False,2024,NA,NA,,
44,Mishifu @UC_cwOgdqxY0VPVGiQZdJtnA,1.7M,-,Peru,,495K,youtube,peru,False,2024,NA,NA,,
45,Gravity Play @UCwlVi_yLZjvQdeWqSDRpJ6w,1.7M,0.6%,Peru,,495K,youtube,peru,False,2024,NA,NA,,
46,AQUINO @UCKuufKpyTISGU1TGj9n0q2A,1.7M,2.7%,Peru,,495K,youtube,peru,False,2024,NA,NA,,
47,Muy Fácil De Hacer @UCyviADt1A0vK8HpBxugeIVw,1.6M,-,Peru,,483K,youtube,peru,False,2024,NA,NA,,
48,Hablando Huevadas @UCba1vMvOHWlMddLARS382Zw,1.6M,4.8%,Peru,,483K,youtube,peru,False,2024,NA,NA,,
49,Cosas Geniales @UC4KBb5dc273YV0VLzOQuI7A,1.5M,-,Peru,,462K,youtube,peru,False,2024,NA,NA,,
50,Corazón Serrano @UCF-1xB_VwVjN4lUPsh8PryQ,1.5M,0.5%,Peru,,450K,youtube,peru,False,2024,NA,NA,,
51,Heyisalike @lexisabel,1.5M,0.3%,Peru,,450K,youtube,peru,False,2024,NA,NA,,
52,EzraHoward @UCrydzgkJebdfqc0Fvwf4Dcg,1.5M,-,Peru,,441K,youtube,peru,False,2024,NA,NA,,
53,Darek @UCJL-S1GilHUxY_6XWc8ei7w,1.4M,0.1%,Peru,,429K,youtube,peru,False,2024,NA,NA,,
54,Megabuster @UCxuyAkyOyPc1joeeW7XLLJQ,1.4M,-,Peru,,429K,youtube,peru,False,2024,NA,NA,,
55,Peluche19 FF @UCtO0r58CfwvtxnWPst2he3g,1.4M,0.9%,Peru,,429K,youtube,peru,False,2024,NA,NA,,
56,JC Gigamisterios @UCQ3zNtUFa8nSG1Tncsr-cWQ,1.4M,-,Peru,,408K,youtube,peru,False,2024,NA,NA,,
57,Bunny TV @UCObyQHIer1g1pzQVANUPw3A,1.4M,1.2%,Peru,,405K,youtube,peru,False,2024,NA,NA,,
58,DarthLogan @UCKvftpJ9gFbdJwrNi7syBSA,1.3M,-,Peru,,402K,youtube,peru,False,2024,NA,NA,,
59,SoyTomas @UCyBMvhPlYtRoDqU1e0MLXlw,1.3M,-,Peru,,402K,youtube,peru,False,2024,NA,NA,,
60,Ahora te cuento @UCaYGWwdIj4xuDIW5vOzr8Nw,1.3M,3.5%,Peru,,399K,youtube,peru,False,2024,NA,NA,,
61,El Tío Tech @UC1DggK5BjCUPWNgZRy0esRQ,1.3M,-,Peru,,399K,youtube,peru,False,2024,NA,NA,,
62,Latina Noticias @UCpSJ5fGhmAME9Kx2D3ZvN3Q,1.3M,-,Peru,,396K,youtube,peru,False,2024,NA,NA,,
63,Leidhmat @UCcbC2tHyWQ-0X2fSTILlIaw,1.3M,-,Peru,,396K,youtube,peru,False,2024,NA,NA,,
64,josi @UCqiRylQrdAIvGbyt5KPcfEg,1.3M,11.3%,Peru,,390K,youtube,peru,False,2024,NA,NA,,
65,América Noticias @UCPhm2I2wk4vqjENwhn3px8A,1.3M,-,Peru,,387K,youtube,peru,False,2024,NA,NA,,
66,Rongel Nakem @UCsDN1kifkledAQ8inUCVGgg,1.3M,-,Peru,,387K,youtube,peru,False,2024,NA,NA,,
67,Cantale @UCC6jEV2ABF1rKo6YLSIk19Q,1.3M,-,Peru,,384K,youtube,peru,False,2024,NA,NA,,
68,Juanito y Richard @cholojuanitoyricharddouglas,1.3M,0.2%,Peru,,375K,youtube,peru,False,2024,NA,NA,,
69,Alcadeno @UC7EgN0_nONgpXzmHwGWbhPw,1.2M,-,Peru,,372K,youtube,peru,False,2024,NA,NA,,
70,Odilon Huamani @UCT2JPnLdgkPnptb3PQdB5Hg,1.2M,-,Peru,,372K,youtube,peru,False,2024,NA,NA,,
71,LINEA DE TIEMPO @UCpa523oHE_iRutAewYp3v_w,1.2M,-,Peru,,369K,youtube,peru,False,2024,NA,NA,,
72,XJared10 @UCTgzQuIlt9yhH48n84fX8pQ,1.2M,-,Peru,,360K,youtube,peru,False,2024,NA,NA,,
73,Luis Lovon @UCyDbMpqtBxfTQU7ABIF70AA,1.2M,-,Peru,,360K,youtube,peru,False,2024,NA,NA,,
74,Pepe el Mago Juega @UCM-Q21rFJyjZA1fvg2cqKYw,1.2M,0.3%,Peru,,351K,youtube,peru,False,2024,NA,NA,,
75,Un Mundo De Historias @UCXiPFoqWWLmDC0aPNXe7PJg,1.2M,-,Peru,,348K,youtube,peru,False,2024,NA,NA,,
76,notepiquestv @UCVIiKvrQ8K8MqHuC1b-S70w,1.2M,-,Peru,,348K,youtube,peru,False,2024,NA,NA,,
77,Reggaeton & Trap @UCyXxTWEJOO2F4JxT8CNZGdQ,1.2M,0.3%,Peru,,345K,youtube,peru,False,2024,NA,NA,,
78,Martin Catalogne Makeup @UCokBc8rovET0mE_wO37mYXQ,1.1M,0.3%,Peru,,342K,youtube,peru,False,2024,NA,NA,,
79,Tongo Oficial @UCIm5dgSJPmVBkz7CKuGtwFQ,1.1M,0.1%,Peru,,336K,youtube,peru,False,2024,NA,NA,,
80,Jeffar Vlogs @UCHr6rOAFSuZA6KOeGyLrEOQ,1.1M,0.6%,Peru,,336K,youtube,peru,False,2024,NA,NA,,
81,Bartolito @UCsgUqltFhaGFjz4pvJ0CTTQ,1.1M,-,Peru,,330K,youtube,peru,False,2024,NA,NA,,
82,Samir velasquez @UCINvgwTzPzzWbCFbcn1fFmQ,1.1M,-,Peru,,321K,youtube,peru,False,2024,NA,NA,,
83,Giancarlo Velazco @UCSHp6wzQ9Loq6pmSi-n4VXg,1.1M,-,Peru,,321K,youtube,peru,False,2024,NA,NA,,
84,JaneLK Ideas @UChV3EJKbGklQ8pUC2Qt-Ymw,1.1M,0.1%,Peru,,315K,youtube,peru,False,2024,NA,NA,,
85,Misias pero viajeras @misiasperoviajeras,1.1M,0.4%,Peru,,315K,youtube,peru,False,2024,NA,NA,,
86,Roart @UChh-bXBQTrMQIJackwys2dQ,1M,0.1%,Peru,,309K,youtube,peru,False,2024,NA,NA,,
87,Aprendiendo a Cocinar Como Mamá @UC3S_MrM4E5icPagCdW6wc1w,1M,-,Peru,,306K,youtube,peru,False,2024,NA,NA,,
88,delquillabambino @UCfCqFAMfZ771IrBf7sFJcRA,1M,-,Peru,,306K,youtube,peru,False,2024,NA,NA,,
89,Magaly ATV @UCF6s3gpbZEQKqZ38VvQ0gLA,1M,-,Peru,,300K,youtube,peru,False,2024,NA,NA,,
90,ArturoR15 @UCCYtO-IuoJ2Pu5UlPdzgQ6g,1M,-,Peru,,300K,youtube,peru,False,2024,NA,NA,,
91,NES QUIN @UCUOheTWut65njw8U_7S98pQ,1M,-,Peru,,300K,youtube,peru,False,2024,NA,NA,,
92,Malucci @UCWYaqvLXPJrSISmZWG2AAvQ,1M,1.1%,Peru,,300K,youtube,peru,False,2024,NA,NA,,
93,anrock @UC5-kZ2oIAYjzVEdLoDDp34g,1M,0.2%,Peru,,300K,youtube,peru,False,2024,NA,NA,,
94,FanDom @UCLkmEqfMVlwItXm7ifldGKQ,1M,0.3%,Peru,,300K,youtube,peru,False,2024,NA,NA,,
95,Zombieverso @UCbvSVVf3HAm7upmlkqU2d8Q,985K,0.7%,Peru,,295.5K,youtube,peru,False,2024,NA,NA,,
96,NaciónUrbanaTV @UCkueSkG3blusetSpIdJsicQ,979K,0.2%,Peru,,293.7K,youtube,peru,False,2024,NA,NA,,
97,Easy Kitchen of Rosana @UCSC_5MAZDBZvWt4ycF0Lmhg,977K,-,Peru,,293.1K,youtube,peru,False,2024,NA,NA,,
98,El Basurero de Daarick @UCGA6Zu0wxKCnW9W0crxoneQ,975K,-,Peru,,292.5K,youtube,peru,False,2024,NA,NA,,
99,VARIOUS MUSIC LBA @UCGlFOT4_wS3vVROtpYL6mgQ,973K,-,Peru,,291.9K,youtube,peru,False,2024,NA,NA,,
100,Luisardo @UCR5a11Jjd_b5FoEA8yYenZg,963K,-,Peru,,288.9K,youtube,peru,False,2024,NA,NA,,
1,ABS-CBN Entertainment @UCstEtN0pgOmCf02EdXsGChw,41.5M,-,Philippines,,12.5M,youtube,philippines,False,2024,NA,NA,,
2,GMANetwork @UCKL5hAuzgFQsyrsQKgU0Qng,26.9M,-,Philippines,,8.1M,youtube,philippines,False,2024,NA,NA,,
3,Ivana Alawi @ivanaalawi,15.9M,1.4%,Philippines,,4.8M,youtube,philippines,False,2024,NA,NA,,
4,Niana Guerrero @UCLysbxhOO_JPOPgcsPCMb8w,14.9M,-,Philippines,,4.5M,youtube,philippines,False,2024,NA,NA,,
5,Wish 107.5 @UCdfq8-581QVUtVsa8ChVnDQ,13.8M,-,Philippines,,4.1M,youtube,philippines,False,2024,NA,NA,,
6,Zeinab Harake @UC-j7tR3DhEt85EM9HbvxXqA,13.1M,0.6%,Philippines,,3.9M,youtube,philippines,False,2024,NA,NA,,
7,Alex Gonzaga Official @UC6N-9Wh0DYhDI8sQS7jwjVA,13M,1.5%,Philippines,,3.9M,youtube,philippines,False,2024,NA,NA,,
8,GMA News @UCqYw-CTd1dU2yGI71sEyqNw,11.4M,-,Philippines,News,3.4M,youtube,philippines,False,2024,Knowledge&Info,MAPPED,,News
9,Donnalyn @UCVwvPcaag7ubJPn1gOClDvQ,9.2M,0.9%,Philippines,,2.8M,youtube,philippines,False,2024,NA,NA,,
10,Wowowin @UC7UlaAta4FC6yoo9rOtfQcQ,7.6M,-,Philippines,,2.3M,youtube,philippines,False,2024,NA,NA,,
11,Vice Ganda @UCZ1PkXDIb_ybGu-3cxMm6oQ,7.5M,1.1%,Philippines,,2.2M,youtube,philippines,False,2024,NA,NA,,
12,Jelai Andres @jelaiandres,7.5M,0.2%,Philippines,,2.2M,youtube,philippines,False,2024,NA,NA,,
13,Doc Willie Ong @UCR6n79EOdY406JlZD8FEgyg,7.4M,-,Philippines,,2.2M,youtube,philippines,False,2024,NA,NA,,
14,ChooxTV @UC2OaBXso9ZDAdAx9lW2FqZA,6.4M,0.1%,Philippines,,1.9M,youtube,philippines,False,2024,NA,NA,,
15,Toni Gonzaga Studio @UCgTar4TrvIBvrlMdPUgbFfg,6.3M,0.4%,Philippines,,1.9M,youtube,philippines,False,2024,NA,NA,,
16,Viy Cortez @UC39p6707suIKTZiw0BTGapw,6.2M,-,Philippines,,1.9M,youtube,philippines,False,2024,NA,NA,,
17,Agassi Ching @UCPa2lVGm68HvXAgzU75gHIQ,5M,-,Philippines,,1.5M,youtube,philippines,False,2024,NA,NA,,
18,TinoKidsTV @UCfxNXZJyzRwte4fK-MUYxrQ,5M,-,Philippines,,1.5M,youtube,philippines,False,2024,NA,NA,,
19,Pinoy Big Brother @UCsumo4lY8cd4v8Xt5zG3eSg,5M,-,Philippines,,1.5M,youtube,philippines,False,2024,NA,NA,,
20,Ex Battalion Music @UCXDPZNH-eEXtrxr5Ert1LWQ,5M,1.8%,Philippines,,1.5M,youtube,philippines,False,2024,NA,NA,,
21,The Hungry Syrian Wanderer @UCrPo31V8wpuuCMseyzEDZMQ,4.9M,0.8%,Philippines,,1.5M,youtube,philippines,False,2024,NA,NA,,
22,angelicajaneyap @UC-KrJWxMSMVBbmmpNLhSBdw,4.3M,-,Philippines,,1.3M,youtube,philippines,False,2024,NA,NA,,
23,Tukomi @tukomi,4.2M,-,Philippines,,1.3M,youtube,philippines,False,2024,NA,NA,,
24,"Regal Entertainment, Inc. @UC69I8egELqWywoX5wrh2KxQ",4.1M,-,Philippines,Celebrity,1.2M,youtube,philippines,False,2024,Entertainment,MAPPED,,Celebrity
25,Kathryn Bernardo @UCHNfOV1Ou9KYYAjFGbwFILA,4M,1.8%,Philippines,,1.2M,youtube,philippines,False,2024,NA,NA,,
26,Rowvery Trinidad @UCgqOzDzPe6Qzj-eZTNBgHsQ,3.9M,0.1%,Philippines,,1.2M,youtube,philippines,False,2024,NA,NA,,
27,Andrea B. @UCCl7-hiz0Hz9cMORj0BrYHw,3.9M,-,Philippines,Celebrity Music,1.2M,youtube,philippines,False,2024,Music,MAPPED,,Celebrity Music
28,Geo Ong @UCtoKGjdpzrXCI_3-WSAs_ng,3.9M,4.8%,Philippines,,1.2M,youtube,philippines,False,2024,NA,NA,,
29,ClarkTV @UCfv5QHzKKn26W6A5y5l1pLg,3.6M,-,Philippines,,1.1M,youtube,philippines,False,2024,NA,NA,,
30,Lloyd Cafe Cadena VLOGS @UC21Ah56j1gA3VckhKtA6-dQ,3.6M,4.8%,Philippines,,1.1M,youtube,philippines,False,2024,NA,NA,,
31,MechanicZ @UCQWmz5oOUdb2-9wi3Z6PW7Q,3.5M,-,Philippines,,1M,youtube,philippines,False,2024,NA,NA,,
32,One Sports @UCXDG9ue-emCN8Ad3h7lERqQ,3.4M,-,Philippines,Sports,1M,youtube,philippines,False,2024,Sports,MAPPED,,Sports
33,Leti Sha @UCWkVgfMFZkJLQ6uB113Xq1A,3.3M,-,Philippines,,1M,youtube,philippines,False,2024,NA,NA,,
34,Kristian PH @UCsQ81wsggLv84uKENeatBMw,3.3M,0.1%,Philippines,,984K,youtube,philippines,False,2024,NA,NA,,
35,The Squad 2022 @UCMZ343FCzDO3mfX9VERi_PQ,3.3M,-,Philippines,,984K,youtube,philippines,False,2024,NA,NA,,
36,keith talens @UC3iJzT7DEznqOJdNqfwyzKA,3.3M,-,Philippines,,978K,youtube,philippines,False,2024,NA,NA,,
37,Jak Roberto @UCyUp0cQrU5CGeN5qXgrApQg,3.2M,0.5%,Philippines,,966K,youtube,philippines,False,2024,NA,NA,,
38,iWantTFC @UCBShlKe5s0Z04tDm4-gXDeg,3.2M,-,Philippines,,960K,youtube,philippines,False,2024,NA,NA,,
39,Michelle Dy @UCgFK7j5dr7Z2Sh3Vv-ka8oA,3.2M,-,Philippines,,951K,youtube,philippines,False,2024,NA,NA,,
40,FEATR @UCoTrrnpqNOqR_yhrv6KIHiA,3.2M,-,Philippines,,951K,youtube,philippines,False,2024,NA,NA,,
41,Von Ordona Vlogs @UC7m88_dfniONQbHF7sxycqg,3.1M,0.5%,Philippines,,942K,youtube,philippines,False,2024,NA,NA,,
42,Boss Keng @UCQpMeIJ0-ykiqCiCrZZY6DQ,3.1M,0.6%,Philippines,,939K,youtube,philippines,False,2024,NA,NA,,
43,LIVELOVEPARTY.TV @UCVKZZn5fcJbsKEkm8dc5cxg,3M,-,Philippines,Fitness,912K,youtube,philippines,False,2024,Sports,MAPPED,,Fitness
44,Ogie Diaz @UCFjNqRoCvkOCYLnBUjdfmSg,3M,0.3%,Philippines,,891K,youtube,philippines,False,2024,NA,NA,,
45,Miniature Cusina @UCbtgvc9joz_6xBr4OLoy0iA,3M,-,Philippines,,888K,youtube,philippines,False,2024,NA,NA,,
46,Elgin @UC9ahzg5NE2d9jLgxdcqciJA,2.9M,0.1%,Philippines,,882K,youtube,philippines,False,2024,NA,NA,,
47,Braxy @braxy,2.9M,0.1%,Philippines,,870K,youtube,philippines,False,2024,NA,NA,,
48,KAYCEE WONDERLAND @UCfaJVVAQOQ56gf7JYWVugMg,2.9M,4.7%,Philippines,,870K,youtube,philippines,False,2024,NA,NA,,
49,Kim Chiu PH @UCUSmW85ETJC0mNXMmCzIyyw,2.9M,0.5%,Philippines,,864K,youtube,philippines,False,2024,NA,NA,,
50,News5Everywhere @UCGEbMwiX774cseKvJqF9R2g,2.9M,-,Philippines,,858K,youtube,philippines,False,2024,NA,NA,,
51,Moira Dela Torre @UCnOafy_XCtpz_EpLqVkgunQ,2.8M,2.4%,Philippines,,849K,youtube,philippines,False,2024,NA,NA,,
52,Bea Alonzo @UC1ebx44DwOCzCSePqJIdC_g,2.8M,2.2%,Philippines,,843K,youtube,philippines,False,2024,NA,NA,,
53,UNTV News and Rescue @UC3XaG-7UVi2vD8ZZEMNnnpw,2.8M,-,Philippines,News Marketing and Advertising Television,837K,youtube,philippines,False,2024,Knowledge&Info,MAPPED,,News Marketing and Advertising Television
54,Makagago Wazzup Man @UCdBppUV183m8dQ3RYygns-Q,2.8M,1%,Philippines,,828K,youtube,philippines,False,2024,NA,NA,,
55,Love Marie Escudero @UCJdFejePA1O6fuKKwRqF6tg,2.8M,0.4%,Philippines,,828K,youtube,philippines,False,2024,NA,NA,,
56,Wil Dasovich @UCSir19L_390tAg4IbCggvCg,2.8M,0.3%,Philippines,,825K,youtube,philippines,False,2024,NA,NA,,
57,CoversPH @UCaPwSXblS8F0owlKHGc6huw,2.7M,-,Philippines,,813K,youtube,philippines,False,2024,NA,NA,,
58,RACHEL WONDERLAND @UCLmjrj9ZvStUlauvMl5fmmw,2.7M,-,Philippines,,807K,youtube,philippines,False,2024,NA,NA,,
59,Junell Dominic @UCRKPNXzPWJtJeoVBaFVuBCw,2.7M,1%,Philippines,,804K,youtube,philippines,False,2024,NA,NA,,
60,Bongbong Marcos @UCqgTKnYIeu4DNXGN5fBCY9Q,2.7M,1.6%,Philippines,,801K,youtube,philippines,False,2024,NA,NA,,
61,Jp Amazing Stories @UCnxkCLjb1JAvhQ8iBfIX2_Q,2.7M,-,Philippines,,798K,youtube,philippines,False,2024,NA,NA,,
62,Kaalaman @UCTfv9FQ_wKXIjzCIHxnSn2A,2.7M,-,Philippines,,795K,youtube,philippines,False,2024,NA,NA,,
63,SB19 Official @UCm4v7afBTnJKRm4SlfHJzyg,2.7M,0.7%,Philippines,,795K,youtube,philippines,False,2024,NA,NA,,
64,Riva Quenery @UCovX2oe7NONkys-qeR_j1_g,2.6M,-,Philippines,,789K,youtube,philippines,False,2024,NA,NA,,
65,Yow @UCznibittbFHbwdDd5Fy01yQ,2.6M,-,Philippines,,771K,youtube,philippines,False,2024,NA,NA,,
66,KrisTells Vlogs @UC925y3Dn61A7MBXGZJWNX9A,2.5M,2.2%,Philippines,,759K,youtube,philippines,False,2024,NA,NA,,
67,Wish 1075 @UC4mNKqTuEvp9tVXWz43ijwQ,2.5M,-,Philippines,,756K,youtube,philippines,False,2024,NA,NA,,
68,Princess Thea @UC8IUIkIPEeulY3NBFtsthpQ,2.5M,0.1%,Philippines,,750K,youtube,philippines,False,2024,NA,NA,,
69,Happy Islanders @UCDiNUgM_dUHBgKCVR2awPCg,2.5M,0.4%,Philippines,,744K,youtube,philippines,False,2024,NA,NA,,
70,Pamela Swing @pamelaswing,2.5M,0.2%,Philippines,,741K,youtube,philippines,False,2024,NA,NA,,
71,Grown Ups Kids' Toys @UCX7CYiI89e6wBnwytOx8A-Q,2.5M,-,Philippines,,741K,youtube,philippines,False,2024,NA,NA,,
72,Ben&Ben @UCD2HT__OY6xzj-YbnAXJhfA,2.4M,0.6%,Philippines,,729K,youtube,philippines,False,2024,NA,NA,,
73,Sachzna @UC6Uqgjh-hUwgEYzLZ97wHkA,2.4M,-,Philippines,Beauty,717K,youtube,philippines,False,2024,Beauty&Fashion,MAPPED,,Beauty
74,Kath Melendez @UCyoLstvUOn_0D646NWwomdA,2.3M,-,Philippines,,702K,youtube,philippines,False,2024,NA,NA,,
75,Fumiya / FumiShun Base @UCi7Ofw4sJynsacr_i6uk_lA,2.3M,-,Philippines,,693K,youtube,philippines,False,2024,NA,NA,,
76,Wilbert Tolentino VLOGS @UCuqzSaI7TFlqvMkw-nWlIfA,2.3M,0.4%,Philippines,Celebrity,690K,youtube,philippines,False,2024,Entertainment,MAPPED,,Celebrity
77,BEKS BATTALION @UCMGDO2WEtB_tUMtMapDZrVg,2.3M,0.4%,Philippines,,687K,youtube,philippines,False,2024,NA,NA,,
78,Shaina Denniz @UC7MKav1P5Lt2JmSzY4pDqhQ,2.3M,-,Philippines,,681K,youtube,philippines,False,2024,NA,NA,,
79,Leteziaz @UChE6JU1pLupEdZgSbeBUuWw,2.3M,-,Philippines,,675K,youtube,philippines,False,2024,NA,NA,,
80,iNSECTiON @insectionml,2.3M,-,Philippines,,675K,youtube,philippines,False,2024,NA,NA,,
81,Evo Kaloko @UCNmHmrv5SI9Gdk5O0jEyyug,2.1M,-,Philippines,,624K,youtube,philippines,False,2024,NA,NA,,
82,Jose Hallorina @josehallorina,2.1M,-,Philippines,,621K,youtube,philippines,False,2024,NA,NA,,
83,Andree Bonifacio @UCHzbmiu_C2bEhJcHOhVn3kg,2.1M,-,Philippines,,621K,youtube,philippines,False,2024,NA,NA,,
84,Jeepney TV @UCayTnP1hE285GofWkTdXclw,2M,-,Philippines,,615K,youtube,philippines,False,2024,NA,NA,,
85,Chink Positive @chinkpositive,2M,-,Philippines,,612K,youtube,philippines,False,2024,NA,NA,,
86,Doc Adam @UCsrRPShwtgobdwkglhQVlDw,2M,-,Philippines,,609K,youtube,philippines,False,2024,NA,NA,,
87,Justin Vasquez @UCSVsSm4S2ZXNgT4hPqoTLBg,2M,0.1%,Philippines,,609K,youtube,philippines,False,2024,NA,NA,,
88,TechRam @UC3gu7p27dis86qsoizzMgMg,2M,-,Philippines,,609K,youtube,philippines,False,2024,NA,NA,,
89,Mother Kween Vlogs @UCiTDvMpAjg1d9SLwqMJGW7w,2M,0.1%,Philippines,,606K,youtube,philippines,False,2024,NA,NA,,
90,RENE JAY @UClGEuBrz0PIx4sJ5kyyGCKg,2M,-,Philippines,,603K,youtube,philippines,False,2024,NA,NA,,
91,Chad Kinis @UCh-XedTkeCPbf2Io-EMw6SA,2M,0.6%,Philippines,,603K,youtube,philippines,False,2024,NA,NA,,
92,Rainimator @UCIGl_6GmKR7fPRBBDDRcR0Q,2M,-,Philippines,,600K,youtube,philippines,False,2024,NA,NA,,
93,Pinoy Music Lover @UC0bF-pPBzm_Xu0q3fc16buQ,2M,-,Philippines,Music,597K,youtube,philippines,False,2024,Music,MAPPED,,Music
94,Idol Philippines @UChrqw3SxABVBY9JFQVTZxOw,2M,0.1%,Philippines,,588K,youtube,philippines,False,2024,NA,NA,,
95,Win YT @UCYft-5-veqg3cVAz-bObfoQ,2M,-,Philippines,,585K,youtube,philippines,False,2024,NA,NA,,
96,Panty Droppaz League @UCjuiUoq_kGqsMFSQom1lvVQ,1.9M,45%,Philippines,,582K,youtube,philippines,False,2024,NA,NA,,
97,Lyca Gairanod @UC6rupOQe1pOhTUjsr9yNtug,1.9M,0.3%,Philippines,,582K,youtube,philippines,False,2024,NA,NA,,
98,ML DiscipleGaming @UC8PyCBXwHDIZqZo-eQ-BYzg,1.9M,-,Philippines,,576K,youtube,philippines,False,2024,NA,NA,,
99,Charoot XD @UC2cIYunQXWEoUDpOOTu3SaA,1.9M,-,Philippines,,573K,youtube,philippines,False,2024,NA,NA,,
100,KYO QUIJANO @UC9V7uyaVnldZ6gnwtdLnZIA,1.9M,0.2%,Philippines,,573K,youtube,philippines,False,2024,NA,NA,,
1,Bazylland - Tractors & Excavators @UCfI1cD9PdHiz1gIwRkFVcrA,6.2M,-,Poland,,1.9M,youtube,poland,False,2024,NA,NA,,
2,Blowek @UC-BRUJOtblqGrftY6oRcOZw,4.9M,0.2%,Poland,,1.5M,youtube,poland,False,2024,NA,NA,,
3,reZigiusz @UCLLNPuvRGKxSczJcxlOiMXg,4.5M,-,Poland,,1.3M,youtube,poland,False,2024,NA,NA,,
4,WB Kids International @UCwKa3PzQeReoqMqNkDgG-8w,4M,-,Poland,,1.2M,youtube,poland,False,2024,NA,NA,,
5,Step Records @UC0kLTLosqh6GH6L19I-3EgA,3.8M,-,Poland,,1.1M,youtube,poland,False,2024,NA,NA,,
6,AbstrachujeTV @UCTISYi9ABujrrI1Slg3ZDBA,3.4M,0.3%,Poland,,1M,youtube,poland,False,2024,NA,NA,,
7,SBM Label @UCTIyVgnTO9gGZBFq6GRJvUQ,3.3M,0.2%,Poland,,975K,youtube,poland,False,2024,NA,NA,,
8,Planeta Faktów @UCAE3hyVGBraXyYZYSOS-GeQ,2.7M,0.4%,Poland,,819K,youtube,poland,False,2024,NA,NA,,
9,IsAmU @UCGPKmSKumoR3TbMIHwsh5qQ,2.7M,-,Poland,,801K,youtube,poland,False,2024,NA,NA,,
10,DISCO MAREK @UC4uocvXN4aPFQG6paBaMb1A,2.6M,-,Poland,,771K,youtube,poland,False,2024,NA,NA,,
11,Софунья Шалунья @UCDQRuEmhDZKVV3T6-F3qhtA,2.4M,0.1%,Poland,,729K,youtube,poland,False,2024,NA,NA,,
12,QueQuality @UCX0OCU1rH9loE-zZFcBJ65w,2.4M,0.5%,Poland,,714K,youtube,poland,False,2024,NA,NA,,
13,SPInkafilmstudio @UCxJDH_2HXzwUtT62HgWJqCg,2.4M,-,Poland,,711K,youtube,poland,False,2024,NA,NA,,
14,TheNitroZyniak @UCzgVSSvfIpBbc9IrTlGKEaQ,2.3M,2%,Poland,,702K,youtube,poland,False,2024,NA,NA,,
15,tvnpl @UCkhF9pRVYFI9aXM2in5JGmg,2.3M,-,Poland,,699K,youtube,poland,False,2024,NA,NA,,
16,WERSOW @UCtVy1X-hcxAL2ZlS6TqMQFw,2.3M,1.3%,Poland,,684K,youtube,poland,False,2024,NA,NA,,
17,JuzzyGamePlay @UCi_tJ4oqyG5aX3FP50KftRg,2.3M,-,Poland,,678K,youtube,poland,False,2024,NA,NA,,
18,5 Sposobów na... @UCLcxQ8h1PX3WgLdgnJHcCxg,2.2M,0.1%,Poland,,669K,youtube,poland,False,2024,NA,NA,,
19,izak LIVE @UCSeqSPSJDl0EXezzjJrwQNg,2.2M,1%,Poland,,648K,youtube,poland,False,2024,NA,NA,,
20,Boomerang Polska @UCicK95u7KyGYsvtEbzZ4wIg,2.2M,-,Poland,,645K,youtube,poland,False,2024,NA,NA,,
21,5-minutowe Sztuczki @UCu97FKL3I1KKTETTfiD9eEw,2.1M,-,Poland,,627K,youtube,poland,False,2024,NA,NA,,
22,YOUNG MULTI & YFL @UCiP6-9NHJ36BCxUWL-gNKYg,2.1M,-,Poland,,618K,youtube,poland,False,2024,NA,NA,,
23,tomasz gimper działowy @UCFBH3Bdhgh3_cCToEQsUp6Q,2M,0.7%,Poland,,615K,youtube,poland,False,2024,NA,NA,,
24,Wojan @UCMBGXf4gw91Z-lmIE7f2G8A,2M,2.3%,Poland,,612K,youtube,poland,False,2024,NA,NA,,
25,Tromba @UCkbpEIF1GKSXBn8YqjN0vyQ,2M,1.3%,Poland,,591K,youtube,poland,False,2024,NA,NA,,
26,JASNA STRONA @UCy1x3Lo-F42zaNfRAvrV-iw,2M,-,Poland,,588K,youtube,poland,False,2024,NA,NA,,
27,Śpiewające Brzdące - Piosenki dla dzieci @UCAs_VJQrP8JFQy2amoPpb8A,1.9M,-,Poland,,579K,youtube,poland,False,2024,NA,NA,,
28,MagicRecordsPoland @UCtOtfVsLUae569f6VUlPp0A,1.9M,-,Poland,,570K,youtube,poland,False,2024,NA,NA,,
29,DeeJayPallaside @UCOLTsx5y9CR6JMLhwhKxZLQ,1.9M,-,Poland,,570K,youtube,poland,False,2024,NA,NA,,
30,Mandzio @UCenDovphx1LcD5_Fkoh4iZQ,1.8M,-,Poland,,549K,youtube,poland,False,2024,NA,NA,,
31,BEKSY @UC8hqZRg26L4LGjCftQJzQXg,1.8M,0.2%,Poland,,525K,youtube,poland,False,2024,NA,NA,,
32,JDabrowsky @UCwh_QiICNVX0NNGMQ6wjR8g,1.8M,0.6%,Poland,,525K,youtube,poland,False,2024,NA,NA,,
33,Marcin Dubiel @UCYA71OArBjDdc3fjHSOedFg,1.7M,0.9%,Poland,,507K,youtube,poland,False,2024,NA,NA,,
34,ROJSON @UCepTegSUq_PSKSPn1Eq7D9g,1.7M,-,Poland,,498K,youtube,poland,False,2024,NA,NA,,
35,binkie.tv @UCcvkRvee98FqqUmXN_dwOUw,1.6M,-,Poland,,489K,youtube,poland,False,2024,NA,NA,,
36,Sitr0x @UCg5-8d84flswk43FxgQ5nnQ,1.6M,1.2%,Poland,,483K,youtube,poland,False,2024,NA,NA,,
37,TVN Series @UCygICIFaB6npPKJd4WHQ5zA,1.6M,-,Poland,,483K,youtube,poland,False,2024,NA,NA,,
38,Agnieszka Grzelak Vlog @UCyI0-Dcbw2arf0s48bCBLgQ,1.6M,0.4%,Poland,,480K,youtube,poland,False,2024,NA,NA,,
39,Unbox @UCoU9AdLQr9ZT7xDBXnhB6Fw,1.6M,0.2%,Poland,,480K,youtube,poland,False,2024,NA,NA,,
40,RoxMb @UC4rod6jmzQ3Gr5nJ148DW4A,1.6M,-,Poland,,480K,youtube,poland,False,2024,NA,NA,,
41,BOXDEL @UCtGmMo9NJaQG3hl1gsj1Hzw,1.6M,-,Poland,,480K,youtube,poland,False,2024,NA,NA,,
42,smiechawaTV @UC8oAVQ3BrGphqMZdlDHBqZA,1.6M,0.4%,Poland,,477K,youtube,poland,False,2024,NA,NA,,
43,Disco Polo Lajf @UC0rdUtnXyfzgQQz25wrkbSQ,1.6M,0.1%,Poland,,468K,youtube,poland,False,2024,NA,NA,,
44,ZeboPL @UCsmh4UF_PaQRqQcLPXk39Zg,1.6M,0.9%,Poland,,465K,youtube,poland,False,2024,NA,NA,,
45,skkf @UC88pjH_KfX7NYhobJp37dlQ,1.5M,0.3%,Poland,,456K,youtube,poland,False,2024,NA,NA,,
46,Zajcu37 @UCxe93I7CX6ib1Ttji_zBAQQ,1.5M,-,Poland,,453K,youtube,poland,False,2024,NA,NA,,
47,MINI MAJK @UCTb6wo_qUv5uT20NCSJOQ8Q,1.5M,-,Poland,,453K,youtube,poland,False,2024,NA,NA,,
48,Jacob @UCWuKx41wAvbz_NNu1oD6bsQ,1.5M,-,Poland,,447K,youtube,poland,False,2024,NA,NA,,
49,Red Lipstick Monster @UCl0PF-MS9QRT1y8px7-NsuA,1.5M,0.2%,Poland,,444K,youtube,poland,False,2024,NA,NA,,
50,Boruciak @UCu3Cz-0G_SQn-Ivrfvd1mCw,1.5M,1%,Poland,,444K,youtube,poland,False,2024,NA,NA,,
51,Peppa Pig Polski - Kanał Oficjalny @UCppKzvf9-RJM_Bxj2J15FlQ,1.5M,-,Poland,,444K,youtube,poland,False,2024,NA,NA,,
52,Remigiusz Maciaszek @UCodQcUIWz9oYKvhvCZREhTA,1.5M,-,Poland,,438K,youtube,poland,False,2024,NA,NA,,
53,WAKSY @UCrtZVvEXEYWO1J_nOzL3fiw,1.5M,-,Poland,,438K,youtube,poland,False,2024,NA,NA,,
54,wip bros @UC2C4KLIkTxXZlA8P2AEckJg,1.5M,0.1%,Poland,,438K,youtube,poland,False,2024,NA,NA,,
55,Palion @UC4MO_OktH6oXB-oCI7yjTkA,1.5M,1.6%,Poland,,435K,youtube,poland,False,2024,NA,NA,,
56,Cyberpunk 2077 @UC4zyoIAzmdsgpDZQfO1-lSA,1.4M,0.8%,Poland,,432K,youtube,poland,False,2024,NA,NA,,
57,REMBOL @UCejxuQKVl8duHl4FIaUUntQ,1.4M,-,Poland,,429K,youtube,poland,False,2024,NA,NA,,
58,Miłośnicy czterech kółek -zrób to sam @UC9SoogoWnlKeUEfvBS4rzrw,1.4M,0.3%,Poland,,426K,youtube,poland,False,2024,NA,NA,,
59,Marcek76 @UCooRKDCg3ZySvQyqiMw8x4A,1.4M,-,Poland,,417K,youtube,poland,False,2024,NA,NA,,
60,Diana Milkanova @UCeiaH1D_cCUdFet-5weejOg,1.4M,-,Poland,,405K,youtube,poland,False,2024,NA,NA,,
61,Dilerek Minecraft @UCh0JX8kKXDoV0jDnammmhWw,1.3M,0.3%,Poland,,402K,youtube,poland,False,2024,NA,NA,,
62,NOLIF @UCjP-HT_2nl3JjnQZnZ_uYAQ,1.3M,-,Poland,,402K,youtube,poland,False,2024,NA,NA,,
63,Cyber Marian @UC2g3uS_ac-9xZr-nZTzPwkA,1.3M,0.7%,Poland,,399K,youtube,poland,False,2024,NA,NA,,
64,Masza i Niedźwiedź @UCAQ0PY25DvWFsukS8fOh-rA,1.3M,-,Poland,,396K,youtube,poland,False,2024,NA,NA,,
65,Agnieszka Grzelak Beauty @UCI64jIDZ9WVgNv-CdR_edyw,1.3M,0.8%,Poland,,393K,youtube,poland,False,2024,NA,NA,,
66,True Beauty @UCWoot1x_j6CgjZv9NY9upRQ,1.3M,0.1%,Poland,Beauty,387K,youtube,poland,False,2024,Beauty&Fashion,MAPPED,,Beauty
67,Dawid Frank @UCuaCWszD8Z2bZcSNvlAR6UA,1.3M,0.5%,Poland,,387K,youtube,poland,False,2024,NA,NA,,
68,Poczciwy Krzychu @UClW-5AzH7AhPVeOYcn1vwLw,1.3M,1.9%,Poland,,384K,youtube,poland,False,2024,NA,NA,,
69,TOP10Wszystkiego @UC8IAR2gn8UoYhr25ETiW_mg,1.3M,0.3%,Poland,,384K,youtube,poland,False,2024,NA,NA,,
70,Dominik Łupicki @dominik%c5%81upicki,1.3M,0.1%,Poland,,384K,youtube,poland,False,2024,NA,NA,,
71,Disney Junior Polska @UCTlR8daOC4BwegqNosXim6A,1.3M,-,Poland,,381K,youtube,poland,False,2024,NA,NA,,
72,GilathissNew @UCcfqGjlTJfydWao-1L9QM3g,1.3M,0.2%,Poland,,381K,youtube,poland,False,2024,NA,NA,,
73,Karolina Żebrowska @UCNwZIGnHkzy6KpHPQtserzQ,1.3M,1.9%,Poland,,378K,youtube,poland,False,2024,NA,NA,,
74,Sobel @UCalZDLHUJpNk65HKF4V00LQ,1.3M,-,Poland,,378K,youtube,poland,False,2024,NA,NA,,
75,TRENUJ Z KRZYCHEM @UC4ZQQ7klyUW098VQ2pliSUA,1.3M,0.2%,Poland,,378K,youtube,poland,False,2024,NA,NA,,
76,Medusa Official @UCP4Xo2CiV9hilARkz8rxIjg,1.3M,0.2%,Poland,,375K,youtube,poland,False,2024,NA,NA,,
77,Doknes @UCyhCODAyJCop2D2xYvyYAtw,1.3M,0.3%,Poland,,375K,youtube,poland,False,2024,NA,NA,,
78,PatecWariatec @UCYsZvmJGPzTMSBXES06-2lg,1.2M,1.6%,Poland,,369K,youtube,poland,False,2024,NA,NA,,
79,Natsu @UCRIH0tn9LkJIPeSFn5xoZ8g,1.2M,0.9%,Poland,,366K,youtube,poland,False,2024,NA,NA,,
80,Poszukiwacz @UCzvaTqqDP1lE0iUuoExpijw,1.2M,1.6%,Poland,,366K,youtube,poland,False,2024,NA,NA,,
81,MINIVEVO @UCnjIhzS3ZY-Jhs0aGRA2pmg,1.2M,-,Poland,,363K,youtube,poland,False,2024,NA,NA,,
82,Bonda @UCmlU7184B6TBOyJ2OhseCAg,1.2M,0.1%,Poland,,363K,youtube,poland,False,2024,NA,NA,,
83,Lexy Chaplin @UC-A70F2MeY-79zhvdvldasA,1.2M,3.3%,Poland,,360K,youtube,poland,False,2024,NA,NA,,
84,7 metrów pod ziemią @UCwz-vpQaawff1CxXKpU-FAw,1.2M,-,Poland,,357K,youtube,poland,False,2024,NA,NA,,
85,NIEPRZYGOTOWANI: Nowe Pokolenie @UCjBPsGSFkcDjdQquQvIkliA,1.2M,1.9%,Poland,,357K,youtube,poland,False,2024,NA,NA,,
86,WATAHA - Krulestwo @UCRs73oi5IRLjXminXMp4j9w,1.2M,4.8%,Poland,,357K,youtube,poland,False,2024,NA,NA,,
87,Admiros @UCn1WtBUGqRy0hS7X3zcH6lw,1.2M,0.6%,Poland,,354K,youtube,poland,False,2024,NA,NA,,
88,Готовим дома @UCcJ42urZmoOG3IV0Okd8haw,1.2M,0.1%,Poland,,354K,youtube,poland,False,2024,NA,NA,,
89,VDJ Smile Music @UCV3IseaOx-KwjBgeiood8gg,1.2M,-,Poland,,354K,youtube,poland,False,2024,NA,NA,,
90,Disney Channel Polska @UC0gOiF-21O9Mct1AFpPeXfQ,1.2M,-,Poland,,348K,youtube,poland,False,2024,NA,NA,,
91,VDJ Smile @UC9XHHUdcSRgq8e6l_Bt-Sqw,1.2M,0.4%,Poland,Music,348K,youtube,poland,False,2024,Music,MAPPED,,Music
92,Vertez @UC5G4aFw1PAcdTvqUaxozdJQ,1.2M,-,Poland,,345K,youtube,poland,False,2024,NA,NA,,
93,Milana Tv @UCIHByRN8XpEXXGWTiGLfgzA,1.1M,-,Poland,,342K,youtube,poland,False,2024,NA,NA,,
94,miss Aga @UCfQmIDmbuUdmtlizUeKgkoA,1.1M,-,Poland,,342K,youtube,poland,False,2024,NA,NA,,
95,vNARF @UCCBWP7kg-nLXuHuhGf7Qpiw,1.1M,-,Poland,,342K,youtube,poland,False,2024,NA,NA,,
96,Farell @UCc7Ys58zjPxeg8UQ3cyyJsQ,1.1M,0.3%,Poland,,339K,youtube,poland,False,2024,NA,NA,,
97,WarszawskiKoks @UC2AyohFiDUS3K98h5dJVfog,1.1M,2%,Poland,Fitness,336K,youtube,poland,False,2024,Sports,MAPPED,,Fitness
98,TVN Talent Show @UCWJNF5h3No52WmZuspDrG8A,1.1M,-,Poland,,336K,youtube,poland,False,2024,NA,NA,,
99,Polsat @UCkNOjcTcgLaNL0-XNoe4gtw,1.1M,-,Poland,,333K,youtube,poland,False,2024,NA,NA,,
100,VDJ Smile ViP @UCvdhZwrI0qZ2LLsMbMk4Kkg,1.1M,0.1%,Poland,,333K,youtube,poland,False,2024,NA,NA,,
1,D4rkFrame @UC7wseMScXyaEP7ubWutNZmQ,4.9M,0.3%,Portugal,,1.5M,youtube,portugal,False,2024,NA,NA,,
2,WildBrain em Português @UCKWGr9VyIYn_c6gXbYctH3w,4.5M,-,Portugal,,1.4M,youtube,portugal,False,2024,NA,NA,,
3,Temperos e Sabores @UCN3Grwgu5ZFNZzkl4IY3V1w,4.4M,-,Portugal,,1.3M,youtube,portugal,False,2024,NA,NA,,
4,wuant @UCSHSIx0CttXzzuT3YLVZC7Q,3.7M,-,Portugal,,1.1M,youtube,portugal,False,2024,NA,NA,,
5,Fer0m0nas @UC4pxiz_9Ok-B4jiKBVYLODg,3.2M,-,Portugal,,972K,youtube,portugal,False,2024,NA,NA,,
6,Panda E Os Caricas @UCrRCYfAdzBO3ViaOseB9dJw,2.9M,-,Portugal,,855K,youtube,portugal,False,2024,NA,NA,,
7,FEEL MY STYLE @UCYG6DQUw79szmnuNux_S8pg,2.8M,-,Portugal,,846K,youtube,portugal,False,2024,NA,NA,,
8,Nu Meditation Music @UCYy9EGb3fvmUSgMVfJ7KXJw,2.6M,-,Portugal,,786K,youtube,portugal,False,2024,NA,NA,,
9,Os Amiguinhos Contos e Historinhas @UCy2lbjas8-0tw1nGkDkWo5A,2.2M,-,Portugal,,651K,youtube,portugal,False,2024,NA,NA,,
10,Olena Starodubets @UC_o_CN1UbEuIN4VA-08WRpQ,2.1M,0.1%,Portugal,,618K,youtube,portugal,False,2024,NA,NA,,
11,MIRACULOUS - As Aventuras de Ladybug @UCBDEu1tO_K4CpfHJqo6jxmQ,1.9M,-,Portugal,,567K,youtube,portugal,False,2024,NA,NA,,
12,Gabriel Herrera @UCmJocBytBRMbGw6haSRXnjQ,1.6M,0.7%,Portugal,,477K,youtube,portugal,False,2024,NA,NA,,
13,Dreamau @UCGDXvB6qgN7JQ1w2_rBalFA,1.6M,6.2%,Portugal,,471K,youtube,portugal,False,2024,NA,NA,,
14,V Kids @UCLvYm3vnjj1ehSW1YJ7KcQA,1.6M,-,Portugal,,471K,youtube,portugal,False,2024,NA,NA,,
15,Cakepedia @UCB5-vMdPI0bLMtmgtOHJGMQ,1.4M,-,Portugal,,423K,youtube,portugal,False,2024,NA,NA,,
16,自说自话的总裁 @UCgo_-fjJxnLwwwq5dSY72rg,1.4M,-,Portugal,,417K,youtube,portugal,False,2024,NA,NA,,
17,Dima e Carros @UCsgVEZ5vrKQrQQER7p5HwBA,1.4M,-,Portugal,,405K,youtube,portugal,False,2024,NA,NA,,
18,Eiro Nareth @UCOR-iqlcedb8VMnax37m3MQ,1.3M,-,Portugal,Celebrity Music,384K,youtube,portugal,False,2024,Music,MAPPED,,Celebrity Music
19,Eatyourkimchi Studio @UCLMtDePlMyiqv2XC_ByNEVQ,1.2M,-,Portugal,Food and Drink,366K,youtube,portugal,False,2024,Lifestyle,MAPPED,,Food and Drink
20,Pi @UCSmFxzDZh8M2oKlRslNtdWw,1.1M,0.1%,Portugal,,342K,youtube,portugal,False,2024,NA,NA,,
21,K Tech @UCJY41yD2uXdj3sV-8sMOcGw,1.1M,0.2%,Portugal,Technology,342K,youtube,portugal,False,2024,Tech&Gaming,MAPPED,,Technology
22,Município Boticas @UC7IsOoh1TfF9sc1gisWwKgQ,1.1M,-,Portugal,,339K,youtube,portugal,False,2024,NA,NA,,
23,Lorenzo F7 @UC7oiSNQLq7o-NpYP-SEY_NQ,1.1M,0.5%,Portugal,,336K,youtube,portugal,False,2024,NA,NA,,
24,SEA3P0 @UC3l2Zful_g75Ue4SxDvrnlw,1.1M,3.7%,Portugal,,333K,youtube,portugal,False,2024,NA,NA,,
25,Dino Pereira @UCdwXIx_-gEak1Wz2ijdq12g,1.1M,-,Portugal,,315K,youtube,portugal,False,2024,NA,NA,,
26,RicFazeres @UC7I9vRncx1-vox41l1A0ACQ,1M,0.5%,Portugal,,312K,youtube,portugal,False,2024,NA,NA,,
27,Vidisco @UC2dRgDzWQAlQLSiGpXe1P-g,906K,-,Portugal,,271.8K,youtube,portugal,False,2024,NA,NA,,
28,GET HANDS DIRTY @UCETeXD_3awsQv-9rSdCYXQQ,856K,-,Portugal,,256.8K,youtube,portugal,False,2024,NA,NA,,
29,David Carreira @UCoH3ygrYF3XybrWwuok7FeQ,831K,-,Portugal,,249.3K,youtube,portugal,False,2024,NA,NA,,
30,O Português @UCWS5F4p6vprd5T7qhhjKERg,822K,-,Portugal,,246.6K,youtube,portugal,False,2024,NA,NA,,
31,Mariana's Corner @UCEHp_b02I0GvTYCBPX_0w1g,764K,-,Portugal,,229.2K,youtube,portugal,False,2024,NA,NA,,
32,Kids Channel Português - Vídeo Para Crianças @UCckWKg08w2GqD-lqs0fg2XA,739K,-,Portugal,,221.7K,youtube,portugal,False,2024,NA,NA,,
33,Sonhos com Dimensão @UCx7QdPOlCl0j5Oz7qBS3FuQ,735K,-,Portugal,,220.5K,youtube,portugal,False,2024,NA,NA,,
34,JoãoSousa @UCWVKNqYxjqNPKx-K-4lnF1Q,734K,-,Portugal,,220.2K,youtube,portugal,False,2024,NA,NA,,
35,Mr Nikki @UCc69IW4ZVJ2faI75VnQKMIA,707K,0.1%,Portugal,,212.1K,youtube,portugal,False,2024,NA,NA,,
36,ZigZagGamerPt @UCuYqBWUJhB4TR376MWJqqbg,693K,-,Portugal,,207.9K,youtube,portugal,False,2024,NA,NA,,
37,Fonte Divina @UCXy6tat869padQ5k9THWEPQ,687K,-,Portugal,,206.1K,youtube,portugal,False,2024,NA,NA,,
38,Andre Antunes @UC8zTlrhQ0w1-TZjc2-jdcag,683K,3.3%,Portugal,,204.9K,youtube,portugal,False,2024,NA,NA,,
39,Decorando e Reciclando @UCm4Lf79QT1h-TP6Ba8998FA,682K,-,Portugal,,204.6K,youtube,portugal,False,2024,NA,NA,,
40,Piruka @UCbD26D2EMiGBb0ELWIDCRDA,679K,9%,Portugal,,203.7K,youtube,portugal,False,2024,NA,NA,,
41,AQ @UC0Om7v5VsIeBxlF384ltTHQ,678K,-,Portugal,,203.4K,youtube,portugal,False,2024,NA,NA,,
42,General Knowledge @UCnD4jogYqIgUWY1ZYPU-Dew,669K,-,Portugal,,200.7K,youtube,portugal,False,2024,NA,NA,,
43,Balavala @UCSYcBDipDQTKjplapRJzRxQ,659K,-,Portugal,,197.7K,youtube,portugal,False,2024,NA,NA,,
44,Fernando JC Pereira @UC4Mi90YuiqxWDyx7B-8thHA,654K,-,Portugal,,196.2K,youtube,portugal,False,2024,NA,NA,,
45,É-KARGA MUSIC ENT. @UCxTRQAf0rGrSf-16Nxyuhxg,639K,-,Portugal,,191.7K,youtube,portugal,False,2024,NA,NA,,
46,DrM4ster @UCjTelsRVtkIG5EbQFx1xi7w,636K,-,Portugal,,190.8K,youtube,portugal,False,2024,NA,NA,,
47,RTP @UCWPpeeDOykyH5ducPITCDPw,618K,-,Portugal,,185.4K,youtube,portugal,False,2024,NA,NA,,
48,Louve O Senhor @UCMiidEeOggQv84W2wcRow2g,618K,-,Portugal,,185.4K,youtube,portugal,False,2024,NA,NA,,
49,KazzioTV @UCM6_5DnzVOKypIuk7S_yxDA,616K,-,Portugal,,184.8K,youtube,portugal,False,2024,NA,NA,,
50,ПЛАНЕТКА @UCKaB4TBa1bsIotb-F7UYzrQ,599K,-,Portugal,,179.7K,youtube,portugal,False,2024,NA,NA,,
51,Cyber Chaos Crew @UCB1z6rlaCVPBnnhjG7YEK7Q,597K,-,Portugal,,179.1K,youtube,portugal,False,2024,NA,NA,,
52,M O S T L Y strings @UCvF1TbHHdXwCfkX0OuU-UjA,594K,-,Portugal,,178.2K,youtube,portugal,False,2024,NA,NA,,
53,Cozy Rain @UCfak21UYFUer7Nhucu3CuJA,581K,0.3%,Portugal,,174.3K,youtube,portugal,False,2024,NA,NA,,
54,The Voice Kids Portugal @UCkGU7_h01Wb-lxNuQZQuSDQ,578K,0.2%,Portugal,,173.4K,youtube,portugal,False,2024,NA,NA,,
55,Sana's Bucket @UCFsIeVGUCUg-asclkqVtRmQ,574K,-,Portugal,,172.2K,youtube,portugal,False,2024,NA,NA,,
56,يلا بينا نلعب - Let's play @UCdO4BW_CkAYbtucM6xAA2Dw,546K,-,Portugal,,163.8K,youtube,portugal,False,2024,NA,NA,,
57,Nuno Santos @UCbfKv0kMUqdswi5sO3BT7Jg,532K,-,Portugal,,159.6K,youtube,portugal,False,2024,NA,NA,,
58,Ruca em Português [Caillou] - WildBrain @UCd9Tr90LbFouCtIv5FpXTWQ,530K,-,Portugal,,159K,youtube,portugal,False,2024,NA,NA,,
59,HUGEL @UCWVBfvVTf3UrPA-z5gos60w,528K,0.1%,Portugal,,158.4K,youtube,portugal,False,2024,NA,NA,,
60,Record TV Europa @UC-OAb1sTjfO6cJYVdn_1GgA,526K,-,Portugal,,157.8K,youtube,portugal,False,2024,NA,NA,,
61,BrunuhVille @UCZg2-TZBGrwRbuettVf10uw,519K,1%,Portugal,Music Fashion,155.7K,youtube,portugal,False,2024,Beauty&Fashion,MAPPED,,Music Fashion
62,verbovivoTv @UCoxeUqP_YR4kciGB9OW8Ukg,517K,0.1%,Portugal,,155.1K,youtube,portugal,False,2024,NA,NA,,
63,D'vox Company-Ministerial School @UCcikQ4JnzfAcIbrwV20ZVDQ,510K,-,Portugal,,153K,youtube,portugal,False,2024,NA,NA,,
64,Top Ideas @UCk6Dz31zGfMms-It9jujA-Q,506K,-,Portugal,,151.8K,youtube,portugal,False,2024,NA,NA,,
65,Espacial Música @UClWHTsfPlLh08x4MzpKPUag,505K,-,Portugal,,151.5K,youtube,portugal,False,2024,NA,NA,,
66,Mafalda Creative @UCkVFtkjbhZLlKxRoUGVrNVA,503K,1.5%,Portugal,,150.9K,youtube,portugal,False,2024,NA,NA,,
67,MALUCO BELEZA @UCQB5g-ky8eFqFnV8PtKCJcA,502K,0.1%,Portugal,,150.6K,youtube,portugal,False,2024,NA,NA,,
68,LiliOnScreen @UCBBWoP_miGpAVSJ21q0GIyA,500K,0.2%,Portugal,,150K,youtube,portugal,False,2024,NA,NA,,
69,owhana @UCGFyfj2nf0cyUA3YvK5yeHg,493K,-,Portugal,,147.9K,youtube,portugal,False,2024,NA,NA,,
70,Dose de Sucesso Tv @UCpgF7nlJqW6T55MCL9bLTHQ,479K,-,Portugal,,143.7K,youtube,portugal,False,2024,NA,NA,,
71,Rádio Comercial @UCAFtSyiazoL-f6ufljgJzzA,461K,-,Portugal,,138.3K,youtube,portugal,False,2024,NA,NA,,
72,Deejay Telio @UCW14g9lqLv2O8aFjJPXQOhA,454K,-,Portugal,,136.2K,youtube,portugal,False,2024,NA,NA,,
73,SaborIntenso @UC4wsBtWPyyIGHX79-xe_YVg,453K,0.1%,Portugal,,135.9K,youtube,portugal,False,2024,NA,NA,,
74,YoYo Portuguese Channel @UCGOfV10qfMVOk8COUmOrDAA,450K,-,Portugal,,135K,youtube,portugal,False,2024,NA,NA,,
75,Alberto Bertouh Monteiro @UCoxUy800D926GLC2G-CdBnA,446K,-,Portugal,,133.8K,youtube,portugal,False,2024,NA,NA,,
76,Miguel Luz @UChy4eVI-CC25KdzehjKi8PQ,444K,0.1%,Portugal,,133.2K,youtube,portugal,False,2024,NA,NA,,
77,New Bliss @UC-gjtyoUTzGEwWM5Y1J4J7Q,442K,-,Portugal,Music,132.6K,youtube,portugal,False,2024,Music,MAPPED,,Music
78,PedroTim23 @UCLIev6V0-69zJED4-jzPLeg,442K,0.3%,Portugal,,132.6K,youtube,portugal,False,2024,NA,NA,,
79,Dant @UC3ekshfBFMs7K1Ifwj853iQ,439K,0.1%,Portugal,,131.7K,youtube,portugal,False,2024,NA,NA,,
80,Got Talent Portugal @UCqUvQUeCAOXlDnlNyHvpIZg,429K,-,Portugal,,128.7K,youtube,portugal,False,2024,NA,NA,,
81,Gretchen & Você @UCELMHHfUtxRjW3vIOTr78Xg,424K,-,Portugal,,127.2K,youtube,portugal,False,2024,NA,NA,,
82,Angie Costa @UCTalL-QLuDyYeGhO32p6tHQ,424K,3.1%,Portugal,,127.2K,youtube,portugal,False,2024,NA,NA,,
83,Quiet Quest - Study Music @UC1dVfl5-I98WX3yCy8IJQMg,421K,-,Portugal,,126.3K,youtube,portugal,False,2024,NA,NA,,
84,Tugaz @UCnDRmCtETHR1IM2L8e-Ul-w,420K,-,Portugal,Video Gaming,126K,youtube,portugal,False,2024,Tech&Gaming,MAPPED,,Video Gaming
85,Tiago Catarino @UCqLbTAc5Mn2cJDu1-FZ2W3g,419K,-,Portugal,,125.7K,youtube,portugal,False,2024,NA,NA,,
86,Fernando Daniel @UCSgU1_31gLZFzpjC_MBtxoA,409K,5%,Portugal,,122.7K,youtube,portugal,False,2024,NA,NA,,
87,Mi tarta preferida @UCz_i03nQ0pC1Uc5Y7gRLH6A,408K,-,Portugal,,122.4K,youtube,portugal,False,2024,NA,NA,,
88,Místico Zen @UC35tN-humleJXiag3Svn4sQ,395K,-,Portugal,,118.5K,youtube,portugal,False,2024,NA,NA,,
89,невер лаки @UCAFwox2gQw7YsJymIJUPLQg,387K,-,Portugal,,116.1K,youtube,portugal,False,2024,NA,NA,,
90,Nelson Freitas @UCLAMW89zT-0yCbFW1egs6Ow,387K,0.2%,Portugal,,116.1K,youtube,portugal,False,2024,NA,NA,,
91,Pororo l Conto・Cançõe para Crianças @UCSZTb1trm-t8IcKFVcg1oDQ,382K,-,Portugal,,114.6K,youtube,portugal,False,2024,NA,NA,,
92,J. Pereira - Art Carving @UCbABT-dFadbI0tEEg1tCMbQ,381K,-,Portugal,,114.3K,youtube,portugal,False,2024,NA,NA,,
93,Code Monkey @UCFK6NCbuCIVzA6Yj1G_ZqCg,378K,0.1%,Portugal,Video Gaming,113.4K,youtube,portugal,False,2024,Tech&Gaming,MAPPED,,Video Gaming
94,Plutonio 2765 @UCmnGphzR3J2LCpB9PPRFjiQ,378K,-,Portugal,,113.4K,youtube,portugal,False,2024,NA,NA,,
95,•༺Suze Chan༻• @UCr10L50wMO123opVqFTC6ZA,374K,-,Portugal,,112.2K,youtube,portugal,False,2024,NA,NA,,
96,Vitor Antunes @UCfMeB5RuzbCLtcZOdnnOiYA,373K,-,Portugal,,111.9K,youtube,portugal,False,2024,NA,NA,,
97,Clé Entertainment @UCVSlXlzkSneftAXRzLrx4Gw,368K,-,Portugal,,110.4K,youtube,portugal,False,2024,NA,NA,,
98,5meianoite @UCNK549EsjGCjjIB0iYnT2zQ,365K,-,Portugal,,109.5K,youtube,portugal,False,2024,NA,NA,,
99,Só Modão Romântico. @UCn4lmGIcxquCbciHK8N2IQA,364K,-,Portugal,,109.2K,youtube,portugal,False,2024,NA,NA,,
100,Iplay Portugal @UCGap-fnZ9Nm9yRaRVQFM09g,360K,-,Portugal,,108K,youtube,portugal,False,2024,NA,NA,,
1,Bad Bunny @UCmBA_wu8xGg1OfOkfW13Q0Q,43.1M,-,Puerto Rico,,12.9M,youtube,puerto-rico,False,2024,NA,NA,,
2,Ozuna @UCjIA3wwhi0QjSOXAZwOXbPA,35.2M,0.4%,Puerto Rico,Celebrity Music,10.6M,youtube,puerto-rico,False,2024,Music,MAPPED,,Celebrity Music
3,NickyJamTV @UCpb_iJuhFe8V6rQdbNqfAlQ,23.2M,0.1%,Puerto Rico,,7M,youtube,puerto-rico,False,2024,NA,NA,,
4,Hear This Music @UCz2SUbUr2k0T3nEmutgsPjg,14.2M,-,Puerto Rico,,4.3M,youtube,puerto-rico,False,2024,NA,NA,,
5,Rauw Alejandro @UC_Av98lDjf5KvFib5elhpYg,12.4M,-,Puerto Rico,,3.7M,youtube,puerto-rico,False,2024,NA,NA,,
6,DANIEL EL TRAVIESO VIDEOS @UCgSk89VX4QiKZsjS25FCBsQ,11.5M,0.5%,Puerto Rico,,3.5M,youtube,puerto-rico,False,2024,NA,NA,,
7,Arcangel @UCu4bj03KW4CwAsYtHSwMEsQ,10.1M,0.5%,Puerto Rico,,3M,youtube,puerto-rico,False,2024,NA,NA,,
8,Bryant Myers @UCTHTB1_BGcac49N3527qQ9Q,8.3M,-,Puerto Rico,,2.5M,youtube,puerto-rico,False,2024,NA,NA,,
9,Residente @UCzSz51ZH79cp5jvSkw_tJGA,5.4M,-,Puerto Rico,,1.6M,youtube,puerto-rico,False,2024,NA,NA,,
10,BrytiagoTV @UCuVvjHUPjVsJraijv120D_A,5.2M,1.5%,Puerto Rico,Music,1.6M,youtube,puerto-rico,False,2024,Music,MAPPED,,Music
11,Jay Wheeler @UC7fi3WLjvsa5U4LYLn1B56Q,4.6M,-,Puerto Rico,,1.4M,youtube,puerto-rico,False,2024,NA,NA,,
12,Guaynaa @UCMCiKO21-niWqCIW4LA170w,3.4M,0.4%,Puerto Rico,,1M,youtube,puerto-rico,False,2024,NA,NA,,
13,Eladio Carrion @UC0_95MpNlRz9x7JmsXBClZA,3.3M,-,Puerto Rico,Music,984K,youtube,puerto-rico,False,2024,Music,MAPPED,,Music
14,Lenny Tavarez @UCZaF5bLUS5XRsXDCnH8jFeg,3.1M,-,Puerto Rico,,924K,youtube,puerto-rico,False,2024,NA,NA,,
15,De La Ghetto @UCRp097cJIVS-cQ_GuZWQkJg,2.8M,1.6%,Puerto Rico,Careers Music,834K,youtube,puerto-rico,False,2024,Knowledge&Info,MAPPED,,Careers Music
16,Jowell & Randy @UCR1aSfi_Vp8vyjuWnzJMGjQ,2.7M,0.6%,Puerto Rico,,804K,youtube,puerto-rico,False,2024,NA,NA,,
17,Ele A El Dominio @UC1A16dAPbDIoWT9wBGihOaQ,2.5M,1.4%,Puerto Rico,,762K,youtube,puerto-rico,False,2024,NA,NA,,
18,Jamby El Favo @UCIVux4dBPIVNp_TJkEgVo6A,2.4M,0.4%,Puerto Rico,Music,726K,youtube,puerto-rico,False,2024,Music,MAPPED,,Music
19,"Tito ""El Bambino"" @UCxn6ts-dyAMahcpYBi95X1Q",2.2M,0.3%,Puerto Rico,,672K,youtube,puerto-rico,False,2024,NA,NA,,
20,Daniel El Travieso Musica @UC2IIQm_6oV0uU_Ok_mCksxA,2.2M,0.5%,Puerto Rico,,666K,youtube,puerto-rico,False,2024,NA,NA,,
21,Rimas Music @UCWC8bwUOlQEsUOqLSIESI7A,2.1M,1.6%,Puerto Rico,,624K,youtube,puerto-rico,False,2024,NA,NA,,
22,AlexisyFidoOfficial @UCRMm8HgS0cjsvi87BBxW5OA,1.9M,-,Puerto Rico,,576K,youtube,puerto-rico,False,2024,NA,NA,,
23,Darkiel @UC6EWYeeCgW5OCfNpAQurwuQ,1.8M,1.3%,Puerto Rico,Celebrity Music,534K,youtube,puerto-rico,False,2024,Music,MAPPED,,Celebrity Music
24,Revol @UCio3FGH-c_t9oXD3hKshXnw,1.4M,-,Puerto Rico,,432K,youtube,puerto-rico,False,2024,NA,NA,,
25,Mora @UCv0Gdfwyin6w3vbpZnEpmrQ,1.4M,12.8%,Puerto Rico,,423K,youtube,puerto-rico,False,2024,NA,NA,,
26,Nio Garcia @UCTA-G0O4k0t_N_LchVa8uMw,1.3M,-,Puerto Rico,,399K,youtube,puerto-rico,False,2024,NA,NA,,
27,Gilberto Santa Rosa @UCCTs64yAtgvbvySwf18aAIg,1.3M,-,Puerto Rico,,387K,youtube,puerto-rico,False,2024,NA,NA,,
28,Christian Daniel Oficial @UCQY0LRLw07mgbF83kBHJ49w,1.1M,-,Puerto Rico,,324K,youtube,puerto-rico,False,2024,NA,NA,,
29,Elvis Crespo @UCobKqaC9kUzCHKBZrd3ATiA,1.1M,0.3%,Puerto Rico,,321K,youtube,puerto-rico,False,2024,NA,NA,,
30,Cultura Profética Oficial @UC0Kj5Kr1DjdAmt7adScltMw,1.1M,1.9%,Puerto Rico,,321K,youtube,puerto-rico,False,2024,NA,NA,,
31,Chente Ydrach @UCLRbnb5jxP-x6OAN9m-3AOw,1.1M,0.2%,Puerto Rico,,318K,youtube,puerto-rico,False,2024,NA,NA,,
32,Los G4 @UCuyyjqi2Ve604GrlT2rwNzA,1M,0.4%,Puerto Rico,,306K,youtube,puerto-rico,False,2024,NA,NA,,
33,Tempo @UC0SYAB5AaDMeEQs11FbVzUA,938K,-,Puerto Rico,,281.4K,youtube,puerto-rico,False,2024,NA,NA,,
34,Javiielo @UC0gpsd4xLxNUp-7SYI9irBw,772K,1.1%,Puerto Rico,,231.6K,youtube,puerto-rico,False,2024,NA,NA,,
35,Desiree Lowry @UC5lpM3-ILsReXjphRP9c53Q,736K,0.5%,Puerto Rico,,220.8K,youtube,puerto-rico,False,2024,NA,NA,,
36,Gigolo Y La Exce @UCe24yt-fiMAVfVMhAK06AWw,715K,2.4%,Puerto Rico,,214.5K,youtube,puerto-rico,False,2024,NA,NA,,
37,CautyTV @UCPUf1ObdZfwQ4QbBng26JVw,691K,0.5%,Puerto Rico,,207.3K,youtube,puerto-rico,False,2024,NA,NA,,
38,Trapeton @UCCgtiVHQYqXc7CTu2zZAQ4Q,647K,0.1%,Puerto Rico,,194.1K,youtube,puerto-rico,False,2024,NA,NA,,
39,Samuel Hernandez @UCKrQoMOHkx89BU6hf0mv09w,646K,0.1%,Puerto Rico,,193.8K,youtube,puerto-rico,False,2024,NA,NA,,
40,Michael Vargas @UCPx8FMfGbWdL_4XH9HhVJAg,585K,-,Puerto Rico,,175.5K,youtube,puerto-rico,False,2024,NA,NA,,
41,Olympos Tops @UCLnElNO4IA8RtAGQ4-XfyQg,576K,-,Puerto Rico,,172.8K,youtube,puerto-rico,False,2024,NA,NA,,
42,LaCimaTV @UCLMMqw-UEJM-snuhuy1K3ig,556K,-,Puerto Rico,,166.8K,youtube,puerto-rico,False,2024,NA,NA,,
43,Trap House Latino @UCbw7LLT6Wq4hYdg_3Z0R4NQ,548K,3.7%,Puerto Rico,,164.4K,youtube,puerto-rico,False,2024,NA,NA,,
44,INDIOMAR @UCpMOs2jTOGNvBtn4bwRkxfA,532K,2.1%,Puerto Rico,,159.6K,youtube,puerto-rico,False,2024,NA,NA,,
45,Peter Schiff @UCIjuLiLHdFxYtFmWlbTGQRQ,510K,0.4%,Puerto Rico,,153K,youtube,puerto-rico,False,2024,NA,NA,,
46,SinfonicoTV @UCDPEgjEPyGjWd2F5AqBcdIA,484K,0.6%,Puerto Rico,,145.2K,youtube,puerto-rico,False,2024,NA,NA,,
47,VF7 PR @UCm4O1nMZpI3GlGKG8vqSPjw,477K,1.8%,Puerto Rico,,143.1K,youtube,puerto-rico,False,2024,NA,NA,,
48,JRVstudio @UC2zfPbipipAuMdQglaZ6sYw,445K,-,Puerto Rico,,133.5K,youtube,puerto-rico,False,2024,NA,NA,,
49,Villaa Oficial @UCsDOCWQIe-AlPrklH3Q1qyw,443K,-,Puerto Rico,,132.9K,youtube,puerto-rico,False,2024,NA,NA,,
50,BeautyByMayely @UCmvBTVq4xM-oBhrPsZRaWQg,433K,-,Puerto Rico,,129.9K,youtube,puerto-rico,False,2024,NA,NA,,
51,MannyMontesTV @UCNkZ67MF6q20PXBzPAs6URQ,429K,-,Puerto Rico,,128.7K,youtube,puerto-rico,False,2024,NA,NA,,
52,Chente Ydrach Clips @UCXAO-BsguYdT77p4Y9497dw,421K,-,Puerto Rico,,126.3K,youtube,puerto-rico,False,2024,NA,NA,,
53,Harold Velazquez official @UCaEQ1xL4P9lvV9WDFptjWsg,392K,-,Puerto Rico,,117.6K,youtube,puerto-rico,False,2024,NA,NA,,
54,Lucha Libre Online @UCgQ4okhw7MksyRngxOzT1vA,391K,-,Puerto Rico,,117.3K,youtube,puerto-rico,False,2024,NA,NA,,
55,Jossef @UC3Mk0U4xRa1tw6R0NQHWhzQ,382K,-,Puerto Rico,,114.6K,youtube,puerto-rico,False,2024,NA,NA,,
56,EL JÍBARO MODERNO @UCZKkgPW60NwDPMmi8U-UcJg,377K,-,Puerto Rico,,113.1K,youtube,puerto-rico,False,2024,NA,NA,,
57,Maiky Backstage @UClbcTKRxFMYpZ2zReSReN7A,326K,0.1%,Puerto Rico,,97.8K,youtube,puerto-rico,False,2024,NA,NA,,
58,Wapa TV @UCS8ijwbihAxO9grbNnBT09g,324K,-,Puerto Rico,Television,97.2K,youtube,puerto-rico,False,2024,Entertainment,MAPPED,,Television
59,JoJo Chan Shine @UC818Tjy2E_sFG74S-r_C79A,319K,-,Puerto Rico,,95.7K,youtube,puerto-rico,False,2024,NA,NA,,
60,Lover Joe @UCGUyD-Rgg93-p06WlmZMYsw,310K,-,Puerto Rico,,93K,youtube,puerto-rico,False,2024,NA,NA,,
61,Pacho El Antifeka @UCOzuXzbZgZLJGQ7JMlzgzAA,308K,1.6%,Puerto Rico,,92.4K,youtube,puerto-rico,False,2024,NA,NA,,
62,Trada Art @UCzM58wqsK1iyohjl0Cf8z8w,304K,3.7%,Puerto Rico,,91.2K,youtube,puerto-rico,False,2024,NA,NA,,
63,Atención Atención - Videos y canciones infantiles @UCulfCHLfscmGmPPqRuFcX8g,301K,-,Puerto Rico,,90.3K,youtube,puerto-rico,False,2024,NA,NA,,
64,Freestyle Mania Season @UCe1yeIzSLfxxqiGjqQbGQJg,300K,-,Puerto Rico,,90K,youtube,puerto-rico,False,2024,NA,NA,,
65,Tatito Tales @UCOUYx9mPaMvVvuZ78y5naiA,292K,-,Puerto Rico,,87.6K,youtube,puerto-rico,False,2024,NA,NA,,
66,El Viejardou @UC7YNKi_cpozSd5RNd95BnMw,288K,0.4%,Puerto Rico,,86.4K,youtube,puerto-rico,False,2024,NA,NA,,
67,Aires Esotéricos Tarot @UC0aWjtA0H1bRCDfo1ebZyXQ,288K,-,Puerto Rico,,86.4K,youtube,puerto-rico,False,2024,NA,NA,,
68,Norberto Vélez @UCoYG2_6XGtxkNpyslskTcwQ,286K,0.6%,Puerto Rico,,85.8K,youtube,puerto-rico,False,2024,NA,NA,,
69,D.OZi @UCKySa56gaq6qvbT9ChScs-g,274K,1.2%,Puerto Rico,,82.2K,youtube,puerto-rico,False,2024,NA,NA,,
70,NaturalSlim® @UCwy5Iza8GxfNK5OKkI9-Ucg,273K,-,Puerto Rico,,81.9K,youtube,puerto-rico,False,2024,NA,NA,,
71,Rafa Pabon @UCYwiWPVeuwiCrXOwii9tQdA,264K,1%,Puerto Rico,,79.2K,youtube,puerto-rico,False,2024,NA,NA,,
72,The Spirit of Orchestral Music @UCAorliAMLIw_US9fmKxqOdg,261K,-,Puerto Rico,,78.3K,youtube,puerto-rico,False,2024,NA,NA,,
73,WILLIE GONZALEZ @UC5of-Zi5TFfwrtbnkVWVmBg,261K,0.1%,Puerto Rico,,78.3K,youtube,puerto-rico,False,2024,NA,NA,,
74,Anonimus TV @UCPHa-ODrqB8jbVwje6wUsHA,260K,1.1%,Puerto Rico,,78K,youtube,puerto-rico,False,2024,NA,NA,,
75,compostapr @UC1Fop1sGlHVnsuLSiI_B5sg,254K,0.4%,Puerto Rico,,76.2K,youtube,puerto-rico,False,2024,NA,NA,,
76,lapatanamusicalnet @UCHF4eVWbU24tLoqmB5WOn-w,253K,-,Puerto Rico,,75.9K,youtube,puerto-rico,False,2024,NA,NA,,
77,Kevin Peña y Zuleyka Barreiro Ministries @UCwmHrgH4UO8MY3w9In5-yiA,247K,-,Puerto Rico,,74.1K,youtube,puerto-rico,False,2024,NA,NA,,
78,Hozwal @UCYopTA1SG3KGd8riW4aQj5g,244K,4%,Puerto Rico,,73.2K,youtube,puerto-rico,False,2024,NA,NA,,
79,Gabriel EMC @UCg2DqfapaPAOSbK8ulf12wg,238K,-,Puerto Rico,,71.4K,youtube,puerto-rico,False,2024,NA,NA,,
80,El Gran Combo de Puerto Rico @UCudqQoeNff0uGMTd6vhDNfQ,237K,0.4%,Puerto Rico,,71.1K,youtube,puerto-rico,False,2024,NA,NA,,
81,حمزة الاعمص Hamza Alams @UCqvQZi2VrjQzOxmNJmPnvhg,232K,0.5%,Puerto Rico,,69.6K,youtube,puerto-rico,False,2024,NA,NA,,
82,Gabiilon @UCKtkHjG_vofOs_HEIXYUllQ,231K,-,Puerto Rico,,69.3K,youtube,puerto-rico,False,2024,NA,NA,,
83,TheRealSonicFan @UCnYwVM9uyLGzTFfAkWqiUdQ,225K,-,Puerto Rico,,67.5K,youtube,puerto-rico,False,2024,NA,NA,,
84,JOSEPH FONSECA MUSIC @UCrbXasT1grb4W7eDm5ZkrmA,223K,0.1%,Puerto Rico,,66.9K,youtube,puerto-rico,False,2024,NA,NA,,
85,Melvin Comedia @UCoBKtB9za-HOqQx7Uv9HgwQ,221K,0.3%,Puerto Rico,,66.3K,youtube,puerto-rico,False,2024,NA,NA,,
86,Full Harmony @UCgADb3wDZG8BcOruPLphlSw,216K,0.1%,Puerto Rico,,64.8K,youtube,puerto-rico,False,2024,NA,NA,,
87,Naria Astryal @UCdIICnicxmDyTh1zPNM-9rA,211K,0.1%,Puerto Rico,,63.3K,youtube,puerto-rico,False,2024,NA,NA,,
88,V1P3R @UCmEBODMKzne24XqL2AUvdog,211K,1.5%,Puerto Rico,,63.3K,youtube,puerto-rico,False,2024,NA,NA,,
89,Franco El Gorila @UCdff7xPz3zykHH8EewBvUXw,211K,3.8%,Puerto Rico,,63.3K,youtube,puerto-rico,False,2024,NA,NA,,
90,TrashToy @UCvLLm3IBA118KbR0j-XmytQ,208K,-,Puerto Rico,,62.4K,youtube,puerto-rico,False,2024,NA,NA,,
91,Amarion @UCiFCOVgAWFUn5j0qEw4hsjA,208K,21.9%,Puerto Rico,,62.4K,youtube,puerto-rico,False,2024,NA,NA,,
92,Magic Trap TV @UCrZoBTtZZz3NROwA8h0nb2Q,204K,-,Puerto Rico,,61.2K,youtube,puerto-rico,False,2024,NA,NA,,
93,Jaydan @UCDck4XHsxREHXwAzulloAmg,203K,-,Puerto Rico,,60.9K,youtube,puerto-rico,False,2024,NA,NA,,
94,Vanessa Sonica @UCIKXTdaWYRxruUg42U4PAQA,202K,-,Puerto Rico,,60.6K,youtube,puerto-rico,False,2024,NA,NA,,
95,Yaga & Mackie @UCmOnsPuS68hRkm18o1kua9Q,202K,0.2%,Puerto Rico,,60.6K,youtube,puerto-rico,False,2024,NA,NA,,
96,Trap Cartel @UCedKMitCYfmf_PPbisS3idA,201K,-,Puerto Rico,,60.3K,youtube,puerto-rico,False,2024,NA,NA,,
97,ELYSANIJ @UCCEcOLEBJUx6YGs1VHqUuVQ,196K,-,Puerto Rico,,58.8K,youtube,puerto-rico,False,2024,NA,NA,,
98,Dale Rewind @UCOYZ6kOGNy6EbCDvOFBc7iA,193K,-,Puerto Rico,,57.9K,youtube,puerto-rico,False,2024,NA,NA,,
99,En La Intimidad TV @UC8Aii-pXOaUINK-KGpqwy9A,190K,-,Puerto Rico,,57K,youtube,puerto-rico,False,2024,NA,NA,,
100,Roberto Lugo @UCL9NVikT5u1TDq4yoElFOSw,189K,0.1%,Puerto Rico,,56.7K,youtube,puerto-rico,False,2024,NA,NA,,
1,Be Inspired @UCaKZDEMDdQc8t6GzFj1_TDw,8.6M,-,Romania,,2.6M,youtube,romania,False,2024,NA,NA,,
2,Cat Music @UCCTR5nIFvWBW9MeGEGPNG4g,7.3M,-,Romania,,2.2M,youtube,romania,False,2024,NA,NA,,
3,Bogdan's Show @UCj7vCyiJGTXkCf1HsUzv7dw,5.5M,-,Romania,,1.6M,youtube,romania,False,2024,NA,NA,,
4,RotonMusicTV @UCV-iSZdmPWV9pq-t-dlYzQg,5.1M,-,Romania,Art Music,1.5M,youtube,romania,False,2024,Music,MAPPED,,Art Music
5,فِكر تاني @UCoB1ySdDtKKDe0OVN1zbA_A,5M,-,Romania,,1.5M,youtube,romania,False,2024,NA,NA,,
6,Anabella Show @UCSGA6pp1L9A2lgV6yA889sg,5M,-,Romania,Food and Drink Pets Travel,1.5M,youtube,romania,False,2024,Lifestyle,MAPPED,,Food and Drink Pets Travel
7,MediaPro Music @UC6oZDJZhFSFjSSHpzkyr03g,3.4M,-,Romania,Music Celebrity,1M,youtube,romania,False,2024,Music,MAPPED,,Music Celebrity
8,Dani Mocanu © Oficial @UCGc991mofGxjO3-haaRENDg,3.3M,2.1%,Romania,,999K,youtube,romania,False,2024,NA,NA,,
9,Selly @UCtke4StIE5z2EiF85Zeqb-A,3.1M,0.4%,Romania,,942K,youtube,romania,False,2024,NA,NA,,
10,Video Advice @UCAwylBbx8RiRD3VsaYdwNTw,3M,-,Romania,,906K,youtube,romania,False,2024,NA,NA,,
11,Thrace Music @UCI-NxddNdik4EEGyVByg44Q,2.8M,-,Romania,Music,846K,youtube,romania,False,2024,Music,MAPPED,,Music
12,Andrei Terbea @UC3iNdSV_RQU7DHTGpqEW96w,2.8M,-,Romania,,843K,youtube,romania,False,2024,NA,NA,,
13,STR Red @UC7B-GglTR_SBfM5pgrC39fA,2.5M,-,Romania,,750K,youtube,romania,False,2024,NA,NA,,
14,AmmA Music & Sound @UCzg-KdISpftt0hjybLVYAhQ,2.5M,-,Romania,,741K,youtube,romania,False,2024,NA,NA,,
15,Familia MELIMI @melimi,2.4M,0.5%,Romania,,717K,youtube,romania,False,2024,NA,NA,,
16,XBRAKER VS ARCADE @UC8PBr11mPXfu3IJmashujyQ,2.3M,-,Romania,,693K,youtube,romania,False,2024,NA,NA,,
17,Big Man Romania @UCuMj5RiqBhThj8R5XqFILwg,2.3M,-,Romania,,687K,youtube,romania,False,2024,NA,NA,,
18,Dorian Popa @dorianpopahatz,2.2M,0.5%,Romania,,654K,youtube,romania,False,2024,NA,NA,,
19,Throneful @UCIw5rbXUrtk31t20Ap5817w,2.2M,-,Romania,,645K,youtube,romania,False,2024,NA,NA,,
20,Magicianul Robert Tudor @UCO2UMyeXwQe4hb2mk0K1m8A,2.1M,-,Romania,Shopping,624K,youtube,romania,False,2024,Beauty&Fashion,MAPPED,,Shopping
21,Noaptea Târziu @UCoOF5TJFkopCBciv05LLfCw,1.9M,-,Romania,,567K,youtube,romania,False,2024,NA,NA,,
22,Andra @UC-j_qmx-JdJWjwVIetg1vHQ,1.9M,-,Romania,,558K,youtube,romania,False,2024,NA,NA,,
23,Disney Romania @UCefcr2GL6WaVr-RWAGt5giQ,1.7M,-,Romania,,495K,youtube,romania,False,2024,NA,NA,,
24,Doi Degeaba @UCK4p00drpt-AP2KxWs_H34Q,1.6M,2%,Romania,,486K,youtube,romania,False,2024,NA,NA,,
25,Melly Karamely Family @UCC_Su3sUw7BBYrRVVoR9fJQ,1.6M,-,Romania,,486K,youtube,romania,False,2024,NA,NA,,
26,3Chestii @3chestii,1.6M,0.5%,Romania,,474K,youtube,romania,False,2024,NA,NA,,
27,La povesti cu Jimmy @UCkAr8bunhQhvDv5krJJlYrg,1.6M,5.3%,Romania,,465K,youtube,romania,False,2024,NA,NA,,
28,Alexunea TV @UCQuib99vec_PbsSc_7f8VyQ,1.5M,0.1%,Romania,,459K,youtube,romania,False,2024,NA,NA,,
29,Boomerang România @UCkLu2_aP-7MZKRjybRUHDYA,1.5M,-,Romania,,456K,youtube,romania,False,2024,NA,NA,,
30,Antena 1 @UCbyawH6yI56MxZid7m2yLiA,1.5M,-,Romania,,456K,youtube,romania,False,2024,NA,NA,,
31,Jador @UCuVGndfnNoNXzxpSZ5qgiaw,1.5M,-,Romania,,447K,youtube,romania,False,2024,NA,NA,,
32,Mihai-Alexandru Hash @UCg8uNiuq_AslECnNZ0n4l8g,1.5M,0.2%,Romania,,435K,youtube,romania,False,2024,NA,NA,,
33,MrEdxwx @UC7FvHJEkTuwoi2pFsVideFA,1.4M,-,Romania,,429K,youtube,romania,False,2024,NA,NA,,
34,BettyL Club @UCuWm7b-CBm3qyd5Ftb1G9Sg,1.4M,-,Romania,,426K,youtube,romania,False,2024,NA,NA,,
35,Big Man Music Oficial @UC5GMxz7GX3LdKexkpwASYNg,1.4M,-,Romania,,423K,youtube,romania,False,2024,NA,NA,,
36,Pisica MiauMiau @UCKVi1LI2KOgOYUssNVWO1Xg,1.4M,0.2%,Romania,,414K,youtube,romania,False,2024,NA,NA,,
37,Knowledgia @UCuCuEKq1xuRA0dFQj1qg9-Q,1.4M,-,Romania,,414K,youtube,romania,False,2024,NA,NA,,
38,CreativeMonkeyzArmy @UCwUfX87V6RsbVVRrcrxmJAA,1.4M,1.5%,Romania,,405K,youtube,romania,False,2024,NA,NA,,
39,HaHaHa Production @UCZFZH5uzK8RVRE1lrP7L2yQ,1.3M,-,Romania,,402K,youtube,romania,False,2024,NA,NA,,
40,Lord Aizen @UCyHzuI5sqmtfrV-2SzZz5HQ,1.3M,-,Romania,,390K,youtube,romania,False,2024,NA,NA,,
41,ilie’s vlogs @UCI4kXahIsuJYCmrEkjFjAtA,1.3M,0.5%,Romania,,390K,youtube,romania,False,2024,NA,NA,,
42,Antonio Pican @UCZ6dtYWTv14XJidLgcWqRRg,1.3M,1.9%,Romania,,375K,youtube,romania,False,2024,NA,NA,,
43,ovadark @UCSzxkmcv3W5DnnYxq1ub1bA,1.3M,-,Romania,Video Gaming,375K,youtube,romania,False,2024,Tech&Gaming,MAPPED,,Video Gaming
44,Kompact Play Music @UCg3nk6CovuSHbXf-xsI6TVA,1.2M,-,Romania,,363K,youtube,romania,False,2024,NA,NA,,
45,Gami @UCnKuzfMBRasBL_b-iKG4FPA,1.2M,0.4%,Romania,,363K,youtube,romania,False,2024,NA,NA,,
46,Casa Iubirii @UCgRHtJDaeVzQ_hW1-xzrTWw,1.2M,-,Romania,,357K,youtube,romania,False,2024,NA,NA,,
47,Cristi Munteanu @UCX5nytKY7ARJ0GiP9_xn4XQ,1.2M,-,Romania,,357K,youtube,romania,False,2024,NA,NA,,
48,RoTerra Music Official @UCSr-FXpCojmsXfto7KcBnUA,1.2M,-,Romania,,354K,youtube,romania,False,2024,NA,NA,,
49,yayamusicproduction @UCZM_qIBmh3RmXdbiaMPj6-w,1.2M,-,Romania,,345K,youtube,romania,False,2024,NA,NA,,
50,Like Sara @UCEkXmiskQSV0paypikrEsrQ,1.2M,-,Romania,,345K,youtube,romania,False,2024,NA,NA,,
51,MIRCEA BRAVO @UCJes43YsFzZ8FUzUMmhRFFw,1.1M,0.6%,Romania,,339K,youtube,romania,False,2024,NA,NA,,
52,Orange Blue @UCE_NNArrZmhYCwuoc9-GTrQ,1.1M,-,Romania,,339K,youtube,romania,False,2024,NA,NA,,
53,Bogdan DLP @UCOSuXx0kB-vHNsVY222B3lQ,1.1M,-,Romania,,333K,youtube,romania,False,2024,NA,NA,,
54,Acces Direct @UCLD8IijD59t34HWV9z_0acg,1.1M,-,Romania,,333K,youtube,romania,False,2024,NA,NA,,
55,"Atentie, Cad Mere! @UCcT-Q7UFnIFuRMiAqUnfwNA",1.1M,0.2%,Romania,,330K,youtube,romania,False,2024,NA,NA,,
56,Simion Tomiţa @UCvN_8CUQs_vPUpKNdAQUr_Q,1.1M,-,Romania,,327K,youtube,romania,False,2024,NA,NA,,
57,abi talent @UCQGg3WPrQ0bmcktpIdWoT5g,1.1M,15.2%,Romania,,321K,youtube,romania,False,2024,NA,NA,,
58,maxsialtele @UCEf1OOSM2-o7JYGE4qSzb3A,1M,0.3%,Romania,,312K,youtube,romania,False,2024,NA,NA,,
59,MIXTON MUSIC @UCqzx-RJyMESr4U7Q49EDLmQ,1M,0.3%,Romania,,309K,youtube,romania,False,2024,NA,NA,,
60,Bercea @UC28RpfWWLPgZVV3hcxaJsPw,1M,0.4%,Romania,,309K,youtube,romania,False,2024,NA,NA,,
61,NYK @UCCZoiwHiWsmXEU7HPwFlhaw,1M,-,Romania,,309K,youtube,romania,False,2024,NA,NA,,
62,Global Records @UCXH2R1015c-YCZ2PO-0kanQ,1M,-,Romania,Books Music,309K,youtube,romania,False,2024,Knowledge&Info,MAPPED,,Books Music
63,BiBi @UC_d1gUdRvIhhQiPNFJ5nAzA,1M,2.4%,Romania,,309K,youtube,romania,False,2024,NA,NA,,
64,Diana C @UCNtpcmdWoqSk0Au2_auC8jw,1M,-,Romania,,303K,youtube,romania,False,2024,NA,NA,,
65,Radio ZU @UCCk2fsACFAxsCOZZjwW2_Pg,1M,-,Romania,,303K,youtube,romania,False,2024,NA,NA,,
66,Iuliana Beregoi @UCb8kT4F7wLJ9lS2rBP_cYEQ,1M,-,Romania,,300K,youtube,romania,False,2024,NA,NA,,
67,Sofia Show RO @UCmxpd9oYtBy4EQ7huv23dvQ,982K,0.8%,Romania,,294.6K,youtube,romania,False,2024,NA,NA,,
68,Alex Montrey @UCozoS_GnDx-9CE1IYNQ0twA,981K,1.7%,Romania,,294.3K,youtube,romania,False,2024,NA,NA,,
69,Chimaru @UCXUmHi2W9jFbvERgWhnYxbQ,980K,1.1%,Romania,,294K,youtube,romania,False,2024,NA,NA,,
70,Edy Talent @UCcga9xqeVmknO8uxUFD5QDA,977K,3.9%,Romania,Music,293.1K,youtube,romania,False,2024,Music,MAPPED,,Music
71,Jimmy Hex @UCiPzyQLUu7WKbResmB51KGQ,960K,3.1%,Romania,,288K,youtube,romania,False,2024,NA,NA,,
72,NANEmernic @UCdUI7rjrdibqUXriX-B2vvQ,957K,1.3%,Romania,,287.1K,youtube,romania,False,2024,NA,NA,,
73,Alex Crish's Toxic Waste @UCGoMase_0ntgviTS1NZqkQA,951K,5.8%,Romania,,285.3K,youtube,romania,False,2024,NA,NA,,
74,Florin Salam by Nek Music @UCeGjYw8r_xZo0Po9CtDEhkg,949K,-,Romania,,284.7K,youtube,romania,False,2024,NA,NA,,
75,Mimi @UCq-5wSr9ZrmU298suFTJGYg,937K,1.2%,Romania,,281.1K,youtube,romania,False,2024,NA,NA,,
76,Smiley @UCk6bTmj5Uc5rFA5HzAzHy4Q,936K,-,Romania,Music,280.8K,youtube,romania,False,2024,Music,MAPPED,,Music
77,Mini Toys Surprise Eggs Unboxing @UCePAHj88yuJDRA_U2MfszaQ,934K,-,Romania,,280.2K,youtube,romania,False,2024,NA,NA,,
78,Radu Constantin @UCPoCWloyfRWsmfApN_svCYA,930K,-,Romania,,279K,youtube,romania,False,2024,NA,NA,,
79,GamingGo @UCADFWcPLlqi7F5oSjtCErDQ,913K,-,Romania,Video Gaming,273.9K,youtube,romania,False,2024,Tech&Gaming,MAPPED,,Video Gaming
80,Alexandru Bălan @UCEbFovLGTKoTxDisxBI4EtA,911K,0.1%,Romania,,273.3K,youtube,romania,False,2024,NA,NA,,
81,Mara STEFANIA @UCgYsSoUXlDmftFHvokALpGA,898K,0.6%,Romania,,269.4K,youtube,romania,False,2024,NA,NA,,
82,Lino Golden @UCEj1nu-bWFmYIga6EWQFDzQ,895K,5.5%,Romania,,268.5K,youtube,romania,False,2024,NA,NA,,
83,Românii au talent @UC870eIJ80uX6yiTLRZhunNw,893K,-,Romania,,267.9K,youtube,romania,False,2024,NA,NA,,
84,RUX @UCAlLp-fWSOLeMA-tcA-MgKA,888K,-,Romania,,266.4K,youtube,romania,False,2024,NA,NA,,
85,Seek Music @UCnVs_K-Rkzkdts9sxISF8Uw,887K,0.2%,Romania,,266.1K,youtube,romania,False,2024,NA,NA,,
86,Alex Alvarez @UCtKP0AYdHY5T_U1Oy4DF2Hw,886K,-,Romania,,265.8K,youtube,romania,False,2024,NA,NA,,
87,BRomania @UCrHZJ6fddxeK2wwPIh5-O4Q,881K,-,Romania,,264.3K,youtube,romania,False,2024,NA,NA,,
88,Cocos Christina @UCETgD7gQjDBKYgq-4KeJQeA,880K,1%,Romania,,264K,youtube,romania,False,2024,NA,NA,,
89,Hair Hood @UCuc5e6jU-fKk0bgrmDye2Tg,876K,0.1%,Romania,,262.8K,youtube,romania,False,2024,NA,NA,,
90,MusicMondoRomania @UCUurCikQ1VubgVVTk3lfgQA,869K,-,Romania,,260.7K,youtube,romania,False,2024,NA,NA,,
91,Zbir @UC__aueA0HtGtCU5VTanVigA,859K,2.3%,Romania,,257.7K,youtube,romania,False,2024,NA,NA,,
92,Vladuta Lupau @UC9q02x_vtrnmFikcRodI2eQ,852K,1.2%,Romania,,255.6K,youtube,romania,False,2024,NA,NA,,
93,DenisaRaducu @denisaraducu,850K,0.1%,Romania,,255K,youtube,romania,False,2024,NA,NA,,
94,În Puii Mei @UCoDTjH4hRy4ZwSldYeXSMug,849K,-,Romania,,254.7K,youtube,romania,False,2024,NA,NA,,
95,Daria Callie @UCyGgRLbgcXjON9ZS5DaqMOQ,839K,-,Romania,,251.7K,youtube,romania,False,2024,NA,NA,,
96,Tzanca Uraganu @UCiebKrTZGBhBqWQRNtQqwoA,824K,-,Romania,,247.2K,youtube,romania,False,2024,NA,NA,,
97,TommoProduction @UCknDtlEQpdwQL_geEcIe4mA,813K,-,Romania,,243.9K,youtube,romania,False,2024,NA,NA,,
98,ANTONIA @UCmDmSSTt_4vMuPM1jk4zUtg,809K,0.4%,Romania,,242.7K,youtube,romania,False,2024,NA,NA,,
99,Andrei Cosmin @UCLn5Bd8Roau6sEScxOc95tA,802K,1.4%,Romania,,240.6K,youtube,romania,False,2024,NA,NA,,
100,Motan Show @UCmSVVJfrnrsb-OvaywIaeTQ,800K,0.2%,Romania,,240K,youtube,romania,False,2024,NA,NA,,
1,Get Movies @UClZkHt2kNIgyrTTPnSQV3SA,44.3M,-,Russia,,13.3M,youtube,russia,False,2024,NA,NA,,
2,Маша и Медведь @UCRv76wLBC73jiP7LX4C3l8Q,39.1M,-,Russia,,11.7M,youtube,russia,False,2024,NA,NA,,
3,HiMan @UCM44x9uWlx__9M9Y2IFhxzQ,18.1M,0.8%,Russia,,5.4M,youtube,russia,False,2024,NA,NA,,
4,TheBrianMaps @UCyJrhZm9KXrzRub3-wD2zWg,16.5M,1.7%,Russia,,5M,youtube,russia,False,2024,NA,NA,,
5,AdMe @UCuVpbMt4yu4I9eAey3khnGg,15.7M,-,Russia,,4.7M,youtube,russia,False,2024,NA,NA,,
6,Мастерская Настроения @UCRW3VLiVep5Ud4Ovhj2eUyA,14.1M,-,Russia,,4.2M,youtube,russia,False,2024,NA,NA,,
7,Поззи @UCuZeiI5pdpgqDojXZujoYgg,13.1M,0.1%,Russia,,3.9M,youtube,russia,False,2024,NA,NA,,
8,Compot @tastycompot,12.2M,0.3%,Russia,,3.7M,youtube,russia,False,2024,NA,NA,,
9,MrGear @UCo6DJdltbIub80bLiyJRv3w,11.9M,-,Russia,,3.6M,youtube,russia,False,2024,NA,NA,,
10,MORGENSHTERN @UCWnqnojAgMdN0fQpr_xByJw,11.8M,1.7%,Russia,,3.5M,youtube,russia,False,2024,NA,NA,,
11,BIBO и Игрушки @UCqk10y8p4_QVUT9e5LWKkdg,11.7M,-,Russia,,3.5M,youtube,russia,False,2024,NA,NA,,
12,EugenBro @UCI-t7aBR9T38EzLaNNXLLqA,10.7M,-,Russia,Video Gaming,3.2M,youtube,russia,False,2024,Tech&Gaming,MAPPED,,Video Gaming
13,СТС @UCdmauIL-k-djcct-yMrf82A,10.7M,-,Russia,,3.2M,youtube,russia,False,2024,NA,NA,,
14,AdamThomasMoran @UC-27_Szq7BtHDoC0R2U0zxA,10.6M,0.6%,Russia,,3.2M,youtube,russia,False,2024,NA,NA,,
15,Family Box @UC-jHNWViReG6R_kJ6b45FdQ,10.4M,0.3%,Russia,,3.1M,youtube,russia,False,2024,NA,NA,,
16,Теремок - Песенки для детей @UCqZZoXlUEki3H7_GCQrw53A,10.3M,-,Russia,Marketing and Advertising,3.1M,youtube,russia,False,2024,Knowledge&Info,MAPPED,,Marketing and Advertising
17,Давай поиграем в игрушки @UCC-7t96Wrq1d5lwygxOvufQ,10.2M,0.2%,Russia,,3.1M,youtube,russia,False,2024,NA,NA,,
18,Wylsacom @UCt7sv-NKh44rHAEb-qCCxvA,10.1M,0.1%,Russia,,3M,youtube,russia,False,2024,NA,NA,,
19,FixEye @UCCiGUQiWcz3lKev49TX8-Ew,9.7M,-,Russia,,2.9M,youtube,russia,False,2024,NA,NA,,
20,LITVIN @UCy6p8krDY33mDRMt19YrlXg,9.7M,-,Russia,,2.9M,youtube,russia,False,2024,NA,NA,,
21,FROST @UC9diVCDUnRAB3buT1vLn4-w,9.4M,0.4%,Russia,,2.8M,youtube,russia,False,2024,NA,NA,,
22,Аид [VyacheslavOO] @UCPX53dr-NSKoXspKmXanbCw,9.1M,-,Russia,,2.7M,youtube,russia,False,2024,NA,NA,,
23,ЕГОРИК @UCUHQKxU-_DWsrwBxlKWgsew,8.6M,1.1%,Russia,,2.6M,youtube,russia,False,2024,NA,NA,,
24,HomeAnimations - Мультики про танки @UC-Bc-4nV2-Tk4Af2rqrmrjA,8.6M,0.2%,Russia,,2.6M,youtube,russia,False,2024,NA,NA,,
25,Говорящий Том и Друзья @UCnBTGpEQ3LGPW2Shh7fiabg,8.4M,-,Russia,,2.5M,youtube,russia,False,2024,NA,NA,,
26,Little Miss Sofia @UC3p6RnGpU0QQ_H7eYbnH2AA,8.2M,-,Russia,,2.5M,youtube,russia,False,2024,NA,NA,,
27,Russian TV series @UCcGkkZ3cu4wKTJKSNy_fDmw,8.1M,-,Russia,,2.4M,youtube,russia,False,2024,NA,NA,,
28,Coffi Channel @UCpDzpaUTbIkdjkCZ9pmfMrA,8.1M,0.1%,Russia,,2.4M,youtube,russia,False,2024,NA,NA,,
29,ScortyShow @UCQXRhiyzUqZIz7-WJYJ7PaQ,7.8M,-,Russia,,2.3M,youtube,russia,False,2024,NA,NA,,
30,Данкар @UCcvSMLuj0OcAASPsTyVlzBA,7.7M,2.5%,Russia,,2.3M,youtube,russia,False,2024,NA,NA,,
31,LABELCOM @UCNqktdxgAADBj36dC7VGOgg,7.5M,0.3%,Russia,,2.2M,youtube,russia,False,2024,NA,NA,,
32,KTV @UCYFc8A8ZxeanxfBm4dyJUNg,7.1M,0.4%,Russia,,2.1M,youtube,russia,False,2024,NA,NA,,
33,ShadowPriestok - Евгений Чернявский @UC-ZROtSKHGERKmfuYL0AryQ,7M,-,Russia,,2.1M,youtube,russia,False,2024,NA,NA,,
34,Лунтик @UCdgDIIKpFlpHB1L0LZnh5EQ,7M,-,Russia,,2.1M,youtube,russia,False,2024,NA,NA,,
35,Nick Jr. Россия @UCSLZXHSv1aQDNeLN3GX6bew,6.8M,-,Russia,,2M,youtube,russia,False,2024,NA,NA,,
36,Барбоскины @UC2el0G8cIcOOdjlHy2KOBkQ,6.8M,-,Russia,,2M,youtube,russia,False,2024,NA,NA,,
37,Funny Family Games tv @UC18k1PkmSegPj7DgDpHCk-Q,6.7M,-,Russia,,2M,youtube,russia,False,2024,NA,NA,,
38,Дима Гордей @UC-Osiqly2kWjXcB6ElD2iCQ,6.6M,1%,Russia,,2M,youtube,russia,False,2024,NA,NA,,
39,Anny May @UCxz6gPUpL6l5WSTUObsH9MA,6.6M,-,Russia,,2M,youtube,russia,False,2024,NA,NA,,
40,КЛИККЛАК @UC5sSL56GJWCi4wsMpobTrAw,6.5M,1.5%,Russia,,1.9M,youtube,russia,False,2024,NA,NA,,
41,Алексей Навальный @UCsAw3WynQJMm7tMy093y37A,6.4M,1.6%,Russia,,1.9M,youtube,russia,False,2024,NA,NA,,
42,Sasha Spilberg @UCJatXmy5PyaZ6gFs-NEAFWQ,6.3M,-,Russia,,1.9M,youtube,russia,False,2024,NA,NA,,
43,Три Кота @UCBZNnwQOBirwpeWncqTj_KQ,6.3M,-,Russia,,1.9M,youtube,russia,False,2024,NA,NA,,
44,This is Хорошо @UCPT9_sNLoBLjH1uea7zpVIA,6.1M,1.2%,Russia,,1.8M,youtube,russia,False,2024,NA,NA,,
45,ТОПЛЕС @UC2Ru64PHqW4FxoP0xhQRvJg,6.1M,-,Russia,,1.8M,youtube,russia,False,2024,NA,NA,,
46,Егор Крид @UCZeinbsBPa37qf4HPj_w-lw,6.1M,-,Russia,,1.8M,youtube,russia,False,2024,NA,NA,,
47,DaiFiveTop @UCOjjJFywLQTzZcARKsTUzXA,5.9M,-,Russia,,1.8M,youtube,russia,False,2024,NA,NA,,
48,BadComedian @UC6cqazSR6CnVMClY0bJI0Lg,5.8M,13%,Russia,,1.7M,youtube,russia,False,2024,NA,NA,,
49,Ярик Кeнт @UC5hNc6nMPLmcgygWgdHifgw,5.8M,-,Russia,,1.7M,youtube,russia,False,2024,NA,NA,,
50,Официальный канал КВН @UCSZ69a-0I1RRdNssyttBFcA,5.7M,-,Russia,,1.7M,youtube,russia,False,2024,NA,NA,,
51,ДНЕВНИК ХАЧА @UCnbxcA3kZ_uUYIBHNvxpDQw,5.7M,-,Russia,,1.7M,youtube,russia,False,2024,NA,NA,,
52,Nickelodeon Cyrillic @UCw3vK8lNe5SZzL--rMgq-CQ,5.6M,-,Russia,,1.7M,youtube,russia,False,2024,NA,NA,,
53,Katya Adushkina @UCA0Xum6Bxx-rhmrog1A1ISQ,5.5M,-,Russia,,1.6M,youtube,russia,False,2024,NA,NA,,
54,Виндяй @UCdd2rozVKNHZg9oTeY_X7WQ,5.5M,0.6%,Russia,,1.6M,youtube,russia,False,2024,NA,NA,,
55,Aminka Vitaminka @UCmCK7DVS30UnjZJq2McDuXA,5.5M,-,Russia,,1.6M,youtube,russia,False,2024,NA,NA,,
56,ВЛАДУС @vladus,5.4M,0.1%,Russia,,1.6M,youtube,russia,False,2024,NA,NA,,
57,AcademeG @UC0lT9K8Wfuc1KPqm6YjRf1A,5.3M,1.4%,Russia,,1.6M,youtube,russia,False,2024,NA,NA,,
58,FILMSTER @UCOD2veMoMj5jy6K0pGt55Bw,5.2M,0.7%,Russia,,1.6M,youtube,russia,False,2024,NA,NA,,
59,Elli Di @UCTl7rTGi0SROUH_zeXMS_fw,5.2M,0.1%,Russia,,1.5M,youtube,russia,False,2024,NA,NA,,
60,MOGOL TV @UC6_NK7sQEz1wHAYalwh-mFQ,5.1M,0.1%,Russia,,1.5M,youtube,russia,False,2024,NA,NA,,
61,SOBOLEV @UCNb2BkmQu3IfQVcaPExHkvQ,5.1M,2.1%,Russia,,1.5M,youtube,russia,False,2024,NA,NA,,
62,ХАБИБ @UCZYd-fQ0oSnldtcnxt94vMw,5.1M,0.5%,Russia,,1.5M,youtube,russia,False,2024,NA,NA,,
63,Gazgolder @UCthfjHehYgSyhf8ONjzJMUw,5.1M,-,Russia,,1.5M,youtube,russia,False,2024,NA,NA,,
64,Nepeta Страшилки @UCvwfhb4WVf29L7nto41xxVQ,5M,1%,Russia,,1.5M,youtube,russia,False,2024,NA,NA,,
65,Robzi @UCpFJWSlmXbQVgti5s49PkSg,5M,0.3%,Russia,,1.5M,youtube,russia,False,2024,NA,NA,,
66,BlackStarTV @UCFpD-o5sN0cSk8pgZSGLJ4g,5M,-,Russia,,1.5M,youtube,russia,False,2024,NA,NA,,
67,доктор Евдокименко @UCmyE72X4HsC7XD-z6QIQpzw,5M,-,Russia,,1.5M,youtube,russia,False,2024,NA,NA,,
68,EugeneSagaz @UCrd7UM5OBtB0n1zl41qwCUw,4.9M,0.9%,Russia,,1.5M,youtube,russia,False,2024,NA,NA,,
69,Nieceik bro @UCaY1dtKcLMBzNTlCNcgeVfw,4.9M,-,Russia,,1.5M,youtube,russia,False,2024,NA,NA,,
70,DAVA @UCbh7BxJWCMnWLwJ-traa6Wg,4.9M,1.2%,Russia,,1.5M,youtube,russia,False,2024,NA,NA,,
71,Utopia Show @UC8M5YVWQan_3Elm-URehz9w,4.9M,7.1%,Russia,,1.5M,youtube,russia,False,2024,NA,NA,,
72,Anime Uz @UCGmNzuYd1RRp9B-BWljkq5w,4.9M,-,Russia,,1.5M,youtube,russia,False,2024,NA,NA,,
73,Quantum Games @UC7TkMpfCCRwhi8vbTCAOw-A,4.8M,0.4%,Russia,,1.4M,youtube,russia,False,2024,NA,NA,,
74,OVER SHOW @UC2VQebBHZ0Jmh-AI2JrXkQg,4.8M,0.2%,Russia,Celebrity,1.4M,youtube,russia,False,2024,Entertainment,MAPPED,,Celebrity
75,NevoMusic @UCkaUg9b9LplVoJdx1JwwyOg,4.8M,-,Russia,,1.4M,youtube,russia,False,2024,NA,NA,,
76,oblomoff @UC5hcH25pD-rgIlQvzErgE7A,4.8M,0.4%,Russia,,1.4M,youtube,russia,False,2024,NA,NA,,
77,Baby Tunes Kids Channel @UC3_ZmN_g5Z_M6F-MrAxzyxg,4.7M,-,Russia,,1.4M,youtube,russia,False,2024,NA,NA,,
78,BaSTOP @UC3idpw_a9etHldTyHTiIH6g,4.7M,-,Russia,,1.4M,youtube,russia,False,2024,NA,NA,,
79,Сериал @UCjvuO1gMPI-7PB_eSXdtfmA,4.7M,-,Russia,,1.4M,youtube,russia,False,2024,NA,NA,,
80,ОЛЕЖЭ @UC9rUnYrza0heXpO011zNDfQ,4.7M,-,Russia,,1.4M,youtube,russia,False,2024,NA,NA,,
81,Raily @UCZ2-3OqJpwRfIvUGBOKa0_g,4.6M,-,Russia,,1.4M,youtube,russia,False,2024,NA,NA,,
82,ИЛЬДАР АВТО-ПОДБОР @UCG4yz4wtp2E5S62L06yqC9w,4.6M,3.2%,Russia,,1.4M,youtube,russia,False,2024,NA,NA,,
83,ПУШЕР @UCv7Zff-RjwiRPlvn8g5fMog,4.5M,0.7%,Russia,,1.4M,youtube,russia,False,2024,NA,NA,,
84,НАСТЯ ИВЛЕЕВА @UCtGJ_XI0ZGwEmKZaj3VQITw,4.5M,1.2%,Russia,,1.4M,youtube,russia,False,2024,NA,NA,,
85,Edward Bil @UCjFPu8rOAk1hleLQH6-7_Hg,4.5M,-,Russia,,1.3M,youtube,russia,False,2024,NA,NA,,
86,Кухня наизнанку @UC4gVKW7oYok8-3vmeIBNB_w,4.5M,0.5%,Russia,,1.3M,youtube,russia,False,2024,NA,NA,,
87,Юрий Хованский @UCnQBjLBbZ6TXMwM_D_iaXjQ,4.5M,-,Russia,,1.3M,youtube,russia,False,2024,NA,NA,,
88,КОТЫ ЮТУБЕРЫ @UCdThPRpf84nKaHe-ETxTPhg,4.5M,-,Russia,,1.3M,youtube,russia,False,2024,NA,NA,,
89,Warpath Tesla @UCR8qqzjkpbCdY4yx8axvHYA,4.5M,0.1%,Russia,,1.3M,youtube,russia,False,2024,NA,NA,,
90,Свинка Пеппа Русский - Официальный канал @UCnenDeyXGv5IRYsa3QAGdhQ,4.4M,-,Russia,,1.3M,youtube,russia,False,2024,NA,NA,,
91,TRUE GYM MMA @UCkrbi2bmw7DQuuC8k4TP-QA,4.4M,-,Russia,Fitness,1.3M,youtube,russia,False,2024,Sports,MAPPED,,Fitness
92,Веля @UCqzhvLeBcNEJHq9dZDEit8Q,4.4M,-,Russia,,1.3M,youtube,russia,False,2024,NA,NA,,
93,smotraTV @UCv2hYhRYO8Fmbs5mUemz2oQ,4.4M,0.7%,Russia,,1.3M,youtube,russia,False,2024,NA,NA,,
94,Луана @UCaj7AVYY8kNjmmNYWXg3YGg,4.3M,2.9%,Russia,,1.3M,youtube,russia,False,2024,NA,NA,,
95,Heidi & Zidane قصص الأسرة @UCyV1wybRFhJTNfrK8BT0BHA,4.3M,-,Russia,,1.3M,youtube,russia,False,2024,NA,NA,,
96,Comedy Club @UCsIEFXNO4bxh0hW3-_z2-0g,4.3M,0.7%,Russia,,1.3M,youtube,russia,False,2024,NA,NA,,
97,Shadow Fight @UCckHBcinJJKHKi9sBEpGARA,4.3M,-,Russia,,1.3M,youtube,russia,False,2024,NA,NA,,
98,Mary Senn @UCOug6HHVNWDpnU-m5kDNwvw,4.3M,-,Russia,,1.3M,youtube,russia,False,2024,NA,NA,,
99,GAN_13_ @UC83gPvleQosu4R3f0U3z-tg,4.3M,1%,Russia,,1.3M,youtube,russia,False,2024,NA,NA,,
100,Жекич Дубровский @UC9XJvt8OT-9_8QHDBdqocaw,4.3M,3.7%,Russia,,1.3M,youtube,russia,False,2024,NA,NA,,
1,mmoshaya @UCPOw2O3_uZ1doro9iR4x6vw,21.9M,0.1%,Saudi Arabia,,6.6M,youtube,saudi-arabia,False,2024,NA,NA,,
2,Rotana @UCNhqvQMXIgRfjAGmxQqdNRw,19.7M,0.1%,Saudi Arabia,Music,5.9M,youtube,saudi-arabia,False,2024,Music,MAPPED,,Music
3,شبكة العاب العرب | Arab Games Network @UCV2JkEBmtfSYGAIlprAhAyQ,17.3M,-,Saudi Arabia,,5.2M,youtube,saudi-arabia,False,2024,NA,NA,,
4,حقائق وأسرار @UCBzrJ1zGf9-0cd5-n7sBraQ,14.5M,-,Saudi Arabia,,4.4M,youtube,saudi-arabia,False,2024,NA,NA,,
5,انصالة فاميلي I أنس و أصالة @UCqJNTGwKmgMCwfYDbnz514Q,14.4M,-,Saudi Arabia,,4.3M,youtube,saudi-arabia,False,2024,NA,NA,,
6,ماشا و الدب @UCpm9UA5N0Y9Kv1FJNtnNlJA,13.9M,-,Saudi Arabia,,4.2M,youtube,saudi-arabia,False,2024,NA,NA,,
7,Katakit Baby TV @UChDk1SYEDyC4s74mKwfBUKQ,12.9M,-,Saudi Arabia,,3.9M,youtube,saudi-arabia,False,2024,NA,NA,,
8,BanderitaX @UCxEGVXh6fi-XYo58NZrbIHQ,12.6M,-,Saudi Arabia,,3.8M,youtube,saudi-arabia,False,2024,NA,NA,,
9,قناة وناسة - Wanasah TV @UCiRfBu1ymNpygUgpvGzVr_w,12.1M,-,Saudi Arabia,,3.6M,youtube,saudi-arabia,False,2024,NA,NA,,
10,روتانا خليجية @UCsVQJ4sjopcYEQHxWnS2Spg,9.3M,-,Saudi Arabia,,2.8M,youtube,saudi-arabia,False,2024,NA,NA,,
11,قناة سعود Saud Channel l @UC7loSNYw43oSTLlThtm_Ytw,9M,-,Saudi Arabia,,2.7M,youtube,saudi-arabia,False,2024,NA,NA,,
12,متع عقلك @UC5ls68cohdcyGx10e1TV9XA,8.8M,-,Saudi Arabia,,2.6M,youtube,saudi-arabia,False,2024,NA,NA,,
13,MjrmGames @UCesOgVkywcnbAtyNf-XZ4AA,8.6M,0.4%,Saudi Arabia,,2.6M,youtube,saudi-arabia,False,2024,NA,NA,,
14,Spacetoon @UCuQKih3Ac3NABADQKQdeV6A,8.6M,-,Saudi Arabia,,2.6M,youtube,saudi-arabia,False,2024,NA,NA,,
15,TheSaudiReporters | سعودي ريبورترز @UCGA_iwc3t5I1dVFff54wYGA,8.6M,0.8%,Saudi Arabia,,2.6M,youtube,saudi-arabia,False,2024,NA,NA,,
16,BabyBus Arabic TV - أغاني أطفال ورسوم متحركة @UCHnhz7XCP6Zx6l22npF-yWA,7.7M,-,Saudi Arabia,,2.3M,youtube,saudi-arabia,False,2024,NA,NA,,
17,Dyler | دايلر @UCi0LRhUrjY8tLx7GYFNSo_Q,7.5M,0.2%,Saudi Arabia,,2.2M,youtube,saudi-arabia,False,2024,NA,NA,,
18,Hello TV- Nursery Rhymes @UCca90sQqNC4AXmyox0FNTWQ,7.3M,-,Saudi Arabia,,2.2M,youtube,saudi-arabia,False,2024,NA,NA,,
19,توبز TOPZ @UC0fkyMAE7T3OFs7lnGCr33A,7M,-,Saudi Arabia,,2.1M,youtube,saudi-arabia,False,2024,NA,NA,,
20,d7oomy_999 | دحومي٩٩٩ @UC-3QwnB0mefZMnPjAqOyNkg,6.9M,2.1%,Saudi Arabia,,2.1M,youtube,saudi-arabia,False,2024,NA,NA,,
21,Yousef Ahmed @UC74zXUjEMrC-itAVWOLjbvg,6.8M,-,Saudi Arabia,,2M,youtube,saudi-arabia,False,2024,NA,NA,,
22,دستور DSTOR I @UC-S4_xweX_Re4JI7HrRJi9A,6.7M,0.4%,Saudi Arabia,,2M,youtube,saudi-arabia,False,2024,NA,NA,,
23,Saud Brothers @UCVXFRM2jUeYyrp2Y9laB8WA,6.7M,2.1%,Saudi Arabia,,2M,youtube,saudi-arabia,False,2024,NA,NA,,
24,صالح - oPiiLz @UCHVDgaiLbpj5Leazw8vsAmg,6.6M,0.9%,Saudi Arabia,,2M,youtube,saudi-arabia,False,2024,NA,NA,,
25,محمد عدنان Mohamad Adnan @mohamadadnan,6.5M,11%,Saudi Arabia,,1.9M,youtube,saudi-arabia,False,2024,NA,NA,,
26,lolo 7 لولو @UCmymNIaWWPbEHQTUrsVD6Ww,6.4M,-,Saudi Arabia,,1.9M,youtube,saudi-arabia,False,2024,NA,NA,,
27,اغرب @UCAH7rJ_y-y_0Gli4a4oDsJg,6.1M,-,Saudi Arabia,,1.8M,youtube,saudi-arabia,False,2024,NA,NA,,
28,MrSnb2 @UCcPrIyV7VhqxfotQCAeD1ew,5.7M,0.8%,Saudi Arabia,,1.7M,youtube,saudi-arabia,False,2024,NA,NA,,
29,عائلة فيحان @UC_Bd5Yrn9kL8fisLfPmH5ww,5.7M,1.1%,Saudi Arabia,,1.7M,youtube,saudi-arabia,False,2024,NA,NA,,
30,انيينكم | ANINNKM @UCniw52HKz6bXAxUGZ6efKRw,5.6M,0.9%,Saudi Arabia,,1.7M,youtube,saudi-arabia,False,2024,NA,NA,,
31,ثقف نفسك @UC8JJ2en6OsyCwHhbwf8bxUw,5.5M,-,Saudi Arabia,,1.7M,youtube,saudi-arabia,False,2024,NA,NA,,
32,SHoNgxBoNg @UC5hnxbraFmMPxv63U4hCwTQ,5.5M,2.6%,Saudi Arabia,,1.6M,youtube,saudi-arabia,False,2024,NA,NA,,
33,راشد بن عبدالله @UCMnsS0onDu4KKLcDWGl3bWA,5.4M,2.5%,Saudi Arabia,,1.6M,youtube,saudi-arabia,False,2024,NA,NA,,
34,MAX HD @UCdYt25YVNOQET06LMlr54aA,5.2M,1.6%,Saudi Arabia,,1.6M,youtube,saudi-arabia,False,2024,NA,NA,,
35,انت تستطيع @UCDZFI4LOb0IF-UB7Fxxevdw,5.2M,1.7%,Saudi Arabia,,1.6M,youtube,saudi-arabia,False,2024,NA,NA,,
36,EstubeGaming @UC8z_uxBRoIjSeVRIeVaE9hQ,5.1M,-,Saudi Arabia,,1.5M,youtube,saudi-arabia,False,2024,NA,NA,,
37,Pikachu/بيكاتشو @UCuL7aVT2aY1jHydL2NaERuw,4.9M,0.8%,Saudi Arabia,,1.5M,youtube,saudi-arabia,False,2024,NA,NA,,
38,bashar arabi @UCqnqH8s3rPbYyKzm8HBRUNg,4.9M,1%,Saudi Arabia,,1.5M,youtube,saudi-arabia,False,2024,NA,NA,,
39,تايقر | t1GGEEr @UCLWBv6SD1mdvajkN9fcMaWQ,4.9M,-,Saudi Arabia,,1.5M,youtube,saudi-arabia,False,2024,NA,NA,,
40,Osama Marwah I اسامة مروة @UCwBGFE-r7YeFFHT7JmxWPgg,4.9M,4.1%,Saudi Arabia,,1.5M,youtube,saudi-arabia,False,2024,NA,NA,,
41,ماوكلي @UCVaVRP646r6YQblXpfYWasw,4.9M,0.1%,Saudi Arabia,,1.5M,youtube,saudi-arabia,False,2024,NA,NA,,
42,غـذي ذهنك @UCOsLzPx5EqzDk4KKXs3wl-Q,4.9M,-,Saudi Arabia,,1.5M,youtube,saudi-arabia,False,2024,NA,NA,,
43,Its OZX @UC-Kw2wQSm9O5klQtzBuDE9w,4.8M,0.6%,Saudi Arabia,,1.4M,youtube,saudi-arabia,False,2024,NA,NA,,
44,Turkish Drama HD العربية @UC1VhGkdtk7z_KxB6wtQ-XkQ,4.8M,-,Saudi Arabia,,1.4M,youtube,saudi-arabia,False,2024,NA,NA,,
45,TMFaisal @UCqHYv6X1J7eXINLW_WLKURA,4.7M,0.3%,Saudi Arabia,,1.4M,youtube,saudi-arabia,False,2024,NA,NA,,
46,هل تعلم ! Did you know @UC3QLsqW5lI_QJXz5I_sj4dQ,4.6M,-,Saudi Arabia,,1.4M,youtube,saudi-arabia,False,2024,NA,NA,,
47,KhalafZone | خلف زون @UCXeAeYy7LPLTzGMeo8IBEgQ,4.4M,-,Saudi Arabia,,1.3M,youtube,saudi-arabia,False,2024,NA,NA,,
48,Saud Brothers Gaming @UCsx34Mgq868blrmlALy9lJQ,4.3M,-,Saudi Arabia,Video Gaming,1.3M,youtube,saudi-arabia,False,2024,Tech&Gaming,MAPPED,,Video Gaming
49,Fahad Sal @UCqPoFn6HYi9YULPsUwef1Bw,4.2M,0.2%,Saudi Arabia,,1.3M,youtube,saudi-arabia,False,2024,NA,NA,,
50,هل تعلم؟ الرياضية @UC6I9kmGVlehae4PyqYjp4PA,4.2M,-,Saudi Arabia,,1.3M,youtube,saudi-arabia,False,2024,NA,NA,,
51,Mohamad Gowani محمد جواني @UCzLu9vEc086jxlz-TBtJLBg,4.1M,1.2%,Saudi Arabia,,1.2M,youtube,saudi-arabia,False,2024,NA,NA,,
52,Abdoh4Magic @UCLZBSO20PWAIJ-o9I5Als8w,4M,1%,Saudi Arabia,,1.2M,youtube,saudi-arabia,False,2024,NA,NA,,
53,xxYjYxx @UCGp1spbGVT12xm-qfYhaWIw,3.9M,-,Saudi Arabia,,1.2M,youtube,saudi-arabia,False,2024,NA,NA,,
54,THE HORROR - مهند السيوف @UCCkYAuj2Ial-2r3c7aomiNQ,3.9M,2.6%,Saudi Arabia,,1.2M,youtube,saudi-arabia,False,2024,NA,NA,,
55,عائلة رياض @UCsc0cXTWBI7suJmQXvfs5Hw,3.9M,-,Saudi Arabia,,1.2M,youtube,saudi-arabia,False,2024,NA,NA,,
56,كوكب المعرفة @UC0Li49BE9KfjEepnsg_cYOA,3.9M,-,Saudi Arabia,,1.2M,youtube,saudi-arabia,False,2024,NA,NA,,
57,Thunayyan Khalid @UCtAUHu0stm1w5Sw_m1CaIKw,3.9M,1%,Saudi Arabia,,1.2M,youtube,saudi-arabia,False,2024,NA,NA,,
58,Lift and Cheat channel @UCXSMfrVb0NkCbBuaWJGKcrw,3.8M,0.4%,Saudi Arabia,,1.2M,youtube,saudi-arabia,False,2024,NA,NA,,
59,روائع فضيلة الشيخ/ عبد الباسط عبد الصمد @UCtMXCP6VpGslunPH_n9d5JQ,3.8M,-,Saudi Arabia,Careers,1.1M,youtube,saudi-arabia,False,2024,Knowledge&Info,MAPPED,,Careers
60,Fir4sGamer @UCxmN5lIImQLWerXEF35aXCQ,3.8M,-,Saudi Arabia,,1.1M,youtube,saudi-arabia,False,2024,NA,NA,,
61,Octan l أوكتان @UCCITGLw4qwL-azWED2RAWkw,3.8M,-,Saudi Arabia,,1.1M,youtube,saudi-arabia,False,2024,NA,NA,,
62,الوجه المُشرق - Bright Face @UCA_m1q4HNzpTqIkKBl4uAoQ,3.8M,-,Saudi Arabia,,1.1M,youtube,saudi-arabia,False,2024,NA,NA,,
63,AMIGOS FOREVER! Arabic @UCbVqXkCVRwSDS1nYNB7qmSQ,3.8M,0.1%,Saudi Arabia,,1.1M,youtube,saudi-arabia,False,2024,NA,NA,,
64,Rakanoo @UC4Ps1x7PyRNYVz7E1Kymihw,3.7M,-,Saudi Arabia,,1.1M,youtube,saudi-arabia,False,2024,NA,NA,,
65,UTD Saudi فيصل السيف @UCMM1y0hm7qXW8yGJ6DeQeSQ,3.7M,-,Saudi Arabia,,1.1M,youtube,saudi-arabia,False,2024,NA,NA,,
66,Encise @UCsoVHOzDAFTW3LZlBMfsZVA,3.6M,5.3%,Saudi Arabia,,1.1M,youtube,saudi-arabia,False,2024,NA,NA,,
67,تكسلر | Txlir @UCrZQbjYUJ4b6FjhbrqvLLvg,3.6M,-,Saudi Arabia,,1.1M,youtube,saudi-arabia,False,2024,NA,NA,,
68,FFearFFul @UCluPPa2FoTzks_JupmO4KkA,3.6M,2%,Saudi Arabia,,1.1M,youtube,saudi-arabia,False,2024,NA,NA,,
69,وليد الغابر @UCtCpj_xeBmbNsUw-rLcsXCw,3.6M,1.3%,Saudi Arabia,,1.1M,youtube,saudi-arabia,False,2024,NA,NA,,
70,تفسير الاحلام @UCQJmZUtLEEBJ-C_WTZjlJlg,3.6M,-,Saudi Arabia,,1.1M,youtube,saudi-arabia,False,2024,NA,NA,,
71,فى رحاب السنة النبوية @UCClRc-NLQmr3HnON4HjHKew,3.5M,-,Saudi Arabia,,1.1M,youtube,saudi-arabia,False,2024,NA,NA,,
72,صاحي Sa7i @UCw5nIlwE0OHkNuIe1ty0lxQ,3.5M,-,Saudi Arabia,,1.1M,youtube,saudi-arabia,False,2024,NA,NA,,
73,NeroGamer55 l نيرو قيمر55 @UCNTD9gBNizQUYlx8mSc_k2Q,3.5M,0.2%,Saudi Arabia,,1M,youtube,saudi-arabia,False,2024,NA,NA,,
74,ABDULAH HAFS @UC3Y0R759lgjpeDB0opAlxKw,3.5M,-,Saudi Arabia,,1M,youtube,saudi-arabia,False,2024,NA,NA,,
75,Mortada Radawy @UCZzAekV7LXD_uvBKa7My0jg,3.5M,-,Saudi Arabia,,1M,youtube,saudi-arabia,False,2024,NA,NA,,
76,Ahmed A R @UC4dlyhMEWB_pS_JZjro_cTQ,3.5M,-,Saudi Arabia,,1M,youtube,saudi-arabia,False,2024,NA,NA,,
77,متع عقلك | حقائق @UCQ0imqAHB4pJWvIih3xTH5A,3.5M,-,Saudi Arabia,,1M,youtube,saudi-arabia,False,2024,NA,NA,,
78,STARK X @UC0rdgDwYvcITug_IXB7rmwg,3.5M,0.6%,Saudi Arabia,,1M,youtube,saudi-arabia,False,2024,NA,NA,,
79,حقائق وأسرار 2 @UCj2xJxAiCnBV8-pglxCq-Gg,3.4M,-,Saudi Arabia,,1M,youtube,saudi-arabia,False,2024,NA,NA,,
80,ARAB DIY ASMR @UCiOoNXlOuizZhgubi89J7gw,3.4M,0.1%,Saudi Arabia,,1M,youtube,saudi-arabia,False,2024,NA,NA,,
81,DvLZStaTioN @UCZdXCDG3MVIMeezeefHmW4A,3.4M,0.2%,Saudi Arabia,,1M,youtube,saudi-arabia,False,2024,NA,NA,,
82,رحلة العقل @UCDuYdyewXlP8O55CVRSAxpg,3.3M,-,Saudi Arabia,,990K,youtube,saudi-arabia,False,2024,NA,NA,,
83,HANODY AWESOME ! @UCf9wV1445sWowaraXZQa91Q,3.3M,1%,Saudi Arabia,,981K,youtube,saudi-arabia,False,2024,NA,NA,,
84,سيف SAIF 🎥 @UCb4jFGZlfdlo73ddg8Eu-Qw,3.3M,0.1%,Saudi Arabia,,975K,youtube,saudi-arabia,False,2024,NA,NA,,
85,خلودي 25 @UCjtJWphpeoyCSwwyHNB8Dpg,3.2M,-,Saudi Arabia,,960K,youtube,saudi-arabia,False,2024,NA,NA,,
86,Fares Alhumaid - فارس الحميد @UCzECoWACPBBR7RhDX2F__KA,3.2M,0.2%,Saudi Arabia,,951K,youtube,saudi-arabia,False,2024,NA,NA,,
87,كن مع الله @UCwfu6d4uXvT5Gt-fz8HnsRQ,3.2M,-,Saudi Arabia,,951K,youtube,saudi-arabia,False,2024,NA,NA,,
88,Every Day Surah كل يوم سورة @everydaysurah,3.2M,-,Saudi Arabia,,948K,youtube,saudi-arabia,False,2024,NA,NA,,
89,Sbeata Academy @UCKlfBvpeprskPYfDT9iSvzg,3.1M,-,Saudi Arabia,,942K,youtube,saudi-arabia,False,2024,NA,NA,,
90,Essamnour Family I عصام و نور @UCGglCds0-SIL7RxqdIrNwbA,3.1M,-,Saudi Arabia,,939K,youtube,saudi-arabia,False,2024,NA,NA,,
91,عز الخد cm1 @UCTcROPGv0RFWK_MSKXJ-cxQ,3.1M,-,Saudi Arabia,,936K,youtube,saudi-arabia,False,2024,NA,NA,,
92,يوميات علاوي @UCe4UqqH5zWImKg-Xo6Sr7vQ,3.1M,-,Saudi Arabia,,921K,youtube,saudi-arabia,False,2024,NA,NA,,
93,وصفات لجمالك @UCvG84EDjUHtEUHbQO5qxb5g,3.1M,-,Saudi Arabia,,915K,youtube,saudi-arabia,False,2024,NA,NA,,
94,papi mami tv @UCN4HhT7ycBGjbh0FWt54jaw,3M,-,Saudi Arabia,,912K,youtube,saudi-arabia,False,2024,NA,NA,,
95,ahmet bayat @UCyTN5yKzPMxQbjl2Pfq3ucQ,3M,-,Saudi Arabia,,909K,youtube,saudi-arabia,False,2024,NA,NA,,
96,اودن Odin @UCE6jaWV3iSUFAjRhjLwCQiQ,3M,1.1%,Saudi Arabia,,897K,youtube,saudi-arabia,False,2024,NA,NA,,
97,اوكا - OKA @UCwt6MuiMnUm2Rod-MWyFnWw,3M,-,Saudi Arabia,,891K,youtube,saudi-arabia,False,2024,NA,NA,,
98,ARAM TV - آرام تي في @UC_Ds7nedV3NqYf0zhpYti4A,3M,-,Saudi Arabia,,891K,youtube,saudi-arabia,False,2024,NA,NA,,
99,مودي الاسمر @UCRXLHqtG9XNo3GhdZH0Og9w,2.9M,1.8%,Saudi Arabia,,879K,youtube,saudi-arabia,False,2024,NA,NA,,
100,Xzit Thamer @UCUwf9tuytTCVP6SzMaGwDVA,2.9M,-,Saudi Arabia,,876K,youtube,saudi-arabia,False,2024,NA,NA,,
1,Survival Builder @UCj6VfZEQTxX8Tp2My5L9Ykw,10.5M,-,Singapore,Technology,3.2M,youtube,singapore,False,2024,Tech&Gaming,MAPPED,,Technology
2,মায়াজাল @UCfixIpf6Z09QH-vZT-mpgZg,9.5M,0.2%,Singapore,,2.8M,youtube,singapore,False,2024,NA,NA,,
3,Masti Tv - Hindi Stories @UCcvDxf3OKcvZzRYvcIyikLw,6.7M,-,Singapore,,2M,youtube,singapore,False,2024,NA,NA,,
4,Muse Asia @museasia,6.4M,-,Singapore,,1.9M,youtube,singapore,False,2024,NA,NA,,
5,mingweirocks @UCeIuST7AITAf34FvWq4GHwg,6.4M,-,Singapore,,1.9M,youtube,singapore,False,2024,NA,NA,,
6,Primitive Survival Tool @UC6vasuRFx3t3NTISG6iwUeA,6.3M,-,Singapore,,1.9M,youtube,singapore,False,2024,NA,NA,,
7,Jungle Survival @UC4E1gPBh0_eJ5oftWVsewZA,5.9M,-,Singapore,,1.8M,youtube,singapore,False,2024,NA,NA,,
8,Jadu Tv - Hindi Stories @UCXRAl3_Vw1fYJdGmk8i20Ug,5.6M,-,Singapore,,1.7M,youtube,singapore,False,2024,NA,NA,,
9,PopCorn /- Funny Hindi Comedy Videos @UCEI_dcoGYhMLyYpXok6jmog,5.6M,-,Singapore,Celebrity,1.7M,youtube,singapore,False,2024,Entertainment,MAPPED,,Celebrity
10,Golden TV - Funny Hindi Comedy Videos @UCS2E8XulDhyAw3ji7ggg1EQ,5.3M,-,Singapore,,1.6M,youtube,singapore,False,2024,NA,NA,,
11,老高與小茉 Mr & Mrs Gao @UCMUnInmOkrWN4gof9KlhNmQ,5.1M,1.4%,Singapore,,1.5M,youtube,singapore,False,2024,NA,NA,,
12,TAWHID AFRIDI @UCEO0rIuBz8Dc8p7PpGE26ZQ,5.1M,6.2%,Singapore,,1.5M,youtube,singapore,False,2024,NA,NA,,
13,Prank King Entertainment @UC4ON9AHLUa0eVk9U9_EQbUA,4.7M,1.9%,Singapore,,1.4M,youtube,singapore,False,2024,NA,NA,,
14,YouTube FanFest @UChIGU8b4l5cj6i5D9REsqdg,4.6M,-,Singapore,,1.4M,youtube,singapore,False,2024,NA,NA,,
15,The Ajaira LTD. @UCpvVcqsap0KnJ6epuH5V6cw,4.4M,0.6%,Singapore,Art,1.3M,youtube,singapore,False,2024,Lifestyle,MAPPED,,Art
16,JaiPhone @UC2q1EOP5KEkKBgFRdnAvpwQ,4.2M,-,Singapore,,1.2M,youtube,singapore,False,2024,NA,NA,,
17,Josh - Hindi Stories Comedy Videos @UC-SQpatMUyttygyX3qVWXYw,3.9M,-,Singapore,,1.2M,youtube,singapore,False,2024,NA,NA,,
18,Khushi - Hindi Stories Super Comedy Videos @UCRUA2PhCdudPXKKerX69vVg,3.8M,-,Singapore,,1.1M,youtube,singapore,False,2024,NA,NA,,
19,Jalsa Tv - Hindi Stories @UCHIYOs5N6C5AeIdWDxvrTgw,3.3M,-,Singapore,,984K,youtube,singapore,False,2024,NA,NA,,
20,MHR BANGLA WAZ @UCLWrC5sBJ93jNZG3t7xqBQg,2.9M,-,Singapore,,870K,youtube,singapore,False,2024,NA,NA,,
21,SIS Media @UCetlSgFKkae_nsC3fmfC1ig,2.9M,-,Singapore,,867K,youtube,singapore,False,2024,NA,NA,,
22,উত্তরাধিকারী @UCR6BoKqrqAtrDfdwT-yZNVw,2.8M,0.3%,Singapore,,852K,youtube,singapore,False,2024,NA,NA,,
23,DancingBacons @UCRFj4Yj1nKhgrT-_8AUsaDg,2.8M,-,Singapore,Food and Drink,840K,youtube,singapore,False,2024,Lifestyle,MAPPED,,Food and Drink
24,Science BD @UCbeN7O9VbmflcCbGzjGDbEw,2.5M,0.1%,Singapore,,762K,youtube,singapore,False,2024,NA,NA,,
25,Islamic Life @UCDik9UsvvanFZkNd-x1L48Q,2.5M,-,Singapore,,744K,youtube,singapore,False,2024,NA,NA,,
26,TTNERF @UCSLsp8Zk-sFR8aAzcD4XRtg,2.4M,-,Singapore,,714K,youtube,singapore,False,2024,NA,NA,,
27,The Survival @UCOtloDe4Ytw3X2v04uU91bA,2.3M,-,Singapore,,684K,youtube,singapore,False,2024,NA,NA,,
28,Cartoon Network Asia @UC9hVEGaTpAYMVd-bRsOYKwA,2.3M,-,Singapore,,681K,youtube,singapore,False,2024,NA,NA,,
29,Doctor Tristan Peh @doctortristanpeh,2.2M,-,Singapore,,660K,youtube,singapore,False,2024,NA,NA,,
30,maya funny stories @UC3reWgex99TFUGqLxMnnLMQ,1.9M,-,Singapore,,579K,youtube,singapore,False,2024,NA,NA,,
31,Simsim Music @UCWiiZGH1JzQ-4XZrAhzWJ3Q,1.9M,-,Singapore,Music,555K,youtube,singapore,False,2024,Music,MAPPED,,Music
32,Rayner Teo @UCFSn-h8wTnhpKJMteN76Abg,1.7M,-,Singapore,,501K,youtube,singapore,False,2024,NA,NA,,
33,ARS Primitive Cooking @UCjJIYLJBb7asoCc9PrWp8Xg,1.5M,-,Singapore,,456K,youtube,singapore,False,2024,NA,NA,,
34,Restore Urphone @UCDtiT1a7crehZtUZM5d5CzA,1.5M,0.2%,Singapore,,450K,youtube,singapore,False,2024,NA,NA,,
35,Primitive Building @UClo-U5gvXPRy-4VqWEkkRDg,1.4M,-,Singapore,,426K,youtube,singapore,False,2024,NA,NA,,
36,CD Choice Music @UCiEqPaOnp0Ir7cJJn7bWfxw,1.4M,-,Singapore,,423K,youtube,singapore,False,2024,NA,NA,,
37,JJ Lin林俊傑 @UCd91HSXKhsIv8PIjNrDByHQ,1.4M,0.3%,Singapore,,423K,youtube,singapore,False,2024,NA,NA,,
38,Official ZX @UCfdCL080XtHYYvyF25j5ocQ,1.4M,0.2%,Singapore,,420K,youtube,singapore,False,2024,NA,NA,,
39,রুমানার রান্নাবান্না @UC6IFwh0R3xkv-S0lnDioxHA,1.4M,-,Singapore,,417K,youtube,singapore,False,2024,NA,NA,,
40,VICE Asia @UC8ZyfGD_qP-v75DGCzYQw6g,1.4M,0.3%,Singapore,Art Food and Drink,405K,youtube,singapore,False,2024,Lifestyle,MAPPED,,Art Food and Drink
41,KamruL Media @UCNl4VSwudUQFa--GpS-HYug,1.4M,0.1%,Singapore,Celebrity Music,405K,youtube,singapore,False,2024,Music,MAPPED,,Celebrity Music
42,OXANA DOLINKA @UCNK9Go44l_419LmiyuEUJHg,1.3M,0.1%,Singapore,,396K,youtube,singapore,False,2024,NA,NA,,
43,360 Entertainment Productions @UCdcLazeDQIzZTpUV65xwp0Q,1.3M,1.2%,Singapore,,387K,youtube,singapore,False,2024,NA,NA,,
44,Dan Surprise @UC61YzFVCvX9Nw0bE2gM7MUA,1.3M,0.1%,Singapore,,384K,youtube,singapore,False,2024,NA,NA,,
45,madsythe @UCHlmq85loxqZlcDqrQckQqQ,1.3M,-,Singapore,,384K,youtube,singapore,False,2024,NA,NA,,
46,Creative Solution @UCyI1jGi0t9nVgYNKcBf1W8g,1.3M,-,Singapore,,381K,youtube,singapore,False,2024,NA,NA,,
47,Unique Brothers LTD @UCEYhRiLSRJcE2109nhS54eA,1.3M,0.7%,Singapore,,378K,youtube,singapore,False,2024,NA,NA,,
48,94.4 JAGO FM @UCUyT1ZfnUldi1GK2uN27Qew,1.2M,-,Singapore,,369K,youtube,singapore,False,2024,NA,NA,,
49,CNA Insider @UC_Lnb8ZHqqgLbp-7hltuT9w,1.2M,-,Singapore,,369K,youtube,singapore,False,2024,NA,NA,,
50,ម្អម Maorm @UCnfzILeDi0AsZ-5IQKtes7Q,1.2M,1%,Singapore,,366K,youtube,singapore,False,2024,NA,NA,,
51,da ra @UCVaVd3qlnPzeCMcddbLXEgA,1.2M,-,Singapore,,366K,youtube,singapore,False,2024,NA,NA,,
52,Clicknetwork @UC1SvRq3YzZACheYynsDrXmw,1.2M,-,Singapore,,357K,youtube,singapore,False,2024,NA,NA,,
53,Axe Mobile Legends @UCzuj9sYnHfYZ_JJAanBnAFQ,1.2M,-,Singapore,,348K,youtube,singapore,False,2024,NA,NA,,
54,Hasan Shams Iqbal @UCWe7pYrijq1Tzen8U-SxUsw,1.1M,0.6%,Singapore,,339K,youtube,singapore,False,2024,NA,NA,,
55,BD Documentary @UC2--MXDnS5Rokp3ynMWg3tw,1.1M,-,Singapore,,336K,youtube,singapore,False,2024,NA,NA,,
56,Primitive Survival Life @UC8DRt1roPwZMKMC7Gma66Pg,1.1M,-,Singapore,,330K,youtube,singapore,False,2024,NA,NA,,
57,Life Unique Wilderness @UC5Gg0nC69XVPqBCt_TKoUQQ,1.1M,-,Singapore,,318K,youtube,singapore,False,2024,NA,NA,,
58,iFooder @UCWlnUK68WaPO0FVzqwzwR1Q,1.1M,-,Singapore,,315K,youtube,singapore,False,2024,NA,NA,,
59,Ridy Sheikh @UC2rWupaplXMsiJscLXvQreQ,1.1M,0.3%,Singapore,,315K,youtube,singapore,False,2024,NA,NA,,
60,Om TV @UCkp0Tc7ll67bChomTyB1ezQ,1M,0.5%,Singapore,,312K,youtube,singapore,False,2024,NA,NA,,
61,FunnyPig @UCWv2oOr-VnM5z7-Eb_NlWfA,1M,-,Singapore,,309K,youtube,singapore,False,2024,NA,NA,,
62,Viddsee @UClQMNIPzABe5FqUrOO0yEiQ,1M,-,Singapore,,303K,youtube,singapore,False,2024,NA,NA,,
63,Prio @UCbMiFccU-sFE8Eb7voKpLyg,1M,-,Singapore,,303K,youtube,singapore,False,2024,NA,NA,,
64,Joseph Prince @UCJRSBsjLPipnu8y03qa2_Iw,1M,0.4%,Singapore,,303K,youtube,singapore,False,2024,NA,NA,,
65,NakFake OFFICIAL @UC0lXKEQwQTjW-8WS3OOO_xg,1M,4%,Singapore,,300K,youtube,singapore,False,2024,NA,NA,,
66,Daily Tv @UCTCgUurc34vDcwgsqRZx4Vw,992K,-,Singapore,,297.6K,youtube,singapore,False,2024,NA,NA,,
67,Mehedi Hassan @UC-HkZ2IIk_LU2gjvxC_1ziQ,985K,10.9%,Singapore,,295.5K,youtube,singapore,False,2024,NA,NA,,
68,Creative Wilderness @UC60U2OJecinf0HkOaCcZDQA,945K,-,Singapore,,283.5K,youtube,singapore,False,2024,NA,NA,,
69,Khmer Narrated Stories @UCbxQhOpK1m4_4712FiWYQLQ,940K,2%,Singapore,,282K,youtube,singapore,False,2024,NA,NA,,
70,Nice Waz @UCX1uRcPu67VpRTl2HV3G5YA,940K,-,Singapore,,282K,youtube,singapore,False,2024,NA,NA,,
71,Spice N' Pans @UCZDx-SKnLRjpviwzgk7g86w,934K,-,Singapore,,280.2K,youtube,singapore,False,2024,NA,NA,,
72,GOAL Thailand @UCo5an8fJGNDIB8mV_1PBXqw,908K,-,Singapore,,272.4K,youtube,singapore,False,2024,NA,NA,,
73,Chayapoth @UCVMDz4sAuwtKTQhhPqRqoxw,892K,-,Singapore,,267.6K,youtube,singapore,False,2024,NA,NA,,
74,Islamic life @UCelbo91TgG5Pa2g6n1PXuww,873K,-,Singapore,,261.9K,youtube,singapore,False,2024,NA,NA,,
75,Cuộc Sống Hạnh Phúc @UCmW-gKCPVmjct7-FMOVcTBQ,873K,-,Singapore,,261.9K,youtube,singapore,False,2024,NA,NA,,
76,SuperPrincessjo @UCEGAltRg_F4kLi8Wejj8d4Q,860K,-,Singapore,,258K,youtube,singapore,False,2024,NA,NA,,
77,Adam Khoo @UCK-aOjEvZNJl3HINja0gAiQ,854K,0.2%,Singapore,,256.2K,youtube,singapore,False,2024,NA,NA,,
78,Feng Timo Fans Channel @UCZCvQ2AlcTnnQi0msIIITaA,823K,0.1%,Singapore,,246.9K,youtube,singapore,False,2024,NA,NA,,
79,As CREATION @UCLp6jN2qYbs29gMVXxdV05A,823K,-,Singapore,Celebrity,246.9K,youtube,singapore,False,2024,Entertainment,MAPPED,,Celebrity
80,Yangon Times @UCwU4TdAOCWg3nufBSsuhT5A,820K,0.4%,Singapore,,246K,youtube,singapore,False,2024,NA,NA,,
81,Eleven Broadcasting @UCzoPb9sKVAHd-pIzv9RGGRA,806K,-,Singapore,Celebrity News Sports,241.8K,youtube,singapore,False,2024,Sports,MAPPED,,Celebrity News Sports
82,NewsFilmy @UCggmpgrWYCJ-FdDgIPsX7gQ,797K,-,Singapore,,239.1K,youtube,singapore,False,2024,NA,NA,,
83,Islamic InFo Bangla @UC5ZXh4ScI19JEwUqPML8vAQ,790K,-,Singapore,,237K,youtube,singapore,False,2024,NA,NA,,
84,A Play @UCBKBvxZaRWdRYGUgMPfXxjg,788K,0.2%,Singapore,,236.4K,youtube,singapore,False,2024,NA,NA,,
85,RB Entertainment @UC7P8-Q4y9BfgmwbRZDYIyGg,782K,0.2%,Singapore,,234.6K,youtube,singapore,False,2024,NA,NA,,
86,Aung Thiri Entertainment @UCyprSUcaLP0mQAB1b9N90pg,753K,-,Singapore,,225.9K,youtube,singapore,False,2024,NA,NA,,
87,Sunday Journal @UCo0U2Mpumt3gTeBDpP28ZrA,746K,-,Singapore,,223.8K,youtube,singapore,False,2024,NA,NA,,
88,Rakib Hossain 2.0 @UC-znXt2JOwPwMN5ewNQ2qBQ,737K,5.2%,Singapore,,221.1K,youtube,singapore,False,2024,NA,NA,,
89,Dharni @UC56P5rQBGWrkLk6jSpzNLXA,735K,-,Singapore,,220.5K,youtube,singapore,False,2024,NA,NA,,
90,Quranic Life @UCI5-9vlwWsdkk8y8DZcHe_w,734K,-,Singapore,,220.2K,youtube,singapore,False,2024,NA,NA,,
91,MianYang LiaoLi @UCiAuybSv94YrdXhrGECtAxQ,727K,1.5%,Singapore,,218.1K,youtube,singapore,False,2024,NA,NA,,
92,JEBBEY FAMILY @UCvzyRGlWQBHhoB2azvXpm5A,722K,0.9%,Singapore,,216.6K,youtube,singapore,False,2024,NA,NA,,
93,TiffwithMi @UCG2l28Ca2pBxGmhAssHhZtg,709K,1.3%,Singapore,,212.7K,youtube,singapore,False,2024,NA,NA,,
94,Pu Pak @UCDnuuQMwtJXgbnqJ2rSF-HA,700K,-,Singapore,,210K,youtube,singapore,False,2024,NA,NA,,
95,Ayisha Elseenya - عائشة الصينية @UC-Miuj0gMmQS6t9oQ3iUsCw,698K,0.4%,Singapore,,209.4K,youtube,singapore,False,2024,NA,NA,,
96,Loi Liang Yang @UC1szFCBUWXY3ESff8dJjjzw,691K,0.3%,Singapore,,207.3K,youtube,singapore,False,2024,NA,NA,,
97,iFunzio @UCunKgLgPHk-7C-0Dr9vXalQ,676K,0.2%,Singapore,,202.8K,youtube,singapore,False,2024,NA,NA,,
98,Look Media @UCSaXL4MiaEG0m0yEHKWzpgQ,648K,0.3%,Singapore,,194.4K,youtube,singapore,False,2024,NA,NA,,
99,ICE @UCTW8ooT84Zfuzj8KgAGhmIw,646K,1.2%,Singapore,,193.8K,youtube,singapore,False,2024,NA,NA,,
100,小岛大浪吹-非正经政经频道 @UCYPT3wl0MgbOz63ho166KOw,643K,-,Singapore,,192.9K,youtube,singapore,False,2024,NA,NA,,
1,Max TV @UCZQrA6Jnw08iF8GcFx4VDWg,4.2M,-,Slovakia,,1.3M,youtube,slovakia,False,2024,NA,NA,,
2,Peter PlutaX @UCbaY6IEY0-pRHBU_qCswoNQ,2.9M,-,Slovakia,,882K,youtube,slovakia,False,2024,NA,NA,,
3,GoGoManTV @UCewFV_KI5BSu0f8bKZ4BMfA,1.8M,0.2%,Slovakia,,537K,youtube,slovakia,False,2024,NA,NA,,
4,Cubic Animations @UCeM736Esh_lwk1xDAoGikFA,1.3M,-,Slovakia,,393K,youtube,slovakia,False,2024,NA,NA,,
5,Hindi Music @UCQ0kBF3Baal_YLls6DeUf8Q,1.3M,-,Slovakia,Music,384K,youtube,slovakia,False,2024,Music,MAPPED,,Music
6,Televízia JOJ @UC5zY50gn7Z0-yGSt74dRZXw,1.1M,-,Slovakia,,327K,youtube,slovakia,False,2024,NA,NA,,
7,Expl0ited @UCR6Httwme-xk5mKlni-lRzw,966K,1.2%,Slovaquie,,289.8K,youtube,slovakia,False,2024,NA,NA,,
8,DONFANTASTICKYPESS @UC-yJccH4T1UnNrY0YyspGYg,850K,0.2%,Slovaquie,,255K,youtube,slovakia,False,2024,NA,NA,,
9,StudioMoonTV @UC7-hMlW_QECv-fghTGUWgYg,841K,2.1%,Slovaquie,,252.3K,youtube,slovakia,False,2024,NA,NA,,
10,FÍHA tralala @UC2QySOE0ohZFd-1XsXzNHPw,827K,-,Slovaquie,,248.1K,youtube,slovakia,False,2024,NA,NA,,
11,menameselassie @UCNV6tckdVW3L_wiBN8tz9gQ,777K,1%,Slovaquie,,233.1K,youtube,slovakia,False,2024,NA,NA,,
12,Smejko a Tanculienka @UCia0mF-pM9xo5ZMN8DoFp_Q,718K,-,Slovaquie,,215.4K,youtube,slovakia,False,2024,NA,NA,,
13,Duklock @UCf4pkVHnnWTqUbjxZgFzvfw,715K,2.5%,Slovaquie,,214.5K,youtube,slovakia,False,2024,NA,NA,,
14,DJ Blyatman @UCnWnuHHjG-__QxuoZgjBgIg,713K,1.1%,Slovaquie,,213.9K,youtube,slovakia,False,2024,NA,NA,,
15,The Lullaby World @UCOYUFFxT50nvDaRj5Mn5XNg,623K,-,Slovaquie,,186.9K,youtube,slovakia,False,2024,NA,NA,,
16,KALI RECORDS @UCjIl8ztAFLTiZkhvgaiOoow,620K,0.1%,Slovaquie,,186K,youtube,slovakia,False,2024,NA,NA,,
17,ANGRY EARTH @UCr0HthUtPsgcl99FVSMHn4g,619K,0.1%,Slovaquie,,185.7K,youtube,slovakia,False,2024,NA,NA,,
18,BirnyX @UCEaMp8VjNv3EJYgDTqcUQvA,539K,-,Slovaquie,,161.7K,youtube,slovakia,False,2024,NA,NA,,
19,Sasha Sotnik @UCnAmkiIpUXkVOY1A1r-zE6w,526K,1%,Slovaquie,,157.8K,youtube,slovakia,False,2024,NA,NA,,
20,VisioRacer @UCXtx43lso-J9taKABVa-Rtw,510K,-,Slovaquie,Automobile Éducation,153K,youtube,slovakia,False,2024,Knowledge&Info,MAPPED,,Automotive Education
21,Max Топ @UC3VvMXMrEeav1njSUFKgbfA,461K,0.3%,Slovaquie,,138.3K,youtube,slovakia,False,2024,NA,NA,,
22,PACI PAC @UCGWk8azphTdm0PKH0vKDIfw,451K,-,Slovaquie,,135.3K,youtube,slovakia,False,2024,NA,NA,,
23,FAMILY ZONE - MOJA RODINKA @UC99D5fRGLZ4WZheVArrDQSA,412K,-,Slovaquie,,123.6K,youtube,slovakia,False,2024,NA,NA,,
24,SIMA Official @UCH89taVRyeY-oory-zv2FXQ,404K,6.1%,Slovaquie,,121.2K,youtube,slovakia,False,2024,NA,NA,,
25,Mesiac @UCSPr_APStbstOEbCmV8sp1Q,380K,-,Slovaquie,,114K,youtube,slovakia,False,2024,NA,NA,,
26,Random Týpek @UC8huou5jTYkbv8m0WFgeXag,377K,5.8%,Slovaquie,,113.1K,youtube,slovakia,False,2024,NA,NA,,
27,Galgan Music @UCckh_8hdHZUdXJPixpWv-qQ,374K,0.6%,Slovaquie,,112.2K,youtube,slovakia,False,2024,NA,NA,,
28,Zrebny & Frlajs & Mojmir @UC74kimKZOy8aXzg7rhUOVsA,372K,-,Slovaquie,,111.6K,youtube,slovakia,False,2024,NA,NA,,
29,DuklockPlus @UCIAbC7emlDQs-dmgW4GlgnA,357K,2.1%,Slovaquie,,107.1K,youtube,slovakia,False,2024,NA,NA,,
30,Nikolai @UC2r7HhUYj2k1uPg1Kl1ncPw,353K,19.6%,Slovaquie,,105.9K,youtube,slovakia,False,2024,NA,NA,,
31,Klarisa @UC2wtd0oe71RJVZbIlntPhGw,353K,3.8%,Slovaquie,,105.9K,youtube,slovakia,False,2024,NA,NA,,
32,Polygon Runway @UCGSJevmBuDyxjLLOBNaYMGA,308K,0.1%,Slovaquie,,92.4K,youtube,slovakia,False,2024,NA,NA,,
33,MELODY Records @UCpy5RCOLhiPC4cNqb1P01mA,294K,-,Slovaquie,Musique,88.2K,youtube,slovakia,False,2024,Music,MAPPED,,Music
34,7777MrAlex @UCPUSWPOoXbTvnJtIPKCW6Yg,292K,-,Slovaquie,,87.6K,youtube,slovakia,False,2024,NA,NA,,
35,Night Shift @UCNM5EknY1XBA9buLmJqYLdw,286K,-,Slovaquie,,85.8K,youtube,slovakia,False,2024,NA,NA,,
36,Milos Juriga @UCX6GmNg33GTTUfJYqWOdFwQ,282K,-,Slovaquie,,84.6K,youtube,slovakia,False,2024,NA,NA,,
37,Myles. @UCSEmaBuAIj9kboyKgz-46rQ,260K,-,Slovaquie,,78K,youtube,slovakia,False,2024,NA,NA,,
38,Lady Zika @UCfA0sz8f5J5RZqdfahvFAjA,249K,0.1%,Slovaquie,,74.7K,youtube,slovakia,False,2024,NA,NA,,
39,Slovenske Rozpravky a Pesnicky pre Deti Sagan Tv @UCQXfFMTMGb-VB58y5Rekqhw,239K,-,Slovaquie,,71.7K,youtube,slovakia,False,2024,NA,NA,,
40,PPPíter @UCu4lx1klxwUO9oCzs2vDBhw,235K,0.2%,Slovaquie,,70.5K,youtube,slovakia,False,2024,NA,NA,,
41,JurajVie @UCLBaR8BmaV6HPx_CjuaZ5xw,231K,6.6%,Slovaquie,,69.3K,youtube,slovakia,False,2024,NA,NA,,
42,Evžen @UCK8ZC2jAyInQPK61hAAYKwQ,227K,-,Slovaquie,,68.1K,youtube,slovakia,False,2024,NA,NA,,
43,Kelohap @UCopdQ2EYv3ZWE-1jdjeqA8w,210K,2.8%,Slovaquie,,63K,youtube,slovakia,False,2024,NA,NA,,
44,Blokkyz @UCS3hblKrddYV0XJ9iJDoJaQ,206K,-,Slovaquie,,61.8K,youtube,slovakia,False,2024,NA,NA,,
45,Dejepis Inak @UCtW6UE6h-Na5E5BCLBafbcQ,197K,1.3%,Slovaquie,,59.1K,youtube,slovakia,False,2024,NA,NA,,
46,Sajfa @UCmsNDeTWYqGKt9V72iVEcLg,197K,0.3%,Slovaquie,,59.1K,youtube,slovakia,False,2024,NA,NA,,
47,tv kasino @UCloy7C5YPpLLImF8-s1Hu-A,195K,-,Slovaquie,,58.5K,youtube,slovakia,False,2024,NA,NA,,
48,STUDIO JD @UCmvkKjT6i21n3lW5hfLDZzQ,188K,0.1%,Slovaquie,,56.4K,youtube,slovakia,False,2024,NA,NA,,
49,REFRESHER SK @UCpegYoYUzkTZZWtbyBI5hGA,188K,0.1%,Slovaquie,,56.4K,youtube,slovakia,False,2024,NA,NA,,
50,SelassieExtra @UCKjgaU8aTlNObidZorqjE4w,188K,-,Slovaquie,,56.4K,youtube,slovakia,False,2024,NA,NA,,
51,FRANCO Machekel ( Franco ) @UCHgNJMsu0FJSFBOPFRjoiuQ,182K,-,Slovaquie,,54.6K,youtube,slovakia,False,2024,NA,NA,,
52,Baylike @UC979wGo_2nyOPARLFKNKu7A,178K,-,Slovaquie,,53.4K,youtube,slovakia,False,2024,NA,NA,,
53,Swiftstyles II @UCeIk6O3KnqJUKv2W4dEOSKQ,178K,0.3%,Slovaquie,,53.4K,youtube,slovakia,False,2024,NA,NA,,
54,PETER PANN PRODUCTION @UCRHlD1s0AhC6NkIHxKepbcQ,172K,0.1%,Slovaquie,,51.6K,youtube,slovakia,False,2024,NA,NA,,
55,ZLÝ ZAJO @UCQygDBqjoiiZAlwcavJZi4Q,167K,1.5%,Slovaquie,,50.1K,youtube,slovakia,False,2024,NA,NA,,
56,Michael Musician @UC7-a2NQiucQ5JN8tG0NA1LQ,166K,-,Slovaquie,,49.8K,youtube,slovakia,False,2024,NA,NA,,
57,BK4 @UCP41sUZxCNSbIz4Jajoi6xg,163K,-,Slovaquie,,48.9K,youtube,slovakia,False,2024,NA,NA,,
58,Rasto Chvala GARAZ.TV @UCZc9ZRh_CRoP3zhrW5Do6Tw,162K,0.3%,Slovaquie,,48.6K,youtube,slovakia,False,2024,NA,NA,,
59,KOLLÁROVCI @UCqBQtdb567BKN6ektTVXtFQ,153K,0.9%,Slovaquie,,45.9K,youtube,slovakia,False,2024,NA,NA,,
60,Kuchyňa Lidla @UC5oGq-pQRauK3TFdDa0ZPAQ,153K,-,Slovaquie,,45.9K,youtube,slovakia,False,2024,NA,NA,,
61,Slovenské detské pesničky @UCs3gfQX5MWjG6afWHTkb4Jw,152K,0.1%,Slovaquie,,45.6K,youtube,slovakia,False,2024,NA,NA,,
62,МОЛИТВЫ @UCeTi5OqVUnTdDZaojhHo6PA,151K,-,Slovaquie,,45.3K,youtube,slovakia,False,2024,NA,NA,,
63,P.A.T. Official @UC-KqLLDdE-hr_naIMrwNmxg,149K,7.9%,Slovaquie,,44.7K,youtube,slovakia,False,2024,NA,NA,,
64,SK Adventures @UCABCecyF5KbMUWhGq0gFhwA,147K,-,Slovaquie,,44.1K,youtube,slovakia,False,2024,NA,NA,,
65,easyASMR @UCLQ9fyHY7lIMATzUsaqE2IA,145K,-,Slovaquie,,43.5K,youtube,slovakia,False,2024,NA,NA,,
66,Aronthebassist @UCbZQASrPgXGF3WDPzRhTOcA,142K,-,Slovaquie,,42.6K,youtube,slovakia,False,2024,NA,NA,,
67,Prophet Henok Girma /JPS TV WORLDWIDE @UC3kth_xWBCh9clQrqQAy-0w,142K,-,Slovaquie,,42.6K,youtube,slovakia,False,2024,NA,NA,,
68,Skellet @UCAmta6EV-48BxNumsqeGTGA,141K,3.5%,Slovaquie,,42.3K,youtube,slovakia,False,2024,NA,NA,,
69,Jawo @UCJpRe0fUjz_UfO1yCddOigw,140K,0.4%,Slovaquie,,42K,youtube,slovakia,False,2024,NA,NA,,
70,newearth @UCqLPTe6eEeBP10Zhu5p-0cQ,136K,-,Slovaquie,,40.8K,youtube,slovakia,False,2024,NA,NA,,
71,OfficialStrapo @UCjTGMYuyazxlDNL03AJDEjg,135K,3.5%,Slovaquie,,40.5K,youtube,slovakia,False,2024,NA,NA,,
72,Mako SK @UCJurOtLRifGtwHUWr9TD9Uw,135K,0.7%,Slovaquie,,40.5K,youtube,slovakia,False,2024,NA,NA,,
73,Moonove Laboratórium @UCTQYWRqppO1TRTnWT6xptFg,135K,4.4%,Slovaquie,,40.5K,youtube,slovakia,False,2024,NA,NA,,
74,LokalTV @UC7F5QpKc8cttQI1VpUpzDOw,133K,2.5%,Slovaquie,,39.9K,youtube,slovakia,False,2024,NA,NA,,
75,Denne Pogy 2.0 @UCr7ZEHGWC4md50cL5nk79Hw,132K,0.1%,Slovaquie,,39.6K,youtube,slovakia,False,2024,NA,NA,,
76,Startitup @UClbseppdhNj1vZsTgH6T1Og,126K,-,Slovaquie,,37.8K,youtube,slovakia,False,2024,NA,NA,,
77,Mafia Corner @UCvIk1wqOVdjqsBE1-m-p0pA,120K,2.2%,Slovaquie,,36K,youtube,slovakia,False,2024,NA,NA,,
78,RadioExpres @UCkwlix5Fv0dg3cQJCz4dO4Q,119K,0.4%,Slovaquie,,35.7K,youtube,slovakia,False,2024,NA,NA,,
79,Smilo @UCM2csWd4rCOQ7GstbjHZxKQ,117K,1.2%,Slovaquie,Jeux Vidéo,35.1K,youtube,slovakia,False,2024,Tech&Gaming,MAPPED,,Video Games
80,REBELI Official lemesany @UCSnSoryEiZ4QHkU52iMOxsg,117K,-,Slovaquie,,35.1K,youtube,slovakia,False,2024,NA,NA,,
81,L E N K A @UCVJhnw8xxm2iZF4Kh19cwnQ,116K,-,Slovaquie,,34.8K,youtube,slovakia,False,2024,NA,NA,,
82,Alechka Nasyrova @UCvuMKWvRAW18s9Dh1RMzLSA,113K,0.2%,Slovaquie,,33.9K,youtube,slovakia,False,2024,NA,NA,,
83,Cheryl DeLarge @UCSeFuLRx0CwiwJn9wyYG0tg,111K,-,Slovaquie,,33.3K,youtube,slovakia,False,2024,NA,NA,,
84,TomT @UCPycjpkgwgMwWclEkaG6crg,111K,-,Slovaquie,,33.3K,youtube,slovakia,False,2024,NA,NA,,
85,The Hybrid Shooter @UC-0cdtgZF01T3N8drruyikg,111K,-,Slovaquie,Photographie,33.3K,youtube,slovakia,False,2024,Lifestyle,MAPPED,,Photography
86,Amazing Planet @UC74fCpR2LQU4YxU0NwcnHCQ,110K,-,Slovaquie,,33K,youtube,slovakia,False,2024,NA,NA,,
87,BeWise @UCNhHwys3S8gSaL3vjI1qxaA,110K,-,Slovaquie,,33K,youtube,slovakia,False,2024,NA,NA,,
88,Petrana Gala @UCqJYQZQJ6pJZG2nPpNqgQgQ,110K,-,Slovaquie,,33K,youtube,slovakia,False,2024,NA,NA,,
89,Ascolla @UC-McMapxAKFaG5uFCVkBqTw,109K,1.3%,Slovaquie,,32.7K,youtube,slovakia,False,2024,NA,NA,,
90,Hogyan működik? Röviden - Tömören @UC9k4lw3Ze5gSM01KFr-mkSg,108K,4.3%,Slovaquie,,32.4K,youtube,slovakia,False,2024,NA,NA,,
91,Mamuko Berci @UCXVBdFtkzZWOabLpgKGHj6Q,108K,3.6%,Slovaquie,,32.4K,youtube,slovakia,False,2024,NA,NA,,
92,MCgirl Craft @UCh6VJMG7Nc-Mu8LHn0v6nug,105K,1.6%,Slovaquie,,31.5K,youtube,slovakia,False,2024,NA,NA,,
93,Mountain General @UCarkX7HIiz0YAJN4z9tvpvg,104K,4.8%,Slovaquie,,31.2K,youtube,slovakia,False,2024,NA,NA,,
94,Horkýže Slíže (OFFICIAL) @UCnNaJEyYO677F5tW1Bhjz9w,104K,3%,Slovaquie,,31.2K,youtube,slovakia,False,2024,NA,NA,,
95,jancucik @UCRvV8q0NJbis-9BJr5UunVw,102K,2.4%,Slovaquie,,30.6K,youtube,slovakia,False,2024,NA,NA,,
96,Reso Coder @UCSIvrn68cUk8CS8MbtBmBkA,101K,1.3%,Slovaquie,,30.3K,youtube,slovakia,False,2024,NA,NA,,
97,Celeste Buckingham @UCPS-SY0UvQVRpEGdt0MxwIQ,100K,-,Slovaquie,,30K,youtube,slovakia,False,2024,NA,NA,,
98,XXZANABAEXX @UCDARRBtB2kzjTmrJ3bMpmBQ,98.5K,1%,Slovaquie,,29.6K,youtube,slovakia,False,2024,NA,NA,,
99,Hrdza @UCenhTldt8oGU7ad5QBaaMtw,98K,4.7%,Slovaquie,,29.4K,youtube,slovakia,False,2024,NA,NA,,
100,TOMASSUSS @UClxKNOYqALG_5qC4NE1Ub8Q,96.9K,-,Slovaquie,,29.1K,youtube,slovakia,False,2024,NA,NA,,
1,Die Antwoord @UC6DicDItkLQ7N4ag1JS5mqg,3.3M,1.3%,South Africa,,978K,youtube,south-africa,False,2024,NA,NA,,
2,Noel Deyzel @UCMp-0bU-PA7BNNR-zIvEydA,2.9M,-,South Africa,,864K,youtube,south-africa,False,2024,NA,NA,,
3,Openmic Productions @UCzMzPGGVKpjZAJy1aOAUieA,2.4M,-,South Africa,Marketing and Advertising Music,732K,youtube,south-africa,False,2024,Knowledge&Info,MAPPED,,Marketing and Advertising Music
4,The Supa Strikas - Kids Soccer Cartoon @UCdtojT_ZwTRlZThoBSMVhoQ,2M,-,South Africa,,597K,youtube,south-africa,False,2024,NA,NA,,
5,Boomerang Africa @UCgGq2xHDvUHSUzs7VOIdKKw,2M,-,South Africa,,594K,youtube,south-africa,False,2024,NA,NA,,
6,Cartoon Network Africa @UCYXAcMNZRdYkR-vKV3OO1DQ,1.9M,-,South Africa,Travel Video Gaming,555K,youtube,south-africa,False,2024,Tech&Gaming,MAPPED,,Travel Video Gaming
7,SABC News @UC8yH-uI81UUtEMDsowQyx1g,1.6M,-,South Africa,,480K,youtube,south-africa,False,2024,NA,NA,,
8,Pastor Alph Lukau @UCmBMGitwFg3dDFNtOSQT1JQ,1.5M,-,South Africa,,435K,youtube,south-africa,False,2024,NA,NA,,
9,Hayls World @haylsworld,1.3M,0.4%,South Africa,,393K,youtube,south-africa,False,2024,NA,NA,,
10,Wian @UC3xgevNpGmAgWpdjtTXR20w,1.2M,-,South Africa,,360K,youtube,south-africa,False,2024,NA,NA,,
11,DJ Arch Jnr @UCQ1hYup0TxMjuGInZFkftzA,1.2M,-,South Africa,,345K,youtube,south-africa,False,2024,NA,NA,,
12,The Kiffness @UCFy846QdKs3LbLgBpSqPcdg,1.2M,2.7%,South Africa,,345K,youtube,south-africa,False,2024,NA,NA,,
13,michael jamison @UC3SIm-UNl4Ou381-PYKzU8w,1.1M,-,South Africa,Pets,342K,youtube,south-africa,False,2024,Lifestyle,MAPPED,,Pets
14,OMFilms @UCEZ6QFA7F37E--lqew7wbAQ,1.1M,-,South Africa,,333K,youtube,south-africa,False,2024,NA,NA,,
15,Nasty_C @UC01ompoZ0RMCuWP2ZODqzbg,947K,0.4%,South Africa,,284.1K,youtube,south-africa,False,2024,NA,NA,,
16,Spirittunez @UCVTDsWA7ItkDj9vt9Kt_oCw,942K,-,South Africa,,282.6K,youtube,south-africa,False,2024,NA,NA,,
17,MzansiMagicOfficial @UCSEibSG6dlUJvkC40IpNMRQ,931K,-,South Africa,,279.3K,youtube,south-africa,False,2024,NA,NA,,
18,DLM Men's Lifestyle @UC07qAfGd_Tqu8xRG6yPtw3A,863K,-,South Africa,,258.9K,youtube,south-africa,False,2024,NA,NA,,
19,Steegs Vlogs @UCrwNyJioqAkfjQgqpQE-VtA,863K,-,South Africa,,258.9K,youtube,south-africa,False,2024,NA,NA,,
20,Zee World Africa @UCdxk_T-82-s_J4ChPpw2sdg,829K,-,South Africa,,248.7K,youtube,south-africa,False,2024,NA,NA,,
21,MDM Sketch Comedy @UCedZvSQVma70F1O67NOuYZw,803K,-,South Africa,,240.9K,youtube,south-africa,False,2024,NA,NA,,
22,Zee TV Africa @UC5QOxgivpL-StHjEaEu92gg,802K,-,South Africa,,240.6K,youtube,south-africa,False,2024,NA,NA,,
23,Dan Mace @UCZfPrUL62TN74Mmrn-O_pZQ,795K,0.4%,South Africa,,238.5K,youtube,south-africa,False,2024,NA,NA,,
24,MacG @UC7BXdXFxVgMPKmBeDgx2QrQ,770K,1.3%,South Africa,,231K,youtube,south-africa,False,2024,NA,NA,,
25,Lasizwe Dambuza @UCVbVao4QtBLarbX01DX9YRg,763K,0.3%,South Africa,,228.9K,youtube,south-africa,False,2024,NA,NA,,
26,Ambitiouz Entertainment @UCniUHTOy5nONQG1M4sSIHQg,736K,0.2%,South Africa,,220.8K,youtube,south-africa,False,2024,NA,NA,,
27,Mziiki @UCgyz0qRzl96ydHBxkPD1pBw,715K,-,South Africa,,214.5K,youtube,south-africa,False,2024,NA,NA,,
28,Caitlin De Ville @UCo5K4hzIXcf2qhFAQpwUdxg,703K,0.2%,South Africa,,210.9K,youtube,south-africa,False,2024,NA,NA,,
29,MajorLeagueDjz @UCazIPE4aYxzcAjaBoSspLHw,687K,0.4%,South Africa,,206.1K,youtube,south-africa,False,2024,NA,NA,,
30,Zeus Studios @UC88vhhMsuOtE7hk2Ys_YEuA,658K,-,South Africa,,197.4K,youtube,south-africa,False,2024,NA,NA,,
31,Prophet Shepherd Bushiri @UCcbBHQXuSkw8Me1vnY-u4bw,637K,-,South Africa,,191.1K,youtube,south-africa,False,2024,NA,NA,,
32,Cricket South Africa @UCzevPCfP7MtRqOB0ZkU5cwg,578K,-,South Africa,,173.4K,youtube,south-africa,False,2024,NA,NA,,
33,Make Afrika Great @UCKLSjhp6XZUEYDT1DMcrj8w,540K,-,South Africa,,162K,youtube,south-africa,False,2024,NA,NA,,
34,LEON GUMEDE @UCIYIqQy8QwD5MEOachFjr6A,518K,-,South Africa,,155.4K,youtube,south-africa,False,2024,NA,NA,,
35,Lloyiso @UC_jBXeWtwdqV14jldwAgsWg,510K,-,South Africa,,153K,youtube,south-africa,False,2024,NA,NA,,
36,Evangelist Gabriel Fernandes @UCTnXL2SKHAo0fHVW1WSaqfw,493K,0.3%,South Africa,,147.9K,youtube,south-africa,False,2024,NA,NA,,
37,Zee Magic @UC8WD329DJWB2DTYLQTUpUuw,487K,-,South Africa,,146.1K,youtube,south-africa,False,2024,NA,NA,,
38,90 Second IQ Boosters @UCFLqqGVE_E8G3Sn-nhKmkAQ,472K,-,South Africa,,141.6K,youtube,south-africa,False,2024,NA,NA,,
39,Ramscomics @UCDjBqVmjUMFipzcINJbgOVQ,459K,2.9%,South Africa,,137.7K,youtube,south-africa,False,2024,NA,NA,,
40,WildEarth @UCV6HJBZD_hZcIX9JVJ3dCXQ,456K,-,South Africa,Video Gaming,136.8K,youtube,south-africa,False,2024,Tech&Gaming,MAPPED,,Video Gaming
41,you belong @UCAVmHjQH2rGQ58MGEPlLSWA,455K,-,South Africa,,136.5K,youtube,south-africa,False,2024,NA,NA,,
42,MaroGamingStudio8k @UCSUcdHS_ZyQmqTgKXhJ3RxQ,450K,-,South Africa,,135K,youtube,south-africa,False,2024,NA,NA,,
43,MalaMala Game Reserve @UCry5EFdbEMavAhQZht_nVbw,437K,-,South Africa,Video Gaming,131.1K,youtube,south-africa,False,2024,Tech&Gaming,MAPPED,,Video Gaming
44,Dj Maphorisa @UCFXyVm03fMlzI4B4sQkDtBA,424K,3.3%,South Africa,,127.2K,youtube,south-africa,False,2024,NA,NA,,
45,Jono Dry @UC1ez5vPW1WtzXLd1G18XI3w,411K,0.3%,South Africa,,123.3K,youtube,south-africa,False,2024,NA,NA,,
46,Mihlali N @UCWhkEFN9UXdV2zFFZvP7O0A,394K,2.4%,South Africa,,118.2K,youtube,south-africa,False,2024,NA,NA,,
47,TechNick @UCK81mcGq-hLp3oqYG6dOcaw,391K,0.5%,South Africa,Technology,117.3K,youtube,south-africa,False,2024,Tech&Gaming,MAPPED,,Technology
48,Mr. Bow @UCRuStbjeDvthcvGcr1XO82Q,384K,-,South Africa,,115.2K,youtube,south-africa,False,2024,NA,NA,,
49,IdolsSA @UCIqNOMtvwCM3vwFi38WvQ5g,381K,-,South Africa,,114.3K,youtube,south-africa,False,2024,NA,NA,,
50,SABC Education Shows @UCnHspqMx6eWIgCQfExI4Rdg,370K,-,South Africa,,111K,youtube,south-africa,False,2024,NA,NA,,
51,Sasenathi Studios @UCexgibQk1N1h5VILnh0lXTw,370K,2%,South Africa,Celebrity,111K,youtube,south-africa,False,2024,Entertainment,MAPPED,,Celebrity
52,1 Magic @UCAG4-W08jyodx28VmG-xxMw,356K,-,South Africa,,106.8K,youtube,south-africa,False,2024,NA,NA,,
53,AfricaOnNetflix @UCzi3g9ade6lq-nGjShQOJJg,356K,-,South Africa,,106.8K,youtube,south-africa,False,2024,NA,NA,,
54,BOLO HOUSE MUSIC @UCZBIKNpYXxh-Hl7vf7swyLQ,348K,-,South Africa,,104.4K,youtube,south-africa,False,2024,NA,NA,,
55,Muslim Central @UCz4AXmFeSbi-0vPXI102Q5w,346K,-,South Africa,,103.8K,youtube,south-africa,False,2024,NA,NA,,
56,Kruger Park Sightings @UCYxhhlA-a4_9241xgN6_hdg,345K,-,South Africa,,103.5K,youtube,south-africa,False,2024,NA,NA,,
57,Skits By Sphe @UC7OJqnWqGY9GTXjYatkQEPQ,341K,0.6%,South Africa,,102.3K,youtube,south-africa,False,2024,NA,NA,,
58,Reinhardt Buhr @UCCD_GyqAJ2w5UpH9R4yIEjw,328K,-,South Africa,,98.4K,youtube,south-africa,False,2024,NA,NA,,
59,Cassper Nyovest @UCZsEDryBFbqJ_oeOZB__hNw,327K,-,South Africa,,98.1K,youtube,south-africa,False,2024,NA,NA,,
60,Gemini Blessed TV @UCwIa8TXPdIdczCTkgdGvlSQ,326K,-,South Africa,,97.8K,youtube,south-africa,False,2024,NA,NA,,
61,Sean Kitching @UC3oFJp8_9KniTt_31-GcQKA,319K,0.1%,South Africa,,95.7K,youtube,south-africa,False,2024,NA,NA,,
62,In Depth Cine @UCUodELQsFwF8dq0X-bK9FQQ,318K,-,South Africa,,95.4K,youtube,south-africa,False,2024,NA,NA,,
63,Cars.co.za @UCB-mfYAd3oJLEkoMxjRAxbg,314K,0.1%,South Africa,Automotive,94.2K,youtube,south-africa,False,2024,Tech&Gaming,MAPPED,,Automotive
64,Anton Koen @UCDPicZC2OZKhd4ZhpeS1Mlw,312K,0.2%,South Africa,,93.6K,youtube,south-africa,False,2024,NA,NA,,
65,William Last KRM @UClHh8adR12eC41xCPPuBmBQ,311K,0.2%,South Africa,,93.3K,youtube,south-africa,False,2024,NA,NA,,
66,SamupertyZuluTV @UC7Zn__KZqh8QFA-PGnpJcOg,306K,0.9%,South Africa,,91.8K,youtube,south-africa,False,2024,NA,NA,,
67,United Oromia @UCG9iFxTnt5MapeJ0rz7AJFA,295K,-,South Africa,Celebrity Music,88.5K,youtube,south-africa,False,2024,Music,MAPPED,,Celebrity Music
68,Mafikizolo @UCqyuB-Y1zGRwO8wRNYGW92A,292K,16.4%,South Africa,,87.6K,youtube,south-africa,False,2024,NA,NA,,
69,RockSteady Creatives @UC-NUnxjx_g2Chj4riFdpDmw,288K,-,South Africa,,86.4K,youtube,south-africa,False,2024,NA,NA,,
70,We Love Africa @UCX80qmC9baw6HXrSjfybdmQ,284K,-,South Africa,,85.2K,youtube,south-africa,False,2024,NA,NA,,
71,Makhadzi @UCSyGLZWpjz1hsIUvwAu9gaQ,283K,2.3%,South Africa,,84.9K,youtube,south-africa,False,2024,NA,NA,,
72,Jack Bohloko @UCjOfF7d911dLcJWRavezk8A,279K,-,South Africa,,83.7K,youtube,south-africa,False,2024,NA,NA,,
73,Prince Kaybee @UCR7jIlutgJoNfcqq4GDoH2w,277K,-,South Africa,,83.1K,youtube,south-africa,False,2024,NA,NA,,
74,Showmax @UCrwTExTkzOhMYkisQRHC2rg,266K,-,South Africa,,79.8K,youtube,south-africa,False,2024,NA,NA,,
75,Mr JazziQ @UCAdL_OJQ8El-Yxye0FE4jeQ,263K,2.3%,South Africa,,78.9K,youtube,south-africa,False,2024,NA,NA,,
76,beautarie @UCkOpz7yI4B2BG9s0GhlHEYQ,261K,-,South Africa,,78.3K,youtube,south-africa,False,2024,NA,NA,,
77,Johan Swanepoel @UCBjwqkvxKq_acOSLRMgzp9g,256K,-,South Africa,,76.8K,youtube,south-africa,False,2024,NA,NA,,
78,Mpoomy Ledwaba @UC72Q1TW6NVbcpt604NgX5KQ,254K,-,South Africa,Music,76.2K,youtube,south-africa,False,2024,Music,MAPPED,,Music
79,Cream Puff @UCVDPmj45l94H_bsum7mfnGw,254K,-,South Africa,,76.2K,youtube,south-africa,False,2024,NA,NA,,
80,Wild Africa Adventure Films @UCbgAsqAJYbNW3RdgIfjy67g,247K,-,South Africa,,74.1K,youtube,south-africa,False,2024,NA,NA,,
81,Built IRL @UC4gbCGiEov1VAcOFpfGKPiA,245K,-,South Africa,,73.5K,youtube,south-africa,False,2024,NA,NA,,
82,Kay Yarms @UCpEquK2QpZrwIFzxwnr9-Gg,244K,5.3%,South Africa,,73.2K,youtube,south-africa,False,2024,NA,NA,,
83,Inkabi Records @UCqQFGn61VFpAODl5ZLiCGKA,235K,7.5%,South Africa,,70.5K,youtube,south-africa,False,2024,NA,NA,,
84,Xhosanostra TV @UCTKqP0KbvbRlnGKzcwfrWAw,235K,2.7%,South Africa,,70.5K,youtube,south-africa,False,2024,NA,NA,,
85,Emotional reader @UCAIks49asygzUcmov8B10BQ,234K,-,South Africa,,70.2K,youtube,south-africa,False,2024,NA,NA,,
86,Mzansi Fresh Dancers @UCSWAzxal9yd3RH15d0a9nNw,232K,0.6%,South Africa,,69.6K,youtube,south-africa,False,2024,NA,NA,,
87,Game Drive Channel @UCMkrN4gjvV7zslL_Kl8tSCQ,231K,-,South Africa,,69.3K,youtube,south-africa,False,2024,NA,NA,,
88,MUTHALAND TV @UCCvzuJsuwojJnSQwmUKan4Q,230K,-,South Africa,,69K,youtube,south-africa,False,2024,NA,NA,,
89,DStv @UCgK0ISOrgUkitGvKo4c9Wfg,230K,-,South Africa,,69K,youtube,south-africa,False,2024,NA,NA,,
90,Lesiba Mothupi @UChCc2cTYSxDjUafGQSRmaDw,225K,0.4%,South Africa,,67.5K,youtube,south-africa,False,2024,NA,NA,,
91,Kusemek @UCUXL7_cdSqJiZn_XqMkUaww,223K,-,South Africa,,66.9K,youtube,south-africa,False,2024,NA,NA,,
92,Tio Yado Humorista Arte Tv @UC8mfwn3nN1_vRnJ1s1HWnEQ,222K,-,South Africa,,66.6K,youtube,south-africa,False,2024,NA,NA,,
93,Koko Records @UCO-NoPS5l1g1cvbqp8lYHpQ,217K,1%,South Africa,,65.1K,youtube,south-africa,False,2024,NA,NA,,
94,Woodshop Junkies @UCzHueSosfT92NUVmhrz7Hjw,217K,1%,South Africa,,65.1K,youtube,south-africa,False,2024,NA,NA,,
95,Sho Madjozi @UCkOVK-tMYtEITJkzsnm-uUg,215K,-,South Africa,,64.5K,youtube,south-africa,False,2024,NA,NA,,
96,Elaine @UCjA1wdpqvS6yxHVdV1rxedQ,214K,-,South Africa,,64.2K,youtube,south-africa,False,2024,NA,NA,,
97,Tekweni @UC3t8OVRjPKHowGxmTzxs6qA,213K,-,South Africa,,63.9K,youtube,south-africa,False,2024,NA,NA,,
98,Detormentis @UCL5MgQS6VbE9DOwi-R5Vh6w,210K,-,South Africa,,63K,youtube,south-africa,False,2024,NA,NA,,
99,Mindset @UC_ayO9NLpGuhCvxnWZ0KwYw,208K,-,South Africa,,62.4K,youtube,south-africa,False,2024,NA,NA,,
100,BET International @UCZslbJ9Nu1TS4y6kqEtERXg,207K,-,South Africa,,62.1K,youtube,south-africa,False,2024,NA,NA,,
1,BLACKPINK @UCOmHUn--16B90oW2L6FRR3A,82M,0.4%,South Korea,,24.6M,youtube,south-korea,False,2024,NA,NA,,
2,HYBE LABELS @UC3IZKseVpdzPSBaWxBxundA,68.1M,-,South Korea,Celebrity Music,20.4M,youtube,south-korea,False,2024,Music,MAPPED,,Celebrity Music
3,1MILLION Dance Studio @UCw8ZhLPdQ0u_Y-TLKd61hGA,25.3M,-,South Korea,,7.6M,youtube,south-korea,False,2024,NA,NA,,
4,KBS WORLD TV @kbsworldtv,19.1M,-,South Korea,,5.7M,youtube,south-korea,False,2024,NA,NA,,
5,Jane ASMR 제인 @UC2fsxQr6Hcx1enORxXgKpxQ,16.6M,-,South Korea,,5M,youtube,south-korea,False,2024,NA,NA,,
6,BIGBANG @UCzw-C7fNfs018R1FzIKnlaA,14.8M,6.3%,South Korea,,4.4M,youtube,south-korea,False,2024,NA,NA,,
7,Hongyu ASMR 홍유 @UCxtLc0Jqq3SKBWlIXM_OC9g,13.4M,-,South Korea,,4M,youtube,south-korea,False,2024,NA,NA,,
8,BIBO와 장난감 @UCL4r3zHKJpcJ0jEYSbobk1Q,12.6M,-,South Korea,,3.8M,youtube,south-korea,False,2024,NA,NA,,
9,핑크퐁 (인기 동요・동화) @UCqXwKu6dKobXEQFhdKtiJLQ,10.8M,-,South Korea,,3.2M,youtube,south-korea,False,2024,NA,NA,,
10,Stone Music Entertainment @UC_pwIXKXNm5KGhdEVzmY60A,10.5M,-,South Korea,Celebrity Music,3.2M,youtube,south-korea,False,2024,Music,MAPPED,,Celebrity Music
11,TwinRoozi 쌍둥이 루지 @UCMa-5a4Hg3KnbiDOvhdfb3w,10.4M,-,South Korea,Food and Drink,3.1M,youtube,south-korea,False,2024,Lifestyle,MAPPED,,Food and Drink
12,서은일상이야기 @UCraaN4FiNe7l3F4XR6s246A,10.1M,-,South Korea,,3M,youtube,south-korea,False,2024,NA,NA,,
13,Toymong tv 토이몽TV @UC0vDCy8moGUhR7kRL19wWpw,10M,-,South Korea,,3M,youtube,south-korea,False,2024,NA,NA,,
14,GONGSAM TABLE 이공삼 @UC2B5onlYkZ7IaVekR9yIB6w,10M,-,South Korea,,3M,youtube,south-korea,False,2024,NA,NA,,
15,TOMORROW X TOGETHER OFFICIAL @txt_bighit,9.8M,0.1%,South Korea,,2.9M,youtube,south-korea,False,2024,NA,NA,,
16,서은이야기[SeoeunStory] @UCVihezVtsguXEouYvtKmKYA,9.4M,-,South Korea,,2.8M,youtube,south-korea,False,2024,NA,NA,,
17,Boram Tube [宝蓝和朋友们] @UCJedRe-OQCN-75DhLmG3VPQ,9M,-,South Korea,,2.7M,youtube,south-korea,False,2024,NA,NA,,
18,EXO @UCzCedBCSSltI1TFd3bKyN6g,8.9M,0.2%,South Korea,,2.7M,youtube,south-korea,False,2024,NA,NA,,
19,Mnet TV @UCepUWUpH45hRTi-QePdq1Bg,8.9M,-,South Korea,,2.7M,youtube,south-korea,False,2024,NA,NA,,
20,M2 @UCTQVIXvcHrR9jYoJ6qaBAow,8.8M,-,South Korea,,2.6M,youtube,south-korea,False,2024,NA,NA,,
21,쏘영 Ssoyoung @UC4PpFUrfT2Pou7OwpVF0MUQ,8.7M,0.1%,South Korea,Food and Drink,2.6M,youtube,south-korea,False,2024,Lifestyle,MAPPED,,Food and Drink
22,SEVENTEEN @UCfkXDY7vwkcJ8ddFGz8KusA,8.5M,0.5%,South Korea,,2.5M,youtube,south-korea,False,2024,NA,NA,,
23,이지금 [IU Official] @dlwlrma,8.1M,0.8%,South Korea,,2.4M,youtube,south-korea,False,2024,NA,NA,,
24,ITZY @UCDhM2k2Cua-JdobAh5moMFg,7.5M,0.2%,South Korea,,2.2M,youtube,south-korea,False,2024,NA,NA,,
25,SonicToy소닉토이 @UC2NvqL2gbWQXbfnLN7C9XFg,7.3M,-,South Korea,,2.2M,youtube,south-korea,False,2024,NA,NA,,
26,야미보이 Yummyboy @UCiiV8stcewhoCNyiErr7GtA,7.1M,-,South Korea,,2.1M,youtube,south-korea,False,2024,NA,NA,,
27,Sungha Jung @UCjWRi2qaGtKjQyoQLc4OGkw,7M,0.1%,South Korea,,2.1M,youtube,south-korea,False,2024,NA,NA,,
28,ENHYPEN @enhypenofficial,6.8M,1.2%,South Korea,,2.1M,youtube,south-korea,False,2024,NA,NA,,
29,MAMAMOO @UCuhAUMLzJxlP1W7mEk0_6lA,6.8M,0.2%,South Korea,,2M,youtube,south-korea,False,2024,NA,NA,,
30,스브스케이팝 / SBS KPOP @UCS_hnpJLQTvBkqALgapi_4g,6.7M,-,South Korea,,2M,youtube,south-korea,False,2024,NA,NA,,
31,TREASURE (트레저) @UCx9hXYOCvUYwrprEqe4ZQHA,6.7M,0.5%,South Korea,,2M,youtube,south-korea,False,2024,NA,NA,,
32,tvN drama @UC9w-h_ciMmX64TcLRcb1xPg,6.5M,-,South Korea,,2M,youtube,south-korea,False,2024,NA,NA,,
33,MiniforceTV (Korean) @UCx4IY_sYVTL6RQu30Cprm8A,6.5M,-,South Korea,,2M,youtube,south-korea,False,2024,NA,NA,,
34,[장난감티비]TOYTV @UCtzr07Iifce7-48Kw1phdzg,6.4M,-,South Korea,,1.9M,youtube,south-korea,False,2024,NA,NA,,
35,SBS Drama @UC6erIDuvbOaAO-OT5rB2Xew,6.2M,-,South Korea,,1.9M,youtube,south-korea,False,2024,NA,NA,,
36,PONY Syndrome @UCT-_4GqC-yLY1xtTHhwY0hA,5.9M,-,South Korea,,1.8M,youtube,south-korea,False,2024,NA,NA,,
37,PinkyPopTOY @UCUf7BpZJOP4YnfF2iVDt-_Q,5.7M,-,South Korea,,1.7M,youtube,south-korea,False,2024,NA,NA,,
38,MovieCon Movie @UCMtOE24uqnPacF0y_smkw1w,5.7M,0.3%,South Korea,,1.7M,youtube,south-korea,False,2024,NA,NA,,
39,starshipTV @UCYDmx2Sfpnaxg488yBpZIGg,5.6M,0.3%,South Korea,,1.7M,youtube,south-korea,False,2024,NA,NA,,
40,스위트티비 SweetTV @UCnCXqo9jcQaHjW0iZM7tPOQ,5.6M,-,South Korea,Pets,1.7M,youtube,south-korea,False,2024,Lifestyle,MAPPED,,Pets
41,jenny slime @UCFZwZBF-5Kkw_SCHkb5_hRg,5.5M,-,South Korea,,1.7M,youtube,south-korea,False,2024,NA,NA,,
42,MayTree @UC3mY2SKYhPjqImtBBXsR6_Q,5.5M,-,South Korea,Education Music,1.6M,youtube,south-korea,False,2024,Knowledge&Info,MAPPED,,Education Music
43,백종원의 요리비책 Paik's Cuisine @UCyn-K7rZLXjGl7VXGweIlcA,5.4M,-,South Korea,,1.6M,youtube,south-korea,False,2024,NA,NA,,
44,With KIds Playground [위드키즈 놀이터] @UCnHCaT79--qqZKBSWoJq_NA,5.4M,-,South Korea,,1.6M,youtube,south-korea,False,2024,NA,NA,,
45,베이비버스 -인기 동요・동화 @UCscjd-azZ1AqHxxrO6YDIQg,5.3M,-,South Korea,,1.6M,youtube,south-korea,False,2024,NA,NA,,
46,영국남자 Korean Englishman @UCg-p3lQIqmhh7gHpyaOmOiQ,5.3M,4.5%,South Korea,,1.6M,youtube,south-korea,False,2024,NA,NA,,
47,콩순이 · 시크릿쥬쥬 [Kongsuni · Secret Jouju] @UC3sCmmMaM383cjv1jNdiU2w,5.3M,-,South Korea,,1.6M,youtube,south-korea,False,2024,NA,NA,,
48,NCT @UCwgtORdDtUKhpjE1VBv6XfA,5.2M,0.9%,South Korea,,1.6M,youtube,south-korea,False,2024,NA,NA,,
49,[Awesome Haeun]어썸하은 @UCcpAtOvcne_cX7gvarTgKsQ,5.2M,-,South Korea,,1.6M,youtube,south-korea,False,2024,NA,NA,,
50,Fume @UCbzI92w5vWa6mEj1dACfy6g,5.2M,0.1%,South Korea,,1.5M,youtube,south-korea,False,2024,NA,NA,,
51,BT21 @UCINr5W7cwW06ADtsszAToAw,5.1M,-,South Korea,,1.5M,youtube,south-korea,False,2024,NA,NA,,
52,Red Velvet @UCk9GmdlDTBfgGRb7vXeRMoQ,5.1M,-,South Korea,,1.5M,youtube,south-korea,False,2024,NA,NA,,
53,NCT 127 @UCk2E0dbAyEJWnrN2bbQOcbg,5.1M,-,South Korea,,1.5M,youtube,south-korea,False,2024,NA,NA,,
54,NCT DREAM @UCXURHJRGr4-EB3l87kcbElw,5M,2.4%,South Korea,,1.5M,youtube,south-korea,False,2024,NA,NA,,
55,Mini Pang TV (Korean) @UCDuoZoikGpBAlX4BZBDdGtw,5M,-,South Korea,,1.5M,youtube,south-korea,False,2024,NA,NA,,
56,COREANO LOCO TV @UC4gvPAFbp7Qt6T616Y3MPLw,4.9M,-,South Korea,,1.5M,youtube,south-korea,False,2024,NA,NA,,
57,Jaeguchi @UCmth4hMyizG-_W9jidBqs_A,4.8M,0.1%,South Korea,,1.5M,youtube,south-korea,False,2024,NA,NA,,
58,채널 십오야 @UCQ2O-iftmnlfrBuNsUUTofQ,4.7M,0.3%,South Korea,,1.4M,youtube,south-korea,False,2024,NA,NA,,
59,ddeong-gae @UC-i2ywiuvjvpTy2zW-tXfkw,4.7M,-,South Korea,,1.4M,youtube,south-korea,False,2024,NA,NA,,
60,SBS TV동물농장x애니멀봐 @UC22go5LdQEw-iDuxFb4C0hw,4.7M,-,South Korea,,1.4M,youtube,south-korea,False,2024,NA,NA,,
61,CoCosToy 꼬꼬스토이 @UCfVd4ZgG0hwe3F0cqRTvUWQ,4.7M,-,South Korea,Pets,1.4M,youtube,south-korea,False,2024,Lifestyle,MAPPED,,Pets
62,Pororo Korean Official @UCPUeGC_AL-OnDQORKhRm6iA,4.6M,-,South Korea,,1.4M,youtube,south-korea,False,2024,NA,NA,,
63,5 분 Tricks @UC03jtg6Imz882ZCPnB7bZ0w,4.5M,-,South Korea,,1.4M,youtube,south-korea,False,2024,NA,NA,,
64,까니짱 [ G-NI ] @UC2wZJuuD_WA9ps2FORco1EQ,4.5M,0.2%,South Korea,,1.4M,youtube,south-korea,False,2024,NA,NA,,
65,Cooking tree 쿠킹트리 @UCtby6rJtBGgUm-2oD_E7bzw,4.5M,-,South Korea,,1.4M,youtube,south-korea,False,2024,NA,NA,,
66,하루한끼 one meal a day @UCPWFxcwPliEBMwJjmeFIDIg,4.4M,0.2%,South Korea,,1.3M,youtube,south-korea,False,2024,NA,NA,,
67,JaeYeol ASMR 재열 @UCg7xkCKcxA84xSTGgtF9ySA,4.3M,-,South Korea,,1.3M,youtube,south-korea,False,2024,NA,NA,,
68,STUDIO CHOOM [스튜디오 춤] @UCEIi7zFR_wE23jFncVtd6-A,4.3M,-,South Korea,,1.3M,youtube,south-korea,False,2024,NA,NA,,
69,Raon @UCQn1FqrR2OCjSe6Nl4GlVHw,4.3M,0.1%,South Korea,,1.3M,youtube,south-korea,False,2024,NA,NA,,
70,[Dorothy]도로시 @UCWUwriihuQ_ybNrAOqbg3yg,4.2M,-,South Korea,,1.2M,youtube,south-korea,False,2024,NA,NA,,
71,매일맛나 delicious day @UCFiYPUhUzLKoi-cZ0AwpjLA,4.2M,0.2%,South Korea,,1.2M,youtube,south-korea,False,2024,NA,NA,,
72,(G)I-DLE (여자)아이들 (Official YouTube Channel) @UCritGVo7pLJLUS8wEu32vow,4.1M,-,South Korea,,1.2M,youtube,south-korea,False,2024,NA,NA,,
73,aespa @aespa,4.1M,0.6%,South Korea,,1.2M,youtube,south-korea,False,2024,NA,NA,,
74,허팝Heopop @UCk6bX-MZXdte_7kG8TbMkqg,4M,0.2%,South Korea,,1.2M,youtube,south-korea,False,2024,NA,NA,,
75,딩고 뮤직 / dingo music @UCtCiO5t2voB14CmZKTkIzPQ,4M,-,South Korea,,1.2M,youtube,south-korea,False,2024,NA,NA,,
76,Daud Kim @UCZvmd8vkAM_oMC_f90vWfag,4M,-,South Korea,,1.2M,youtube,south-korea,False,2024,NA,NA,,
77,ARTBEAT @UCgZlBRLRB1-0l-qL9BkecLQ,3.8M,-,South Korea,,1.1M,youtube,south-korea,False,2024,NA,NA,,
78,워크맨-Workman @UCwx6n_4OcLgzAGdty0RWCoA,3.8M,0.5%,South Korea,Careers,1.1M,youtube,south-korea,False,2024,Knowledge&Info,MAPPED,,Careers
79,보경 Bokyoung @UCALl6UrYtJndCXo2p6hANPQ,3.8M,0.1%,South Korea,,1.1M,youtube,south-korea,False,2024,NA,NA,,
80,CreamHeroes @UCmLiSrat4HW2k07ahKEJo4w,3.8M,-,South Korea,,1.1M,youtube,south-korea,False,2024,NA,NA,,
81,KyoKwang TV @UCwsFLjczPWiiWBS9_cdSQIQ,3.8M,-,South Korea,,1.1M,youtube,south-korea,False,2024,NA,NA,,
82,백현 Baekhyun @UCUyr5000laFgF79tWJB3rXQ,3.7M,5.7%,South Korea,,1.1M,youtube,south-korea,False,2024,NA,NA,,
83,Kids Pang TV @UCK2GFjc2PnRViSHRObX5nKA,3.6M,-,South Korea,,1.1M,youtube,south-korea,False,2024,NA,NA,,
84,drawholic @UCma2_rrf2FeD82J3OadClvA,3.6M,0.1%,South Korea,,1.1M,youtube,south-korea,False,2024,NA,NA,,
85,tvN D ENT @UCsRIHt5FkbGc6cQtCxt-ufA,3.6M,-,South Korea,,1.1M,youtube,south-korea,False,2024,NA,NA,,
86,ZOEY ASMR 조이 @UCGISU4yWiEf4lB9RzdY8O4w,3.5M,0.1%,South Korea,,1.1M,youtube,south-korea,False,2024,NA,NA,,
87,Asian Boss @UC2-_WWPT_124iN6jiym4fOw,3.5M,-,South Korea,,1M,youtube,south-korea,False,2024,NA,NA,,
88,KARD @UC5OwlwvsVmf_lXHguB6OYFw,3.5M,-,South Korea,,1M,youtube,south-korea,False,2024,NA,NA,,
89,Serena Art @UC7ge2l3B_-qraQ6eXkdGepw,3.4M,-,South Korea,Art,1M,youtube,south-korea,False,2024,Lifestyle,MAPPED,,Art
90,YTN @UChlgI3UHCOnwUGzWzbJ3H5w,3.4M,-,South Korea,,1M,youtube,south-korea,False,2024,NA,NA,,
91,푸드킹덤 Food Kingdom @UC4BfinFCS1o6t1tAsl0RVWQ,3.4M,0.1%,South Korea,Food and Drink,1M,youtube,south-korea,False,2024,Lifestyle,MAPPED,,Food and Drink
92,솔라시도 solarsido @UCNx0TXIuGVEA_TWB5H2I6Lg,3.4M,-,South Korea,,1M,youtube,south-korea,False,2024,NA,NA,,
93,Smile Bam @UCKo9E6a6-E40CC6OdSbvcdA,3.4M,2.4%,South Korea,,1M,youtube,south-korea,False,2024,NA,NA,,
94,Chihun ASMR 치훈 @UCx_7Isnu10jfrlV7m1Fz06A,3.4M,-,South Korea,,1M,youtube,south-korea,False,2024,NA,NA,,
95,JTBC Voyage @UCF3UEVPt5zZTlBVJwDG317g,3.3M,-,South Korea,,993K,youtube,south-korea,False,2024,NA,NA,,
96,리월드RIWORLD @UC7UbS3kToagugtwtcF2m3Fg,3.3M,-,South Korea,,993K,youtube,south-korea,False,2024,NA,NA,,
97,Like Nastya KOR @UCKtWpU7qXe9FxBPQwU7_W4g,3.3M,-,South Korea,,987K,youtube,south-korea,False,2024,NA,NA,,
98,럭키강이 LuckyKang i @UCDHIA4d_e4SOrODpU7nrVtA,3.3M,-,South Korea,,984K,youtube,south-korea,False,2024,NA,NA,,
99,English Singsing @UCGwA4GjY4nGMIYvaJiA0EGA,3.2M,-,South Korea,,972K,youtube,south-korea,False,2024,NA,NA,,
100,JAY PARK @UCK5fO9Q2gitao0M5yQvPnvw,3.2M,-,South Korea,,957K,youtube,south-korea,False,2024,NA,NA,,
1,Mikecrack @UCqJ5zFEED1hWs0KNQCQuYdQ,32.2M,0.6%,Spain,,9.7M,youtube,spain,False,2024,NA,NA,,
2,AuronPlay @auronplay,29.2M,8.7%,Spain,,8.8M,youtube,spain,False,2024,NA,NA,,
3,Las Ratitas @UCUY6t_N9MyEWu6I0ZXkbtKA,24.5M,-,Spain,,7.4M,youtube,spain,False,2024,NA,NA,,
4,ElTrollino @UCI2FmVp--YL8d7iVFt8mmxg,18.7M,-,Spain,,5.6M,youtube,spain,False,2024,NA,NA,,
5,TheGrefg @UCCEmjNPpJYhGDgaEqeeA4HA,17.7M,-,Spain,,5.3M,youtube,spain,False,2024,NA,NA,,
6,Willyrex @UC8rNKrqBxJqL9izOOMxBJtw,17.2M,-,Spain,,5.2M,youtube,spain,False,2024,NA,NA,,
7,Doggy Doggy Cartoons @UC_W0_Nv-3rxpWVvosddhrPw,16.8M,-,Spain,,5M,youtube,spain,False,2024,NA,NA,,
8,Makiman131 @UCevY-z55kr37ZAXG15F-KiA,14.9M,0.1%,Spain,,4.5M,youtube,spain,False,2024,NA,NA,,
9,iTownGamePlay *Terror&Diversión* @UCKmlxQVs0vHtaLldRIQ8lsA,14.7M,-,Spain,,4.4M,youtube,spain,False,2024,NA,NA,,
10,Auron @UCFR2oaNj02WnXkOgLH0iqOA,14M,0.4%,Spain,,4.2M,youtube,spain,False,2024,NA,NA,,
11,gymvirtual @UCfwP2H1CDJvssk6g2pm8EgA,12.6M,-,Spain,,3.8M,youtube,spain,False,2024,NA,NA,,
12,Adexe & Nau @UCKR6KdJmTdhLVQJnoJu9tRQ,12.6M,-,Spain,,3.8M,youtube,spain,False,2024,NA,NA,,
13,Little Baby Bum en Español @UCHicabXz9rUMWLcdMqBtbxQ,12.4M,-,Spain,,3.7M,youtube,spain,False,2024,NA,NA,,
14,DaniRep | +6 Vídeos Diarios De GTA 5 Online! @UCHIwQiZhIn6fm5b_IilqBbQ,12M,-,Spain,,3.6M,youtube,spain,False,2024,NA,NA,,
15,Luli Pampín @UCCw5Xsx3WazdczGTKJdjwPQ,11.9M,-,Spain,,3.6M,youtube,spain,False,2024,NA,NA,,
16,Rubius Z @UCcjIvuxmWlS5IEQ0JdPV4Ng,11.8M,-,Spain,,3.5M,youtube,spain,False,2024,NA,NA,,
17,POCOYÓ en ESPAÑOL - Canal Oficial @UCnB5W_ZJgiDFnklejRGADxw,11.7M,-,Spain,,3.5M,youtube,spain,False,2024,NA,NA,,
18,Quantum Tech HD @UC4Tklxku1yPcRIH0VVCKoeA,11.5M,-,Spain,Careers Technology,3.5M,youtube,spain,False,2024,Knowledge&Info,MAPPED,,Careers Technology
19,ExpCaseros @UCoTyVfIkM-hjz4JauDoVvog,11.4M,-,Spain,,3.4M,youtube,spain,False,2024,NA,NA,,
20,El Rincón De Giorgio @UCDZsyOkn-WTiTwgAvZSQ_cg,11.2M,-,Spain,,3.4M,youtube,spain,False,2024,NA,NA,,
21,Mejores Juguetes @UCVnu0ZtcaY9bpJgdxAaqagA,10.9M,-,Spain,,3.3M,youtube,spain,False,2024,NA,NA,,
22,Acenix @UCH3h4jRKn3lJo0uORqqESPg,10.8M,0.8%,Spain,,3.2M,youtube,spain,False,2024,NA,NA,,
23,Dalas Review @UCgRr2pZaGeaZVN6LfbvQk9w,10.2M,0.6%,Spain,,3.1M,youtube,spain,False,2024,NA,NA,,
24,CantaJuego @UCizr5gqjxUoz623B8B78VPQ,10M,-,Spain,,3M,youtube,spain,False,2024,NA,NA,,
25,ROSALÍA @UCQt9awGIFZeldFsATZNeJag,9.8M,0.4%,Spain,,2.9M,youtube,spain,False,2024,NA,NA,,
26,Pica - Pica Oficial @UCQFZLyU7ndDUk4epI-7QqXw,9.7M,-,Spain,,2.9M,youtube,spain,False,2024,NA,NA,,
27,ZarcortGame @UCE3qZH8ltYwmQDmm5uinPXw,9.6M,-,Spain,,2.9M,youtube,spain,False,2024,NA,NA,,
28,Ibai @UCaY_-ksFSQtTGk0y1HA_3YQ,9.2M,0.6%,Spain,,2.8M,youtube,spain,False,2024,NA,NA,,
29,Wismichu @UCsmx517WjzoyFuC17DGVt1A,9.1M,-,Spain,,2.7M,youtube,spain,False,2024,NA,NA,,
30,WildBrain Español @UCezM7Oug0cC4mW-9o60AjRA,8.9M,-,Spain,,2.7M,youtube,spain,False,2024,NA,NA,,
31,Sparta356 @UCY4_3ZL6HecuczYESAAKRdg,8.8M,-,Spain,,2.6M,youtube,spain,False,2024,NA,NA,,
32,Disney Junior España @UCx5qQgFaVBfJJaw5hbE_MrA,8.8M,-,Spain,,2.6M,youtube,spain,False,2024,NA,NA,,
33,Spain's Got Talent @UCxthdekpMin2DTv4i-3AjDg,8.7M,-,Spain,,2.6M,youtube,spain,False,2024,NA,NA,,
34,LaLiga @UCTv-XvfzLX3i4IGWAm4sbmA,8.5M,-,Spain,,2.6M,youtube,spain,False,2024,NA,NA,,
35,Funny Stop Motion videos @UCXLw_h6bFfPOKbDJXDUjA-Q,8.3M,-,Spain,,2.5M,youtube,spain,False,2024,NA,NA,,
36,Real Madrid @UCWV3obpZVGgJ3j9FVhEjF2Q,8.2M,0.2%,Spain,,2.5M,youtube,spain,False,2024,NA,NA,,
37,DjMaRiiO @UCi7TVXyvrIwqeS9tfYD8UDA,8.1M,0.6%,Spain,,2.4M,youtube,spain,False,2024,NA,NA,,
38,Dani itss @UCD5dXej6wC856yigcC-HpeA,7.9M,-,Spain,,2.4M,youtube,spain,False,2024,NA,NA,,
39,WooHoo ES @UCwmVv-CvbNdhlnPQ4SyWzkg,7.9M,-,Spain,,2.4M,youtube,spain,False,2024,NA,NA,,
40,Inmagic @UCdBQfHieMWDWxoCeu1de5RA,7.7M,0.1%,Spain,,2.3M,youtube,spain,False,2024,NA,NA,,
41,SaneuB @UCoHQQI-lEfCQzKR1PK2LZvw,7.5M,0.4%,Spain,,2.2M,youtube,spain,False,2024,NA,NA,,
42,INNA @UCr8RbU-D7iSvpy0ZO-AasoQ,7.3M,0.1%,Spain,,2.2M,youtube,spain,False,2024,NA,NA,,
43,YoSoyPlex @UCl8bYBm0XAP23mReE11IBOA,7.3M,0.7%,Spain,,2.2M,youtube,spain,False,2024,NA,NA,,
44,TOYS on the go! @UCe1T7EkHIHvOIWBG1Om8xHA,7.1M,-,Spain,,2.1M,youtube,spain,False,2024,NA,NA,,
45,Massi @UCGBNfqYHrq0BcVa9Co0ogsA,6.9M,-,Spain,,2.1M,youtube,spain,False,2024,NA,NA,,
46,Tecnonauta @UCFOSg71CRAJ58IPuV_-jMbw,6.9M,0.2%,Spain,,2.1M,youtube,spain,False,2024,NA,NA,,
47,Maya y Mary - Canciones Infantiles @UCl5hl5HIQqets-5iHhgrqOw,6.8M,-,Spain,,2.1M,youtube,spain,False,2024,NA,NA,,
48,Experimentar En Casa @UCwuqQHp6LYTDIxlyaDkg6Mw,6.8M,-,Spain,,2M,youtube,spain,False,2024,NA,NA,,
49,TheShooterCoc @UCtdyg85rwF9bPlz3ON6izFw,6.6M,0.4%,Spain,,2M,youtube,spain,False,2024,NA,NA,,
50,Red Bull Batalla @UCRRtRg9N0R0WHZcyPZGiLKg,6.6M,-,Spain,,2M,youtube,spain,False,2024,NA,NA,,
51,Porta @UCanCMSBvZLmv4B6XN73BTEQ,6.4M,-,Spain,,1.9M,youtube,spain,False,2024,NA,NA,,
52,Trolerotutos @UCazcTV-hRc4b-wdb0sFsRKQ,6.4M,0.6%,Spain,,1.9M,youtube,spain,False,2024,NA,NA,,
53,Ampeterby7 @UCnmlCrWnJZ-YdDFcVKOnjhA,6.2M,-,Spain,,1.9M,youtube,spain,False,2024,NA,NA,,
54,Sorpresas Divertidas @UCem7txHgFM0Egj4saI2rhdw,6.2M,-,Spain,,1.8M,youtube,spain,False,2024,NA,NA,,
55,RiusPlay @UCTXfzVSBZX2tnkbLf7ZU7rA,6.1M,0.4%,Spain,,1.8M,youtube,spain,False,2024,NA,NA,,
56,Manucraft @UCVoKxxQdeckWgU6DQGZCoIw,6.1M,-,Spain,,1.8M,youtube,spain,False,2024,NA,NA,,
57,Morat @UCvQwfdlOR55OO82gFWJCnWQ,6M,3%,Spain,,1.8M,youtube,spain,False,2024,NA,NA,,
58,ROBERT PG @UC1StC0C68OdfjB9qyJPUF8A,6M,1%,Spain,,1.8M,youtube,spain,False,2024,NA,NA,,
59,Mikecrack Fans @UCnm1ctk8ujjQlenfI0trHWw,5.8M,0.1%,Spain,,1.7M,youtube,spain,False,2024,NA,NA,,
60,bysTaXx @UCcfUAgCv_13Y7FyMCQ4rPYw,5.7M,-,Spain,,1.7M,youtube,spain,False,2024,NA,NA,,
61,Mi Historia Animada @UCAfRk-fbNGwVTfbXcmhIWoQ,5.7M,0.5%,Spain,,1.7M,youtube,spain,False,2024,NA,NA,,
62,Pablo Alborán @UCf3L_9odIRo9G2L_-hsb7lg,5.7M,0.1%,Spain,,1.7M,youtube,spain,False,2024,NA,NA,,
63,¡Caja Mágica! Vídeos in Spanish @UCi06Lg5rmRjK9tCGzw7BrjQ,5.7M,-,Spain,,1.7M,youtube,spain,False,2024,NA,NA,,
64,Salva @UCSmTKsZ0FfIND325ICTbxSA,5.6M,-,Spain,,1.7M,youtube,spain,False,2024,NA,NA,,
65,byViruZz @UCvGiJYBPgVP7W1ypE3DKOqA,5.6M,0.3%,Spain,,1.7M,youtube,spain,False,2024,NA,NA,,
66,CHUPITA @UCBYOJB0aaN9zXAR2-thQDdw,5.5M,-,Spain,,1.7M,youtube,spain,False,2024,NA,NA,,
67,bytarifa @UCbiqjDZeuczOizyzJ4Sp8fQ,5.5M,0.2%,Spain,,1.6M,youtube,spain,False,2024,NA,NA,,
68,Los mejores Top 10 @UCU4dLZPpj0hRF-P4x4snO9g,5.4M,-,Spain,,1.6M,youtube,spain,False,2024,NA,NA,,
69,Urban Roosters @UCvbTYgbzLcCginSC03fhmwg,5.4M,-,Spain,,1.6M,youtube,spain,False,2024,NA,NA,,
70,Logan G @UCvAdWQikZSiykT99dqJ0Qxw,5.3M,-,Spain,,1.6M,youtube,spain,False,2024,NA,NA,,
71,Asubio Kids @UC7Rrbm84x8RK0OkKlHpmiUQ,5.2M,-,Spain,,1.6M,youtube,spain,False,2024,NA,NA,,
72,Groovy el Marciano - Español @UCG3awVo02qs8aCfDori2Uxg,5.2M,-,Spain,,1.6M,youtube,spain,False,2024,NA,NA,,
73,dibusYmas @UCxQ_WZ2lFMAJYLnpom1L7Tg,5.2M,-,Spain,,1.6M,youtube,spain,False,2024,NA,NA,,
74,FisioOnline @UC6iRiXWScChTr6uNLXjJYFQ,5.2M,-,Spain,,1.6M,youtube,spain,False,2024,NA,NA,,
75,Lizy P @UCoeXcVMriL31GQGBL-c2KJg,5M,0.2%,Spain,,1.5M,youtube,spain,False,2024,NA,NA,,
76,Pascu y Rodri @UCxIBZ-nQhgZES3UaTm8eDPA,5M,1.9%,Spain,,1.5M,youtube,spain,False,2024,NA,NA,,
77,Acenix Cortos @UCgfjaYdmd49-3vFK0xbNLEQ,4.9M,-,Spain,,1.5M,youtube,spain,False,2024,NA,NA,,
78,KillerCreeper55 - Minecraft @UC1_aBBbg4vzI_Y8QAolPcCA,4.9M,1.5%,Spain,,1.5M,youtube,spain,False,2024,NA,NA,,
79,HISTORIAS CON RUTH @UCwaxDXAjuKeynj3sufRICJQ,4.9M,-,Spain,,1.5M,youtube,spain,False,2024,NA,NA,,
80,KarenMéndezKM @UC66UiuqOE5Sy0sR3OX6qO3g,4.9M,0.4%,Spain,,1.5M,youtube,spain,False,2024,NA,NA,,
81,Alvaro845 @UC-wZqFr9B3gdbToNtdKWkrA,4.9M,-,Spain,,1.5M,youtube,spain,False,2024,NA,NA,,
82,WhiteZunder @UC_dxqNXNp9dqbyDCXQEMckw,4.8M,-,Spain,,1.5M,youtube,spain,False,2024,NA,NA,,
83,MrDs4 @UCkKdqfQUDb6BcC4mwYEkTnQ,4.8M,1.2%,Spain,,1.4M,youtube,spain,False,2024,NA,NA,,
84,AlphaSniper97 @UCTh7LxBX092Ont5OwfLjeAg,4.8M,-,Spain,,1.4M,youtube,spain,False,2024,NA,NA,,
85,Librería Secreta @UCCN63hZqtWN9xPU-gqko3Lw,4.8M,-,Spain,,1.4M,youtube,spain,False,2024,NA,NA,,
86,BersGamer ❤ @UCKVBGsCF9uitjUg-R3nMRpw,4.7M,-,Spain,,1.4M,youtube,spain,False,2024,NA,NA,,
87,Kidd Keo @UCBCD1nIuiH-d10_l6Q-8rRg,4.6M,1.4%,Spain,,1.4M,youtube,spain,False,2024,NA,NA,,
88,Adri @UCNuMTUpcwaW_4sHxQAIs8Jw,4.6M,0.2%,Spain,,1.4M,youtube,spain,False,2024,NA,NA,,
89,GuidoFTO - FTO FAMILY @UCU0nCk_dDYf2PavgLbfgihQ,4.6M,-,Spain,,1.4M,youtube,spain,False,2024,NA,NA,,
90,Didac Ribot @UCsJJGg6hmHv2dCYity_PbUA,4.6M,0.8%,Spain,,1.4M,youtube,spain,False,2024,NA,NA,,
91,DRAW MY LIFE en Español @UChmLIRBQh3-bRJp3d6Dnnog,4.6M,-,Spain,,1.4M,youtube,spain,False,2024,NA,NA,,
92,Lethal Crysis @UCJCen5xxTtU7cnVHe3n424A,4.5M,0.9%,Spain,,1.4M,youtube,spain,False,2024,NA,NA,,
93,FREDY @UCqRxWQHFyjoLGuMTPqXdb9g,4.5M,0.1%,Spain,,1.4M,youtube,spain,False,2024,NA,NA,,
94,BERET @UCF1B6Qwd22vBa-Q32Pnj0DQ,4.5M,0.9%,Spain,,1.4M,youtube,spain,False,2024,NA,NA,,
95,León Picarón @UC7EPUDULa-Oru2MpL7UV8sA,4.5M,-,Spain,,1.3M,youtube,spain,False,2024,NA,NA,,
96,Karina & Marina @UCfgn1AVa96Rye5DRETetq6g,4.4M,-,Spain,,1.3M,youtube,spain,False,2024,NA,NA,,
97,Entrena con Sergio Peinado @UC9l7xbkF_n-WP61f74AjKvw,4.4M,0.1%,Spain,,1.3M,youtube,spain,False,2024,NA,NA,,
98,Anna recetasfaciles @UCVf-uzV0XR-3DLtRs1sg6Og,4.4M,-,Spain,,1.3M,youtube,spain,False,2024,NA,NA,,
99,Folagor03 @UCYcdw2wL6W6iGBKZgGK_Hjw,4.4M,-,Spain,,1.3M,youtube,spain,False,2024,NA,NA,,
100,Nexxuz World @UCggHFGmLDDStxyM-uy9DYnQ,4.3M,0.8%,Spain,,1.3M,youtube,spain,False,2024,NA,NA,,
1,Avicii @UCPHjpfnnGklkRBBTd0k6aHg,20.1M,0.3%,Sweden,,6M,youtube,sweden,False,2024,NA,NA,,
2,Narins Beauty @UCWXYdNyGX01rnTB-tQci8JQ,13.4M,1.4%,Sweden,Beauty,4M,youtube,sweden,False,2024,Beauty&Fashion,MAPPED,,Beauty
3,Panda @pandapubgmobilepanda,12.1M,0.4%,Sweden,Video Gaming,3.6M,youtube,sweden,False,2024,Tech&Gaming,MAPPED,,Video Gaming
4,Levinho @UCHpEfybj_wamBKz2u6IoiGA,11M,-,Sweden,,3.3M,youtube,sweden,False,2024,NA,NA,,
5,Minecraft @UC1sELGmy5jp5fQUugmuYlXQ,10.6M,-,Sweden,,3.2M,youtube,sweden,False,2024,NA,NA,,
6,Zara Larsson @UCjNRJBlxvvS0UXAT2Ack-QQ,6.6M,-,Sweden,,2M,youtube,sweden,False,2024,NA,NA,,
7,Sevou @UCVOd6kA37ubwZvo0BZXKCMQ,6.3M,-,Sweden,,1.9M,youtube,sweden,False,2024,NA,NA,,
8,Awesome Restorations @UCsCCifMby57qV_UmrYGladQ,5.4M,-,Sweden,,1.6M,youtube,sweden,False,2024,NA,NA,,
9,LEMMiNO @UCRcgy6GzDeccI7dkbbBna3Q,4.9M,-,Sweden,,1.5M,youtube,sweden,False,2024,NA,NA,,
10,SethEverman @UCoNRSwYHJdy-yV1b82ZdHfQ,4.4M,2.8%,Sweden,,1.3M,youtube,sweden,False,2024,NA,NA,,
11,Panda Reacts @bluepanda,4.3M,0.3%,Sweden,,1.3M,youtube,sweden,False,2024,NA,NA,,
12,AronChupa & Little Sis Nora @UC3dFWgPq2TrEqE114tGNNzQ,3.8M,-,Sweden,Music,1.1M,youtube,sweden,False,2024,Music,MAPPED,,Music
13,ABBA @UCYPs4y5esNqx6ax1CxZws6Q,3.7M,0.2%,Sweden,,1.1M,youtube,sweden,False,2024,NA,NA,,
14,Maher Zain @UCMBXjVFU51CJ047U1Wp3JKQ,3.6M,-,Sweden,,1.1M,youtube,sweden,False,2024,NA,NA,,
15,Panda Shorts @pandashorts,3.6M,1.3%,Sweden,,1.1M,youtube,sweden,False,2024,NA,NA,,
16,Galantis @UC0YlhwQabxkHb2nfRTzsTTA,3.6M,-,Sweden,,1.1M,youtube,sweden,False,2024,NA,NA,,
17,Anomaly @UCcqsx0NjdN3Ng9Nd8VSOlXg,3.2M,-,Sweden,,945K,youtube,sweden,False,2024,NA,NA,,
18,Cedra Amara @UCti_PtL-Nits3oqEoiQbWIw,3M,3%,Sweden,,888K,youtube,sweden,False,2024,NA,NA,,
19,Battlefield @UCvNBXWGykQrWb7kPAn5eLUQ,2.8M,-,Sweden,,837K,youtube,sweden,False,2024,NA,NA,,
20,Simone Giertz @UC3KEoMzNz8eYnwBC34RaKCQ,2.6M,2.5%,Sweden,,786K,youtube,sweden,False,2024,NA,NA,,
21,Wintergatan @UCcXhhVwCT6_WqjkEniejRJQ,2.5M,0.7%,Sweden,,753K,youtube,sweden,False,2024,NA,NA,,
22,Arash @UCeiO4WkOBrXEP2j6k-u7aNA,2.4M,0.3%,Sweden,,720K,youtube,sweden,False,2024,NA,NA,,
23,Keralis @UCcJgOennb0II4a_qi9OMkRA,2.4M,0.5%,Sweden,,708K,youtube,sweden,False,2024,NA,NA,,
24,Score 90 @UCX7NrBIGUezEJxDK3vCZa7Q,2.3M,1.1%,Sweden,,690K,youtube,sweden,False,2024,NA,NA,,
25,MoonVines @UClI-3t280qbWifHgwA_AUKA,1.7M,0.3%,Sweden,,519K,youtube,sweden,False,2024,NA,NA,,
26,Roxette @UCjVf2FirkZsEW8LN6nZcnog,1.7M,0.2%,Sweden,,516K,youtube,sweden,False,2024,NA,NA,,
27,iskall85 @UCZ9x-z3iOnIbJxVpm1rsu2A,1.7M,1.6%,Sweden,,498K,youtube,sweden,False,2024,NA,NA,,
28,Nich Reacts @UC_3wnkjGAnOPonRXAiPWI1Q,1.7M,2.3%,Sweden,,495K,youtube,sweden,False,2024,NA,NA,,
29,BikiniBodhi @UCBtvdchuXXrYoovpc5fPlSQ,1.7M,0.4%,Sweden,Video Gaming,495K,youtube,sweden,False,2024,Tech&Gaming,MAPPED,,Video Gaming
30,ميثك Mythic @UCwPt0slM2x57g1ECu4v3ehA,1.7M,-,Sweden,,495K,youtube,sweden,False,2024,NA,NA,,
31,Sabaton @UCjQhd1APsd5NQhiVZV7GYzg,1.6M,1.1%,Sweden,,477K,youtube,sweden,False,2024,NA,NA,,
32,Yummyyy y @UC0PHD1n7dKXWs0eOZyKlCxw,1.6M,-,Sweden,,474K,youtube,sweden,False,2024,NA,NA,,
33,adrianisen @UCCiSF-QXf948TJ_sYjMPcNQ,1.4M,-,Sweden,,426K,youtube,sweden,False,2024,NA,NA,,
34,lucaas @UCfb2YpWR9FWTJMjzvAlP0_Q,1.3M,0.7%,Sweden,,402K,youtube,sweden,False,2024,NA,NA,,
35,Boomerang Sverige @UCBs-aNgBRJlb4G4aeD8ksQQ,1.3M,-,Sweden,,399K,youtube,sweden,False,2024,NA,NA,,
36,SHIRIN DUNYO @UCExKpE59YNNr3KZUm3xUQOQ,1.2M,-,Sweden,,348K,youtube,sweden,False,2024,NA,NA,,
37,Kid e Tales - Español @UCG1H1ny0frxT3EDr7jZFykw,1.1M,0.3%,Sweden,,321K,youtube,sweden,False,2024,NA,NA,,
38,Anomaly & Papanomaly @UCqck1kDsBbrlKWHGRsk7dbQ,1.1M,-,Sweden,,321K,youtube,sweden,False,2024,NA,NA,,
39,Mattias Krantz @UCEgm-3RvRn4nCR-fGGVsfdQ,1.1M,6.2%,Sweden,,315K,youtube,sweden,False,2024,NA,NA,,
40,100 Great @UChdeAO0naFewi8leXaCquOQ,1M,-,Sweden,,309K,youtube,sweden,False,2024,NA,NA,,
41,Familjen Lundell @UCy8nxID41QLex23-iFiRtIQ,1M,0.3%,Sweden,,306K,youtube,sweden,False,2024,NA,NA,,
42,The Click @UCPr3T20IPZ03gU9gZ2BwM5g,1M,2.3%,Sweden,,303K,youtube,sweden,False,2024,NA,NA,,
43,Valhalla Toons @UCJorPzxwcOzCxDUWBYL60qA,1M,0.2%,Sweden,,300K,youtube,sweden,False,2024,NA,NA,,
44,Yung Lean @UCQSUJUDbJMzph0_vpyzvzZQ,998K,6%,Sweden,,299.4K,youtube,sweden,False,2024,NA,NA,,
45,Epidemic Pop @UCzMxEa-lDX2AfgotszScOFg,986K,-,Sweden,,295.8K,youtube,sweden,False,2024,NA,NA,,
46,Monia Halilali @UCObkj8zIEDmmz5InSg_cYBg,982K,1.7%,Sweden,Food and Drink Fashion Travel,294.6K,youtube,sweden,False,2024,Beauty&Fashion,MAPPED,,Food and Drink Fashion Travel
47,مطبخ الاكلات العراقية @UCAb1TYmYbD7pfWpW1NK8-2g,962K,-,Sweden,,288.6K,youtube,sweden,False,2024,NA,NA,,
48,A&Ω Productions @UCz4Qb-1lIttNRgB_lQDm6eA,921K,-,Sweden,,276.3K,youtube,sweden,False,2024,NA,NA,,
49,Hanna Öberg @UCBeKQoyinCzc6JdS_47nHKw,920K,0.2%,Sweden,,276K,youtube,sweden,False,2024,NA,NA,,
50,Sara and Naya I سارة و نايا @saranayachannel,907K,-,Sweden,,272.1K,youtube,sweden,False,2024,NA,NA,,
51,Sp4zie @UCmtQGojT9O2LVzVIVKDGEjw,891K,-,Sweden,,267.3K,youtube,sweden,False,2024,NA,NA,,
52,Oliver Nordin @UCvuxFg1gRZfe9RbVAkO-jMg,879K,-,Sweden,,263.7K,youtube,sweden,False,2024,NA,NA,,
53,Erik Grankvist @UCxByVUuLdxxiqQVmbOnDEzw,845K,17.8%,Sweden,,253.5K,youtube,sweden,False,2024,NA,NA,,
54,Linzor @UCq8gOq7Rw13pmaKD4Lbk4ug,834K,0.3%,Sweden,,250.2K,youtube,sweden,False,2024,NA,NA,,
55,Jorid Chaz @UC7pY_6TRG2MPZdBQY361mHg,833K,-,Sweden,,249.9K,youtube,sweden,False,2024,NA,NA,,
56,Kilian Experience @UCjdQaSJCYS4o2eG93MvIwqg,791K,2.4%,Sweden,Celebrity,237.3K,youtube,sweden,False,2024,Entertainment,MAPPED,,Celebrity
57,Mom and Jas @UCCqLQYgayB34fhYSRaZ0xAA,762K,-,Sweden,,228.6K,youtube,sweden,False,2024,NA,NA,,
58,Alfons @UC_992p_rzzgvs58lXmJwOHg,757K,0.2%,Sweden,,227.1K,youtube,sweden,False,2024,NA,NA,,
59,Anime Beta @UCYuQXb3sVo_oLfEXpeIGM1Q,741K,-,Sweden,Music,222.3K,youtube,sweden,False,2024,Music,MAPPED,,Music
60,Ace of Base @UCansLl8T6imFHqOhfXoAHmg,732K,0.8%,Sweden,,219.6K,youtube,sweden,False,2024,NA,NA,,
61,Iza and Elle @UCavExlvWWYsKRj_cSdLh8vw,714K,-,Sweden,,214.2K,youtube,sweden,False,2024,NA,NA,,
62,JLC @UC6WAeYfHfNgaf9DNg5OAdKQ,708K,-,Sweden,,212.4K,youtube,sweden,False,2024,NA,NA,,
63,Willcraft @UCGzlZrlEzULFmXg8z21dUeQ,707K,0.2%,Sweden,,212.1K,youtube,sweden,False,2024,NA,NA,,
64,في العارضة @UCXtdv1ItHYAWmjGeiq8Msdg,697K,0.8%,Sweden,,209.1K,youtube,sweden,False,2024,NA,NA,,
65,Lucas Brar @UCwlnFJ4_SlJbVNQ0iye8CqQ,694K,1.7%,Sweden,,208.2K,youtube,sweden,False,2024,NA,NA,,
66,Torbjörn Åhman @UCSFaYYQzNMLo2U6rSNLpghg,692K,1.5%,Sweden,,207.6K,youtube,sweden,False,2024,NA,NA,,
67,Hungry Guy Recipes @UCcDMgfp0m3KDJaFrG48zrng,683K,0.8%,Sweden,,204.9K,youtube,sweden,False,2024,NA,NA,,
68,Arc North Daily @UCgSZsQtFCXNmxB5irju2AOw,668K,1.7%,Sweden,,200.4K,youtube,sweden,False,2024,NA,NA,,
69,Сатья. @UCc_-qOw7RU61h7iY4_iremA,650K,-,Sweden,,195K,youtube,sweden,False,2024,NA,NA,,
70,Random Making Movies @UC_PD6qVk7DVkzE9yU_jTzIw,641K,2.5%,Sweden,,192.3K,youtube,sweden,False,2024,NA,NA,,
71,CupOfCuteDIY @UCpgNc7ZxQjPpbcYRSbCzHjg,640K,-,Sweden,,192K,youtube,sweden,False,2024,NA,NA,,
72,Filledagreat @UCcVZ-M88BLQj-JxjWey3heg,637K,-,Sweden,,191.1K,youtube,sweden,False,2024,NA,NA,,
73,Chris Kläfford @UC2CFRI4tMnT9ZQC2XyUp2ow,633K,5.4%,Sweden,,189.9K,youtube,sweden,False,2024,NA,NA,,
74,หนูนาสวีเดน แฟนเฟจ Noona Sweden @UCZQ2uM3dTLCEFH4gWIswLvQ,629K,-,Sweden,,188.7K,youtube,sweden,False,2024,NA,NA,,
75,UFO Network @UClSJmV9q7Vp7-T2WZSMTXUw,628K,-,Sweden,Celebrity Music News,188.4K,youtube,sweden,False,2024,Knowledge&Info,MAPPED,,Celebrity Music News
76,The Food Emperor @UCJ7yzQTV9Yw6zwAaEIL5Jtg,614K,2.3%,Sweden,,184.2K,youtube,sweden,False,2024,NA,NA,,
77,Bincy's Kitchen @UCkh4LOxTkA7o1JInUlSPraw,610K,-,Sweden,,183K,youtube,sweden,False,2024,NA,NA,,
78,MrMaxim @UCPKbW1excf-E7Tmwom1AgkQ,602K,0.1%,Sweden,,180.6K,youtube,sweden,False,2024,NA,NA,,
79,Rythian @UCQd82ZrlW8b8_MujwDO9ajw,596K,-,Sweden,,178.8K,youtube,sweden,False,2024,NA,NA,,
80,Nonstop Dan @UCrLe85KbtkqnnSnIVc-KLjA,593K,-,Sweden,,177.9K,youtube,sweden,False,2024,NA,NA,,
81,Thebausffs @UCu7ODDeIZ4x1rJwM1LCVL8w,589K,-,Sweden,,176.7K,youtube,sweden,False,2024,NA,NA,,
82,Love Island Sverige TV4 @UCN-yUPPT_5YOhlyIGiKD9Vw,585K,-,Sweden,,175.5K,youtube,sweden,False,2024,NA,NA,,
83,TutorialsByHugo @UCIjyqJXAr_G420gKaYwN0ug,572K,-,Sweden,,171.6K,youtube,sweden,False,2024,NA,NA,,
84,Julia Westlin @UCB8K05s1RURRFeFop0hwmNQ,569K,0.1%,Sweden,,170.7K,youtube,sweden,False,2024,NA,NA,,
85,Warner Music Sweden @UCU-0c1hN3jzWTdIetJCUULw,559K,-,Sweden,Music,167.7K,youtube,sweden,False,2024,Music,MAPPED,,Music
86,Esraa Ali @UCFiNXdr91GCnAUo95_5HkiA,556K,-,Sweden,,166.8K,youtube,sweden,False,2024,NA,NA,,
87,Peter Lindgren @UCtM-xct7QQx0dL-swaMzYbg,556K,0.1%,Sweden,Photography,166.8K,youtube,sweden,False,2024,Lifestyle,MAPPED,,Photography
88,Spoit @UCbE6TtMNc62m7d20j9tdeVw,552K,0.9%,Sweden,,165.6K,youtube,sweden,False,2024,NA,NA,,
89,TheLineUp @UChyrYUBkDtaWw1E897ipHTg,541K,0.5%,Sweden,Fashion,162.3K,youtube,sweden,False,2024,Beauty&Fashion,MAPPED,,Fashion
90,Anis Don Demina @UCAuZ_Ky4GMd9YIJqJHj-ntw,539K,1.1%,Sweden,,161.7K,youtube,sweden,False,2024,NA,NA,,
91,Twenty One Two @UCjLfsQ_mGf4LO2HWJnYL5rA,537K,1%,Sweden,,161.1K,youtube,sweden,False,2024,NA,NA,,
92,Diet Doctor @UCyxv-Kecjm1eH83nmDmVlvA,533K,-,Sweden,,159.9K,youtube,sweden,False,2024,NA,NA,,
93,ArsenalVideosHD @UCXNPFRJgdTzA7SQF6rlHBOg,529K,1.2%,Sweden,,158.7K,youtube,sweden,False,2024,NA,NA,,
94,Swedwoods @UCkamwny0IKatfz82LXcLTHQ,527K,-,Sweden,Celebrity Pets Beauty Technology,158.1K,youtube,sweden,False,2024,Beauty&Fashion,MAPPED,,Celebrity Pets Beauty Technology
95,Jesse Enkamp @UCRIeMHsEdzA9RroG19kXdYg,524K,3%,Sweden,Sports,157.2K,youtube,sweden,False,2024,Sports,MAPPED,,Sports
96,ТЕЛЕСКОП @UCHneTtpFtRiqpKWxj3zDYpQ,523K,-,Sweden,,156.9K,youtube,sweden,False,2024,NA,NA,,
97,Mattias Pilhede @UCIGRhqYssT6IGPYOnZBFYKw,511K,0.9%,Sweden,,153.3K,youtube,sweden,False,2024,NA,NA,,
98,TheKays @UCMfpKuloYpHH0-C3pSsourw,507K,-,Sweden,,152.1K,youtube,sweden,False,2024,NA,NA,,
99,ZQR ZulQuR YT @UCMXnl2IxJau_nMe7WD0YmSA,505K,0.1%,Sweden,,151.5K,youtube,sweden,False,2024,NA,NA,,
100,Ben Mitkus @UCzUCo8AuXrxMuZEfbnmw5iA,503K,-,Sweden,,150.9K,youtube,sweden,False,2024,NA,NA,,
1,FIFA @UCpcTrCXblq78GZrTUTLWeBw,12.1M,-,Switzerland,,3.6M,youtube,switzerland,False,2024,NA,NA,,
2,Eurovision Song Contest @UCRpjHHu8ivVWs73uxHlWwFA,5.1M,-,Switzerland,Music,1.5M,youtube,switzerland,False,2024,Music,MAPPED,,Music
3,Swissbeatbox @UCzgUc_EaBp2-u-zEvTC6P0g,4.7M,-,Switzerland,,1.4M,youtube,switzerland,False,2024,NA,NA,,
4,LE GRAND JD @UCzjd9v6DMprAAvOBB4sxBPA,3.7M,-,Switzerland,,1.1M,youtube,switzerland,False,2024,NA,NA,,
5,my mechanics @UCMrMVIBtqFW6O0-MWq26gqw,3.3M,-,Switzerland,,990K,youtube,switzerland,False,2024,NA,NA,,
6,FarsAttack @UC-iNzkiXFbRr_l-lq9MVy7w,1.9M,-,Switzerland,,561K,youtube,switzerland,False,2024,NA,NA,,
7,Laugh 4 Life @UCmDOChfahA4gZU3WoRriNUQ,1.9M,-,Switzerland,,555K,youtube,switzerland,False,2024,NA,NA,,
8,Alyaa Gad علياء جاد @UCk-FDoGNRa9XfXqF4ujMv7A,1.3M,0.6%,Switzerland,,381K,youtube,switzerland,False,2024,NA,NA,,
9,KeysJore @UCOTyb6e_v9cz2Bu7VzFW7tg,1.3M,-,Switzerland,,381K,youtube,switzerland,False,2024,NA,NA,,
10,Adrian von Ziegler @UCSeJA6az0GrNM4_-pl3HQSQ,1.1M,0.3%,Switzerland,,324K,youtube,switzerland,False,2024,NA,NA,,
11,Сестрички. Life @UC7CPog0JLWcKsUDnYUmKMpA,1M,0.4%,Switzerland,,306K,youtube,switzerland,False,2024,NA,NA,,
12,Kinstaar @UC3l8a-MJtRS3jHvPz-rIUqg,963K,0.2%,Switzerland,,288.9K,youtube,switzerland,False,2024,NA,NA,,
13,Lava&Sherin TV لافا و شيرين @UCc87qNcaVTeE9lX_FmhotyA,945K,0.1%,Switzerland,,283.5K,youtube,switzerland,False,2024,NA,NA,,
14,Hallo Deutschschule @UC5ZnpdkQIit8TWhGVDiDnQQ,920K,-,Switzerland,,276K,youtube,switzerland,False,2024,NA,NA,,
15,PsYkO17 @UC9AyDb5SJjy1iTMS_EqAjcA,884K,-,Switzerland,,265.2K,youtube,switzerland,False,2024,NA,NA,,
16,FIG Channel @UCAM9Pvp3HzKvIAbAXHxidow,839K,-,Switzerland,,251.7K,youtube,switzerland,False,2024,NA,NA,,
17,MercBenzKing @UCwOzr0x28F-L1u6CHQ7CNUA,835K,0.6%,Switzerland,,250.5K,youtube,switzerland,False,2024,NA,NA,,
18,VERITY and CHELSEA @UCEt50ZvC_CtHHWB3TZKv9bA,828K,-,Switzerland,News,248.4K,youtube,switzerland,False,2024,Knowledge&Info,MAPPED,,News
19,CUBATON - OFFICIAL @UCvHlf_32EGLAnIDYgzkqO7A,801K,-,Switzerland,,240.3K,youtube,switzerland,False,2024,NA,NA,,
20,Mike Horn @mikehornexplorer,787K,0.6%,Switzerland,,236.1K,youtube,switzerland,False,2024,NA,NA,,
21,Dyne e Zinha - Culinária é Terapia @UCMPYAcYb1xphednO9uZrNUg,784K,-,Switzerland,,235.2K,youtube,switzerland,False,2024,NA,NA,,
22,Nicocapone @UCgrdZm9Nx3rCj8WenIoSIqw,765K,2.8%,Switzerland,,229.5K,youtube,switzerland,False,2024,NA,NA,,
23,World Economic Forum @UCw-kH-Od73XDAt7qtH9uBYA,750K,-,Switzerland,,225K,youtube,switzerland,False,2024,NA,NA,,
24,Raffa's Plastic Life @UCLYdLddpWyURxEnmZsZUAyw,744K,-,Switzerland,,223.2K,youtube,switzerland,False,2024,NA,NA,,
25,MK FamilyVLOGS @UCpnBTBkffNefiwriBxPyfnw,741K,-,Switzerland,,222.3K,youtube,switzerland,False,2024,NA,NA,,
26,Junior Eurovision Song Contest @UC-lkYjunAyfultKGuRJz6HQ,736K,0.5%,Switzerland,,220.8K,youtube,switzerland,False,2024,NA,NA,,
27,Swiss001 @UCYiaHzwtsww6phfxwUtZv8w,650K,0.3%,Switzerland,,195K,youtube,switzerland,False,2024,NA,NA,,
28,Royalty story @UCAfh7C5p4MMVHRYvjjbPQew,641K,0.1%,Switzerland,News,192.3K,youtube,switzerland,False,2024,Knowledge&Info,MAPPED,,News
29,2TONoffical @UCjPvfXJmB0pVSYAgchVOTbA,628K,-,Switzerland,,188.4K,youtube,switzerland,False,2024,NA,NA,,
30,Nespresso @UCdrsm2O-1i3zl5K0lVOEC2A,627K,-,Switzerland,,188.1K,youtube,switzerland,False,2024,NA,NA,,
31,Eric Flag @UCPJJkwm48LGt7LC6tUZMWZQ,600K,-,Switzerland,,180K,youtube,switzerland,False,2024,NA,NA,,
32,Gulsara Norova @UCQ4BTUbQubCORrh3C1r759A,599K,-,Switzerland,,179.7K,youtube,switzerland,False,2024,NA,NA,,
33,ROLEX @UClJXNsEKylFoB4ae6tZ9z5Q,597K,-,Switzerland,,179.1K,youtube,switzerland,False,2024,NA,NA,,
34,Neron's Brother @UCN-4imQmz1_EpEIZ7bjegaQ,565K,1.1%,Switzerland,,169.5K,youtube,switzerland,False,2024,NA,NA,,
35,Farming Simulator @farmingsimulator,557K,0.4%,Switzerland,,167.1K,youtube,switzerland,False,2024,NA,NA,,
36,Syarif Zapata @UCcoMsVZhSGW31RNm675LTVA,554K,0.4%,Switzerland,Careers,166.2K,youtube,switzerland,False,2024,Knowledge&Info,MAPPED,,Careers
37,Dr. Filippo Ongaro @UCpn6jPTFPFBEkTCNjuzYu_A,551K,-,Switzerland,Business and Finance,165.3K,youtube,switzerland,False,2024,Knowledge&Info,MAPPED,,Business and Finance
38,Open Hearts Can Unite @UCMIa0Y6LYsnkduN7fCKBx-A,533K,-,Switzerland,,159.9K,youtube,switzerland,False,2024,NA,NA,,
39,Cacau schwarz @UCKwhzMLfPXS8-3f2dqWkksA,502K,0.4%,Switzerland,,150.6K,youtube,switzerland,False,2024,NA,NA,,
40,KALUSH @UCWJULrY4qhbj0pqnNOrYETg,502K,12.2%,Switzerland,,150.6K,youtube,switzerland,False,2024,NA,NA,,
41,ODIS @UC-g-PqBE-emVg9P424JzzTQ,492K,-,Switzerland,,147.6K,youtube,switzerland,False,2024,NA,NA,,
42,Aida Doci Official @UCn-lFKTfgmfLwUqdo-NQ6Rw,490K,0.1%,Switzerland,,147K,youtube,switzerland,False,2024,NA,NA,,
43,HEVOX @UC7AS6NPaYXPOa0-RCdGicCg,489K,1.8%,Switzerland,,146.7K,youtube,switzerland,False,2024,NA,NA,,
44,Romy Wave @UCiSvEEKUKTDCWz-ubCPPfnQ,483K,0.3%,Switzerland,,144.9K,youtube,switzerland,False,2024,NA,NA,,
45,Vanessa Somuayina @UCbRL-oGuAnhubzI-TTj5qrA,478K,1.3%,Switzerland,,143.4K,youtube,switzerland,False,2024,NA,NA,,
46,SHN Survival Horror Network @UC4jOVIDDfiSo_8Ywrdqb95w,465K,-,Switzerland,,139.5K,youtube,switzerland,False,2024,NA,NA,,
47,"Your Food, Your Medicine @UCFFdNIOCNQZMAF00ac1AFlQ",462K,9.3%,Switzerland,,138.6K,youtube,switzerland,False,2024,NA,NA,,
48,ASMR Gina Carla @UCyXMP8HqouQgNZiPnIt8IqQ,453K,-,Switzerland,,135.9K,youtube,switzerland,False,2024,NA,NA,,
49,Les archives de la RTS @UCe1rxEqz65ZWXwvWLrvq0Rw,446K,-,Switzerland,Television,133.8K,youtube,switzerland,False,2024,Entertainment,MAPPED,,Television
50,AirPano VR @UCUSElbgKZpE4Xdh5aFWG-Ig,422K,-,Switzerland,,126.6K,youtube,switzerland,False,2024,NA,NA,,
51,الدعم في اللغة الانجليزية Mrs.samiya @UC3fiVbwJyT4l2Zh55dpni0g,406K,-,Switzerland,,121.8K,youtube,switzerland,False,2024,NA,NA,,
52,Andreas Spiess @UCu7_D0o48KbfhpEohoP7YSQ,406K,-,Switzerland,,121.8K,youtube,switzerland,False,2024,NA,NA,,
53,Melonpan @UCnNAj7O2pARPGC7M0-zybAQ,397K,0.6%,Switzerland,,119.1K,youtube,switzerland,False,2024,NA,NA,,
54,La Magia del Crochet @UCDE0LT0WKTsfTtsOkfGIPtg,394K,-,Switzerland,,118.2K,youtube,switzerland,False,2024,NA,NA,,
55,OMEGA @UCF0mZ8eOx3ie5yCErYRoT5A,393K,0.1%,Switzerland,,117.9K,youtube,switzerland,False,2024,NA,NA,,
56,DaneDoSantos @UCivi14xl0L7X0dTevmreQmg,390K,-,Switzerland,,117K,youtube,switzerland,False,2024,NA,NA,,
57,Science Time @UCxoz4YfS4M3H3C57FD4jW4Q,385K,0.1%,Switzerland,,115.5K,youtube,switzerland,False,2024,NA,NA,,
58,alina madlaina @UCvDaYMVEBoCoNm9CSEdGQAA,365K,1.1%,Switzerland,,109.5K,youtube,switzerland,False,2024,NA,NA,,
59,Roggerofamily @UCWorpwSH202vOg_uUig3f2g,360K,-,Switzerland,,108K,youtube,switzerland,False,2024,NA,NA,,
60,RCHeliJet @UCTLEcIaYJEbUEzQc3-ZvruQ,359K,-,Switzerland,,107.7K,youtube,switzerland,False,2024,NA,NA,,
61,Lerocque @UC7Z-0uhkfpYJF-8EVDmd8eA,351K,0.2%,Switzerland,,105.3K,youtube,switzerland,False,2024,NA,NA,,
62,Waltrus @UCNYGhnRD-r-cBVz_LOmWwpA,347K,-,Switzerland,,104.1K,youtube,switzerland,False,2024,NA,NA,,
63,Pro Launchpadder @UCSjVnduZR5GdrirOJEU2rWQ,342K,-,Switzerland,,102.6K,youtube,switzerland,False,2024,NA,NA,,
64,Tataki @UCde0cBJrjHbmUio1ZU4LijQ,340K,0.1%,Switzerland,,102K,youtube,switzerland,False,2024,NA,NA,,
65,GZBKarma @UCXRvb2amew-biQXoeoOdacg,333K,2.7%,Switzerland,,99.9K,youtube,switzerland,False,2024,NA,NA,,
66,Бабушка Валюша @UC7ZL6EfKiE-fl87gNqzYDDw,328K,1.1%,Switzerland,,98.4K,youtube,switzerland,False,2024,NA,NA,,
67,Camila Navarro @UChm6-z_ChmvKPvZz4eOEuUA,325K,-,Switzerland,,97.5K,youtube,switzerland,False,2024,NA,NA,,
68,Harley-Davidson Breakout @UC_TtVWtUuJg5vO2fssHI3kg,325K,-,Switzerland,,97.5K,youtube,switzerland,False,2024,NA,NA,,
69,Silvia Sahakyan @UCgzpwFtQH8ijwXk9t8uZVEg,316K,1.8%,Switzerland,,94.8K,youtube,switzerland,False,2024,NA,NA,,
70,Stomp It Tutorials @UC1Ho5YvHCtyReazatbhBowA,310K,-,Switzerland,,93K,youtube,switzerland,False,2024,NA,NA,,
71,CadeauDuCoeur @UCLwPo7A73AUgSa2Im5XIbhQ,309K,-,Switzerland,,92.7K,youtube,switzerland,False,2024,NA,NA,,
72,Cook with Saima @UCZ1YYnReRqDv-pYzYGVqh6g,308K,-,Switzerland,,92.4K,youtube,switzerland,False,2024,NA,NA,,
73,Técnica De Voz @UC2eo96EnzIFUt1FJR01L6RQ,306K,-,Switzerland,,91.8K,youtube,switzerland,False,2024,NA,NA,,
74,Tanya Karatsuba Seid_Burkhan @UChyy_un2PBy0PwZWPgjhOEw,305K,-,Switzerland,News,91.5K,youtube,switzerland,False,2024,Knowledge&Info,MAPPED,,News
75,Sirup Music @UCOsYFfaNxTqxKFux98XU-EA,302K,-,Switzerland,,90.6K,youtube,switzerland,False,2024,NA,NA,,
76,GOTO Conferences @UCs_tLP3AiwYKwdUHpltJPuA,301K,-,Switzerland,,90.3K,youtube,switzerland,False,2024,NA,NA,,
77,ECN - European Cricket Network @UCzpKcXOP32CxF-X6iTpM7EQ,300K,-,Switzerland,,90K,youtube,switzerland,False,2024,NA,NA,,
78,Lensbreak Studios @UCKR9cijt0dqMHAnik0QYG2A,287K,0.6%,Switzerland,,86.1K,youtube,switzerland,False,2024,NA,NA,,
79,Ayano Aishi_Yan-chan @UCtu73ucqCCkD4C22-dSjiEw,282K,0.3%,Switzerland,,84.6K,youtube,switzerland,False,2024,NA,NA,,
80,La Carologie @UCxQcOTjUpeI8Goo6UXJ2NgA,282K,0.8%,Switzerland,,84.6K,youtube,switzerland,False,2024,NA,NA,,
81,The R @UCBjOLLnpy9W2ISC3rZ9F2JQ,281K,-,Switzerland,,84.3K,youtube,switzerland,False,2024,NA,NA,,
82,CARAPS رياض الصيداوي @UCZG-5TSNgIlZtsm8o9qVtzQ,279K,-,Switzerland,,83.7K,youtube,switzerland,False,2024,NA,NA,,
83,Alphadelta06 @UCT_GK8jTMglC2yFusiAtPjQ,277K,0.8%,Switzerland,,83.1K,youtube,switzerland,False,2024,NA,NA,,
84,Republic of Runners @UCN6H5B9rhX0-rs90Dec9pVQ,276K,0.3%,Switzerland,,82.8K,youtube,switzerland,False,2024,NA,NA,,
85,nxs. @UCl4UOc8h1ZnO-inFPgAu7gw,275K,-,Switzerland,Music,82.5K,youtube,switzerland,False,2024,Music,MAPPED,,Music
86,Fitonomy @UCy5Twh1oGarUmVSpBaGXXxg,275K,-,Switzerland,,82.5K,youtube,switzerland,False,2024,NA,NA,,
87,Lanka Real News @UCXVKlt8ddkf0zwc5X8UNTlg,271K,0.1%,Switzerland,,81.3K,youtube,switzerland,False,2024,NA,NA,,
88,DrLiv @UCu_vb7fQbN_qqWEUJ4fo2zQ,270K,1.7%,Switzerland,,81K,youtube,switzerland,False,2024,NA,NA,,
89,Manny FreSh @UCd_IZUAbeU0-99XCaGIg4eA,269K,1%,Switzerland,,80.7K,youtube,switzerland,False,2024,NA,NA,,
90,Carmine @UCzYVs0LTrd6265AIkl-vZlA,265K,1.9%,Switzerland,,79.5K,youtube,switzerland,False,2024,NA,NA,,
91,SRF Dok @UCdFkj0fA6VYJaty-v8_avvg,264K,-,Switzerland,,79.2K,youtube,switzerland,False,2024,NA,NA,,
92,3 Minutes of Aviation @UCCB1oLQY3XM86ACD05Lq4HQ,261K,4.4%,Switzerland,,78.3K,youtube,switzerland,False,2024,NA,NA,,
93,Mother's recipes @UCHrMuZqFEPwR1q7nHVDxMQQ,261K,-,Switzerland,,78.3K,youtube,switzerland,False,2024,NA,NA,,
94,РИСОВАЛОЧКА @UCh_jX7QuHH3qthr4iBIQNdQ,254K,1.7%,Switzerland,,76.2K,youtube,switzerland,False,2024,NA,NA,,
95,Cars with Luke @UCwgzx-E7BXya5thqTVFPCrg,253K,-,Switzerland,,75.9K,youtube,switzerland,False,2024,NA,NA,,
96,Daniele Ganser @UCgrHgV7atBftQk8dXwIDktg,252K,1.8%,Switzerland,,75.6K,youtube,switzerland,False,2024,NA,NA,,
97,IIHF Worlds 2022 @UCtmgna7qB0oQF2oOcVgndbw,251K,-,Switzerland,,75.3K,youtube,switzerland,False,2024,NA,NA,,
98,Aditotoro @UC1brmo4a2K1MCcl6BX-bUAA,246K,-,Switzerland,,73.8K,youtube,switzerland,False,2024,NA,NA,,
99,Passe-moi les jumelles @UCW3--jh4FUnSxw-gofzKnqg,245K,0.4%,Switzerland,,73.5K,youtube,switzerland,False,2024,NA,NA,,
100,jjennyss @UCdVIMJyRT6MDDI2rcFJJmJw,243K,0.1%,Switzerland,,72.9K,youtube,switzerland,False,2024,NA,NA,,
1,WorkpointOfficial @UC3ZkCd7XtUREnjjt3cyY_gg,38.1M,-,Thailand,,11.4M,youtube,thailand,False,2024,NA,NA,,
2,ช่อง one31 @UC8f7MkX4MFOOJ2SerXLInCA,35.9M,-,Thailand,,10.8M,youtube,thailand,False,2024,NA,NA,,
3,Ch3Thailand @UC48h7Dst_hX82HxOf3xJw_w,31.7M,-,Thailand,,9.5M,youtube,thailand,False,2024,NA,NA,,
4,GMM GRAMMY OFFICIAL @UCG9gfnA5UDoLvz-tC9B-HKw,22.3M,-,Thailand,,6.7M,youtube,thailand,False,2024,NA,NA,,
5,Grammy Gold Official @UCFWsjsN53Sqvg2pWhSFmWBQ,17.2M,-,Thailand,,5.2M,youtube,thailand,False,2024,NA,NA,,
6,GMMTV OFFICIAL​​ @UC8BzJM6_VbZTdiNLD4R1jxQ,15.6M,-,Thailand,,4.7M,youtube,thailand,False,2024,NA,NA,,
7,Thairath Online @UCrFDdD-EE05N7gjwZho2wqw,14.9M,-,Thailand,,4.5M,youtube,thailand,False,2024,NA,NA,,
8,Ch7HD @UCXUVnTEsLZBim_WlWxBvEwA,14.6M,-,Thailand,,4.4M,youtube,thailand,False,2024,NA,NA,,
9,Genierock @UCs2t9DlvAuyTBkvk2djGZKw,14.4M,-,Thailand,,4.3M,youtube,thailand,False,2024,NA,NA,,
10,Bie The Ska @UCjVb9mJZTeuPLN4hOjmvQnw,14M,-,Thailand,,4.2M,youtube,thailand,False,2024,NA,NA,,
11,GMM25Thailand @UCTP5z0kFg6-nPcZ79gTC67Q,13.5M,-,Thailand,,4.1M,youtube,thailand,False,2024,NA,NA,,
12,My Mate Nate @mymatenate,12.3M,0.4%,Thailand,,3.7M,youtube,thailand,False,2024,NA,NA,,
13,Mark Wiens @UCyEd6QBSgat5kkC6svyjudA,9.6M,-,Thailand,Travel Food and Drink,2.9M,youtube,thailand,False,2024,Lifestyle,MAPPED,,Travel Food and Drink
14,rsfriends @UC8GkZ5dlOrw-yN_nkOAIzPA,9.5M,-,Thailand,,2.9M,youtube,thailand,False,2024,NA,NA,,
15,ครูนกเล็ก @UCyRXnSFPjQ7JcQJvebSPYcg,9.2M,-,Thailand,,2.8M,youtube,thailand,False,2024,NA,NA,,
16,เรื่องเล่าเช้านี้ @UC5wKpLWxAZBZrunls3mzwEw,9.1M,-,Thailand,,2.7M,youtube,thailand,False,2024,NA,NA,,
17,1412 CH @UCrwAK-5m3hatI0Ftexh0fxQ,8.3M,-,Thailand,,2.5M,youtube,thailand,False,2024,NA,NA,,
18,PEACH EAT LAEK @UC8jdjGFODrFuR3e-HTmcsAw,8.1M,0.5%,Thailand,,2.4M,youtube,thailand,False,2024,NA,NA,,
19,CGGG @UCbjxYa1F_1Lbm-IA5yAgWxg,8.1M,-,Thailand,,2.4M,youtube,thailand,False,2024,NA,NA,,
20,HEARTROCKER @mrheartrockerz,8M,0.3%,Thailand,Video Gaming,2.4M,youtube,thailand,False,2024,Tech&Gaming,MAPPED,,Video Gaming
21,YimYam TV @UCcRu53iblqjNvJFFDLHikdA,8M,-,Thailand,,2.4M,youtube,thailand,False,2024,NA,NA,,
22,ZENSE Entertainment @UCyw69lFs9nFatEft6isn1CA,7.6M,-,Thailand,,2.3M,youtube,thailand,False,2024,NA,NA,,
23,The Inner Studio @UCa7a1ekrFPdvDW76lEHjo3A,7.3M,-,Thailand,,2.2M,youtube,thailand,False,2024,NA,NA,,
24,Kristino Olsen @UCNf-0CFebisYHzgizkFvFMg,7.3M,-,Thailand,,2.2M,youtube,thailand,False,2024,NA,NA,,
25,Beam Copphone @UCPZHbywHs_aNFjzyOJ97uxg,7.2M,-,Thailand,,2.2M,youtube,thailand,False,2024,NA,NA,,
26,MNJ TV @UCKO4KD_9pNbonpU50IIVTMQ,7.1M,0.1%,Thailand,,2.1M,youtube,thailand,False,2024,NA,NA,,
27,VRZOchannel @vrzotvthailand,6.9M,-,Thailand,,2.1M,youtube,thailand,False,2024,NA,NA,,
28,TV Thunder Official @UC3pyPJdd1J4OWCTnUd0ychA,6.9M,-,Thailand,,2.1M,youtube,thailand,False,2024,NA,NA,,
29,Mr. Tfue @UCGPYR4JXRDyYpHZXG6vZ_1Q,6.8M,-,Thailand,,2M,youtube,thailand,False,2024,NA,NA,,
30,MR.B @UC6W59uNv35j461kbYyIM8UQ,6.7M,-,Thailand,,2M,youtube,thailand,False,2024,NA,NA,,
31,TopSib Thailand @UC61PCszexp0rEaX6h1sKCxg,6.6M,-,Thailand,,2M,youtube,thailand,False,2024,NA,NA,,
32,PRIMKUNG @UChjKDMnMMG6iZY3twuuS2zg,6.3M,0.2%,Thailand,,1.9M,youtube,thailand,False,2024,NA,NA,,
33,กระต่าย พรรณนิภา OFFICIAL @UCdNocXxFlNCRiSqzs5kRVQw,6.2M,-,Thailand,,1.9M,youtube,thailand,False,2024,NA,NA,,
34,KidsMeSong [เพลงเด็ก วิดีโอเด็ก] @UCDKeoWryNr3CSyuI3Ksyz-Q,6.1M,-,Thailand,,1.8M,youtube,thailand,False,2024,NA,NA,,
35,108Life @108lifeth,6.1M,-,Thailand,,1.8M,youtube,thailand,False,2024,NA,NA,,
36,พิมรี่พาย @UCoJuMpfYKqCbvnd1DpUUJmg,6M,-,Thailand,,1.8M,youtube,thailand,False,2024,NA,NA,,
37,Grammy Big @UC150NxpFj0WLC38uhX8F-Rw,6M,-,Thailand,,1.8M,youtube,thailand,False,2024,NA,NA,,
38,Illslick thelegandary @UCPjJUEUwxI7GHMKiiEB-R7w,6M,6.9%,Thailand,,1.8M,youtube,thailand,False,2024,NA,NA,,
39,KRK Channel @UCInNES_Pi2bJKvZv_Q_3C7Q,5.7M,0.4%,Thailand,,1.7M,youtube,thailand,False,2024,NA,NA,,
40,อาจารย์ยอด @UCZo5ZB2p-UMqc5e1llZ1RLg,5.6M,-,Thailand,,1.7M,youtube,thailand,False,2024,NA,NA,,
41,Ananped @UC-chqi3Gpb4F7yBqedlnq5g,5.4M,0.3%,Thailand,,1.6M,youtube,thailand,False,2024,NA,NA,,
42,Fun Family @UCJxoFOhK4-0fuwxlk9HpRZA,5.4M,-,Thailand,,1.6M,youtube,thailand,False,2024,NA,NA,,
43,พระนครฟิลม์ Phranakornfilm @UCgbRkU-rkNuUgwVwqRYg-lw,5.3M,-,Thailand,,1.6M,youtube,thailand,False,2024,NA,NA,,
44,Chickypie @UCIcpITw20T4_cpwVH3QePHQ,5.2M,-,Thailand,,1.6M,youtube,thailand,False,2024,NA,NA,,
45,TMG Record Channel @UCymN26Slw16Wrb-Dx0SJX-w,5.2M,-,Thailand,,1.6M,youtube,thailand,False,2024,NA,NA,,
46,พอดีม่วน STUDIO @UCpjChoKuoBGQ368LdINenDg,5M,0.1%,Thailand,,1.5M,youtube,thailand,False,2024,NA,NA,,
47,Happy Channel @UCMoDrhE-gWX6v8bYRyLGYmA,5M,-,Thailand,,1.5M,youtube,thailand,False,2024,NA,NA,,
48,โหนกระแส (Hone-Krasae) Official @UCXm0bpjlfB0AF-ZdPhT0K1A,5M,0.2%,Thailand,,1.5M,youtube,thailand,False,2024,NA,NA,,
49,Dek Jew Chill Out @UCsB8vGD7lRFkZMK4AkLu2Vw,5M,-,Thailand,,1.5M,youtube,thailand,False,2024,NA,NA,,
50,โฟกัสแอนด์ฟิล์ม แฟมมิลี่แก๊งค์ @UC28FofIlS8vRpgZRC0PMA4A,4.9M,-,Thailand,,1.5M,youtube,thailand,False,2024,NA,NA,,
51,Aoffy Maxim @UC1XBVkdmE9kfcP3zWtnD0dw,4.8M,-,Thailand,,1.4M,youtube,thailand,False,2024,NA,NA,,
52,OKyouLIKEs @UCOsosPGGBgWeh2BPML1s5Mw,4.8M,-,Thailand,,1.4M,youtube,thailand,False,2024,NA,NA,,
53,ข่าวช่อง8 @UC6x41swVZP3rEmy-ODxLMFA,4.8M,-,Thailand,,1.4M,youtube,thailand,False,2024,NA,NA,,
54,YOUNGOHM @UCQ9v04cmBdKAUbR4-SH6v2g,4.7M,-,Thailand,,1.4M,youtube,thailand,False,2024,NA,NA,,
55,สวัสดีครับผม แจ็กแปปโฮ @UCUfnk5CgUjykoc-BezLMMIA,4.7M,-,Thailand,,1.4M,youtube,thailand,False,2024,NA,NA,,
56,kids song @UC-VBiRZVuOAAxuBIbSTWnHg,4.6M,-,Thailand,,1.4M,youtube,thailand,False,2024,NA,NA,,
57,หม่อมถนัดแดก @UC_iF8sFFnZDDcqe9VnSzyRA,4.5M,0.1%,Thailand,,1.4M,youtube,thailand,False,2024,NA,NA,,
58,SERNG MUSiC OFFICIAL @UCtqBOzg93aIu8V-VgjRdWnA,4.5M,-,Thailand,Music,1.3M,youtube,thailand,False,2024,Music,MAPPED,,Music
59,Thibaan Channel @UCiARyB1wacrhQOhhT1K69Wg,4.3M,-,Thailand,,1.3M,youtube,thailand,False,2024,NA,NA,,
60,Sing Music Channel @UCbOCVDOZathZT3kmUcVo8pQ,4.3M,-,Thailand,,1.3M,youtube,thailand,False,2024,NA,NA,,
61,TAM STORY @UCO7TPCxAjB3MSeKTBv3aQiQ,4.3M,-,Thailand,,1.3M,youtube,thailand,False,2024,NA,NA,,
62,ดอยแม่สลอง สื่อสังคมออนไลน์ @UCLb_G1z0A6W3BrDhW9cJmmA,4.1M,-,Thailand,,1.2M,youtube,thailand,False,2024,NA,NA,,
63,VOICE TV @UCpHTAE2EOwWkWGnW2HY8gRw,4.1M,-,Thailand,,1.2M,youtube,thailand,False,2024,NA,NA,,
64,The Snack @UClPhAgp7q-uqKq5Qt0P8OMA,4.1M,-,Thailand,Marketing and Advertising,1.2M,youtube,thailand,False,2024,Knowledge&Info,MAPPED,,Marketing and Advertising
65,Bay Riffer @UCbOo-f3InU38IZV5tREzsNg,4.1M,-,Thailand,,1.2M,youtube,thailand,False,2024,NA,NA,,
66,Wannabe Mee @UCGsvhicQf1Db3I1VfU2qN7A,4M,-,Thailand,,1.2M,youtube,thailand,False,2024,NA,NA,,
67,QueenTubeTH @UCO5rwjHY-jcX-gmzOCSApOQ,4M,-,Thailand,,1.2M,youtube,thailand,False,2024,NA,NA,,
68,fedfeclip @UC5hVaZlIDCmnfq8vC30r-sA,4M,-,Thailand,,1.2M,youtube,thailand,False,2024,NA,NA,,
69,Jannine Weigel @UChFzJ0bYwztKa4H4oF8fOvw,4M,-,Thailand,,1.2M,youtube,thailand,False,2024,NA,NA,,
70,Kids Tv Thailand - เพลงเด็กและการ์ตูน @UC1JZiF288_cx-TyT8ll2XzQ,4M,-,Thailand,,1.2M,youtube,thailand,False,2024,NA,NA,,
71,Fairy Doll TV @UC-WtejgzilicfCBGf9nXOlQ,4M,-,Thailand,,1.2M,youtube,thailand,False,2024,NA,NA,,
72,Maser @UCKWQpPpegzXL7sJDMf2UUJA,3.9M,-,Thailand,,1.2M,youtube,thailand,False,2024,NA,NA,,
73,OfficialWhiteMusic @UCNdqGgAK2u-EucN4IAIqP7Q,3.9M,-,Thailand,,1.2M,youtube,thailand,False,2024,NA,NA,,
74,Nation online @UCIoFfVIOrRRbI-WVdDhTTwg,3.8M,-,Thailand,,1.2M,youtube,thailand,False,2024,NA,NA,,
75,Bearhug @UCOqODGR-AoOTkxB74sc1Xyw,3.8M,-,Thailand,,1.1M,youtube,thailand,False,2024,NA,NA,,
76,Primitive Tool @UC9LymR6i2IM4QfSNuOkBzNA,3.8M,-,Thailand,,1.1M,youtube,thailand,False,2024,NA,NA,,
77,ชีวิตสดใส / Bright Side Thai @UC1heMiOB4n8xeOlgnHbOdbg,3.8M,-,Thailand,,1.1M,youtube,thailand,False,2024,NA,NA,,
78,Ajumma Nammy @UCDWxWFsFiOkI-104ODwAXHw,3.7M,0.5%,Thailand,,1.1M,youtube,thailand,False,2024,NA,NA,,
79,KunTi @UCnaIbiEF7XWNZ3ZsHoqkErg,3.7M,-,Thailand,,1.1M,youtube,thailand,False,2024,NA,NA,,
80,TOR Torpedo @UCvE7UoDDYsX21WRR0lR3Z5g,3.7M,0.1%,Thailand,,1.1M,youtube,thailand,False,2024,NA,NA,,
81,Oppa Thuchy @UCopuDbhVg-4V5X8-XZ6w-bA,3.7M,0.2%,Thailand,,1.1M,youtube,thailand,False,2024,NA,NA,,
82,The Troll Cambodia @UC6ngF2U8nAfJE68GQZ8jxKg,3.6M,1.3%,Thailand,,1.1M,youtube,thailand,False,2024,NA,NA,,
83,Deklaaon Channel @UCXALRk2-YkcpHSm_ZSvZqfw,3.6M,0.1%,Thailand,,1.1M,youtube,thailand,False,2024,NA,NA,,
84,Troom Troom TH @UCZr7drqblTlL3Xr1XvBZxXw,3.6M,-,Thailand,,1.1M,youtube,thailand,False,2024,NA,NA,,
85,CHANGE2561 @UCISGtaTLXAEliMLp1VJZsSg,3.5M,-,Thailand,,1.1M,youtube,thailand,False,2024,NA,NA,,
86,BlackMoon @UCIeIzDsyOOenrw35gK-Dwog,3.5M,-,Thailand,,1.1M,youtube,thailand,False,2024,NA,NA,,
87,SoftpomzChannel @UCHEj6tiT_WSe8Ny0OfcILiA,3.5M,0.1%,Thailand,,1M,youtube,thailand,False,2024,NA,NA,,
88,ขอบสนาม [OFFICIAL] @UCkN80VKrPiKYyz7ByBaRosQ,3.4M,-,Thailand,,1M,youtube,thailand,False,2024,NA,NA,,
89,BabyBus—เพลงเด็กและการ์ตูน @UCKpFt-Nh3A2Sg--mLmCebZQ,3.4M,-,Thailand,,1M,youtube,thailand,False,2024,NA,NA,,
90,NONTAWAT N.T @UCsEp7MiY4llAPrICEFZ3VWg,3.4M,-,Thailand,,1M,youtube,thailand,False,2024,NA,NA,,
91,พี่เสือ มาแล้ว @UC-6N7qlNd4KIzfSy1mrR2kw,3.4M,-,Thailand,,1M,youtube,thailand,False,2024,NA,NA,,
92,ใยไหมชวนเล่น Zanee Family @UCgu4W8FjeCeO8nj38Qg4CSQ,3.4M,-,Thailand,,1M,youtube,thailand,False,2024,NA,NA,,
93,GMMTV RECORDS @UC_mceLIVkQun_Xcu1KBmfdw,3.4M,-,Thailand,,1M,youtube,thailand,False,2024,NA,NA,,
94,Superjeew Official @UCWX9dtRV_sK4TNTAl8yaPTA,3.3M,-,Thailand,,1M,youtube,thailand,False,2024,NA,NA,,
95,Garena RoV Thailand @UCy19QXxbCHh8qVVCbuGk-ig,3.3M,-,Thailand,,1M,youtube,thailand,False,2024,NA,NA,,
96,GTHchannel @UCTL0lRmUQ-rH4YZAteV7LzA,3.3M,0.1%,Thailand,,996K,youtube,thailand,False,2024,NA,NA,,
97,softpomz @UCknUPd53AOtzVCztEXdHNKg,3.3M,0.2%,Thailand,,984K,youtube,thailand,False,2024,NA,NA,,
98,zommarie @UCwRhQ-evbGJFwcTZtm8imLg,3.3M,-,Thailand,Music,981K,youtube,thailand,False,2024,Music,MAPPED,,Music
99,RachYO @UC2zm8fkAPgYvH7m5LZ2QsRw,3.2M,-,Thailand,,972K,youtube,thailand,False,2024,NA,NA,,
100,Ozrealman @UCcjysEwhh3yIzuZIec275aQ,3.2M,0.4%,Thailand,,969K,youtube,thailand,False,2024,NA,NA,,
1,netd müzik @UCR5wZcXtOUka8jTA57flzMg,23M,-,Turkey,,6.9M,youtube,turkey,False,2024,NA,NA,,
2,Oyuncak Avı @UCjS0hMS5sneIgsb3PjBc0Bw,15.2M,-,Turkey,,4.6M,youtube,turkey,False,2024,NA,NA,,
3,atv @UCUVZ7T_kwkxDOGFcDlFI-hg,10.4M,-,Turkey,,3.1M,youtube,turkey,False,2024,NA,NA,,
4,مصطفى GAME OVER @UC3CFqU4KlktVPPJ1Km87pRg,9.9M,1%,Turkey,,3M,youtube,turkey,False,2024,NA,NA,,
5,ام سيف Om sayf @UCq8wSOMKwfqIhpVMdvYiZiQ,8.6M,-,Turkey,,2.6M,youtube,turkey,False,2024,NA,NA,,
6,Nour Mar5 @UCu-j_Dytl2Fc1m1dr6pbrEA,8.2M,1.3%,Turkey,,2.5M,youtube,turkey,False,2024,NA,NA,,
7,KanalD @UCFoe1tg8MuHjRzmqXtV816A,7.8M,-,Turkey,,2.3M,youtube,turkey,False,2024,NA,NA,,
8,Kafalar @UC7Lu-ONZhIM_lvKnZn0F19Q,7.5M,1%,Turkey,,2.3M,youtube,turkey,False,2024,NA,NA,,
9,Sevimli Dostlar @UCURSfY00AASuqKxT-V2Gi1g,7.4M,-,Turkey,,2.2M,youtube,turkey,False,2024,NA,NA,,
10,A_B_N_SYRIA ابن سوريا @UCiww9om-U6PqHwt0f2skgZg,7.1M,0.7%,Turkey,,2.1M,youtube,turkey,False,2024,NA,NA,,
11,Czn Burak @UCUcfej7lPDoeqTlferD2mcw,6.6M,-,Turkey,,2M,youtube,turkey,False,2024,NA,NA,,
12,Ruhi Çenet Medya @UCWpk9PSGHoJW1hZT4egxTNQ,6.5M,3.4%,Turkey,,2M,youtube,turkey,False,2024,NA,NA,,
13,Çukur @UCTAkwLbVzHxsbgsp6cRsPDg,6.5M,-,Turkey,,1.9M,youtube,turkey,False,2024,NA,NA,,
14,Zuuks Games @UCSZ5daJft7LuWzSyjdp_8HA,6M,-,Turkey,,1.8M,youtube,turkey,False,2024,NA,NA,,
15,Maşa İle Koca Ayı @UCWbaNJJJQWBOX9U9H9K52Ag,5.8M,-,Turkey,,1.7M,youtube,turkey,False,2024,NA,NA,,
16,Kuruluş Osman @UCGR1XmkoQedeJMT2ajRHvsw,5.8M,-,Turkey,,1.7M,youtube,turkey,False,2024,NA,NA,,
17,Poll Production @UCzZ1I1j--g9sFVB-6-1yzWw,4.9M,-,Turkey,,1.5M,youtube,turkey,False,2024,NA,NA,,
18,FOX @UCJe13zu6MyE6Oueac41KAqg,4.8M,-,Turkey,,1.4M,youtube,turkey,False,2024,NA,NA,,
19,Yasoo @UCuUqnsCwGVWLDXxM4TFr0tw,4.8M,0.5%,Turkey,,1.4M,youtube,turkey,False,2024,NA,NA,,
20,Oyuncak Şekeri @UCK3fvChGrcBWWtYN60iRE-Q,4.7M,-,Turkey,,1.4M,youtube,turkey,False,2024,NA,NA,,
21,الداعية محمود الحسنات القناة الرسمية @UCTsAN8CeCY5zJ_SA8kekTXg,4.7M,0.5%,Turkey,,1.4M,youtube,turkey,False,2024,NA,NA,,
22,Alper Rende @UCagxJUIOIN4bbCk9rBWZiPA,4.6M,1.2%,Turkey,,1.4M,youtube,turkey,False,2024,NA,NA,,
23,Gamer Yusuf @UCvkfXP-_39iztzRnGBOV6uw,4.6M,-,Turkey,,1.4M,youtube,turkey,False,2024,NA,NA,,
24,Mobile MOBA Việt @UCpd1Gf-SZjc_5ce5vVq5FTg,4.3M,-,Turkey,Video Gaming,1.3M,youtube,turkey,False,2024,Tech&Gaming,MAPPED,,Video Gaming
25,Sen Anlat Karadeniz @UCZSKbSg4xlgvKYk7ET7awpA,4.2M,-,Turkey,,1.3M,youtube,turkey,False,2024,NA,NA,,
26,MuzikPlay @UCazM5oX41f0eDAcb4N63l-w,4.1M,-,Turkey,Art Marketing and Advertising Music,1.2M,youtube,turkey,False,2024,Knowledge&Info,MAPPED,,Art Marketing and Advertising Music
27,Berkcan Güven @UCb-zL8c0oTvPl04hEoA0Q0w,4.1M,5.3%,Turkey,,1.2M,youtube,turkey,False,2024,NA,NA,,
28,TRT 1 @UCvFudBDDILdDljN4VIZ4Msw,4.1M,-,Turkey,,1.2M,youtube,turkey,False,2024,NA,NA,,
29,Gültekin Ailesi @UCrLmwrmrj-zOhfxbFNO-k-A,4M,-,Turkey,,1.2M,youtube,turkey,False,2024,NA,NA,,
30,Dila Kent @UCaCC-iKILiKO97evjs5D3Lg,4M,1.1%,Turkey,,1.2M,youtube,turkey,False,2024,NA,NA,,
31,Mustafa Jamal مصطفى جمال @UCKBG0BuqQpN3QqLH3b9hrpg,4M,1.4%,Turkey,,1.2M,youtube,turkey,False,2024,NA,NA,,
32,Hercai @UC2l92bN_FWHjZZPdOYnZveg,3.8M,-,Turkey,,1.1M,youtube,turkey,False,2024,NA,NA,,
33,BaBaLa TV @UCZ5aOEWFOopXLeiIUd2mfJw,3.7M,2.7%,Turkey,,1.1M,youtube,turkey,False,2024,NA,NA,,
34,Kukuli @UCF5IUvgXe_3sHBuKpEz7Btw,3.7M,-,Turkey,,1.1M,youtube,turkey,False,2024,NA,NA,,
35,Minecraft Parodileri @minecraftparodileri,3.7M,1%,Turkey,Travel,1.1M,youtube,turkey,False,2024,Lifestyle,MAPPED,,Travel
36,Tonguç Akademi @UCm3vDH7Uvz_qwql5Qih4yGw,3.6M,-,Turkey,,1.1M,youtube,turkey,False,2024,NA,NA,,
37,KARDEŞLERİM @UCZLOnq-F5zhTWNUDjcEYByw,3.6M,-,Turkey,,1.1M,youtube,turkey,False,2024,NA,NA,,
38,Barış G @UCCmDxZyqH2pdVQ7HkHnjD3Q,3.6M,-,Turkey,,1.1M,youtube,turkey,False,2024,NA,NA,,
39,Çok Güzel Hareketler @UCJhEfZoLs5P_idxX--yhWOA,3.6M,-,Turkey,,1.1M,youtube,turkey,False,2024,NA,NA,,
40,حيدر و مريم @UCXufQt52E0y8Ikdw4FeTeeA,3.6M,-,Turkey,,1.1M,youtube,turkey,False,2024,NA,NA,,
41,Furkan Yaman @UCNxfnR-xoreEMSHOmvcBRmA,3.6M,0.5%,Turkey,,1.1M,youtube,turkey,False,2024,NA,NA,,
42,حيدر و مريم Golden Family I @UCgJZGryEq5c3yyM-vHMvEUg,3.6M,-,Turkey,,1.1M,youtube,turkey,False,2024,NA,NA,,
43,يزن الاسطورة Yazan Alostora @UCEckU_wGlgii9xcdYI29xiQ,3.5M,-,Turkey,,1M,youtube,turkey,False,2024,NA,NA,,
44,Yasak Elma @UC5TccbGxEeVMx9gL6wp9fOg,3.5M,0.5%,Turkey,,1M,youtube,turkey,False,2024,NA,NA,,
45,Burak Oyunda @UCH6xp2Jln9OlWV8s9ldvXdg,3.4M,0.1%,Turkey,Music Video Gaming,1M,youtube,turkey,False,2024,Tech&Gaming,MAPPED,,Music Video Gaming
46,Noluyo Ya ¿ @UC4-bGrwiQOCVpvQwEGWaqGA,3.4M,3.1%,Turkey,,1M,youtube,turkey,False,2024,NA,NA,,
47,My own recipes for cooking with Rabah Muhammad @UC0edHU-1V547IjitpvKY5LQ,3.4M,-,Turkey,,1M,youtube,turkey,False,2024,NA,NA,,
48,Düşyeri @UC4fmBMzf7iWyFx7ysCCLqDA,3.4M,-,Turkey,,1M,youtube,turkey,False,2024,NA,NA,,
49,DokuzSekiz Müzik @UCbCFxJq-fCwiEo9CgowI7CQ,3.4M,-,Turkey,,1M,youtube,turkey,False,2024,NA,NA,,
50,Sesegel Çocuk @UC4AVaJ6fWMwXVst0Pexx8iA,3.3M,-,Turkey,,984K,youtube,turkey,False,2024,NA,NA,,
51,Disney Channel Türkiye @UCiTtqNjfg2jLH2uraXbnwow,3.3M,-,Turkey,,978K,youtube,turkey,False,2024,NA,NA,,
52,Berk Coşkun @UCkaNu6pBWnGL5uuNYiz2WOg,3.3M,0.7%,Turkey,,978K,youtube,turkey,False,2024,NA,NA,,
53,LAZ @UCPi5_vaSYsN_-sgtcvIjARQ,3.2M,0.5%,Turkey,,957K,youtube,turkey,False,2024,NA,NA,,
54,NabilGamingTV @UC4VW1sWCpirlknR5481fx3A,3.2M,-,Turkey,,948K,youtube,turkey,False,2024,NA,NA,,
55,FatihSelim Tube @UCaGm-DKw5-Ry0nXs2ILIWXQ,3.1M,-,Turkey,,942K,youtube,turkey,False,2024,NA,NA,,
56,webtekno @UC26buublzO30XpR-KP2TfAw,3.1M,-,Turkey,,942K,youtube,turkey,False,2024,NA,NA,,
57,TUGAY GÖK @UCXlTAh-8jcl48zdvZCELUTA,3.1M,0.4%,Turkey,,939K,youtube,turkey,False,2024,NA,NA,,
58,Baturay Anar @UCkdGGvq9Ac7QZ5nb-Ek308g,3.1M,1.2%,Turkey,,936K,youtube,turkey,False,2024,NA,NA,,
59,OyuncaX TV @oyuncaxtv,3.1M,0.4%,Turkey,,924K,youtube,turkey,False,2024,NA,NA,,
60,محمد غنايم @UC8eFjAmIUnLKLnfJZFPz6QQ,3.1M,2%,Turkey,,918K,youtube,turkey,False,2024,NA,NA,,
61,Mutlu Çocuk @UC8Y11RI7jyTEGjFF3_ULefA,3M,-,Turkey,,903K,youtube,turkey,False,2024,NA,NA,,
62,MEZARCI @UCFEeaGi8nvh0KdQmTwAGwvw,3M,0.4%,Turkey,,900K,youtube,turkey,False,2024,NA,NA,,
63,Zuuks Music @UCcVIsHLB3hgyt9u121LgdRw,2.9M,-,Turkey,,876K,youtube,turkey,False,2024,NA,NA,,
64,Danla Bilic @UCJXKKGzjjqnHAEkJsdC7ZKw,2.9M,1.2%,Turkey,,867K,youtube,turkey,False,2024,NA,NA,,
65,ALKRKY @UCKZQE5HN6RLa6r_MrOkw93w,2.9M,0.6%,Turkey,,864K,youtube,turkey,False,2024,NA,NA,,
66,Selena @UCC_iReQZgbPtOBfn3bjNnPw,2.9M,-,Turkey,,858K,youtube,turkey,False,2024,NA,NA,,
67,Çılgın Dondurmacı @UCQBxQJiO7SW3eTaoyh4nl-A,2.9M,-,Turkey,,855K,youtube,turkey,False,2024,NA,NA,,
68,Sözler Köşkü @UCN5t14BCdTIQ-116TxJuBMg,2.8M,0.2%,Turkey,,852K,youtube,turkey,False,2024,NA,NA,,
69,TÜRKPRO @UCz8lelVfalizvMb2bHQjDvg,2.8M,0.7%,Turkey,,843K,youtube,turkey,False,2024,NA,NA,,
70,Prenses Lina Tv @UCzV5Qx0oQv6FqjiOOPxvBYA,2.8M,0.6%,Turkey,,843K,youtube,turkey,False,2024,NA,NA,,
71,Bizim Hikaye @UC39kGVK0THxKO-UFtMWIvvQ,2.8M,-,Turkey,,837K,youtube,turkey,False,2024,NA,NA,,
72,AymanSenpai @UCGsBhwLa_bzIEOTECoMqfFQ,2.8M,3.8%,Turkey,,837K,youtube,turkey,False,2024,NA,NA,,
73,Dr. Mala Ali Kurdistani - ملا علي كوردستاني @UCfqOuhPWrNKMLLYWJaymmWA,2.8M,-,Turkey,,831K,youtube,turkey,False,2024,NA,NA,,
74,xEnesR @UCHb6TlHa5XCMV7fUjtD47lQ,2.7M,0.4%,Turkey,,822K,youtube,turkey,False,2024,NA,NA,,
75,Murat Soner @UCTpnOrDAyEUsCCfC0AE6zDw,2.7M,4.8%,Turkey,Celebrity,822K,youtube,turkey,False,2024,Entertainment,MAPPED,,Celebrity
76,Super Toons TV Animasyon @UCm--Y_S6mPZZ5wLbUQ8eATA,2.7M,-,Turkey,,816K,youtube,turkey,False,2024,NA,NA,,
77,Noon Toon @UCx3IP089PFM5-6gyMuwPTjA,2.7M,-,Turkey,,816K,youtube,turkey,False,2024,NA,NA,,
78,Güldür Güldür @UCdlEXiVLTEvA280oyMvr8Kw,2.7M,-,Turkey,,813K,youtube,turkey,False,2024,NA,NA,,
79,Mini Anima @UCRqF8GOp6ydW_OAbxivRF5Q,2.7M,0.1%,Turkey,,804K,youtube,turkey,False,2024,NA,NA,,
80,Kuzey Yıldızı İlk Aşk @UCCzteqZRzsr87Lfh2wUKw5Q,2.7M,-,Turkey,,798K,youtube,turkey,False,2024,NA,NA,,
81,Abo Raad family @UCDGYGaURhUXglLN5_yWMxUw,2.7M,-,Turkey,,795K,youtube,turkey,False,2024,NA,NA,,
82,TRT Resurrection Ertugrul @UCSCHrDLjlO9sZk6iLEAuE0w,2.6M,-,Turkey,,780K,youtube,turkey,False,2024,NA,NA,,
83,Zeynep Bastık @UCJWZnZvzKKZAxzS3ENuqbsg,2.6M,0.3%,Turkey,,771K,youtube,turkey,False,2024,NA,NA,,
84,MuratAbiGF @UCnOUr8u5mpoaXSNXLa_iEeA,2.6M,1%,Turkey,,765K,youtube,turkey,False,2024,NA,NA,,
85,BARIŞ BRA @UCboQK2pH3xWakPOJv91RbOA,2.5M,0.6%,Turkey,,762K,youtube,turkey,False,2024,NA,NA,,
86,Mightyraccoon! @UCX77yEHFSRIjLl9X_MPbTsA,2.5M,4.7%,Turkey,,762K,youtube,turkey,False,2024,NA,NA,,
87,Kurtlar Vadisi Pusu @UCz1UfNp9VFp9R1HEFn5PY5A,2.5M,-,Turkey,,753K,youtube,turkey,False,2024,NA,NA,,
88,Minecraft Evi @UCJFPP3l4MVWmtwLWYOp3BVA,2.5M,-,Turkey,,747K,youtube,turkey,False,2024,NA,NA,,
89,Ethereum [PoS] @UCXWpX5SXvY1pH0o9iGTn1aA,2.5M,-,Turkey,,747K,youtube,turkey,False,2024,NA,NA,,
90,Serhat Durmus Music @UCeG974FjCT4aqhEpbzuk1Rw,2.5M,-,Turkey,,741K,youtube,turkey,False,2024,NA,NA,,
91,CHEF OMAR شيف عمر @chefomar,2.5M,0.9%,Turkey,,741K,youtube,turkey,False,2024,NA,NA,,
92,Troom Troom TR @UCprQp1WQZzw-ApvQdb31OtQ,2.4M,-,Turkey,,729K,youtube,turkey,False,2024,NA,NA,,
93,Tarkan @UCnxZBLfmnZwjh8vSg6Kt-Dg,2.4M,1.1%,Turkey,,723K,youtube,turkey,False,2024,NA,NA,,
94,Mendebur Lemur @UCnPUB-DTfgIO-p-xOPhV9jw,2.4M,5.1%,Turkey,,720K,youtube,turkey,False,2024,NA,NA,,
95,رانيا كيمنك Rania Gaming @UCh33aZgo6x94hCIjA_l86JA,2.4M,0.9%,Turkey,,714K,youtube,turkey,False,2024,NA,NA,,
96,Kiralık Aşk @UCVKo-TGjnJPwq_vDzz8rcMg,2.4M,-,Turkey,,711K,youtube,turkey,False,2024,NA,NA,,
97,Pırtık @UColVB6zHVQoC9WTaQr59F2g,2.4M,-,Turkey,,711K,youtube,turkey,False,2024,NA,NA,,
98,DeadPies @UCDMk9kTJRKP-HW1MqumFonw,2.4M,0.2%,Turkey,,705K,youtube,turkey,False,2024,NA,NA,,
99,Survivor Türkiye @UCwh_v8K5LHzsJU8PfsXINJQ,2.3M,-,Turkey,,702K,youtube,turkey,False,2024,NA,NA,,
100,Betül Çakmak @UCd7R-ZnmxqF75FpTQpl09EQ,2.3M,0.2%,Turkey,,693K,youtube,turkey,False,2024,NA,NA,,
1,SlivkiShow @UCU_yU4xGT9hrVFo6euH8LLw,19.9M,0.8%,Ukraine,,6M,youtube,ukraine,False,2024,NA,NA,,
2,Познаватель @UCXTMoE1XgvxN4iCt5-gZzCw,18.3M,-,Ukraine,,5.5M,youtube,ukraine,False,2024,NA,NA,,
3,Трум Трум @UCq1JpGFxcZTbbOAz010U-og,13.8M,-,Ukraine,,4.1M,youtube,ukraine,False,2024,NA,NA,,
4,Lady Diana @UCCB4-saKfwGbUFO2-rRdUqQ,12.4M,0.4%,Ukraine,,3.7M,youtube,ukraine,False,2024,NA,NA,,
5,Маша та Ведмідь @UCHZcTOQMlcCmONp5Apm6qSQ,11.3M,-,Ukraine,,3.4M,youtube,ukraine,False,2024,NA,NA,,
6,Magic Five @UCEGfICV92gmM5w2t3gYfQDw,11.2M,-,Ukraine,,3.4M,youtube,ukraine,False,2024,NA,NA,,
7,Boys and Toys @UCWI7puXzGTPuxsoW2HD3XxQ,9.4M,0.3%,Ukraine,,2.8M,youtube,ukraine,False,2024,NA,NA,,
8,TheBrainDit @UCFBcrywVNeUOqtJgGhPEvQg,8.4M,-,Ukraine,,2.5M,youtube,ukraine,False,2024,NA,NA,,
9,vanzai @vanzai,8.3M,1.6%,Ukraine,,2.5M,youtube,ukraine,False,2024,NA,NA,,
10,TimOn ChaveS @UC2il4ZKYE7gwjoVDGAbgMbQ,7M,-,Ukraine,,2.1M,youtube,ukraine,False,2024,NA,NA,,
11,Трум Трум СЕЛЕКТ @UCA8x119TMd1esbI3woeIbQg,6.9M,-,Ukraine,,2.1M,youtube,ukraine,False,2024,NA,NA,,
12,Alex Boyko @UCKj4BooYGVlBTXW21nOwcgQ,6.7M,0.1%,Ukraine,,2M,youtube,ukraine,False,2024,NA,NA,,
13,Ali Baba @UC8uTWdM6Ns528noHMHBN15g,6M,-,Ukraine,,1.8M,youtube,ukraine,False,2024,NA,NA,,
14,Holdik @UCM6hH7Xa0oanOQeh5RxeRAQ,5.8M,0.1%,Ukraine,,1.8M,youtube,ukraine,False,2024,NA,NA,,
15,Artem Plays Toys @UCdKSGuc89r7OfkdwcFAsVIw,5.8M,-,Ukraine,,1.7M,youtube,ukraine,False,2024,NA,NA,,
16,Антон Птушкин @UClI9aidW3X044NeB4QS-yxw,5.6M,9.7%,Ukraine,,1.7M,youtube,ukraine,False,2024,NA,NA,,
17,OneDay Alex @UCIDMp2rLX4G5C6eiypl9SFA,5.4M,-,Ukraine,,1.6M,youtube,ukraine,False,2024,NA,NA,,
18,Ольга Матвей @UCZEqXoz7G4sPniv_hJJbVhw,5.4M,0.1%,Ukraine,,1.6M,youtube,ukraine,False,2024,NA,NA,,
19,AuRuM TV @UCh1lXfVnw2L4w8aBHrTy4zA,5.1M,-,Ukraine,,1.5M,youtube,ukraine,False,2024,NA,NA,,
20,Телеканал СТБ @UCrb7XNZEwPheovXjgbkH5vg,5.1M,-,Ukraine,,1.5M,youtube,ukraine,False,2024,NA,NA,,
21,Серіали України. Прем’єр @UCtKnY1vJ37v-KPgejc2kkBQ,4.9M,-,Ukraine,,1.5M,youtube,ukraine,False,2024,NA,NA,,
22,Daniel Gro @UC_OlRSrhwiBX-VC7EPhGlNw,4.9M,0.3%,Ukraine,,1.5M,youtube,ukraine,False,2024,NA,NA,,
23,ВУХУУ! @UCKQTOGKzcSPuQgflweqce_Q,4.7M,-,Ukraine,,1.4M,youtube,ukraine,False,2024,NA,NA,,
24,Room Factory @UCovLyuOCfHLOPP8Jwc3aZoA,4.6M,1.5%,Ukraine,,1.4M,youtube,ukraine,False,2024,NA,NA,,
25,GANGSTER GANG @UCCeAaS4K5IOr3n6KUZvN9zA,4.6M,0.1%,Ukraine,,1.4M,youtube,ukraine,False,2024,NA,NA,,
26,YanGo @UCkpvU1ZMcg1RVxxvy8ng60w,4.6M,0.6%,Ukraine,,1.4M,youtube,ukraine,False,2024,NA,NA,,
27,ЮМОР ICTV - Официальный канал @UCFTq_8SXc-SByisJqDZp9ZQ,4.3M,-,Ukraine,,1.3M,youtube,ukraine,False,2024,NA,NA,,
28,Миллион Сюрпризов @UCgfjL1enXKflahn2-b_fAFQ,4.2M,-,Ukraine,,1.2M,youtube,ukraine,False,2024,NA,NA,,
29,Интересный Фикус @UCve3T2JUto59BcaBujrn-Lw,4.1M,1.9%,Ukraine,,1.2M,youtube,ukraine,False,2024,NA,NA,,
30,Новий Канал @UCAptZHV2-xkB4GJGgSKRsHQ,4.1M,-,Ukraine,,1.2M,youtube,ukraine,False,2024,NA,NA,,
31,Дима Евтушенко @UC-UZpjx7fUGroVLfAIAKUYg,4.1M,-,Ukraine,,1.2M,youtube,ukraine,False,2024,NA,NA,,
32,slavikmust [СлавикМаст] @UCZH4Vx5QPuHnmGC7ANv0BdA,4M,-,Ukraine,,1.2M,youtube,ukraine,False,2024,NA,NA,,
33,Amelka Karamelka @UC5lt6mntn4AoCJ4g4Mbps9g,4M,0.1%,Ukraine,,1.2M,youtube,ukraine,False,2024,NA,NA,,
34,DANIEL BOY @UCdfXOIogbMA7h7iBp--nmYg,4M,0.1%,Ukraine,,1.2M,youtube,ukraine,False,2024,NA,NA,,
35,Діма і Машинки @UC1Xz2zFyRGvt06qMJHfz27w,3.9M,-,Ukraine,,1.2M,youtube,ukraine,False,2024,NA,NA,,
36,ЗОМБИ ЧЕЗ @UCQpx_LTX4Q34Fz76YDfGwgw,3.9M,-,Ukraine,,1.2M,youtube,ukraine,False,2024,NA,NA,,
37,POWER TEST @UCBuxvK2v00T7MM081kqbzEg,3.9M,-,Ukraine,,1.2M,youtube,ukraine,False,2024,NA,NA,,
38,Студия Квартал 95 Online @UCfCVlxInB4VuaDFLGqEQqaA,3.8M,0.1%,Ukraine,,1.1M,youtube,ukraine,False,2024,NA,NA,,
39,Ridddle UA @UCNfxB3nWgDIpkItC6KSqKsw,3.7M,-,Ukraine,,1.1M,youtube,ukraine,False,2024,NA,NA,,
40,The World of Boxing! @UCAaZm4GcWqDg8358LIx3kmw,3.6M,-,Ukraine,Sports,1.1M,youtube,ukraine,False,2024,Sports,MAPPED,,Sports
41,JoyJoy Lika @UCey_5HjnJ1EYI7k-_bjVFTg,3.6M,-,Ukraine,,1.1M,youtube,ukraine,False,2024,NA,NA,,
42,Все буде добре @UCOoYNZKnYW6JP_i2NjkaTdA,3.5M,-,Ukraine,,1M,youtube,ukraine,False,2024,NA,NA,,
43,ИККЕРО @UCK8o7PWlBPbzhajib_P7FKg,3.5M,2.5%,Ukraine,,1M,youtube,ukraine,False,2024,NA,NA,,
44,Dasha Koshkina @dashakoshkinaua,3.4M,-,Ukraine,,1M,youtube,ukraine,False,2024,NA,NA,,
45,Милс PLAY @UCBIfuwYslGljdRGWSELdaUw,3.4M,-,Ukraine,,1M,youtube,ukraine,False,2024,NA,NA,,
46,Голос країни @UCi9vAi9cgLd0p6QFasW9d7g,3.4M,-,Ukraine,,1M,youtube,ukraine,False,2024,NA,NA,,
47,Александра Киевская @UCf9iZMkNmNJ8n0qw8mPbNGg,3.3M,1.4%,Ukraine,,1M,youtube,ukraine,False,2024,NA,NA,,
48,Доктор Комаровский @UCUhtv0VMCbe3RVNr6Qz0lWQ,3.3M,-,Ukraine,,996K,youtube,ukraine,False,2024,NA,NA,,
49,Удивительные Факты @UCPAa-a3IGoh78Jva5VrbxFw,3.3M,-,Ukraine,,993K,youtube,ukraine,False,2024,NA,NA,,
50,Domer Grief @UCb5oqCZ4AfmfXbgHsfei0tQ,3.3M,4.8%,Ukraine,,993K,youtube,ukraine,False,2024,NA,NA,,
51,Anastasiya Shpagina @UCI3Mrva19d3EetUOCmygPKA,3.2M,0.3%,Ukraine,,966K,youtube,ukraine,False,2024,NA,NA,,
52,Moadim @UCpaMmuG2YE88n4XX8zbliQg,3.2M,-,Ukraine,,948K,youtube,ukraine,False,2024,NA,NA,,
53,Manifest Сhannel @UCFvr5qtcq0xu_rwejp-ME8g,3.1M,0.4%,Ukraine,,930K,youtube,ukraine,False,2024,NA,NA,,
54,Готовим с Оксаной Пашко @UCoMKxdrf8_pmg3X-_iDeNgQ,3M,-,Ukraine,,903K,youtube,ukraine,False,2024,NA,NA,,
55,Simple Food Recipes @UCmeLhJSpEdc4-4FuEKRkASQ,3M,0.1%,Ukraine,,885K,youtube,ukraine,False,2024,NA,NA,,
56,CheAnD TV - Андрей Чехменок @UCoz6QG1iK_ji5-E_zoFODkg,2.9M,-,Ukraine,,879K,youtube,ukraine,False,2024,NA,NA,,
57,ND Production @UCLlIpB6BriygXXVmtqjvBdw,2.9M,0.2%,Ukraine,,867K,youtube,ukraine,False,2024,NA,NA,,
58,Илья и Картонка @UCbf4HRrVFINZwraUqZA9HyQ,2.8M,-,Ukraine,,849K,youtube,ukraine,False,2024,NA,NA,,
59,Тохан @UCJxNqkbomzYhGxqhyQaED8g,2.8M,-,Ukraine,,846K,youtube,ukraine,False,2024,NA,NA,,
60,X2DED @UCLNrn6a4Co8D6H7jRZtNPcA,2.8M,4.7%,Ukraine,,846K,youtube,ukraine,False,2024,NA,NA,,
61,Mak @UCR2jSuaFk6Xocd--5SLoVow,2.8M,-,Ukraine,,834K,youtube,ukraine,False,2024,NA,NA,,
62,Chiki-Piki - Video for Kids @UCWne5RLg65VN1zz6YUAcNnQ,2.8M,-,Ukraine,,831K,youtube,ukraine,False,2024,NA,NA,,
63,Игорь Войтенко @UC7DFMwmTVwwSO2E5vs2GgQw,2.8M,0.9%,Ukraine,,828K,youtube,ukraine,False,2024,NA,NA,,
64,Время и Стекло @UCNi9ncN8XrpIqOnXIhmDXKA,2.8M,-,Ukraine,,825K,youtube,ukraine,False,2024,NA,NA,,
65,Мисс Николь @UCaNuwim22HctBJdJjEU7hJg,2.7M,0.3%,Ukraine,,804K,youtube,ukraine,False,2024,NA,NA,,
66,Black Beats @UCHDl4zUzU0VLFG036unHY-w,2.7M,-,Ukraine,,804K,youtube,ukraine,False,2024,NA,NA,,
67,Tolly Art @UClx9e9xZ2aUJ4A5CIWBs2oQ,2.6M,-,Ukraine,,783K,youtube,ukraine,False,2024,NA,NA,,
68,Фабрика новин @UCMp5Buw-6LpbbV9r9Sl_5yg,2.6M,-,Ukraine,,777K,youtube,ukraine,False,2024,NA,NA,,
69,itpedia @UC6bTF68IAV1okfRfwXIP1Cg,2.6M,2.8%,Ukraine,,774K,youtube,ukraine,False,2024,NA,NA,,
70,Meditation Relax Music @UCb_kshGodseYhLPcDtxWv5w,2.6M,-,Ukraine,Music Politics,768K,youtube,ukraine,False,2024,Knowledge&Info,MAPPED,,Music Politics
71,Милс Кел @UCyzu2lWpAYkz97NJjpnfmOg,2.6M,-,Ukraine,,768K,youtube,ukraine,False,2024,NA,NA,,
72,Lady Diana VLOG @UCVnj1BuBYfezPczrZa7kyJQ,2.5M,3.3%,Ukraine,,756K,youtube,ukraine,False,2024,NA,NA,,
73,Vitalik Ignatyuk @UCBHwWYrgvBfJi8Je5zNGJJQ,2.5M,-,Ukraine,,744K,youtube,ukraine,False,2024,NA,NA,,
74,ПОТУСТОРОННИЕ @UCIMXNTOhVpMn7XFxaN2P4JQ,2.5M,-,Ukraine,,741K,youtube,ukraine,False,2024,NA,NA,,
75,Alex Angel @UCdt4eXdQKZV4zUG8BF_QeyA,2.5M,-,Ukraine,,735K,youtube,ukraine,False,2024,NA,NA,,
76,DiLi Play @UCS-_94qsFjXIn6Rp7AjMnVQ,2.5M,-,Ukraine,,735K,youtube,ukraine,False,2024,NA,NA,,
77,Nerkin @UCP_oaaQqr3r0jlxeHh_vE9A,2.4M,-,Ukraine,,723K,youtube,ukraine,False,2024,NA,NA,,
78,Lady Kapa @UC6DMKiXf8Ynt59b-oj5uyxQ,2.4M,-,Ukraine,,720K,youtube,ukraine,False,2024,NA,NA,,
79,iVideos @UCs9tHGGpNjOMiCnbqTGA1PQ,2.4M,-,Ukraine,,714K,youtube,ukraine,False,2024,NA,NA,,
80,Игорь Лайм @UCSOSYKMFqMLwko2PfSUTW_A,2.3M,-,Ukraine,,699K,youtube,ukraine,False,2024,NA,NA,,
81,Телеканал Прямий @UCH9H_b9oJtSHBovh94yB5HA,2.3M,-,Ukraine,,699K,youtube,ukraine,False,2024,NA,NA,,
82,FooDee @UCXDdPCUl4SKQlp0XdltIDgg,2.3M,0.3%,Ukraine,,690K,youtube,ukraine,False,2024,NA,NA,,
83,УНІАН @UCKCVeAihEfJr-pGH7B73Wyg,2.3M,-,Ukraine,,690K,youtube,ukraine,False,2024,NA,NA,,
84,Добрые советы @UCVabytSq-Mewk0vxAHNznGg,2.3M,0.1%,Ukraine,,687K,youtube,ukraine,False,2024,NA,NA,,
85,Fast Sergey @UC5c2noTCCJn_zJDwkvBs6jA,2.3M,0.1%,Ukraine,,684K,youtube,ukraine,False,2024,NA,NA,,
86,"Garden, do it yourself. @UC8R1ldt81E86OgS7AMeGluA",2.3M,0.1%,Ukraine,,675K,youtube,ukraine,False,2024,NA,NA,,
87,Екатерина Ковалева @UCTA4HigzJIbpU3iVP0-DPSg,2.2M,-,Ukraine,,669K,youtube,ukraine,False,2024,NA,NA,,
88,Алетинский @UC-ooO3ultahk_02w4g8KPOQ,2.2M,-,Ukraine,,651K,youtube,ukraine,False,2024,NA,NA,,
89,Родион @UCvdBamHV4BkJJQSW-zPfk_A,2.2M,0.7%,Ukraine,,648K,youtube,ukraine,False,2024,NA,NA,,
90,GoldenBurst @UCZC7x1xvAQYvMQezKViOiCA,2.2M,1.6%,Ukraine,,648K,youtube,ukraine,False,2024,NA,NA,,
91,mc ARTUR @UCOvgPCK0ZmKYwGGbdS49nKg,2.1M,-,Ukraine,,636K,youtube,ukraine,False,2024,NA,NA,,
92,МORIS @UC3p1C503O2eoso8sgKK9KqQ,2.1M,-,Ukraine,,621K,youtube,ukraine,False,2024,NA,NA,,
93,Mishanya Ogorodnik @UCrRY-c9SZPYOsoPc-J1hpcw,2M,-,Ukraine,,612K,youtube,ukraine,False,2024,NA,NA,,
94,SerGioNis @UC8s0NWkonRraFSRaRV2NCUA,2M,0.3%,Ukraine,,612K,youtube,ukraine,False,2024,NA,NA,,
95,KATEMADE ART @UCbhj0q0WSv5uEPd12X35_IQ,2M,-,Ukraine,,612K,youtube,ukraine,False,2024,NA,NA,,
96,Матвей Котофей @UCmRDN4BFeHMqDZoFnU6Epuw,2M,-,Ukraine,,609K,youtube,ukraine,False,2024,NA,NA,,
97,Webspoon PLUS @UCSZyNG_9DsN6sk3gNvTKURg,2M,0.3%,Ukraine,,606K,youtube,ukraine,False,2024,NA,NA,,
98,Євгеній Бондаренко³ @UCs-8HSq9pGh2muh3-OQy11g,2M,-,Ukraine,,606K,youtube,ukraine,False,2024,NA,NA,,
99,My EXPERIMENTS @UCkM9AYVMYsjakDbCm4l9e0g,2M,-,Ukraine,,603K,youtube,ukraine,False,2024,NA,NA,,
100,Black Horse @UC3zqz87NP_nJsxAaQ_2D8eA,2M,-,Ukraine,,603K,youtube,ukraine,False,2024,NA,NA,,
1,shfa @UCwHE1kM1CPJd_pI9FQ0-4dg,36.1M,0.1%,United Arab Emirates,,10.8M,youtube,united-arab-emirates,False,2024,NA,NA,,
2,shfa2 - شفا @UCQ7x25F6YXY9DvGeHFxLhRQ,35.6M,-,United Arab Emirates,,10.7M,youtube,united-arab-emirates,False,2024,NA,NA,,
3,shfa show India @shfashowindia,26.2M,-,United Arab Emirates,,7.9M,youtube,united-arab-emirates,False,2024,NA,NA,,
4,Noor Stars @noorstars,20.7M,-,United Arab Emirates,,6.2M,youtube,united-arab-emirates,False,2024,NA,NA,,
5,Supercar Blondie @UCKSVUHI9rbbkXhvAXK-2uxA,10.6M,-,United Arab Emirates,,3.2M,youtube,united-arab-emirates,False,2024,NA,NA,,
6,Bessan Ismail - بيسان اسماعيل @UCWKF7jRIPLVBcnE2p993yAg,10M,-,United Arab Emirates,,3M,youtube,united-arab-emirates,False,2024,NA,NA,,
7,Hussain Al Jassmi | حسين الجسمي @hussainaljassmi,9.5M,-,United Arab Emirates,,2.8M,youtube,united-arab-emirates,False,2024,NA,NA,,
8,عمر عبد الكافي @abdelkafytube,9.4M,-,United Arab Emirates,,2.8M,youtube,united-arab-emirates,False,2024,NA,NA,,
9,Hayla TV @UCJlR_vpux2H2Y9fdZS9-e_A,9.1M,0.7%,United Arab Emirates,,2.7M,youtube,united-arab-emirates,False,2024,NA,NA,,
10,ٍأحمد حسن و زينب - AZ Family @azfamiily,8.8M,0.1%,United Arab Emirates,,2.6M,youtube,united-arab-emirates,False,2024,NA,NA,,
11,MBC THE VOICE KIDS @UC8Q1gJfcRy5HKweJJb35gyQ,8.6M,0.1%,United Arab Emirates,,2.6M,youtube,united-arab-emirates,False,2024,NA,NA,,
12,Siamand & Shahad @siamandshahad,8.1M,-,United Arab Emirates,,2.4M,youtube,united-arab-emirates,False,2024,NA,NA,,
13,Ustad Rahat Fateh Ali Khan PME @UCP3nA0sJTqSxFv43S7sJU1g,7.1M,-,United Arab Emirates,,2.1M,youtube,united-arab-emirates,False,2024,NA,NA,,
14,Rima @UCFlp8ti7kvEMbiqAE8Zazag,6.9M,0.4%,United Arab Emirates,,2.1M,youtube,united-arab-emirates,False,2024,NA,NA,,
15,Arabian Fairy Tales @UCazFScO30FKY3YoNNDfNY5g,6.7M,0.1%,United Arab Emirates,,2M,youtube,united-arab-emirates,False,2024,NA,NA,,
16,banen stars @UC3ofxyWp35kNOY5I3cW_GIg,6.7M,-,United Arab Emirates,,2M,youtube,united-arab-emirates,False,2024,NA,NA,,
17,TharProductionPak @UCZCT3nG-B2u5fj6LsZZeXHw,6.6M,-,United Arab Emirates,,2M,youtube,united-arab-emirates,False,2024,NA,NA,,
18,فافانابولي @UCQMhS3iDy2WD7JwXu6XniYA,6.6M,0.9%,United Arab Emirates,,2M,youtube,united-arab-emirates,False,2024,NA,NA,,
19,WooHoo Arabic @UCFIVmDqbK_jnb6kq7I5hluA,6.4M,-,United Arab Emirates,,1.9M,youtube,united-arab-emirates,False,2024,NA,NA,,
20,Sherin Amara @UCJpTKAPjRh-ThyHXN6r7kxg,6.1M,2.2%,United Arab Emirates,,1.8M,youtube,united-arab-emirates,False,2024,NA,NA,,
21,Meera Stars @UCXYmVFtmldbsy9bMgy71sXQ,6.1M,-,United Arab Emirates,,1.8M,youtube,united-arab-emirates,False,2024,NA,NA,,
22,hamdy and wafaa family @UCLACApi-a7dewNn6EysoE4w,6M,2.7%,United Arab Emirates,,1.8M,youtube,united-arab-emirates,False,2024,NA,NA,,
23,Daily Recitation TV HD @UCzl54RQebnO4Ymfahi_eadQ,5.9M,-,United Arab Emirates,,1.8M,youtube,united-arab-emirates,False,2024,NA,NA,,
24,مهووس عضلات /كمال الأجسام @UCMyVy_Q6xXwKFX4UleHk-vg,5.5M,-,United Arab Emirates,,1.7M,youtube,united-arab-emirates,False,2024,NA,NA,,
25,Majd Alzakout @majd_alzakout,5.5M,15.6%,United Arab Emirates,,1.7M,youtube,united-arab-emirates,False,2024,NA,NA,,
26,Cartoon Network MENA @UCV_UnXMvco4uaqeMMBMWcxA,5.4M,-,United Arab Emirates,,1.6M,youtube,united-arab-emirates,False,2024,NA,NA,,
27,الحب لا يفهم الكلام @UChfdidbjuzN-kctBB-DXdYQ,5.3M,-,United Arab Emirates,,1.6M,youtube,united-arab-emirates,False,2024,NA,NA,,
28,Arab Idol @UCt8w6KPEDkf_Qe1FreHCU0A,5.1M,-,United Arab Emirates,,1.5M,youtube,united-arab-emirates,False,2024,NA,NA,,
29,Haider Tv @UCz7ESbWlCz1nTXM2BNW5-nA,5M,0.1%,United Arab Emirates,,1.5M,youtube,united-arab-emirates,False,2024,NA,NA,,
30,افلام كرتون كيدو @UCEof7Z2iOP48t9a0HYoek7A,4.9M,-,United Arab Emirates,,1.5M,youtube,united-arab-emirates,False,2024,NA,NA,,
31,Sewar & Massa @UCt2uuSItBLVTttABPWd90bQ,4.8M,0.2%,United Arab Emirates,,1.4M,youtube,united-arab-emirates,False,2024,NA,NA,,
32,Sara PopFit @UCNrr5uoHtY8vazTVNnkJIaA,4.8M,0.1%,United Arab Emirates,,1.4M,youtube,united-arab-emirates,False,2024,NA,NA,,
33,Nat Geo Abu Dhabi @UCLiTe0aOHShx7hXGyqZ9UIw,4.8M,-,United Arab Emirates,,1.4M,youtube,united-arab-emirates,False,2024,NA,NA,,
34,Yasmina @UC9fljGn9t_Fp5MuSsP9046g,4.5M,-,United Arab Emirates,,1.4M,youtube,united-arab-emirates,False,2024,NA,NA,,
35,OSHA SALAH @UC_H8GiIU-dDZl6fJA32qYYQ,4.5M,-,United Arab Emirates,,1.3M,youtube,united-arab-emirates,False,2024,NA,NA,,
36,Amr Maskoun | عمرو مسكون @UCRBWpRD5w7jN4Oq7MUyDYxg,4.3M,0.7%,United Arab Emirates,Celebrity,1.3M,youtube,united-arab-emirates,False,2024,Entertainment,MAPPED,,Celebrity
37,Sonia Barton @UCtxNMG7wsOmnf5EC7s-NfMw,4.3M,-,United Arab Emirates,Fashion,1.3M,youtube,united-arab-emirates,False,2024,Beauty&Fashion,MAPPED,,Fashion
38,Qalby Etmaan - قلبي اطمأن @UCTYNerRYjdiyRNR6LgRmOOQ,4.2M,0.5%,United Arab Emirates,,1.3M,youtube,united-arab-emirates,False,2024,NA,NA,,
39,KEDOO СЕРИАЛЫ @UCq2xl8Soe_NxR9EzLmahcTA,4.1M,-,United Arab Emirates,,1.2M,youtube,united-arab-emirates,False,2024,NA,NA,,
40,Rimmy @UCXf4wncoSpwPxjerO38uMhg,4.1M,-,United Arab Emirates,,1.2M,youtube,united-arab-emirates,False,2024,NA,NA,,
41,Ghaith Marwan غيث مروان @UCFGZTrhn2GbEsgQ8-12-rIA,4.1M,5.2%,United Arab Emirates,,1.2M,youtube,united-arab-emirates,False,2024,NA,NA,,
42,العهد -Söz @UCHO4rI13Yf76ycmiBYVAKGw,4M,-,United Arab Emirates,,1.2M,youtube,united-arab-emirates,False,2024,NA,NA,,
43,Aj Art Production - عاج للانتاج الفني @UCeuEvvfHa4BFK21xB6RXJXA,3.9M,-,United Arab Emirates,Marketing and Advertising Art,1.2M,youtube,united-arab-emirates,False,2024,Knowledge&Info,MAPPED,,Marketing and Advertising Art
44,Séan Garnier World freestyle football champion @UCIGIk1wN10aAPHusfE7AEPA,3.9M,-,United Arab Emirates,,1.2M,youtube,united-arab-emirates,False,2024,NA,NA,,
45,سكاي نيوز عربية @UCIJXOvggjKtCagMfxvcCzAA,3.9M,-,United Arab Emirates,,1.2M,youtube,united-arab-emirates,False,2024,NA,NA,,
46,Arabs Got Talent @UCcbFqNpZnEeV276ZmOqN2dg,3.8M,-,United Arab Emirates,,1.1M,youtube,united-arab-emirates,False,2024,NA,NA,,
47,Learn with Zakaria - تعلم مع زكريا @UCtlcIZVBdFPSAtCoNZsTusg,3.8M,-,United Arab Emirates,,1.1M,youtube,united-arab-emirates,False,2024,NA,NA,,
48,وسيم يوسف - القناة 2 - مقاطع @UCPs4h77fs-4Cdt8ldc_NtoA,3.7M,-,United Arab Emirates,,1.1M,youtube,united-arab-emirates,False,2024,NA,NA,,
49,Money Kicks @UCKUs5_UjbfEmiPKgEaWH4Rw,3.7M,1.9%,United Arab Emirates,,1.1M,youtube,united-arab-emirates,False,2024,NA,NA,,
50,Sofia Play @UCRikOxqoMl84v0R0M2C9iww,3.7M,-,United Arab Emirates,,1.1M,youtube,united-arab-emirates,False,2024,NA,NA,,
51,Indonesian Fairy Tales @UCYtCAxxG_FfCCV8cksKQ0Ig,3.6M,-,United Arab Emirates,,1.1M,youtube,united-arab-emirates,False,2024,NA,NA,,
52,Khmer Fairy Tales @UCOvIMdW_UA44IerwtMq9Adw,3.5M,1.1%,United Arab Emirates,,1.1M,youtube,united-arab-emirates,False,2024,NA,NA,,
53,Naji Elqaq @UC-brZ2iokMW4d208sEPcmTw,3.5M,-,United Arab Emirates,,1.1M,youtube,united-arab-emirates,False,2024,NA,NA,,
54,Omardizer | عمرديزر @UC1FYFqgdW_1LueJTmXn-8cg,3.4M,0.1%,United Arab Emirates,,1M,youtube,united-arab-emirates,False,2024,NA,NA,,
55,Jason Makki @UCIJPUfUJWCrbgM1tfWHk63A,3.4M,-,United Arab Emirates,,1M,youtube,united-arab-emirates,False,2024,NA,NA,,
56,Urdu Fairy Tales @UCJ5djr7ssnILE9zHQtb0-9g,3.4M,-,United Arab Emirates,,1M,youtube,united-arab-emirates,False,2024,NA,NA,,
57,Zee Alwan Tv Channel @UCe03OwhgThuZX3l90gGHz6A,3.3M,-,United Arab Emirates,,996K,youtube,united-arab-emirates,False,2024,NA,NA,,
58,JDED Music l جديد ميوزك @UCTvgMlBJWgcr5kVtxsl6RuA,3.3M,-,United Arab Emirates,Music,984K,youtube,united-arab-emirates,False,2024,Music,MAPPED,,Music
59,Azza Zarour عزة زعرور @UCqPDRC1DvTi2VC3WPLlY7qQ,3.3M,1.3%,United Arab Emirates,,978K,youtube,united-arab-emirates,False,2024,NA,NA,,
60,Jamalouki - جمالكِ @UCYLdNhcW9Cw9wyyB7E7iiQA,3.3M,0.1%,United Arab Emirates,,975K,youtube,united-arab-emirates,False,2024,NA,NA,,
61,Urdu 1 Official @UC_LdgZiGPqhvkOlSQR1H1cA,3.2M,0.1%,United Arab Emirates,,969K,youtube,united-arab-emirates,False,2024,NA,NA,,
62,مغامرات منصور @UCqiIbqnJB0AVTg6Z6QnZNdw,3.2M,-,United Arab Emirates,,960K,youtube,united-arab-emirates,False,2024,NA,NA,,
63,MBC3 @UC12YWO1LML5RFbf7dPvfJWA,3.1M,-,United Arab Emirates,,936K,youtube,united-arab-emirates,False,2024,NA,NA,,
64,Nickelodeon Arabia @UCZTLU39XbfN04FBXVc0vD1g,3.1M,-,United Arab Emirates,,936K,youtube,united-arab-emirates,False,2024,NA,NA,,
65,سندباد - Sinbad @UCDYpxQG--Z_cDztfsgNNuhA,3.1M,-,United Arab Emirates,,924K,youtube,united-arab-emirates,False,2024,NA,NA,,
66,Adriana Play @UC37MZW6rc8pIsvupNsq-IGQ,3.1M,-,United Arab Emirates,,915K,youtube,united-arab-emirates,False,2024,NA,NA,,
67,AlHadath الحدث @UCrj5BGAhtWxDfqbza9T9hqA,3M,-,United Arab Emirates,,912K,youtube,united-arab-emirates,False,2024,NA,NA,,
68,Ayisha Abdul Basith @UCGC_SAVDLjXtoBIoqReOIkQ,3M,0.8%,United Arab Emirates,,897K,youtube,united-arab-emirates,False,2024,NA,NA,,
69,English Fairy Tales @UC8mWYDxedkJmUReAiA3ze9w,3M,-,United Arab Emirates,Beauty,894K,youtube,united-arab-emirates,False,2024,Beauty&Fashion,MAPPED,,Beauty
70,G2G @UCQANeut1QTRmGMRCzJTBtMA,2.9M,0.2%,United Arab Emirates,,882K,youtube,united-arab-emirates,False,2024,NA,NA,,
71,Diana and Roma Indonesia @UCkSKjuie8rWiXUrNFB-J-EA,2.9M,-,United Arab Emirates,,861K,youtube,united-arab-emirates,False,2024,NA,NA,,
72,Yasmin Hassan @UCcNKDQtCtg_2UvVUo-yZXNg,2.7M,-,United Arab Emirates,,807K,youtube,united-arab-emirates,False,2024,NA,NA,,
73,Joelle Hajj @UC7TRVEt2i7woBE6oV8FFkEQ,2.7M,0.2%,United Arab Emirates,,807K,youtube,united-arab-emirates,False,2024,NA,NA,,
74,صحه - جمال - اعشاب - طبخ @UCJq1JIwZi9UU6xCfXwzRYvQ,2.7M,0.3%,United Arab Emirates,,807K,youtube,united-arab-emirates,False,2024,NA,NA,,
75,The Datis @UCwtr9zIfCyVS162bEF_s-TA,2.7M,0.7%,United Arab Emirates,,798K,youtube,united-arab-emirates,False,2024,NA,NA,,
76,Shahd Naser @UCHj0LToOhZTQPGpVot5NU1w,2.6M,1%,United Arab Emirates,,783K,youtube,united-arab-emirates,False,2024,NA,NA,,
77,asrar alarfeen (Secrets of the knowledgeable) @UCwzNTPb1resojjoZI2N9sZQ,2.6M,0.3%,United Arab Emirates,,780K,youtube,united-arab-emirates,False,2024,NA,NA,,
78,MBC4 @UCLnQlfpGY1OSJ8HUlYRnvqw,2.6M,-,United Arab Emirates,,774K,youtube,united-arab-emirates,False,2024,NA,NA,,
79,Barhom m3arawi - برهوم معراوي @UC95qm5Xg8AOFPQajjriO4CA,2.6M,4.2%,United Arab Emirates,,774K,youtube,united-arab-emirates,False,2024,NA,NA,,
80,MBC DRAMA @UCBAEVMr0li9YYF8IwZHfusw,2.6M,-,United Arab Emirates,,768K,youtube,united-arab-emirates,False,2024,NA,NA,,
81,AWAZ @UCyOwLIZ-K4eEqiGGmsISBpg,2.6M,-,United Arab Emirates,,765K,youtube,united-arab-emirates,False,2024,NA,NA,,
82,Spanish Fairy Tales @UCY0TNnnoZMapIQ3cXv1M1rg,2.6M,-,United Arab Emirates,,765K,youtube,united-arab-emirates,False,2024,NA,NA,,
83,One Music Network @UCxW2EB82hxC8Vtoy7AGn-Cw,2.5M,0.1%,United Arab Emirates,,753K,youtube,united-arab-emirates,False,2024,NA,NA,,
84,TGYM - Best Fitness Channel @UCBXYBB6aPnNQVgRwVfbJO3A,2.5M,-,United Arab Emirates,,747K,youtube,united-arab-emirates,False,2024,NA,NA,,
85,Mazaj - مزاج @mazajofficial,2.5M,0.1%,United Arab Emirates,Beauty Celebrity,744K,youtube,united-arab-emirates,False,2024,Beauty&Fashion,MAPPED,,Beauty Celebrity
86,Veena's Curryworld @UCugwC12zllpi9zJoUP5ZVyw,2.4M,0.1%,United Arab Emirates,,729K,youtube,united-arab-emirates,False,2024,NA,NA,,
87,Lowi Sahi @UCWBsU5t0KdEivU0Y7bGltsQ,2.4M,0.3%,United Arab Emirates,,723K,youtube,united-arab-emirates,False,2024,NA,NA,,
88,حريم السلطان - Muhteşem Yüzyıl @UC3ZYW87-caZfpbeWwLCw57A,2.4M,-,United Arab Emirates,,720K,youtube,united-arab-emirates,False,2024,NA,NA,,
89,Al Aan TV تلفزيون الآن @UCqFCFEIqqh35HXvkl58CERw,2.4M,0.2%,United Arab Emirates,,714K,youtube,united-arab-emirates,False,2024,NA,NA,,
90,REDX - ريداكس @UCoRcqsDzBlAhwsm-FL-Ci0Q,2.3M,-,United Arab Emirates,,687K,youtube,united-arab-emirates,False,2024,NA,NA,,
91,Maitha Abduljalil - ميثاء عبدالجليل @UCG2CyBAnWML1kIyn7pImINA,2.3M,-,United Arab Emirates,,678K,youtube,united-arab-emirates,False,2024,NA,NA,,
92,Disney Junior MENA @UCFQht1znMIE8T3zPgZclfyw,2.3M,-,United Arab Emirates,,675K,youtube,united-arab-emirates,False,2024,NA,NA,,
93,Manal Alalem @UCMM7pqZRzJIWk-YZiH5eKIg,2.2M,-,United Arab Emirates,,654K,youtube,united-arab-emirates,False,2024,NA,NA,,
94,NOON Channel - قناة نون @UCSftflk7bME9La6HfWdCLsg,2.2M,0.1%,United Arab Emirates,,648K,youtube,united-arab-emirates,False,2024,NA,NA,,
95,With Khaled @UCu8PFRlJnfMyvzrtEyKR6mA,2.2M,-,United Arab Emirates,,645K,youtube,united-arab-emirates,False,2024,NA,NA,,
96,AlNojomia l النجومية @UCWXVCbM1-eu3cXYGiR6dpkQ,2.1M,-,United Arab Emirates,,639K,youtube,united-arab-emirates,False,2024,NA,NA,,
97,King Madness @UCo8sWcs031pCoOFJunsjo2g,2.1M,0.4%,United Arab Emirates,,621K,youtube,united-arab-emirates,False,2024,NA,NA,,
98,Ali Al-Hamoudi On Cars @UCA6VNcthvobYO48O1AIMQQg,2.1M,0.1%,United Arab Emirates,,618K,youtube,united-arab-emirates,False,2024,NA,NA,,
99,تي في - TeeVee @UCQC1YvPKz-VsanBgpE2HXFw,2M,0.1%,United Arab Emirates,,609K,youtube,united-arab-emirates,False,2024,NA,NA,,
100,Shahad @UCXYmhXsnhCYzCdmrjhxwuNQ,2M,-,United Arab Emirates,,606K,youtube,united-arab-emirates,False,2024,NA,NA,,
1,NoCopyrightSounds @UC_aEa8K-EOJ3D6gOs7HcyNg,32.9M,-,Reino Unido,Música,9.9M,youtube,united-kingdom,False,2024,Music,MAPPED,,Music
2,DanTDM @UCS5Oz6CHmeoF7vSad0qqXfw,26.3M,-,Reino Unido,,7.9M,youtube,united-kingdom,False,2024,NA,NA,,
3,KSI @UCVtFOytbRpEvzLjvqGG5gxQ,24M,-,Reino Unido,,7.2M,youtube,united-kingdom,False,2024,NA,NA,,
4,Mister Max @UC_8PAD0Qmi6_gpe77S1Atgg,23M,0.1%,Reino Unido,,6.9M,youtube,united-kingdom,False,2024,NA,NA,,
5,Jelly @UC0DZmkupLYwc0yDsfocLh0A,22.9M,-,Reino Unido,,6.9M,youtube,united-kingdom,False,2024,NA,NA,,
6,Miss Katy @UCcartHVtvAUzfajflyeT_Gg,22.6M,-,Reino Unido,,6.8M,youtube,united-kingdom,False,2024,NA,NA,,
7,Dua Lipa @UC-J-KZfRV8c13fOCkhXdLiQ,21.1M,-,Reino Unido,,6.3M,youtube,united-kingdom,False,2024,NA,NA,,
8,Dan Rhodes @UC6D1L2vxEAg_Vi0JSxMBDgA,17.7M,0.3%,Reino Unido,,5.3M,youtube,united-kingdom,False,2024,NA,NA,,
9,Ali-A @UCYVinkwSX7szARULgYpvhLw,17.7M,-,Reino Unido,,5.3M,youtube,united-kingdom,False,2024,NA,NA,,
10,Gaby and Alex @UCHwBjRoGO1V-H8QYXjSVHkQ,17M,-,Reino Unido,,5.1M,youtube,united-kingdom,False,2024,NA,NA,,
11,Sidemen @sidemen,17M,2.8%,Reino Unido,,5.1M,youtube,united-kingdom,False,2024,NA,NA,,
12,Queen Official @UCiMhD4jzUqG-IgPzUmmytRQ,16.3M,-,Reino Unido,,4.9M,youtube,united-kingdom,False,2024,NA,NA,,
13,Little Mix @UCIvqWqjC4aLvp7zI8hzARrA,16.1M,-,Reino Unido,,4.8M,youtube,united-kingdom,False,2024,NA,NA,,
14,JJ Olatunji @UCGmnsW623G1r-Chmo5RB4Yw,15.9M,-,Reino Unido,,4.8M,youtube,united-kingdom,False,2024,NA,NA,,
15,F2Freestylers - Ultimate Soccer Skills Channel @UCKvn9VBLAiLiYL4FFJHri6g,14M,0.2%,Reino Unido,Celebridad,4.2M,youtube,united-kingdom,False,2024,Entertainment,MAPPED,,Celebrity
16,BBC News @UC16niRr50-MSBwiO3YDb3RA,13.3M,-,Reino Unido,,4M,youtube,united-kingdom,False,2024,NA,NA,,
17,BBC @UCCj956IF62FbT7Gouszaj9w,12.9M,-,Reino Unido,,3.9M,youtube,united-kingdom,False,2024,NA,NA,,
18,Awakening Music @UCBq5hp6DvwWam2XOXw6lYJA,12.4M,-,संयुक्त अधिराज्य,सङ्गीत,3.7M,youtube,united-kingdom,False,2024,Music,MAPPED,,Music
19,DisneyChannelUK @UCLeuoGy_hUDTBf5Hk0ynrpQ,12.3M,-,संयुक्त अधिराज्य,,3.7M,youtube,united-kingdom,False,2024,NA,NA,,
20,colinfurze @UCp68_FLety0O-n9QU6phsgw,11.9M,0.6%,संयुक्त अधिराज्य,,3.6M,youtube,united-kingdom,False,2024,NA,NA,,
21,Mrwhosetheboss @UCMiJRAwDNSNzuYeN2uWa0pA,11.8M,1.9%,संयुक्त अधिराज्य,,3.5M,youtube,united-kingdom,False,2024,NA,NA,,
22,TommyInnit @UC5p_l5ZeB_wGjO_yDXwiqvw,11.7M,-,संयुक्त अधिराज्य,,3.5M,youtube,united-kingdom,False,2024,NA,NA,,
23,Morgz @UCBwSufNse8VMBvQM_rCSvgQ,11.6M,0.1%,संयुक्त अधिराज्य,,3.5M,youtube,united-kingdom,False,2024,NA,NA,,
24,Tiana @UC6sSkkemzPjmrzS0Y0V_2zw,11.4M,-,संयुक्त अधिराज्य,,3.4M,youtube,united-kingdom,False,2024,NA,NA,,
25,DisneyJuniorUK @UC7Gf2tZ8coTX2ckTPgn62iQ,11.2M,-,संयुक्त अधिराज्य,,3.4M,youtube,united-kingdom,False,2024,NA,NA,,
26,Emily Tube @UC-0D1RlSzcvBoODCKSoLl2g,11M,-,संयुक्त अधिराज्य,,3.3M,youtube,united-kingdom,False,2024,NA,NA,,
27,Slogo @UCHdMK5Ef2El8KbD3L_WgANg,10.9M,-,संयुक्त अधिराज्य,,3.3M,youtube,united-kingdom,False,2024,NA,NA,,
28,Jessie J @UC4pEp0mo54WhEBCTYvjVDJA,10.4M,-,संयुक्त अधिराज्य,,3.1M,youtube,united-kingdom,False,2024,NA,NA,,
29,Sing King @UCwTRjvjVge51X-ILJ4i22ew,10.2M,-,संयुक्त अधिराज्य,,3.1M,youtube,united-kingdom,False,2024,NA,NA,,
30,BBC News عربي @UCelk6aHijZq-GJBBB9YpReA,10.1M,-,संयुक्त अधिराज्य,,3M,youtube,united-kingdom,False,2024,NA,NA,,
31,Classic Mr Bean @UCEwIUtFBhaI2L2PuKv0KL2g,9.9M,-,संयुक्त अधिराज्य,,3M,youtube,united-kingdom,False,2024,NA,NA,,
32,Syndicate @UC1ieoHqKW-yYgDhLHIcx28w,9.7M,-,संयुक्त अधिराज्य,,2.9M,youtube,united-kingdom,False,2024,NA,NA,,
33,Gorillaz @UCfIXdjDQH9Fau7y99_Orpjw,9.4M,0.1%,संयुक्त अधिराज्य,,2.8M,youtube,united-kingdom,False,2024,NA,NA,,
34,Woody & Kleiny @UCoGForHQAmk0_9rI9CABeYw,9.4M,1.1%,संयुक्त अधिराज्य,,2.8M,youtube,united-kingdom,False,2024,NA,NA,,
35,Jungle Beat @UChUHOEe7zgYmrv7a_LlpNng,9.3M,-,संयुक्त अधिराज्य,यात्रा,2.8M,youtube,united-kingdom,False,2024,Lifestyle,MAPPED,,Travel
36,Julius Dein @juliusdein,9.2M,-,संयुक्त अधिराज्य,,2.8M,youtube,united-kingdom,False,2024,NA,NA,,
37,The X Factor UK @UCEY1ejsweY4DgMwOVJeEaBA,9.1M,0.1%,संयुक्त अधिराज्य,,2.7M,youtube,united-kingdom,False,2024,NA,NA,,
38,English with Lucy @UCz4tgANd4yy8Oe0iXCdSWfA,9M,-,संयुक्त अधिराज्य,,2.7M,youtube,united-kingdom,False,2024,NA,NA,,
39,Shaun the Sheep @UCS7H8U-n5mINVJjJsaRtGHg,8.9M,-,संयुक्त अधिराज्य,,2.7M,youtube,united-kingdom,False,2024,NA,NA,,
40,Cartoons for Kids @UC977n5nXRn8MDuGQjwxkOLw,8.7M,-,संयुक्त अधिराज्य,,2.6M,youtube,united-kingdom,False,2024,NA,NA,,
41,Mumbo Jumbo @UChFur_NwVSbUozOcF_F2kMg,8.5M,1.7%,संयुक्त अधिराज्य,भिडियो गेमिङ,2.6M,youtube,united-kingdom,False,2024,Tech&Gaming,MAPPED,,Video gaming
42,Top Gear @UCjOl2AUblVmg2rA_cRgZkFg,8.4M,-,संयुक्त अधिराज्य,,2.5M,youtube,united-kingdom,False,2024,NA,NA,,
43,Moonbug Kids - Kids Learning Videos @UC1QqdFv5e9QSEi0eYdfwuqw,8.3M,-,संयुक्त अधिराज्य,,2.5M,youtube,united-kingdom,False,2024,NA,NA,,
44,BBC Radio 1 @UC-FQUIVQ-bZiefzBiQAa8Fw,8.1M,-,संयुक्त अधिराज्य,,2.4M,youtube,united-kingdom,False,2024,NA,NA,,
45,Liverpool FC @liverpoolfc,8M,-,संयुक्त अधिराज्य,,2.4M,youtube,united-kingdom,False,2024,NA,NA,,
46,Grian @UCR9Gcq0CMm6YgTzsDxAxjOQ,7.8M,1.8%,संयुक्त अधिराज्य,,2.3M,youtube,united-kingdom,False,2024,NA,NA,,
47,Daz Games @UCDBCCMlFD-hArPbWv38FINA,7.6M,0.3%,संयुक्त अधिराज्य,,2.3M,youtube,united-kingdom,False,2024,NA,NA,,
48,Vikkstar123 @UCvwgF_0NOZe2vN4Q3g1bY-A,7.6M,-,संयुक्त अधिराज्य,,2.3M,youtube,united-kingdom,False,2024,NA,NA,,
49,PlayToys @UCHFA6Nt11kE_8OWIya0SQDQ,7.6M,-,संयुक्त अधिराज्य,,2.3M,youtube,united-kingdom,False,2024,NA,NA,,
50,carwow @UCUhFaUpnq31m6TNX2VKVSVA,7.5M,0.2%,संयुक्त अधिराज्य,,2.2M,youtube,united-kingdom,False,2024,NA,NA,,
51,Jeremy Lynch @UC5Y1pPVNm-odhiubuRO1D6A,7.4M,-,संयुक्त अधिराज्य,,2.2M,youtube,united-kingdom,False,2024,NA,NA,,
52,TomSka @UCOYWgypDktXdb-HfZnSMK6A,7.2M,2.2%,संयुक्त अधिराज्य,,2.2M,youtube,united-kingdom,False,2024,NA,NA,,
53,YOGSCAST Lewis & Simon @UCH-_hzb2ILSCo9ftVSnrCIQ,7.1M,-,संयुक्त अधिराज्य,समाचारहरू,2.1M,youtube,united-kingdom,False,2024,Knowledge&Info,MAPPED,,the news
54,LDShadowLady @UCzTlXb7ivVzuFlugVCv3Kvg,7M,-,संयुक्त अधिराज्य,भिडियो गेमिङ,2.1M,youtube,united-kingdom,False,2024,Tech&Gaming,MAPPED,,Video gaming
55,The Beatles @UCc4K7bAqpdBP8jh1j9XZAww,6.9M,0.1%,संयुक्त अधिराज्य,,2.1M,youtube,united-kingdom,False,2024,NA,NA,,
56,Passenger @UCFHtCB_FWXQ8GpjgfYcD8-g,6.9M,-,संयुक्त अधिराज्य,,2.1M,youtube,united-kingdom,False,2024,NA,NA,,
57,MessYourself @UCrSgaO6xOY8YV1EoCbD51HA,6.9M,-,संयुक्त अधिराज्य,,2.1M,youtube,united-kingdom,False,2024,NA,NA,,
58,MoreSidemen @UCh5mLn90vUaB1PbRRx_AiaA,6.8M,0.6%,संयुक्त अधिराज्य,,2M,youtube,united-kingdom,False,2024,NA,NA,,
59,Boomerang UK @UCmst562fALOY2cKb4IFgqEg,6.8M,-,संयुक्त अधिराज्य,,2M,youtube,united-kingdom,False,2024,NA,NA,,
60,James Arthur @UCV5Gw7GGOMxe6SSF6llp_3Q,6.8M,-,संयुक्त अधिराज्य,,2M,youtube,united-kingdom,False,2024,NA,NA,,
61,ARPO The Robot @UCrSx8rek9EuC3YGHvG8aalw,6.7M,-,संयुक्त अधिराज्य,,2M,youtube,united-kingdom,False,2024,NA,NA,,
62,24 News HD @UCcmpeVbSSQlZRvHfdC-CRwg,6.7M,-,संयुक्त अधिराज्य,,2M,youtube,united-kingdom,False,2024,NA,NA,,
63,RubyandBonnie @UC_wITz-Ze4JFc3WLQA1n3Hw,6.6M,-,संयुक्त अधिराज्य,,2M,youtube,united-kingdom,False,2024,NA,NA,,
64,Nickelodeon UK @UCHiceVclOIFCgAcveITRLLw,6.6M,-,संयुक्त अधिराज्य,,2M,youtube,united-kingdom,False,2024,NA,NA,,
65,Mark Ronson @UCSY5V7BJSrxNvvBF0Drslow,6.5M,-,संयुक्त अधिराज्य,,2M,youtube,united-kingdom,False,2024,NA,NA,,
66,Rhia Official @UCQdsJ95w9jh-yB0BA6EDGWA,6.4M,-,संयुक्त अधिराज्य,,1.9M,youtube,united-kingdom,False,2024,NA,NA,,
67,UKF Dubstep @UCfLFTP1uTuIizynWsZq2nkQ,6.3M,-,संयुक्त अधिराज्य,,1.9M,youtube,united-kingdom,False,2024,NA,NA,,
68,TGFbro @UCOgUcv_9DaivXzsN9mcHIzQ,6.2M,0.9%,संयुक्त अधिराज्य,,1.9M,youtube,united-kingdom,False,2024,NA,NA,,
69,Wilbur Soot @UC1n_PfsVqxllCcnMPlxBIjw,6.2M,2.6%,संयुक्त अधिराज्य,,1.9M,youtube,united-kingdom,False,2024,NA,NA,,
70,Russell Brand @UCswH8ovgUp5Bdg-0_JTYFNw,6.2M,-,संयुक्त अधिराज्य,,1.9M,youtube,united-kingdom,False,2024,NA,NA,,
71,Manchester United @UC6yW44UGJJBvYTlfC7CRg2Q,6.2M,0.2%,संयुक्त अधिराज्य,,1.9M,youtube,united-kingdom,False,2024,NA,NA,,
72,Pingu - Official Channel @UCM88mtSE0zRTn5ae4EbYcuw,6.2M,-,संयुक्त अधिराज्य,,1.8M,youtube,united-kingdom,False,2024,NA,NA,,
73,Mrwhosetheboss Shorts @UCZSlfzadjnw7G419c_OJ9eg,6.1M,-,संयुक्त अधिराज्य,,1.8M,youtube,united-kingdom,False,2024,NA,NA,,
74,Niko Omilana @UCdcUmdOxMrhRjKMw-BX19AA,6M,16.2%,संयुक्त अधिराज्य,,1.8M,youtube,united-kingdom,False,2024,NA,NA,,
75,Tiana Wilson @UC7_yh9PEDpaqp34QtGO-_Yw,5.9M,-,संयुक्त अधिराज्य,,1.8M,youtube,united-kingdom,False,2024,NA,NA,,
76,Capital FM @UCZzwjZPc6R_PbnDgFVMwlvQ,5.8M,-,संयुक्त अधिराज्य,,1.7M,youtube,united-kingdom,False,2024,NA,NA,,
77,Simon's Cat @UCH6vXjt-BA7QHl0KnfL-7RQ,5.8M,0.3%,संयुक्त अधिराज्य,,1.7M,youtube,united-kingdom,False,2024,NA,NA,,
78,CGP Grey @UC2C_jShtL725hvbm1arSV9w,5.8M,-,संयुक्त अधिराज्य,,1.7M,youtube,united-kingdom,False,2024,NA,NA,,
79,Jamie Oliver @UCpSgg_ECBj25s9moCDfSTsA,5.8M,-,संयुक्त अधिराज्य,,1.7M,youtube,united-kingdom,False,2024,NA,NA,,
80,ChrisMD @sirhcchris2010,5.6M,2.2%,संयुक्त अधिराज्य,,1.7M,youtube,united-kingdom,False,2024,NA,NA,,
81,Dumori Bay @UC-VDfQNL-S44eZscGlXI14g,5.6M,-,संयुक्त अधिराज्य,,1.7M,youtube,united-kingdom,False,2024,NA,NA,,
82,Space Videos @UCakgsb0w7QB0VHdnCc-OVEA,5.5M,-,संयुक्त अधिराज्य,,1.7M,youtube,united-kingdom,False,2024,NA,NA,,
83,Real Stories @UCu4XcDBdnZkV6-5z2f16M0g,5.5M,-,संयुक्त अधिराज्य,प्रसिद्धि,1.7M,youtube,united-kingdom,False,2024,Entertainment,MAPPED,,fame
84,More Emily @UCO66lK14MYiXlu0A6pQ4ouA,5.4M,-,संयुक्त अधिराज्य,,1.6M,youtube,united-kingdom,False,2024,NA,NA,,
85,GRM Daily @UCqTwKvjbTENZDGbz2si47ag,5.3M,-,संयुक्त अधिराज्य,,1.6M,youtube,united-kingdom,False,2024,NA,NA,,
86,Joe Weller @UCLk9wddjT0F-HILLRFXodtg,5.3M,1.9%,संयुक्त अधिराज्य,,1.6M,youtube,united-kingdom,False,2024,NA,NA,,
87,WildBrain Kids @UCbmWOFTbZoDLWqG1rvFnJ0g,5.2M,-,संयुक्त अधिराज्य,प्रसिद्धि,1.6M,youtube,united-kingdom,False,2024,Entertainment,MAPPED,,fame
88,Sky News @UCoMdktPbSTixAyNGwb-UYkQ,5.2M,-,संयुक्त अधिराज्य,,1.5M,youtube,united-kingdom,False,2024,NA,NA,,
89,Jarvis @UCvxfEIG3PHpgM0TMJJ_SH-w,5M,0.8%,संयुक्त अधिराज्य,,1.5M,youtube,united-kingdom,False,2024,NA,NA,,
90,Thoughty2 @UCRlICXvO4XR4HMeEB9JjDlA,5M,-,संयुक्त अधिराज्य,,1.5M,youtube,united-kingdom,False,2024,NA,NA,,
91,TheDadLab @thedadlab,5M,-,संयुक्त अधिराज्य,,1.5M,youtube,united-kingdom,False,2024,NA,NA,,
92,Behzinga @UCHhfSXoDG6gSgpOvLH4wrRw,4.9M,-,संयुक्त अधिराज्य,,1.5M,youtube,united-kingdom,False,2024,NA,NA,,
93,BBC Learning English @UCHaHD477h-FeBbVh9Sh7syA,4.8M,-,संयुक्त अधिराज्य,,1.4M,youtube,united-kingdom,False,2024,NA,NA,,
94,Max and Katy @UCvZwcK22QTUaM18KE7mHeNw,4.8M,-,संयुक्त अधिराज्य,,1.4M,youtube,united-kingdom,False,2024,NA,NA,,
95,Man City @UCkzCjdRMrW2vXLx8mvPVLdQ,4.8M,-,संयुक्त अधिराज्य,,1.4M,youtube,united-kingdom,False,2024,NA,NA,,
96,Wisp @UC0h07r_UgTD0Tc-Dn5XLX3g,4.7M,1.1%,संयुक्त अधिराज्य,,1.4M,youtube,united-kingdom,False,2024,NA,NA,,
97,WillNE @UCaFUrR3oSxOl5Y9y6tvLTEg,4.7M,2.4%,संयुक्त अधिराज्य,,1.4M,youtube,united-kingdom,False,2024,NA,NA,,
98,Zerkaa @UChntGq8THlUokhc1tT-M2wA,4.7M,2.3%,संयुक्त अधिराज्य,,1.4M,youtube,united-kingdom,False,2024,NA,NA,,
99,Ben Phillips @UChoQQRDf-zU1h6_YjKkWvdw,4.6M,-,संयुक्त अधिराज्य,,1.4M,youtube,united-kingdom,False,2024,NA,NA,,
100,Roxxsaurus @UCBKFH7bU2ebvO68FtuGjyyw,4.5M,-,संयुक्त अधिराज्य,,1.4M,youtube,united-kingdom,False,2024,NA,NA,,
1,T-Series @UCq-Fj5jknLsUf-MWSy4_brA,234M,-,India,,70.2M,youtube,united-states,False,2024,NA,NA,,
2,Cocomelon - Nursery Rhymes @UCbCmjCuTUZos6Inko4u57UQ,144M,-,United States,,43.2M,youtube,united-states,False,2024,NA,NA,,
3,SET India @UCpEhnqL0y41EpW2TvWAHD7Q,139M,-,India,,41.7M,youtube,united-states,False,2024,NA,NA,,
4,PewDiePie @UC-lHJZR3Gqxm24_Vd_AJ5Yw,111M,0.1%,United States,,33.3M,youtube,united-states,False,2024,NA,NA,,
5,MrBeast @UCX6OQ3DkcsbYNE6H8uQQuVA,100M,2.4%,United States,Celebrity Pets,30M,youtube,united-states,False,2024,Entertainment,MAPPED,,Celebrity Pets
6,Like Nastya @UCJplp5SjeGSdVdwsfb9Q7lQ,97.3M,-,United States,,29.2M,youtube,united-states,False,2024,NA,NA,,
7,✿ Kids Diana Show @UCk8GzjMOrta8yxDcKfylJYw,94.2M,-,,,28.3M,youtube,united-states,False,2024,NA,NA,,
8,Zee Music Company @UCFFbwnve3yF62-tVXkTyHqg,91.4M,-,India,,27.4M,youtube,united-states,False,2024,NA,NA,,
9,WWE @UCJ5v_MCY6GNUBTO8-D3XoAg,91.2M,-,,,27.4M,youtube,united-states,False,2024,NA,NA,,
10,Vlad and Niki @UCvlE5gTbOvjiolFlEm-c_Ow,84.3M,-,United States,Marketing and Advertising Music,25.3M,youtube,united-states,False,2024,Knowledge&Info,MAPPED,,Marketing and Advertising Music
11,BLACKPINK @UCOmHUn--16B90oW2L6FRR3A,82M,0.4%,South Korea,,24.6M,youtube,united-states,False,2024,NA,NA,,
12,Goldmines @UCyoXW-Dse7fURq30EWl_CUA,72M,-,India,,21.6M,youtube,united-states,False,2024,NA,NA,,
13,Justin Bieber @UCIwFjwMjI0y7PDBVEO9-bkQ,69.7M,-,Canada,,20.9M,youtube,united-states,False,2024,NA,NA,,
14,Sony SAB @UC6-F5tO8uklgE9Zy8IvbdFw,69.2M,-,India,,20.8M,youtube,united-states,False,2024,NA,NA,,
15,BANGTANTV @UCLkAepWjdylmXSltofFvsYQ,68.6M,0.5%,,,20.6M,youtube,united-states,False,2024,NA,NA,,
16,HYBE LABELS @UC3IZKseVpdzPSBaWxBxundA,68.1M,-,South Korea,Celebrity Music,20.4M,youtube,united-states,False,2024,Music,MAPPED,,Celebrity Music
17,Canal KondZilla @UCffDXn7ycAzwL2LDlbyWOTw,66.3M,-,Brazil,,19.9M,youtube,united-states,False,2024,NA,NA,,
18,Zee TV @UCppHT7SZKKvar4Oc9J4oljQ,64M,-,India,,19.2M,youtube,united-states,False,2024,NA,NA,,
19,Shemaroo Filmi Gaane @UCP6uH_XlsxrXwZQ4DlqbqPg,61.1M,-,India,,18.3M,youtube,united-states,False,2024,NA,NA,,
20,Colors TV @UC55IWqFLDH1Xp7iu1_xknRA,59.2M,-,India,,17.8M,youtube,united-states,False,2024,NA,NA,,
21,ChuChu TV Nursery Rhymes & Kids Songs @UCBnZ16ahKA2DZ_T5W0FPUXg,58.7M,-,India,,17.6M,youtube,united-states,False,2024,NA,NA,,
22,Dude Perfect @UCRijo3ddMTht_IHyNSNXpNQ,58.6M,-,United States,,17.6M,youtube,united-states,False,2024,NA,NA,,
23,Movieclips @UC3gNmTGu-TTbFPpfSs5kNkg,58.5M,-,United States,,17.6M,youtube,united-states,False,2024,NA,NA,,
24,Pinkfong Baby Shark - Kids' Songs & Stories @UCcdwLMPsaU2ezNSJU1nFoBQ,56.9M,-,,,17.1M,youtube,united-states,False,2024,NA,NA,,
25,Tips Official @UCJrDMFOdv1I2k8n9oK_V21w,56.5M,-,India,,17M,youtube,united-states,False,2024,NA,NA,,
26,Marshmello @UCEdvpU2pFRCVqU6yIPyTpMQ,55.8M,-,United States,,16.7M,youtube,united-states,False,2024,NA,NA,,
27,Wave Music @bhojpuriwave,55.6M,-,India,,16.7M,youtube,united-states,False,2024,NA,NA,,
28,Sony Music India @UC56gTxNs4f9xZ7Pa2i5xNzg,55.3M,-,India,,16.6M,youtube,united-states,False,2024,NA,NA,,
29,Aaj Tak @UCt4t-jeY85JegMlZ-E5UWtA,54M,-,India,,16.2M,youtube,united-states,False,2024,NA,NA,,
30,El Reino Infantil @UCK1i2UviaXLUNrZlAFpw_jA,52.9M,-,,,15.9M,youtube,united-states,False,2024,NA,NA,,
31,Ed Sheeran @UC0C-w0YjGpqDXGB8IHb662A,52.3M,-,,,15.7M,youtube,united-states,False,2024,NA,NA,,
32,Ariana Grande @UC9CoOnJkIBMdeijd9qYoT_g,52.2M,-,,,15.7M,youtube,united-states,False,2024,NA,NA,,
33,EminemMusic @UCfM3zsQsOnfWNUppiycmBuw,51.7M,1%,,,15.5M,youtube,united-states,False,2024,NA,NA,,
34,T-Series Bhakti Sagar @UCaayLD9i5x4MmIoVZxXSv_g,49.9M,-,,,15M,youtube,united-states,False,2024,NA,NA,,
35,LooLoo Kids - Nursery Rhymes and Children's Songs @UC4NALVCmcmL5ntpV0thoH6w,49.4M,-,United States,,14.8M,youtube,united-states,False,2024,NA,NA,,
36,YRF @UCbTLwN10NoCU4WDzLf1JMOA,48.4M,-,India,,14.5M,youtube,united-states,False,2024,NA,NA,,
37,Taylor Swift @UCqECaJ8Gagnn7YCbPEzWH6g,47.2M,0.4%,,,14.2M,youtube,united-states,False,2024,NA,NA,,
38,Fernanfloo @fernanfloo,47.1M,-,El Salvador,,14.1M,youtube,united-states,False,2024,NA,NA,,
39,Infobells - Hindi @UC1ciY6kR3yj3kaKZ6R7ewAg,46.6M,-,India,,14M,youtube,united-states,False,2024,NA,NA,,
40,Billie Eilish @UCiGm_E4ZwYSHV3bcW1pnSeQ,46.6M,0.7%,United States,,14M,youtube,united-states,False,2024,NA,NA,,
41,JuegaGerman @UCYiGq8XF7YQD00x7wAd62Zg,46.4M,0.4%,Chile,,13.9M,youtube,united-states,False,2024,NA,NA,,
42,Badabun @UCYWOjHweP2V-8kGKmmAmQJQ,45.7M,-,Mexico,,13.7M,youtube,united-states,False,2024,NA,NA,,
43,Felipe Neto @UCV306eHqgo0LvBf3Mh36AHg,44.4M,-,Brazil,,13.3M,youtube,united-states,False,2024,NA,NA,,
44,Get Movies @UClZkHt2kNIgyrTTPnSQV3SA,44.3M,-,Russia,,13.3M,youtube,united-states,False,2024,NA,NA,,
45,whinderssonnunes @UC3KQ5GWANYF8lChqjZpXsQw,43.7M,-,,,13.1M,youtube,united-states,False,2024,NA,NA,,
46,SonyMusicIndiaVEVO @UC3MLnJtqc_phABBriLRhtgQ,43.6M,-,,Music,13.1M,youtube,united-states,False,2024,Music,MAPPED,,Music
47,BRIGHT SIDE @UC4rlAVgAK0SGk-yTfe48Qpw,43.4M,-,,Fitness News,13M,youtube,united-states,False,2024,Sports,MAPPED,,Fitness News
48,Katy Perry @UCYvmuw-JtVrTZQ-7Y4kd63Q,43.1M,-,United States,,12.9M,youtube,united-states,False,2024,NA,NA,,
49,Bad Bunny @UCmBA_wu8xGg1OfOkfW13Q0Q,43.1M,-,Puerto Rico,,12.9M,youtube,united-states,False,2024,NA,NA,,
50,Você Sabia? @UCj0O6W8yDuLg3iraAXKgCrQ,43M,-,Brazil,,12.9M,youtube,united-states,False,2024,NA,NA,,
51,Alan Walker @UCJrOtniJ0-NWz37R30urifQ,42.4M,-,Norway,,12.7M,youtube,united-states,False,2024,NA,NA,,
52,Like Nastya Show @UCS94J1s6-qc8v7btCdS2pNg,41.7M,-,United States,,12.5M,youtube,united-states,False,2024,NA,NA,,
53,CarryMinati @carryminati,41.6M,9.2%,India,Video Gaming,12.5M,youtube,united-states,False,2024,Tech&Gaming,MAPPED,,Video Gaming
54,ABS-CBN Entertainment @UCstEtN0pgOmCf02EdXsGChw,41.5M,-,Philippines,,12.5M,youtube,united-states,False,2024,NA,NA,,
55,Shemaroo @UCF1JIbMUs6uqoZEY1Haw0GQ,41.2M,-,India,Celebrity,12.4M,youtube,united-states,False,2024,Entertainment,MAPPED,,Celebrity
56,Speed Records @UCOsyDsO5tIt-VZ1iwjdQmew,41.1M,-,India,Music,12.3M,youtube,united-states,False,2024,Music,MAPPED,,Music
57,elrubiusOMG @UCXazgXDIYyWH-yXLAkcrFxw,40.4M,1.7%,,,12.1M,youtube,united-states,False,2024,NA,NA,,
58,Little Baby Bum - Nursery Rhymes & Kids Songs @UCKAqou7V9FAWXpZd9xtOg3Q,40M,-,United States,,12M,youtube,united-states,False,2024,NA,NA,,
59,Voot Kids @UCJg19noZp7-BYIGvypu_cow,39.3M,-,India,,11.8M,youtube,united-states,False,2024,NA,NA,,
60,Маша и Медведь @UCRv76wLBC73jiP7LX4C3l8Q,39.1M,-,Russia,,11.7M,youtube,united-states,False,2024,NA,NA,,
61,LUCCAS NETO - LUCCAS TOON @UC_gV70G_Y51LTa3qhu8KiEA,38.6M,-,Brazil,,11.6M,youtube,united-states,False,2024,NA,NA,,
62,Luisito Comunica @UCECJDeK0MNapZbpaOzxrUPA,38.5M,0.1%,,,11.6M,youtube,united-states,False,2024,NA,NA,,
63,Ishtar Music @UCWi_65E_L8tQZ34C6wVAlpQ,38.5M,-,India,Music Celebrity,11.6M,youtube,united-states,False,2024,Music,MAPPED,,Music Celebrity
64,TheEllenShow @UCp0hYYBW6IMayGgR-WeoCvQ,38.3M,-,United States,,11.5M,youtube,united-states,False,2024,NA,NA,,
65,Toys and Colors @UCgFXm4TI8htWmCyJ6cVPG_A,38.3M,-,United States,,11.5M,youtube,united-states,False,2024,NA,NA,,
66,Kimberly Loaiza @UCQZfFRohQ7UX-0CdXl-6pwQ,38.1M,0.9%,Mexico,,11.4M,youtube,united-states,False,2024,NA,NA,,
67,WorkpointOfficial @UC3ZkCd7XtUREnjjt3cyY_gg,38.1M,-,Thailand,,11.4M,youtube,united-states,False,2024,NA,NA,,
68,XXXTENTACION @UCM9r1xn6s30OnlJWb-jc3Sw,37.8M,0.1%,United States,,11.3M,youtube,united-states,False,2024,NA,NA,,
69,Super Simple Songs - Kids Songs @UCLsooMJoIpl_7ux2jvdPB-Q,37.3M,-,Canada,Travel,11.2M,youtube,united-states,False,2024,Lifestyle,MAPPED,,Travel
70,Shakira @UCYLNGLIzMhRTi6ZOLjAPSmw,37.1M,-,,,11.1M,youtube,united-states,False,2024,NA,NA,,
71,GR6 EXPLODE @UCNUQK9mQoqi4yNXw2_Rj6SA,37.1M,-,,,11.1M,youtube,united-states,False,2024,NA,NA,,
72,Daddy Yankee @UC9TO_oo4c_LrOiKNaY6aysA,37M,-,United States,Music,11.1M,youtube,united-states,False,2024,Music,MAPPED,,Music
73,shfa @UCwHE1kM1CPJd_pI9FQ0-4dg,36.1M,0.1%,United Arab Emirates,,10.8M,youtube,united-states,False,2024,NA,NA,,
74,ช่อง one31 @UC8f7MkX4MFOOJ2SerXLInCA,35.9M,-,Thailand,,10.8M,youtube,united-states,False,2024,NA,NA,,
75,shfa2 - شفا @UCQ7x25F6YXY9DvGeHFxLhRQ,35.6M,-,United Arab Emirates,,10.7M,youtube,united-states,False,2024,NA,NA,,
76,Goldmines Gaane Sune Ansune @UCtW7qWjpCZ8zps-Cf2NF26w,35.6M,-,India,,10.7M,youtube,united-states,False,2024,NA,NA,,
77,TEDx Talks @UCsT0YIqwnpJCM-mx7-gSA4Q,35.5M,-,,,10.7M,youtube,united-states,False,2024,NA,NA,,
78,Ozuna @UCjIA3wwhi0QjSOXAZwOXbPA,35.2M,0.4%,Puerto Rico,Celebrity Music,10.6M,youtube,united-states,False,2024,Music,MAPPED,,Celebrity Music
79,YouTube @youtube.com,35.1M,-,United States,,10.5M,youtube,united-states,False,2024,NA,NA,,
80,Masha and The Bear @UCu59yAFE8fM0sVNTipR4edw,35.1M,-,United States,,10.5M,youtube,united-states,False,2024,NA,NA,,
81,Bruno Mars @UCoUM-UJ7rirJYP8CQ0EIaHA,34.8M,0.2%,,,10.4M,youtube,united-states,False,2024,NA,NA,,
82,Jkk Entertainment @UC5tuYcCdiKuF5Y2ZonuarwA,34.5M,0.2%,,,10.4M,youtube,united-states,False,2024,NA,NA,,
83,Maria Clara & JP @UCKe6w0exI94U-RzqAyoY1VA,33.8M,0.1%,Brazil,,10.1M,youtube,united-states,False,2024,NA,NA,,
84,T-Series Apna Punjab @UCcvNYxWXR_5TjVK7cSCdW-g,33.6M,-,India,,10.1M,youtube,united-states,False,2024,NA,NA,,
85,Total Gaming @UC5c9VlYTSvBSCaoMu_GI6gQ,33.6M,0.2%,India,Video Gaming,10.1M,youtube,united-states,False,2024,Tech&Gaming,MAPPED,,Video Gaming
86,J Balvin @UCt-k6JwNWHMXDBGm9IYHdsg,33.6M,-,Colombia,,10.1M,youtube,united-states,False,2024,NA,NA,,
87,ABP NEWS @UCRWFSbif-RFENbBrSiez1DA,33.5M,-,India,,10.1M,youtube,united-states,False,2024,NA,NA,,
88,VEGETTA777 @UCam8T03EOFBsNdR0thrFHdQ,33.5M,-,,,10.1M,youtube,united-states,False,2024,NA,NA,,
89,Markiplier @UC7_YxT-KID8kRbqZo7MyscQ,33.5M,0.4%,United States,,10.1M,youtube,united-states,False,2024,NA,NA,,
90,Desi Music Factory @UCLtNvbkqea8wN_kGtfgx_Mw,33M,1.8%,India,,9.9M,youtube,united-states,False,2024,NA,NA,,
91,NoCopyrightSounds @UC_aEa8K-EOJ3D6gOs7HcyNg,32.9M,-,United Kingdom,Music,9.9M,youtube,united-states,False,2024,Music,MAPPED,,Music
92,Geet MP3 @UClZF7OsrECe3t_ADrjZEh_Q,32.7M,-,,Music,9.8M,youtube,united-states,False,2024,Music,MAPPED,,Music
93,Ryan's World @UChGJGhZ9SOOHvBB0Y4DOO_w,32.7M,-,,Music,9.8M,youtube,united-states,False,2024,Music,MAPPED,,Music
94,Bollywood Classics @UCRm96I5kmb_iGFofE5N691w,32.7M,-,India,,9.8M,youtube,united-states,False,2024,NA,NA,,
95,Sony PAL @UCw7xjxzbMwgBSmbeYwqYRMg,32.6M,-,,,9.8M,youtube,united-states,False,2024,NA,NA,,
96,Like Nastya ESP @UCpEJRZdSpdVZ8vh63T9I2KQ,32.5M,-,,,9.8M,youtube,united-states,False,2024,NA,NA,,
97,La Granja de Zenón @UCwpcLKMwiuPg4aqImpGk6Ew,32.3M,-,Argentina,,9.7M,youtube,united-states,False,2024,NA,NA,,
98,Alfredo Larin @alfredolarin,32.3M,-,El Salvador,,9.7M,youtube,united-states,False,2024,NA,NA,,
99,Mikecrack @UCqJ5zFEED1hWs0KNQCQuYdQ,32.2M,0.6%,Spain,,9.7M,youtube,united-states,False,2024,NA,NA,,
100,Saregama Music @UC_A7K2dXFsTMAciGmnNxy-Q,32.1M,-,India,,9.6M,youtube,united-states,False,2024,NA,NA,,
1,T-Series @UCq-Fj5jknLsUf-MWSy4_brA,234M,-,India,,70.2M,youtube,uruguay,False,2024,NA,NA,,
2,Cocomelon - Nursery Rhymes @UCbCmjCuTUZos6Inko4u57UQ,144M,-,United States,,43.2M,youtube,uruguay,False,2024,NA,NA,,
3,SET India @UCpEhnqL0y41EpW2TvWAHD7Q,139M,-,India,,41.7M,youtube,uruguay,False,2024,NA,NA,,
4,PewDiePie @UC-lHJZR3Gqxm24_Vd_AJ5Yw,111M,0.1%,United States,,33.3M,youtube,uruguay,False,2024,NA,NA,,
5,MrBeast @UCX6OQ3DkcsbYNE6H8uQQuVA,100M,2.4%,United States,Celebrity Pets,30M,youtube,uruguay,False,2024,Entertainment,MAPPED,,Celebrity Pets
6,Like Nastya @UCJplp5SjeGSdVdwsfb9Q7lQ,97.3M,-,United States,,29.2M,youtube,uruguay,False,2024,NA,NA,,
7,✿ Kids Diana Show @UCk8GzjMOrta8yxDcKfylJYw,94.2M,-,,,28.3M,youtube,uruguay,False,2024,NA,NA,,
8,Zee Music Company @UCFFbwnve3yF62-tVXkTyHqg,91.4M,-,India,,27.4M,youtube,uruguay,False,2024,NA,NA,,
9,WWE @UCJ5v_MCY6GNUBTO8-D3XoAg,91.2M,-,,,27.4M,youtube,uruguay,False,2024,NA,NA,,
10,Vlad and Niki @UCvlE5gTbOvjiolFlEm-c_Ow,84.3M,-,United States,Marketing and Advertising Music,25.3M,youtube,uruguay,False,2024,Knowledge&Info,MAPPED,,Marketing and Advertising Music
11,BLACKPINK @UCOmHUn--16B90oW2L6FRR3A,82M,0.4%,South Korea,,24.6M,youtube,uruguay,False,2024,NA,NA,,
12,Goldmines @UCyoXW-Dse7fURq30EWl_CUA,72M,-,India,,21.6M,youtube,uruguay,False,2024,NA,NA,,
13,Justin Bieber @UCIwFjwMjI0y7PDBVEO9-bkQ,69.7M,-,Canada,,20.9M,youtube,uruguay,False,2024,NA,NA,,
14,Sony SAB @UC6-F5tO8uklgE9Zy8IvbdFw,69.2M,-,India,,20.8M,youtube,uruguay,False,2024,NA,NA,,
15,BANGTANTV @UCLkAepWjdylmXSltofFvsYQ,68.6M,0.5%,,,20.6M,youtube,uruguay,False,2024,NA,NA,,
16,HYBE LABELS @UC3IZKseVpdzPSBaWxBxundA,68.1M,-,South Korea,Celebrity Music,20.4M,youtube,uruguay,False,2024,Music,MAPPED,,Celebrity Music
17,Canal KondZilla @UCffDXn7ycAzwL2LDlbyWOTw,66.3M,-,Brazil,,19.9M,youtube,uruguay,False,2024,NA,NA,,
18,Zee TV @UCppHT7SZKKvar4Oc9J4oljQ,64M,-,India,,19.2M,youtube,uruguay,False,2024,NA,NA,,
19,Shemaroo Filmi Gaane @UCP6uH_XlsxrXwZQ4DlqbqPg,61.1M,-,India,,18.3M,youtube,uruguay,False,2024,NA,NA,,
20,Colors TV @UC55IWqFLDH1Xp7iu1_xknRA,59.2M,-,India,,17.8M,youtube,uruguay,False,2024,NA,NA,,
21,ChuChu TV Nursery Rhymes & Kids Songs @UCBnZ16ahKA2DZ_T5W0FPUXg,58.7M,-,India,,17.6M,youtube,uruguay,False,2024,NA,NA,,
22,Dude Perfect @UCRijo3ddMTht_IHyNSNXpNQ,58.6M,-,United States,,17.6M,youtube,uruguay,False,2024,NA,NA,,
23,Movieclips @UC3gNmTGu-TTbFPpfSs5kNkg,58.5M,-,United States,,17.6M,youtube,uruguay,False,2024,NA,NA,,
24,Pinkfong Baby Shark - Kids' Songs & Stories @UCcdwLMPsaU2ezNSJU1nFoBQ,56.9M,-,,,17.1M,youtube,uruguay,False,2024,NA,NA,,
25,Tips Official @UCJrDMFOdv1I2k8n9oK_V21w,56.5M,-,India,,17M,youtube,uruguay,False,2024,NA,NA,,
26,Marshmello @UCEdvpU2pFRCVqU6yIPyTpMQ,55.8M,-,United States,,16.7M,youtube,uruguay,False,2024,NA,NA,,
27,Wave Music @bhojpuriwave,55.6M,-,India,,16.7M,youtube,uruguay,False,2024,NA,NA,,
28,Sony Music India @UC56gTxNs4f9xZ7Pa2i5xNzg,55.3M,-,India,,16.6M,youtube,uruguay,False,2024,NA,NA,,
29,Aaj Tak @UCt4t-jeY85JegMlZ-E5UWtA,54M,-,India,,16.2M,youtube,uruguay,False,2024,NA,NA,,
30,El Reino Infantil @UCK1i2UviaXLUNrZlAFpw_jA,52.9M,-,,,15.9M,youtube,uruguay,False,2024,NA,NA,,
31,Ed Sheeran @UC0C-w0YjGpqDXGB8IHb662A,52.3M,-,,,15.7M,youtube,uruguay,False,2024,NA,NA,,
32,Ariana Grande @UC9CoOnJkIBMdeijd9qYoT_g,52.2M,-,,,15.7M,youtube,uruguay,False,2024,NA,NA,,
33,EminemMusic @UCfM3zsQsOnfWNUppiycmBuw,51.7M,1%,,,15.5M,youtube,uruguay,False,2024,NA,NA,,
34,T-Series Bhakti Sagar @UCaayLD9i5x4MmIoVZxXSv_g,49.9M,-,,,15M,youtube,uruguay,False,2024,NA,NA,,
35,LooLoo Kids - Nursery Rhymes and Children's Songs @UC4NALVCmcmL5ntpV0thoH6w,49.4M,-,United States,,14.8M,youtube,uruguay,False,2024,NA,NA,,
36,YRF @UCbTLwN10NoCU4WDzLf1JMOA,48.4M,-,India,,14.5M,youtube,uruguay,False,2024,NA,NA,,
37,Taylor Swift @UCqECaJ8Gagnn7YCbPEzWH6g,47.2M,0.4%,,,14.2M,youtube,uruguay,False,2024,NA,NA,,
38,Fernanfloo @fernanfloo,47.1M,-,El Salvador,,14.1M,youtube,uruguay,False,2024,NA,NA,,
39,Infobells - Hindi @UC1ciY6kR3yj3kaKZ6R7ewAg,46.6M,-,India,,14M,youtube,uruguay,False,2024,NA,NA,,
40,Billie Eilish @UCiGm_E4ZwYSHV3bcW1pnSeQ,46.6M,0.7%,United States,,14M,youtube,uruguay,False,2024,NA,NA,,
41,JuegaGerman @UCYiGq8XF7YQD00x7wAd62Zg,46.4M,0.4%,Chile,,13.9M,youtube,uruguay,False,2024,NA,NA,,
42,Badabun @UCYWOjHweP2V-8kGKmmAmQJQ,45.7M,-,Mexico,,13.7M,youtube,uruguay,False,2024,NA,NA,,
43,Felipe Neto @UCV306eHqgo0LvBf3Mh36AHg,44.4M,-,Brazil,,13.3M,youtube,uruguay,False,2024,NA,NA,,
44,Get Movies @UClZkHt2kNIgyrTTPnSQV3SA,44.3M,-,Russia,,13.3M,youtube,uruguay,False,2024,NA,NA,,
45,whinderssonnunes @UC3KQ5GWANYF8lChqjZpXsQw,43.7M,-,,,13.1M,youtube,uruguay,False,2024,NA,NA,,
46,SonyMusicIndiaVEVO @UC3MLnJtqc_phABBriLRhtgQ,43.6M,-,,Music,13.1M,youtube,uruguay,False,2024,Music,MAPPED,,Music
47,BRIGHT SIDE @UC4rlAVgAK0SGk-yTfe48Qpw,43.4M,-,,Fitness News,13M,youtube,uruguay,False,2024,Sports,MAPPED,,Fitness News
48,Katy Perry @UCYvmuw-JtVrTZQ-7Y4kd63Q,43.1M,-,United States,,12.9M,youtube,uruguay,False,2024,NA,NA,,
49,Bad Bunny @UCmBA_wu8xGg1OfOkfW13Q0Q,43.1M,-,Puerto Rico,,12.9M,youtube,uruguay,False,2024,NA,NA,,
50,Você Sabia? @UCj0O6W8yDuLg3iraAXKgCrQ,43M,-,Brazil,,12.9M,youtube,uruguay,False,2024,NA,NA,,
51,Alan Walker @UCJrOtniJ0-NWz37R30urifQ,42.4M,-,Norway,,12.7M,youtube,uruguay,False,2024,NA,NA,,
52,Like Nastya Show @UCS94J1s6-qc8v7btCdS2pNg,41.7M,-,United States,,12.5M,youtube,uruguay,False,2024,NA,NA,,
53,CarryMinati @carryminati,41.6M,9.2%,India,Video Gaming,12.5M,youtube,uruguay,False,2024,Tech&Gaming,MAPPED,,Video Gaming
54,ABS-CBN Entertainment @UCstEtN0pgOmCf02EdXsGChw,41.5M,-,Philippines,,12.5M,youtube,uruguay,False,2024,NA,NA,,
55,Shemaroo @UCF1JIbMUs6uqoZEY1Haw0GQ,41.2M,-,India,Celebrity,12.4M,youtube,uruguay,False,2024,Entertainment,MAPPED,,Celebrity
56,Speed Records @UCOsyDsO5tIt-VZ1iwjdQmew,41.1M,-,India,Music,12.3M,youtube,uruguay,False,2024,Music,MAPPED,,Music
57,elrubiusOMG @UCXazgXDIYyWH-yXLAkcrFxw,40.4M,1.7%,,,12.1M,youtube,uruguay,False,2024,NA,NA,,
58,Little Baby Bum - Nursery Rhymes & Kids Songs @UCKAqou7V9FAWXpZd9xtOg3Q,40M,-,United States,,12M,youtube,uruguay,False,2024,NA,NA,,
59,Voot Kids @UCJg19noZp7-BYIGvypu_cow,39.3M,-,India,,11.8M,youtube,uruguay,False,2024,NA,NA,,
60,Маша и Медведь @UCRv76wLBC73jiP7LX4C3l8Q,39.1M,-,Russia,,11.7M,youtube,uruguay,False,2024,NA,NA,,
61,LUCCAS NETO - LUCCAS TOON @UC_gV70G_Y51LTa3qhu8KiEA,38.6M,-,Brazil,,11.6M,youtube,uruguay,False,2024,NA,NA,,
62,Luisito Comunica @UCECJDeK0MNapZbpaOzxrUPA,38.5M,0.1%,,,11.6M,youtube,uruguay,False,2024,NA,NA,,
63,Ishtar Music @UCWi_65E_L8tQZ34C6wVAlpQ,38.5M,-,India,Music Celebrity,11.6M,youtube,uruguay,False,2024,Music,MAPPED,,Music Celebrity
64,TheEllenShow @UCp0hYYBW6IMayGgR-WeoCvQ,38.3M,-,United States,,11.5M,youtube,uruguay,False,2024,NA,NA,,
65,Toys and Colors @UCgFXm4TI8htWmCyJ6cVPG_A,38.3M,-,United States,,11.5M,youtube,uruguay,False,2024,NA,NA,,
66,Kimberly Loaiza @UCQZfFRohQ7UX-0CdXl-6pwQ,38.1M,0.9%,Mexico,,11.4M,youtube,uruguay,False,2024,NA,NA,,
67,WorkpointOfficial @UC3ZkCd7XtUREnjjt3cyY_gg,38.1M,-,Thailand,,11.4M,youtube,uruguay,False,2024,NA,NA,,
68,XXXTENTACION @UCM9r1xn6s30OnlJWb-jc3Sw,37.8M,0.1%,United States,,11.3M,youtube,uruguay,False,2024,NA,NA,,
69,Super Simple Songs - Kids Songs @UCLsooMJoIpl_7ux2jvdPB-Q,37.3M,-,Canada,Travel,11.2M,youtube,uruguay,False,2024,Lifestyle,MAPPED,,Travel
70,Shakira @UCYLNGLIzMhRTi6ZOLjAPSmw,37.1M,-,,,11.1M,youtube,uruguay,False,2024,NA,NA,,
71,GR6 EXPLODE @UCNUQK9mQoqi4yNXw2_Rj6SA,37.1M,-,,,11.1M,youtube,uruguay,False,2024,NA,NA,,
72,Daddy Yankee @UC9TO_oo4c_LrOiKNaY6aysA,37M,-,United States,Music,11.1M,youtube,uruguay,False,2024,Music,MAPPED,,Music
73,shfa @UCwHE1kM1CPJd_pI9FQ0-4dg,36.1M,0.1%,United Arab Emirates,,10.8M,youtube,uruguay,False,2024,NA,NA,,
74,ช่อง one31 @UC8f7MkX4MFOOJ2SerXLInCA,35.9M,-,Thailand,,10.8M,youtube,uruguay,False,2024,NA,NA,,
75,shfa2 - شفا @UCQ7x25F6YXY9DvGeHFxLhRQ,35.6M,-,United Arab Emirates,,10.7M,youtube,uruguay,False,2024,NA,NA,,
76,Goldmines Gaane Sune Ansune @UCtW7qWjpCZ8zps-Cf2NF26w,35.6M,-,India,,10.7M,youtube,uruguay,False,2024,NA,NA,,
77,TEDx Talks @UCsT0YIqwnpJCM-mx7-gSA4Q,35.5M,-,,,10.7M,youtube,uruguay,False,2024,NA,NA,,
78,Ozuna @UCjIA3wwhi0QjSOXAZwOXbPA,35.2M,0.4%,Puerto Rico,Celebrity Music,10.6M,youtube,uruguay,False,2024,Music,MAPPED,,Celebrity Music
79,YouTube @youtube.com,35.1M,-,United States,,10.5M,youtube,uruguay,False,2024,NA,NA,,
80,Masha and The Bear @UCu59yAFE8fM0sVNTipR4edw,35.1M,-,United States,,10.5M,youtube,uruguay,False,2024,NA,NA,,
81,Bruno Mars @UCoUM-UJ7rirJYP8CQ0EIaHA,34.8M,0.2%,,,10.4M,youtube,uruguay,False,2024,NA,NA,,
82,Jkk Entertainment @UC5tuYcCdiKuF5Y2ZonuarwA,34.5M,0.2%,,,10.4M,youtube,uruguay,False,2024,NA,NA,,
83,Maria Clara & JP @UCKe6w0exI94U-RzqAyoY1VA,33.8M,0.1%,Brazil,,10.1M,youtube,uruguay,False,2024,NA,NA,,
84,T-Series Apna Punjab @UCcvNYxWXR_5TjVK7cSCdW-g,33.6M,-,India,,10.1M,youtube,uruguay,False,2024,NA,NA,,
85,Total Gaming @UC5c9VlYTSvBSCaoMu_GI6gQ,33.6M,0.2%,India,Video Gaming,10.1M,youtube,uruguay,False,2024,Tech&Gaming,MAPPED,,Video Gaming
86,J Balvin @UCt-k6JwNWHMXDBGm9IYHdsg,33.6M,-,Colombia,,10.1M,youtube,uruguay,False,2024,NA,NA,,
87,ABP NEWS @UCRWFSbif-RFENbBrSiez1DA,33.5M,-,India,,10.1M,youtube,uruguay,False,2024,NA,NA,,
88,VEGETTA777 @UCam8T03EOFBsNdR0thrFHdQ,33.5M,-,,,10.1M,youtube,uruguay,False,2024,NA,NA,,
89,Markiplier @UC7_YxT-KID8kRbqZo7MyscQ,33.5M,0.4%,United States,,10.1M,youtube,uruguay,False,2024,NA,NA,,
90,Desi Music Factory @UCLtNvbkqea8wN_kGtfgx_Mw,33M,1.8%,India,,9.9M,youtube,uruguay,False,2024,NA,NA,,
91,NoCopyrightSounds @UC_aEa8K-EOJ3D6gOs7HcyNg,32.9M,-,United Kingdom,Music,9.9M,youtube,uruguay,False,2024,Music,MAPPED,,Music
92,Geet MP3 @UClZF7OsrECe3t_ADrjZEh_Q,32.7M,-,,Music,9.8M,youtube,uruguay,False,2024,Music,MAPPED,,Music
93,Ryan's World @UChGJGhZ9SOOHvBB0Y4DOO_w,32.7M,-,,Music,9.8M,youtube,uruguay,False,2024,Music,MAPPED,,Music
94,Bollywood Classics @UCRm96I5kmb_iGFofE5N691w,32.7M,-,India,,9.8M,youtube,uruguay,False,2024,NA,NA,,
95,Sony PAL @UCw7xjxzbMwgBSmbeYwqYRMg,32.6M,-,,,9.8M,youtube,uruguay,False,2024,NA,NA,,
96,Like Nastya ESP @UCpEJRZdSpdVZ8vh63T9I2KQ,32.5M,-,,,9.8M,youtube,uruguay,False,2024,NA,NA,,
97,La Granja de Zenón @UCwpcLKMwiuPg4aqImpGk6Ew,32.3M,-,Argentina,,9.7M,youtube,uruguay,False,2024,NA,NA,,
98,Alfredo Larin @alfredolarin,32.3M,-,El Salvador,,9.7M,youtube,uruguay,False,2024,NA,NA,,
99,Mikecrack @UCqJ5zFEED1hWs0KNQCQuYdQ,32.2M,0.6%,Spain,,9.7M,youtube,uruguay,False,2024,NA,NA,,
100,Saregama Music @UC_A7K2dXFsTMAciGmnNxy-Q,32.1M,-,India,,9.6M,youtube,uruguay,False,2024,NA,NA,,
