rank,name,followers,er,country,topic_of_influence,potential_reach,_platform,_country,_is_global,_year,category_unified,category_status,id,topic_of_influence_en
1,Ziba Gulley 🥀 @xzayx89,14.5M,0.3%,Afghanistan,Business and Finance,4.4M,tiktok,afghanistan,False,2024,Knowledge&Info,MAPPED,,Business and Finance
2,Bryan Kazaka @bryankazaka,9M,-,Afghanistan,Entertainment and Music Finance Upskilling,2.7M,tiktok,afghanistan,False,2024,Knowledge&Info,MAPPED,,Entertainment and Music Finance Upskilling
3,JasleenKaur Official @jasleenxbeauty,4.1M,-,Afghanistan,Beauty and Self Care Acting and Drama Celebrity,1.2M,tiktok,afghanistan,False,2024,Beauty&Fashion,MAPPED,,Beauty and Self Care Acting and Drama Celebrity
4,Pary Gull Moti @parygullofficial,1.4M,-,Afghanistan,Business and Finance,420K,tiktok,afghanistan,False,2024,Knowledge&Info,MAPPED,,Business and Finance
5,Valentino @baravalentino_,1.3M,-,Afghanistan,,390K,tiktok,afghanistan,False,2024,NA,NA,,
6,QueenofTikTok👸 @mashazlatifiofficial7,1.1M,-,Afghanistan,Fitness,330K,tiktok,afghanistan,False,2024,Sports,MAPPED,,Fitness
7,Mehral Shams @mehral,1.1M,-,Afghanistan,,330K,tiktok,afghanistan,False,2024,NA,NA,,
8,haniyemazariofficial @haniye_mazari_officiall,946.5K,-,Afghanistan,,284K,tiktok,afghanistan,False,2024,NA,NA,,
9,SlayerGirl💕 @x_s.l.a.y.e.r.g.i.r.l_x,928.1K,-,Afghanistan,Beauty,278.4K,tiktok,afghanistan,False,2024,Beauty&Fashion,MAPPED,,Beauty
10,777zvrahfn @777zvrahfn,860.9K,-,Afghanistan,Entertainment and Music,258.3K,tiktok,afghanistan,False,2024,Music,MAPPED,,Entertainment and Music
11,MC RAJI @mcrajiofficial,852.9K,0.1%,Afghanistan,Entertainment and Music Funny Celebrity,255.9K,tiktok,afghanistan,False,2024,Music,MAPPED,,Entertainment and Music Funny Celebrity
12,Soma Zafari @somazafari,813.8K,-,Afghanistan,Travel,244.1K,tiktok,afghanistan,False,2024,Lifestyle,MAPPED,,Travel
13,Andro @andro_121,806.4K,-,Afghanistan,,241.9K,tiktok,afghanistan,False,2024,NA,NA,,
14,Ayesha khan 🇦🇫🇵🇰 @nageen_afghan,806.3K,-,Afghanistan,,241.9K,tiktok,afghanistan,False,2024,NA,NA,,
15,A @arsalannoori07,749.1K,6.6%,Afghanistan,,224.7K,tiktok,afghanistan,False,2024,NA,NA,,
16,『Savage』GIRL❣️ @savage.bye,706.5K,-,Afghanistan,Video Gaming,212K,tiktok,afghanistan,False,2024,Tech&Gaming,MAPPED,,Video Gaming
17,Z E R O @zero.503,706.2K,-,Afghanistan,Video Gaming,211.9K,tiktok,afghanistan,False,2024,Tech&Gaming,MAPPED,,Video Gaming
18,😝Ziarat khan funny😝🙈 @ziaratkhan5050,702.6K,-,Afghanistan,,210.8K,tiktok,afghanistan,False,2024,NA,NA,,
19,Zainab-official @zainabjan2001,674.7K,-,Afghanistan,,202.4K,tiktok,afghanistan,False,2024,NA,NA,,
20,🇦🇫🇹🇷 @shabir_7m,658.8K,-,Afghanistan,,197.6K,tiktok,afghanistan,False,2024,NA,NA,,
21,Ｒ¹丨ＢＯＯＭ @r1.boom,622.2K,0.2%,Afghanistan,,186.7K,tiktok,afghanistan,False,2024,NA,NA,,
22,𝐇𝐚𝐬𝐞𝐞𝐛 𝐊𝐡𝐚𝐧 @thekhan_,584.2K,-,Afghanistan,,175.3K,tiktok,afghanistan,False,2024,NA,NA,,
23,Jeffy Nachapim @jeffynachapim,575.3K,-,Afghanistan,,172.6K,tiktok,afghanistan,False,2024,NA,NA,,
24,Afsana Zeddi @afsanazeddi,558.2K,-,Afghanistan,,167.5K,tiktok,afghanistan,False,2024,NA,NA,,
25,Icxmaria @icxmaria,534.3K,-,Afghanistan,,160.3K,tiktok,afghanistan,False,2024,NA,NA,,
26,Free Fire 🔥 @moe_ff,522.1K,-,Afghanistan,,156.6K,tiktok,afghanistan,False,2024,NA,NA,,
27,¹Ｏp・MARYAM 👸🏻🇦🇫 @official_maryam,521.9K,-,Afghanistan,,156.6K,tiktok,afghanistan,False,2024,NA,NA,,
28,Siyad Abdali @siyad998,516.3K,-,Afghanistan,Nature,154.9K,tiktok,afghanistan,False,2024,Lifestyle,MAPPED,,Nature
29,Habari_Njema @habari_njema,513.4K,0.2%,Afghanistan,Entertainment and Music Education,154K,tiktok,afghanistan,False,2024,Knowledge&Info,MAPPED,,Entertainment and Music Education
30,menokakar @menokakar,505K,-,Afghanistan,,151.5K,tiktok,afghanistan,False,2024,NA,NA,,
31,Sami Sadat @sami_sadat,490.2K,-,Afghanistan,,147.1K,tiktok,afghanistan,False,2024,NA,NA,,
32,Aimal Habibi @aimalhabibi01,486.6K,-,Afghanistan,,146K,tiktok,afghanistan,False,2024,NA,NA,,
33,🔥Jan Nawid🔥 @nawidsamadi_07,484.7K,-,Afghanistan,Games,145.4K,tiktok,afghanistan,False,2024,Tech&Gaming,MAPPED,,Games
34,96 | B L A C K @96black1,481.7K,-,Afghanistan,Video Gaming,144.5K,tiktok,afghanistan,False,2024,Tech&Gaming,MAPPED,,Video Gaming
35,theshaniproject @theshaniproject,477.9K,-,Afghanistan,Education,143.4K,tiktok,afghanistan,False,2024,Knowledge&Info,MAPPED,,Education
36,khushal_jan @khushal_jan28,476.9K,-,Afghanistan,,143.1K,tiktok,afghanistan,False,2024,NA,NA,,
37,Yassna @anarkali_08,474.3K,-,Afghanistan,,142.3K,tiktok,afghanistan,False,2024,NA,NA,,
38,Abid Mahmood Khogyanai @abidmahmoodkhogya,460.1K,-,Afghanistan,Food Nature,138K,tiktok,afghanistan,False,2024,Lifestyle,MAPPED,,Food Nature
39,🅗🅐🅚🅘🅜🅘 @_shamshakimi,449.3K,-,Afghanistan,,134.8K,tiktok,afghanistan,False,2024,NA,NA,,
40,❦︎🅒︎🅡︎🅘︎🅖︎🅔︎ 🅜︎🅐︎🅝︎❦︎ @gamergalaxyskin009_yt,444.7K,-,Afghanistan,,133.4K,tiktok,afghanistan,False,2024,NA,NA,,
41,♥️🤤 @sonasadat,440K,0.1%,Afghanistan,,132K,tiktok,afghanistan,False,2024,NA,NA,,
42,Rahmanullah 21 @rahmanullahgurbaz31,437.1K,-,Afghanistan,,131.1K,tiktok,afghanistan,False,2024,NA,NA,,
43,🇦🇫👑Salman Helmandai 👑🇦🇫 @ismailshahjeweller,435.7K,-,Afghanistan,,130.7K,tiktok,afghanistan,False,2024,NA,NA,,
44,❤️Javed Afghan❤️ @javedafghanshinwari,433.4K,-,Afghanistan,,130K,tiktok,afghanistan,False,2024,NA,NA,,
45,IM AFGHANISTAN FAMILY PIOLT @niloofar_rahmani,417.8K,-,Afghanistan,family,125.3K,tiktok,afghanistan,False,2024,Lifestyle,MAPPED,,family
46,Rukhsar Achakzai @rukhsar_x0o,416.7K,-,Afghanistan,Funny,125K,tiktok,afghanistan,False,2024,Entertainment,MAPPED,,Funny
47,Massud Shirzad @massud.shirzad,416.2K,-,Afghanistan,,124.9K,tiktok,afghanistan,False,2024,NA,NA,,
48,🧿مرواری هوتک🧿افغانی مور🇦🇫 @marwari_hotak,405.4K,-,Afghanistan,,121.6K,tiktok,afghanistan,False,2024,NA,NA,,
49,Latifa Azizi @latifaazizi404,403.4K,-,Afghanistan,,121K,tiktok,afghanistan,False,2024,NA,NA,,
50,official_hafsaidris4 @hafsaidris4,391.4K,-,Afghanistan,Entertainment and Music,117.4K,tiktok,afghanistan,False,2024,Music,MAPPED,,Entertainment and Music
51,🥀فیضو_مندوخیل🥀 @malang_weror,390.9K,-,Afghanistan,,117.3K,tiktok,afghanistan,False,2024,NA,NA,,
52,✨⚡️Shinwari ⚡️✨ @pekhawari_laila,388.9K,-,Afghanistan,,116.7K,tiktok,afghanistan,False,2024,NA,NA,,
53,hazratullah Zazai 3 @hazratullah_zazai33333,379.1K,-,Afghanistan,Sports,113.7K,tiktok,afghanistan,False,2024,Sports,MAPPED,,Sports
54,👑 Įᒪ¥𝐀ş💙ｋ𝐡 @ilyas_khan41,376.9K,-,Afghanistan,,113.1K,tiktok,afghanistan,False,2024,NA,NA,,
55,majidkha991 @majidkpk991,371.8K,-,Afghanistan,,111.5K,tiktok,afghanistan,False,2024,NA,NA,,
56,Mr. 🇦🇫🐅 @rahilreehanofficial,368.9K,-,Afghanistan,,110.7K,tiktok,afghanistan,False,2024,NA,NA,,
57,Sultana2 @sultanalove2,367.9K,0.3%,Afghanistan,,110.4K,tiktok,afghanistan,False,2024,NA,NA,,
58,user8902640896943 @altaf.mokhlis123,355.2K,0.1%,Afghanistan,,106.6K,tiktok,afghanistan,False,2024,NA,NA,,
59,Pathan @suliman_kaka,354K,-,Afghanistan,,106.2K,tiktok,afghanistan,False,2024,NA,NA,,
60,Ada qaderi 007 @ada.qaderi007,345.6K,-,Afghanistan,,103.7K,tiktok,afghanistan,False,2024,NA,NA,,
61,Ziba hamidi @ziba.hamidiofficial,340.2K,-,Afghanistan,,102.1K,tiktok,afghanistan,False,2024,NA,NA,,
62,🖤ツلـونـګـيـن🇦🇫🥀 @mr_lawangen,338.3K,-,Afghanistan,,101.5K,tiktok,afghanistan,False,2024,NA,NA,,
63,Sana faisal 🇦🇫 @sana_faisal_official1,337.6K,-,Afghanistan,,101.3K,tiktok,afghanistan,False,2024,NA,NA,,
64,Neyaz Mohseni 🥇 @neyazmohseni,330.8K,-,Afghanistan,Celebrity Medical Health Music,99.2K,tiktok,afghanistan,False,2024,Knowledge&Info,MAPPED,,Celebrity Medical Health Music
65,S I K A N D A R©️ سکندر نجیب @sikandar.najib7,330.1K,-,Afghanistan,Entertainment and Music Upskilling,99K,tiktok,afghanistan,False,2024,Knowledge&Info,MAPPED,,Entertainment and Music Upskilling
66,chief 💫 @officiallchief,325.1K,0.5%,Afghanistan,Entertainment and Music,97.5K,tiktok,afghanistan,False,2024,Music,MAPPED,,Entertainment and Music
67,ROOHULLAH @roohullah_tareen,322.8K,-,Afghanistan,,96.8K,tiktok,afghanistan,False,2024,NA,NA,,
68,user243360 @mohammad78123,322.3K,-,Afghanistan,,96.7K,tiktok,afghanistan,False,2024,NA,NA,,
69,🍁🅼🅰🆀🆂🅾🅾🅳 🅳🅰🆆🅰🆁 🍁 @maqsood_dawar,320.2K,-,Afghanistan,,96.1K,tiktok,afghanistan,False,2024,NA,NA,,
70,𝖘𝖍𝖚𝖍𝖆𝖎𝖑𝖆🇦🇫🇵🇭 @shuhailasayedsultan0,320.1K,-,Afghanistan,,96K,tiktok,afghanistan,False,2024,NA,NA,,
71,RTG_ شيخ @rtg_shikh,307.3K,-,Afghanistan,,92.2K,tiktok,afghanistan,False,2024,NA,NA,,
72,دختر اسلام @dokhtar_islam,305.9K,-,Afghanistan,,91.8K,tiktok,afghanistan,False,2024,NA,NA,,
73,Hejro To @hejro_afghan75,304.4K,-,Afghanistan,,91.3K,tiktok,afghanistan,False,2024,NA,NA,,
74,Ataulahafghan☝️🇦🇫 @ataualahafghan1,303.8K,-,Afghanistan,,91.1K,tiktok,afghanistan,False,2024,NA,NA,,
75,Abadullah Niazi @abadullah_niazi,296.6K,-,Afghanistan,,89K,tiktok,afghanistan,False,2024,NA,NA,,
76,naz @nazfarzana24,295.2K,-,Afghanistan,,88.6K,tiktok,afghanistan,False,2024,NA,NA,,
77,Masoodgorwan @masoodgorwan143,293.9K,-,Afghanistan,Acting and Drama Celebrity,88.2K,tiktok,afghanistan,False,2024,Entertainment,MAPPED,,Acting and Drama Celebrity
78,Masoma Hosseini @_elena_203,290.8K,-,Afghanistan,,87.2K,tiktok,afghanistan,False,2024,NA,NA,,
79,KHALID SHERZAD @khalid_sherzad,286.7K,0.4%,Afghanistan,Funny,86K,tiktok,afghanistan,False,2024,Entertainment,MAPPED,,Funny
80,Sorosh Haidari @sorosh_001,285.7K,-,Afghanistan,,85.7K,tiktok,afghanistan,False,2024,NA,NA,,
81,🇦🇫⛤AFG⛤🇦🇫 @ahmet__jam,285.3K,-,Afghanistan,,85.6K,tiktok,afghanistan,False,2024,NA,NA,,
82,Azami Family @iqbalazami,283.5K,-,Afghanistan,,85.1K,tiktok,afghanistan,False,2024,NA,NA,,
83,Azaria Afghan 🇦🇫 @azariaafghan,283.4K,-,Afghanistan,Pets,85K,tiktok,afghanistan,False,2024,Lifestyle,MAPPED,,Pets
84,عصمت پاچا @asmat.pacha,280.7K,-,Afghanistan,,84.2K,tiktok,afghanistan,False,2024,NA,NA,,
85,MIKAELA @mikyneazesilva,280K,-,Afghanistan,,84K,tiktok,afghanistan,False,2024,NA,NA,,
86,Edrees Sharifi @edreessharifi,276K,0.3%,Afghanistan,Video Gaming,82.8K,tiktok,afghanistan,False,2024,Tech&Gaming,MAPPED,,Video Gaming
87,Ubaidmalikbhai @ubaidmalikbhai,273.9K,-,Afghanistan,,82.2K,tiktok,afghanistan,False,2024,NA,NA,,
88,Ayaan @ayaan_ahb,273.4K,-,Afghanistan,,82K,tiktok,afghanistan,False,2024,NA,NA,,
89,Ali Khan ahmadzai @ali_ahmadzai90,267.6K,-,Afghanistan,,80.3K,tiktok,afghanistan,False,2024,NA,NA,,
90,5 Star @5_star1,265.8K,-,Afghanistan,Video Gaming,79.7K,tiktok,afghanistan,False,2024,Tech&Gaming,MAPPED,,Video Gaming
91,Shenkhalai @shenkhalai45,265K,-,Afghanistan,,79.5K,tiktok,afghanistan,False,2024,NA,NA,,
92,Masoud Rostami ✅ @masoud.rostami,263.2K,-,Afghanistan,,79K,tiktok,afghanistan,False,2024,NA,NA,,
93,Afsar Afghan @afsar_afghan8,261.2K,-,Afghanistan,,78.4K,tiktok,afghanistan,False,2024,NA,NA,,
94,rehman khan <<<<” @rk_khan75,259.6K,-,Afghanistan,,77.9K,tiktok,afghanistan,False,2024,NA,NA,,
95,🔥𝙈𝘼𝙇𝘼𝙉𝙂 𝙈𝘼𝙍𝘿𝘼𝙉🔥 @mansoormalang83,259K,-,Afghanistan,,77.7K,tiktok,afghanistan,False,2024,NA,NA,,
96,Zafar Jamıl @zafar.babak,259K,-,Afghanistan,,77.7K,tiktok,afghanistan,False,2024,NA,NA,,
97,🔥Nawid Faizi🔥 @nawid.faizi,258.7K,-,Afghanistan,Fitness,77.6K,tiktok,afghanistan,False,2024,Sports,MAPPED,,Fitness
98,Trgsafi @trgsafi,254.8K,-,Afghanistan,Video Gaming,76.4K,tiktok,afghanistan,False,2024,Tech&Gaming,MAPPED,,Video Gaming
99,user6292984813953 @shaz_nawabi1,253.9K,0.1%,Afghanistan,Funny,76.2K,tiktok,afghanistan,False,2024,Entertainment,MAPPED,,Funny
100,Freshta Alimi @freshta.alimi,253K,0.1%,Afghanistan,,75.9K,tiktok,afghanistan,False,2024,NA,NA,,
1,Khabane lame ,161.9M,0.2%,Italy,Funny Entertainment and Music,48.6M,tiktok,aland-islands,False,2024,Music,MAPPED,khaby.lame,Funny Entertainment and Music
2,Bella Poarch ,92.6M,0.8%,United States,,27.8M,tiktok,aland-islands,False,2024,NA,NA,bellapoarch,
3,Addison Rae ,88.5M,1%,United States,Beauty and Self Care,26.6M,tiktok,aland-islands,False,2024,Beauty&Fashion,MAPPED,addisonre,Beauty and Self Care
4,MrBeast ,85.4M,4%,,Entertainment and Music,25.6M,tiktok,aland-islands,False,2024,Music,MAPPED,mrbeast,Entertainment and Music
5,Zach King ,78.1M,2.9%,United States,Entertainment and Music,23.4M,tiktok,aland-islands,False,2024,Music,MAPPED,zachking,Entertainment and Music
6,Kimberly Loaiza ,76.1M,1.6%,Mexico,,22.8M,tiktok,aland-islands,False,2024,NA,NA,kimberly.loaiza,
7,The Rock ,74.2M,0.9%,United States,Entertainment and Music Fitness and Health Business and Finance,22.3M,tiktok,aland-islands,False,2024,Sports,MAPPED,therock,Entertainment and Music Fitness and Health Business and Finance
8,Will Smith ,74.1M,0.7%,United States,,22.2M,tiktok,aland-islands,False,2024,NA,NA,willsmith,
9,cznburak ,72M,0.2%,,,21.6M,tiktok,aland-islands,False,2024,NA,NA,cznburak,
10,Jason Derulo ,58.9M,0.4%,United States,Entertainment and Music,17.7M,tiktok,aland-islands,False,2024,Music,MAPPED,jasonderulo,Entertainment and Music
11,Kylie Jenner ,56M,3.2%,United States,Beauty and Self Care Fashion and Accessories,16.8M,tiktok,aland-islands,False,2024,Beauty&Fashion,MAPPED,kyliejenner,Beauty and Self Care Fashion and Accessories
12,Karol G ,51.9M,3.8%,Colombia,Entertainment and Music,15.6M,tiktok,aland-islands,False,2024,Music,MAPPED,karolg,Entertainment and Music
13,Michael Le ,51.4M,-,Vietnam,,15.4M,tiktok,aland-islands,False,2024,NA,NA,justmaiko,
14,BTS ,51M,1%,,Entertainment and Music,15.3M,tiktok,aland-islands,False,2024,Music,MAPPED,bts_official_bighit,Entertainment and Music
15,BILLIE EILISH ,51M,-,,,15.3M,tiktok,aland-islands,False,2024,NA,NA,billieeilish,
16,JoJo Siwa ,45.6M,0.3%,United States,Entertainment and Music,13.7M,tiktok,aland-islands,False,2024,Music,MAPPED,itsjojosiwa,Entertainment and Music
17,ESPN ,44M,-,,Entertainment and Music,13.2M,tiktok,aland-islands,False,2024,Music,MAPPED,espn,Entertainment and Music
18,Junya/じゅんや ,42.8M,-,,,12.8M,tiktok,aland-islands,False,2024,NA,NA,junya1gou,
19,ХОМЯК ,42.1M,-,,Fashion and Accessories,12.6M,tiktok,aland-islands,False,2024,Beauty&Fashion,MAPPED,homm9k,Fashion and Accessories
20,XO Team ,41.4M,-,,Entertainment and Music,12.4M,tiktok,aland-islands,False,2024,Music,MAPPED,xoteam,Entertainment and Music
21,ROD🫠 ,41.1M,-,,Entertainment and Music,12.3M,tiktok,aland-islands,False,2024,Music,MAPPED,elrodcontreras,Entertainment and Music
22,Joe ,40.8M,-,,family Entertainment and Music,12.2M,tiktok,aland-islands,False,2024,Music,MAPPED,joealbanese,family Entertainment and Music
23,Gordon Ramsay ,40M,1.1%,United Kingdom,Food,12M,tiktok,aland-islands,False,2024,Lifestyle,MAPPED,gordonramsayofficial,Food
24,Carlos Feria ,39.2M,-,,,11.8M,tiktok,aland-islands,False,2024,NA,NA,carlosferiag,
25,ondy mikula ,38.8M,-,,,11.6M,tiktok,aland-islands,False,2024,NA,NA,ondymikula,
26,Scott 🔥 ,38.4M,0.2%,,Entertainment and Music,11.5M,tiktok,aland-islands,False,2024,Music,MAPPED,scottsreality,Entertainment and Music
27,Shakira ,38.2M,2%,,,11.5M,tiktok,aland-islands,False,2024,NA,NA,shakira,
28,Barstool Sports ,36.9M,0.1%,United States,Entertainment and Music Sports,11.1M,tiktok,aland-islands,False,2024,Sports,MAPPED,barstoolsports,Entertainment and Music Sports
29,James Charles ,36.2M,-,United States,Beauty and Self Care Arts and Crafts,10.9M,tiktok,aland-islands,False,2024,Beauty&Fashion,MAPPED,jamescharles,Beauty and Self Care Arts and Crafts
30,kyle thomas 🌿 ,35.4M,0.1%,,,10.6M,tiktok,aland-islands,False,2024,NA,NA,kylethomas,
31,Q Park ,35.2M,-,,,10.6M,tiktok,aland-islands,False,2024,NA,NA,qpark,
32,GIL CROES ,35.1M,-,,Entertainment and Music,10.5M,tiktok,aland-islands,False,2024,Music,MAPPED,gilmhercroes,Entertainment and Music
33,Kevin Hart ,34.8M,1.7%,United States,Entertainment and Music,10.4M,tiktok,aland-islands,False,2024,Music,MAPPED,imkevinhart,Entertainment and Music
34,Kirya Kolesnikov ,34.7M,-,,Entertainment and Music Funny,10.4M,tiktok,aland-islands,False,2024,Music,MAPPED,thekiryalife,Entertainment and Music Funny
35,arianagrande ,34.4M,-,,Entertainment and Music,10.3M,tiktok,aland-islands,False,2024,Music,MAPPED,arianagrande,Entertainment and Music
36,Pongámoslo a Prueba ,34.2M,-,,,10.3M,tiktok,aland-islands,False,2024,NA,NA,pongamoslo_a_prueba,
37,ThatLittlePuff ,33.5M,0.6%,,Pets,10.1M,tiktok,aland-islands,False,2024,Lifestyle,MAPPED,thatlittlepuff,Pets
38,Montpantoja ,33.3M,-,,,10M,tiktok,aland-islands,False,2024,NA,NA,montpantoja,
39,Devon Rodriguez ,32.1M,0.2%,United States,Arts and Crafts Education Upskilling,9.6M,tiktok,aland-islands,False,2024,Knowledge&Info,MAPPED,devonrodriguezart,Arts and Crafts Education Upskilling
40,Bad Bunny ,31.8M,18.4%,Puerto Rico,,9.5M,tiktok,aland-islands,False,2024,NA,NA,badbunny,
41,Brooke Monk ,31.7M,2.1%,United States,Entertainment and Music Funny,9.5M,tiktok,aland-islands,False,2024,Music,MAPPED,brookemonk_,Entertainment and Music Funny
42,Indi skovar ,31.6M,0.4%,,Entertainment and Music,9.5M,tiktok,aland-islands,False,2024,Music,MAPPED,indiskovar3.0,Entertainment and Music
43,Lele Pons ,31.5M,0.9%,United States,,9.5M,tiktok,aland-islands,False,2024,NA,NA,lelepons,
44,Stokes Twins ,31.2M,-,United States,Entertainment and Music,9.4M,tiktok,aland-islands,False,2024,Music,MAPPED,stokestwins,Entertainment and Music
45,Kira Kosarin ,31.1M,0.7%,,Entertainment and Music,9.3M,tiktok,aland-islands,False,2024,Music,MAPPED,kirakosarin,Entertainment and Music
46,La Rosalia ,30.9M,-,Spain,,9.3M,tiktok,aland-islands,False,2024,NA,NA,rosalia,
47,Alejandro Nieto ,30.4M,-,Colombia,,9.1M,tiktok,aland-islands,False,2024,NA,NA,soybans,
48,Michel Chavez ,30.2M,-,Mexico,,9.1M,tiktok,aland-islands,False,2024,NA,NA,its.michhh,
49,Liza Koshy ,30.2M,-,United States,,9.1M,tiktok,aland-islands,False,2024,NA,NA,lizzza,
50,beca ,29.2M,1%,Brazil,Travel,8.8M,tiktok,aland-islands,False,2024,Lifestyle,MAPPED,beca,Travel
51,Topper Guild ,29M,-,United States,Entertainment and Music Celebrity,8.7M,tiktok,aland-islands,False,2024,Music,MAPPED,topperguild,Entertainment and Music Celebrity
52,Ignacia Antonia👑 ,28.2M,-,Chile,Beauty and Self Care,8.5M,tiktok,aland-islands,False,2024,Beauty&Fashion,MAPPED,ignaciaa_antonia,Beauty and Self Care
53,Camilo ,28M,-,,Entertainment and Music,8.4M,tiktok,aland-islands,False,2024,Music,MAPPED,camilo,Entertainment and Music
54,Daniel Ibarra ,27.6M,-,,Entertainment and Music,8.3M,tiktok,aland-islands,False,2024,Music,MAPPED,juandaniel.ibarra,Entertainment and Music
55,시아지우 sia_jiwoo ,27.5M,0.2%,South Korea,,8.3M,tiktok,aland-islands,False,2024,NA,NA,sia_jiwoo,
56,Lexi Rivera ,27.1M,4.5%,,,8.1M,tiktok,aland-islands,False,2024,NA,NA,lexibrookerivera,
57,KEEMOKAZI ,27M,-,,Entertainment and Music,8.1M,tiktok,aland-islands,False,2024,Music,MAPPED,keemokazi,Entertainment and Music
58,psg ,26.7M,-,,Sports,8M,tiktok,aland-islands,False,2024,Sports,MAPPED,psg,Sports
59,JeisonGiraldo ,26.3M,-,,family Romance and Wedding,7.9M,tiktok,aland-islands,False,2024,Beauty&Fashion,MAPPED,jeison_giraldo,family Romance and Wedding
60,JeanCarlo Leon ,26.3M,-,,,7.9M,tiktok,aland-islands,False,2024,NA,NA,jashlem,
61,Jimena ,26.1M,1.2%,,Funny,7.8M,tiktok,aland-islands,False,2024,Entertainment,MAPPED,jimena.jimenezr,Funny
62,Doja Cat ,26M,0.1%,United States,Entertainment and Music,7.8M,tiktok,aland-islands,False,2024,Music,MAPPED,dojacat,Entertainment and Music
63,Bader Al Safar ,26M,-,Kuwait,Fashion and Accessories,7.8M,tiktok,aland-islands,False,2024,Beauty&Fashion,MAPPED,baderalsafar,Fashion and Accessories
64,DAVID DOBRIK ,26M,-,United States,Entertainment and Music Funny,7.8M,tiktok,aland-islands,False,2024,Music,MAPPED,daviddobrik,Entertainment and Music Funny
65,LARRAY ,25.9M,-,,Entertainment and Music,7.8M,tiktok,aland-islands,False,2024,Music,MAPPED,larrayeeee,Entertainment and Music
66,Era Ays ,25.9M,-,,,7.8M,tiktok,aland-islands,False,2024,NA,NA,era_ays,
67,Karla Bustillos ❤️ ,25.7M,0.1%,,,7.7M,tiktok,aland-islands,False,2024,NA,NA,karla.bustillos,
68,BORREGO ,25.7M,4.6%,,,7.7M,tiktok,aland-islands,False,2024,NA,NA,lagranjadelborrego,
69,Arnaldo Mangini ,25.4M,-,,Beauty and Self Care Funny,7.6M,tiktok,aland-islands,False,2024,Beauty&Fashion,MAPPED,arnaldomangini,Beauty and Self Care Funny
70,Jaykindafunny ,25.4M,-,,Funny,7.6M,tiktok,aland-islands,False,2024,Entertainment,MAPPED,jaykindafunny8,Funny
71,Malu Trevejo ,25.2M,-,,,7.6M,tiktok,aland-islands,False,2024,NA,NA,malutrevejo,
72,AriGameplays ,25.1M,1%,,Games,7.5M,tiktok,aland-islands,False,2024,Tech&Gaming,MAPPED,arigameplays,Games
73,Dina ,24.9M,0.6%,,,7.5M,tiktok,aland-islands,False,2024,NA,NA,dina,
74,DonaldDucc 🦆 ,24.7M,-,,Animals,7.4M,tiktok,aland-islands,False,2024,Lifestyle,MAPPED,donaldducc,Animals
75,adrilatinatv ,24.5M,-,,,7.4M,tiktok,aland-islands,False,2024,NA,NA,adrilatinatv,
76,Victor Melo ,24.5M,-,,,7.4M,tiktok,aland-islands,False,2024,NA,NA,victormelo,
77,Chingu Amiga ,24.1M,-,,Food Beauty and Self Care,7.2M,tiktok,aland-islands,False,2024,Beauty&Fashion,MAPPED,chinguamiga,Food Beauty and Self Care
78,The Mannii Show ,24M,0.8%,,Entertainment and Music Funny,7.2M,tiktok,aland-islands,False,2024,Music,MAPPED,the_mannii,Entertainment and Music Funny
79,Terry Crews ,23.9M,0.4%,United States,Entertainment and Music Celebrity,7.2M,tiktok,aland-islands,False,2024,Music,MAPPED,terrycrews,Entertainment and Music Celebrity
80,Jacob Sartorius ,23.7M,-,United States,Entertainment and Music,7.1M,tiktok,aland-islands,False,2024,Music,MAPPED,jacobsartorius,Entertainment and Music
81,Luara ,23.6M,0.6%,,,7.1M,tiktok,aland-islands,False,2024,NA,NA,luara,
82,Nicolle Figueroa ,23.4M,5.1%,,,7M,tiktok,aland-islands,False,2024,NA,NA,nicollefigueroaa,
83,Ryan Reynolds ,22.9M,8.5%,Canada,,6.9M,tiktok,aland-islands,False,2024,NA,NA,vancityreynolds,
84,Lauren Godwin ,22.6M,0.3%,United States,Entertainment and Music family,6.8M,tiktok,aland-islands,False,2024,Music,MAPPED,laurengodwin,Entertainment and Music family
85,mingweirocks ,22.5M,-,,,6.8M,tiktok,aland-islands,False,2024,NA,NA,mingweirocks,
86,Cardi B ,22.4M,8%,,,6.7M,tiktok,aland-islands,False,2024,NA,NA,iamcardib,
87,Latiktokeuse869 ,22.2M,-,,Funny Entertainment and Music,6.7M,tiktok,aland-islands,False,2024,Music,MAPPED,latiktokeuse869,Funny Entertainment and Music
88,Mackenzie Ziegler ,22.1M,-,,,6.6M,tiktok,aland-islands,False,2024,NA,NA,mackenzieziegler,
89,Lance Stewart ,22.1M,-,United States,Entertainment and Music,6.6M,tiktok,aland-islands,False,2024,Music,MAPPED,lance210,Entertainment and Music
90,Anitta ,22.1M,0.8%,,,6.6M,tiktok,aland-islands,False,2024,NA,NA,anitta,
91,Marrkadams ,22.1M,-,,,6.6M,tiktok,aland-islands,False,2024,NA,NA,marrkadams,
92,ROMINA ,22M,0.2%,United States,Entertainment and Music,6.6M,tiktok,aland-islands,False,2024,Music,MAPPED,rominagafur,Entertainment and Music
93,창하CHANGHA ,22M,-,,,6.6M,tiktok,aland-islands,False,2024,NA,NA,chang._.a,
94,josi ,21.9M,-,,Funny,6.6M,tiktok,aland-islands,False,2024,Entertainment,MAPPED,jmartineze_,Funny
95,Caín Guzmán ,21.9M,-,,Entertainment and Music,6.6M,tiktok,aland-islands,False,2024,Music,MAPPED,cainguzman,Entertainment and Music
96,Bryce Hall ,21.5M,-,United States,Entertainment and Music,6.5M,tiktok,aland-islands,False,2024,Music,MAPPED,brycehall,Entertainment and Music
97,온오빠 On Oppa ,21.5M,-,,Entertainment and Music,6.5M,tiktok,aland-islands,False,2024,Music,MAPPED,korea.on,Entertainment and Music
98,Seany ,21.3M,-,,,6.4M,tiktok,aland-islands,False,2024,NA,NA,seandoesmagic,
99,Pk ,21.3M,2.6%,,,6.4M,tiktok,aland-islands,False,2024,NA,NA,pkllipe,
100,The Hype House ,21.1M,-,,Entertainment and Music,6.3M,tiktok,aland-islands,False,2024,Music,MAPPED,thehypehouse,Entertainment and Music
1,Khabane lame @khaby.lame,161.9M,0.2%,Italy,Funny Entertainment and Music,48.6M,tiktok,all-countries,True,2024,Music,MAPPED,,Funny Entertainment and Music
2,Bella Poarch @bellapoarch,92.6M,0.8%,United States,,27.8M,tiktok,all-countries,True,2024,NA,NA,,
3,Addison Rae @addisonre,88.5M,1%,United States,Beauty and Self Care,26.6M,tiktok,all-countries,True,2024,Beauty&Fashion,MAPPED,,Beauty and Self Care
4,MrBeast @mrbeast,85.4M,4%,,Entertainment and Music,25.6M,tiktok,all-countries,True,2024,Music,MAPPED,,Entertainment and Music
5,Zach King @zachking,78.1M,2.9%,United States,Entertainment and Music,23.4M,tiktok,all-countries,True,2024,Music,MAPPED,,Entertainment and Music
6,Kimberly Loaiza @kimberly.loaiza,76.1M,1.6%,Mexico,,22.8M,tiktok,all-countries,True,2024,NA,NA,,
7,The Rock @therock,74.2M,0.9%,United States,Entertainment and Music Fitness and Health Business and Finance,22.3M,tiktok,all-countries,True,2024,Sports,MAPPED,,Entertainment and Music Fitness and Health Business and Finance
8,Will Smith @willsmith,74.1M,0.7%,United States,,22.2M,tiktok,all-countries,True,2024,NA,NA,,
9,cznburak @cznburak,72M,0.2%,,,21.6M,tiktok,all-countries,True,2024,NA,NA,,
10,Jason Derulo @jasonderulo,58.9M,0.4%,United States,Entertainment and Music,17.7M,tiktok,all-countries,True,2024,Music,MAPPED,,Entertainment and Music
11,Kylie Jenner @kyliejenner,56M,3.2%,United States,Beauty and Self Care Fashion and Accessories,16.8M,tiktok,all-countries,True,2024,Beauty&Fashion,MAPPED,,Beauty and Self Care Fashion and Accessories
12,Karol G @karolg,51.9M,3.8%,Colombia,Entertainment and Music,15.6M,tiktok,all-countries,True,2024,Music,MAPPED,,Entertainment and Music
13,Michael Le @justmaiko,51.4M,-,Vietnam,,15.4M,tiktok,all-countries,True,2024,NA,NA,,
14,BTS @bts_official_bighit,51M,1%,,Entertainment and Music,15.3M,tiktok,all-countries,True,2024,Music,MAPPED,,Entertainment and Music
15,BILLIE EILISH @billieeilish,51M,-,,,15.3M,tiktok,all-countries,True,2024,NA,NA,,
16,JoJo Siwa @itsjojosiwa,45.6M,0.3%,United States,Entertainment and Music,13.7M,tiktok,all-countries,True,2024,Music,MAPPED,,Entertainment and Music
17,ESPN @espn,44M,-,,Entertainment and Music,13.2M,tiktok,all-countries,True,2024,Music,MAPPED,,Entertainment and Music
18,Junya/じゅんや @junya1gou,42.8M,-,,,12.8M,tiktok,all-countries,True,2024,NA,NA,,
19,ХОМЯК @homm9k,42.1M,-,,Fashion and Accessories,12.6M,tiktok,all-countries,True,2024,Beauty&Fashion,MAPPED,,Fashion and Accessories
20,XO Team @xoteam,41.4M,-,,Entertainment and Music,12.4M,tiktok,all-countries,True,2024,Music,MAPPED,,Entertainment and Music
21,ROD🫠 @elrodcontreras,41.1M,-,,Entertainment and Music,12.3M,tiktok,all-countries,True,2024,Music,MAPPED,,Entertainment and Music
22,Joe @joealbanese,40.8M,-,,family Entertainment and Music,12.2M,tiktok,all-countries,True,2024,Music,MAPPED,,family Entertainment and Music
23,Gordon Ramsay @gordonramsayofficial,40M,1.1%,United Kingdom,Food,12M,tiktok,all-countries,True,2024,Lifestyle,MAPPED,,Food
24,Carlos Feria @carlosferiag,39.2M,-,,,11.8M,tiktok,all-countries,True,2024,NA,NA,,
25,ondy mikula @ondymikula,38.8M,-,,,11.6M,tiktok,all-countries,True,2024,NA,NA,,
26,Scott 🔥 @scottsreality,38.4M,0.2%,,Entertainment and Music,11.5M,tiktok,all-countries,True,2024,Music,MAPPED,,Entertainment and Music
27,Shakira @shakira,38.2M,2%,,,11.5M,tiktok,all-countries,True,2024,NA,NA,,
28,Barstool Sports @barstoolsports,36.9M,0.1%,United States,Entertainment and Music Sports,11.1M,tiktok,all-countries,True,2024,Sports,MAPPED,,Entertainment and Music Sports
29,James Charles @jamescharles,36.2M,-,United States,Beauty and Self Care Arts and Crafts,10.9M,tiktok,all-countries,True,2024,Beauty&Fashion,MAPPED,,Beauty and Self Care Arts and Crafts
30,kyle thomas 🌿 @kylethomas,35.4M,0.1%,,,10.6M,tiktok,all-countries,True,2024,NA,NA,,
31,Q Park @qpark,35.2M,-,,,10.6M,tiktok,all-countries,True,2024,NA,NA,,
32,GIL CROES @gilmhercroes,35.1M,-,,Entertainment and Music,10.5M,tiktok,all-countries,True,2024,Music,MAPPED,,Entertainment and Music
33,Kevin Hart @imkevinhart,34.8M,1.7%,United States,Entertainment and Music,10.4M,tiktok,all-countries,True,2024,Music,MAPPED,,Entertainment and Music
34,Kirya Kolesnikov @thekiryalife,34.7M,-,,Entertainment and Music Funny,10.4M,tiktok,all-countries,True,2024,Music,MAPPED,,Entertainment and Music Funny
35,arianagrande @arianagrande,34.4M,-,,Entertainment and Music,10.3M,tiktok,all-countries,True,2024,Music,MAPPED,,Entertainment and Music
36,Pongámoslo a Prueba @pongamoslo_a_prueba,34.2M,-,,,10.3M,tiktok,all-countries,True,2024,NA,NA,,
37,ThatLittlePuff @thatlittlepuff,33.5M,0.6%,,Pets,10.1M,tiktok,all-countries,True,2024,Lifestyle,MAPPED,,Pets
38,Montpantoja @montpantoja,33.3M,-,,,10M,tiktok,all-countries,True,2024,NA,NA,,
39,Devon Rodriguez @devonrodriguezart,32.1M,0.2%,United States,Arts and Crafts Education Upskilling,9.6M,tiktok,all-countries,True,2024,Knowledge&Info,MAPPED,,Arts and Crafts Education Upskilling
40,Bad Bunny @badbunny,31.8M,18.4%,Puerto Rico,,9.5M,tiktok,all-countries,True,2024,NA,NA,,
41,Brooke Monk @brookemonk_,31.7M,2.1%,United States,Entertainment and Music Funny,9.5M,tiktok,all-countries,True,2024,Music,MAPPED,,Entertainment and Music Funny
42,Indi skovar @indiskovar3.0,31.6M,0.4%,,Entertainment and Music,9.5M,tiktok,all-countries,True,2024,Music,MAPPED,,Entertainment and Music
43,Lele Pons @lelepons,31.5M,0.9%,United States,,9.5M,tiktok,all-countries,True,2024,NA,NA,,
44,Stokes Twins @stokestwins,31.2M,-,United States,Entertainment and Music,9.4M,tiktok,all-countries,True,2024,Music,MAPPED,,Entertainment and Music
45,Kira Kosarin @kirakosarin,31.1M,0.7%,,Entertainment and Music,9.3M,tiktok,all-countries,True,2024,Music,MAPPED,,Entertainment and Music
46,La Rosalia @rosalia,30.9M,-,Spain,,9.3M,tiktok,all-countries,True,2024,NA,NA,,
47,Alejandro Nieto @soybans,30.4M,-,Colombia,,9.1M,tiktok,all-countries,True,2024,NA,NA,,
48,Michel Chavez @its.michhh,30.2M,-,Mexico,,9.1M,tiktok,all-countries,True,2024,NA,NA,,
49,Liza Koshy @lizzza,30.2M,-,United States,,9.1M,tiktok,all-countries,True,2024,NA,NA,,
50,beca @beca,29.2M,1%,Brazil,Travel,8.8M,tiktok,all-countries,True,2024,Lifestyle,MAPPED,,Travel
51,Topper Guild @topperguild,29M,-,United States,Entertainment and Music Celebrity,8.7M,tiktok,all-countries,True,2024,Music,MAPPED,,Entertainment and Music Celebrity
52,Ignacia Antonia👑 @ignaciaa_antonia,28.2M,-,Chile,Beauty and Self Care,8.5M,tiktok,all-countries,True,2024,Beauty&Fashion,MAPPED,,Beauty and Self Care
53,Camilo @camilo,28M,-,,Entertainment and Music,8.4M,tiktok,all-countries,True,2024,Music,MAPPED,,Entertainment and Music
54,Daniel Ibarra @juandaniel.ibarra,27.6M,-,,Entertainment and Music,8.3M,tiktok,all-countries,True,2024,Music,MAPPED,,Entertainment and Music
55,시아지우 sia_jiwoo @sia_jiwoo,27.5M,0.2%,South Korea,,8.3M,tiktok,all-countries,True,2024,NA,NA,,
56,Lexi Rivera @lexibrookerivera,27.1M,4.5%,,,8.1M,tiktok,all-countries,True,2024,NA,NA,,
57,KEEMOKAZI @keemokazi,27M,-,,Entertainment and Music,8.1M,tiktok,all-countries,True,2024,Music,MAPPED,,Entertainment and Music
58,psg @psg,26.7M,-,,Sports,8M,tiktok,all-countries,True,2024,Sports,MAPPED,,Sports
59,JeisonGiraldo @jeison_giraldo,26.3M,-,,family Romance and Wedding,7.9M,tiktok,all-countries,True,2024,Beauty&Fashion,MAPPED,,family Romance and Wedding
60,JeanCarlo Leon @jashlem,26.3M,-,,,7.9M,tiktok,all-countries,True,2024,NA,NA,,
61,Jimena @jimena.jimenezr,26.1M,1.2%,,Funny,7.8M,tiktok,all-countries,True,2024,Entertainment,MAPPED,,Funny
62,Doja Cat @dojacat,26M,0.1%,United States,Entertainment and Music,7.8M,tiktok,all-countries,True,2024,Music,MAPPED,,Entertainment and Music
63,Bader Al Safar @baderalsafar,26M,-,Kuwait,Fashion and Accessories,7.8M,tiktok,all-countries,True,2024,Beauty&Fashion,MAPPED,,Fashion and Accessories
64,DAVID DOBRIK @daviddobrik,26M,-,United States,Entertainment and Music Funny,7.8M,tiktok,all-countries,True,2024,Music,MAPPED,,Entertainment and Music Funny
65,LARRAY @larrayeeee,25.9M,-,,Entertainment and Music,7.8M,tiktok,all-countries,True,2024,Music,MAPPED,,Entertainment and Music
66,Era Ays @era_ays,25.9M,-,,,7.8M,tiktok,all-countries,True,2024,NA,NA,,
67,Karla Bustillos ❤️ @karla.bustillos,25.7M,0.1%,,,7.7M,tiktok,all-countries,True,2024,NA,NA,,
68,BORREGO @lagranjadelborrego,25.7M,4.6%,,,7.7M,tiktok,all-countries,True,2024,NA,NA,,
69,Arnaldo Mangini @arnaldomangini,25.4M,-,,Beauty and Self Care Funny,7.6M,tiktok,all-countries,True,2024,Beauty&Fashion,MAPPED,,Beauty and Self Care Funny
70,Jaykindafunny @jaykindafunny8,25.4M,-,,Funny,7.6M,tiktok,all-countries,True,2024,Entertainment,MAPPED,,Funny
71,Malu Trevejo @malutrevejo,25.2M,-,,,7.6M,tiktok,all-countries,True,2024,NA,NA,,
72,AriGameplays @arigameplays,25.1M,1%,,Games,7.5M,tiktok,all-countries,True,2024,Tech&Gaming,MAPPED,,Games
73,Dina @dina,24.9M,0.6%,,,7.5M,tiktok,all-countries,True,2024,NA,NA,,
74,DonaldDucc 🦆 @donaldducc,24.7M,-,,Animals,7.4M,tiktok,all-countries,True,2024,Lifestyle,MAPPED,,Animals
75,adrilatinatv @adrilatinatv,24.5M,-,,,7.4M,tiktok,all-countries,True,2024,NA,NA,,
76,Victor Melo @victormelo,24.5M,-,,,7.4M,tiktok,all-countries,True,2024,NA,NA,,
77,Chingu Amiga @chinguamiga,24.1M,-,,Food Beauty and Self Care,7.2M,tiktok,all-countries,True,2024,Beauty&Fashion,MAPPED,,Food Beauty and Self Care
78,The Mannii Show @the_mannii,24M,0.8%,,Entertainment and Music Funny,7.2M,tiktok,all-countries,True,2024,Music,MAPPED,,Entertainment and Music Funny
79,Terry Crews @terrycrews,23.9M,0.4%,United States,Entertainment and Music Celebrity,7.2M,tiktok,all-countries,True,2024,Music,MAPPED,,Entertainment and Music Celebrity
80,Jacob Sartorius @jacobsartorius,23.7M,-,United States,Entertainment and Music,7.1M,tiktok,all-countries,True,2024,Music,MAPPED,,Entertainment and Music
81,Luara @luara,23.6M,0.6%,,,7.1M,tiktok,all-countries,True,2024,NA,NA,,
82,Nicolle Figueroa @nicollefigueroaa,23.4M,5.1%,,,7M,tiktok,all-countries,True,2024,NA,NA,,
83,Ryan Reynolds @vancityreynolds,22.9M,8.5%,Canada,,6.9M,tiktok,all-countries,True,2024,NA,NA,,
84,Lauren Godwin @laurengodwin,22.6M,0.3%,United States,Entertainment and Music family,6.8M,tiktok,all-countries,True,2024,Music,MAPPED,,Entertainment and Music family
85,mingweirocks @mingweirocks,22.5M,-,,,6.8M,tiktok,all-countries,True,2024,NA,NA,,
86,Cardi B @iamcardib,22.4M,8%,,,6.7M,tiktok,all-countries,True,2024,NA,NA,,
87,Latiktokeuse869 @latiktokeuse869,22.2M,-,,Funny Entertainment and Music,6.7M,tiktok,all-countries,True,2024,Music,MAPPED,,Funny Entertainment and Music
88,Mackenzie Ziegler @mackenzieziegler,22.1M,-,,,6.6M,tiktok,all-countries,True,2024,NA,NA,,
89,Lance Stewart @lance210,22.1M,-,United States,Entertainment and Music,6.6M,tiktok,all-countries,True,2024,Music,MAPPED,,Entertainment and Music
90,Anitta @anitta,22.1M,0.8%,,,6.6M,tiktok,all-countries,True,2024,NA,NA,,
91,Marrkadams @marrkadams,22.1M,-,,,6.6M,tiktok,all-countries,True,2024,NA,NA,,
92,ROMINA @rominagafur,22M,0.2%,United States,Entertainment and Music,6.6M,tiktok,all-countries,True,2024,Music,MAPPED,,Entertainment and Music
93,창하CHANGHA @chang._.a,22M,-,,,6.6M,tiktok,all-countries,True,2024,NA,NA,,
94,josi @jmartineze_,21.9M,-,,Funny,6.6M,tiktok,all-countries,True,2024,Entertainment,MAPPED,,Funny
95,Caín Guzmán @cainguzman,21.9M,-,,Entertainment and Music,6.6M,tiktok,all-countries,True,2024,Music,MAPPED,,Entertainment and Music
96,Bryce Hall @brycehall,21.5M,-,United States,Entertainment and Music,6.5M,tiktok,all-countries,True,2024,Music,MAPPED,,Entertainment and Music
97,온오빠 On Oppa @korea.on,21.5M,-,,Entertainment and Music,6.5M,tiktok,all-countries,True,2024,Music,MAPPED,,Entertainment and Music
98,Seany @seandoesmagic,21.3M,-,,,6.4M,tiktok,all-countries,True,2024,NA,NA,,
99,Pk @pkllipe,21.3M,2.6%,,,6.4M,tiktok,all-countries,True,2024,NA,NA,,
100,The Hype House @thehypehouse,21.1M,-,,Entertainment and Music,6.3M,tiktok,all-countries,True,2024,Music,MAPPED,,Entertainment and Music
1,Sergio Agüero @kunaguero,10.4M,-,Argentina,Sports,3.1M,tiktok,argentina,False,2024,Sports,MAPPED,,Sports
2,ᴄᴏɴʀᴀ @conradovillagra,9.9M,-,Argentina,Entertainment and Music,3M,tiktok,argentina,False,2024,Music,MAPPED,,Entertainment and Music
3,🇦🇷ARITO🇦🇷 @arito__,8.2M,-,Argentina,Entertainment and Music,2.5M,tiktok,argentina,False,2024,Music,MAPPED,,Entertainment and Music
4,Cande Copello @cande.copello,8M,0.3%,Argentina,Animation and Cosplay,2.4M,tiktok,argentina,False,2024,Tech&Gaming,MAPPED,,Animation and Cosplay
5,Andrade❤️🎬 @moreeandrade,7.1M,-,Argentina,Acting and Drama,2.1M,tiktok,argentina,False,2024,Entertainment,MAPPED,,Acting and Drama
6,Alejo Igoa @alejoigoa,6M,-,Argentina,,1.8M,tiktok,argentina,False,2024,NA,NA,,
7,catita reyes @catareyyes,5.5M,-,Argentina,Food,1.7M,tiktok,argentina,False,2024,Lifestyle,MAPPED,,Food
8,Andres Vernazza @emprendedormoderno,4.6M,-,Argentina,Education,1.4M,tiktok,argentina,False,2024,Knowledge&Info,MAPPED,,Education
9,Yuli cagna @yulicagna,3.2M,-,Argentina,,960K,tiktok,argentina,False,2024,NA,NA,,
10,Martina Catini @marttucatiniii,3M,-,Argentina,,900K,tiktok,argentina,False,2024,NA,NA,,
11,EZE @ezequielitto,3M,-,Argentina,Travel,900K,tiktok,argentina,False,2024,Lifestyle,MAPPED,,Travel
12,Jonas Montanaro @jonasmontanaro,2.8M,-,Argentina,,840K,tiktok,argentina,False,2024,NA,NA,,
13,juststef @iamjuststef,2.7M,-,Argentina,,810K,tiktok,argentina,False,2024,NA,NA,,
14,Fran Silva @fran_silva11,2.7M,-,Argentina,,810K,tiktok,argentina,False,2024,NA,NA,,
15,Alicia Castro @aliciacastro___,2.6M,-,Argentina,Funny Entertainment and Music,780K,tiktok,argentina,False,2024,Music,MAPPED,,Funny Entertainment and Music
16,Julieta 🍒 @juli.castroo,2.6M,-,Argentina,,780K,tiktok,argentina,False,2024,NA,NA,,
17,mariam🦋 @mariamstar1,2.6M,-,Argentina,Entertainment and Music,780K,tiktok,argentina,False,2024,Music,MAPPED,,Entertainment and Music
18,Tincho Ruiz @tinchoo.ruiz,2.4M,-,Argentina,,720K,tiktok,argentina,False,2024,NA,NA,,
19,Maxi Fontan @maxi.fontan,2.4M,4.3%,Argentina,Entertainment and Music,720K,tiktok,argentina,False,2024,Music,MAPPED,,Entertainment and Music
20,Nico Melo @melojnico,2.2M,-,Argentina,Entertainment and Music,660K,tiktok,argentina,False,2024,Music,MAPPED,,Entertainment and Music
21,Francisco Ferella @franferellaa,2.2M,-,Argentina,Entertainment and Music,660K,tiktok,argentina,False,2024,Music,MAPPED,,Entertainment and Music
22,MatyCocinaok @matycocinaok,2.1M,-,Argentina,Home and Garden,630K,tiktok,argentina,False,2024,Lifestyle,MAPPED,,Home and Garden
23,Mica Coppola @micacoppola_,2.1M,-,Argentina,,630K,tiktok,argentina,False,2024,NA,NA,,
24,Jorgito_barrionuevo @jorgito_barrionuevo,1.9M,-,Argentina,,570K,tiktok,argentina,False,2024,NA,NA,,
25,bugutu @gerolaiker,1.8M,-,Argentina,Entertainment and Music,540K,tiktok,argentina,False,2024,Music,MAPPED,,Entertainment and Music
26,Maxi Chime @maxichimenti,1.8M,-,Argentina,Entertainment and Music,540K,tiktok,argentina,False,2024,Music,MAPPED,,Entertainment and Music
27,Ailu Tokman @ailutokman,1.7M,0.6%,Argentina,Food,510K,tiktok,argentina,False,2024,Lifestyle,MAPPED,,Food
28,Catarata @catalinafg1,1.7M,-,Argentina,Entertainment and Music,510K,tiktok,argentina,False,2024,Music,MAPPED,,Entertainment and Music
29,Ginecóloga juvenil @gineco.yvos,1.6M,-,Argentina,,480K,tiktok,argentina,False,2024,NA,NA,,
30,Natan Bianco @natanbianco,1.6M,-,Argentina,,480K,tiktok,argentina,False,2024,NA,NA,,
31,unXavi @unxavi,1.6M,0.1%,Argentina,Entertainment and Music,480K,tiktok,argentina,False,2024,Music,MAPPED,,Entertainment and Music
32,TN - Todo Noticias @todonoticias,1.5M,-,Argentina,,450K,tiktok,argentina,False,2024,NA,NA,,
33,einstein.libreria @einstein.libreria,1.5M,-,Argentina,Education,450K,tiktok,argentina,False,2024,Knowledge&Info,MAPPED,,Education
34,Eva Aranda @evarandaa,1.4M,-,Argentina,,420K,tiktok,argentina,False,2024,NA,NA,,
35,messi.magic @messi.magiic,1.4M,0.3%,Argentina,,420K,tiktok,argentina,False,2024,NA,NA,,
36,D I E G O S A N T ✨ @dieesant,1.4M,-,Argentina,Entertainment and Music,420K,tiktok,argentina,False,2024,Music,MAPPED,,Entertainment and Music
37,clari cremaschi @clari_cremaschi,1.3M,9.6%,Argentina,Beauty and Self Care,390K,tiktok,argentina,False,2024,Beauty&Fashion,MAPPED,,Beauty and Self Care
38,Ximena Coronel @ximecoronel_,1.3M,0.3%,Argentina,,390K,tiktok,argentina,False,2024,NA,NA,,
39,Wendydaiana @wendydaiana4,1.2M,-,Argentina,Funny,360K,tiktok,argentina,False,2024,Entertainment,MAPPED,,Funny
40,River Plate @riverplate,1.2M,-,Argentina,Sports,360K,tiktok,argentina,False,2024,Sports,MAPPED,,Sports
41,evee_varass1 @evee_varass1,1.2M,-,Argentina,Pets,360K,tiktok,argentina,False,2024,Lifestyle,MAPPED,,Pets
42,Seguime Y Te Sigo👏 @gabrielgonzaa,1.2M,0.1%,Argentina,Travel,360K,tiktok,argentina,False,2024,Lifestyle,MAPPED,,Travel
43,Azuu @_azulomazzo,1.1M,-,Argentina,family,330K,tiktok,argentina,False,2024,Lifestyle,MAPPED,,family
44,micaviciconte @micaviciconteoficial,1.1M,-,Argentina,Entertainment and Music,330K,tiktok,argentina,False,2024,Music,MAPPED,,Entertainment and Music
45,Sofi Halabi @sofiihalabi,1.1M,-,Argentina,,330K,tiktok,argentina,False,2024,NA,NA,,
46,Lourdes @lulignzalez,1.1M,0.1%,Argentina,,330K,tiktok,argentina,False,2024,NA,NA,,
47,Cata Zanotti @catazanotti,1.1M,-,Argentina,,330K,tiktok,argentina,False,2024,NA,NA,,
48,Alex♥️Rampit @barkiinglove,1.1M,-,Argentina,Pets,330K,tiktok,argentina,False,2024,Lifestyle,MAPPED,,Pets
49,Alma Giuliano✨ @soyalmaok,1.1M,-,Argentina,,330K,tiktok,argentina,False,2024,NA,NA,,
50,Juana Alvarez Amespi @juanaalvarezamesp,1.1M,-,Argentina,Fashion and Accessories,330K,tiktok,argentina,False,2024,Beauty&Fashion,MAPPED,,Fashion and Accessories
51,Chaterbox @chaterbox,1.1M,2.7%,Argentina,Entertainment and Music,330K,tiktok,argentina,False,2024,Music,MAPPED,,Entertainment and Music
52,Boca Juniors @bocajuniors,1.1M,0.1%,Argentina,Sports,330K,tiktok,argentina,False,2024,Sports,MAPPED,,Sports
53,Lucho Cabrera @luchocarp1990,1M,1.9%,Argentina,Entertainment and Music,300K,tiktok,argentina,False,2024,Music,MAPPED,,Entertainment and Music
54,Dani @dani_14_j,1M,1.6%,Argentina,,300K,tiktok,argentina,False,2024,NA,NA,,
55,Valentin Vera @valentinvera01,998.7K,0.2%,Argentina,Entertainment and Music,299.6K,tiktok,argentina,False,2024,Music,MAPPED,,Entertainment and Music
56,martinita🫀 @iammartyd_music,998.3K,-,Argentina,,299.5K,tiktok,argentina,False,2024,NA,NA,,
57,Anto Gómez @antogomez001,988.3K,-,Argentina,,296.5K,tiktok,argentina,False,2024,NA,NA,,
58,cinthia_fernandez_ @cinthia_fernandez_,974.2K,-,Argentina,Fitness and Health,292.3K,tiktok,argentina,False,2024,Sports,MAPPED,,Fitness and Health
59,Mauroponti @mauroponti666,973.5K,6.8%,Argentina,,292.1K,tiktok,argentina,False,2024,NA,NA,,
60,Melany👽 @_meelfernandez,964K,-,Argentina,Entertainment and Music,289.2K,tiktok,argentina,False,2024,Music,MAPPED,,Entertainment and Music
61,Ara Dittler🪐 @rcelaia,963.4K,-,Argentina,,289K,tiktok,argentina,False,2024,NA,NA,,
62,Claudio Puppo I❤️80 @claudio.puppo,962.8K,-,Argentina,,288.8K,tiktok,argentina,False,2024,NA,NA,,
63,Melina Vallejos @melinavallejos_,956.4K,0.3%,Argentina,,286.9K,tiktok,argentina,False,2024,NA,NA,,
64,✨ J͙U͙L͙Y͙ ✨ @julylatorre4,952.5K,-,Argentina,Beauty and Self Care,285.8K,tiktok,argentina,False,2024,Beauty&Fashion,MAPPED,,Beauty and Self Care
65,Iara Castagno @iaracastagno,951K,-,Argentina,,285.3K,tiktok,argentina,False,2024,NA,NA,,
66,TyC Sports @tycsports,946.9K,-,Argentina,Sports,284.1K,tiktok,argentina,False,2024,Sports,MAPPED,,Sports
67,El Mago Cocina @elmagococina,938.7K,0.4%,Argentina,Food Product Showcase,281.6K,tiktok,argentina,False,2024,Beauty&Fashion,MAPPED,,Food Product Showcase
68,fan_de_goku @edist_dragonballz,929.6K,-,Argentina,,278.9K,tiktok,argentina,False,2024,NA,NA,,
69,nitu @ruizdiaziara,925.2K,-,Argentina,Entertainment and Music,277.6K,tiktok,argentina,False,2024,Music,MAPPED,,Entertainment and Music
70,RufusMda @marcos.maidanaa1,923.6K,0.1%,Argentina,,277.1K,tiktok,argentina,False,2024,NA,NA,,
71,la tucuwoman :) @soylailu,920.4K,0.2%,Argentina,,276.1K,tiktok,argentina,False,2024,NA,NA,,
72,Lichi Fignoni @lichifignoni,914.6K,-,Argentina,,274.4K,tiktok,argentina,False,2024,NA,NA,,
73,Kevin Moreno ⚡️ @kevinmorenox,911.9K,-,Argentina,,273.6K,tiktok,argentina,False,2024,NA,NA,,
74,🔥MOREVON🔥 @morevonh,909.9K,-,Argentina,,273K,tiktok,argentina,False,2024,NA,NA,,
75,Agustín del Giorgio @agustindelgiorgio,907.5K,0.1%,Argentina,,272.3K,tiktok,argentina,False,2024,NA,NA,,
76,Dantedg @danted.g,903.4K,0.1%,Argentina,,271K,tiktok,argentina,False,2024,NA,NA,,
77,Dillom @dillom666,890.6K,0.1%,Argentina,,267.2K,tiktok,argentina,False,2024,NA,NA,,
78,@manualtubee,886.3K,-,Argentina,,265.9K,tiktok,argentina,False,2024,NA,NA,,
79,jorgelopez_as @jorgelopez_as,885K,0.2%,Argentina,Celebrity,265.5K,tiktok,argentina,False,2024,Entertainment,MAPPED,,Celebrity
80,Luana Zanek @luanazanek,883.3K,-,Argentina,,265K,tiktok,argentina,False,2024,NA,NA,,
81,Tik Toker @_justjenn_,879.1K,-,Argentina,,263.7K,tiktok,argentina,False,2024,NA,NA,,
82,LUCAS LEZIN @lucaslezin,876.9K,0.1%,Argentina,Celebrity,263.1K,tiktok,argentina,False,2024,Entertainment,MAPPED,,Celebrity
83,Liana Ronaldo @lianaronaldo,875.3K,0.3%,Argentina,,262.6K,tiktok,argentina,False,2024,NA,NA,,
84,yaz <3 @yazmmin,873.3K,-,Argentina,Entertainment and Music Funny,262K,tiktok,argentina,False,2024,Music,MAPPED,,Entertainment and Music Funny
85,Nico Vázquez @vazqueznico,871.1K,-,Argentina,Acting and Drama,261.3K,tiktok,argentina,False,2024,Entertainment,MAPPED,,Acting and Drama
86,NACHITO & ROMAN @romanfrezzini,868.7K,-,Argentina,,260.6K,tiktok,argentina,False,2024,NA,NA,,
87,Tobias Di Odoardo @tobiasdiodoardo0,864.7K,-,Argentina,,259.4K,tiktok,argentina,False,2024,NA,NA,,
88,Mari.ortiz77 @mari.ortiz77,864.2K,-,Argentina,,259.3K,tiktok,argentina,False,2024,NA,NA,,
89,Teresa 🤍 @tererodriguezoficial,859.9K,-,Argentina,,258K,tiktok,argentina,False,2024,NA,NA,,
90,JulyMarin @jjjjjjuly,857.6K,-,Argentina,Celebrity,257.3K,tiktok,argentina,False,2024,Entertainment,MAPPED,,Celebrity
91,Mariela Vicenzi @marielavicenz,855.7K,-,Argentina,,256.7K,tiktok,argentina,False,2024,NA,NA,,
92,It’s Guadi 🦋 @guadalagrotteria,855.6K,-,Argentina,Travel,256.7K,tiktok,argentina,False,2024,Lifestyle,MAPPED,,Travel
93,Patricio Gómez Di Leva @psicosexologo,852.8K,-,Argentina,,255.8K,tiktok,argentina,False,2024,NA,NA,,
94,lalirabbit @lalirabbit,852.4K,-,Argentina,,255.7K,tiktok,argentina,False,2024,NA,NA,,
95,Ricardo Montaner @montaner,850.6K,-,Argentina,,255.2K,tiktok,argentina,False,2024,NA,NA,,
96,Fresco Kirby @frescokirbyoficial,844.2K,0.2%,Argentina,,253.3K,tiktok,argentina,False,2024,NA,NA,,
97,melaa_martinez @melaa_martinez,843K,-,Argentina,Entertainment and Music,252.9K,tiktok,argentina,False,2024,Music,MAPPED,,Entertainment and Music
98,Love u <3 @coffesunkinzv,838K,-,Argentina,,251.4K,tiktok,argentina,False,2024,NA,NA,,
99,Sabrina Mateos @sabrimateosok,837.9K,-,Argentina,,251.4K,tiktok,argentina,False,2024,NA,NA,,
100,Lucas.h.slevin @lucasslevin,836.2K,-,Argentina,,250.9K,tiktok,argentina,False,2024,NA,NA,,
1,Sarah Magusara @sarahmagusara,17.8M,0.2%,Australia,family,5.3M,tiktok,australia,False,2024,Lifestyle,MAPPED,,family
2,JoelBergs @joelbergs,11.3M,-,Australia,Fitness and Health,3.4M,tiktok,australia,False,2024,Sports,MAPPED,,Fitness and Health
3,Ash Magic💜 @ashmagic,9M,-,Australia,Entertainment and Music,2.7M,tiktok,australia,False,2024,Music,MAPPED,,Entertainment and Music
4,Chris Hemsworth @chrishemsworth,7.3M,6.1%,Australia,,2.2M,tiktok,australia,False,2024,NA,NA,,
5,Finn 🔥 @finnsreality,7.1M,-,Australia,Entertainment and Music,2.1M,tiktok,australia,False,2024,Music,MAPPED,,Entertainment and Music
6,Jalals @jalals,6.5M,0.5%,Australia,Entertainment and Music Funny,2M,tiktok,australia,False,2024,Music,MAPPED,,Entertainment and Music Funny
7,Harry Jowsey @harryjowsey,4.9M,2.7%,Australia,,1.5M,tiktok,australia,False,2024,NA,NA,,
8,Andy The Sk @andythesk,4.6M,0.6%,Australia,Outdoor Activity Sports,1.4M,tiktok,australia,False,2024,Sports,MAPPED,,Outdoor Activity Sports
9,Brodie Moss @ybsbrodie,4.1M,-,Australia,Nature Outdoor Activity,1.2M,tiktok,australia,False,2024,Sports,MAPPED,,Nature Outdoor Activity
10,Nathan Lust @nathanlust,3.8M,-,Australia,Travel,1.1M,tiktok,australia,False,2024,Lifestyle,MAPPED,,Travel
11,Baylebee 🐝 @baylebee,3.7M,0.1%,Australia,Beauty and Self Care,1.1M,tiktok,australia,False,2024,Beauty&Fashion,MAPPED,,Beauty and Self Care
12,Demi Skinner @demiskinner,3.6M,-,Australia,Entertainment and Music,1.1M,tiktok,australia,False,2024,Music,MAPPED,,Entertainment and Music
13,Norris Nuts @norrisnuts,3.3M,0.2%,Australia,family,990K,tiktok,australia,False,2024,Lifestyle,MAPPED,,family
14,The Kid LAROI. @thekidlaroi,3.1M,0.1%,Australia,,930K,tiktok,australia,False,2024,NA,NA,,
15,CarbonCoSkins @carboncoskins,2.3M,-,Australia,Product Showcase,690K,tiktok,australia,False,2024,Beauty&Fashion,MAPPED,,Product Showcase
16,Savannah.clarke @savannahclarkeofficial,2.2M,0.3%,Australia,,660K,tiktok,australia,False,2024,NA,NA,,
17,Naysy @naysy_vr,2M,-,Australia,Education Upskilling Entertainment and Music,600K,tiktok,australia,False,2024,Knowledge&Info,MAPPED,,Education Upskilling Entertainment and Music
18,Esmé Louise James @esme.louisee,2M,0.1%,Australia,,600K,tiktok,australia,False,2024,NA,NA,,
19,AJ Clementine @ajclementine,1.9M,-,Australia,Entertainment and Music,570K,tiktok,australia,False,2024,Music,MAPPED,,Entertainment and Music
20,Tatenda Luna @tatendaluna,1.9M,0.2%,Australia,Entertainment and Music Fashion and Accessories,570K,tiktok,australia,False,2024,Beauty&Fashion,MAPPED,,Entertainment and Music Fashion and Accessories
21,Troye Sivan @troyesivan,1.9M,0.1%,Australia,Entertainment and Music,570K,tiktok,australia,False,2024,Music,MAPPED,,Entertainment and Music
22,TayBeepBoop @taybeepboop,1.8M,4.8%,Australia,,540K,tiktok,australia,False,2024,NA,NA,,
23,Saksham Magic @sakshammagic,1.8M,-,Australia,Entertainment and Music,540K,tiktok,australia,False,2024,Music,MAPPED,,Entertainment and Music
24,Adam Tahere @adamtahere,1.7M,-,Australia,,510K,tiktok,australia,False,2024,NA,NA,,
25,Sia.Stasiia @stasiia.ponomore,1.7M,-,Australia,,510K,tiktok,australia,False,2024,NA,NA,,
26,Stephanie Coral Browitt @stephaniecoral96,1.6M,-,Australia,,480K,tiktok,australia,False,2024,NA,NA,,
27,Darren Levy @darrenlevyofficial,1.6M,-,Australia,,480K,tiktok,australia,False,2024,NA,NA,,
28,The Cob @thecob24,1.5M,0.4%,Australia,Entertainment and Music,450K,tiktok,australia,False,2024,Music,MAPPED,,Entertainment and Music
29,Celia Gercovich @celia.gercovich,1.5M,-,Australia,,450K,tiktok,australia,False,2024,NA,NA,,
30,CynicalSakura @cynicalsakura,1.5M,-,Australia,Entertainment and Music Games,450K,tiktok,australia,False,2024,Tech&Gaming,MAPPED,,Entertainment and Music Games
31,SYDNEY PURL 🤍 @sydneypurl,1.5M,-,Australia,Beauty and Self Care,450K,tiktok,australia,False,2024,Beauty&Fashion,MAPPED,,Beauty and Self Care
32,Sam Fricker @samfrickerr,1.4M,-,Australia,,420K,tiktok,australia,False,2024,NA,NA,,
33,Flambo @flambothedog,1.4M,-,Australia,,420K,tiktok,australia,False,2024,NA,NA,,
34,Eystreem @eystreem,1.4M,0.1%,Australia,Entertainment and Music,420K,tiktok,australia,False,2024,Music,MAPPED,,Entertainment and Music
35,Ariella Nyssa @ariellanyssa,1.4M,-,Australia,Fashion and Accessories Entertainment and Music,420K,tiktok,australia,False,2024,Beauty&Fashion,MAPPED,,Fashion and Accessories Entertainment and Music
36,erica padilla @ericapadilla,1.3M,-,Australia,,390K,tiktok,australia,False,2024,NA,NA,,
37,VenusInTheSky @benderchonkycat,1.3M,-,Australia,Nature Pets,390K,tiktok,australia,False,2024,Lifestyle,MAPPED,,Nature Pets
38,News.com.au @news.com.au,1.3M,1.4%,Australia,News,390K,tiktok,australia,False,2024,Knowledge&Info,MAPPED,,News
39,Adelaide Kane @realadelaidekane,1.2M,-,Australia,,360K,tiktok,australia,False,2024,NA,NA,,
40,Kerwin Rae @kerwinrae,1.2M,0.2%,Australia,Education Upskilling,360K,tiktok,australia,False,2024,Knowledge&Info,MAPPED,,Education Upskilling
41,Australian Open @ausopen,1.2M,-,Australia,,360K,tiktok,australia,False,2024,NA,NA,,
42,Natasha • Nómada Digital @holasoy.natasha,1.2M,1%,Australia,,360K,tiktok,australia,False,2024,NA,NA,,
43,TheFauxChanel Makeup | Cat @thefauxchanel,1.2M,-,Australia,Beauty and Self Care,360K,tiktok,australia,False,2024,Beauty&Fashion,MAPPED,,Beauty and Self Care
44,Aussiebattlerz @aussiebattlerz,1.2M,-,Australia,Entertainment and Music,360K,tiktok,australia,False,2024,Music,MAPPED,,Entertainment and Music
45,MorallyGrey @morallygreyismyfavcolor,1.2M,-,Australia,Entertainment and Music,360K,tiktok,australia,False,2024,Music,MAPPED,,Entertainment and Music
46,Ryan Jon @ryanjondunn,1.1M,0.1%,Australia,,330K,tiktok,australia,False,2024,NA,NA,,
47,Bondi Rescue @bondirescue,1.1M,-,Australia,Outdoor Activity,330K,tiktok,australia,False,2024,Sports,MAPPED,,Outdoor Activity
48,Herberttwins @herberttwins,1.1M,-,Australia,Fashion and Accessories Fitness and Health,330K,tiktok,australia,False,2024,Sports,MAPPED,,Fashion and Accessories Fitness and Health
49,LifeSpaceUS @lifespacestudio,1M,-,Australia,,300K,tiktok,australia,False,2024,NA,NA,,
50,lucashayde @lucashayde,999.3K,-,Australia,Fashion and Accessories,299.8K,tiktok,australia,False,2024,Beauty&Fashion,MAPPED,,Fashion and Accessories
51,DRIVENZO @drivenzo,993.6K,-,Australia,Auto and Vehicles,298.1K,tiktok,australia,False,2024,Tech&Gaming,MAPPED,,Auto and Vehicles
52,SMG4 @smg4official,987.1K,0.5%,Australia,,296.1K,tiktok,australia,False,2024,NA,NA,,
53,Falak Zaman your tiktok girl✅ @tanzia.zaman,981.9K,-,Australia,,294.6K,tiktok,australia,False,2024,NA,NA,,
54,Megan Anderson @megana_mma,965.6K,-,Australia,Entertainment and Music,289.7K,tiktok,australia,False,2024,Music,MAPPED,,Entertainment and Music
55,Stephanie Sanzo @stephaniesanzo,956.2K,-,Australia,Fitness and Health,286.9K,tiktok,australia,False,2024,Sports,MAPPED,,Fitness and Health
56,V.C @vibeconnect,956.1K,-,Australia,Entertainment and Music,286.8K,tiktok,australia,False,2024,Music,MAPPED,,Entertainment and Music
57,Rebecca Alami @rebecca_alami,948.2K,-,Australia,,284.5K,tiktok,australia,False,2024,NA,NA,,
58,Madi @m.tothea.d.i,936K,1.2%,Australia,Pets,280.8K,tiktok,australia,False,2024,Lifestyle,MAPPED,,Pets
59,✨ aash.pole ✨ @aash.pole,918.2K,-,Australia,,275.5K,tiktok,australia,False,2024,NA,NA,,
60,Maisy @maisy_five,912.3K,0.1%,Australia,,273.7K,tiktok,australia,False,2024,NA,NA,,
61,Celeste Barber @celestebarber,912.2K,0.9%,Australia,Celebrity,273.7K,tiktok,australia,False,2024,Entertainment,MAPPED,,Celebrity
62,Susan barratt @sjb61susan,910.2K,-,Australia,Animals,273.1K,tiktok,australia,False,2024,Lifestyle,MAPPED,,Animals
63,SYDNEY ADAMS @sydneymadams__,899.7K,-,Australia,Fitness and Health Food,269.9K,tiktok,australia,False,2024,Sports,MAPPED,,Fitness and Health Food
64,Yeva Berez @yevaberez,897.4K,-,Australia,,269.2K,tiktok,australia,False,2024,NA,NA,,
65,Beaglebasil @beaglebasil,882K,-,Australia,Pets,264.6K,tiktok,australia,False,2024,Lifestyle,MAPPED,,Pets
66,sereinsilvers @sereinsilvers,880.4K,0.1%,Australia,Animation and Cosplay,264.1K,tiktok,australia,False,2024,Tech&Gaming,MAPPED,,Animation and Cosplay
67,Elvis Roberts @elvisroberts3,864.7K,-,Australia,Entertainment and Music,259.4K,tiktok,australia,False,2024,Music,MAPPED,,Entertainment and Music
68,Skye Sutton @skyesutton12,864.1K,-,Australia,,259.2K,tiktok,australia,False,2024,NA,NA,,
69,Kate Murdock @itskatematee,861.7K,-,Australia,Fashion and Accessories Business and Finance,258.5K,tiktok,australia,False,2024,Beauty&Fashion,MAPPED,,Fashion and Accessories Business and Finance
70,wobblyweezie @wobblyweezie,854.9K,-,Australia,Pets,256.5K,tiktok,australia,False,2024,Lifestyle,MAPPED,,Pets
71,Liv Kaplan @liv.kaplan,852.2K,-,Australia,,255.7K,tiktok,australia,False,2024,NA,NA,,
72,TicTatts @tictatts,851.6K,-,Australia,,255.5K,tiktok,australia,False,2024,NA,NA,,
73,Chantel Mila | Home Tips @mama_mila_,851K,-,Australia,Home and Garden DIY and Life Hacks,255.3K,tiktok,australia,False,2024,Lifestyle,MAPPED,,Home and Garden DIY and Life Hacks
74,sydney worgan @itssydneyworgan,846.7K,-,Australia,Food and Drink Education,254K,tiktok,australia,False,2024,Knowledge&Info,MAPPED,,Food and Drink Education
75,Sohaniisrat @sohani_israt_tamanna,846.6K,-,Australia,,254K,tiktok,australia,False,2024,NA,NA,,
76,Laura @zaruchinator,842.4K,-,Australia,Entertainment and Music Funny,252.7K,tiktok,australia,False,2024,Music,MAPPED,,Entertainment and Music Funny
77,Arvin Jay @_arvinsroom,829.8K,0.8%,Australia,Fashion and Accessories,248.9K,tiktok,australia,False,2024,Beauty&Fashion,MAPPED,,Fashion and Accessories
78,Jed Hockin @jedhockin,825K,0.6%,Australia,,247.5K,tiktok,australia,False,2024,NA,NA,,
79,𝖇𝖗𝖔𝖉𝖎𝖊 𝖒𝖆𝖓𝖓 @brodiemxnn,817.2K,-,Australia,Entertainment and Music Fitness and Health,245.2K,tiktok,australia,False,2024,Sports,MAPPED,,Entertainment and Music Fitness and Health
80,Kiarazara @kiarazaraaa,812K,-,Australia,Entertainment and Music,243.6K,tiktok,australia,False,2024,Music,MAPPED,,Entertainment and Music
81,Leo @leo69555,805.8K,0.2%,Australia,Pets,241.7K,tiktok,australia,False,2024,Lifestyle,MAPPED,,Pets
82,Olivia Vivian @oliviavivian,802.5K,-,Australia,Celebrity Sports,240.8K,tiktok,australia,False,2024,Sports,MAPPED,,Celebrity Sports
83,Royston G King @roystongking,796.4K,-,Australia,,238.9K,tiktok,australia,False,2024,NA,NA,,
84,maha @mxtvenus,792.3K,-,Australia,,237.7K,tiktok,australia,False,2024,NA,NA,,
85,zaira @zairayzabelleee,791.5K,0.1%,Australia,Entertainment and Music,237.5K,tiktok,australia,False,2024,Music,MAPPED,,Entertainment and Music
86,saxcy @saxcy,788.9K,0.3%,Australia,Games Entertainment and Music Video Gaming,236.7K,tiktok,australia,False,2024,Tech&Gaming,MAPPED,,Games Entertainment and Music Video Gaming
87,Alex the Lion 🦁 @alexrbsn,788.6K,0.1%,Australia,Celebrity Sports,236.6K,tiktok,australia,False,2024,Sports,MAPPED,,Celebrity Sports
88,Toy Unboxings @pollyelectro,785.4K,-,Australia,Product Showcase,235.6K,tiktok,australia,False,2024,Beauty&Fashion,MAPPED,,Product Showcase
89,🇦🇺 Editor @wizplugfc,777.9K,-,Australia,,233.4K,tiktok,australia,False,2024,NA,NA,,
90,Peter @malleeboy3490,771.8K,-,Australia,Nature Travel,231.5K,tiktok,australia,False,2024,Lifestyle,MAPPED,,Nature Travel
91,Scout The German Shepherd🐕 @scout_the_gsd,771.3K,-,Australia,Animals Pets,231.4K,tiktok,australia,False,2024,Lifestyle,MAPPED,,Animals Pets
92,Sarah Hill @hillside_art_studio,757K,-,Australia,Art,227.1K,tiktok,australia,False,2024,Lifestyle,MAPPED,,Art
93,sam.b.perry @sam.b.perry,751.7K,-,Australia,Beauty and Self Care,225.5K,tiktok,australia,False,2024,Beauty&Fashion,MAPPED,,Beauty and Self Care
94,Luke Damant @lukedamant,747.4K,-,Australia,Travel,224.2K,tiktok,australia,False,2024,Lifestyle,MAPPED,,Travel
95,The brother boys @the_brotherboys,730.7K,0.1%,Australia,,219.2K,tiktok,australia,False,2024,NA,NA,,
96,Nuran 💚 @official.nurann,728K,-,Australia,Entertainment and Music,218.4K,tiktok,australia,False,2024,Music,MAPPED,,Entertainment and Music
97,Loveleen Vats @loveleenvats,727.9K,-,Australia,,218.4K,tiktok,australia,False,2024,NA,NA,,
98,💕Jenna with the PINK💕 @jennawiththepink,723.8K,-,Australia,,217.1K,tiktok,australia,False,2024,NA,NA,,
99,Learn English Every Day @learnenglisheveryday,721.9K,-,Australia,Education,216.6K,tiktok,australia,False,2024,Knowledge&Info,MAPPED,,Education
100,Scout & Frankie @scout.and.frankie,717.8K,-,Australia,Animals Pets,215.3K,tiktok,australia,False,2024,Lifestyle,MAPPED,,Animals Pets
1,Mr&Mrs Hart @korimario,1.8M,0.1%,Austria,Romance and Wedding,540K,tiktok,austria,False,2024,Beauty&Fashion,MAPPED,,Romance and Wedding
2,Lisa Übelsbacher @lisaueb,1.4M,-,Austria,Entertainment and Music,420K,tiktok,austria,False,2024,Music,MAPPED,,Entertainment and Music
3,Stefan Warecka @techmagnet,1.1M,-,Austria,Auto and Vehicles Education Business and Finance Video Gaming,330K,tiktok,austria,False,2024,Knowledge&Info,MAPPED,,Auto and Vehicles Education Business and Finance Video Gaming
4,🌹Ann @iamroannm,990.5K,-,Austria,,297.2K,tiktok,austria,False,2024,NA,NA,,
5,EYOCANOO @eyocanoo,955.7K,0.1%,Austria,,286.7K,tiktok,austria,False,2024,NA,NA,,
6,Sarah 🧸 @sarahthei,918.9K,-,Austria,Travel,275.7K,tiktok,austria,False,2024,Lifestyle,MAPPED,,Travel
7,Diablo @eldeldiablo_,844K,-,Austria,,253.2K,tiktok,austria,False,2024,NA,NA,,
8,wibmergabriel @wibmergabriel,829K,-,Austria,Outdoor Activity,248.7K,tiktok,austria,False,2024,Sports,MAPPED,,Outdoor Activity
9,ابو عباس @taanmohamed,817.5K,-,Austria,,245.3K,tiktok,austria,False,2024,NA,NA,,
10,mero🖤🔥 @nermenhassan02,793.1K,-,Austria,Acting and Drama,237.9K,tiktok,austria,False,2024,Entertainment,MAPPED,,Acting and Drama
11,@dave.vero.ink @dave.vero.ink,763.4K,-,Austria,,229K,tiktok,austria,False,2024,NA,NA,,
12,vienna ❤️‍🔥 @viennaayla,763.3K,0.1%,Austria,,229K,tiktok,austria,False,2024,NA,NA,,
13,الزير Delshair @delshair777,732.9K,-,Austria,,219.9K,tiktok,austria,False,2024,NA,NA,,
14,Avva @avva.ballerina3,691.1K,-,Austria,,207.3K,tiktok,austria,False,2024,NA,NA,,
15,Bildhauer Alex @official_bildhauer,678.1K,-,Austria,Arts and Crafts Home and Garden,203.4K,tiktok,austria,False,2024,Lifestyle,MAPPED,,Arts and Crafts Home and Garden
16,Maximilian Mateo 🤍✨ @maximilian.mateo,666.9K,-,Austria,Funny,200.1K,tiktok,austria,False,2024,Entertainment,MAPPED,,Funny
17,andiisworld @andiisworld,659.7K,-,Austria,Entertainment and Music Fashion and Accessories,197.9K,tiktok,austria,False,2024,Beauty&Fashion,MAPPED,,Entertainment and Music Fashion and Accessories
18,geridrux @gerid_rux,656.8K,-,Austria,Fitness and Health Travel Food,197K,tiktok,austria,False,2024,Sports,MAPPED,,Fitness and Health Travel Food
19,Lukas @lukas.spindler,643.2K,-,Austria,Sports,193K,tiktok,austria,False,2024,Sports,MAPPED,,Sports
20,Sarah @niziundsatsch,614.8K,-,Austria,,184.4K,tiktok,austria,False,2024,NA,NA,,
21,DJ Ötzi @dj_oetzi,614.4K,-,Austria,,184.3K,tiktok,austria,False,2024,NA,NA,,
22,Caroll @carollgil_,609.1K,-,Austria,,182.7K,tiktok,austria,False,2024,NA,NA,,
23,Red Bull Austria @redbullaustria,607.7K,-,Austria,Sports,182.3K,tiktok,austria,False,2024,Sports,MAPPED,,Sports
24,Sascha Zille @saschazille,588.3K,-,Austria,Entertainment and Music,176.5K,tiktok,austria,False,2024,Music,MAPPED,,Entertainment and Music
25,edits_detodo_un_poc0o @edits_detodo_un_poc0o,567.3K,0.2%,Austria,,170.2K,tiktok,austria,False,2024,NA,NA,,
26,✨Anαsταsια ✨ @nasti_pot,559.5K,-,Austria,,167.9K,tiktok,austria,False,2024,NA,NA,,
27,Bee/Luna 🐝 @lunalupo.cosplay,539.5K,-,Austria,,161.9K,tiktok,austria,False,2024,NA,NA,,
28,melsomm @melsomm,536.3K,-,Austria,Travel,160.9K,tiktok,austria,False,2024,Lifestyle,MAPPED,,Travel
29,แทนแทนฟุตบอลคลับ @tantan_football,523.1K,-,Austria,,156.9K,tiktok,austria,False,2024,NA,NA,,
30,kiana @kiana.e.a,512K,3.9%,Austria,Life and Society,153.6K,tiktok,austria,False,2024,Knowledge&Info,MAPPED,,Life and Society
31,danny on canvas @dannyoncanvas,486.4K,-,Austria,,145.9K,tiktok,austria,False,2024,NA,NA,,
32,hansi @hannahtulnik,457.5K,9.8%,Austria,Entertainment and Music,137.3K,tiktok,austria,False,2024,Music,MAPPED,,Entertainment and Music
33,STIVFITNESS @stivfitness,449.3K,-,Austria,,134.8K,tiktok,austria,False,2024,NA,NA,,
34,Schaefchen @schaefchen_17,441.5K,0.1%,Austria,,132.5K,tiktok,austria,False,2024,NA,NA,,
35,شجاع🤞😎 @l5lz_1,421.7K,-,Austria,,126.5K,tiktok,austria,False,2024,NA,NA,,
36,Hale Gündüz @hale.gndz,416.7K,-,Austria,,125K,tiktok,austria,False,2024,NA,NA,,
37,HicksMarvin | Marvin Teufl @hicksmarvin,416.7K,2%,Austria,Entertainment and Music,125K,tiktok,austria,False,2024,Music,MAPPED,,Entertainment and Music
38,emilia @hey_its_emi_,411.5K,-,Austria,,123.5K,tiktok,austria,False,2024,NA,NA,,
39,Doniaelhelw @doniaelhelw,404.9K,-,Austria,,121.5K,tiktok,austria,False,2024,NA,NA,,
40,juliachavanne @juliachavanne,402.9K,-,Austria,Fitness and Health,120.9K,tiktok,austria,False,2024,Sports,MAPPED,,Fitness and Health
41,AMELIEBRRR🐣 @ameliebrrr,390.2K,-,Austria,,117.1K,tiktok,austria,False,2024,NA,NA,,
42,ÖFB @oefb1904,387.5K,-,Austria,,116.3K,tiktok,austria,False,2024,NA,NA,,
43,Tony Z. Chen @tonyzchen,381K,-,Austria,,114.3K,tiktok,austria,False,2024,NA,NA,,
44,Clemens Graf von Hoyos @kniggeakademie,363.7K,-,Austria,,109.1K,tiktok,austria,False,2024,NA,NA,,
45,Kat @katpacher,362.1K,-,Austria,,108.6K,tiktok,austria,False,2024,NA,NA,,
46,خواطر اسلامية @hazem_taan_1,354K,-,Austria,,106.2K,tiktok,austria,False,2024,NA,NA,,
47,mk_creative @mk_creative,353.3K,0.1%,Austria,Photography,106K,tiktok,austria,False,2024,Lifestyle,MAPPED,,Photography
48,Eldin_S7 @eldin_s7,335K,-,Austria,,100.5K,tiktok,austria,False,2024,NA,NA,,
49,fabi.enne0805 @fabi.enne0805,331.4K,-,Austria,Entertainment and Music,99.4K,tiktok,austria,False,2024,Music,MAPPED,,Entertainment and Music
50,martyaustria @martyaustria,326.1K,-,Austria,Entertainment and Music Funny,97.8K,tiktok,austria,False,2024,Music,MAPPED,,Entertainment and Music Funny
51,@كائن الريهام😎🔥 @rihamkhalid183,325.9K,-,Austria,,97.8K,tiktok,austria,False,2024,NA,NA,,
52,Noah @noahgusi,325.4K,0.4%,Austria,,97.6K,tiktok,austria,False,2024,NA,NA,,
53,Lena @justtrustmeiknow,320.1K,-,Austria,,96K,tiktok,austria,False,2024,NA,NA,,
54,Tabea Lehner @tabealehner,317.1K,-,Austria,Entertainment and Music,95.1K,tiktok,austria,False,2024,Music,MAPPED,,Entertainment and Music
55,Hanna 🤍 @hannexa,304.8K,-,Austria,Entertainment and Music,91.4K,tiktok,austria,False,2024,Music,MAPPED,,Entertainment and Music
56,🅱️ a z z l e r o @bazzlero,304.4K,9%,Austria,Entertainment and Music,91.3K,tiktok,austria,False,2024,Music,MAPPED,,Entertainment and Music
57,Benni Wolf @benniiwolf,303.7K,-,Austria,Funny Life and Society,91.1K,tiktok,austria,False,2024,Knowledge&Info,MAPPED,,Funny Life and Society
58,Azu @azuka_on_tiktok,296.6K,-,Austria,,89K,tiktok,austria,False,2024,NA,NA,,
59,Tirolerschmäh @tirolerschmaeh,294K,0.1%,Austria,,88.2K,tiktok,austria,False,2024,NA,NA,,
60,Hamodyyyy🖤🔥 @hamody_20_7,289.5K,-,Austria,,86.9K,tiktok,austria,False,2024,NA,NA,,
61,No Way Out Escape @nowayoutescape,287.7K,-,Austria,,86.3K,tiktok,austria,False,2024,NA,NA,,
62,Zeit im Bild - ZIB @zeitimbild,287.3K,0.8%,Austria,,86.2K,tiktok,austria,False,2024,NA,NA,,
63,Lissy @lissytagebuch,287.2K,-,Austria,,86.2K,tiktok,austria,False,2024,NA,NA,,
64,Nathan Trent @uptrent,266.5K,-,Austria,,80K,tiktok,austria,False,2024,NA,NA,,
65,Mattiiiodersooo @mattiiiodersooo,263.6K,-,Austria,Entertainment and Music,79.1K,tiktok,austria,False,2024,Music,MAPPED,,Entertainment and Music
66,Mostafa Mohamed @mustafamohamed.11,263.3K,-,Austria,,79K,tiktok,austria,False,2024,NA,NA,,
67,✨BENU✨ @benuofficiaal,263K,0.1%,Austria,,78.9K,tiktok,austria,False,2024,NA,NA,,
68,𝑊𝑜𝑟𝑘𝑖𝑛𝑔𝑑𝑜𝑔𝑠 🇦🇹 @frano91,260.9K,-,Austria,Animals,78.3K,tiktok,austria,False,2024,Lifestyle,MAPPED,,Animals
69,amy9x19 @amy9x19,260.9K,-,Austria,Education Upskilling,78.3K,tiktok,austria,False,2024,Knowledge&Info,MAPPED,,Education Upskilling
70,Austriasginger @austriasginger,259.9K,-,Austria,,78K,tiktok,austria,False,2024,NA,NA,,
71,NoooN @jeffxchris,258.5K,0.8%,Austria,Entertainment and Music,77.6K,tiktok,austria,False,2024,Music,MAPPED,,Entertainment and Music
72,Charly Schwarz @charly_schwarz,257.8K,-,Austria,,77.3K,tiktok,austria,False,2024,NA,NA,,
73,Gibly @giblynow,253K,0.7%,Austria,Animation and Cosplay,75.9K,tiktok,austria,False,2024,Tech&Gaming,MAPPED,,Animation and Cosplay
74,مقتطفات+18😉 @jalals.tv,251.9K,0.1%,Austria,,75.6K,tiktok,austria,False,2024,NA,NA,,
75,Izudin Vejzovic @isko.izudin,238K,0.1%,Austria,Entertainment and Music,71.4K,tiktok,austria,False,2024,Music,MAPPED,,Entertainment and Music
76,SAM @samscheri,235.6K,0.2%,Austria,,70.7K,tiktok,austria,False,2024,NA,NA,,
77,Edith Mair @edithmair,233.7K,-,Austria,Beauty and Self Care Fashion and Accessories,70.1K,tiktok,austria,False,2024,Beauty&Fashion,MAPPED,,Beauty and Self Care Fashion and Accessories
78,majaaurell @majaaurell,232K,-,Austria,,69.6K,tiktok,austria,False,2024,NA,NA,,
79,Ardik7 @ardiiiii.k,229.3K,-,Austria,,68.8K,tiktok,austria,False,2024,NA,NA,,
80,JZ_VIE @jz_vie,229.1K,-,Austria,,68.7K,tiktok,austria,False,2024,NA,NA,,
81,PE 🇦🇹 @haqpyman,227.7K,0.5%,Austria,,68.3K,tiktok,austria,False,2024,NA,NA,,
82,florianmacek @florianmacek,227.7K,-,Austria,,68.3K,tiktok,austria,False,2024,NA,NA,,
83,𝕊𝕨𝕚𝕝𝕝 @swill_123,227.4K,-,Austria,,68.2K,tiktok,austria,False,2024,NA,NA,,
84,Yorman Sc @yorman_r.r,226.8K,0.1%,Austria,,68K,tiktok,austria,False,2024,NA,NA,,
85,alexej hauser @alexejhauser,223.3K,5.5%,Austria,,67K,tiktok,austria,False,2024,NA,NA,,
86,austrianrock @austrianrock333,222.3K,-,Austria,Fitness and Health Sports,66.7K,tiktok,austria,False,2024,Sports,MAPPED,,Fitness and Health Sports
87,uros veljic @ksi.highlight,220.1K,-,Austria,,66K,tiktok,austria,False,2024,NA,NA,,
88,fcredbullsalzburg @fcredbullsalzburg,219.3K,-,Austria,,65.8K,tiktok,austria,False,2024,NA,NA,,
89,_Natalie_ @allofnatalie,218.8K,-,Austria,,65.6K,tiktok,austria,False,2024,NA,NA,,
90,Stojo @stojo_official,208.5K,0.5%,Austria,,62.6K,tiktok,austria,False,2024,NA,NA,,
91,أمير بكلمتي @mardini710,207.4K,0.1%,Austria,,62.2K,tiktok,austria,False,2024,NA,NA,,
92,Patrick @just_patrick__,206.8K,-,Austria,,62K,tiktok,austria,False,2024,NA,NA,,
93,САВАННА @mur_the_cat,206.2K,-,Austria,,61.9K,tiktok,austria,False,2024,NA,NA,,
94,FeiziBine @feizibine,206.2K,-,Austria,,61.9K,tiktok,austria,False,2024,NA,NA,,
95,𝓑𝓪𝓻𝓫𝓲𝓮 @_barbiee_3,206K,-,Austria,,61.8K,tiktok,austria,False,2024,NA,NA,,
96,Marcel @soulofthehades,203.6K,-,Austria,,61.1K,tiktok,austria,False,2024,NA,NA,,
97,عووماأر⚽️🔥🔥 @omarmahmoud1911,198.4K,-,Austria,,59.5K,tiktok,austria,False,2024,NA,NA,,
98,max.drama @max.dramaa,197.7K,0.2%,Austria,,59.3K,tiktok,austria,False,2024,NA,NA,,
99,paulo.jani @paulo.jani,196.5K,-,Austria,,59K,tiktok,austria,False,2024,NA,NA,,
100,ⒶⓁⒺⓀⓈ @handyhinwohin.at,196.1K,-,Austria,Entertainment and Music,58.8K,tiktok,austria,False,2024,Music,MAPPED,,Entertainment and Music
1,Chris Lobanzo @chrislobanzo,6.5M,-,Belgien,Unterhaltung und Musik Business und Finanzen,2M,tiktok,belgium,False,2024,Knowledge&Info,MAPPED,,Entertainment and music business and finance
2,The Window Master @timothytancre,5.8M,-,Belgien,Fotografie,1.7M,tiktok,belgium,False,2024,Lifestyle,MAPPED,,Photo
3,Charlene @charlenevanwerveke,4.2M,-,Belgien,Romantik und Hochzeit,1.3M,tiktok,belgium,False,2024,Beauty&Fashion,MAPPED,,Romance and wedding
4,Stien Edlund @stienedlund,4.1M,-,Belgien,Mode und Accessoires,1.2M,tiktok,belgium,False,2024,Beauty&Fashion,MAPPED,,Fashion and accessories
5,aaron vancoppenolle @aaronthepoolshark,3.3M,-,Belgien,Unterhaltung und Musik,990K,tiktok,belgium,False,2024,Music,MAPPED,,Entertainment and music
6,SAB ♑️ @imallpanicnodisco,2.2M,-,Belgien,Unterhaltung und Musik,660K,tiktok,belgium,False,2024,Music,MAPPED,,Entertainment and music
7,Dylhan Fat @dylhanfat,1.9M,-,Belgien,Unterhaltung und Musik,570K,tiktok,belgium,False,2024,Music,MAPPED,,Entertainment and music
8,RSC Anderlecht @rscanderlecht,1.1M,-,Belgien,Sport,330K,tiktok,belgium,False,2024,Sports,MAPPED,,Sport
9,Nathan Nuyts @nathannuyts,1.1M,-,Belgien,,330K,tiktok,belgium,False,2024,NA,NA,,
10,𝕔𝕒𝕝𝕚𝕤𝕦𝕣𝕥𝕚𝕜𝕥𝕠𝕜 @calisurtiktok,1.1M,0.1%,Belgien,DIY und Lebenshacks Unterhaltung und Musik,330K,tiktok,belgium,False,2024,Music,MAPPED,,DIY and life hacks entertainment and music
11,PressTube @presstube,979.9K,-,Belgien,,294K,tiktok,belgium,False,2024,NA,NA,,
12,Gracekitoko @gracekitoko.rdc,863.1K,-,Belgien,,258.9K,tiktok,belgium,False,2024,NA,NA,,
13,Jeanfils @jeanfilslevrai,859.1K,-,Belgien,,257.7K,tiktok,belgium,False,2024,NA,NA,,
14,Acrozzz @acrozzz.drift,843K,-,Belgien,Videospiel,252.9K,tiktok,belgium,False,2024,Tech&Gaming,MAPPED,,Video game
15,Melissa / Parastou @melissa.kiani141595,815.3K,-,Belgien,,244.6K,tiktok,belgium,False,2024,NA,NA,,
16,🦋💫yörük_kızı🦋💫 @deroo_42,775.3K,0.1%,Belgien,,232.6K,tiktok,belgium,False,2024,NA,NA,,
17,TikTok queen 🇮🇹🇧🇪 @rose3brown,724.3K,-,Belgien,,217.3K,tiktok,belgium,False,2024,NA,NA,,
18,Stevebrada @stevebradaa,679K,-,Belgien,Lustig,203.7K,tiktok,belgium,False,2024,Entertainment,MAPPED,,Funny
19,Grisela @grissy_,663K,-,Belgien,Unterhaltung und Musik Essen,198.9K,tiktok,belgium,False,2024,Music,MAPPED,,Entertainment and music food
20,Macdi @macdi_off,648.2K,-,Belgien,,194.5K,tiktok,belgium,False,2024,NA,NA,,
21,HIJAB STYLE 🧕 @hijabx2022,642.1K,0.3%,Belgien,Mode und Accessoires,192.6K,tiktok,belgium,False,2024,Beauty&Fashion,MAPPED,,Fashion and accessories
22,Club Brugge @clubbrugge,635.7K,-,Belgien,Sport,190.7K,tiktok,belgium,False,2024,Sports,MAPPED,,Sport
23,Chloé Lebacq @spicyychloebaby,628.8K,-,Belgien,Romantik und Hochzeit,188.6K,tiktok,belgium,False,2024,Beauty&Fashion,MAPPED,,Romance and wedding
24,Sarah B.💛 @sarah_bossuwe,612.7K,-,Belgien,,183.8K,tiktok,belgium,False,2024,NA,NA,,
25,Denisa Berisha @d.enisaaa,586.8K,-,Belgien,,176K,tiktok,belgium,False,2024,NA,NA,,
26,Ramos Hajjaj @ramoshajjaj,579K,-,Belgien,,173.7K,tiktok,belgium,False,2024,NA,NA,,
27,แบงค์ @bankkk695,575K,0.2%,Belgien,,172.5K,tiktok,belgium,False,2024,NA,NA,,
28,iTunes @odayalsafar,571.2K,-,Belgien,,171.4K,tiktok,belgium,False,2024,NA,NA,,
29,Emilie and Jonas @emiliexojonas,570.2K,-,Belgien,Romantik und Hochzeit,171.1K,tiktok,belgium,False,2024,Beauty&Fashion,MAPPED,,Romance and wedding
30,Schoolfightquality @schoolfightquality,569K,14.1%,Belgien,,170.7K,tiktok,belgium,False,2024,NA,NA,,
31,Mackenzie Brilot @mackenziebrilot,565.3K,-,Belgien,,169.6K,tiktok,belgium,False,2024,NA,NA,,
32,Stijn Saman - Stino @stijnsaman,540.8K,0.4%,Belgien,Unterhaltung und Musik,162.2K,tiktok,belgium,False,2024,Music,MAPPED,,Entertainment and music
33,Stlarusse🤪🤣 @stlarussee,535.4K,-,Belgien,Unterhaltung und Musik,160.6K,tiktok,belgium,False,2024,Music,MAPPED,,Entertainment and music
34,سيد دنياصور 🦖 @mosayosf1,516.6K,-,Belgien,,155K,tiktok,belgium,False,2024,NA,NA,,
35,Average Rob @averagerob,502.3K,0.2%,Belgien,,150.7K,tiktok,belgium,False,2024,NA,NA,,
36,Célia @celia_itvai,492.9K,0.8%,Belgien,,147.9K,tiktok,belgium,False,2024,NA,NA,,
37,Jeny Bsg @jenybsg93,488.3K,-,Belgien,Unterhaltung und Musik,146.5K,tiktok,belgium,False,2024,Music,MAPPED,,Entertainment and music
38,LemedTV sur twitch @lemedtv,487.7K,-,Belgien,Unterhaltung und Musik,146.3K,tiktok,belgium,False,2024,Music,MAPPED,,Entertainment and music
39,Koda @kodaytb_,479.8K,0.2%,Belgien,,143.9K,tiktok,belgium,False,2024,NA,NA,,
40,LUFY @lufyyyy,467.2K,-,Belgien,Lustig Familie,140.2K,tiktok,belgium,False,2024,Entertainment,MAPPED,,Funny family
41,💎Анатолий💎 @anatolishutak,459.6K,-,Belgien,,137.9K,tiktok,belgium,False,2024,NA,NA,,
42,🐼EL PANDA🐼 @abe_10k,450.1K,-,Belgien,,135K,tiktok,belgium,False,2024,NA,NA,,
43,Hannes Coudenys @hannescoudenys,435.8K,-,Belgien,,130.7K,tiktok,belgium,False,2024,NA,NA,,
44,manon :) @manontondut,434K,-,Belgien,,130.2K,tiktok,belgium,False,2024,NA,NA,,
45,Julie Vermeire @julievermeire,433.5K,-,Belgien,Unterhaltung und Musik,130.1K,tiktok,belgium,False,2024,Music,MAPPED,,Entertainment and music
46,elo spits @elodie_spits,432.8K,-,Belgien,,129.8K,tiktok,belgium,False,2024,NA,NA,,
47,nathalievandenberg @nathalievandenberg,394.7K,-,Belgien,Mode und Accessoires Reisen,118.4K,tiktok,belgium,False,2024,Beauty&Fashion,MAPPED,,Fashion and accessories travel
48,k3.studio100 @k3.officieel,368K,-,Belgien,Unterhaltung und Musik,110.4K,tiktok,belgium,False,2024,Music,MAPPED,,Entertainment and music
49,L 2B 💙 @_l2b_,364.7K,-,Belgien,,109.4K,tiktok,belgium,False,2024,NA,NA,,
50,Velaktro @velaktro,363.2K,0.2%,Belgien,Unterhaltung und Musik,109K,tiktok,belgium,False,2024,Music,MAPPED,,Entertainment and music
51,suzanna.demaeyer @suzanna.demaeyer,344.5K,-,Belgien,,103.4K,tiktok,belgium,False,2024,NA,NA,,
52,maxbalandra @maxbalandra02,343.5K,-,Belgien,,103.1K,tiktok,belgium,False,2024,NA,NA,,
53,bcsignature @bcsignature,340.3K,-,Belgien,Auto und Fahrzeuge,102.1K,tiktok,belgium,False,2024,Tech&Gaming,MAPPED,,Car and vehicles
54,TaartenTatyana @taartentatyana,337.3K,-,Belgien,,101.2K,tiktok,belgium,False,2024,NA,NA,,
55,Bert @bertnoternie,332.3K,0.4%,Belgien,,99.7K,tiktok,belgium,False,2024,NA,NA,,
56,Ketnet @ketnet_officieel,314.7K,-,Belgien,Bildung,94.4K,tiktok,belgium,False,2024,Knowledge&Info,MAPPED,,Education
57,Belgo @belgoturkyt,311.4K,-,Belgien,,93.4K,tiktok,belgium,False,2024,NA,NA,,
58,hortaemvasosnaeuropa @hortaemvasosnaeuropa,309.2K,0.2%,Belgien,,92.8K,tiktok,belgium,False,2024,NA,NA,,
59,Tess Taelman @tesstaelman,307.7K,-,Belgien,,92.3K,tiktok,belgium,False,2024,NA,NA,,
60,guappamayy @guappamayy,303.2K,0.2%,Belgien,,91K,tiktok,belgium,False,2024,NA,NA,,
61,Camille 👄 @camilledlby,299.7K,-,Belgien,,89.9K,tiktok,belgium,False,2024,NA,NA,,
62,Alessio 📽 @pz.alessio,297.5K,-,Belgien,,89.3K,tiktok,belgium,False,2024,NA,NA,,
63,KAA Gent @kaagent,297.2K,-,Belgien,,89.2K,tiktok,belgium,False,2024,NA,NA,,
64,rachelnimegeers @rachelnimegeers,295.7K,-,Belgien,Unterhaltung und Musik,88.7K,tiktok,belgium,False,2024,Music,MAPPED,,Entertainment and music
65,kimberley_romaine @kimberley.romaine,294K,-,Belgien,Bildung Unterhaltung und Musik,88.2K,tiktok,belgium,False,2024,Knowledge&Info,MAPPED,,Education entertainment and music
66,Douzi @douziofficial,291.2K,-,Belgien,,87.4K,tiktok,belgium,False,2024,NA,NA,,
67,LAUREN დ @siricalauren,287.8K,-,Belgien,,86.3K,tiktok,belgium,False,2024,NA,NA,,
68,Jean-Claude Van Damme @jcvdtv,287.4K,0.2%,Belgien,Schauspiel und Drama,86.2K,tiktok,belgium,False,2024,Entertainment,MAPPED,,Acting and drama
69,Instagram : cedced_vm @cedrakpirate,282.2K,0.1%,Belgien,,84.7K,tiktok,belgium,False,2024,NA,NA,,
70,Noah Clai 🥥 @noah.clai,280.9K,-,Belgien,,84.3K,tiktok,belgium,False,2024,NA,NA,,
71,Ralfagram @ralfagram,279.1K,-,Belgien,,83.7K,tiktok,belgium,False,2024,NA,NA,,
72,BR4Zx FF @br4zx_uxiha,278.5K,4%,Belgien,,83.6K,tiktok,belgium,False,2024,NA,NA,,
73,The Belgian Blondie @thebelgianblondie,275.7K,-,Belgien,Essen und Trinken Mode,82.7K,tiktok,belgium,False,2024,Beauty&Fashion,MAPPED,,Food and drink fashion
74,Anastasiya @cocon_de_nesty,274.3K,0.3%,Belgien,Kunst und Handwerk,82.3K,tiktok,belgium,False,2024,Lifestyle,MAPPED,,Arts and crafts
75,Alex @sttasenko,267.3K,0.1%,Belgien,,80.2K,tiktok,belgium,False,2024,NA,NA,,
76,Anisa 🖤 @anisadebacker,267K,-,Belgien,,80.1K,tiktok,belgium,False,2024,NA,NA,,
77,arjenspittael @lifebyarjen,266.5K,-,Belgien,Reisen,80K,tiktok,belgium,False,2024,Lifestyle,MAPPED,,Travel
78,Tarmac @tarmac,263.3K,0.1%,Belgien,,79K,tiktok,belgium,False,2024,NA,NA,,
79,HAYTAM 🥥 @haytam_mrn,255K,-,Belgien,,76.5K,tiktok,belgium,False,2024,NA,NA,,
80,CarlDeman @calledeman,251.2K,0.3%,Belgien,,75.4K,tiktok,belgium,False,2024,NA,NA,,
81,𝔀𝓮𝓮𝓻𝓪𝓼𝓪𝓴_🦊 @raseep12,243.3K,0.2%,Belgien,Sport,73K,tiktok,belgium,False,2024,Sports,MAPPED,,Sport
82,Thor and Vader ❤️ @thorthebelgian,242K,-,Belgien,Tiere Haustiere,72.6K,tiktok,belgium,False,2024,Lifestyle,MAPPED,,Animals pets
83,Vincent Bal465 @shadowology,238.8K,-,Belgien,Kunst und Handwerk,71.6K,tiktok,belgium,False,2024,Lifestyle,MAPPED,,Arts and crafts
84,•s a l s 🧛 @salsxbn,237.5K,-,Belgien,,71.3K,tiktok,belgium,False,2024,NA,NA,,
85,Lenka :) @verlenkabel,236.3K,-,Belgien,,70.9K,tiktok,belgium,False,2024,NA,NA,,
86,Karrewiet @karrewiet,234.1K,0.6%,Belgien,,70.2K,tiktok,belgium,False,2024,NA,NA,,
87,Aude Houdart @audehoudartt,231.8K,-,Belgien,Schönheit und Selbstpflege,69.5K,tiktok,belgium,False,2024,Beauty&Fashion,MAPPED,,Beauty and self care
88,OmarBomouce @omarandbomouce,231.5K,0.1%,Belgien,Prominenter,69.5K,tiktok,belgium,False,2024,Entertainment,MAPPED,,Celebrity
89,ig: belgicasasha @belgicasasha,231.4K,-,Belgien,,69.4K,tiktok,belgium,False,2024,NA,NA,,
90,Alie @alie_official,230.9K,-,Belgien,,69.3K,tiktok,belgium,False,2024,NA,NA,,
91,Caroline Van Cauter @caroline.vancauter,226.6K,0.2%,Belgien,,68K,tiktok,belgium,False,2024,NA,NA,,
92,Thomas Delvaux @thomas.delvaux,224.1K,-,Belgien,,67.2K,tiktok,belgium,False,2024,NA,NA,,
93,ciuci👑 @ciuci_t,223.2K,-,Belgien,,67K,tiktok,belgium,False,2024,NA,NA,,
94,roor @rawanali851,222K,-,Belgien,,66.6K,tiktok,belgium,False,2024,NA,NA,,
95,ortsagram @ortsagram,221.3K,0.1%,Belgien,,66.4K,tiktok,belgium,False,2024,NA,NA,,
96,Céline @madamecelinec,219.4K,-,Belgien,,65.8K,tiktok,belgium,False,2024,NA,NA,,
97,Tireje culin @idkmyname2323,218.7K,-,Belgien,,65.6K,tiktok,belgium,False,2024,NA,NA,,
98,marthedepillecyn @marthi.party,217.4K,0.3%,Belgien,Kunst und Handwerk,65.2K,tiktok,belgium,False,2024,Lifestyle,MAPPED,,Arts and crafts
99,Pommelien Thijs @pommelienpommelien,217.1K,0.1%,Belgien,,65.1K,tiktok,belgium,False,2024,NA,NA,,
100,🐰zanarah_official😸 @zanarah_official,216K,-,Belgien,,64.8K,tiktok,belgium,False,2024,NA,NA,,
1,Ale Pinedo @alepinedotv,4.2M,-,Bolivia,,1.3M,tiktok,bolivia,False,2024,NA,NA,,
2,Alex SG. Lyrics♪ @alex___sg,2.5M,-,Bolivia,,750K,tiktok,bolivia,False,2024,NA,NA,,
3,𝙘𝙤𝙥𝙮 𝙘𝙖𝙩 @juli_antecam,2.3M,-,Bolivia,,690K,tiktok,bolivia,False,2024,NA,NA,,
4,Carlos Marquina @carlosmarquina,1.3M,-,Bolivia,Entertainment and Music,390K,tiktok,bolivia,False,2024,Music,MAPPED,,Entertainment and Music
5,Minecraft Picraftsso @picraftsso,1.3M,0.3%,Bolivia,Arts and Crafts DIY and Life Hacks,390K,tiktok,bolivia,False,2024,Lifestyle,MAPPED,,Arts and Crafts DIY and Life Hacks
6,YOSSU @yossuvalerioo,1M,-,Bolivia,,300K,tiktok,bolivia,False,2024,NA,NA,,
7,Eduardo Escobar @eduescobar11,980.1K,-,Bolivia,,294K,tiktok,bolivia,False,2024,NA,NA,,
8,Ferjin💜 @ferjin010,969.3K,-,Bolivia,Entertainment and Music,290.8K,tiktok,bolivia,False,2024,Music,MAPPED,,Entertainment and Music
9,SOYFENIX @soy.fenix,965.5K,-,Bolivia,,289.7K,tiktok,bolivia,False,2024,NA,NA,,
10,A tu rollo @a_tu_rollosczbo,892.5K,-,Bolivia,,267.8K,tiktok,bolivia,False,2024,NA,NA,,
11,𝓓𝓪𝓿𝓲 🤍 @daviartl,874.1K,-,Bolivia,Nature,262.2K,tiktok,bolivia,False,2024,Lifestyle,MAPPED,,Nature
12,LuisLuchoVLogs @luislucho_vlogs,859.5K,-,Bolivia,,257.9K,tiktok,bolivia,False,2024,NA,NA,,
13,Betza Bot @ff_betzaaa,856.7K,0.1%,Bolivia,,257K,tiktok,bolivia,False,2024,NA,NA,,
14,King Paz @kingpaz_oficial,837.3K,0.1%,Bolivia,,251.2K,tiktok,bolivia,False,2024,NA,NA,,
15,Nagueli_1 @nagueli,819.7K,-,Bolivia,Travel,245.9K,tiktok,bolivia,False,2024,Lifestyle,MAPPED,,Travel
16,Paluleos paluleos @paluleos2,804.1K,-,Bolivia,,241.2K,tiktok,bolivia,False,2024,NA,NA,,
17,Yarit @yaritmusica,797.2K,0.1%,Bolivia,Entertainment and Music,239.2K,tiktok,bolivia,False,2024,Music,MAPPED,,Entertainment and Music
18,BTSANTO🇧🇴 @btsanto_,794.8K,-,Bolivia,,238.4K,tiktok,bolivia,False,2024,NA,NA,,
19,Fernando Villarroel @ferchovillarroel,792.6K,0.1%,Bolivia,,237.8K,tiktok,bolivia,False,2024,NA,NA,,
20,Jime @jimenasuarezv,775.8K,-,Bolivia,,232.7K,tiktok,bolivia,False,2024,NA,NA,,
21,Paisanitas 🤗🇧🇴 @valeriapaisanita,775.7K,0.2%,Bolivia,,232.7K,tiktok,bolivia,False,2024,NA,NA,,
22,@soyluciAn’S @lucianamunoz7857,771.9K,0.5%,Bolivia,,231.6K,tiktok,bolivia,False,2024,NA,NA,,
23,Anabel Angus @anabelangusa,766.5K,-,Bolivia,,230K,tiktok,bolivia,False,2024,NA,NA,,
24,Haruu_xdd @haruu_414,755K,-,Bolivia,,226.5K,tiktok,bolivia,False,2024,NA,NA,,
25,Middagh @eimimiddagh,736K,0.1%,Bolivia,,220.8K,tiktok,bolivia,False,2024,NA,NA,,
26,Daniela Galvan M. @danielagalvanmolina,720.9K,-,Bolivia,,216.3K,tiktok,bolivia,False,2024,NA,NA,,
27,🇦🇹 🇧🇴🇳🇬 SCZ LEO❤️ @scz_leo1,698.5K,0.1%,Bolivia,,209.6K,tiktok,bolivia,False,2024,NA,NA,,
28,mavis..70 @mavis..70,693.5K,-,Bolivia,,208.1K,tiktok,bolivia,False,2024,NA,NA,,
29,Raion @theraionmc,665.8K,-,Bolivia,Entertainment and Music,199.7K,tiktok,bolivia,False,2024,Music,MAPPED,,Entertainment and Music
30,Maria Rene Leaños @rene_0002,657.4K,-,Bolivia,,197.2K,tiktok,bolivia,False,2024,NA,NA,,
31,Ceci ✨ @ceciliaanayaa,656.2K,0.3%,Bolivia,,196.9K,tiktok,bolivia,False,2024,NA,NA,,
32,Jose Maria Nuñez Lop @josema2197,652.6K,0.1%,Bolivia,,195.8K,tiktok,bolivia,False,2024,NA,NA,,
33,ff_D!€GU!TO_ff @ff_thdiego,650.6K,0.2%,Bolivia,,195.2K,tiktok,bolivia,False,2024,NA,NA,,
34,⛩⬛🈲️ANIMA🈲️⬛⛩ @anima.f7,650.5K,0.2%,Bolivia,,195.2K,tiktok,bolivia,False,2024,NA,NA,,
35,David Mercado @davidmercadop,642.8K,-,Bolivia,,192.8K,tiktok,bolivia,False,2024,NA,NA,,
36,Cristian Quino @quino27_7,639.1K,-,Bolivia,,191.7K,tiktok,bolivia,False,2024,NA,NA,,
37,Librada Vergara @libradavergara4,613.8K,-,Bolivia,,184.1K,tiktok,bolivia,False,2024,NA,NA,,
38,🎶 Yoana ✨ @_..yoana_..music,608.1K,0.2%,Bolivia,,182.4K,tiktok,bolivia,False,2024,NA,NA,,
39,Ana Ormeño @anaormeno,596.3K,-,Bolivia,Travel,178.9K,tiktok,bolivia,False,2024,Lifestyle,MAPPED,,Travel
40,cake_boss0 @cake_boss0,591.8K,-,Bolivia,,177.5K,tiktok,bolivia,False,2024,NA,NA,,
41,𝐀𝐧𝐭𝐨𝐧𝐲 @antony_sau1,589.7K,-,Bolivia,Photography,176.9K,tiktok,bolivia,False,2024,Lifestyle,MAPPED,,Photography
42,Gabriel Justiniano @elgaboooo0,585.7K,0.1%,Bolivia,,175.7K,tiktok,bolivia,False,2024,NA,NA,,
43,Alex ozu♥️💥 @alexozusoge12,577.9K,-,Bolivia,,173.4K,tiktok,bolivia,False,2024,NA,NA,,
44,ElBoliviano @e.p.r.s,565.9K,-,Bolivia,,169.8K,tiktok,bolivia,False,2024,NA,NA,,
45,Kevin Valencia @valenciak7,557K,0.2%,Bolivia,Education,167.1K,tiktok,bolivia,False,2024,Knowledge&Info,MAPPED,,Education
46,gatocringe @gatocringe211,552.1K,-,Bolivia,,165.6K,tiktok,bolivia,False,2024,NA,NA,,
47,Edson Castro @soypapiedson,542.3K,0.2%,Bolivia,,162.7K,tiktok,bolivia,False,2024,NA,NA,,
48,🌈 Nico Arnez 🌟 @nicoarnezz,531.7K,-,Bolivia,,159.5K,tiktok,bolivia,False,2024,NA,NA,,
49,Cesar Mollinedo @cesarwithyou2,524.3K,-,Bolivia,,157.3K,tiktok,bolivia,False,2024,NA,NA,,
50,ＬＵＣＫＥＲღᴳ @lucker_cocalero,521.9K,-,Bolivia,,156.6K,tiktok,bolivia,False,2024,NA,NA,,
51,Jonathan Bacana @jonathanbacana6,520K,0.2%,Bolivia,Video Gaming,156K,tiktok,bolivia,False,2024,Tech&Gaming,MAPPED,,Video Gaming
52,Ana Laura Franco Sua @anafrancosrz,516.8K,-,Bolivia,,155K,tiktok,bolivia,False,2024,NA,NA,,
53,Natalia T @nattoledop,512.2K,-,Bolivia,,153.7K,tiktok,bolivia,False,2024,NA,NA,,
54,RED UNO DE BOLIVIA @redunotv,492.3K,-,Bolivia,Entertainment and Music,147.7K,tiktok,bolivia,False,2024,Music,MAPPED,,Entertainment and Music
55,Jhoanna22 @jhoanna22_,491.8K,-,Bolivia,,147.5K,tiktok,bolivia,False,2024,NA,NA,,
56,Khail @khail_27,491.6K,0.6%,Bolivia,,147.5K,tiktok,bolivia,False,2024,NA,NA,,
57,Ainhoa Agreda @babynhoauwu,488.6K,-,Bolivia,,146.6K,tiktok,bolivia,False,2024,NA,NA,,
58,useranime_Naruto_ @useranime_naruto_oficial,483.8K,-,Bolivia,,145.1K,tiktok,bolivia,False,2024,NA,NA,,
59,𝒜𝒷𝒷𝓎🤍 @abigailriosnieve,461.7K,0.1%,Bolivia,,138.5K,tiktok,bolivia,False,2024,NA,NA,,
60,Anavacortes @anavacortes,459.8K,-,Bolivia,,137.9K,tiktok,bolivia,False,2024,NA,NA,,
61,亚瑟 arthur @dt8arthur,444.1K,-,Bolivia,,133.2K,tiktok,bolivia,False,2024,NA,NA,,
62,PANÉ CONTRERAS @_el_pana_futbol_,437.6K,0.2%,Bolivia,,131.3K,tiktok,bolivia,False,2024,NA,NA,,
63,Gilmar Zambrana @gigito_max1,424.7K,-,Bolivia,,127.4K,tiktok,bolivia,False,2024,NA,NA,,
64,Hache. @_hache__,421.3K,-,Bolivia,,126.4K,tiktok,bolivia,False,2024,NA,NA,,
65,Daniel Cuéllar @d4niel_cuell4r,413.7K,-,Bolivia,,124.1K,tiktok,bolivia,False,2024,NA,NA,,
66,Sun Ho @ritodeviluke3,412.8K,-,Bolivia,,123.8K,tiktok,bolivia,False,2024,NA,NA,,
67,Luz cruz 2117 @luzcruz2117,411.3K,-,Bolivia,,123.4K,tiktok,bolivia,False,2024,NA,NA,,
68,Ruby Avila @rubyavilauriona,401.5K,-,Bolivia,,120.5K,tiktok,bolivia,False,2024,NA,NA,,
69,Patricia Pedraza @patriciapedraza58,394.3K,-,Bolivia,,118.3K,tiktok,bolivia,False,2024,NA,NA,,
70,🌻🌷marina carrim🌹🌺 @marimend177,394.1K,0.5%,Bolivia,,118.2K,tiktok,bolivia,False,2024,NA,NA,,
71,Tumblr. Its @tumblr114,389.2K,0.1%,Bolivia,,116.8K,tiktok,bolivia,False,2024,NA,NA,,
72,KIRYNG @kiryng,388K,-,Bolivia,,116.4K,tiktok,bolivia,False,2024,NA,NA,,
73,David palacios @alanw131david,386.8K,-,Bolivia,,116K,tiktok,bolivia,False,2024,NA,NA,,
74,Sergio Gumiel @sergiogumiel,383.5K,-,Bolivia,,115.1K,tiktok,bolivia,False,2024,NA,NA,,
75,Jahiron Bascopé @jahironfotografia,371.9K,0.1%,Bolivia,Photography,111.6K,tiktok,bolivia,False,2024,Lifestyle,MAPPED,,Photography
76,Tik toker @ntl_ex,371.2K,1.6%,Bolivia,,111.4K,tiktok,bolivia,False,2024,NA,NA,,
77,Noemi Ramos @noemiramos027,368K,-,Bolivia,,110.4K,tiktok,bolivia,False,2024,NA,NA,,
78,ani_diybts @ani_diybts,367K,0.6%,Bolivia,DIY and Life Hacks,110.1K,tiktok,bolivia,False,2024,Lifestyle,MAPPED,,DIY and Life Hacks
79,carolcarla_megaruffo @megaruffo_carolcarla,366.1K,-,Bolivia,,109.8K,tiktok,bolivia,False,2024,NA,NA,,
80,videosdeterror64 @videosdeterror.666,366.1K,-,Bolivia,,109.8K,tiktok,bolivia,False,2024,NA,NA,,
81,Moira Armella Barriga @moibarriga,365.1K,-,Bolivia,,109.5K,tiktok,bolivia,False,2024,NA,NA,,
82,kinyocassidy @kinyocassidy,363.8K,-,Bolivia,Pets,109.1K,tiktok,bolivia,False,2024,Lifestyle,MAPPED,,Pets
83,⚡Soy_Hilda🥰🌹 @soy_hilda1,358.5K,0.3%,Bolivia,,107.6K,tiktok,bolivia,False,2024,NA,NA,,
84,Pelusita123 @pelu123,357.2K,-,Bolivia,Pets,107.2K,tiktok,bolivia,False,2024,Lifestyle,MAPPED,,Pets
85,Alvinich @alvinicho,356.2K,0.5%,Bolivia,,106.9K,tiktok,bolivia,False,2024,NA,NA,,
86,mamensaavedra @mamensaavedra,352K,0.6%,Bolivia,,105.6K,tiktok,bolivia,False,2024,NA,NA,,
87,RanitaAlva @ranitaalva,346.4K,-,Bolivia,Pets,103.9K,tiktok,bolivia,False,2024,Lifestyle,MAPPED,,Pets
88,frederick.kelley @frederick.kelley,344.4K,-,Bolivia,,103.3K,tiktok,bolivia,False,2024,NA,NA,,
89,Izumi_Jamado @izumi_jamado,342.9K,0.1%,Bolivia,,102.9K,tiktok,bolivia,False,2024,NA,NA,,
90,GonzaloXZ @gonzaloxz,340.1K,5.5%,Bolivia,,102K,tiktok,bolivia,False,2024,NA,NA,,
91,Nicol Michel @nicolmichelq,336.7K,-,Bolivia,,101K,tiktok,bolivia,False,2024,NA,NA,,
92,Haru_xd @haruu_xd,335.8K,-,Bolivia,,100.7K,tiktok,bolivia,False,2024,NA,NA,,
93,Juan Vargas @simpply.juan,334.9K,-,Bolivia,,100.5K,tiktok,bolivia,False,2024,NA,NA,,
94,Bryan Limon @lemonsvet,333.7K,-,Bolivia,,100.1K,tiktok,bolivia,False,2024,NA,NA,,
95,✨ 𝓐𝓝𝓓𝓡𝓔𝓐 ✨ @andreaferrada976,331.3K,0.3%,Bolivia,Entertainment and Music,99.4K,tiktok,bolivia,False,2024,Music,MAPPED,,Entertainment and Music
96,Abuelita Divertida 🇧🇴🇧🇴 @abuelitadivertidajr,329.9K,-,Bolivia,,99K,tiktok,bolivia,False,2024,NA,NA,,
97,Daniela Rodriguez @soydanyelamx,328.3K,-,Bolivia,,98.5K,tiktok,bolivia,False,2024,NA,NA,,
98,Nikokoro @nofun.com,327.2K,0.4%,Bolivia,,98.2K,tiktok,bolivia,False,2024,NA,NA,,
99,Roxeth @roxeth_a,319.8K,-,Bolivia,,95.9K,tiktok,bolivia,False,2024,NA,NA,,
100,CAMI @camilanenos,319.7K,-,Bolivia,,95.9K,tiktok,bolivia,False,2024,NA,NA,,
1,beca @beca,29.2M,1%,Brazil,Travel,8.8M,tiktok,brazil,False,2024,Lifestyle,MAPPED,,Travel
2,+a @maisa,19.7M,0.6%,Brazil,Arts and Crafts,5.9M,tiktok,brazil,False,2024,Lifestyle,MAPPED,,Arts and Crafts
3,Ingrid Ohara @ingridohara,17.1M,0.7%,Brazil,Entertainment and Music,5.1M,tiktok,brazil,False,2024,Music,MAPPED,,Entertainment and Music
4,Luísa Sonza @luisasonza,16.3M,0.7%,Brazil,Music,4.9M,tiktok,brazil,False,2024,Music,MAPPED,,Music
5,Felipe Neto @felipeneto,15.5M,-,Brazil,,4.7M,tiktok,brazil,False,2024,NA,NA,,
6,Emilly Vick @emillyvickof,15.3M,-,Brazil,Fashion and Accessories Beauty and Self Care,4.6M,tiktok,brazil,False,2024,Beauty&Fashion,MAPPED,,Fashion and Accessories Beauty and Self Care
7,LK @lkzinhu,14.5M,-,Brazil,Arts and Crafts,4.4M,tiktok,brazil,False,2024,Lifestyle,MAPPED,,Arts and Crafts
8,nilson ☻ @nilsonneto,13.3M,-,Brazil,Entertainment and Music,4M,tiktok,brazil,False,2024,Music,MAPPED,,Entertainment and Music
9,marcelotwelve @marcelotwelve,11.7M,-,Brazil,,3.5M,tiktok,brazil,False,2024,NA,NA,,
10,Isaías @isaias,11.2M,-,Brazil,Entertainment and Music Funny Acting and Drama,3.4M,tiktok,brazil,False,2024,Music,MAPPED,,Entertainment and Music Funny Acting and Drama
11,Netflix Brasil @netflixbrasil,10.2M,-,Brazil,Entertainment and Music,3.1M,tiktok,brazil,False,2024,Music,MAPPED,,Entertainment and Music
12,Celso Portiolli @portiolli,9.8M,-,Brazil,,2.9M,tiktok,brazil,False,2024,NA,NA,,
13,Gabriela Moura @gabimfmoura,9.4M,3.6%,Brazil,,2.8M,tiktok,brazil,False,2024,NA,NA,,
14,TikTok Brasil @tiktokbrasil,9.3M,-,Brazil,Entertainment and Music,2.8M,tiktok,brazil,False,2024,Music,MAPPED,,Entertainment and Music
15,Ananda @ananda,9.2M,-,Brazil,Entertainment and Music,2.8M,tiktok,brazil,False,2024,Music,MAPPED,,Entertainment and Music
16,Raissa Chaddad @raissachaddad,8.9M,-,Brazil,Acting and Drama,2.7M,tiktok,brazil,False,2024,Entertainment,MAPPED,,Acting and Drama
17,Victtória Medeiros @victtoriamedeiros,8.8M,2.7%,Brazil,,2.6M,tiktok,brazil,False,2024,NA,NA,,
18,Simaria @simaria,8.7M,0.1%,Brazil,,2.6M,tiktok,brazil,False,2024,NA,NA,,
19,lisa @lisabarcelox,8.5M,-,Brazil,,2.6M,tiktok,brazil,False,2024,NA,NA,,
20,Jeipy @j3ipy_,8.1M,0.1%,Brazil,Education Entertainment and Music,2.4M,tiktok,brazil,False,2024,Knowledge&Info,MAPPED,,Education Entertainment and Music
21,João Ferdnan @joaoferdnan,7.7M,0.1%,Brazil,Entertainment and Music,2.3M,tiktok,brazil,False,2024,Music,MAPPED,,Entertainment and Music
22,Jojo Todynho @jojotodynho,7.5M,-,Brazil,,2.3M,tiktok,brazil,False,2024,NA,NA,,
23,Humorista Talokudo @talokudo,7.2M,-,Brazil,Funny,2.2M,tiktok,brazil,False,2024,Entertainment,MAPPED,,Funny
24,Kau @kauanahofem,7.1M,-,Brazil,,2.1M,tiktok,brazil,False,2024,NA,NA,,
25,Thiago Ventura @othiagoventura,6.9M,-,Brazil,Entertainment and Music Funny Celebrity,2.1M,tiktok,brazil,False,2024,Music,MAPPED,,Entertainment and Music Funny Celebrity
26,Mateus Pain @mateuspain,6.8M,0.3%,Brazil,Entertainment and Music,2M,tiktok,brazil,False,2024,Music,MAPPED,,Entertainment and Music
27,yaszou @yaszou,6.7M,-,Brazil,Fashion and Accessories,2M,tiktok,brazil,False,2024,Beauty&Fashion,MAPPED,,Fashion and Accessories
28,LOUD Mii @loud_mi,6.5M,-,Brazil,Entertainment and Music,2M,tiktok,brazil,False,2024,Music,MAPPED,,Entertainment and Music
29,Juliana Paiva @juuliana_paiva,6.4M,1.1%,Brazil,Acting and Drama Celebrity,1.9M,tiktok,brazil,False,2024,Entertainment,MAPPED,,Acting and Drama Celebrity
30,taby @tabyoriginal,5.8M,-,Brazil,Fashion and Accessories,1.7M,tiktok,brazil,False,2024,Beauty&Fashion,MAPPED,,Fashion and Accessories
31,Aninha Pereira @aninha,5.7M,-,Brazil,Arts and Crafts,1.7M,tiktok,brazil,False,2024,Lifestyle,MAPPED,,Arts and Crafts
32,Ramana Borba @ramanaborba,5.6M,-,Brazil,,1.7M,tiktok,brazil,False,2024,NA,NA,,
33,Júlio Cocielo @cocielo,5.4M,0.1%,Brazil,Entertainment and Music,1.6M,tiktok,brazil,False,2024,Music,MAPPED,,Entertainment and Music
34,Tami @tamiriarodrigues,5.2M,-,Brazil,Fitness and Health,1.6M,tiktok,brazil,False,2024,Sports,MAPPED,,Fitness and Health
35,Amanda Araújo @_amanndaraujo,5.1M,1.6%,Brazil,Entertainment and Music,1.5M,tiktok,brazil,False,2024,Music,MAPPED,,Entertainment and Music
36,Edivando Junior @ediqueixinho,5.1M,2.4%,Brazil,Entertainment and Music,1.5M,tiktok,brazil,False,2024,Music,MAPPED,,Entertainment and Music
37,Carol Chamberlain @carolchamberlain,5.1M,-,Brazil,Acting and Drama,1.5M,tiktok,brazil,False,2024,Entertainment,MAPPED,,Acting and Drama
38,Daniele Lopes @danielelopes.s,5M,-,Brazil,,1.5M,tiktok,brazil,False,2024,NA,NA,,
39,Ana Julia Mallmann ✨ @ana_mallmann_,5M,-,Brazil,,1.5M,tiktok,brazil,False,2024,NA,NA,,
40,Bruna Louise @abrunalouise,5M,-,Brazil,,1.5M,tiktok,brazil,False,2024,NA,NA,,
41,Dani Russo @danirussotv,5M,-,Brazil,Entertainment and Music,1.5M,tiktok,brazil,False,2024,Music,MAPPED,,Entertainment and Music
42,doarda @doarda,4.9M,-,Brazil,Life and Society Travel,1.5M,tiktok,brazil,False,2024,Knowledge&Info,MAPPED,,Life and Society Travel
43,Laizza @laizza,4.9M,-,Brazil,,1.5M,tiktok,brazil,False,2024,NA,NA,,
44,Marina Ruy Barbosa @marinaruybarbosa,4.9M,-,Brazil,,1.5M,tiktok,brazil,False,2024,NA,NA,,
45,Marvin @marvinlaqueen,4.9M,-,Brazil,Entertainment and Music,1.5M,tiktok,brazil,False,2024,Music,MAPPED,,Entertainment and Music
46,Davi Kneip @davikneip,4.6M,-,Brazil,,1.4M,tiktok,brazil,False,2024,NA,NA,,
47,Tailane Garcia @tailanegarcia,4.6M,-,Brazil,Funny,1.4M,tiktok,brazil,False,2024,Entertainment,MAPPED,,Funny
48,Bia @magicardb,4.6M,-,Brazil,Funny,1.4M,tiktok,brazil,False,2024,Entertainment,MAPPED,,Funny
49,TNT Sports Brasil @tntsportsbr,4.6M,-,Brazil,Sports,1.4M,tiktok,brazil,False,2024,Sports,MAPPED,,Sports
50,@julyanadaiane @julyanadaiane,4.6M,-,Brazil,Romance and Wedding,1.4M,tiktok,brazil,False,2024,Beauty&Fashion,MAPPED,,Romance and Wedding
51,Big Brother Brasil @bbb,4.4M,-,Brazil,,1.3M,tiktok,brazil,False,2024,NA,NA,,
52,Luan Santana @luansantana,4.4M,-,Brazil,Entertainment and Music,1.3M,tiktok,brazil,False,2024,Music,MAPPED,,Entertainment and Music
53,Wesley Safadão @wesleysafadao,4.3M,-,Brazil,Entertainment and Music,1.3M,tiktok,brazil,False,2024,Music,MAPPED,,Entertainment and Music
54,Castro Brothers @castrobrothersoficial,4.2M,-,Brazil,Entertainment and Music Funny,1.3M,tiktok,brazil,False,2024,Music,MAPPED,,Entertainment and Music Funny
55,Sil konce @silkonce,4.2M,-,Brazil,Entertainment and Music Funny,1.3M,tiktok,brazil,False,2024,Music,MAPPED,,Entertainment and Music Funny
56,Andressah Catty @andressahcatty,4.1M,-,Brazil,Education,1.2M,tiktok,brazil,False,2024,Knowledge&Info,MAPPED,,Education
57,Agatha Moreira @agathaamoreiraa,4.1M,0.1%,Brazil,,1.2M,tiktok,brazil,False,2024,NA,NA,,
58,amorporeceitas @amorporeceitas,4M,-,Brazil,,1.2M,tiktok,brazil,False,2024,NA,NA,,
59,Caio Pericinoto @caiopericinoto,3.9M,-,Brazil,Entertainment and Music Funny,1.2M,tiktok,brazil,False,2024,Music,MAPPED,,Entertainment and Music Funny
60,C A M E R A B R O @camera_bro,3.8M,0.7%,Brazil,Photography,1.1M,tiktok,brazil,False,2024,Lifestyle,MAPPED,,Photography
61,Corinthians @corinthians,3.7M,0.6%,Brazil,Sports,1.1M,tiktok,brazil,False,2024,Sports,MAPPED,,Sports
62,Alice Oliveira 💕 @alicereja,3.6M,-,Brazil,Acting and Drama,1.1M,tiktok,brazil,False,2024,Entertainment,MAPPED,,Acting and Drama
63,Gabby B @gabbyb_music,3.6M,-,Brazil,Entertainment and Music,1.1M,tiktok,brazil,False,2024,Music,MAPPED,,Entertainment and Music
64,Sam Bechara @sambechara_,3.5M,-,Brazil,Entertainment and Music,1.1M,tiktok,brazil,False,2024,Music,MAPPED,,Entertainment and Music
65,Caciano Kuffel @cacianok,3.5M,0.1%,Brazil,Arts and Crafts Entertainment and Music,1.1M,tiktok,brazil,False,2024,Music,MAPPED,,Arts and Crafts Entertainment and Music
66,Thay Couto @thaycouuto,3.5M,-,Brazil,Entertainment and Music,1.1M,tiktok,brazil,False,2024,Music,MAPPED,,Entertainment and Music
67,Matheus Theodoro @matheus_theodoro,3.4M,-,Brazil,Entertainment and Music Funny,1M,tiktok,brazil,False,2024,Music,MAPPED,,Entertainment and Music Funny
68,South America Memes @southamericamemes,3.3M,-,Brazil,,990K,tiktok,brazil,False,2024,NA,NA,,
69,GrandeGringoBranco @grandegringobranco,3.3M,0.1%,Brazil,,990K,tiktok,brazil,False,2024,NA,NA,,
70,Isa Paoli @isapaoli,3.2M,-,Brazil,Funny,960K,tiktok,brazil,False,2024,Entertainment,MAPPED,,Funny
71,Caio Oliveira @caioliveiralex,3.2M,-,Brazil,,960K,tiktok,brazil,False,2024,NA,NA,,
72,Manoella Campello @manoellacampello,3.1M,-,Brazil,,930K,tiktok,brazil,False,2024,NA,NA,,
73,Sophia Blair @sophiablairr,3.1M,2.3%,Brazil,Entertainment and Music,930K,tiktok,brazil,False,2024,Music,MAPPED,,Entertainment and Music
74,CALL ME LUCAS 🇧🇷 @00h.03m,3.1M,-,Brazil,Entertainment and Music,930K,tiktok,brazil,False,2024,Music,MAPPED,,Entertainment and Music
75,Barbie Boy Maiderson @barbieboymaiderson,3.1M,-,Brazil,Entertainment and Music,930K,tiktok,brazil,False,2024,Music,MAPPED,,Entertainment and Music
76,Ju Araújo @ajuaraujo,3.1M,-,Brazil,Entertainment and Music,930K,tiktok,brazil,False,2024,Music,MAPPED,,Entertainment and Music
77,Laura Fernandes @lauriinhafeer,3M,-,Brazil,,900K,tiktok,brazil,False,2024,NA,NA,,
78,Kim RosaCuca @kimrosacuca,3M,-,Brazil,Entertainment and Music,900K,tiktok,brazil,False,2024,Music,MAPPED,,Entertainment and Music
79,Wiris Viana @wirisvianaofficial,3M,0.1%,Brazil,Entertainment and Music,900K,tiktok,brazil,False,2024,Music,MAPPED,,Entertainment and Music
80,nilsinho @nilsonnetu,2.9M,-,Brazil,Entertainment and Music,870K,tiktok,brazil,False,2024,Music,MAPPED,,Entertainment and Music
81,Cleane Fontenele @cleanefonteneletv,2.9M,-,Brazil,,870K,tiktok,brazil,False,2024,NA,NA,,
82,Gabrielmatss @don_gbzin,2.8M,-,Brazil,,840K,tiktok,brazil,False,2024,NA,NA,,
83,Matheus Mazzola @m.mazzola,2.8M,-,Brazil,Outdoor Activity,840K,tiktok,brazil,False,2024,Sports,MAPPED,,Outdoor Activity
84,Sabrina Bruna @sabrinatattoo,2.8M,4.4%,Brazil,,840K,tiktok,brazil,False,2024,NA,NA,,
85,Gustax ✨ @gustaxoficial,2.8M,-,Brazil,Entertainment and Music Funny,840K,tiktok,brazil,False,2024,Music,MAPPED,,Entertainment and Music Funny
86,Otaviano Costa @otaviano,2.7M,-,Brazil,Entertainment and Music,810K,tiktok,brazil,False,2024,Music,MAPPED,,Entertainment and Music
87,Ingrid Guimaraes @ingridguimaraesoficial,2.7M,-,Brazil,Acting and Drama Funny,810K,tiktok,brazil,False,2024,Entertainment,MAPPED,,Acting and Drama Funny
88,Jalex @jalexrosa,2.7M,1.4%,Brazil,,810K,tiktok,brazil,False,2024,NA,NA,,
89,Samsung Brasil @samsungbrasil,2.6M,0.2%,Brazil,Product Showcase,780K,tiktok,brazil,False,2024,Beauty&Fashion,MAPPED,,Product Showcase
90,Manual do Mundo @manualdomundo,2.6M,-,Brazil,Education DIY and Life Hacks,780K,tiktok,brazil,False,2024,Knowledge&Info,MAPPED,,Education DIY and Life Hacks
91,Mustache @reviewsdomustache,2.6M,-,Brazil,Food Travel,780K,tiktok,brazil,False,2024,Lifestyle,MAPPED,,Food Travel
92,Júlia Gava @itsjuli4_,2.6M,-,Brazil,Acting and Drama,780K,tiktok,brazil,False,2024,Entertainment,MAPPED,,Acting and Drama
93,Chloe Marie Dubois @chloemariedub,2.6M,0.1%,Brazil,,780K,tiktok,brazil,False,2024,NA,NA,,
94,Raylla fachin @rayllafachin33,2.6M,-,Brazil,,780K,tiktok,brazil,False,2024,NA,NA,,
95,Marcus Majella @marcusmajella,2.6M,0.1%,Brazil,,780K,tiktok,brazil,False,2024,NA,NA,,
96,Fãs do Cláudio Duarte @claudioduarteoficial0,2.6M,-,Brazil,family,780K,tiktok,brazil,False,2024,Lifestyle,MAPPED,,family
97,Arthur e Letícia @loucurasdeumcasal_,2.5M,-,Brazil,,750K,tiktok,brazil,False,2024,NA,NA,,
98,Podologa Kelly Freitas 🦶🏽 @podologakellyfreitas,2.5M,-,Brazil,Beauty and Self Care,750K,tiktok,brazil,False,2024,Beauty&Fashion,MAPPED,,Beauty and Self Care
99,Felipe Prior @eumesmofelipeprior,2.4M,-,Brazil,Arts and Crafts,720K,tiktok,brazil,False,2024,Lifestyle,MAPPED,,Arts and Crafts
100,rio @rio.tew,2.4M,-,Brazil,Entertainment and Music,720K,tiktok,brazil,False,2024,Music,MAPPED,,Entertainment and Music
1,Ryan Reynolds @vancityreynolds,22.9M,8.5%,Canada,,6.9M,tiktok,canada,False,2024,NA,NA,,
2,Eh Bee Family @ehbeefamily,11M,-,Canada,family Entertainment and Music Funny,3.3M,tiktok,canada,False,2024,Music,MAPPED,,family Entertainment and Music Funny
3,Brooklynne Webb @xobrooklynne,10.9M,-,Canada,,3.3M,tiktok,canada,False,2024,NA,NA,,
4,Kim Migneault @kimmigneault,10.3M,-,Canada,Entertainment and Music,3.1M,tiktok,canada,False,2024,Music,MAPPED,,Entertainment and Music
5,Howie Mandel @officialhowiemandel,9.7M,-,Canada,Entertainment and Music,2.9M,tiktok,canada,False,2024,Music,MAPPED,,Entertainment and Music
6,Eric Struk @ericstruk,7.7M,-,Canada,Entertainment and Music,2.3M,tiktok,canada,False,2024,Music,MAPPED,,Entertainment and Music
7,Shay Mitchell @shaymitchell,7.2M,-,Canada,,2.2M,tiktok,canada,False,2024,NA,NA,,
8,Dan Shaba @danshaba,6.3M,0.2%,Canada,Food DIY and Life Hacks,1.9M,tiktok,canada,False,2024,Lifestyle,MAPPED,,Food DIY and Life Hacks
9,Aileenchristineee @aileenchristineee,5.9M,-,Canada,Entertainment and Music,1.8M,tiktok,canada,False,2024,Music,MAPPED,,Entertainment and Music
10,Basement Gang @basementgang,5.4M,0.1%,Canada,,1.6M,tiktok,canada,False,2024,NA,NA,,
11,Nick Eh 30 @nickeh30,4.6M,-,Canada,,1.4M,tiktok,canada,False,2024,NA,NA,,
12,Mark @markcannatarofilms,3.9M,0.8%,Canada,,1.2M,tiktok,canada,False,2024,NA,NA,,
13,joey :) @joewoahy,3.8M,-,Canada,,1.1M,tiktok,canada,False,2024,NA,NA,,
14,Samantha & Madeleine @caleontwins,3.5M,-,Canada,Entertainment and Music Funny,1.1M,tiktok,canada,False,2024,Music,MAPPED,,Entertainment and Music Funny
15,Olympus Great Danes @olympusgreatdanes,3.4M,-,Canada,Pets,1M,tiktok,canada,False,2024,Lifestyle,MAPPED,,Pets
16,Aylex Thunder™ @aylextv,3.3M,-,Canada,,990K,tiktok,canada,False,2024,NA,NA,,
17,Walk off the Earth @walkofftheearth,3.1M,-,Canada,Entertainment and Music Outdoor Activity,930K,tiktok,canada,False,2024,Sports,MAPPED,,Entertainment and Music Outdoor Activity
18,vorostwins @vorostwins,3.1M,-,Canada,Entertainment and Music,930K,tiktok,canada,False,2024,Music,MAPPED,,Entertainment and Music
19,LastMinit @lastminit_,3M,-,Canada,Entertainment and Music Games,900K,tiktok,canada,False,2024,Tech&Gaming,MAPPED,,Entertainment and Music Games
20,Tanyalee Davis @tanyaleedavis,3M,-,Canada,Entertainment and Music Education,900K,tiktok,canada,False,2024,Knowledge&Info,MAPPED,,Entertainment and Music Education
21,Ryan Doka @dokaryan,3M,0.1%,Canada,Arts and Crafts,900K,tiktok,canada,False,2024,Lifestyle,MAPPED,,Arts and Crafts
22,CAN @candraaditiyaaaa,2.8M,-,Canada,,840K,tiktok,canada,False,2024,NA,NA,,
23,Chris Bumstead @cbum,2.6M,0.2%,Canada,,780K,tiktok,canada,False,2024,NA,NA,,
24,Vivian Xue Rahey @vivxue,2.5M,-,Canada,Beauty and Self Care Business and Finance,750K,tiktok,canada,False,2024,Beauty&Fashion,MAPPED,,Beauty and Self Care Business and Finance
25,Shania Twain @shaniatwain,2.5M,-,Canada,Entertainment and Music,750K,tiktok,canada,False,2024,Music,MAPPED,,Entertainment and Music
26,Rachid Badouri @rachidbadouriofficiel,2.3M,0.5%,Canada,Entertainment and Music,690K,tiktok,canada,False,2024,Music,MAPPED,,Entertainment and Music
27,Yes Theory @yestheory,2.2M,0.1%,Canada,Entertainment and Music,660K,tiktok,canada,False,2024,Music,MAPPED,,Entertainment and Music
28,Waffwl @waffwlwolf,2.2M,-,Canada,,660K,tiktok,canada,False,2024,NA,NA,,
29,MaximeB @maximeb,2.1M,-,Canada,Entertainment and Music Games,630K,tiktok,canada,False,2024,Tech&Gaming,MAPPED,,Entertainment and Music Games
30,Braeden O’Brien @braeden.obrien,2.1M,-,Canada,Arts and Crafts,630K,tiktok,canada,False,2024,Lifestyle,MAPPED,,Arts and Crafts
31,tikatheiggy @tikatheiggy,2.1M,-,Canada,Pets,630K,tiktok,canada,False,2024,Lifestyle,MAPPED,,Pets
32,Sergio’s Talks @sergios.talks,2M,0.1%,Canada,Entertainment and Music,600K,tiktok,canada,False,2024,Music,MAPPED,,Entertainment and Music
33,Martu Boden @martuboden_,2M,-,Canada,,600K,tiktok,canada,False,2024,NA,NA,,
34,Sam Talu 🍒 @samtalu,1.9M,-,Canada,,570K,tiktok,canada,False,2024,NA,NA,,
35,Robert E. Blackmon @roberteblackmon,1.8M,-,Canada,Entertainment and Music,540K,tiktok,canada,False,2024,Music,MAPPED,,Entertainment and Music
36,Jehvon Gairy @jehvong,1.8M,-,Canada,Entertainment and Music Funny Life and Society,540K,tiktok,canada,False,2024,Knowledge&Info,MAPPED,,Entertainment and Music Funny Life and Society
37,Tory Lanez @torylanez,1.8M,-,Canada,Entertainment and Music,540K,tiktok,canada,False,2024,Music,MAPPED,,Entertainment and Music
38,WhiteChocolateGangster @whitechocolategangster,1.8M,-,Canada,,540K,tiktok,canada,False,2024,NA,NA,,
39,Zulushi @zulushi,1.7M,-,Canada,Entertainment and Music Funny,510K,tiktok,canada,False,2024,Music,MAPPED,,Entertainment and Music Funny
40,A bordo Nati @abordonati,1.7M,-,Canada,,510K,tiktok,canada,False,2024,NA,NA,,
41,Old & Dumb @pepperonijoe,1.7M,0.6%,Canada,,510K,tiktok,canada,False,2024,NA,NA,,
42,Max Didluck @didluck,1.7M,-,Canada,,510K,tiktok,canada,False,2024,NA,NA,,
43,genobonfiglio @genobonfiglio,1.7M,-,Canada,Fitness and Health Entertainment and Music,510K,tiktok,canada,False,2024,Sports,MAPPED,,Fitness and Health Entertainment and Music
44,Tati McQuay @tatimcquay,1.7M,-,Canada,Entertainment and Music,510K,tiktok,canada,False,2024,Music,MAPPED,,Entertainment and Music
45,paigemevans @paigemevans,1.7M,-,Canada,Acting and Drama,510K,tiktok,canada,False,2024,Entertainment,MAPPED,,Acting and Drama
46,Ido_twins @ido_twins,1.6M,-,Canada,Arts and Crafts Entertainment and Music,480K,tiktok,canada,False,2024,Music,MAPPED,,Arts and Crafts Entertainment and Music
47,theScore esports @thescoreesports,1.6M,-,Canada,Games,480K,tiktok,canada,False,2024,Tech&Gaming,MAPPED,,Games
48,tristanvandrine @tristanvd,1.6M,1.4%,Canada,Fashion and Accessories,480K,tiktok,canada,False,2024,Beauty&Fashion,MAPPED,,Fashion and Accessories
49,Raphael La Ferrara @raphlaf_magic,1.6M,-,Canada,Entertainment and Music,480K,tiktok,canada,False,2024,Music,MAPPED,,Entertainment and Music
50,Macy Ray @macyraydearing,1.5M,-,Canada,,450K,tiktok,canada,False,2024,NA,NA,,
51,helen li @heyhelenli,1.5M,-,Canada,Celebrity,450K,tiktok,canada,False,2024,Entertainment,MAPPED,,Celebrity
52,Domino Santantonio @dominosantantonio,1.5M,-,Canada,,450K,tiktok,canada,False,2024,NA,NA,,
53,What’s up Claire @whatsupclaire,1.5M,-,Canada,DIY and Life Hacks,450K,tiktok,canada,False,2024,Lifestyle,MAPPED,,DIY and Life Hacks
54,emdoessketches @emdoessketches,1.5M,-,Canada,Arts and Crafts Education,450K,tiktok,canada,False,2024,Knowledge&Info,MAPPED,,Arts and Crafts Education
55,abdullah.pak @abdullah.pak,1.5M,-,Canada,Education Upskilling,450K,tiktok,canada,False,2024,Knowledge&Info,MAPPED,,Education Upskilling
56,AJ @adia.john,1.4M,-,Canada,Entertainment and Music,420K,tiktok,canada,False,2024,Music,MAPPED,,Entertainment and Music
57,Duane Shoots Toys @duaneshootstoys,1.4M,-,Canada,Arts and Crafts Product Showcase,420K,tiktok,canada,False,2024,Beauty&Fashion,MAPPED,,Arts and Crafts Product Showcase
58,Mo Mustafa @mufastamo,1.4M,-,Canada,Funny Entertainment and Music,420K,tiktok,canada,False,2024,Music,MAPPED,,Funny Entertainment and Music
59,Drew Barsness @canada_drew,1.4M,-,Canada,Education,420K,tiktok,canada,False,2024,Knowledge&Info,MAPPED,,Education
60,CallMeMing @hicallmeming,1.4M,-,Canada,,420K,tiktok,canada,False,2024,NA,NA,,
61,TRAILER PARK BOYS @trailerparkboysofficial,1.4M,0.2%,Canada,Entertainment and Music Funny,420K,tiktok,canada,False,2024,Music,MAPPED,,Entertainment and Music Funny
62,Brad Gosse The Comedian @bradgosse,1.3M,-,Canada,Entertainment and Music Funny,390K,tiktok,canada,False,2024,Music,MAPPED,,Entertainment and Music Funny
63,lily & bean 🐈🇨🇦 @beautynthebean,1.3M,-,Canada,Pets,390K,tiktok,canada,False,2024,Lifestyle,MAPPED,,Pets
64,Lilly Singh @lilly,1.3M,-,Canada,Entertainment and Music,390K,tiktok,canada,False,2024,Music,MAPPED,,Entertainment and Music
65,The Icing Artist @theicingartist,1.3M,-,Canada,Food Arts and Crafts,390K,tiktok,canada,False,2024,Lifestyle,MAPPED,,Food Arts and Crafts
66,Coal @mastercoal,1.3M,0.3%,Canada,Video Gaming,390K,tiktok,canada,False,2024,Tech&Gaming,MAPPED,,Video Gaming
67,tayler @daddiefish,1.3M,-,Canada,Sports Outdoor Activity,390K,tiktok,canada,False,2024,Sports,MAPPED,,Sports Outdoor Activity
68,Sóc Nâu @hoanglong.socnau,1.3M,-,Canada,Entertainment and Music Funny Life and Society,390K,tiktok,canada,False,2024,Knowledge&Info,MAPPED,,Entertainment and Music Funny Life and Society
69,Sterling Newton @lifeofsterlingnewton,1.2M,-,Canada,,360K,tiktok,canada,False,2024,NA,NA,,
70,Max Emerson Taylor @maxemersontaylor,1.2M,-,Canada,,360K,tiktok,canada,False,2024,NA,NA,,
71,_𝕋𝕙𝕖_𝕗𝕒𝕕𝕖𝕕_𝕝𝕚𝕟𝕖_ @_the_faded_line_,1.2M,-,Canada,,360K,tiktok,canada,False,2024,NA,NA,,
72,Vega @vega.cos,1.2M,-,Canada,,360K,tiktok,canada,False,2024,NA,NA,,
73,Knocknockwhosthere @knocknockwhosthere,1.2M,-,Canada,Education Upskilling,360K,tiktok,canada,False,2024,Knowledge&Info,MAPPED,,Education Upskilling
74,Eythan Henson @ehthn,1.2M,-,Canada,,360K,tiktok,canada,False,2024,NA,NA,,
75,Kevin Dien @swaydk,1.2M,-,Canada,,360K,tiktok,canada,False,2024,NA,NA,,
76,360 @clinic360,1.2M,-,Canada,Product Showcase Product Education,360K,tiktok,canada,False,2024,Beauty&Fashion,MAPPED,,Product Showcase Product Education
77,Aviraj❤️Rupinder @avirims,1.2M,-,Canada,,360K,tiktok,canada,False,2024,NA,NA,,
78,Sara @saramokedanz,1.1M,-,Canada,,330K,tiktok,canada,False,2024,NA,NA,,
79,aneta @aneta.podolak,1.1M,-,Canada,Entertainment and Music,330K,tiktok,canada,False,2024,Music,MAPPED,,Entertainment and Music
80,Baani Sandhu @baanisandhu,1.1M,-,Canada,,330K,tiktok,canada,False,2024,NA,NA,,
81,Marcus Territory @marcusterritory,1.1M,0.1%,Canada,Fashion and Accessories,330K,tiktok,canada,False,2024,Beauty&Fashion,MAPPED,,Fashion and Accessories
82,Eythan @imeythanhervey,1.1M,-,Canada,,330K,tiktok,canada,False,2024,NA,NA,,
83,Mimi Choi @mimles,1.1M,-,Canada,Arts and Crafts Beauty and Self Care,330K,tiktok,canada,False,2024,Beauty&Fashion,MAPPED,,Arts and Crafts Beauty and Self Care
84,Nick Pro @the.nick.pro,1.1M,-,Canada,,330K,tiktok,canada,False,2024,NA,NA,,
85,Zachdubs @zachdubs,1.1M,0.1%,Canada,Entertainment and Music,330K,tiktok,canada,False,2024,Music,MAPPED,,Entertainment and Music
86,Bizzy Boom @bizzyboom,1.1M,-,Canada,Entertainment and Music,330K,tiktok,canada,False,2024,Music,MAPPED,,Entertainment and Music
87,Nick The Goalie @nickthegoalie_1,1.1M,3.6%,Canada,Finance,330K,tiktok,canada,False,2024,Knowledge&Info,MAPPED,,Finance
88,Jay Amortegui @jayamortegui,1.1M,-,Canada,Entertainment and Music,330K,tiktok,canada,False,2024,Music,MAPPED,,Entertainment and Music
89,"Nico, Jackson & Zoey @nico.jackson.zoey",1M,-,Canada,Pets family,300K,tiktok,canada,False,2024,Lifestyle,MAPPED,,Pets family
90,Pierre-Émile Lv @love_by_pierreemile,1M,41.3%,Canada,Entertainment and Music,300K,tiktok,canada,False,2024,Music,MAPPED,,Entertainment and Music
91,Nando Sirianni @nandosirianni,997.8K,-,Canada,Fashion and Accessories,299.3K,tiktok,canada,False,2024,Beauty&Fashion,MAPPED,,Fashion and Accessories
92,Drew Ray Tanner @thewerdworld,997.1K,0.5%,Canada,,299.1K,tiktok,canada,False,2024,NA,NA,,
93,Splorin Lauren @splorin.lauren,992.8K,-,Canada,Travel Outdoor Activity,297.8K,tiktok,canada,False,2024,Sports,MAPPED,,Travel Outdoor Activity
94,Annie @race_red_annie,980K,-,Canada,,294K,tiktok,canada,False,2024,NA,NA,,
95,msdongan @msdongan,979.5K,-,Canada,Fashion and Accessories Beauty and Self Care,293.9K,tiktok,canada,False,2024,Beauty&Fashion,MAPPED,,Fashion and Accessories Beauty and Self Care
96,s_kay_galot @s_kay_galot8,971.2K,-,Canada,,291.4K,tiktok,canada,False,2024,NA,NA,,
97,Lindsey • Mom Life @tiktokin.mama,970.2K,-,Canada,family Funny,291.1K,tiktok,canada,False,2024,Entertainment,MAPPED,,family Funny
98,Eel @eelfeel,964.8K,0.1%,Canada,,289.4K,tiktok,canada,False,2024,NA,NA,,
99,Nicole Pangilinan @itsmenicolengg,959K,-,Canada,Entertainment and Music Funny,287.7K,tiktok,canada,False,2024,Music,MAPPED,,Entertainment and Music Funny
100,Billy Maverick @billymaver1ck,956.1K,-,Canada,Business and Finance,286.8K,tiktok,canada,False,2024,Knowledge&Info,MAPPED,,Business and Finance
1,Ignacia Antonia👑 @ignaciaa_antonia,28.2M,-,Chile,Beauty and Self Care,8.5M,tiktok,chile,False,2024,Beauty&Fashion,MAPPED,,Beauty and Self Care
2,Ferchis✨🐿🐝✨ @fer_con_f_de_fergaaaaaaa,3.7M,-,Chile,,1.1M,tiktok,chile,False,2024,NA,NA,,
3,Sofia Donoso @sofiadonosol,3.2M,-,Chile,Entertainment and Music,960K,tiktok,chile,False,2024,Music,MAPPED,,Entertainment and Music
4,Kangel @kaangeel,2.5M,-,Chile,,750K,tiktok,chile,False,2024,NA,NA,,
5,𝔄𝔩𝔢𝔧𝔬 𝔒𝔰 @alejooosorio,2.4M,-,Chile,Entertainment and Music,720K,tiktok,chile,False,2024,Music,MAPPED,,Entertainment and Music
6,Bufón Namasté @bufonnamaste,2.3M,-,Chile,Funny,690K,tiktok,chile,False,2024,Entertainment,MAPPED,,Funny
7,Fran Chekal @franchekal,2.1M,-,Chile,,630K,tiktok,chile,False,2024,NA,NA,,
8,Renata Jara🏹 @renatosa,2M,-,Chile,Entertainment and Music Funny,600K,tiktok,chile,False,2024,Music,MAPPED,,Entertainment and Music Funny
9,F.A.B.IA.N _ANDRI @f.abian.xx,1.7M,-,Chile,Entertainment and Music,510K,tiktok,chile,False,2024,Music,MAPPED,,Entertainment and Music
10,Princesita sofía @sofilatham,1.6M,-,Chile,,480K,tiktok,chile,False,2024,NA,NA,,
11,SEBASTIÁN TOBAR💀 @sebastiantobar.s,1.6M,-,Chile,Entertainment and Music,480K,tiktok,chile,False,2024,Music,MAPPED,,Entertainment and Music
12,Katita Dhq @katitadhq,1.4M,-,Chile,,420K,tiktok,chile,False,2024,NA,NA,,
13,🖤memi ☠️⚡️ @memibgc,1.3M,-,Chile,,390K,tiktok,chile,False,2024,NA,NA,,
14,Luz Celina Cervo @luzcelinacervo,1.2M,-,Chile,,360K,tiktok,chile,False,2024,NA,NA,,
15,✨Matias Peña✨ @matiaspfigueroaa,1.2M,5%,Chile,Entertainment and Music,360K,tiktok,chile,False,2024,Music,MAPPED,,Entertainment and Music
16,31 minutos @31minutostiktok,1.2M,0.3%,Chile,,360K,tiktok,chile,False,2024,NA,NA,,
17,Brass @tomsonbrass,1.2M,-,Chile,,360K,tiktok,chile,False,2024,NA,NA,,
18,virtualpapi @tomiipapii,1M,0.4%,Chile,Entertainment and Music,300K,tiktok,chile,False,2024,Music,MAPPED,,Entertainment and Music
19,Brahiron Chávez @bray.onn,1M,0.1%,Chile,Entertainment and Music,300K,tiktok,chile,False,2024,Music,MAPPED,,Entertainment and Music
20,Nicolas Cruces @nicolas.cruces,1M,0.1%,Chile,,300K,tiktok,chile,False,2024,NA,NA,,
21,Jose Pablo Leizgold @fallenbaby,998K,0.9%,Chile,Animation and Cosplay,299.4K,tiktok,chile,False,2024,Tech&Gaming,MAPPED,,Animation and Cosplay
22,rusio_s3b4 @rusio_s3b4,996K,0.1%,Chile,,298.8K,tiktok,chile,False,2024,NA,NA,,
23,Coti Courard @iamcoti,981K,-,Chile,Entertainment and Music,294.3K,tiktok,chile,False,2024,Music,MAPPED,,Entertainment and Music
24,FrozenFilms @frozenfilms,974.5K,-,Chile,,292.4K,tiktok,chile,False,2024,NA,NA,,
25,ElJotaKing @eljotaking,957.1K,0.1%,Chile,Entertainment and Music Funny,287.1K,tiktok,chile,False,2024,Music,MAPPED,,Entertainment and Music Funny
26,sebadranzer @sebadranzer,951.5K,0.1%,Chile,Entertainment and Music Education,285.5K,tiktok,chile,False,2024,Knowledge&Info,MAPPED,,Entertainment and Music Education
27,cortos_losdifuncional @cortos_losdifuncional,948.3K,-,Chile,,284.5K,tiktok,chile,False,2024,NA,NA,,
28,Sergio Rojas @sergiortech,939.5K,-,Chile,,281.9K,tiktok,chile,False,2024,NA,NA,,
29,Perfumería Comprar en Chile @comprarenchile.cl,928.3K,-,Chile,Beauty and Self Care,278.5K,tiktok,chile,False,2024,Beauty&Fashion,MAPPED,,Beauty and Self Care
30,Nameless @namelessgirlss,923.1K,1.8%,Chile,,276.9K,tiktok,chile,False,2024,NA,NA,,
31,Jeicko.ff @jeicko.ff,921.8K,-,Chile,,276.5K,tiktok,chile,False,2024,NA,NA,,
32,✨ El Tomi ✨ @soyeltomi,918.2K,-,Chile,Entertainment and Music Funny,275.5K,tiktok,chile,False,2024,Music,MAPPED,,Entertainment and Music Funny
33,BOTSITAAA 🍭✨ @soycaritoff._,906.5K,-,Chile,Video Gaming,272K,tiktok,chile,False,2024,Tech&Gaming,MAPPED,,Video Gaming
34,Danicrutchik 💘 @danicrutchik,891.7K,-,Chile,,267.5K,tiktok,chile,False,2024,NA,NA,,
35,SP┊DANYPLAУ @danyplay.ff,874.1K,-,Chile,,262.2K,tiktok,chile,False,2024,NA,NA,,
36,renato Holzapfel jr🔥 @renvtitoou,871.2K,0.1%,Chile,,261.4K,tiktok,chile,False,2024,NA,NA,,
37,Alexia @aalexiabravo,868.9K,-,Chile,,260.7K,tiktok,chile,False,2024,NA,NA,,
38,slime afta! @sofiaveram,863.8K,-,Chile,,259.1K,tiktok,chile,False,2024,NA,NA,,
39,Diego Fuenzalida @diegofuenzalida0,862.3K,-,Chile,,258.7K,tiktok,chile,False,2024,NA,NA,,
40,meganoticiascl @meganoticias.cl,857.4K,-,Chile,,257.2K,tiktok,chile,False,2024,NA,NA,,
41,Ignacia Michelson ☠️😈 @nacha_acashore,852.2K,-,Chile,,255.7K,tiktok,chile,False,2024,NA,NA,,
42,Saralina Solano @saradetalles_,842.5K,-,Chile,,252.8K,tiktok,chile,False,2024,NA,NA,,
43,DustinAndMaya @dustinandmaya,835.2K,-,Chile,,250.6K,tiktok,chile,False,2024,NA,NA,,
44,Diego Honorato @diegohonoratodc,825.8K,-,Chile,Health and Medical Services,247.7K,tiktok,chile,False,2024,Knowledge&Info,MAPPED,,Health and Medical Services
45,✨Javiera Alejandra✨ @itsvlxj,822.7K,-,Chile,,246.8K,tiktok,chile,False,2024,NA,NA,,
46,flaco🔥 @flaquitous,818.1K,-,Chile,,245.4K,tiktok,chile,False,2024,NA,NA,,
47,Valentina Elena 🖤 @valentinaelenaaa,816.5K,-,Chile,,245K,tiktok,chile,False,2024,NA,NA,,
48,alexitoh @nikowhois,813.9K,-,Chile,,244.2K,tiktok,chile,False,2024,NA,NA,,
49,Don Plátano @platano_kkita,809.8K,0.2%,Chile,,242.9K,tiktok,chile,False,2024,NA,NA,,
50,Rudy Alexis Haro @oye_rody,804.3K,-,Chile,Entertainment and Music,241.3K,tiktok,chile,False,2024,Music,MAPPED,,Entertainment and Music
51,💤 @elwalalaqliao,800.5K,0.3%,Chile,,240.2K,tiktok,chile,False,2024,NA,NA,,
52,ᓚᘏᗢ kim @luvmalboro,797.3K,0.2%,Chile,,239.2K,tiktok,chile,False,2024,NA,NA,,
53,Journal Party 🥳 @journalparty,791.9K,-,Chile,,237.6K,tiktok,chile,False,2024,NA,NA,,
54,Charlesitoo😼 @angelcharless_,790.2K,-,Chile,,237.1K,tiktok,chile,False,2024,NA,NA,,
55,freestyles_sad @freestyles_sad,781K,0.1%,Chile,,234.3K,tiktok,chile,False,2024,NA,NA,,
56,pro eres tú 💞 @_jihyolove_,774.3K,0.2%,Chile,,232.3K,tiktok,chile,False,2024,NA,NA,,
57,EDITS TIKTOK CHILEAN @editstiktokchilean,771.8K,-,Chile,,231.5K,tiktok,chile,False,2024,NA,NA,,
58,Nacho🤴🏽⚽️ @nelson_ignaciioo,769.3K,-,Chile,,230.8K,tiktok,chile,False,2024,NA,NA,,
59,Maltrunks @noesmaltrunks,764.5K,0.2%,Chile,,229.4K,tiktok,chile,False,2024,NA,NA,,
60,Alessia @aletraverso,760.3K,-,Chile,,228.1K,tiktok,chile,False,2024,NA,NA,,
61,BENJA 🏌🏻♌️ @ibenjamora_,757.5K,-,Chile,Sports,227.3K,tiktok,chile,False,2024,Sports,MAPPED,,Sports
62,Tamii Navarrete ❁ @navarretteee,756.3K,-,Chile,Business and Finance,226.9K,tiktok,chile,False,2024,Knowledge&Info,MAPPED,,Business and Finance
63,xkasenl @xkasenl,750K,-,Chile,,225K,tiktok,chile,False,2024,NA,NA,,
64,IvyLacaballota @ivyqueenjefa,749.4K,-,Chile,,224.8K,tiktok,chile,False,2024,NA,NA,,
65,Scarlett Castro M @scarbaby_,745.5K,-,Chile,,223.7K,tiktok,chile,False,2024,NA,NA,,
66,Karla Andrea Melo @karlitamelo,738.4K,-,Chile,,221.5K,tiktok,chile,False,2024,NA,NA,,
67,Jade reyes 👑 @jade_reyes_official,733.4K,-,Chile,,220K,tiktok,chile,False,2024,NA,NA,,
68,🌊🌊 @e__hukkk2,712.6K,0.4%,Chile,,213.8K,tiktok,chile,False,2024,NA,NA,,
69,Practicatest Chile @practicatest.cl,711.2K,-,Chile,Auto and Vehicles,213.4K,tiktok,chile,False,2024,Tech&Gaming,MAPPED,,Auto and Vehicles
70,Edits Sen Cal Kapimi✨ @_editssencalkapimi,703.2K,-,Chile,,211K,tiktok,chile,False,2024,NA,NA,,
71,Josepha🤍 @sheisjoo,696.8K,-,Chile,,209K,tiktok,chile,False,2024,NA,NA,,
72,David Avila @davidavilae,680.2K,0.1%,Chile,Business and Finance,204.1K,tiktok,chile,False,2024,Knowledge&Info,MAPPED,,Business and Finance
73,Cato Riesco @cato.rd,678K,-,Chile,,203.4K,tiktok,chile,False,2024,NA,NA,,
74,Elcanaldelpatron @elcanaldelpatron,677.5K,-,Chile,,203.3K,tiktok,chile,False,2024,NA,NA,,
75,LA COCINA DE DAPHNE ❤️👩‍🍳 @cocina.con.daphne,671.3K,0.2%,Chile,,201.4K,tiktok,chile,False,2024,NA,NA,,
76,isi🧸 @isidoraslime,670.1K,-,Chile,DIY and Life Hacks,201K,tiktok,chile,False,2024,Lifestyle,MAPPED,,DIY and Life Hacks
77,jonasjeanbaptiste32 @donchipereloges04,666.5K,-,Chile,,200K,tiktok,chile,False,2024,NA,NA,,
78,PablitoPesadilla @pablitopesadilla,665.3K,-,Chile,Entertainment and Music,199.6K,tiktok,chile,False,2024,Music,MAPPED,,Entertainment and Music
79,Constanza @laconiee_,660.8K,-,Chile,,198.2K,tiktok,chile,False,2024,NA,NA,,
80,Ayliwis @ayliwis.f,653.6K,0.1%,Chile,,196.1K,tiktok,chile,False,2024,NA,NA,,
81,CENTRO DEL MIEDO @centromiedo,638.3K,-,Chile,,191.5K,tiktok,chile,False,2024,NA,NA,,
82,🌌Meta 640k🌌 @famoxs_girl.7282,632.9K,0.6%,Chile,,189.9K,tiktok,chile,False,2024,NA,NA,,
83,✨uwu✨ @lonapuwu,620.6K,0.1%,Chile,,186.2K,tiktok,chile,False,2024,NA,NA,,
84,qué pasa mami @byeduardito,620.4K,0.3%,Chile,Product Showcase,186.1K,tiktok,chile,False,2024,Beauty&Fashion,MAPPED,,Product Showcase
85,Kev Lehmann @kevlehmann,620K,1.1%,Chile,Entertainment and Music Education,186K,tiktok,chile,False,2024,Knowledge&Info,MAPPED,,Entertainment and Music Education
86,TLC Latinoamérica @tlcla,613.8K,-,Chile,,184.1K,tiktok,chile,False,2024,NA,NA,,
87,Quacking Medic @quackingmedic,609K,0.1%,Chile,,182.7K,tiktok,chile,False,2024,NA,NA,,
88,Belén🌹 @k_vlen,602.9K,4.3%,Chile,Arts and Crafts,180.9K,tiktok,chile,False,2024,Lifestyle,MAPPED,,Arts and Crafts
89,Joce Salinas @la_vecinitaasmr,599.8K,-,Chile,,179.9K,tiktok,chile,False,2024,NA,NA,,
90,Marlon Sebastián🤍🦋 @marlonsebaas,597K,-,Chile,,179.1K,tiktok,chile,False,2024,NA,NA,,
91,Melissa Sandoval @melissa8234,595K,-,Chile,,178.5K,tiktok,chile,False,2024,NA,NA,,
92,Diegoo @yiego_dmn,589.9K,-,Chile,,177K,tiktok,chile,False,2024,NA,NA,,
93,Vicente y Eduardo😂♥ @vicente_y_eduardo,589K,-,Chile,,176.7K,tiktok,chile,False,2024,NA,NA,,
94,wilord _ly @wilord_ly,587.3K,-,Chile,,176.2K,tiktok,chile,False,2024,NA,NA,,
95,martyslime_ @dios_es_amor1584,580.3K,-,Chile,,174.1K,tiktok,chile,False,2024,NA,NA,,
96,Gabriel Boric Font @gabrielboric,564K,0.4%,Chile,,169.2K,tiktok,chile,False,2024,NA,NA,,
97,Javi @_javierittaaa,563.4K,-,Chile,Beauty Fashion,169K,tiktok,chile,False,2024,Beauty&Fashion,MAPPED,,Beauty Fashion
98,Alex Chen @alexchenc,546.3K,-,Chile,Education Entertainment and Music Funny,163.9K,tiktok,chile,False,2024,Knowledge&Info,MAPPED,,Education Entertainment and Music Funny
99,Kiara @kiaras_workshop,544.5K,-,Chile,DIY and Life Hacks Education,163.4K,tiktok,chile,False,2024,Knowledge&Info,MAPPED,,DIY and Life Hacks Education
100,mar🤪🤪💅🏼 @marquierellorar,539.7K,0.2%,Chile,Funny,161.9K,tiktok,chile,False,2024,Entertainment,MAPPED,,Funny
1,Karol G @karolg,51.9M,3.8%,Colombia,Entertainment and Music,15.6M,tiktok,colombia,False,2024,Music,MAPPED,,Entertainment and Music
2,Alejandro Nieto @soybans,30.4M,-,Colombia,,9.1M,tiktok,colombia,False,2024,NA,NA,,
3,NICOLE AMADO 🐉 @amadorat,21M,-,Colombia,,6.3M,tiktok,colombia,False,2024,NA,NA,,
4,🎭 Deiry Vargas 🎭 @deiryvargas,19.6M,0.6%,Colombia,Acting and Drama,5.9M,tiktok,colombia,False,2024,Entertainment,MAPPED,,Acting and Drama
5,Gemelas Ortega @gemelasortega,17.3M,-,Colombia,Pets Beauty and Self Care,5.2M,tiktok,colombia,False,2024,Beauty&Fashion,MAPPED,,Pets Beauty and Self Care
6,Maleja 👑 @soymaaleja,11.7M,0.7%,Colombia,Entertainment and Music Fashion and Accessories,3.5M,tiktok,colombia,False,2024,Beauty&Fashion,MAPPED,,Entertainment and Music Fashion and Accessories
7,mapusa🦖 @mapusa,7.8M,-,Colombia,,2.3M,tiktok,colombia,False,2024,NA,NA,,
8,jcamilopulgarin @jcamilopulgarin,7.5M,-,Colombia,Funny,2.3M,tiktok,colombia,False,2024,Entertainment,MAPPED,,Funny
9,Sofia Brano @sofiabrano,7.2M,-,Colombia,Entertainment and Music,2.2M,tiktok,colombia,False,2024,Music,MAPPED,,Entertainment and Music
10,DIEGO CADENA @diegocadena,7.1M,-,Colombia,family Entertainment and Music,2.1M,tiktok,colombia,False,2024,Music,MAPPED,,family Entertainment and Music
11,Johanna Fadul @johafadul,5.8M,-,Colombia,Acting and Drama,1.7M,tiktok,colombia,False,2024,Entertainment,MAPPED,,Acting and Drama
12,Calle y Poché @calleypoche,5.8M,-,Colombia,Entertainment and Music,1.7M,tiktok,colombia,False,2024,Music,MAPPED,,Entertainment and Music
13,Carolina Gaitán (La Gaita) @lagaitagaitan,5.3M,-,Colombia,Acting and Drama,1.6M,tiktok,colombia,False,2024,Entertainment,MAPPED,,Acting and Drama
14,Bianki Place ♡ @bianki,4.8M,-,Colombia,Fashion and Accessories,1.4M,tiktok,colombia,False,2024,Beauty&Fashion,MAPPED,,Fashion and Accessories
15,Daniel & Nicolas García 🇨🇴 @brotherstwinz,4.6M,-,Colombia,,1.4M,tiktok,colombia,False,2024,NA,NA,,
16,Lina Tejeiro @linatejeiro8,4.5M,0.1%,Colombia,Acting and Drama,1.4M,tiktok,colombia,False,2024,Entertainment,MAPPED,,Acting and Drama
17,frank trejos @franktrejos,4.1M,-,Colombia,Entertainment and Music,1.2M,tiktok,colombia,False,2024,Music,MAPPED,,Entertainment and Music
18,Yanita Karpova @yanitabebecita,3.8M,-,Colombia,,1.1M,tiktok,colombia,False,2024,NA,NA,,
19,ZenSoto @zensoto10,3.5M,-,Colombia,,1.1M,tiktok,colombia,False,2024,NA,NA,,
20,Sebastián Villalobos @sebas,3.2M,-,Colombia,,960K,tiktok,colombia,False,2024,NA,NA,,
21,Valu @valuhenaoo1,3.1M,-,Colombia,,930K,tiktok,colombia,False,2024,NA,NA,,
22,Juan Pablo Toro X @juanpatorox,3M,0.1%,Colombia,,900K,tiktok,colombia,False,2024,NA,NA,,
23,ALEX <3 @alexitoxedits,2.8M,0.3%,Colombia,Arts and Crafts,840K,tiktok,colombia,False,2024,Lifestyle,MAPPED,,Arts and Crafts
24,Saibu @sai_bu,2.8M,-,Colombia,Entertainment and Music,840K,tiktok,colombia,False,2024,Music,MAPPED,,Entertainment and Music
25,Andrea Brown @andreabrownvera,2.6M,0.1%,Colombia,,780K,tiktok,colombia,False,2024,NA,NA,,
26,Sebastian @sebastianteransilva,2.6M,-,Colombia,,780K,tiktok,colombia,False,2024,NA,NA,,
27,Daneydy Barrera @epa_colombia1,2.5M,-,Colombia,,750K,tiktok,colombia,False,2024,NA,NA,,
28,Kevin Daza @kevindaza,2.3M,-,Colombia,,690K,tiktok,colombia,False,2024,NA,NA,,
29,Mol @cmolasmr,2.2M,-,Colombia,Entertainment and Music,660K,tiktok,colombia,False,2024,Music,MAPPED,,Entertainment and Music
30,La Mafe Mendez @lamafemendez,2.1M,-,Colombia,Beauty and Self Care,630K,tiktok,colombia,False,2024,Beauty&Fashion,MAPPED,,Beauty and Self Care
31,Maleja Restrepo @malejarestrepo0,2M,-,Colombia,,600K,tiktok,colombia,False,2024,NA,NA,,
32,Yokoi Kenji @yokoikenjidiaz,2M,0.1%,Colombia,,600K,tiktok,colombia,False,2024,NA,NA,,
33,thejasondiaz @thejasondiaz,2M,-,Colombia,,600K,tiktok,colombia,False,2024,NA,NA,,
34,Veronicahoyoz @veronicahoyozz,1.9M,-,Colombia,,570K,tiktok,colombia,False,2024,NA,NA,,
35,Golden @goldengera,1.8M,-,Colombia,,540K,tiktok,colombia,False,2024,NA,NA,,
36,Javier Silva @javier7silva,1.8M,-,Colombia,,540K,tiktok,colombia,False,2024,NA,NA,,
37,Baila Facilito @bailafacilito,1.6M,-,Colombia,,480K,tiktok,colombia,False,2024,NA,NA,,
38,💙YUZNEY💙 @yuzyaruro,1.5M,-,Colombia,,450K,tiktok,colombia,False,2024,NA,NA,,
39,YEIMY PAOLA V @yeimypaolav,1.5M,-,Colombia,,450K,tiktok,colombia,False,2024,NA,NA,,
40,Juanpadue @juanpadue,1.5M,-,Colombia,Romance and Wedding family,450K,tiktok,colombia,False,2024,Beauty&Fashion,MAPPED,,Romance and Wedding family
41,Alejo Ospina @aospinad_tt,1.4M,-,Colombia,Fitness and Health Entertainment and Music,420K,tiktok,colombia,False,2024,Sports,MAPPED,,Fitness and Health Entertainment and Music
42,Alejo Suárez @alejoosuarez,1.4M,-,Colombia,,420K,tiktok,colombia,False,2024,NA,NA,,
43,!!..Lu..!! @reina_luciaapp_oficial,1.4M,-,Colombia,,420K,tiktok,colombia,False,2024,NA,NA,,
44,Belinda Milanes Frieri @belindamilanesfrieri,1.4M,-,Colombia,Education,420K,tiktok,colombia,False,2024,Knowledge&Info,MAPPED,,Education
45,Laura Tobon @laura_tobon,1.4M,1.1%,Colombia,,420K,tiktok,colombia,False,2024,NA,NA,,
46,Valeria Giraldo @valeriagldr,1.3M,-,Colombia,,390K,tiktok,colombia,False,2024,NA,NA,,
47,🎶Nicolas Nuvan🎵 @nicolasnuvan,1.3M,-,Colombia,Entertainment and Music,390K,tiktok,colombia,False,2024,Music,MAPPED,,Entertainment and Music
48,valkeel @valkeel,1.2M,0.2%,Colombia,,360K,tiktok,colombia,False,2024,NA,NA,,
49,Marto @jemartob,1.2M,0.6%,Colombia,Animation and Cosplay,360K,tiktok,colombia,False,2024,Tech&Gaming,MAPPED,,Animation and Cosplay
50,Ximena Duque @ximenaduque30,1.2M,-,Colombia,Education Upskilling Acting and Drama Celebrity,360K,tiktok,colombia,False,2024,Knowledge&Info,MAPPED,,Education Upskilling Acting and Drama Celebrity
51,Olga Lucía Vives @olgaluciavives,1.2M,-,Colombia,,360K,tiktok,colombia,False,2024,NA,NA,,
52,S_HADES12 @s_hades12,1.2M,-,Colombia,,360K,tiktok,colombia,False,2024,NA,NA,,
53,David Barajas @davidfbarajas,1.2M,-,Colombia,,360K,tiktok,colombia,False,2024,NA,NA,,
54,Kelly apraez @kelly.apraez,1.2M,0.5%,Colombia,,360K,tiktok,colombia,False,2024,NA,NA,,
55,melissa @melissaarojas,1.2M,-,Colombia,,360K,tiktok,colombia,False,2024,NA,NA,,
56,Shaira Oficial @shairaoficial,1.1M,-,Colombia,,330K,tiktok,colombia,False,2024,NA,NA,,
57,FedeXx😛🔥 @fedricomontoya,1.1M,-,Colombia,Celebrity,330K,tiktok,colombia,False,2024,Entertainment,MAPPED,,Celebrity
58,Sebas @sebasberon,1.1M,-,Colombia,Games,330K,tiktok,colombia,False,2024,Tech&Gaming,MAPPED,,Games
59,Alicia Valencia @aliciavalenciaf_,1.1M,-,Colombia,,330K,tiktok,colombia,False,2024,NA,NA,,
60,Sara Orrego @saraorrego__,1M,-,Colombia,Fashion and Accessories,300K,tiktok,colombia,False,2024,Beauty&Fashion,MAPPED,,Fashion and Accessories
61,Missdayannavargas @missdayannavargas,1M,-,Colombia,,300K,tiktok,colombia,False,2024,NA,NA,,
62,Nis @nisriinejr,1M,0.3%,Colombia,,300K,tiktok,colombia,False,2024,NA,NA,,
63,𝙸𝚜𝚜𝚊𝚋 @i_ssab,1M,-,Colombia,,300K,tiktok,colombia,False,2024,NA,NA,,
64,estrellahurtado @soyestrellahurtado,999.1K,-,Colombia,Arts and Crafts Animation and Cosplay Acting and Drama,299.7K,tiktok,colombia,False,2024,Tech&Gaming,MAPPED,,Arts and Crafts Animation and Cosplay Acting and Drama
65,LA PLAGA ♛ @soy.laplaga,993.3K,0.6%,Colombia,,298K,tiktok,colombia,False,2024,NA,NA,,
66,Aprender Online @aprenderonline,992.1K,-,Colombia,Education Upskilling,297.6K,tiktok,colombia,False,2024,Knowledge&Info,MAPPED,,Education Upskilling
67,Salchimonster Colombia @salchimonsterco,988.2K,-,Colombia,,296.5K,tiktok,colombia,False,2024,NA,NA,,
68,Soy janin @soyjaninalchair,986.2K,-,Colombia,,295.9K,tiktok,colombia,False,2024,NA,NA,,
69,Pipe Pinzon @soypipepinzon,984.5K,-,Colombia,,295.4K,tiktok,colombia,False,2024,NA,NA,,
70,Andrea Alayon @andreaalayon,984.5K,-,Colombia,,295.4K,tiktok,colombia,False,2024,NA,NA,,
71,Vanessa Torres @vanessatorrescubi,983.4K,-,Colombia,,295K,tiktok,colombia,False,2024,NA,NA,,
72,Julian Alexander Madrid @piroberta1,979.7K,0.1%,Colombia,Entertainment and Music Funny,293.9K,tiktok,colombia,False,2024,Music,MAPPED,,Entertainment and Music Funny
73,Marcela @marcelaglow,979.5K,-,Colombia,,293.9K,tiktok,colombia,False,2024,NA,NA,,
74,Cristian F. Torres @cftorres,975.5K,-,Colombia,,292.7K,tiktok,colombia,False,2024,NA,NA,,
75,Oscar Velasquez @oscarovelasquez08,973K,-,Colombia,,291.9K,tiktok,colombia,False,2024,NA,NA,,
76,ElAndrex @elandrex_,971.8K,0.2%,Colombia,,291.5K,tiktok,colombia,False,2024,NA,NA,,
77,Gabriela Hurtado @gabriellaa2606,967.7K,0.5%,Colombia,,290.3K,tiktok,colombia,False,2024,NA,NA,,
78,Pitizion @pitizion,967.7K,-,Colombia,,290.3K,tiktok,colombia,False,2024,NA,NA,,
79,Don adony @adonys16don,964.2K,-,Colombia,,289.3K,tiktok,colombia,False,2024,NA,NA,,
80,Juan Jose @juanjop0,958.7K,-,Colombia,Video Gaming,287.6K,tiktok,colombia,False,2024,Tech&Gaming,MAPPED,,Video Gaming
81,Lau J Madrid @soylaujmadrid,958.4K,-,Colombia,,287.5K,tiktok,colombia,False,2024,NA,NA,,
82,Mateo Agudelo @matowelie,955.8K,0.3%,Colombia,,286.7K,tiktok,colombia,False,2024,NA,NA,,
83,canelaa_20 @canelaa_20,953.1K,-,Colombia,,285.9K,tiktok,colombia,False,2024,NA,NA,,
84,Tatiana 😍 @tatiana.bm_,951.9K,-,Colombia,Beauty and Self Care,285.6K,tiktok,colombia,False,2024,Beauty&Fashion,MAPPED,,Beauty and Self Care
85,Carolina @carolina.la.rosa,948.9K,4.5%,Colombia,,284.7K,tiktok,colombia,False,2024,NA,NA,,
86,Legarda @legardaoficial,947.3K,0.9%,Colombia,,284.2K,tiktok,colombia,False,2024,NA,NA,,
87,🇨🇴Juan Sebastian Toro🇨🇴 @inefable_jstj,944.9K,-,Colombia,,283.5K,tiktok,colombia,False,2024,NA,NA,,
88,Es Ale @esalepulido,943.6K,0.1%,Colombia,Business and Finance,283.1K,tiktok,colombia,False,2024,Knowledge&Info,MAPPED,,Business and Finance
89,Mariana Borrero @m.borrero00,943.5K,-,Colombia,Entertainment and Music,283.1K,tiktok,colombia,False,2024,Music,MAPPED,,Entertainment and Music
90,Jicardenas @jicardenas2.0,938.4K,0.3%,Colombia,Entertainment and Music Funny,281.5K,tiktok,colombia,False,2024,Music,MAPPED,,Entertainment and Music Funny
91,hoolie! 🍒 @juliesofiaa,934.4K,-,Colombia,,280.3K,tiktok,colombia,False,2024,NA,NA,,
92,Laura Mejia @lauramejiar,934K,-,Colombia,Beauty,280.2K,tiktok,colombia,False,2024,Beauty&Fashion,MAPPED,,Beauty
93,Jhooss_ 🌵 @jhooss_,933.7K,1%,Colombia,Arts and Crafts Education,280.1K,tiktok,colombia,False,2024,Knowledge&Info,MAPPED,,Arts and Crafts Education
94,Nicolas Moud @nicolasmoud,932.3K,-,Colombia,,279.7K,tiktok,colombia,False,2024,NA,NA,,
95,Nicolas Santanilla @nicolassantanilla,929.8K,-,Colombia,,278.9K,tiktok,colombia,False,2024,NA,NA,,
96,Angie Vargas @soyangievargas,926.5K,-,Colombia,Entertainment and Music,278K,tiktok,colombia,False,2024,Music,MAPPED,,Entertainment and Music
97,Failed World👽🌎 @failedworld88,925.7K,-,Colombia,,277.7K,tiktok,colombia,False,2024,NA,NA,,
98,Crisbasabe @crisbasabe,923.9K,0.1%,Colombia,Funny,277.2K,tiktok,colombia,False,2024,Entertainment,MAPPED,,Funny
99,Valentina Garzon @littlevalee,923.6K,-,Colombia,,277.1K,tiktok,colombia,False,2024,NA,NA,,
100,Mallas Y Cerramientos Bogotá @mallasycerramientosbogot,923.4K,-,Colombia,,277K,tiktok,colombia,False,2024,NA,NA,,
1,Ariasna @ariasna.ug,3M,-,Costa Rica,,900K,tiktok,costa-rica,False,2024,NA,NA,,
2,Jeka 24 @superjekitaa,3M,0.1%,Costa Rica,,900K,tiktok,costa-rica,False,2024,NA,NA,,
3,Milena González @milenagonzalez0810,2.3M,-,Costa Rica,,690K,tiktok,costa-rica,False,2024,NA,NA,,
4,Ashlooks @aashlooks,2.2M,-,Costa Rica,Beauty and Self Care,660K,tiktok,costa-rica,False,2024,Beauty&Fashion,MAPPED,,Beauty and Self Care
5,rodezel @rodezel,1.5M,0.3%,Costa Rica,,450K,tiktok,costa-rica,False,2024,NA,NA,,
6,PeitonYT @peitonyt,1.2M,0.3%,Costa Rica,Entertainment and Music,360K,tiktok,costa-rica,False,2024,Music,MAPPED,,Entertainment and Music
7,Dra. Margarita Tercero @dramargaritatercero,993K,-,Costa Rica,Education,297.9K,tiktok,costa-rica,False,2024,Knowledge&Info,MAPPED,,Education
8,Sebastián Cartín @thenutristudent,907.9K,-,Costa Rica,Fitness,272.4K,tiktok,costa-rica,False,2024,Sports,MAPPED,,Fitness
9,ᴡᵃᵍⁿᵉʳ ᴍᵒⁿᶜᵃᵈᵃ @wagnermoncada_,883.1K,-,Costa Rica,,264.9K,tiktok,costa-rica,False,2024,NA,NA,,
10,Valentino Lázaro @valentinolazarohpriv,830.1K,0.1%,Costa Rica,,249K,tiktok,costa-rica,False,2024,NA,NA,,
11,Tiby Ulloa @tiby_ojitos14,815.2K,-,Costa Rica,,244.6K,tiktok,costa-rica,False,2024,NA,NA,,
12,bryan morera @bryan.morera,798.7K,-,Costa Rica,,239.6K,tiktok,costa-rica,False,2024,NA,NA,,
13,J.o.h.n.ny_Funado @j.o.h.n.ny_funado,794.8K,-,Costa Rica,,238.4K,tiktok,costa-rica,False,2024,NA,NA,,
14,Dina @gerardina291286,770.4K,-,Costa Rica,,231.1K,tiktok,costa-rica,False,2024,NA,NA,,
15,Emma 🦻🏻✨ @emmafallas0,711.6K,0.1%,Costa Rica,,213.5K,tiktok,costa-rica,False,2024,NA,NA,,
16,Paula Dobles🕊🪴✨ @paudobless,710.8K,-,Costa Rica,Entertainment and Music,213.2K,tiktok,costa-rica,False,2024,Music,MAPPED,,Entertainment and Music
17,Andy Ríos @andyriosm,684.4K,1.2%,Costa Rica,,205.3K,tiktok,costa-rica,False,2024,NA,NA,,
18,Diego Madrigal @eldiegomadrigal,680.4K,-,Costa Rica,Entertainment and Music,204.1K,tiktok,costa-rica,False,2024,Music,MAPPED,,Entertainment and Music
19,Frank Lopez Campos @djfrankplatinumcrew,679.6K,0.3%,Costa Rica,,203.9K,tiktok,costa-rica,False,2024,NA,NA,,
20,♥️ Charlie ♥️ @charlie__castro,669.4K,-,Costa Rica,,200.8K,tiktok,costa-rica,False,2024,NA,NA,,
21,Tony s2 @tony_ff_s2,666.7K,0.1%,Costa Rica,Video Gaming,200K,tiktok,costa-rica,False,2024,Tech&Gaming,MAPPED,,Video Gaming
22,Esposito Mery @espositomery,657.7K,-,Costa Rica,,197.3K,tiktok,costa-rica,False,2024,NA,NA,,
23,Cristian Garro @elprofecris,642.3K,-,Costa Rica,Entertainment and Music,192.7K,tiktok,costa-rica,False,2024,Music,MAPPED,,Entertainment and Music
24,Georgeana🌷🧚✨ @dream_18_george,630.4K,-,Costa Rica,,189.1K,tiktok,costa-rica,False,2024,NA,NA,,
25,Keyla Sánchez Granad @keylasanchezg,579.7K,0.1%,Costa Rica,,173.9K,tiktok,costa-rica,False,2024,NA,NA,,
26,Madeling Mendoza @abig975,508.1K,-,Costa Rica,,152.4K,tiktok,costa-rica,False,2024,NA,NA,,
27,Brenda Barrantes @brendabarrantes.cr,452.6K,-,Costa Rica,Beauty and Self Care,135.8K,tiktok,costa-rica,False,2024,Beauty&Fashion,MAPPED,,Beauty and Self Care
28,gabiconejooo @gabiconejooo,449.3K,-,Costa Rica,,134.8K,tiktok,costa-rica,False,2024,NA,NA,,
29,Rachelle🌼 @just.rachelle,423.2K,-,Costa Rica,,127K,tiktok,costa-rica,False,2024,NA,NA,,
30,Shany 🍄🌻🌙 @shanyceshakti,411.2K,-,Costa Rica,,123.4K,tiktok,costa-rica,False,2024,NA,NA,,
31,Geoffrey Arburola @elge0ff,398.2K,0.1%,Costa Rica,Entertainment and Music,119.5K,tiktok,costa-rica,False,2024,Music,MAPPED,,Entertainment and Music
32,Andrea Diaz @andreadiaz134,392K,-,Costa Rica,,117.6K,tiktok,costa-rica,False,2024,NA,NA,,
33,LA VOZ DE DIOS @the.voice.of.god,377.2K,0.1%,Costa Rica,,113.2K,tiktok,costa-rica,False,2024,NA,NA,,
34,Kriis Castillo Avila @kavaliere09,360.6K,-,Costa Rica,,108.2K,tiktok,costa-rica,False,2024,NA,NA,,
35,VALENTINA @cherrybombvalen,359.2K,-,Costa Rica,Beauty,107.8K,tiktok,costa-rica,False,2024,Beauty&Fashion,MAPPED,,Beauty
36,Pamela Cascante @pamelacascant,357K,0.1%,Costa Rica,,107.1K,tiktok,costa-rica,False,2024,NA,NA,,
37,F_W@_SHA_1998 @f_w_sha_1998,356.6K,-,Costa Rica,,107K,tiktok,costa-rica,False,2024,NA,NA,,
38,fashionista sneakers cartago @fashionistasneakers1,353K,-,Costa Rica,Fashion and Accessories,105.9K,tiktok,costa-rica,False,2024,Beauty&Fashion,MAPPED,,Fashion and Accessories
39,JP Olivato 🇧🇷🇨🇷 @soyjpolivato,350.9K,-,Costa Rica,,105.3K,tiktok,costa-rica,False,2024,NA,NA,,
40,Stephanie Soto @stephaniesotocr,348.2K,-,Costa Rica,,104.5K,tiktok,costa-rica,False,2024,NA,NA,,
41,Yerling Villagra @yerling32pekee,343.9K,-,Costa Rica,,103.2K,tiktok,costa-rica,False,2024,NA,NA,,
42,Zoeeeeee ✨ @4k.zowii,343.4K,-,Costa Rica,,103K,tiktok,costa-rica,False,2024,NA,NA,,
43,Reychel Suárez @reych_s2,341.9K,-,Costa Rica,Fashion and Accessories,102.6K,tiktok,costa-rica,False,2024,Beauty&Fashion,MAPPED,,Fashion and Accessories
44,Ali @alispace17,339.3K,-,Costa Rica,,101.8K,tiktok,costa-rica,False,2024,NA,NA,,
45,Chaini @chainiman,334.7K,0.2%,Costa Rica,Travel,100.4K,tiktok,costa-rica,False,2024,Lifestyle,MAPPED,,Travel
46,Johan✅ @johansc_,332.8K,-,Costa Rica,,99.8K,tiktok,costa-rica,False,2024,NA,NA,,
47,Camila Mena @menacami,329.8K,-,Costa Rica,,98.9K,tiktok,costa-rica,False,2024,NA,NA,,
48,Caleb Solano @calebsolano555,325.3K,0.1%,Costa Rica,,97.6K,tiktok,costa-rica,False,2024,NA,NA,,
49,Happy Organics @happyorganics,322.8K,-,Costa Rica,Nature,96.8K,tiktok,costa-rica,False,2024,Lifestyle,MAPPED,,Nature
50,Marilin Mendesmolina @marilinmendesmolina,320.8K,-,Costa Rica,,96.2K,tiktok,costa-rica,False,2024,NA,NA,,
51,Mike Alvarado @mikealvaradocr,315.8K,-,Costa Rica,,94.7K,tiktok,costa-rica,False,2024,NA,NA,,
52,Valeria Méndez @valemendezjk,314.5K,-,Costa Rica,,94.4K,tiktok,costa-rica,False,2024,NA,NA,,
53,Keiry Vega @keiry_vegaa,313.8K,-,Costa Rica,,94.1K,tiktok,costa-rica,False,2024,NA,NA,,
54,Kary Ramos @karyramoss,312.7K,-,Costa Rica,,93.8K,tiktok,costa-rica,False,2024,NA,NA,,
55,Tracy Mattis 🇨🇷 @tray_ma,305.1K,-,Costa Rica,Fitness and Health,91.5K,tiktok,costa-rica,False,2024,Sports,MAPPED,,Fitness and Health
56,Rasta Fire @rasta.fire,304.9K,-,Costa Rica,,91.5K,tiktok,costa-rica,False,2024,NA,NA,,
57,Jafeth Jiménez @_jafeth,304.8K,-,Costa Rica,,91.4K,tiktok,costa-rica,False,2024,NA,NA,,
58,Kim Briceño🐯 @itsqueenkimx,304.4K,-,Costa Rica,Funny,91.3K,tiktok,costa-rica,False,2024,Entertainment,MAPPED,,Funny
59,Jou Corrales @joucorrales,302.8K,-,Costa Rica,,90.8K,tiktok,costa-rica,False,2024,NA,NA,,
60,💙𝙅𝙚 𝙉𝙖𝙣.!💙 @nan_12kk,301.7K,-,Costa Rica,,90.5K,tiktok,costa-rica,False,2024,NA,NA,,
61,🔥Ťĥúťă Óó🔥🇨🇷 @thutawinoo,295.9K,-,Costa Rica,,88.8K,tiktok,costa-rica,False,2024,NA,NA,,
62,Fer Kazerouni @ferkazerouni,291.6K,-,Costa Rica,,87.5K,tiktok,costa-rica,False,2024,NA,NA,,
63,Fio García @fio_1409,285.6K,-,Costa Rica,,85.7K,tiktok,costa-rica,False,2024,NA,NA,,
64,kevin Ramírez @keviinramirez0k,285.4K,-,Costa Rica,,85.6K,tiktok,costa-rica,False,2024,NA,NA,,
65,Kosta @brotherkosta,284.7K,0.2%,Costa Rica,,85.4K,tiktok,costa-rica,False,2024,NA,NA,,
66,digamejuanjo @digamejuanjo,283.5K,0.1%,Costa Rica,,85.1K,tiktok,costa-rica,False,2024,NA,NA,,
67,GalliCR @gallicr,281.8K,-,Costa Rica,Entertainment and Music,84.5K,tiktok,costa-rica,False,2024,Music,MAPPED,,Entertainment and Music
68,evansninja4 @evansninja4,281.2K,-,Costa Rica,,84.4K,tiktok,costa-rica,False,2024,NA,NA,,
69,Andy Gonzalez @i.feeling.blue,279.9K,-,Costa Rica,,84K,tiktok,costa-rica,False,2024,NA,NA,,
70,Karlita97 @karlitaesp97,278.7K,-,Costa Rica,,83.6K,tiktok,costa-rica,False,2024,NA,NA,,
71,SabrinaTencio22 @sabrinatencio22,278.1K,-,Costa Rica,,83.4K,tiktok,costa-rica,False,2024,NA,NA,,
72,Shantall y Madisson @_shanymadi_,274.5K,-,Costa Rica,,82.4K,tiktok,costa-rica,False,2024,NA,NA,,
73,Félix Jiménez @felixxjimenez,271.9K,-,Costa Rica,Nature Travel,81.6K,tiktok,costa-rica,False,2024,Lifestyle,MAPPED,,Nature Travel
74,Stephanny Delgado Mo @stephannydelgadom,271.3K,-,Costa Rica,,81.4K,tiktok,costa-rica,False,2024,NA,NA,,
75,José @jose_edits1801,269.7K,-,Costa Rica,,80.9K,tiktok,costa-rica,False,2024,NA,NA,,
76,JeNiFeR LeOn SaLaZaR. @_.janshlyn._,269.3K,-,Costa Rica,,80.8K,tiktok,costa-rica,False,2024,NA,NA,,
77,fabiarayaa @fabiarayaa,268.3K,-,Costa Rica,,80.5K,tiktok,costa-rica,False,2024,NA,NA,,
78,Fernando el Badfluencer @fernandojose_cr,263.4K,0.1%,Costa Rica,,79K,tiktok,costa-rica,False,2024,NA,NA,,
79,Catalina Murillo @catamurillocr,258.9K,-,Costa Rica,,77.7K,tiktok,costa-rica,False,2024,NA,NA,,
80,Dr. Salas Camacho @dr.salasc,256.3K,-,Costa Rica,family,76.9K,tiktok,costa-rica,False,2024,Lifestyle,MAPPED,,family
81,ariasseg89 @ariasseg89,252.9K,-,Costa Rica,,75.9K,tiktok,costa-rica,False,2024,NA,NA,,
82,ĤĚŘǾ @hero70586,251.1K,-,Costa Rica,,75.3K,tiktok,costa-rica,False,2024,NA,NA,,
83,シ.𝐺.𝑅.7. シ. @gxcr77,248.9K,-,Costa Rica,Entertainment and Music,74.7K,tiktok,costa-rica,False,2024,Music,MAPPED,,Entertainment and Music
84,Cap World @funfunworld2020,248.7K,-,Costa Rica,,74.6K,tiktok,costa-rica,False,2024,NA,NA,,
85,Marco @marcobe7,246.2K,0.1%,Costa Rica,,73.9K,tiktok,costa-rica,False,2024,NA,NA,,
86,Rafita y Mami @rafitaymami,246.1K,-,Costa Rica,,73.8K,tiktok,costa-rica,False,2024,NA,NA,,
87,Marisol Gómez @marisol_oficial.0,245.1K,-,Costa Rica,,73.5K,tiktok,costa-rica,False,2024,NA,NA,,
88,♡ 𝓟𝓪𝓻𝓲𝓷 @vin___98,243.5K,-,Costa Rica,,73.1K,tiktok,costa-rica,False,2024,NA,NA,,
89,Jale A Comer @jale_a_comer,242K,-,Costa Rica,,72.6K,tiktok,costa-rica,False,2024,NA,NA,,
90,Diego Rodríguez @diego.cr_,241.7K,-,Costa Rica,,72.5K,tiktok,costa-rica,False,2024,NA,NA,,
91,Mau Seco @mauseco,241.5K,-,Costa Rica,,72.5K,tiktok,costa-rica,False,2024,NA,NA,,
92,Victoria @killedbyvic,240.3K,-,Costa Rica,,72.1K,tiktok,costa-rica,False,2024,NA,NA,,
93,Erick BC @erickbc0,239.3K,-,Costa Rica,,71.8K,tiktok,costa-rica,False,2024,NA,NA,,
94,Daniela🌺 @abbydbm0,238.6K,-,Costa Rica,,71.6K,tiktok,costa-rica,False,2024,NA,NA,,
95,Alex Costa Comedy @juankagalindo,237.6K,-,Costa Rica,Funny Entertainment and Music,71.3K,tiktok,costa-rica,False,2024,Music,MAPPED,,Funny Entertainment and Music
96,Daniel Hernández @danielitoshoow,235.5K,-,Costa Rica,,70.7K,tiktok,costa-rica,False,2024,NA,NA,,
97,Allan Cruz @cruzxclusive,233.6K,-,Costa Rica,Acting and Drama Celebrity,70.1K,tiktok,costa-rica,False,2024,Entertainment,MAPPED,,Acting and Drama Celebrity
98,ʏᴀᴍᴀᴅᴀ @yamada2003,232.2K,0.4%,Costa Rica,,69.7K,tiktok,costa-rica,False,2024,NA,NA,,
99,Roy Chavarria @shikumy,231.5K,-,Costa Rica,,69.5K,tiktok,costa-rica,False,2024,NA,NA,,
100,Joe c @joseph.calderon,230.5K,-,Costa Rica,,69.2K,tiktok,costa-rica,False,2024,NA,NA,,
1,Khabane lame @khaby.lame,161.9M,0.2%,Italy,Funny Entertainment and Music,48.6M,tiktok,czechia,False,2024,Music,MAPPED,,Funny Entertainment and Music
2,Bella Poarch @bellapoarch,92.6M,0.8%,United States,,27.8M,tiktok,czechia,False,2024,NA,NA,,
3,Addison Rae @addisonre,88.5M,1%,United States,Beauty and Self Care,26.6M,tiktok,czechia,False,2024,Beauty&Fashion,MAPPED,,Beauty and Self Care
4,MrBeast @mrbeast,85.4M,4%,,Entertainment and Music,25.6M,tiktok,czechia,False,2024,Music,MAPPED,,Entertainment and Music
5,Zach King @zachking,78.1M,2.9%,United States,Entertainment and Music,23.4M,tiktok,czechia,False,2024,Music,MAPPED,,Entertainment and Music
6,Kimberly Loaiza @kimberly.loaiza,76.1M,1.6%,Mexico,,22.8M,tiktok,czechia,False,2024,NA,NA,,
7,The Rock @therock,74.2M,0.9%,United States,Entertainment and Music Fitness and Health Business and Finance,22.3M,tiktok,czechia,False,2024,Sports,MAPPED,,Entertainment and Music Fitness and Health Business and Finance
8,Will Smith @willsmith,74.1M,0.7%,United States,,22.2M,tiktok,czechia,False,2024,NA,NA,,
9,cznburak @cznburak,72M,0.2%,,,21.6M,tiktok,czechia,False,2024,NA,NA,,
10,Jason Derulo @jasonderulo,58.9M,0.4%,United States,Entertainment and Music,17.7M,tiktok,czechia,False,2024,Music,MAPPED,,Entertainment and Music
11,Kylie Jenner @kyliejenner,56M,3.2%,United States,Beauty and Self Care Fashion and Accessories,16.8M,tiktok,czechia,False,2024,Beauty&Fashion,MAPPED,,Beauty and Self Care Fashion and Accessories
12,Karol G @karolg,51.9M,3.8%,Colombia,Entertainment and Music,15.6M,tiktok,czechia,False,2024,Music,MAPPED,,Entertainment and Music
13,Michael Le @justmaiko,51.4M,-,Vietnam,,15.4M,tiktok,czechia,False,2024,NA,NA,,
14,BTS @bts_official_bighit,51M,1%,,Entertainment and Music,15.3M,tiktok,czechia,False,2024,Music,MAPPED,,Entertainment and Music
15,BILLIE EILISH @billieeilish,51M,-,,,15.3M,tiktok,czechia,False,2024,NA,NA,,
16,JoJo Siwa @itsjojosiwa,45.6M,0.3%,United States,Entertainment and Music,13.7M,tiktok,czechia,False,2024,Music,MAPPED,,Entertainment and Music
17,ESPN @espn,44M,-,,Entertainment and Music,13.2M,tiktok,czechia,False,2024,Music,MAPPED,,Entertainment and Music
18,Junya/じゅんや @junya1gou,42.8M,-,,,12.8M,tiktok,czechia,False,2024,NA,NA,,
19,ХОМЯК @homm9k,42.1M,-,,Fashion and Accessories,12.6M,tiktok,czechia,False,2024,Beauty&Fashion,MAPPED,,Fashion and Accessories
20,XO Team @xoteam,41.4M,-,,Entertainment and Music,12.4M,tiktok,czechia,False,2024,Music,MAPPED,,Entertainment and Music
21,ROD🫠 @elrodcontreras,41.1M,-,,Entertainment and Music,12.3M,tiktok,czechia,False,2024,Music,MAPPED,,Entertainment and Music
22,Joe @joealbanese,40.8M,-,,family Entertainment and Music,12.2M,tiktok,czechia,False,2024,Music,MAPPED,,family Entertainment and Music
23,Gordon Ramsay @gordonramsayofficial,40M,1.1%,United Kingdom,Food,12M,tiktok,czechia,False,2024,Lifestyle,MAPPED,,Food
24,Carlos Feria @carlosferiag,39.2M,-,,,11.8M,tiktok,czechia,False,2024,NA,NA,,
25,ondy mikula @ondymikula,38.8M,-,,,11.6M,tiktok,czechia,False,2024,NA,NA,,
26,Scott 🔥 @scottsreality,38.4M,0.2%,,Entertainment and Music,11.5M,tiktok,czechia,False,2024,Music,MAPPED,,Entertainment and Music
27,Shakira @shakira,38.2M,2%,,,11.5M,tiktok,czechia,False,2024,NA,NA,,
28,Barstool Sports @barstoolsports,36.9M,0.1%,United States,Entertainment and Music Sports,11.1M,tiktok,czechia,False,2024,Sports,MAPPED,,Entertainment and Music Sports
29,James Charles @jamescharles,36.2M,-,United States,Beauty and Self Care Arts and Crafts,10.9M,tiktok,czechia,False,2024,Beauty&Fashion,MAPPED,,Beauty and Self Care Arts and Crafts
30,kyle thomas 🌿 @kylethomas,35.4M,0.1%,,,10.6M,tiktok,czechia,False,2024,NA,NA,,
31,Q Park @qpark,35.2M,-,,,10.6M,tiktok,czechia,False,2024,NA,NA,,
32,GIL CROES @gilmhercroes,35.1M,-,,Entertainment and Music,10.5M,tiktok,czechia,False,2024,Music,MAPPED,,Entertainment and Music
33,Kevin Hart @imkevinhart,34.8M,1.7%,United States,Entertainment and Music,10.4M,tiktok,czechia,False,2024,Music,MAPPED,,Entertainment and Music
34,Kirya Kolesnikov @thekiryalife,34.7M,-,,Entertainment and Music Funny,10.4M,tiktok,czechia,False,2024,Music,MAPPED,,Entertainment and Music Funny
35,arianagrande @arianagrande,34.4M,-,,Entertainment and Music,10.3M,tiktok,czechia,False,2024,Music,MAPPED,,Entertainment and Music
36,Pongámoslo a Prueba @pongamoslo_a_prueba,34.2M,-,,,10.3M,tiktok,czechia,False,2024,NA,NA,,
37,ThatLittlePuff @thatlittlepuff,33.5M,0.6%,,Pets,10.1M,tiktok,czechia,False,2024,Lifestyle,MAPPED,,Pets
38,Montpantoja @montpantoja,33.3M,-,,,10M,tiktok,czechia,False,2024,NA,NA,,
39,Devon Rodriguez @devonrodriguezart,32.1M,0.2%,United States,Arts and Crafts Education Upskilling,9.6M,tiktok,czechia,False,2024,Knowledge&Info,MAPPED,,Arts and Crafts Education Upskilling
40,Bad Bunny @badbunny,31.8M,18.4%,Puerto Rico,,9.5M,tiktok,czechia,False,2024,NA,NA,,
41,Brooke Monk @brookemonk_,31.7M,2.1%,United States,Entertainment and Music Funny,9.5M,tiktok,czechia,False,2024,Music,MAPPED,,Entertainment and Music Funny
42,Indi skovar @indiskovar3.0,31.6M,0.4%,,Entertainment and Music,9.5M,tiktok,czechia,False,2024,Music,MAPPED,,Entertainment and Music
43,Lele Pons @lelepons,31.5M,0.9%,United States,,9.5M,tiktok,czechia,False,2024,NA,NA,,
44,Stokes Twins @stokestwins,31.2M,-,United States,Entertainment and Music,9.4M,tiktok,czechia,False,2024,Music,MAPPED,,Entertainment and Music
45,Kira Kosarin @kirakosarin,31.1M,0.7%,,Entertainment and Music,9.3M,tiktok,czechia,False,2024,Music,MAPPED,,Entertainment and Music
46,La Rosalia @rosalia,30.9M,-,Spain,,9.3M,tiktok,czechia,False,2024,NA,NA,,
47,Alejandro Nieto @soybans,30.4M,-,Colombia,,9.1M,tiktok,czechia,False,2024,NA,NA,,
48,Michel Chavez @its.michhh,30.2M,-,Mexico,,9.1M,tiktok,czechia,False,2024,NA,NA,,
49,Liza Koshy @lizzza,30.2M,-,United States,,9.1M,tiktok,czechia,False,2024,NA,NA,,
50,beca @beca,29.2M,1%,Brazil,Travel,8.8M,tiktok,czechia,False,2024,Lifestyle,MAPPED,,Travel
51,Topper Guild @topperguild,29M,-,United States,Entertainment and Music Celebrity,8.7M,tiktok,czechia,False,2024,Music,MAPPED,,Entertainment and Music Celebrity
52,Ignacia Antonia👑 @ignaciaa_antonia,28.2M,-,Chile,Beauty and Self Care,8.5M,tiktok,czechia,False,2024,Beauty&Fashion,MAPPED,,Beauty and Self Care
53,Camilo @camilo,28M,-,,Entertainment and Music,8.4M,tiktok,czechia,False,2024,Music,MAPPED,,Entertainment and Music
54,Daniel Ibarra @juandaniel.ibarra,27.6M,-,,Entertainment and Music,8.3M,tiktok,czechia,False,2024,Music,MAPPED,,Entertainment and Music
55,시아지우 sia_jiwoo @sia_jiwoo,27.5M,0.2%,South Korea,,8.3M,tiktok,czechia,False,2024,NA,NA,,
56,Lexi Rivera @lexibrookerivera,27.1M,4.5%,,,8.1M,tiktok,czechia,False,2024,NA,NA,,
57,KEEMOKAZI @keemokazi,27M,-,,Entertainment and Music,8.1M,tiktok,czechia,False,2024,Music,MAPPED,,Entertainment and Music
58,psg @psg,26.7M,-,,Sports,8M,tiktok,czechia,False,2024,Sports,MAPPED,,Sports
59,JeisonGiraldo @jeison_giraldo,26.3M,-,,family Romance and Wedding,7.9M,tiktok,czechia,False,2024,Beauty&Fashion,MAPPED,,family Romance and Wedding
60,JeanCarlo Leon @jashlem,26.3M,-,,,7.9M,tiktok,czechia,False,2024,NA,NA,,
61,Jimena @jimena.jimenezr,26.1M,1.2%,,Funny,7.8M,tiktok,czechia,False,2024,Entertainment,MAPPED,,Funny
62,Doja Cat @dojacat,26M,0.1%,United States,Entertainment and Music,7.8M,tiktok,czechia,False,2024,Music,MAPPED,,Entertainment and Music
63,Bader Al Safar @baderalsafar,26M,-,Kuwait,Fashion and Accessories,7.8M,tiktok,czechia,False,2024,Beauty&Fashion,MAPPED,,Fashion and Accessories
64,DAVID DOBRIK @daviddobrik,26M,-,United States,Entertainment and Music Funny,7.8M,tiktok,czechia,False,2024,Music,MAPPED,,Entertainment and Music Funny
65,LARRAY @larrayeeee,25.9M,-,,Entertainment and Music,7.8M,tiktok,czechia,False,2024,Music,MAPPED,,Entertainment and Music
66,Era Ays @era_ays,25.9M,-,,,7.8M,tiktok,czechia,False,2024,NA,NA,,
67,Karla Bustillos ❤️ @karla.bustillos,25.7M,0.1%,,,7.7M,tiktok,czechia,False,2024,NA,NA,,
68,BORREGO @lagranjadelborrego,25.7M,4.6%,,,7.7M,tiktok,czechia,False,2024,NA,NA,,
69,Arnaldo Mangini @arnaldomangini,25.4M,-,,Beauty and Self Care Funny,7.6M,tiktok,czechia,False,2024,Beauty&Fashion,MAPPED,,Beauty and Self Care Funny
70,Jaykindafunny @jaykindafunny8,25.4M,-,,Funny,7.6M,tiktok,czechia,False,2024,Entertainment,MAPPED,,Funny
71,Malu Trevejo @malutrevejo,25.2M,-,,,7.6M,tiktok,czechia,False,2024,NA,NA,,
72,AriGameplays @arigameplays,25.1M,1%,,Games,7.5M,tiktok,czechia,False,2024,Tech&Gaming,MAPPED,,Games
73,Dina @dina,24.9M,0.6%,,,7.5M,tiktok,czechia,False,2024,NA,NA,,
74,DonaldDucc 🦆 @donaldducc,24.7M,-,,Animals,7.4M,tiktok,czechia,False,2024,Lifestyle,MAPPED,,Animals
75,adrilatinatv @adrilatinatv,24.5M,-,,,7.4M,tiktok,czechia,False,2024,NA,NA,,
76,Victor Melo @victormelo,24.5M,-,,,7.4M,tiktok,czechia,False,2024,NA,NA,,
77,Chingu Amiga @chinguamiga,24.1M,-,,Food Beauty and Self Care,7.2M,tiktok,czechia,False,2024,Beauty&Fashion,MAPPED,,Food Beauty and Self Care
78,The Mannii Show @the_mannii,24M,0.8%,,Entertainment and Music Funny,7.2M,tiktok,czechia,False,2024,Music,MAPPED,,Entertainment and Music Funny
79,Terry Crews @terrycrews,23.9M,0.4%,United States,Entertainment and Music Celebrity,7.2M,tiktok,czechia,False,2024,Music,MAPPED,,Entertainment and Music Celebrity
80,Jacob Sartorius @jacobsartorius,23.7M,-,United States,Entertainment and Music,7.1M,tiktok,czechia,False,2024,Music,MAPPED,,Entertainment and Music
81,Luara @luara,23.6M,0.6%,,,7.1M,tiktok,czechia,False,2024,NA,NA,,
82,Nicolle Figueroa @nicollefigueroaa,23.4M,5.1%,,,7M,tiktok,czechia,False,2024,NA,NA,,
83,Ryan Reynolds @vancityreynolds,22.9M,8.5%,Canada,,6.9M,tiktok,czechia,False,2024,NA,NA,,
84,Lauren Godwin @laurengodwin,22.6M,0.3%,United States,Entertainment and Music family,6.8M,tiktok,czechia,False,2024,Music,MAPPED,,Entertainment and Music family
85,mingweirocks @mingweirocks,22.5M,-,,,6.8M,tiktok,czechia,False,2024,NA,NA,,
86,Cardi B @iamcardib,22.4M,8%,,,6.7M,tiktok,czechia,False,2024,NA,NA,,
87,Latiktokeuse869 @latiktokeuse869,22.2M,-,,Funny Entertainment and Music,6.7M,tiktok,czechia,False,2024,Music,MAPPED,,Funny Entertainment and Music
88,Mackenzie Ziegler @mackenzieziegler,22.1M,-,,,6.6M,tiktok,czechia,False,2024,NA,NA,,
89,Lance Stewart @lance210,22.1M,-,United States,Entertainment and Music,6.6M,tiktok,czechia,False,2024,Music,MAPPED,,Entertainment and Music
90,Anitta @anitta,22.1M,0.8%,,,6.6M,tiktok,czechia,False,2024,NA,NA,,
91,Marrkadams @marrkadams,22.1M,-,,,6.6M,tiktok,czechia,False,2024,NA,NA,,
92,ROMINA @rominagafur,22M,0.2%,United States,Entertainment and Music,6.6M,tiktok,czechia,False,2024,Music,MAPPED,,Entertainment and Music
93,창하CHANGHA @chang._.a,22M,-,,,6.6M,tiktok,czechia,False,2024,NA,NA,,
94,josi @jmartineze_,21.9M,-,,Funny,6.6M,tiktok,czechia,False,2024,Entertainment,MAPPED,,Funny
95,Caín Guzmán @cainguzman,21.9M,-,,Entertainment and Music,6.6M,tiktok,czechia,False,2024,Music,MAPPED,,Entertainment and Music
96,Bryce Hall @brycehall,21.5M,-,United States,Entertainment and Music,6.5M,tiktok,czechia,False,2024,Music,MAPPED,,Entertainment and Music
97,온오빠 On Oppa @korea.on,21.5M,-,,Entertainment and Music,6.5M,tiktok,czechia,False,2024,Music,MAPPED,,Entertainment and Music
98,Seany @seandoesmagic,21.3M,-,,,6.4M,tiktok,czechia,False,2024,NA,NA,,
99,Pk @pkllipe,21.3M,2.6%,,,6.4M,tiktok,czechia,False,2024,NA,NA,,
100,The Hype House @thehypehouse,21.1M,-,,Entertainment and Music,6.3M,tiktok,czechia,False,2024,Music,MAPPED,,Entertainment and Music
1,Julemanden fra Skive @julemandenfraskive,2.1M,-,Denmark,Entertainment and Music,630K,tiktok,denmark,False,2024,Music,MAPPED,,Entertainment and Music
2,"Sav • PharmD, IBCLC @rx0rcist",1.3M,1.4%,Denmark,Product Showcase Education Finance,390K,tiktok,denmark,False,2024,Beauty&Fashion,MAPPED,,Product Showcase Education Finance
3,لمبة Lampa @lampa_gaming,1.3M,-,Denmark,Games,390K,tiktok,denmark,False,2024,Tech&Gaming,MAPPED,,Games
4,Kelly Louise Killjoy @kellylouisekilljoy,1.2M,0.1%,Denmark,Fashion and Accessories,360K,tiktok,denmark,False,2024,Beauty&Fashion,MAPPED,,Fashion and Accessories
5,Lukas Graham @lukasgraham,981K,-,Denmark,Entertainment and Music,294.3K,tiktok,denmark,False,2024,Music,MAPPED,,Entertainment and Music
6,Stanley @stanley.mov,942.6K,-,Denmark,,282.8K,tiktok,denmark,False,2024,NA,NA,,
7,Brianmengel @brianmengel,830.9K,-,Denmark,Sports,249.3K,tiktok,denmark,False,2024,Sports,MAPPED,,Sports
8,fidget._.toys @www.fidget._.toys,802K,-,Denmark,,240.6K,tiktok,denmark,False,2024,NA,NA,,
9,Leona Nørskov Jørgen @norskovmusic,695.4K,0.1%,Denmark,,208.6K,tiktok,denmark,False,2024,NA,NA,,
10,Missenell @missenell,689.5K,-,Denmark,,206.9K,tiktok,denmark,False,2024,NA,NA,,
11,ana @ana.artzz,640.2K,2.5%,Denmark,,192.1K,tiktok,denmark,False,2024,NA,NA,,
12,Alexander Clausen @alexanderclausen11,591.2K,-,Denmark,,177.4K,tiktok,denmark,False,2024,NA,NA,,
13,blue_blood_cfc 🐢 @blue_blood_cfc,527.6K,0.2%,Denmark,Sports,158.3K,tiktok,denmark,False,2024,Sports,MAPPED,,Sports
14,T @migthbelookingfor,486.1K,-,Denmark,,145.8K,tiktok,denmark,False,2024,NA,NA,,
15,Michael Linnet @michaellinnet,452.6K,-,Denmark,,135.8K,tiktok,denmark,False,2024,NA,NA,,
16,Tonsser @tonsser,441.3K,-,Denmark,Sports,132.4K,tiktok,denmark,False,2024,Sports,MAPPED,,Sports
17,Danish @danish_official33,407.2K,-,Denmark,,122.2K,tiktok,denmark,False,2024,NA,NA,,
18,ILHAN @turkprotiktok,403.8K,0.2%,Denmark,,121.1K,tiktok,denmark,False,2024,NA,NA,,
19,꧁𝐀𝐜𝐓𝐢𝐕𝐨꧂ @xx_.tae_hyung,384.7K,-,Denmark,,115.4K,tiktok,denmark,False,2024,NA,NA,,
20,Crainer @crainer,382K,0.1%,Denmark,,114.6K,tiktok,denmark,False,2024,NA,NA,,
21,Twitchin_Plays @twitchin_plays,375K,-,Denmark,,112.5K,tiktok,denmark,False,2024,NA,NA,,
22,abstract eco-artist @rachelmishaelstudio,364.9K,-,Denmark,Arts and Crafts,109.5K,tiktok,denmark,False,2024,Lifestyle,MAPPED,,Arts and Crafts
23,ariakaltun @ariakaltun,361.9K,0.3%,Denmark,Fashion and Accessories Photography,108.6K,tiktok,denmark,False,2024,Beauty&Fashion,MAPPED,,Fashion and Accessories Photography
24,Oumar Koné 🇩🇰🇨🇮🇧🇷 @oumarkone882,357K,-,Denmark,,107.1K,tiktok,denmark,False,2024,NA,NA,,
25,Copenhagen Bandit @copenhagenbandit420,354.8K,0.4%,Denmark,Entertainment and Music,106.4K,tiktok,denmark,False,2024,Music,MAPPED,,Entertainment and Music
26,Lalee Records @laleerecords,337.9K,-,Denmark,,101.4K,tiktok,denmark,False,2024,NA,NA,,
27,陈文龙 @wenniedapoo,314.5K,0.2%,Denmark,,94.4K,tiktok,denmark,False,2024,NA,NA,,
28,Hubertthegolden @hubertthegoldenretriever,314.3K,-,Denmark,,94.3K,tiktok,denmark,False,2024,NA,NA,,
29,Mathilde & Rosa @mathildeandrosa,304.1K,1.6%,Denmark,Entertainment and Music,91.2K,tiktok,denmark,False,2024,Music,MAPPED,,Entertainment and Music
30,Monty & Molly @montyandmolly,299.2K,-,Denmark,Pets,89.8K,tiktok,denmark,False,2024,Lifestyle,MAPPED,,Pets
31,KRINGE @_kringe_,283.2K,-,Denmark,,85K,tiktok,denmark,False,2024,NA,NA,,
32,Irich Denmark @iuynsm,278.2K,2.8%,Denmark,,83.5K,tiktok,denmark,False,2024,NA,NA,,
33,Lava Dali @melissa4.da,276.2K,-,Denmark,,82.9K,tiktok,denmark,False,2024,NA,NA,,
34,D A N İ S K A 😈 @daniskayedek,269.2K,-,Denmark,,80.8K,tiktok,denmark,False,2024,NA,NA,,
35,Rasmus Schandorff @schandiii,262.9K,-,Denmark,,78.9K,tiktok,denmark,False,2024,NA,NA,,
36,WTF Is Fashion @wtfisfashion,262.8K,-,Denmark,Fashion and Accessories,78.8K,tiktok,denmark,False,2024,Beauty&Fashion,MAPPED,,Fashion and Accessories
37,Road to 500k😎 @jokes_and._memes,257.5K,-,Denmark,,77.3K,tiktok,denmark,False,2024,NA,NA,,
38,Peddey @peddey,254K,-,Denmark,Fashion and Accessories,76.2K,tiktok,denmark,False,2024,Beauty&Fashion,MAPPED,,Fashion and Accessories
39,M.AlMahdi🩺 @m.al.mahdi,250.8K,0.2%,Denmark,Education,75.2K,tiktok,denmark,False,2024,Knowledge&Info,MAPPED,,Education
40,Kasper @kaspermoose,237.3K,0.3%,Denmark,Travel Arts and Crafts Fashion and Accessories,71.2K,tiktok,denmark,False,2024,Beauty&Fashion,MAPPED,,Travel Arts and Crafts Fashion and Accessories
41,Joel Hyrland @joeladamhyrland,223.2K,1.4%,Denmark,Funny,67K,tiktok,denmark,False,2024,Entertainment,MAPPED,,Funny
42,Idk lol @justxaxel,217.6K,-,Denmark,Games,65.3K,tiktok,denmark,False,2024,Tech&Gaming,MAPPED,,Games
43,Filippa @filippareuter,205.5K,-,Denmark,Life and Society,61.7K,tiktok,denmark,False,2024,Knowledge&Info,MAPPED,,Life and Society
44,Cecilie Lind @clind1,193.8K,-,Denmark,Sports,58.1K,tiktok,denmark,False,2024,Sports,MAPPED,,Sports
45,Unisport @unisportstore,187.3K,0.2%,Denmark,,56.2K,tiktok,denmark,False,2024,NA,NA,,
46,Kira-Sofie Møller Nielsen @kiraofficial_,181.6K,-,Denmark,Entertainment and Music,54.5K,tiktok,denmark,False,2024,Music,MAPPED,,Entertainment and Music
47,MayMcg @maymcg,174K,-,Denmark,,52.2K,tiktok,denmark,False,2024,NA,NA,,
48,Marcusmnielsen @marcusmnielsen,170.9K,-,Denmark,Outdoor Activity,51.3K,tiktok,denmark,False,2024,Sports,MAPPED,,Outdoor Activity
49,andersandenmatthesen @andersandenmatthesen,157.3K,0.2%,Denmark,,47.2K,tiktok,denmark,False,2024,NA,NA,,
50,Thomas Lindegaard Madsen @captainthomas_officiall,155.9K,0.6%,Denmark,,46.8K,tiktok,denmark,False,2024,NA,NA,,
51,Ceciliesigg @ceciliesigg123,155.1K,0.1%,Denmark,,46.5K,tiktok,denmark,False,2024,NA,NA,,
52,Cyanide and happinessfp @cyanide.and.happinessfpp,152.6K,-,Denmark,Video Gaming,45.8K,tiktok,denmark,False,2024,Tech&Gaming,MAPPED,,Video Gaming
53,Patrick Will @patrick__will,152.4K,-,Denmark,,45.7K,tiktok,denmark,False,2024,NA,NA,,
54,The.Simpsons_Videos @the.simpsons_videos,150.8K,-,Denmark,,45.2K,tiktok,denmark,False,2024,NA,NA,,
55,∂αииγ @danny.sn16,150.1K,-,Denmark,Fitness and Health,45K,tiktok,denmark,False,2024,Sports,MAPPED,,Fitness and Health
56,Nasty Turbo enjoyer @horrocitty,148K,-,Denmark,Animation and Cosplay,44.4K,tiktok,denmark,False,2024,Tech&Gaming,MAPPED,,Animation and Cosplay
57,Simone_Christensen @simone_christensen1,144.9K,-,Denmark,Fitness and Health,43.5K,tiktok,denmark,False,2024,Sports,MAPPED,,Fitness and Health
58,DanishOo❤ @hidayat_danish,144.6K,-,Denmark,,43.4K,tiktok,denmark,False,2024,NA,NA,,
59,"Danish aliaho 110, @danishaliaho110",144.5K,-,Denmark,,43.4K,tiktok,denmark,False,2024,NA,NA,,
60,RasmusBartender @rasmusbartender,143.3K,-,Denmark,,43K,tiktok,denmark,False,2024,NA,NA,,
61,Samlemum @salomonstampe,141.1K,0.5%,Denmark,,42.3K,tiktok,denmark,False,2024,NA,NA,,
62,✨preppy✨ @x.love_wqq.x,141K,-,Denmark,,42.3K,tiktok,denmark,False,2024,NA,NA,,
63,Victor Rosborg @victorrosborg,140.3K,0.4%,Denmark,,42.1K,tiktok,denmark,False,2024,NA,NA,,
64,Sarah💚 @saraheplesner,139.8K,-,Denmark,,41.9K,tiktok,denmark,False,2024,NA,NA,,
65,Aija @aija_vil,138.3K,-,Denmark,,41.5K,tiktok,denmark,False,2024,NA,NA,,
66,LouLiving @louisebjerre,137.8K,-,Denmark,Fashion and Accessories,41.3K,tiktok,denmark,False,2024,Beauty&Fashion,MAPPED,,Fashion and Accessories
67,Tiny_Jekylland_ @lichts_friends,130.6K,-,Denmark,,39.2K,tiktok,denmark,False,2024,NA,NA,,
68,Tobias Vermund💎 @let_me_dream,128.7K,-,Denmark,Sports,38.6K,tiktok,denmark,False,2024,Sports,MAPPED,,Sports
69,"Tak for 1,5M likes @nicklaskany",127K,-,Denmark,Automotive,38.1K,tiktok,denmark,False,2024,Tech&Gaming,MAPPED,,Automotive
70,Lady Natalia @sermamayviajera,121.8K,-,Denmark,,36.5K,tiktok,denmark,False,2024,NA,NA,,
71,CAMILLA FREDERIKKE @camillafrederikke,117.9K,-,Denmark,,35.4K,tiktok,denmark,False,2024,NA,NA,,
72,King of Cringe Content @joshibyjoshi,108.7K,-,Denmark,Entertainment and Music,32.6K,tiktok,denmark,False,2024,Music,MAPPED,,Entertainment and Music
73,Mathilde Olsen @mathildeolsennn,106.2K,0.4%,Denmark,Fashion and Accessories,31.9K,tiktok,denmark,False,2024,Beauty&Fashion,MAPPED,,Fashion and Accessories
74,Abdi Shawarma @abdi.shawarma,103.8K,0.7%,Denmark,,31.1K,tiktok,denmark,False,2024,NA,NA,,
75,KavitaKhadka @kabita_khadka,103K,0.1%,Denmark,,30.9K,tiktok,denmark,False,2024,NA,NA,,
76,Ditte Jochumsen @dittepip,98.7K,-,Denmark,,29.6K,tiktok,denmark,False,2024,NA,NA,,
77,🤠 @pink_fluffy.socks,97.7K,-,Denmark,,29.3K,tiktok,denmark,False,2024,NA,NA,,
78,ชื่อ กานต์นะ🪴🩺👩🏻‍⚕️ @lalita.kan_27,97.6K,-,Denmark,,29.3K,tiktok,denmark,False,2024,NA,NA,,
79,<33 @landaalfred15,96.3K,121%,Denmark,,28.9K,tiktok,denmark,False,2024,NA,NA,,
80,Ericka Jane @erickajane,95.8K,-,Denmark,,28.7K,tiktok,denmark,False,2024,NA,NA,,
81,Frederikke Lafrenz @fredelafrenz,94.5K,1.3%,Denmark,Funny,28.4K,tiktok,denmark,False,2024,Entertainment,MAPPED,,Funny
82,Flemming Jensen @flemmingjensen23,89.1K,0.1%,Denmark,Entertainment and Music,26.7K,tiktok,denmark,False,2024,Music,MAPPED,,Entertainment and Music
83,Op’s🥷🏽 @opalsiefert,84K,-,Denmark,,25.2K,tiktok,denmark,False,2024,NA,NA,,
84,💝هدير💝 @hadir_mohamed123,78K,-,Denmark,,23.4K,tiktok,denmark,False,2024,NA,NA,,
85,Lezan&hamud @lezanhamud,78K,-,Denmark,,23.4K,tiktok,denmark,False,2024,NA,NA,,
86,Rasmus Brohave @brohaven,76.8K,0.6%,Denmark,,23K,tiktok,denmark,False,2024,NA,NA,,
87,Dorthe @deebytes,72.2K,-,Denmark,Life and Society,21.7K,tiktok,denmark,False,2024,Knowledge&Info,MAPPED,,Life and Society
88,Reddrix 🇩🇰🇵🇭 @reddrix,70.7K,-,Denmark,Entertainment and Music,21.2K,tiktok,denmark,False,2024,Music,MAPPED,,Entertainment and Music
89,Djurs Sommerland @djurssommerland,69.6K,-,Denmark,,20.9K,tiktok,denmark,False,2024,NA,NA,,
90,Brumus @brumus,64.7K,0.3%,Denmark,,19.4K,tiktok,denmark,False,2024,NA,NA,,
91,Mina Serene🕊 @minaserene,61.3K,0.2%,Denmark,,18.4K,tiktok,denmark,False,2024,NA,NA,,
92,Frederikke Borst Hansen @frederikkeborst,58.1K,0.2%,Denmark,,17.4K,tiktok,denmark,False,2024,NA,NA,,
93,Shahzad @shl_dk,57.4K,-,Denmark,,17.2K,tiktok,denmark,False,2024,NA,NA,,
94,Bendy Boo @monobearxd,56.3K,-,Denmark,Animation and Cosplay,16.9K,tiktok,denmark,False,2024,Tech&Gaming,MAPPED,,Animation and Cosplay
95,Naklito👑 @m_nakli,52.6K,0.2%,Denmark,Business and Finance,15.8K,tiktok,denmark,False,2024,Knowledge&Info,MAPPED,,Business and Finance
96,Patty @pattycosplay,52.2K,-,Denmark,,15.7K,tiktok,denmark,False,2024,NA,NA,,
97,AMANDA ELONGA STAALSØ 🇩🇰🇨🇩 @amanda_staalsoe,48.8K,-,Denmark,Sports Fitness and Health,14.6K,tiktok,denmark,False,2024,Sports,MAPPED,,Sports Fitness and Health
98,𝑵𝑰𝒍𝒐𝒋𝒂𝒏 ༒︎❤︎༒︎ 𝐝𝐞𝐧𝐮 @lovelynilo2,47.9K,-,Denmark,,14.4K,tiktok,denmark,False,2024,NA,NA,,
99,Magnus Carl @magnus_carl_,47.7K,-,Denmark,,14.3K,tiktok,denmark,False,2024,NA,NA,,
100,Majbritt Due Christi @tantemajbritt,46.7K,-,Denmark,Funny,14K,tiktok,denmark,False,2024,Entertainment,MAPPED,,Funny
1,MR ZEO 🇩🇴 @mrzeooficial,16.9M,-,Dominican Republic,,5.1M,tiktok,dominican-republic,False,2024,NA,NA,,
2,Natti Natasha @nattinatasha,14.7M,-,Dominican Republic,,4.4M,tiktok,dominican-republic,False,2024,NA,NA,,
3,Miketoks @miketoks,13.2M,-,Dominican Republic,Entertainment and Music,4M,tiktok,dominican-republic,False,2024,Music,MAPPED,,Entertainment and Music
4,NOVELPOPPYS @novelpoppys,4.3M,2.9%,Dominican Republic,,1.3M,tiktok,dominican-republic,False,2024,NA,NA,,
5,Denise Mercedes @denisemmercedes,3.5M,-,Dominican Republic,,1.1M,tiktok,dominican-republic,False,2024,NA,NA,,
6,Key Guzman❤️🇩🇴 @keys.guzman09,3.2M,-,Dominican Republic,Funny,960K,tiktok,dominican-republic,False,2024,Entertainment,MAPPED,,Funny
7,Luis 🦂 @luisduvalnm,2.8M,-,Dominican Republic,,840K,tiktok,dominican-republic,False,2024,NA,NA,,
8,Yesenia Then Oficial @yeseniathenoficial,2.7M,0.2%,Dominican Republic,Education,810K,tiktok,dominican-republic,False,2024,Knowledge&Info,MAPPED,,Education
9,Nicole @nico1eodeon,2.7M,-,Dominican Republic,Fashion and Accessories,810K,tiktok,dominican-republic,False,2024,Beauty&Fashion,MAPPED,,Fashion and Accessories
10,Gaby Mejia @gaabymejia,2.7M,-,Dominican Republic,Fashion and Accessories,810K,tiktok,dominican-republic,False,2024,Beauty&Fashion,MAPPED,,Fashion and Accessories
11,Jacqueline Viteri @escueladeetiqueta,2.6M,-,Dominican Republic,Education,780K,tiktok,dominican-republic,False,2024,Knowledge&Info,MAPPED,,Education
12,ronny jimenez @ronnyjimeneztv,2.6M,-,Dominican Republic,,780K,tiktok,dominican-republic,False,2024,NA,NA,,
13,Dante ™️ @ayeitsdante,2.5M,-,Dominican Republic,,750K,tiktok,dominican-republic,False,2024,NA,NA,,
14,𝓡𝓲𝓬𝓴🧸 @rick_willian23,2.1M,-,Dominican Republic,,630K,tiktok,dominican-republic,False,2024,NA,NA,,
15,Harnel @xharnel,2.1M,-,Dominican Republic,,630K,tiktok,dominican-republic,False,2024,NA,NA,,
16,Alex&Jessica @alexandjessicaa,1.6M,-,Dominican Republic,Entertainment and Music,480K,tiktok,dominican-republic,False,2024,Music,MAPPED,,Entertainment and Music
17,YonauryBeato @yonaurybeato,1.4M,-,Dominican Republic,Fashion and Accessories,420K,tiktok,dominican-republic,False,2024,Beauty&Fashion,MAPPED,,Fashion and Accessories
18,Karlita @karlarivaspovs,1.4M,-,Dominican Republic,,420K,tiktok,dominican-republic,False,2024,NA,NA,,
19,El Domi🇩🇴 @jdbergar,1.2M,-,Dominican Republic,,360K,tiktok,dominican-republic,False,2024,NA,NA,,
20,wilbert comedy🇩🇴 @wilbertcomedy,1.2M,-,Dominican Republic,Entertainment and Music Celebrity,360K,tiktok,dominican-republic,False,2024,Music,MAPPED,,Entertainment and Music Celebrity
21,𝐀𝐧𝐝𝐫𝐲 𝐕𝐨𝐥𝐚𝐧𝐭𝐚↯ @andryvolanta,1.2M,-,Dominican Republic,,360K,tiktok,dominican-republic,False,2024,NA,NA,,
22,lilibeth @lilibeth0718,1.2M,-,Dominican Republic,,360K,tiktok,dominican-republic,False,2024,NA,NA,,
23,Jorge Geronimo @joshrgero,1.1M,-,Dominican Republic,,330K,tiktok,dominican-republic,False,2024,NA,NA,,
24,Clarissa Molina @clarissamolinac,1.1M,-,Dominican Republic,,330K,tiktok,dominican-republic,False,2024,NA,NA,,
25,Damari Nicole 🧚🏾‍♀️💘 @_.nicoletteee,1M,-,Dominican Republic,,300K,tiktok,dominican-republic,False,2024,NA,NA,,
26,New_joisramirez @new_joisramirez,999.1K,-,Dominican Republic,,299.7K,tiktok,dominican-republic,False,2024,NA,NA,,
27,🐾🌸Estefany 🌸🐾 @yiliannydelacruz0,998.5K,-,Dominican Republic,,299.6K,tiktok,dominican-republic,False,2024,NA,NA,,
28,thisisgabilivin @gabi_livin,979.7K,-,Dominican Republic,Entertainment and Music,293.9K,tiktok,dominican-republic,False,2024,Music,MAPPED,,Entertainment and Music
29,Alexander.lyrics👑 @alexander.lyrics,960.1K,-,Dominican Republic,,288K,tiktok,dominican-republic,False,2024,NA,NA,,
30,Fitmariela @fitmariela,950K,-,Dominican Republic,Fitness,285K,tiktok,dominican-republic,False,2024,Sports,MAPPED,,Fitness
31,JIMENEZ❤️ @anyelo_x05,942.3K,-,Dominican Republic,,282.7K,tiktok,dominican-republic,False,2024,NA,NA,,
32,Joel zapata marco @joel_zapata,934K,0.2%,Dominican Republic,,280.2K,tiktok,dominican-republic,False,2024,NA,NA,,
33,LLÁMAME ORI❤️ @oriana_asencio,908.8K,-,Dominican Republic,Business and Finance,272.6K,tiktok,dominican-republic,False,2024,Knowledge&Info,MAPPED,,Business and Finance
34,Alvin Gomes @alvingomes,907.5K,-,Dominican Republic,,272.3K,tiktok,dominican-republic,False,2024,NA,NA,,
35,Marlynmar22 @marlynmar22,907.2K,0.1%,Dominican Republic,Fitness and Health,272.2K,tiktok,dominican-republic,False,2024,Sports,MAPPED,,Fitness and Health
36,Darlyn castillo @darlyncastillo09,904.2K,-,Dominican Republic,,271.3K,tiktok,dominican-republic,False,2024,NA,NA,,
37,Rubén Adalberto🇩🇴🌎 @rubenadalberto01,898.7K,-,Dominican Republic,,269.6K,tiktok,dominican-republic,False,2024,NA,NA,,
38,Chris @crismayridiazjavier,885.4K,-,Dominican Republic,,265.6K,tiktok,dominican-republic,False,2024,NA,NA,,
39,Gilda🌙💜 @morechulaa,881.1K,-,Dominican Republic,Beauty and Self Care,264.3K,tiktok,dominican-republic,False,2024,Beauty&Fashion,MAPPED,,Beauty and Self Care
40,tumbaoreyes @tumbaoreyes,871.5K,-,Dominican Republic,,261.5K,tiktok,dominican-republic,False,2024,NA,NA,,
41,El Panda Vines 🐼 @pandaviness,869.6K,-,Dominican Republic,Funny,260.9K,tiktok,dominican-republic,False,2024,Entertainment,MAPPED,,Funny
42,Alejandra Plasencia @alejpm_,855.8K,-,Dominican Republic,,256.7K,tiktok,dominican-republic,False,2024,NA,NA,,
43,Yoka😻🤤 @yoka_acosta,848K,-,Dominican Republic,,254.4K,tiktok,dominican-republic,False,2024,NA,NA,,
44,Michael morillo @morillooficiall,840.1K,-,Dominican Republic,,252K,tiktok,dominican-republic,False,2024,NA,NA,,
45,Yulissa Garcia @yulissagarcia06,810.2K,-,Dominican Republic,,243.1K,tiktok,dominican-republic,False,2024,NA,NA,,
46,Adrián Graff @adriancabrerard,806.6K,-,Dominican Republic,,242K,tiktok,dominican-republic,False,2024,NA,NA,,
47,Ju @tu_zar_win2,806.3K,-,Dominican Republic,,241.9K,tiktok,dominican-republic,False,2024,NA,NA,,
48,Steisy Mora @steisymora0,805.3K,-,Dominican Republic,,241.6K,tiktok,dominican-republic,False,2024,NA,NA,,
49,emil_editzz @emil_editzz,802.4K,-,Dominican Republic,,240.7K,tiktok,dominican-republic,False,2024,NA,NA,,
50,Aylin Alcántara @aylinalcantara25,800.9K,-,Dominican Republic,,240.3K,tiktok,dominican-republic,False,2024,NA,NA,,
51,Emely @imemely_24,799.9K,-,Dominican Republic,,240K,tiktok,dominican-republic,False,2024,NA,NA,,
52,Yenny Silva @diomara_22,795.2K,-,Dominican Republic,,238.6K,tiktok,dominican-republic,False,2024,NA,NA,,
53,Micael Azar @micaelazar,793.3K,-,Dominican Republic,Funny,238K,tiktok,dominican-republic,False,2024,Entertainment,MAPPED,,Funny
54,Yamelis Acosta🔥🍓 @meliifresaa1,792.4K,-,Dominican Republic,,237.7K,tiktok,dominican-republic,False,2024,NA,NA,,
55,Jose Ramon 🇩🇴 @jose05dr,791.3K,-,Dominican Republic,Entertainment and Music Business and Finance,237.4K,tiktok,dominican-republic,False,2024,Knowledge&Info,MAPPED,,Entertainment and Music Business and Finance
56,eli001dr @eli001dr,779.3K,-,Dominican Republic,,233.8K,tiktok,dominican-republic,False,2024,NA,NA,,
57,𝐋𝐲𝐫𝐢𝐜𝐬 @joel.lyrics,769.8K,0.2%,Dominican Republic,,230.9K,tiktok,dominican-republic,False,2024,NA,NA,,
58,Melaza Empire @melazaempire,755.2K,-,Dominican Republic,Business and Finance,226.6K,tiktok,dominican-republic,False,2024,Knowledge&Info,MAPPED,,Business and Finance
59,Jay Munee DIY @jaymuneediy,739.6K,-,Dominican Republic,DIY and Life Hacks Home and Garden,221.9K,tiktok,dominican-republic,False,2024,Lifestyle,MAPPED,,DIY and Life Hacks Home and Garden
60,Amilcar Castillo @oficialamilcar,737.3K,0.4%,Dominican Republic,Acting and Drama,221.2K,tiktok,dominican-republic,False,2024,Entertainment,MAPPED,,Acting and Drama
61,La Materialista @lamaterialista1,729.8K,-,Dominican Republic,,218.9K,tiktok,dominican-republic,False,2024,NA,NA,,
62,OnlyBladi @onlybladi,726.8K,-,Dominican Republic,,218K,tiktok,dominican-republic,False,2024,NA,NA,,
63,𝑪𝒂𝒓𝒅𝒊 𝑩 @belcalis.17,711.1K,-,Dominican Republic,,213.3K,tiktok,dominican-republic,False,2024,NA,NA,,
64,Barbie_lufo @barbie_lufo,710.1K,-,Dominican Republic,,213K,tiktok,dominican-republic,False,2024,NA,NA,,
65,Soy Shovanny @soyshovanny.......gio,701.1K,-,Dominican Republic,,210.3K,tiktok,dominican-republic,False,2024,NA,NA,,
66,Sigan Viendo 😂🇩🇴 @beatolyrics,699K,-,Dominican Republic,,209.7K,tiktok,dominican-republic,False,2024,NA,NA,,
67,Oscartnt @oscartnt,689.2K,-,Dominican Republic,,206.8K,tiktok,dominican-republic,False,2024,NA,NA,,
68,Oscar G @netflix_ultra,686.4K,-,Dominican Republic,,205.9K,tiktok,dominican-republic,False,2024,NA,NA,,
69,Melaza YT @melazayt,684K,-,Dominican Republic,,205.2K,tiktok,dominican-republic,False,2024,NA,NA,,
70,Melissa Christina Zerhau @melissazerhau,677.8K,-,Dominican Republic,Entertainment and Music,203.3K,tiktok,dominican-republic,False,2024,Music,MAPPED,,Entertainment and Music
71,THE CAMPERITO RD YT @the_camperito_rd,673.1K,-,Dominican Republic,,201.9K,tiktok,dominican-republic,False,2024,NA,NA,,
72,🐻Adrián_R🐻 @adrian.0305,669.1K,0.1%,Dominican Republic,,200.7K,tiktok,dominican-republic,False,2024,NA,NA,,
73,De todo un poco @marlon_clips24,667.6K,-,Dominican Republic,,200.3K,tiktok,dominican-republic,False,2024,NA,NA,,
74,Kingcam @k1ngcam1,658.8K,-,Dominican Republic,,197.6K,tiktok,dominican-republic,False,2024,NA,NA,,
75,Sulay Mercedes Marti @dra.sulay,658K,-,Dominican Republic,,197.4K,tiktok,dominican-republic,False,2024,NA,NA,,
76,YERLIN JEREZ @yerlinjereze,646K,-,Dominican Republic,,193.8K,tiktok,dominican-republic,False,2024,NA,NA,,
77,nadieescomotuyeseestupoder @albanniaquezada,645.5K,0.1%,Dominican Republic,,193.7K,tiktok,dominican-republic,False,2024,NA,NA,,
78,✨Yardelis Martinez✨ @yardelis_martinez,628.7K,-,Dominican Republic,,188.6K,tiktok,dominican-republic,False,2024,NA,NA,,
79,Estarlin Perez @estarlinperez011,628.2K,-,Dominican Republic,,188.5K,tiktok,dominican-republic,False,2024,NA,NA,,
80,Beriz boo @berizboo,623.2K,-,Dominican Republic,,187K,tiktok,dominican-republic,False,2024,NA,NA,,
81,R A F A E L 🌴 @rafaelrodriguez08,603K,-,Dominican Republic,Entertainment and Music,180.9K,tiktok,dominican-republic,False,2024,Music,MAPPED,,Entertainment and Music
82,Teammelmelada @teammelmelada,602.7K,0.4%,Dominican Republic,,180.8K,tiktok,dominican-republic,False,2024,NA,NA,,
83,FlowLyricsHD @flowlyricshd,602.1K,0.2%,Dominican Republic,,180.6K,tiktok,dominican-republic,False,2024,NA,NA,,
84,@Josuegrullon_ @josue_f5,597.3K,-,Dominican Republic,Video Gaming,179.2K,tiktok,dominican-republic,False,2024,Tech&Gaming,MAPPED,,Video Gaming
85,Baby yunior Barber @babyyunior,596.4K,-,Dominican Republic,,178.9K,tiktok,dominican-republic,False,2024,NA,NA,,
86,Erick Sanchez @wolflamusica,591K,-,Dominican Republic,Entertainment and Music,177.3K,tiktok,dominican-republic,False,2024,Music,MAPPED,,Entertainment and Music
87,Yerinson Jesús Aybar @mampula_matine,590K,-,Dominican Republic,,177K,tiktok,dominican-republic,False,2024,NA,NA,,
88,latinaygringo @latinaygringo,579.7K,-,Dominican Republic,,173.9K,tiktok,dominican-republic,False,2024,NA,NA,,
89,Wander santana @wandersantana99,574.5K,-,Dominican Republic,,172.4K,tiktok,dominican-republic,False,2024,NA,NA,,
90,Sparta Group 🏆 @spartagroupdr,574.2K,-,Dominican Republic,Entertainment and Music,172.3K,tiktok,dominican-republic,False,2024,Music,MAPPED,,Entertainment and Music
91,Ismaél @ismaelsantanaxo,573.4K,0.1%,Dominican Republic,,172K,tiktok,dominican-republic,False,2024,NA,NA,,
92,Angel La Volanta @angellavolanta01,572.8K,-,Dominican Republic,,171.8K,tiktok,dominican-republic,False,2024,NA,NA,,
93,Christian😛 @christianjp._,572.5K,-,Dominican Republic,,171.8K,tiktok,dominican-republic,False,2024,NA,NA,,
94,Elis Feliz @elisfeliz26,572.3K,-,Dominican Republic,,171.7K,tiktok,dominican-republic,False,2024,NA,NA,,
95,C. Gomez @carmenrg87,570.2K,-,Dominican Republic,,171.1K,tiktok,dominican-republic,False,2024,NA,NA,,
96,𝐷𝑂𝑆𝐼 𝐿𝐸𝑇𝐴𝐿 💠 @dosiletal,567.9K,-,Dominican Republic,,170.4K,tiktok,dominican-republic,False,2024,NA,NA,,
97,KidTheWiz @kidthewiz,566.8K,-,Dominican Republic,Fashion,170K,tiktok,dominican-republic,False,2024,Beauty&Fashion,MAPPED,,Fashion
98,Isaela Reyes @mexicohondurasfam,566.3K,-,Dominican Republic,family,169.9K,tiktok,dominican-republic,False,2024,Lifestyle,MAPPED,,family
99,pamelainfante15 @pamelainfante15,564.2K,-,Dominican Republic,,169.3K,tiktok,dominican-republic,False,2024,NA,NA,,
100,Rens.. 😁 @rensiijr,561K,-,Dominican Republic,,168.3K,tiktok,dominican-republic,False,2024,NA,NA,,
1,Kelly y David @busta_brothers,19.5M,-,Ecuador,Entertainment and Music,5.9M,tiktok,ecuador,False,2024,Music,MAPPED,,Entertainment and Music
2,arelí tutoriales @otracuentadetutoriales,6.6M,-,Ecuador,Education Upskilling,2M,tiktok,ecuador,False,2024,Knowledge&Info,MAPPED,,Education Upskilling
3,Mauro @mauro_mt2,4.6M,-,Ecuador,,1.4M,tiktok,ecuador,False,2024,NA,NA,,
4,yilda banchon @yildabanchon,4.4M,-,Ecuador,Entertainment and Music,1.3M,tiktok,ecuador,False,2024,Music,MAPPED,,Entertainment and Music
5,samiaalava @samiaalava,2.7M,-,Ecuador,,810K,tiktok,ecuador,False,2024,NA,NA,,
6,Gina López @ginaalopeez,2.5M,-,Ecuador,,750K,tiktok,ecuador,False,2024,NA,NA,,
7,LOGO AJ21 @logoaj21,2.2M,0.2%,Ecuador,Arts and Crafts,660K,tiktok,ecuador,False,2024,Lifestyle,MAPPED,,Arts and Crafts
8,Anny🇪🇨 @annyborja2,2M,-,Ecuador,,600K,tiktok,ecuador,False,2024,NA,NA,,
9,Shailyn Garzón Merchán @shailyngarzon,2M,-,Ecuador,,600K,tiktok,ecuador,False,2024,NA,NA,,
10,Chrisx Trejo @chrisxtrejo,1.9M,-,Ecuador,,570K,tiktok,ecuador,False,2024,NA,NA,,
11,mafernandapr @mafernandapr,1.8M,-,Ecuador,,540K,tiktok,ecuador,False,2024,NA,NA,,
12,macias.ff @macias.ff,1.7M,-,Ecuador,,510K,tiktok,ecuador,False,2024,NA,NA,,
13,GlamecStudio @glamec,1.6M,0.3%,Ecuador,,480K,tiktok,ecuador,False,2024,NA,NA,,
14,Artur Perchuk @_justspinning_,1.5M,-,Ecuador,,450K,tiktok,ecuador,False,2024,NA,NA,,
15,Stechell @stechell,1.5M,-,Ecuador,,450K,tiktok,ecuador,False,2024,NA,NA,,
16,BabyLeoff @babyleoff,1.3M,-,Ecuador,,390K,tiktok,ecuador,False,2024,NA,NA,,
17,Guillermo Lasso @guillermolasso,1.3M,0.4%,Ecuador,,390K,tiktok,ecuador,False,2024,NA,NA,,
18,jandino @jandino,1.3M,-,Ecuador,Entertainment and Music,390K,tiktok,ecuador,False,2024,Music,MAPPED,,Entertainment and Music
19,ToRy @victoriacomelibros,1.2M,-,Ecuador,,360K,tiktok,ecuador,False,2024,NA,NA,,
20,Vivi Almeida @vivialmeida,1M,-,Ecuador,,300K,tiktok,ecuador,False,2024,NA,NA,,
21,Tomas Delgado La Vecina @tomasdelgadoec,1M,0.1%,Ecuador,Acting and Drama Celebrity,300K,tiktok,ecuador,False,2024,Entertainment,MAPPED,,Acting and Drama Celebrity
22,"rolitas “cz"" @rolitas_cz",993.6K,-,Ecuador,,298.1K,tiktok,ecuador,False,2024,NA,NA,,
23,Anthony @a3v_22,950.8K,-,Ecuador,,285.2K,tiktok,ecuador,False,2024,NA,NA,,
24,Silvana💠 @silvimunozz @silvimunozz,950K,1.6%,Ecuador,Food,285K,tiktok,ecuador,False,2024,Lifestyle,MAPPED,,Food
25,DOGGI Style @doggistyleec,947.1K,0.1%,Ecuador,,284.1K,tiktok,ecuador,False,2024,NA,NA,,
26,Jonathan Ortiz @jonathan.ortizls,934K,-,Ecuador,,280.2K,tiktok,ecuador,False,2024,NA,NA,,
27,ロバート @chocloboy,926.1K,-,Ecuador,,277.8K,tiktok,ecuador,False,2024,NA,NA,,
28,Botsito_Ecuatoriano @sport_goe,923.5K,-,Ecuador,,277.1K,tiktok,ecuador,False,2024,NA,NA,,
29,LesterGabrieel @lester.gabrieel,922.7K,-,Ecuador,,276.8K,tiktok,ecuador,False,2024,NA,NA,,
30,LIRYKAL @lirykal,892.3K,-,Ecuador,,267.7K,tiktok,ecuador,False,2024,NA,NA,,
31,Maria Sol Corral @mariasolcorral0,885.6K,-,Ecuador,,265.7K,tiktok,ecuador,False,2024,NA,NA,,
32,Brian Coro @iambriancoro,876.6K,-,Ecuador,,263K,tiktok,ecuador,False,2024,NA,NA,,
33,⚡JoelBy15⚡ @joelby15.ff,863.7K,0.1%,Ecuador,,259.1K,tiktok,ecuador,False,2024,NA,NA,,
34,Salsitas Bakanas 🎶🎺🍻 @salsitasbakanas,859.4K,0.1%,Ecuador,,257.8K,tiktok,ecuador,False,2024,NA,NA,,
35,Marcos Otavalo @marcosotavalo,850.8K,-,Ecuador,,255.2K,tiktok,ecuador,False,2024,NA,NA,,
36,Jose Erazo @elpepe_jl,847.1K,-,Ecuador,Travel,254.1K,tiktok,ecuador,False,2024,Lifestyle,MAPPED,,Travel
37,Gene Marquinez @genemarquinez,845.4K,-,Ecuador,,253.6K,tiktok,ecuador,False,2024,NA,NA,,
38,jenny.zambrano.24 @jenny.zambrano.242,844.5K,-,Ecuador,,253.4K,tiktok,ecuador,False,2024,NA,NA,,
39,SELENE.YT @seleneytt,826.9K,-,Ecuador,,248.1K,tiktok,ecuador,False,2024,NA,NA,,
40,Soff ☁️ @sofireynes,825.9K,-,Ecuador,Fashion and Accessories,247.8K,tiktok,ecuador,False,2024,Beauty&Fashion,MAPPED,,Fashion and Accessories
41,KikeCuy @elcuy.ec,825K,-,Ecuador,,247.5K,tiktok,ecuador,False,2024,NA,NA,,
42,maykeloficial @maykeloficial,820.2K,-,Ecuador,,246.1K,tiktok,ecuador,False,2024,NA,NA,,
43,Navila Dieb @naviladieb_oficial,818.4K,-,Ecuador,,245.5K,tiktok,ecuador,False,2024,NA,NA,,
44,Gaby Brave @gaby.brave,799.4K,-,Ecuador,,239.8K,tiktok,ecuador,False,2024,NA,NA,,
45,Eldariu @eldariu,799K,-,Ecuador,,239.7K,tiktok,ecuador,False,2024,NA,NA,,
46,Tik Toker @emo.fio,796.9K,-,Ecuador,,239.1K,tiktok,ecuador,False,2024,NA,NA,,
47,pichirringo 1112 vanessita @pichirringovannesita,795K,-,Ecuador,,238.5K,tiktok,ecuador,False,2024,NA,NA,,
48,beckerchicaiza @beckerchicaiza,794K,-,Ecuador,,238.2K,tiktok,ecuador,False,2024,NA,NA,,
49,Mommy?! @agenteperryyyyy,789.9K,-,Ecuador,,237K,tiktok,ecuador,False,2024,NA,NA,,
50,Gladys 2021 @gladys2021,781.6K,-,Ecuador,,234.5K,tiktok,ecuador,False,2024,NA,NA,,
51,Hernan PG @hernan_oficiall,781K,-,Ecuador,,234.3K,tiktok,ecuador,False,2024,NA,NA,,
52,Marath Dáger @marathdageryalbita,777.5K,-,Ecuador,,233.3K,tiktok,ecuador,False,2024,NA,NA,,
53,Jonathan Quiñonez @eljonattthan,766.1K,-,Ecuador,,229.8K,tiktok,ecuador,False,2024,NA,NA,,
54,Gaby Ruiz @gabyruizoficial,765.4K,-,Ecuador,,229.6K,tiktok,ecuador,False,2024,NA,NA,,
55,Carlos @carloor,764.4K,-,Ecuador,,229.3K,tiktok,ecuador,False,2024,NA,NA,,
56,Rahab Villacres @rahabvillacres,763.3K,-,Ecuador,,229K,tiktok,ecuador,False,2024,NA,NA,,
57,💞Doménica Llagua💞 @domenicallagua1,756.9K,0.5%,Ecuador,,227.1K,tiktok,ecuador,False,2024,NA,NA,,
58,Mare Cevallos @marecevallos,741.8K,-,Ecuador,Arts and Crafts,222.5K,tiktok,ecuador,False,2024,Lifestyle,MAPPED,,Arts and Crafts
59,Ana Mera @anamera71,738.1K,-,Ecuador,,221.4K,tiktok,ecuador,False,2024,NA,NA,,
60,Jhulyanabell @jhulyanabell,731.3K,-,Ecuador,,219.4K,tiktok,ecuador,False,2024,NA,NA,,
61,Josué_Lince @josue_lince,723.8K,-,Ecuador,,217.1K,tiktok,ecuador,False,2024,NA,NA,,
62,Naye Escobar Bastidas @nayeescobarbastid,721.5K,-,Ecuador,,216.5K,tiktok,ecuador,False,2024,NA,NA,,
63,Kerly Moran @kerlymoran1,720.1K,-,Ecuador,,216K,tiktok,ecuador,False,2024,NA,NA,,
64,Tik Toker @joeltuarez41,718.8K,0.3%,Ecuador,,215.6K,tiktok,ecuador,False,2024,NA,NA,,
65,Ren Kai - 人凯 @renkaiy,712.8K,-,Ecuador,,213.8K,tiktok,ecuador,False,2024,NA,NA,,
66,JUCE LUGARES @jucelugares,705.8K,0.3%,Ecuador,,211.7K,tiktok,ecuador,False,2024,NA,NA,,
67,mariamimedianaranja @maria_mimedianaranja,698.4K,-,Ecuador,,209.5K,tiktok,ecuador,False,2024,NA,NA,,
68,frases MJ @alavamanuel_17,689K,1.2%,Ecuador,,206.7K,tiktok,ecuador,False,2024,NA,NA,,
69,Nadira @nadiramusica,680.9K,-,Ecuador,,204.3K,tiktok,ecuador,False,2024,NA,NA,,
70,Bicho Cedeño @vicho2005_ff,679.9K,0.4%,Ecuador,,204K,tiktok,ecuador,False,2024,NA,NA,,
71,El_chico_de_las_frases @jose_pg.02,678.6K,0.4%,Ecuador,,203.6K,tiktok,ecuador,False,2024,NA,NA,,
72,Yesly Selena @yeslybustamanteok,678K,-,Ecuador,Fashion and Accessories,203.4K,tiktok,ecuador,False,2024,Beauty&Fashion,MAPPED,,Fashion and Accessories
73,🌑🌒🌓🌔🌕🌖🌗🌘🌑 @joseantonio99972,675.9K,-,Ecuador,Entertainment and Music Games,202.8K,tiktok,ecuador,False,2024,Tech&Gaming,MAPPED,,Entertainment and Music Games
74,Yuribeth Cornejo @yuribethcp,668.6K,-,Ecuador,Romance and Wedding,200.6K,tiktok,ecuador,False,2024,Beauty&Fashion,MAPPED,,Romance and Wedding
75,Priscila Elizabeth Jaramillo @priscilae.jaramil,663.8K,-,Ecuador,,199.1K,tiktok,ecuador,False,2024,NA,NA,,
76,Alexis Coba AG @alexiscobaag,660.4K,0.1%,Ecuador,,198.1K,tiktok,ecuador,False,2024,NA,NA,,
77,Paul guerrero @rauw_yt,658.2K,0.1%,Ecuador,,197.5K,tiktok,ecuador,False,2024,NA,NA,,
78,ＬＡＤＹ ＤＩＡＮＡ @amarilxx,654.7K,0.9%,Ecuador,,196.4K,tiktok,ecuador,False,2024,NA,NA,,
79,china @geraldyn0513,648.3K,-,Ecuador,,194.5K,tiktok,ecuador,False,2024,NA,NA,,
80,monpantoja826 @monpantojao,645.7K,0.9%,Ecuador,,193.7K,tiktok,ecuador,False,2024,NA,NA,,
81,Raul Navarrete @suecuatorianos,645K,-,Ecuador,,193.5K,tiktok,ecuador,False,2024,NA,NA,,
82,Monita ?❤ @monitaa0_0,643.9K,-,Ecuador,,193.2K,tiktok,ecuador,False,2024,NA,NA,,
83,✨frases✨ @frases_naomi_,641.3K,0.1%,Ecuador,,192.4K,tiktok,ecuador,False,2024,NA,NA,,
84,Michelle Aguilar 🌹 @michuaguilar,638.9K,-,Ecuador,,191.7K,tiktok,ecuador,False,2024,NA,NA,,
85,Alexander Bernita Lopez @alexanderr042,635.7K,-,Ecuador,,190.7K,tiktok,ecuador,False,2024,NA,NA,,
86,Catherine Arreaga @motta_barber_lab,633.1K,-,Ecuador,,189.9K,tiktok,ecuador,False,2024,NA,NA,,
87,brianny_ruiz368 @brianny_ruiz368,625.1K,0.1%,Ecuador,,187.5K,tiktok,ecuador,False,2024,NA,NA,,
88,IsraelVera @israaafails,623.1K,-,Ecuador,,186.9K,tiktok,ecuador,False,2024,NA,NA,,
89,openings_esp @emylidr,622.9K,-,Ecuador,,186.9K,tiktok,ecuador,False,2024,NA,NA,,
90,Maria Mercedes Pache @mamercedesp1,621K,-,Ecuador,Entertainment and Music,186.3K,tiktok,ecuador,False,2024,Music,MAPPED,,Entertainment and Music
91,estebannotes @estebannotes,616.5K,0.1%,Ecuador,Entertainment and Music,185K,tiktok,ecuador,False,2024,Music,MAPPED,,Entertainment and Music
92,S i g u e m e🥳C o m p a r t e @shilda_2234,613.9K,-,Ecuador,,184.2K,tiktok,ecuador,False,2024,NA,NA,,
93,Dilan Diego a @dilandiego1,608.1K,-,Ecuador,,182.4K,tiktok,ecuador,False,2024,NA,NA,,
94,Cristina gallegos @cristinagallegos_,602.9K,-,Ecuador,Romance and Wedding,180.9K,tiktok,ecuador,False,2024,Beauty&Fashion,MAPPED,,Romance and Wedding
95,Dr. Marco Gaibor @nutrimarko,600.8K,-,Ecuador,Fitness and Health,180.2K,tiktok,ecuador,False,2024,Sports,MAPPED,,Fitness and Health
96,@matiasorbe1 @matiasorbe2.0,599.2K,-,Ecuador,,179.8K,tiktok,ecuador,False,2024,NA,NA,,
97,Joncra - x2 @joncrisnew,598.6K,-,Ecuador,,179.6K,tiktok,ecuador,False,2024,NA,NA,,
98,Ariana Unda @arianaalejandraunda,597.9K,0.1%,Ecuador,,179.4K,tiktok,ecuador,False,2024,NA,NA,,
99,🔞 Rosa 🇪🇨 @marinafajardo15,597K,-,Ecuador,Romance and Wedding,179.1K,tiktok,ecuador,False,2024,Beauty&Fashion,MAPPED,,Romance and Wedding
100,Angela Orellana @angelitamov7,596.3K,-,Ecuador,,178.9K,tiktok,ecuador,False,2024,NA,NA,,
1,Gehad hassan👸🏻 @gehadhassann,7.5M,-,Egypt,,2.3M,tiktok,egypt,False,2024,NA,NA,,
2,Ahmed Helmy @ahmedhelmy,6.9M,-,Egypt,Entertainment and Music,2.1M,tiktok,egypt,False,2024,Music,MAPPED,,Entertainment and Music
3,MBC مصر @mbcmasr,4.6M,-,Egypt,,1.4M,tiktok,egypt,False,2024,NA,NA,,
4,ahmedhassan🇹🇷🇪🇬 @ahmedhhassan0,4.3M,2.6%,Egypt,,1.3M,tiktok,egypt,False,2024,NA,NA,,
5,ᔕ𝔼ᒪ𝕍ᗩـــسيلڤاـ︎. @mo_selva,3.9M,-,Egypt,,1.2M,tiktok,egypt,False,2024,NA,NA,,
6,حمو شاكر _Hamo Shaker @hamoshakerofficial,3.4M,0.1%,Egypt,Entertainment and Music,1M,tiktok,egypt,False,2024,Music,MAPPED,,Entertainment and Music
7,youssefesawy @youssef_esawy,3.2M,0.2%,Egypt,Fashion and Accessories,960K,tiktok,egypt,False,2024,Beauty&Fashion,MAPPED,,Fashion and Accessories
8,Bella Tharwat - بيلا ثروت @bella.tharwat,3.1M,-,Egypt,,930K,tiktok,egypt,False,2024,NA,NA,,
9,"🇪🇬⚡""ALALMEI""⚡🇵🇸 @ashraf_alalmei",2.9M,-,Egypt,,870K,tiktok,egypt,False,2024,NA,NA,,
10,Enawy | قناوي @abdallahenawy,2.7M,-,Egypt,,810K,tiktok,egypt,False,2024,NA,NA,,
11,Manga official🥭 @mrmroga,2.4M,0.4%,Egypt,Beauty and Self Care,720K,tiktok,egypt,False,2024,Beauty&Fashion,MAPPED,,Beauty and Self Care
12,هجرس_HGRAS @hgras1,2.3M,-,Egypt,,690K,tiktok,egypt,False,2024,NA,NA,,
13,Malak @malakelsheriif17,2.3M,-,Egypt,,690K,tiktok,egypt,False,2024,NA,NA,,
14,SALMA ADEL 🎤 @salmaadel_official,2.1M,-,Egypt,Entertainment and Music Celebrity Music,630K,tiktok,egypt,False,2024,Music,MAPPED,,Entertainment and Music Celebrity Music
15,🎨محمد فاروق الرسام🎨 @king_misr,2.1M,0.3%,Egypt,,630K,tiktok,egypt,False,2024,NA,NA,,
16,اعلاميه ايه خليل @aya19941994,2.1M,-,Egypt,,630K,tiktok,egypt,False,2024,NA,NA,,
17,Shaimaa Elmaghrapyشيماءالمغربي @shaimaaelmaghrapy,2M,-,Egypt,Entertainment and Music,600K,tiktok,egypt,False,2024,Music,MAPPED,,Entertainment and Music
18,🇪🇬﮼ميار﮼عماد﮼نجيب🇪🇬 @mayare.nagiib,2M,-,Egypt,Beauty and Self Care,600K,tiktok,egypt,False,2024,Beauty&Fashion,MAPPED,,Beauty and Self Care
19,Doctora Eslam 🩺🇪🇬 @doctoraeslam,1.9M,-,Egypt,,570K,tiktok,egypt,False,2024,NA,NA,,
20,nour @_nonosh_,1.8M,-,Egypt,,540K,tiktok,egypt,False,2024,NA,NA,,
21,رضا البحراوي @redaelbahrawy.official,1.7M,-,Egypt,Entertainment and Music Music,510K,tiktok,egypt,False,2024,Music,MAPPED,,Entertainment and Music Music
22,princess 🎀👑 @faye_mansour22,1.7M,-,Egypt,,510K,tiktok,egypt,False,2024,NA,NA,,
23,👑K3m99👑 @kemoo_falco,1.7M,-,Egypt,,510K,tiktok,egypt,False,2024,NA,NA,,
24,مسرح مصر #مسرح_مصر @theater.misr.official,1.7M,-,Egypt,Entertainment and Music,510K,tiktok,egypt,False,2024,Music,MAPPED,,Entertainment and Music
25,Ahmed Zaher @ahmedzaher228,1.6M,-,Egypt,,480K,tiktok,egypt,False,2024,NA,NA,,
26,🔥🇪🇬𝐀𝐋𝐃𝐀𝐖𝐋𝐘🇪🇬🔥 @alaa.dawlyy,1.5M,-,Egypt,,450K,tiktok,egypt,False,2024,NA,NA,,
27,FoodDolls @fooddolls,1.4M,-,Egypt,Food,420K,tiktok,egypt,False,2024,Lifestyle,MAPPED,,Food
28,Weam Magdy @weammagdy30,1.4M,-,Egypt,,420K,tiktok,egypt,False,2024,NA,NA,,
29,المبرمج اشرف مصطفي @ashrafzamka,1.4M,-,Egypt,Education Upskilling,420K,tiktok,egypt,False,2024,Knowledge&Info,MAPPED,,Education Upskilling
30,Ahmed Emad @aahmmedx,1.4M,-,Egypt,,420K,tiktok,egypt,False,2024,NA,NA,,
31,Gemyabdelnasserr @gemyabdelnasserr,1.3M,-,Egypt,,390K,tiktok,egypt,False,2024,NA,NA,,
32,عرنو @__haron_whdan__,1.3M,-,Egypt,,390K,tiktok,egypt,False,2024,NA,NA,,
33,لمض افندي 🇪🇬📸 @hassan_soliman11,1.3M,-,Egypt,,390K,tiktok,egypt,False,2024,NA,NA,,
34,صاحب الكوكب✅ @mohmed.7asona,1.3M,-,Egypt,,390K,tiktok,egypt,False,2024,NA,NA,,
35,–––•(-• ابو شعر كيرلي😅❤️ •-) @pasha_aswan,1.3M,-,Egypt,Romance and Wedding,390K,tiktok,egypt,False,2024,Beauty&Fashion,MAPPED,,Romance and Wedding
36,Mahmoud ElMohandes @mahmoudelmohandes,1.3M,-,Egypt,Entertainment and Music Romance and Wedding,390K,tiktok,egypt,False,2024,Beauty&Fashion,MAPPED,,Entertainment and Music Romance and Wedding
37,soso @israa.nageeb,1.3M,-,Egypt,,390K,tiktok,egypt,False,2024,NA,NA,,
38,Dr. Hossam Abolatta @drhossamabolatta,1.3M,-,Egypt,,390K,tiktok,egypt,False,2024,NA,NA,,
39,#إمبراطورية_شيكو_الماجيك💪🇪🇬 @sheko.el.magic,1.2M,0.1%,Egypt,,360K,tiktok,egypt,False,2024,NA,NA,,
40,Hamoda Elsory @hamodaelsory,1.2M,0.1%,Egypt,,360K,tiktok,egypt,False,2024,NA,NA,,
41,Menna El-zohiry @mennaelzohiry,1.2M,-,Egypt,Education,360K,tiktok,egypt,False,2024,Knowledge&Info,MAPPED,,Education
42,⚡️Youssef joe⚡️ @yousseefjoe,1.2M,-,Egypt,,360K,tiktok,egypt,False,2024,NA,NA,,
43,مصراوي 🧞‍♂️ @abd0saper,1.1M,0.1%,Egypt,,330K,tiktok,egypt,False,2024,NA,NA,,
44,رانيا عمر❤️ @raniiabae,1.1M,0.4%,Egypt,,330K,tiktok,egypt,False,2024,NA,NA,,
45,Mahmoud Fadl محمود فضل @mahmoudfadl24,1.1M,-,Egypt,Education,330K,tiktok,egypt,False,2024,Knowledge&Info,MAPPED,,Education
46,Sarah Badr @sarahbadrart,1.1M,-,Egypt,Beauty and Self Care,330K,tiktok,egypt,False,2024,Beauty&Fashion,MAPPED,,Beauty and Self Care
47,Mbc4 @mbc4,1M,-,Egypt,,300K,tiktok,egypt,False,2024,NA,NA,,
48,Fouad Elkaffas | فؤاد القفاص @its.fouad1,1M,-,Egypt,Food,300K,tiktok,egypt,False,2024,Lifestyle,MAPPED,,Food
49,Kayan Essam @jojoahmed7213,999.5K,0.1%,Egypt,,299.9K,tiktok,egypt,False,2024,NA,NA,,
50,حسام حسين @hossam_hussein_official,997.7K,-,Egypt,,299.3K,tiktok,egypt,False,2024,NA,NA,,
51,Ahmed Younis | احمد يونس @ahmedyouniis,996.7K,-,Egypt,,299K,tiktok,egypt,False,2024,NA,NA,,
52,they call me Mego 🥴 @jannamagdykhalil,992.6K,-,Egypt,Pets,297.8K,tiktok,egypt,False,2024,Lifestyle,MAPPED,,Pets
53,Engy Abdo @engyyabdo,991.8K,-,Egypt,,297.5K,tiktok,egypt,False,2024,NA,NA,,
54,Kelma production @mohamedadaweya0,990K,-,Egypt,,297K,tiktok,egypt,False,2024,NA,NA,,
55,Chee Tos @rouhalsharq,986.3K,-,Egypt,,295.9K,tiktok,egypt,False,2024,NA,NA,,
56,Hamdy.ashourr @hamdy.ashourr,983K,-,Egypt,Acting and Drama,294.9K,tiktok,egypt,False,2024,Entertainment,MAPPED,,Acting and Drama
57,Chef Eman 👩🏻‍🍳 @eman.ibrahiim,977.3K,0.1%,Egypt,Food,293.2K,tiktok,egypt,False,2024,Lifestyle,MAPPED,,Food
58,Bassel @basseljr,975.1K,-,Egypt,Business and Finance,292.5K,tiktok,egypt,False,2024,Knowledge&Info,MAPPED,,Business and Finance
59,ايه ده في ايه 🤣 @mohamed__fadl,974.6K,-,Egypt,,292.4K,tiktok,egypt,False,2024,NA,NA,,
60,القارئ محمد أبو سيف @mohamedabosaif14,972.1K,-,Egypt,,291.6K,tiktok,egypt,False,2024,NA,NA,,
61,Jihan & Siwar @jihan.siwar,966.5K,-,Egypt,,290K,tiktok,egypt,False,2024,NA,NA,,
62,الظلام | 𝐓𝐡𝐞 𝐃𝐚𝐫𝐤🐾 @mogli._,964.9K,0.3%,Egypt,,289.5K,tiktok,egypt,False,2024,NA,NA,,
63,Mallakhassan.q 🇵🇸🇪🇬 @mallakhassan,961.6K,-,Egypt,,288.5K,tiktok,egypt,False,2024,NA,NA,,
64,Alsaid_official @alsaid_official,960.3K,-,Egypt,,288.1K,tiktok,egypt,False,2024,NA,NA,,
65,❤️الرحاله ❤️ @salma_elogil,956.7K,-,Egypt,,287K,tiktok,egypt,False,2024,NA,NA,,
66,Seif Mohamed @elkhawagaenglish,952.5K,-,Egypt,,285.8K,tiktok,egypt,False,2024,NA,NA,,
67,Mostafa Tanta ❤️😲 @mustafaalsaid12,949.8K,-,Egypt,,284.9K,tiktok,egypt,False,2024,NA,NA,,
68,﮼سعيد ﮼تيتو ⚔️🇪🇬... @saeedelfky,949.1K,-,Egypt,,284.7K,tiktok,egypt,False,2024,NA,NA,,
69,بتاع الكوميدي☝️♥️ @ahmedsamir0088,944.3K,-,Egypt,,283.3K,tiktok,egypt,False,2024,NA,NA,,
70,Dr-Ali Hussein @dr3lii,943.8K,-,Egypt,Fitness and Health,283.1K,tiktok,egypt,False,2024,Sports,MAPPED,,Fitness and Health
71,Haneen Magdi🦄 @haneenmagdii,936.9K,-,Egypt,,281.1K,tiktok,egypt,False,2024,NA,NA,,
72,Omar Adel @omaradel862,936K,0.1%,Egypt,,280.8K,tiktok,egypt,False,2024,NA,NA,,
73,المنشد حازم محمد🇦🇪🇪🇬 @hazem.mohamed2,935.5K,-,Egypt,,280.7K,tiktok,egypt,False,2024,NA,NA,,
74,💪 ابن اسكندرية 💪 @hamo_tark,933.5K,-,Egypt,,280.1K,tiktok,egypt,False,2024,NA,NA,,
75,Ahmed Elawady أحمد العوضي @elmeadadi,933.2K,-,Egypt,Acting and Drama Sports,280K,tiktok,egypt,False,2024,Sports,MAPPED,,Acting and Drama Sports
76,كريم ناجي ♥️🖤🧿 @dmnhori201944,932.2K,0.1%,Egypt,,279.7K,tiktok,egypt,False,2024,NA,NA,,
77,Hussien Elgohary @hussien.elgohary,931.6K,-,Egypt,,279.5K,tiktok,egypt,False,2024,NA,NA,,
78,tameemyouness @tameemyouness,925.9K,0.1%,Egypt,,277.8K,tiktok,egypt,False,2024,NA,NA,,
79,عمر الجبلي @omarlgabaly,925.8K,-,Egypt,,277.7K,tiktok,egypt,False,2024,NA,NA,,
80,BADRMUUHAMED | بدر محمد @badrmuuhamed,921.1K,-,Egypt,,276.3K,tiktok,egypt,False,2024,NA,NA,,
81,مصطفى منعم @8mu_13,919.6K,0.4%,Egypt,,275.9K,tiktok,egypt,False,2024,NA,NA,,
82,Kaido 🧠☁️ @kaido55,919.1K,-,Egypt,,275.7K,tiktok,egypt,False,2024,NA,NA,,
83,Ebraam Samir @ebraamsamir,917.7K,-,Egypt,Acting and Drama Celebrity Medical Health,275.3K,tiktok,egypt,False,2024,Knowledge&Info,MAPPED,,Acting and Drama Celebrity Medical Health
84,Diaa🦁 @diaatalaat00,913.3K,-,Egypt,,274K,tiktok,egypt,False,2024,NA,NA,,
85,كاءن النوتيلا❤️ @gogoana621,908.8K,-,Egypt,,272.6K,tiktok,egypt,False,2024,NA,NA,,
86,Sensei Mamdouh Bakkar @mamdouhbakkar1,908.3K,-,Egypt,,272.5K,tiktok,egypt,False,2024,NA,NA,,
87,هشام بلاطة @spidermanalmokattam,904.2K,-,Egypt,,271.3K,tiktok,egypt,False,2024,NA,NA,,
88,Mohanaderabii @erabii,904K,-,Egypt,,271.2K,tiktok,egypt,False,2024,NA,NA,,
89,﮼چورى💜🦄 @haageerahmed,902.6K,-,Egypt,,270.8K,tiktok,egypt,False,2024,NA,NA,,
90,3 Twins @3twins7,898.8K,-,Egypt,,269.6K,tiktok,egypt,False,2024,NA,NA,,
91,Belal L Galy @estetsh0,898.5K,0.8%,Egypt,Beauty and Self Care,269.6K,tiktok,egypt,False,2024,Beauty&Fashion,MAPPED,,Beauty and Self Care
92,محمد رمضان @mohamed_ramdan_100,895.6K,-,Egypt,,268.7K,tiktok,egypt,False,2024,NA,NA,,
93,Mostafa Ayman @mostafa.aymann,894.9K,-,Egypt,,268.5K,tiktok,egypt,False,2024,NA,NA,,
94,Hussien elshahat @h.elshahat,890.8K,-,Egypt,,267.2K,tiktok,egypt,False,2024,NA,NA,,
95,ابراهيم الطوخي الاصلي🔥👌 @abrahemalto5e2,887.9K,-,Egypt,,266.4K,tiktok,egypt,False,2024,NA,NA,,
96,Sãmär Elnagar @samarelnagar11,887.2K,-,Egypt,Beauty and Self Care,266.2K,tiktok,egypt,False,2024,Beauty&Fashion,MAPPED,,Beauty and Self Care
97,ᗩᕼᗰEᗪ_TOᖇKY 🇪🇬🇹🇷 @ahmed_torky,886.6K,-,Egypt,,266K,tiktok,egypt,False,2024,NA,NA,,
98,Dr JOO SOLIMAN 💫 @drjoosoliman,885.2K,-,Egypt,,265.6K,tiktok,egypt,False,2024,NA,NA,,
99,👉 L O S T E R 👈 @losterhossam,882.4K,-,Egypt,,264.7K,tiktok,egypt,False,2024,NA,NA,,
100,Maged Elmasry @magedelmasry1919,878.9K,-,Egypt,,263.7K,tiktok,egypt,False,2024,NA,NA,,
1,Esvin Reyes @esvinreyes5,2.6M,-,El Salvador,,780K,tiktok,el-salvador,False,2024,NA,NA,,
2,Amys Twins💖 @amys_twins,2.5M,0.9%,El Salvador,family,750K,tiktok,el-salvador,False,2024,Lifestyle,MAPPED,,family
3,art🌸by🌸ari @arinnami_,1.3M,-,El Salvador,Arts and Crafts,390K,tiktok,el-salvador,False,2024,Lifestyle,MAPPED,,Arts and Crafts
4,La Tia Maria Oficial @la_tiamaria,1.3M,2.2%,El Salvador,,390K,tiktok,el-salvador,False,2024,NA,NA,,
5,Just A Happy Mom @justahappymom,1.2M,0.3%,El Salvador,family,360K,tiktok,el-salvador,False,2024,Lifestyle,MAPPED,,family
6,Nancy Ver @nancyytuque,1.1M,-,El Salvador,,330K,tiktok,el-salvador,False,2024,NA,NA,,
7,RICKY @soyrickysv,1.1M,1.2%,El Salvador,,330K,tiktok,el-salvador,False,2024,NA,NA,,
8,Esme Lemus @esme_esme16,1M,-,El Salvador,,300K,tiktok,el-salvador,False,2024,NA,NA,,
9,Delmy Hernandez @yaniraberrios7,981.2K,-,El Salvador,,294.4K,tiktok,el-salvador,False,2024,NA,NA,,
10,Dulces Dulce @dulcesdulce1,942.8K,0.1%,El Salvador,Food and Drink,282.8K,tiktok,el-salvador,False,2024,Lifestyle,MAPPED,,Food and Drink
11,ᵛᵃʸᵃ.ᵈᵃᵗᵒ @vaya.dato,933.4K,-,El Salvador,,280K,tiktok,el-salvador,False,2024,NA,NA,,
12,🇸🇻𝙃𝙚𝙣𝙧𝙮 𝙐𝙧𝙞𝙖𝙨 @henryuriasoficial,914.1K,1.9%,El Salvador,Celebrity,274.2K,tiktok,el-salvador,False,2024,Entertainment,MAPPED,,Celebrity
13,Fernando Palomo @fernandopalomoespn,913.4K,1.9%,El Salvador,,274K,tiktok,el-salvador,False,2024,NA,NA,,
14,Artemio el Ruso Latino @rusolatino,911.2K,1.4%,El Salvador,,273.4K,tiktok,el-salvador,False,2024,NA,NA,,
15,Salvador Alas @lacholy4,878.4K,9%,El Salvador,,263.5K,tiktok,el-salvador,False,2024,NA,NA,,
16,Pao y Mafer Cea @innova.sv,862.6K,1.8%,El Salvador,Entertainment and Music Product Showcase,258.8K,tiktok,el-salvador,False,2024,Beauty&Fashion,MAPPED,,Entertainment and Music Product Showcase
17,elizithablanco @elizithablanco,861.7K,-,El Salvador,,258.5K,tiktok,el-salvador,False,2024,NA,NA,,
18,Chibi @chibifagoaga,839.4K,1.5%,El Salvador,,251.8K,tiktok,el-salvador,False,2024,NA,NA,,
19,Elenamorenohrqz3 @elenamorenohrqz3,755.8K,-,El Salvador,,226.7K,tiktok,el-salvador,False,2024,NA,NA,,
20,Drinkaholicssv @drinkaholicsv,744.2K,-,El Salvador,,223.3K,tiktok,el-salvador,False,2024,NA,NA,,
21,Norma Villeda @normaoficial,683.8K,-,El Salvador,Romance and Wedding,205.1K,tiktok,el-salvador,False,2024,Beauty&Fashion,MAPPED,,Romance and Wedding
22,Irene7sv @irene7sv,673.6K,-,El Salvador,,202.1K,tiktok,el-salvador,False,2024,NA,NA,,
23,VidenteBibianArango @videntebibianarango,630.2K,-,El Salvador,,189.1K,tiktok,el-salvador,False,2024,NA,NA,,
24,Dr. Hernández Cabezas Urólogo @urologodavidhc,628.4K,-,El Salvador,,188.5K,tiktok,el-salvador,False,2024,NA,NA,,
25,Baby Tiste 🧸 @soy_babyy,625.5K,-,El Salvador,,187.7K,tiktok,el-salvador,False,2024,NA,NA,,
26,Diego Madrid @dsvvlogs,614.7K,4.4%,El Salvador,,184.4K,tiktok,el-salvador,False,2024,NA,NA,,
27,Arle&Coshi @arlemiranda1,610.9K,-,El Salvador,Beauty and Self Care,183.3K,tiktok,el-salvador,False,2024,Beauty&Fashion,MAPPED,,Beauty and Self Care
28,Moanaaa @yah.girl.nd,600.1K,-,El Salvador,,180K,tiktok,el-salvador,False,2024,NA,NA,,
29,Tik Toker @yaccky_2514,570.1K,-,El Salvador,,171K,tiktok,el-salvador,False,2024,NA,NA,,
30,Ralphy Perdomo ✪ @ralphyperdomo,549.9K,-,El Salvador,Fitness and Health Entertainment and Music,165K,tiktok,el-salvador,False,2024,Sports,MAPPED,,Fitness and Health Entertainment and Music
31,Anypineda☆503♡ @anypineda503,544.7K,-,El Salvador,,163.4K,tiktok,el-salvador,False,2024,NA,NA,,
32,Tatiana @tatiana_ff7,542.9K,-,El Salvador,Video Gaming,162.9K,tiktok,el-salvador,False,2024,Tech&Gaming,MAPPED,,Video Gaming
33,🍧🏖Estefany García🍧🏖 @estefanygarciaa,532.7K,-,El Salvador,,159.8K,tiktok,el-salvador,False,2024,NA,NA,,
34,solosad_503 @solosad_503,525.7K,-,El Salvador,,157.7K,tiktok,el-salvador,False,2024,NA,NA,,
35,Eduardo Carranza @eduarcarranzaa,496.2K,0.1%,El Salvador,,148.9K,tiktok,el-salvador,False,2024,NA,NA,,
36,Wilsonn 🌴 @fw.wilsonn,494.7K,0.8%,El Salvador,,148.4K,tiktok,el-salvador,False,2024,NA,NA,,
37,Erick @ericksamp,491.3K,0.2%,El Salvador,,147.4K,tiktok,el-salvador,False,2024,NA,NA,,
38,Dr. Rafael López Castellanos @sorprendiente,478.6K,-,El Salvador,,143.6K,tiktok,el-salvador,False,2024,NA,NA,,
39,NACIÓN SIVAR @nacionsivar,465.6K,-,El Salvador,,139.7K,tiktok,el-salvador,False,2024,NA,NA,,
40,Ronald Rivas @11ronald_rivas,465.3K,0.1%,El Salvador,,139.6K,tiktok,el-salvador,False,2024,NA,NA,,
41,_jfigs @_jfigs,458.6K,-,El Salvador,family Funny,137.6K,tiktok,el-salvador,False,2024,Entertainment,MAPPED,,family Funny
42,Frases de Nayib Bukele @frasesnayib,458K,0.1%,El Salvador,,137.4K,tiktok,el-salvador,False,2024,NA,NA,,
43,Cato’ @catoromero_1,455.6K,-,El Salvador,,136.7K,tiktok,el-salvador,False,2024,NA,NA,,
44,Alexis Calderon @alexiscaldern10,453K,-,El Salvador,,135.9K,tiktok,el-salvador,False,2024,NA,NA,,
45,Suzsy Orellana @suzsyorellana,452.5K,-,El Salvador,,135.8K,tiktok,el-salvador,False,2024,NA,NA,,
46,Fátima 🍒 @its_fathyy,449.4K,-,El Salvador,,134.8K,tiktok,el-salvador,False,2024,NA,NA,,
47,Oscar Canales @oscar_canales.ff,444.8K,0.2%,El Salvador,Video Gaming,133.4K,tiktok,el-salvador,False,2024,Tech&Gaming,MAPPED,,Video Gaming
48,🌴🔥CHELE🔥🌴 @chele_503,441.8K,2.1%,El Salvador,,132.5K,tiktok,el-salvador,False,2024,NA,NA,,
49,🇸🇻🇸🇻iVANESSA🇸🇻🇸🇻🇸🇻 @vanessa.chinita,438.3K,-,El Salvador,,131.5K,tiktok,el-salvador,False,2024,NA,NA,,
50,BRAZILIAN GIRLS2 @brazilian_girlss,418.3K,-,El Salvador,,125.5K,tiktok,el-salvador,False,2024,NA,NA,,
51,Anita palma 503 🇸🇻 @analypalma.503,397.9K,-,El Salvador,,119.4K,tiktok,el-salvador,False,2024,NA,NA,,
52,el vegaa❤💯 @elvegaa._,384.7K,-,El Salvador,Video Gaming,115.4K,tiktok,el-salvador,False,2024,Tech&Gaming,MAPPED,,Video Gaming
53,GRANT SALAZAR 🐉 @grantsalazarmm,381.1K,0.1%,El Salvador,Fitness and Health,114.3K,tiktok,el-salvador,False,2024,Sports,MAPPED,,Fitness and Health
54,🖤🌺Marianela Hércules 🖤🌺 @gorditahercules16,365.1K,-,El Salvador,,109.5K,tiktok,el-salvador,False,2024,NA,NA,,
55,Madeby_Mey @madeby_mey,364.7K,0.5%,El Salvador,Arts and Crafts,109.4K,tiktok,el-salvador,False,2024,Lifestyle,MAPPED,,Arts and Crafts
56,Arely @arely_ff,364.6K,0.1%,El Salvador,,109.4K,tiktok,el-salvador,False,2024,NA,NA,,
57,Noticiero El Salvador @noticierosv,363K,-,El Salvador,,108.9K,tiktok,el-salvador,False,2024,NA,NA,,
58,BTSTUFF @lulustraberry,356K,0.2%,El Salvador,,106.8K,tiktok,el-salvador,False,2024,NA,NA,,
59,Penales SV @penalessv,354.4K,0.1%,El Salvador,,106.3K,tiktok,el-salvador,False,2024,NA,NA,,
60,Jay Wheeler🥀🔥 @jaywheeler.elsalvador,350.9K,0.1%,El Salvador,,105.3K,tiktok,el-salvador,False,2024,NA,NA,,
61,Mulata❤️ @johannypalmas,349.9K,-,El Salvador,,105K,tiktok,el-salvador,False,2024,NA,NA,,
62,LaBoOnita❤️) @glendatiktokr,349.7K,-,El Salvador,,104.9K,tiktok,el-salvador,False,2024,NA,NA,,
63,Giovanni-1099 @giovanni1021,349.5K,0.1%,El Salvador,,104.9K,tiktok,el-salvador,False,2024,NA,NA,,
64,Erick Sánchez @sabroson21,349.4K,-,El Salvador,Animation and Cosplay,104.8K,tiktok,el-salvador,False,2024,Tech&Gaming,MAPPED,,Animation and Cosplay
65,Veronica @veronicacastro.3,344.7K,-,El Salvador,,103.4K,tiktok,el-salvador,False,2024,NA,NA,,
66,Cristek.3d @cristek.3d,336.4K,-,El Salvador,Arts and Crafts Product Showcase,100.9K,tiktok,el-salvador,False,2024,Beauty&Fashion,MAPPED,,Arts and Crafts Product Showcase
67,... @thatonefnafeditor,328.2K,0.2%,El Salvador,,98.5K,tiktok,el-salvador,False,2024,NA,NA,,
68,edgaroficial.sv @edgaroficial.sv,327.3K,-,El Salvador,,98.2K,tiktok,el-salvador,False,2024,NA,NA,,
69,Kiike Seibans @kiikees007,326K,-,El Salvador,,97.8K,tiktok,el-salvador,False,2024,NA,NA,,
70,Sol Córdova☀️ @suncordova89,325.8K,0.3%,El Salvador,,97.7K,tiktok,el-salvador,False,2024,NA,NA,,
71,🇸🇻SteffyAvelar🇸🇻 @steffanysalvadoriancurve,319.7K,-,El Salvador,Food and Drink,95.9K,tiktok,el-salvador,False,2024,Lifestyle,MAPPED,,Food and Drink
72,Evans Chino ✈️🌏 @evanschino,311.4K,-,El Salvador,,93.4K,tiktok,el-salvador,False,2024,NA,NA,,
73,FERNANDA @fernsulantay,308.6K,-,El Salvador,Education Life and Society,92.6K,tiktok,el-salvador,False,2024,Knowledge&Info,MAPPED,,Education Life and Society
74,Vladimir Rodríguez @vlady_ro,308.5K,-,El Salvador,,92.6K,tiktok,el-salvador,False,2024,NA,NA,,
75,Sofia Portillo @sofiaportillo3,307.3K,-,El Salvador,Travel,92.2K,tiktok,el-salvador,False,2024,Lifestyle,MAPPED,,Travel
76,🍔EL YEEZY👹🇸🇻🔥 @yeezytrvp1,304.9K,-,El Salvador,,91.5K,tiktok,el-salvador,False,2024,NA,NA,,
77,<3 @mich_lyrics,304.8K,-,El Salvador,,91.4K,tiktok,el-salvador,False,2024,NA,NA,,
78,Marlene Iraheta @marleneiraheta,298.7K,-,El Salvador,,89.6K,tiktok,el-salvador,False,2024,NA,NA,,
79,dani @danielanicol_,293.9K,-,El Salvador,,88.2K,tiktok,el-salvador,False,2024,NA,NA,,
80,Rosyalberto @rosyalbertotv,292.3K,-,El Salvador,,87.7K,tiktok,el-salvador,False,2024,NA,NA,,
81,ChoteandoconRenegro @choteandoconrenegro,288.9K,3.4%,El Salvador,,86.7K,tiktok,el-salvador,False,2024,NA,NA,,
82,Salvador @salvador.0,287.1K,-,El Salvador,,86.1K,tiktok,el-salvador,False,2024,NA,NA,,
83,Jennin💜 @jennin7.7,285.3K,-,El Salvador,,85.6K,tiktok,el-salvador,False,2024,NA,NA,,
84,Yosselin Reyes 👑 @yosselinvillatoror,283.7K,-,El Salvador,,85.1K,tiktok,el-salvador,False,2024,NA,NA,,
85,🇸🇻 Josué Jovel 🇸🇻 @jovel_david,281.8K,-,El Salvador,,84.5K,tiktok,el-salvador,False,2024,NA,NA,,
86,Fatima Landaverde @fatyarevaloa2,281.6K,-,El Salvador,,84.5K,tiktok,el-salvador,False,2024,NA,NA,,
87,✨Carlos Pineda✨ @eycarlitos_,280.5K,-,El Salvador,,84.2K,tiktok,el-salvador,False,2024,NA,NA,,
88,Lisbeeeethh @lisbeeeethh01,280.2K,-,El Salvador,,84.1K,tiktok,el-salvador,False,2024,NA,NA,,
89,🦋~Fans De Mi Vida~🦋~Lili~🦋 @chona.latinoamerica.fans,277.3K,0.1%,El Salvador,,83.2K,tiktok,el-salvador,False,2024,NA,NA,,
90,🇪 🇱 🇻 🇦 🇹 🇴 ☺️ @elvato_sr,270.7K,-,El Salvador,,81.2K,tiktok,el-salvador,False,2024,NA,NA,,
91,𝐋𝐈𝐀⁷ @btsshok,270.5K,0.1%,El Salvador,,81.2K,tiktok,el-salvador,False,2024,NA,NA,,
92,David Sosa695 @davidsosa_22,267K,-,El Salvador,Entertainment and Music Travel,80.1K,tiktok,el-salvador,False,2024,Music,MAPPED,,Entertainment and Music Travel
93,elgustavito503 @otaku_216,267K,-,El Salvador,,80.1K,tiktok,el-salvador,False,2024,NA,NA,,
94,djmelvin_love1 @djmelvin_love1,265.4K,-,El Salvador,,79.6K,tiktok,el-salvador,False,2024,NA,NA,,
95,Ryan Escalante @ryannescalante,263.2K,0.2%,El Salvador,,79K,tiktok,el-salvador,False,2024,NA,NA,,
96,Jonathan Abel Martin @jonathan_amz,262.9K,0.1%,El Salvador,,78.9K,tiktok,el-salvador,False,2024,NA,NA,,
97,Asamblea de Memes @asambleadememes,262.7K,-,El Salvador,,78.8K,tiktok,el-salvador,False,2024,NA,NA,,
98,Pupuseria Doña Luly @pupuseria_dona_luly,262.6K,-,El Salvador,Food,78.8K,tiktok,el-salvador,False,2024,Lifestyle,MAPPED,,Food
99,◥꧁ད@beto༒516ཌ꧂◤🇸🇻 @beto516,262.6K,0.5%,El Salvador,,78.8K,tiktok,el-salvador,False,2024,NA,NA,,
100,TXT ➕✖️➕ @chinggumoa,261.3K,0.6%,El Salvador,,78.4K,tiktok,el-salvador,False,2024,NA,NA,,
1,"dr. Arthur, SpKK, FINSDV @dokterkulitkucom",1.2M,-,Finland,Beauty and Self Care,360K,tiktok,finland,False,2024,Beauty&Fashion,MAPPED,,Beauty and Self Care
2,cookexpertf @cookexpertf,865.4K,-,Finland,Food and Drink,259.6K,tiktok,finland,False,2024,Lifestyle,MAPPED,,Food and Drink
3,Jannica Sherry @jannicass,833.9K,0.1%,Finland,Beauty and Self Care Arts and Crafts,250.2K,tiktok,finland,False,2024,Beauty&Fashion,MAPPED,,Beauty and Self Care Arts and Crafts
4,Bella Nomade / IG: bellanomade @bellanomade,754.1K,-,Finland,Travel Fitness,226.2K,tiktok,finland,False,2024,Sports,MAPPED,,Travel Fitness
5,Taija Taika @taijataika,642.3K,-,Finland,,192.7K,tiktok,finland,False,2024,NA,NA,,
6,1000 Experiencias @1000experiencias,409.9K,-,Finland,Travel,123K,tiktok,finland,False,2024,Lifestyle,MAPPED,,Travel
7,Waleed Kilttan @kiltaan,394.7K,-,Finland,,118.4K,tiktok,finland,False,2024,NA,NA,,
8,🇫🇮🇫🇮🇫🇮 @imnotjoalin,382K,0.3%,Finland,,114.6K,tiktok,finland,False,2024,NA,NA,,
9,SARAH @itssarahh99,378.1K,0.2%,Finland,,113.4K,tiktok,finland,False,2024,NA,NA,,
10,Sanni Oksanen @sannioksanen,377.6K,-,Finland,Travel,113.3K,tiktok,finland,False,2024,Lifestyle,MAPPED,,Travel
11,Lucas Zanotto @lucas_zanotto,351.1K,-,Finland,,105.3K,tiktok,finland,False,2024,NA,NA,,
12,🇫🇮My toxic🤭 @veeti_dz,340K,-,Finland,,102K,tiktok,finland,False,2024,NA,NA,,
13,santtu @santerivili,336.7K,-,Finland,Entertainment and Music Funny,101K,tiktok,finland,False,2024,Music,MAPPED,,Entertainment and Music Funny
14,laulukka🌺 @laulukka,330.7K,-,Finland,Entertainment and Music Funny,99.2K,tiktok,finland,False,2024,Music,MAPPED,,Entertainment and Music Funny
15,Luonto Furniture @luontofurniture,292.5K,-,Finland,Home and Garden,87.8K,tiktok,finland,False,2024,Lifestyle,MAPPED,,Home and Garden
16,стаська @pussiom,279.5K,32.2%,Finland,Entertainment and Music,83.9K,tiktok,finland,False,2024,Music,MAPPED,,Entertainment and Music
17,الفنانةحنين السومرية @user7uz7it1r4y,277.8K,-,Finland,,83.3K,tiktok,finland,False,2024,NA,NA,,
18,Prince Ibrahimi @princeibrahimi,276.3K,1.1%,Finland,,82.9K,tiktok,finland,False,2024,NA,NA,,
19,khira @khirq,258.8K,0.5%,Finland,,77.6K,tiktok,finland,False,2024,NA,NA,,
20,Elias @eliasvvv,241.3K,0.4%,Finland,Entertainment and Music,72.4K,tiktok,finland,False,2024,Music,MAPPED,,Entertainment and Music
21,Daniel Ahola @danielaleksis,240K,21.3%,Finland,Entertainment and Music,72K,tiktok,finland,False,2024,Music,MAPPED,,Entertainment and Music
22,floweryghost @floweryghost,238.7K,-,Finland,Beauty and Self Care,71.6K,tiktok,finland,False,2024,Beauty&Fashion,MAPPED,,Beauty and Self Care
23,وئام و هبه @weaam.hiba,226.8K,0.1%,Finland,Entertainment and Music,68K,tiktok,finland,False,2024,Music,MAPPED,,Entertainment and Music
24,SaamoPetraa @saamopetraa3,226.2K,-,Finland,Entertainment and Music,67.9K,tiktok,finland,False,2024,Music,MAPPED,,Entertainment and Music
25,Proxyrod @proxyrod,219.7K,0.1%,Finland,Entertainment and Music,65.9K,tiktok,finland,False,2024,Music,MAPPED,,Entertainment and Music
26,Crew of hooligans @crewofhooligans,211.5K,-,Finland,,63.5K,tiktok,finland,False,2024,NA,NA,,
27,NordicFunDogs @nordicfundogs,211.1K,0.1%,Finland,Animals Pets,63.3K,tiktok,finland,False,2024,Lifestyle,MAPPED,,Animals Pets
28,Risaaa😂😂 @rsdance27,209.2K,-,Finland,,62.8K,tiktok,finland,False,2024,NA,NA,,
29,Mandimai Sundberg @mondaymay,208.8K,0.2%,Finland,,62.6K,tiktok,finland,False,2024,NA,NA,,
30,Måmå “P” PääT @mypaat,206.5K,-,Finland,,62K,tiktok,finland,False,2024,NA,NA,,
31,wheelhub @wheelhub.com,205.8K,-,Finland,,61.7K,tiktok,finland,False,2024,NA,NA,,
32,Luciano Ghidoli @lucianoghidoli,199.2K,-,Finland,Arts and Crafts,59.8K,tiktok,finland,False,2024,Lifestyle,MAPPED,,Arts and Crafts
33,Nojeen Makeup 💄 @n0jeenn,198.9K,-,Finland,,59.7K,tiktok,finland,False,2024,NA,NA,,
34,Viivi Rytkönen @unafinlandesa,194.2K,-,Finland,Travel,58.3K,tiktok,finland,False,2024,Lifestyle,MAPPED,,Travel
35,"Prev. Alex.FI, now AlexMartini @alex.martini__",192.6K,-,Finland,Auto and Vehicles Automotive,57.8K,tiktok,finland,False,2024,Tech&Gaming,MAPPED,,Auto and Vehicles Automotive
36,Jäätynyt Banaani 🍌 @jaatynytbanaaniofficial,191K,-,Finland,Funny Entertainment and Music,57.3K,tiktok,finland,False,2024,Music,MAPPED,,Funny Entertainment and Music
37,BlindChannel @blindchannel,189K,0.3%,Finland,,56.7K,tiktok,finland,False,2024,NA,NA,,
38,JuhoFlow @juhoflow,188K,3.6%,Finland,Entertainment and Music Funny,56.4K,tiktok,finland,False,2024,Music,MAPPED,,Entertainment and Music Funny
39,Niko Saarinen @niko_saarinen,187.8K,0.2%,Finland,,56.3K,tiktok,finland,False,2024,NA,NA,,
40,sihvoallu @sihvoallu,176K,-,Finland,Entertainment and Music,52.8K,tiktok,finland,False,2024,Music,MAPPED,,Entertainment and Music
41,davide @david_tim_,175.6K,-,Finland,,52.7K,tiktok,finland,False,2024,NA,NA,,
42,Nuppu Oinas @nuppipaa,171.4K,-,Finland,Entertainment and Music,51.4K,tiktok,finland,False,2024,Music,MAPPED,,Entertainment and Music
43,🇫🇮 🅿🅾🅿 📀 🅼🆄🆂🅸🅲 🇷🇺 @glebmail,169.3K,-,Finland,Entertainment and Music,50.8K,tiktok,finland,False,2024,Music,MAPPED,,Entertainment and Music
44,Hugo Käld @hugoozz,165.6K,-,Finland,Music,49.7K,tiktok,finland,False,2024,Music,MAPPED,,Music
45,Michael Howard @yeaa.mike,165.3K,-,Finland,,49.6K,tiktok,finland,False,2024,NA,NA,,
46,Julia Kivelä @juliakivela,164.4K,0.1%,Finland,,49.3K,tiktok,finland,False,2024,NA,NA,,
47,Qzgu @qzgu,161.8K,-,Finland,,48.5K,tiktok,finland,False,2024,NA,NA,,
48,nettaeleonoora @nettaeleonoora,160.8K,-,Finland,,48.2K,tiktok,finland,False,2024,NA,NA,,
49,sovalinas @sovalinas,158.8K,0.1%,Finland,,47.6K,tiktok,finland,False,2024,NA,NA,,
50,Karppi @karppi25,157K,-,Finland,,47.1K,tiktok,finland,False,2024,NA,NA,,
51,hnuskina @hnuskina2,154.9K,-,Finland,Arts and Crafts,46.5K,tiktok,finland,False,2024,Lifestyle,MAPPED,,Arts and Crafts
52,ＲａｔｔｕＩｒｒａｔｔｕ @irrattu77,148.7K,0.2%,Finland,,44.6K,tiktok,finland,False,2024,NA,NA,,
53,Anita @har_ni_tah,147.2K,-,Finland,Celebrity,44.2K,tiktok,finland,False,2024,Entertainment,MAPPED,,Celebrity
54,🦊 carita 🦊 @purrmyname,145.4K,-,Finland,Pets,43.6K,tiktok,finland,False,2024,Lifestyle,MAPPED,,Pets
55,CAROLA @carolahakola,145K,-,Finland,Entertainment and Music,43.5K,tiktok,finland,False,2024,Music,MAPPED,,Entertainment and Music
56,Euro Hoo @eurohoo,143.6K,0.1%,Finland,Entertainment and Music,43.1K,tiktok,finland,False,2024,Music,MAPPED,,Entertainment and Music
57,Namikolinx @nami.hani,141.8K,-,Finland,,42.5K,tiktok,finland,False,2024,NA,NA,,
58,Gigantti Gaming @giganttigaming,137.3K,0.1%,Finland,,41.2K,tiktok,finland,False,2024,NA,NA,,
59,Arttu Laitinen @arttu_laitinen,133.2K,-,Finland,,40K,tiktok,finland,False,2024,NA,NA,,
60,Petter Pentilä @frameseq,128.6K,0.1%,Finland,Animation and Cosplay,38.6K,tiktok,finland,False,2024,Tech&Gaming,MAPPED,,Animation and Cosplay
61,AnnejaEllu @annejaellu,121.9K,-,Finland,,36.6K,tiktok,finland,False,2024,NA,NA,,
62,pressarm @pressarm,117.5K,0.1%,Finland,,35.3K,tiktok,finland,False,2024,NA,NA,,
63,Sebastian Tynkkynen @sebastiantynkkynen,115.9K,0.2%,Finland,,34.8K,tiktok,finland,False,2024,NA,NA,,
64,Herra Koskinen @herrakoskinen,114.4K,-,Finland,,34.3K,tiktok,finland,False,2024,NA,NA,,
65,Mikael Renwall @mikaelrenwall,113.5K,0.2%,Finland,,34.1K,tiktok,finland,False,2024,NA,NA,,
66,Aku Hirviniemi @akuhirviniemi,108.4K,0.1%,Finland,,32.5K,tiktok,finland,False,2024,NA,NA,,
67,mea Logren @finbarbie,106.3K,0.1%,Finland,Fashion and Accessories,31.9K,tiktok,finland,False,2024,Beauty&Fashion,MAPPED,,Fashion and Accessories
68,terapeuttiville @terapeuttiville,102.9K,0.1%,Finland,,30.9K,tiktok,finland,False,2024,NA,NA,,
69,Miika Suvanto @pikahutz,102.3K,0.2%,Finland,,30.7K,tiktok,finland,False,2024,NA,NA,,
70,Robin Packalen @robinpackalen,101K,0.1%,Finland,,30.3K,tiktok,finland,False,2024,NA,NA,,
71,𝚂𝚘𝚗𝚓𝚊 𝙷𝚒𝚎𝚝𝚊𝚕𝚊 @sonjahietala,99.8K,-,Finland,Photography Animals Pets,29.9K,tiktok,finland,False,2024,Lifestyle,MAPPED,,Photography Animals Pets
72,Hales @haymartinn,99.7K,-,Finland,,29.9K,tiktok,finland,False,2024,NA,NA,,
73,(っ◔◡◔)っ Risotto @gothic.cosplayer,98.4K,-,Finland,,29.5K,tiktok,finland,False,2024,NA,NA,,
74,The Dudesons @thedudesons,98.2K,-,Finland,,29.5K,tiktok,finland,False,2024,NA,NA,,
75,DAVE @laivanakki,95.1K,31.1%,Finland,,28.5K,tiktok,finland,False,2024,NA,NA,,
76,ㅤ @kenkanekl69,94.6K,5.1%,Finland,,28.4K,tiktok,finland,False,2024,NA,NA,,
77,ZazabellaOfficial @zazabellaofficial,94.4K,-,Finland,Romance and Wedding,28.3K,tiktok,finland,False,2024,Beauty&Fashion,MAPPED,,Romance and Wedding
78,Karoliina @karowalker,90.8K,-,Finland,,27.2K,tiktok,finland,False,2024,NA,NA,,
79,Iam.iba @iam.iba,86.7K,-,Finland,Finance,26K,tiktok,finland,False,2024,Knowledge&Info,MAPPED,,Finance
80,Susmamatin @susmamatin,83.5K,-,Finland,Entertainment and Music,25.1K,tiktok,finland,False,2024,Music,MAPPED,,Entertainment and Music
81,Joona Hellman @joonahellmanofficial,81.6K,0.5%,Finland,,24.5K,tiktok,finland,False,2024,NA,NA,,
82,Katia ᛖᛚᚾᛟᚱ @katiaeleonor,81.1K,-,Finland,Arts and Crafts Animation and Cosplay,24.3K,tiktok,finland,False,2024,Tech&Gaming,MAPPED,,Arts and Crafts Animation and Cosplay
83,Ali Jahangiri @alijahangirifi,79.3K,0.3%,Finland,Entertainment and Music,23.8K,tiktok,finland,False,2024,Music,MAPPED,,Entertainment and Music
84,Samuel Daayata @samueldaayata,78.7K,-,Finland,,23.6K,tiktok,finland,False,2024,NA,NA,,
85,Jenni @skygrly,76.5K,0.3%,Finland,,23K,tiktok,finland,False,2024,NA,NA,,
86,Krista Strömberg @kristastromberg,75.2K,2.2%,Finland,,22.6K,tiktok,finland,False,2024,NA,NA,,
87,Questony @questony,67.7K,-,Finland,,20.3K,tiktok,finland,False,2024,NA,NA,,
88,Kauppateemi @kauppateemi,63.4K,0.1%,Finland,,19K,tiktok,finland,False,2024,NA,NA,,
89,Zafranmarketjyvaskyla @zafranmarketjyvaskyla,59.3K,-,Finland,,17.8K,tiktok,finland,False,2024,NA,NA,,
90,Niko Holmstén @mr.holmsten,56.9K,0.6%,Finland,,17.1K,tiktok,finland,False,2024,NA,NA,,
91,Koiraluu @koiraluu,53.6K,0.2%,Finland,,16.1K,tiktok,finland,False,2024,NA,NA,,
92,𝓜𝓸𝓸𝓷𝓲𝓴𝓪 𝐿𝒶𝒾𝓃𝑒 @moonika._.laine,52.5K,-,Finland,,15.8K,tiktok,finland,False,2024,NA,NA,,
93,Tume @tume,50.1K,0.2%,Finland,,15K,tiktok,finland,False,2024,NA,NA,,
94,Rujira @rujisaurus,48.4K,-,Finland,,14.5K,tiktok,finland,False,2024,NA,NA,,
95,💙 Mustikkapäät 💙 @mustikkapaat,48.4K,-,Finland,,14.5K,tiktok,finland,False,2024,NA,NA,,
96,† 𝕽𝖔𝖓𝖎 † @kaokitsune,44.9K,-,Finland,Fashion and Accessories,13.5K,tiktok,finland,False,2024,Beauty&Fashion,MAPPED,,Fashion and Accessories
97,FINLAND 📱 COMPUTER 🖥 @shafi_finland,44.7K,-,Finland,Product Education,13.4K,tiktok,finland,False,2024,Knowledge&Info,MAPPED,,Product Education
98,nmakaisa @nmakaisa,42.9K,-,Finland,Entertainment and Music,12.9K,tiktok,finland,False,2024,Music,MAPPED,,Entertainment and Music
99,Hoodifaija @hoodifaija,42K,0.2%,Finland,,12.6K,tiktok,finland,False,2024,NA,NA,,
100,Linnanmäki @linnanmaki,41.7K,0.2%,Finland,Entertainment and Music Outdoor Activity,12.5K,tiktok,finland,False,2024,Sports,MAPPED,,Entertainment and Music Outdoor Activity
1,That French Guy @davidyrodriguez,8M,-,France,,2.4M,tiktok,france,False,2024,NA,NA,,
2,Tibo InShape @tiboinshape,8M,-,France,Fitness and Health Funny,2.4M,tiktok,france,False,2024,Sports,MAPPED,,Fitness and Health Funny
3,CAMILLE_LA_DANSEUSE @camille_la_danseuse,7.7M,-,France,Entertainment and Music,2.3M,tiktok,france,False,2024,Music,MAPPED,,Entertainment and Music
4,Zinidin zidan @zidanofficial_,5.1M,-,France,,1.5M,tiktok,france,False,2024,NA,NA,,
5,AS Monaco @asmonaco,5M,-,France,Sports,1.5M,tiktok,france,False,2024,Sports,MAPPED,,Sports
6,Wonguy @wonguy,4.4M,-,France,Photography Arts and Crafts,1.3M,tiktok,france,False,2024,Lifestyle,MAPPED,,Photography Arts and Crafts
7,The Sun King @carlomalis,3.3M,0.3%,France,Entertainment and Music,990K,tiktok,france,False,2024,Music,MAPPED,,Entertainment and Music
8,Keen’V @keenvsurtiktok,3.2M,-,France,Entertainment and Music,960K,tiktok,france,False,2024,Music,MAPPED,,Entertainment and Music
9,Isaías Espinoza @chefenproceso,3M,-,France,,900K,tiktok,france,False,2024,NA,NA,,
10,The F2 @f2,2.8M,-,France,,840K,tiktok,france,False,2024,NA,NA,,
11,Brunograffer @brunograffer,2.7M,-,France,Arts and Crafts Celebrity,810K,tiktok,france,False,2024,Entertainment,MAPPED,,Arts and Crafts Celebrity
12,TikTok France @tiktok_france,2.4M,-,France,,720K,tiktok,france,False,2024,NA,NA,,
13,Le producteur @le.producteur,2.3M,-,France,Entertainment and Music Product Education,690K,tiktok,france,False,2024,Knowledge&Info,MAPPED,,Entertainment and Music Product Education
14,ogee @ogee_off,2.3M,2.3%,France,Entertainment and Music,690K,tiktok,france,False,2024,Music,MAPPED,,Entertainment and Music
15,SAPHO 🫶🏼 @saphoo,2.3M,1.6%,France,Arts and Crafts,690K,tiktok,france,False,2024,Lifestyle,MAPPED,,Arts and Crafts
16,Mayamystic @mayamystic,2.2M,-,France,Animation and Cosplay Entertainment and Music,660K,tiktok,france,False,2024,Tech&Gaming,MAPPED,,Animation and Cosplay Entertainment and Music
17,Ahmed__art @ahmed__art,2.2M,-,France,Arts and Crafts Celebrity,660K,tiktok,france,False,2024,Entertainment,MAPPED,,Arts and Crafts Celebrity
18,Paris is Daddy @paris.senpai,2.1M,-,France,,630K,tiktok,france,False,2024,NA,NA,,
19,Momotns OFFICIEL @momotns67,1.9M,-,France,,570K,tiktok,france,False,2024,NA,NA,,
20,Drogba888🧸 @drogba888,1.9M,1.9%,France,Entertainment and Music,570K,tiktok,france,False,2024,Music,MAPPED,,Entertainment and Music
21,Kev Adams @kevadams,1.8M,0.1%,France,Entertainment and Music,540K,tiktok,france,False,2024,Music,MAPPED,,Entertainment and Music
22,Cristina Cordula @cristinacordulaoff,1.7M,0.1%,France,Fashion and Accessories Business and Finance,510K,tiktok,france,False,2024,Beauty&Fashion,MAPPED,,Fashion and Accessories Business and Finance
23,SUPERMASSIVE @supermassivemusic,1.6M,0.3%,France,Music,480K,tiktok,france,False,2024,Music,MAPPED,,Music
24,Aisha_Paradis.du.henné🇵🇰🇫🇷 @paradis_du_henne,1.6M,-,France,Beauty and Self Care,480K,tiktok,france,False,2024,Beauty&Fashion,MAPPED,,Beauty and Self Care
25,Céline @celineinno,1.6M,-,France,,480K,tiktok,france,False,2024,NA,NA,,
26,MaitresseAdeline🌼 @maitressadeline,1.6M,-,France,,480K,tiktok,france,False,2024,NA,NA,,
27,Anto @totochegang,1.5M,0.1%,France,Entertainment and Music,450K,tiktok,france,False,2024,Music,MAPPED,,Entertainment and Music
28,AnnaLaura Pavy @lalpavy,1.5M,5%,France,Entertainment and Music Arts and Crafts Food Fashion and Accessories,450K,tiktok,france,False,2024,Beauty&Fashion,MAPPED,,Entertainment and Music Arts and Crafts Food Fashion and Accessories
29,ines @inescious,1.5M,-,France,Entertainment and Music,450K,tiktok,france,False,2024,Music,MAPPED,,Entertainment and Music
30,Thomas Rossier @thomasrossier,1.4M,-,France,Fashion and Accessories Arts and Crafts,420K,tiktok,france,False,2024,Beauty&Fashion,MAPPED,,Fashion and Accessories Arts and Crafts
31,Un Garçon Stupide! @ungarconstupide,1.4M,-,France,Entertainment and Music Funny Life and Society,420K,tiktok,france,False,2024,Knowledge&Info,MAPPED,,Entertainment and Music Funny Life and Society
32,Setsu @sweetysetsu,1.4M,-,France,Arts and Crafts,420K,tiktok,france,False,2024,Lifestyle,MAPPED,,Arts and Crafts
33,Armand Hasanpapaj @armandhasanpapaj,1.3M,0.8%,France,Entertainment and Music,390K,tiktok,france,False,2024,Music,MAPPED,,Entertainment and Music
34,Lucas Humoriste @lucas.humoriste,1.3M,-,France,,390K,tiktok,france,False,2024,NA,NA,,
35,RCLens @rclens,1.3M,2.5%,France,,390K,tiktok,france,False,2024,NA,NA,,
36,aitoush_n @aitoush_n,1.3M,0.1%,France,,390K,tiktok,france,False,2024,NA,NA,,
37,Vanessa Njoya @vanessanjoya,1.2M,0.2%,France,,360K,tiktok,france,False,2024,NA,NA,,
38,Jean-Baptiste Djebbari @jbdjebb,1.2M,1.1%,France,,360K,tiktok,france,False,2024,NA,NA,,
39,TURNER @turner.my,1.2M,-,France,Entertainment and Music,360K,tiktok,france,False,2024,Music,MAPPED,,Entertainment and Music
40,Alissar 🌸 @alissar_yousef,1.2M,1.7%,France,Beauty and Self Care Entertainment and Music,360K,tiktok,france,False,2024,Beauty&Fashion,MAPPED,,Beauty and Self Care Entertainment and Music
41,ΤHΣOS @theos.mp4,1.2M,11%,France,Entertainment and Music,360K,tiktok,france,False,2024,Music,MAPPED,,Entertainment and Music
42,Wawad Beatbox @wawadbeatboxx,1.2M,-,France,Entertainment and Music,360K,tiktok,france,False,2024,Music,MAPPED,,Entertainment and Music
43,Benji Samat @benji_samat,1.2M,0.2%,France,,360K,tiktok,france,False,2024,NA,NA,,
44,Paul Cabannes @paulcabannes_,1.1M,-,France,,330K,tiktok,france,False,2024,NA,NA,,
45,Elliott Norris @callmebelly,1.1M,-,France,,330K,tiktok,france,False,2024,NA,NA,,
46,Le Tour de France @letourdefrance,1.1M,0.3%,France,Sports,330K,tiktok,france,False,2024,Sports,MAPPED,,Sports
47,Marie Antoinette @xmarieangel,1.1M,-,France,,330K,tiktok,france,False,2024,NA,NA,,
48,🇩🇿La Brams Family🇹🇷 @bramsfamily,1.1M,-,France,family,330K,tiktok,france,False,2024,Lifestyle,MAPPED,,family
49,KOSH @kosh.officiel,1.1M,-,France,Entertainment and Music,330K,tiktok,france,False,2024,Music,MAPPED,,Entertainment and Music
50,kylian mbappe @kylianmbappe.tik,1.1M,-,France,Sports,330K,tiktok,france,False,2024,Sports,MAPPED,,Sports
51,BILELZEN 💸 @bilelzen,1M,0.1%,France,Funny,300K,tiktok,france,False,2024,Entertainment,MAPPED,,Funny
52,Clemoise @clemoise,1M,0.4%,France,,300K,tiktok,france,False,2024,NA,NA,,
53,Roy @royzafr,1M,0.2%,France,,300K,tiktok,france,False,2024,NA,NA,,
54,Lilly Luta @lilly.luta,992.8K,-,France,,297.8K,tiktok,france,False,2024,NA,NA,,
55,Selena Moondust @selena_moondust,991.9K,-,France,,297.6K,tiktok,france,False,2024,NA,NA,,
56,Barbara Demagny @kehlaniandbee,984.4K,-,France,family,295.3K,tiktok,france,False,2024,Lifestyle,MAPPED,,family
57,Hector Dnl @hectordnl,980.9K,-,France,,294.3K,tiktok,france,False,2024,NA,NA,,
58,Seb koshin @sasukecosplay,979.3K,-,France,News,293.8K,tiktok,france,False,2024,Knowledge&Info,MAPPED,,News
59,2JOKER🃏 @lea_spk,978.1K,-,France,Entertainment and Music,293.4K,tiktok,france,False,2024,Music,MAPPED,,Entertainment and Music
60,Hotman paris @drhotmanparisofficial,977.3K,-,France,,293.2K,tiktok,france,False,2024,NA,NA,,
61,ᴍ❀rilou @marilou.pst,974.6K,-,France,Acting and Drama,292.4K,tiktok,france,False,2024,Entertainment,MAPPED,,Acting and Drama
62,Learn French with Pierre! @francaisavecpierre,970.5K,-,France,Education,291.2K,tiktok,france,False,2024,Knowledge&Info,MAPPED,,Education
63,𝒜𝒷𝒹𝑒𝓁𝓀𝒶𝓇𝒾𝓂🫀 @taacha.off,970.5K,-,France,Fashion and Accessories,291.2K,tiktok,france,False,2024,Beauty&Fashion,MAPPED,,Fashion and Accessories
64,Elie @eliefy,970K,0.1%,France,Arts and Crafts Entertainment and Music Funny,291K,tiktok,france,False,2024,Music,MAPPED,,Arts and Crafts Entertainment and Music Funny
65,Oh My Goal - France @ohmygoalfrance,969.4K,-,France,Sports,290.8K,tiktok,france,False,2024,Sports,MAPPED,,Sports
66,Wren Toks @wren.toks,969K,-,France,,290.7K,tiktok,france,False,2024,NA,NA,,
67,Nazaofficiel @nazaofficiel,967.9K,0.4%,France,,290.4K,tiktok,france,False,2024,NA,NA,,
68,So Loïc 🌟 @lo_lm,961K,-,France,Entertainment and Music,288.3K,tiktok,france,False,2024,Music,MAPPED,,Entertainment and Music
69,Inverse @mr.inverse,959K,-,France,Automotive,287.7K,tiktok,france,False,2024,Tech&Gaming,MAPPED,,Automotive
70,Khiiera_marseille9 @khiiera_marseille9,957.7K,-,France,,287.3K,tiktok,france,False,2024,NA,NA,,
71,Anela 🐞 @anela.rm,957.4K,-,France,Entertainment and Music,287.2K,tiktok,france,False,2024,Music,MAPPED,,Entertainment and Music
72,6nissa @6nissa,954.6K,-,France,Funny,286.4K,tiktok,france,False,2024,Entertainment,MAPPED,,Funny
73,Matt Pokora @mattpokora,953.7K,0.2%,France,,286.1K,tiktok,france,False,2024,NA,NA,,
74,chloev83 @chloev83,952.2K,-,France,,285.7K,tiktok,france,False,2024,NA,NA,,
75,Ahmed Sylla @ahmedsyllaaa,952.1K,0.3%,France,Entertainment and Music,285.6K,tiktok,france,False,2024,Music,MAPPED,,Entertainment and Music
76,Fabien Olicard @fabienolicard,949.7K,-,France,,284.9K,tiktok,france,False,2024,NA,NA,,
77,cequenousommes @cequenousommes,948.9K,-,France,Fashion,284.7K,tiktok,france,False,2024,Beauty&Fashion,MAPPED,,Fashion
78,Cécile Duval 🦋 @cecile.duval,948.2K,-,France,,284.5K,tiktok,france,False,2024,NA,NA,,
79,Rufin Boumba Boussoukou @rufinboussoukouofficiel1,946.5K,-,France,,284K,tiktok,france,False,2024,NA,NA,,
80,Code : Tobi622 ⚡️ @tobifortnite,945.6K,-,France,Games Entertainment and Music Video Gaming,283.7K,tiktok,france,False,2024,Tech&Gaming,MAPPED,,Games Entertainment and Music Video Gaming
81,⚜️ 𝓛𝓪𝓭𝔂 𝓢𝓸𝓷𝓲𝓪 𝓜 ⚜️ @ladysoniam,944.3K,-,France,,283.3K,tiktok,france,False,2024,NA,NA,,
82,Lea Elui G @leaeluigbaby,942.4K,-,France,Entertainment and Music,282.7K,tiktok,france,False,2024,Music,MAPPED,,Entertainment and Music
83,Mr.passy @mr.passy,941.5K,-,France,,282.5K,tiktok,france,False,2024,NA,NA,,
84,Stan Rogelino @rogelino,941.4K,-,France,,282.4K,tiktok,france,False,2024,NA,NA,,
85,Minajlabomb @minajlabomb,941K,-,France,,282.3K,tiktok,france,False,2024,NA,NA,,
86,Zatis @zatistok,940.7K,-,France,,282.2K,tiktok,france,False,2024,NA,NA,,
87,Yan Marchal @yanmarchal,939.2K,1.1%,France,,281.8K,tiktok,france,False,2024,NA,NA,,
88,H-ley Irène🧿 @hleyirene228,937.7K,-,France,,281.3K,tiktok,france,False,2024,NA,NA,,
89,PAGA @pagatiktok,932.3K,0.1%,France,,279.7K,tiktok,france,False,2024,NA,NA,,
90,Patricia Delus @patbonita,930.7K,-,France,,279.2K,tiktok,france,False,2024,NA,NA,,
91,La Vie En Chauve @lavie_enchauve,929.6K,-,France,,278.9K,tiktok,france,False,2024,NA,NA,,
92,FS 🐐 @footballskyiz,928.7K,0.5%,France,Sports,278.6K,tiktok,france,False,2024,Sports,MAPPED,,Sports
93,user199505 @queencandida3,927.2K,-,France,,278.2K,tiktok,france,False,2024,NA,NA,,
94,Cam_make_up ❤️☑️ @cam_make_up,924.4K,-,France,Beauty and Self Care,277.3K,tiktok,france,False,2024,Beauty&Fashion,MAPPED,,Beauty and Self Care
95,TF1 @tf1,922.7K,-,France,,276.8K,tiktok,france,False,2024,NA,NA,,
96,ericmalnar14 @ericmalnar14,921.3K,0.4%,France,,276.4K,tiktok,france,False,2024,NA,NA,,
97,Shannakressofficiel @shannakressofficiel,920.2K,-,France,,276.1K,tiktok,france,False,2024,NA,NA,,
98,Arthur & Richard Sève @chocolatseve,919.6K,-,France,,275.9K,tiktok,france,False,2024,NA,NA,,
99,🕊Fatima-Ezzohra🕊 @fatine.59,918.2K,-,France,Beauty and Self Care,275.5K,tiktok,france,False,2024,Beauty&Fashion,MAPPED,,Beauty and Self Care
100,delicecuisine @delicecuisine,917.3K,-,France,,275.2K,tiktok,france,False,2024,NA,NA,,
1,sinadeinert @sinadeinert,5.7M,0.1%,Germany,,1.7M,tiktok,germany,False,2024,NA,NA,,
2,YZ @youneszar,4.4M,-,Germany,Entertainment and Music,1.3M,tiktok,germany,False,2024,Music,MAPPED,,Entertainment and Music
3,Enrique @enriquestory,4.1M,-,Germany,Arts and Crafts,1.2M,tiktok,germany,False,2024,Lifestyle,MAPPED,,Arts and Crafts
4,Julia Beautx @juliabeautx,3.8M,-,Germany,Beauty and Self Care Education Product Education Product Showcase,1.1M,tiktok,germany,False,2024,Beauty&Fashion,MAPPED,,Beauty and Self Care Education Product Education Product Showcase
5,Andrew Glazunov @andrewglazunov,3.7M,-,Germany,,1.1M,tiktok,germany,False,2024,NA,NA,,
6,Jeremy Fragrance @jeremyfragrance,3.6M,-,Germany,Beauty and Self Care Entertainment and Music,1.1M,tiktok,germany,False,2024,Beauty&Fashion,MAPPED,,Beauty and Self Care Entertainment and Music
7,toni.kr8s_academy @toni.kr8s_academy,3.1M,-,Germany,Sports,930K,tiktok,germany,False,2024,Sports,MAPPED,,Sports
8,foodie beats @foodie.beats,2.9M,-,Germany,Food,870K,tiktok,germany,False,2024,Lifestyle,MAPPED,,Food
9,tinaneumann @tinaneumann,2.8M,-,Germany,,840K,tiktok,germany,False,2024,NA,NA,,
10,AИDREA @andrea_subotic,2.8M,-,Germany,Entertainment and Music,840K,tiktok,germany,False,2024,Music,MAPPED,,Entertainment and Music
11,Fabian Maurice Baggeler @fabian.baggeler,2.7M,-,Germany,Entertainment and Music,810K,tiktok,germany,False,2024,Music,MAPPED,,Entertainment and Music
12,Serge❤️ @laskynn,2.7M,-,Germany,Fashion and Accessories,810K,tiktok,germany,False,2024,Beauty&Fashion,MAPPED,,Fashion and Accessories
13,Laura Sophie @laurasophie,2.6M,-,Germany,,780K,tiktok,germany,False,2024,NA,NA,,
14,Любовь @tykowkaaa,2.6M,-,Germany,,780K,tiktok,germany,False,2024,NA,NA,,
15,Mariia Well @mariia.well,2.5M,-,Germany,,750K,tiktok,germany,False,2024,NA,NA,,
16,Irina @irinkamagic,2.4M,-,Germany,Entertainment and Music,720K,tiktok,germany,False,2024,Music,MAPPED,,Entertainment and Music
17,Mike Singer @mikesinger,2.4M,-,Germany,Entertainment and Music,720K,tiktok,germany,False,2024,Music,MAPPED,,Entertainment and Music
18,د.اسماعيل الطراد 🇩🇪 @dr.ismaeilaltourad,2.3M,0.2%,Germany,Education,690K,tiktok,germany,False,2024,Knowledge&Info,MAPPED,,Education
19,TypischCalvin 🇩🇪 @typischcalvin,2.3M,-,Germany,Entertainment and Music,690K,tiktok,germany,False,2024,Music,MAPPED,,Entertainment and Music
20,Lucy🌸🍃 @e.l.u.c.e.y,2.3M,-,Germany,Education Arts and Crafts,690K,tiktok,germany,False,2024,Knowledge&Info,MAPPED,,Education Arts and Crafts
21,Michael Gerber @elsuizolatino,2.2M,-,Germany,,660K,tiktok,germany,False,2024,NA,NA,,
22,Derya @derya.tavas,2.1M,0.1%,Germany,Beauty and Self Care,630K,tiktok,germany,False,2024,Beauty&Fashion,MAPPED,,Beauty and Self Care
23,Jul 💘 @mylifeasjul,2.1M,-,Germany,Fashion and Accessories,630K,tiktok,germany,False,2024,Beauty&Fashion,MAPPED,,Fashion and Accessories
24,Niclas @niclas.kuri,2M,-,Germany,,600K,tiktok,germany,False,2024,NA,NA,,
25,SENDDICTED @senddicted,2M,-,Germany,,600K,tiktok,germany,False,2024,NA,NA,,
26,🇩🇪أميرة❤️ الأناقة 🇲🇦 @latifa.style,2M,-,Germany,Beauty and Self Care Fashion and Accessories,600K,tiktok,germany,False,2024,Beauty&Fashion,MAPPED,,Beauty and Self Care Fashion and Accessories
27,wissensbert @wissensbert,2M,0.1%,Germany,Education,600K,tiktok,germany,False,2024,Knowledge&Info,MAPPED,,Education
28,Chris Böhm @chris_boehm,1.8M,-,Germany,Entertainment and Music,540K,tiktok,germany,False,2024,Music,MAPPED,,Entertainment and Music
29,Henry Nguyen @henry.ng,1.8M,-,Germany,,540K,tiktok,germany,False,2024,NA,NA,,
30,Hao @haofx,1.7M,1.3%,Germany,Entertainment and Music,510K,tiktok,germany,False,2024,Music,MAPPED,,Entertainment and Music
31,Liam Carpenter @liamcarps,1.6M,7%,Germany,Funny,480K,tiktok,germany,False,2024,Entertainment,MAPPED,,Funny
32,Xenia Adonts @xeniaadonts,1.5M,-,Germany,Fashion and Accessories,450K,tiktok,germany,False,2024,Beauty&Fashion,MAPPED,,Fashion and Accessories
33,Rezo @rezo,1.5M,0.1%,Germany,,450K,tiktok,germany,False,2024,NA,NA,,
34,𝐶𝑖𝑛𝑡𝑖𝑦𝑎 BB @sine0,1.5M,-,Germany,Entertainment and Music,450K,tiktok,germany,False,2024,Music,MAPPED,,Entertainment and Music
35,🇹🇷𝑆𝐸𝑀𝐼𝐻 & 𝐼𝑀𝐴𝑁🇩🇪 @imsem.diary,1.4M,0.1%,Germany,Entertainment and Music,420K,tiktok,germany,False,2024,Music,MAPPED,,Entertainment and Music
36,mrsxanna.lyx @mrsxanna.lyx,1.4M,-,Germany,,420K,tiktok,germany,False,2024,NA,NA,,
37,Can Der Koch @canderkoch,1.4M,-,Germany,Entertainment and Music,420K,tiktok,germany,False,2024,Music,MAPPED,,Entertainment and Music
38,Davide Scibetta @davide__scibetta,1.3M,-,Germany,Beauty and Self Care,390K,tiktok,germany,False,2024,Beauty&Fashion,MAPPED,,Beauty and Self Care
39,Jihoon Kim @jihoneysweet,1.3M,-,Germany,,390K,tiktok,germany,False,2024,NA,NA,,
40,Uri @ducuri.gmv,1.3M,-,Germany,Entertainment and Music,390K,tiktok,germany,False,2024,Music,MAPPED,,Entertainment and Music
41,Nictures @nictures,1.2M,-,Germany,Arts and Crafts Photography,360K,tiktok,germany,False,2024,Lifestyle,MAPPED,,Arts and Crafts Photography
42,Weniamin Schmidt @weniamin_schmidt,1.1M,1.8%,Germany,,330K,tiktok,germany,False,2024,NA,NA,,
43,Melikes.kitchen @melikes.kitchen,1.1M,-,Germany,Food,330K,tiktok,germany,False,2024,Lifestyle,MAPPED,,Food
44,Paula🤍 @paula.plsi,1.1M,-,Germany,Beauty and Self Care Life and Society,330K,tiktok,germany,False,2024,Beauty&Fashion,MAPPED,,Beauty and Self Care Life and Society
45,NetflixDE @netflixde,1.1M,-,Germany,Entertainment and Music Video Gaming,330K,tiktok,germany,False,2024,Tech&Gaming,MAPPED,,Entertainment and Music Video Gaming
46,Next Level @next8level,1.1M,-,Germany,Funny Entertainment and Music,330K,tiktok,germany,False,2024,Music,MAPPED,,Funny Entertainment and Music
47,bestattungenburger @bestattungenburger,1.1M,0.1%,Germany,,330K,tiktok,germany,False,2024,NA,NA,,
48,⚡️ DENKI DARLING ⚡️ @denki.darling,1.1M,-,Germany,,330K,tiktok,germany,False,2024,NA,NA,,
49,@felixfranciscoleg @felixfranciscoleg,1M,-,Germany,,300K,tiktok,germany,False,2024,NA,NA,,
50,Michael Smolik @michael__smolik,1M,-,Germany,Entertainment and Music,300K,tiktok,germany,False,2024,Music,MAPPED,,Entertainment and Music
51,Marvintsp @marvintsp,997.6K,-,Germany,Entertainment and Music,299.3K,tiktok,germany,False,2024,Music,MAPPED,,Entertainment and Music
52,baseweekly @baseweekly,987K,-,Germany,Sports,296.1K,tiktok,germany,False,2024,Sports,MAPPED,,Sports
53,Linos @iamlinos,983.9K,-,Germany,Entertainment and Music,295.2K,tiktok,germany,False,2024,Music,MAPPED,,Entertainment and Music
54,madison beer @madisonbeer_clips,983.8K,0.1%,Germany,,295.1K,tiktok,germany,False,2024,NA,NA,,
55,Faruk @farukaltiinok,983.3K,0.1%,Germany,,295K,tiktok,germany,False,2024,NA,NA,,
56,Armin Eagle @armineagle,981.7K,-,Germany,,294.5K,tiktok,germany,False,2024,NA,NA,,
57,༒ . GRUBLIEBE . ༒ @grubliebe,980K,-,Germany,,294K,tiktok,germany,False,2024,NA,NA,,
58,Teamyasta @teamyasta,978.8K,-,Germany,Entertainment and Music family,293.6K,tiktok,germany,False,2024,Music,MAPPED,,Entertainment and Music family
59,مزين 🌸🎀 @mzayen1996,970.4K,-,Germany,,291.1K,tiktok,germany,False,2024,NA,NA,,
60,Anna Jamfm @annajamfm,967.9K,-,Germany,,290.4K,tiktok,germany,False,2024,NA,NA,,
61,"Sarah, Van Diego & Rico @vandiego.rico",967.7K,-,Germany,Pets Sports,290.3K,tiktok,germany,False,2024,Sports,MAPPED,,Pets Sports
62,Lea @heylea,962.4K,-,Germany,Outdoor Activity,288.7K,tiktok,germany,False,2024,Sports,MAPPED,,Outdoor Activity
63,🅝🅘🅚🅞 @nikothec,958.7K,0.5%,Germany,Education Product Education,287.6K,tiktok,germany,False,2024,Knowledge&Info,MAPPED,,Education Product Education
64,asmir @asmirbeatbox21614,958.3K,-,Germany,,287.5K,tiktok,germany,False,2024,NA,NA,,
65,Janis_danner @janis.danner,958.2K,-,Germany,,287.5K,tiktok,germany,False,2024,NA,NA,,
66,iamzuckerpuppe @iamzuckerpuppe,957.1K,-,Germany,Funny,287.1K,tiktok,germany,False,2024,Entertainment,MAPPED,,Funny
67,Florian Kaulen @flo.fs,954.8K,-,Germany,Sports,286.4K,tiktok,germany,False,2024,Sports,MAPPED,,Sports
68,Selma🤠 @notselma,951.7K,-,Germany,Fashion and Accessories,285.5K,tiktok,germany,False,2024,Beauty&Fashion,MAPPED,,Fashion and Accessories
69,Angel 🌷 @janakaaplen,948.3K,-,Germany,,284.5K,tiktok,germany,False,2024,NA,NA,,
70,1halay1dans @1halay1dans,946.4K,-,Germany,,283.9K,tiktok,germany,False,2024,NA,NA,,
71,Hey Dima @heydima1,945K,0.5%,Germany,Entertainment and Music Funny,283.5K,tiktok,germany,False,2024,Music,MAPPED,,Entertainment and Music Funny
72,Gialu | Gio @mx.gialu,941.7K,-,Germany,Beauty and Self Care,282.5K,tiktok,germany,False,2024,Beauty&Fashion,MAPPED,,Beauty and Self Care
73,luca @lucamolisina,941.5K,-,Germany,Food,282.5K,tiktok,germany,False,2024,Lifestyle,MAPPED,,Food
74,Bella @meraki.mami,940.4K,-,Germany,family Pets,282.1K,tiktok,germany,False,2024,Lifestyle,MAPPED,,family Pets
75,Nik @adhdvision,937.7K,0.1%,Germany,Education Fitness and Health,281.3K,tiktok,germany,False,2024,Sports,MAPPED,,Education Fitness and Health
76,Mexify @mexify,936.9K,0.6%,Germany,,281.1K,tiktok,germany,False,2024,NA,NA,,
77,joeysjungle @joeysjungle,931.6K,0.1%,Germany,,279.5K,tiktok,germany,False,2024,NA,NA,,
78,Knossi 🤴 @therealknossi,931.4K,-,Germany,Entertainment and Music Games,279.4K,tiktok,germany,False,2024,Tech&Gaming,MAPPED,,Entertainment and Music Games
79,nbao.t @nbao.t,930.7K,2%,Germany,Entertainment and Music,279.2K,tiktok,germany,False,2024,Music,MAPPED,,Entertainment and Music
80,𝑧𝑎ℎ𝑟𝑎 𓆩❤︎𓆪 @zahrairm,930K,-,Germany,Fashion and Accessories Beauty and Self Care,279K,tiktok,germany,False,2024,Beauty&Fashion,MAPPED,,Fashion and Accessories Beauty and Self Care
81,Tims Minecraft Memes @tims_minecraft_memes_de,929.6K,-,Germany,Video Gaming,278.9K,tiktok,germany,False,2024,Tech&Gaming,MAPPED,,Video Gaming
82,DustinTT @dustintt,929.2K,-,Germany,,278.8K,tiktok,germany,False,2024,NA,NA,,
83,Grenzgaenger @grenzgaenger_official,929.1K,-,Germany,,278.7K,tiktok,germany,False,2024,NA,NA,,
84,Mamaafrika ❤️ @mamaafrikaa1,928K,-,Germany,Fashion and Accessories,278.4K,tiktok,germany,False,2024,Beauty&Fashion,MAPPED,,Fashion and Accessories
85,CheerBrothers | Music & Fun ✅ @cheerbrothersmusic,927.1K,-,Germany,Entertainment and Music,278.1K,tiktok,germany,False,2024,Music,MAPPED,,Entertainment and Music
86,Deichmann @deichmann,926.6K,-,Germany,Fashion and Accessories,278K,tiktok,germany,False,2024,Beauty&Fashion,MAPPED,,Fashion and Accessories
87,Viet @vietshao,923K,5.8%,Germany,Entertainment and Music,276.9K,tiktok,germany,False,2024,Music,MAPPED,,Entertainment and Music
88,Official Kamaal @kamaal_official,920.5K,-,Germany,,276.2K,tiktok,germany,False,2024,NA,NA,,
89,نور🌸 @rbahdablouni,919.9K,-,Germany,,276K,tiktok,germany,False,2024,NA,NA,,
90,KingLuigee @kingluigeee,919.4K,-,Germany,,275.8K,tiktok,germany,False,2024,NA,NA,,
91,mayte meyer :) @maytemeyer,915.6K,-,Germany,Entertainment and Music,274.7K,tiktok,germany,False,2024,Music,MAPPED,,Entertainment and Music
92,sebpic @sebpic_,914.7K,-,Germany,Travel,274.4K,tiktok,germany,False,2024,Lifestyle,MAPPED,,Travel
93,can_alihan @can_alihan,912.2K,0.1%,Germany,,273.7K,tiktok,germany,False,2024,NA,NA,,
94,Doppelgänger @real.doppelganger,910.3K,11.4%,Germany,Entertainment and Music,273.1K,tiktok,germany,False,2024,Music,MAPPED,,Entertainment and Music
95,Rebecca Mir @rebeccamir,905.2K,-,Germany,Fashion and Accessories Celebrity,271.6K,tiktok,germany,False,2024,Beauty&Fashion,MAPPED,,Fashion and Accessories Celebrity
96,Khubaib_alhamad @respect__boss13,904.8K,-,Germany,,271.4K,tiktok,germany,False,2024,NA,NA,,
97,@Amine_el_marroki @amine_el_marroki,904.4K,-,Germany,,271.3K,tiktok,germany,False,2024,NA,NA,,
98,MarquiseNF™ @_marquise,896.6K,0.5%,Germany,Entertainment and Music,269K,tiktok,germany,False,2024,Music,MAPPED,,Entertainment and Music
99,glam garbage @trashohr,896.3K,-,Germany,Beauty and Self Care,268.9K,tiktok,germany,False,2024,Beauty&Fashion,MAPPED,,Beauty and Self Care
100,NICK🧑🏼‍🦱 @nzuumk,893.2K,-,Germany,,268K,tiktok,germany,False,2024,NA,NA,,
1,Andreas Polychronis @andreaspoly,3M,-,Greece,Funny,900K,tiktok,greece,False,2024,Entertainment,MAPPED,,Funny
2,Nikolas Plytas @nikolasplytas,2.5M,-,Greece,Sports,750K,tiktok,greece,False,2024,Sports,MAPPED,,Sports
3,KNITE | ナイト @knitecoser,839.6K,0.3%,Greece,Animation and Cosplay,251.9K,tiktok,greece,False,2024,Tech&Gaming,MAPPED,,Animation and Cosplay
4,Vicky Kalea @vicky_kalea,818.7K,0.1%,Greece,,245.6K,tiktok,greece,False,2024,NA,NA,,
5,Der Saki😎🇬🇷 @dersaki,762.3K,-,Greece,Entertainment and Music Funny,228.7K,tiktok,greece,False,2024,Music,MAPPED,,Entertainment and Music Funny
6,Grecia🖤 @grecia.svp,699.3K,0.1%,Greece,Beauty,209.8K,tiktok,greece,False,2024,Beauty&Fashion,MAPPED,,Beauty
7,you_are_amazing<3 @i.love_you.1234,593.1K,-,Greece,Travel,177.9K,tiktok,greece,False,2024,Lifestyle,MAPPED,,Travel
8,Ilias Gkotsis @iliasgkotsis,586.6K,-,Greece,,176K,tiktok,greece,False,2024,NA,NA,,
9,Sofya Koukla @sofyakoukla,581.9K,-,Greece,Beauty and Self Care,174.6K,tiktok,greece,False,2024,Beauty&Fashion,MAPPED,,Beauty and Self Care
10,Argus Kaldea @moonpriest,531.4K,-,Greece,,159.4K,tiktok,greece,False,2024,NA,NA,,
11,Αλέξανδρος Κοψιάλης @alexandros.kopsialis,518.3K,0.1%,Greece,Entertainment and Music,155.5K,tiktok,greece,False,2024,Music,MAPPED,,Entertainment and Music
12,Mua_agapi @mua_agapi,513.4K,-,Greece,Beauty and Self Care,154K,tiktok,greece,False,2024,Beauty&Fashion,MAPPED,,Beauty and Self Care
13,Natascha @nataschaa.zbr,507.2K,-,Greece,Music,152.2K,tiktok,greece,False,2024,Music,MAPPED,,Music
14,Yanis Arvanitaris @arvanitaris,468.5K,0.1%,Greece,,140.6K,tiktok,greece,False,2024,NA,NA,,
15,eleny Yallou @elenyyallou,451.5K,-,Greece,Entertainment and Music,135.5K,tiktok,greece,False,2024,Music,MAPPED,,Entertainment and Music
16,Eugenios @slidismode,421.7K,0.3%,Greece,,126.5K,tiktok,greece,False,2024,NA,NA,,
17,Djorkis @djorkis,408.2K,-,Greece,,122.5K,tiktok,greece,False,2024,NA,NA,,
18,vemojohn @vemojohn,405K,0.2%,Greece,,121.5K,tiktok,greece,False,2024,NA,NA,,
19,George Tzimas @georgetzimas,394.9K,-,Greece,,118.5K,tiktok,greece,False,2024,NA,NA,,
20,Jimmy Ntebekos @jimmythegreek7,388.3K,-,Greece,family,116.5K,tiktok,greece,False,2024,Lifestyle,MAPPED,,family
21,🐺shewolf.artgr @shewolf.artgr,375.7K,-,Greece,Animation and Cosplay,112.7K,tiktok,greece,False,2024,Tech&Gaming,MAPPED,,Animation and Cosplay
22,DimitrisDkKyrsanidis @dimitriskyrsanidis,373.3K,-,Greece,,112K,tiktok,greece,False,2024,NA,NA,,
23,Laura @laura.nestola,371.5K,-,Greece,Entertainment and Music Fashion and Accessories,111.5K,tiktok,greece,False,2024,Beauty&Fashion,MAPPED,,Entertainment and Music Fashion and Accessories
24,sokratis1996 🇬🇷🇵🇱 @sokratis1996,363.9K,-,Greece,,109.2K,tiktok,greece,False,2024,NA,NA,,
25,Foureira @iamfoureira,341.7K,0.3%,Greece,,102.5K,tiktok,greece,False,2024,NA,NA,,
26,𝐏𝐄́𝐑𝐈𝐒 𝐏𝐑𝐄́𝐒𝐋𝐄𝐘 @peryz,337.1K,0.3%,Greece,Fashion and Accessories Arts and Crafts Entertainment and Music Business and Finance,101.1K,tiktok,greece,False,2024,Beauty&Fashion,MAPPED,,Fashion and Accessories Arts and Crafts Entertainment and Music Business and Finance
27,Brian @brian_hector21,335.2K,-,Greece,,100.6K,tiktok,greece,False,2024,NA,NA,,
28,Mixail Aggelos Kritikos @mixail_kritikos,328.1K,-,Greece,Travel,98.4K,tiktok,greece,False,2024,Lifestyle,MAPPED,,Travel
29,Anna_Amanatidou @anna_amanatidouu,304.6K,-,Greece,,91.4K,tiktok,greece,False,2024,NA,NA,,
30,DAMIAN @goodam1an,301.5K,0.3%,Greece,,90.5K,tiktok,greece,False,2024,NA,NA,,
31,nikos__anagnostopoulos @nikos__anagnostopoulos,292.5K,-,Greece,Acting and Drama,87.8K,tiktok,greece,False,2024,Entertainment,MAPPED,,Acting and Drama
32,🇬🇷Hi MyNameIsIri🤓 @my.name.is.iri,292K,-,Greece,,87.6K,tiktok,greece,False,2024,NA,NA,,
33,elena_fenia @elena_fenia,284.5K,-,Greece,,85.4K,tiktok,greece,False,2024,NA,NA,,
34,Panagiotis & Xristos @varou_twins,283.2K,0.1%,Greece,Fashion and Accessories,85K,tiktok,greece,False,2024,Beauty&Fashion,MAPPED,,Fashion and Accessories
35,Red Bull Greece @redbullgre,274.9K,-,Greece,,82.5K,tiktok,greece,False,2024,NA,NA,,
36,"Monica"" -Charming girl 😉 @monicamusic7",273.3K,-,Greece,,82K,tiktok,greece,False,2024,NA,NA,,
37,Mohak narang @mohak.narang_01,265.1K,0.5%,Greece,,79.5K,tiktok,greece,False,2024,NA,NA,,
38,Akis Petretzikis @akis_petretzikis,263.3K,0.1%,Greece,,79K,tiktok,greece,False,2024,NA,NA,,
39,Athena Inluxay @athenainluxay,257.2K,-,Greece,,77.2K,tiktok,greece,False,2024,NA,NA,,
40,Greek Vibes @greek_vibes,257.2K,2.3%,Greece,Travel,77.2K,tiktok,greece,False,2024,Lifestyle,MAPPED,,Travel
41,♡︎𝙰𝚜𝚖𝚛𝚜𝙹𝚎𝚜𝚜𝚒♡︎ @jessi18920,257.1K,0.1%,Greece,,77.1K,tiktok,greece,False,2024,NA,NA,,
42,Hamza Nabil | حمزة نبيل @hamza.nabil5,254.9K,-,Greece,,76.5K,tiktok,greece,False,2024,NA,NA,,
43,Richard Vela @richard_vela91,251K,-,Greece,,75.3K,tiktok,greece,False,2024,NA,NA,,
44,Mike Dokas @mikedokas,250.2K,0.2%,Greece,Business and Finance,75.1K,tiktok,greece,False,2024,Knowledge&Info,MAPPED,,Business and Finance
45,Verbena_mlp @verbena_mlp,243.9K,-,Greece,,73.2K,tiktok,greece,False,2024,NA,NA,,
46,amber @ambercroyle,238.4K,-,Greece,,71.5K,tiktok,greece,False,2024,NA,NA,,
47,Kaylee 🌻 @kayleexxoxo,235.2K,-,Greece,,70.6K,tiktok,greece,False,2024,NA,NA,,
48,🧿Eftihia🧿 @eftihia1010,232.7K,-,Greece,,69.8K,tiktok,greece,False,2024,NA,NA,,
49,skiourakic :) @skiourakiss,231.6K,0.7%,Greece,,69.5K,tiktok,greece,False,2024,NA,NA,,
50,꧁☆ßαdαﾚš⊕ﾚαηκï☆꧂ @badalsolanki08,230.4K,-,Greece,,69.1K,tiktok,greece,False,2024,NA,NA,,
51,maya @ohshitabee,227.9K,-,Greece,,68.4K,tiktok,greece,False,2024,NA,NA,,
52,Lay🔥 @layza_oded,226.3K,-,Greece,,67.9K,tiktok,greece,False,2024,NA,NA,,
53,Paulos_k.r @paulos_k.r,225.3K,-,Greece,,67.6K,tiktok,greece,False,2024,NA,NA,,
54,JoMode @jomode,223.8K,0.2%,Greece,,67.1K,tiktok,greece,False,2024,NA,NA,,
55,katerinaop @katerinaop_,223.7K,-,Greece,,67.1K,tiktok,greece,False,2024,NA,NA,,
56,la._.no._.toxica @la._.no._.toxica,222.8K,0.1%,Greece,,66.8K,tiktok,greece,False,2024,NA,NA,,
57,KING 🇬🇷 @v_0_0_7,213K,-,Greece,,63.9K,tiktok,greece,False,2024,NA,NA,,
58,Em @emseriess,212.9K,0.8%,Greece,,63.9K,tiktok,greece,False,2024,NA,NA,,
59,Savvas Kon @savvas.kon,209.9K,0.2%,Greece,,63K,tiktok,greece,False,2024,NA,NA,,
60,giacomourtis @giacomourtis,206.2K,0.1%,Greece,,61.9K,tiktok,greece,False,2024,NA,NA,,
61,Πολιτικά Ανορθοδοξος @real_life_guy_official,201.2K,-,Greece,Entertainment and Music,60.4K,tiktok,greece,False,2024,Music,MAPPED,,Entertainment and Music
62,Despoina Denekou @despoinantenekou,201K,-,Greece,,60.3K,tiktok,greece,False,2024,NA,NA,,
63,kass1a.xrf @kass1a.xrf,200.9K,-,Greece,,60.3K,tiktok,greece,False,2024,NA,NA,,
64,♕♡⚽ΑⱰRéNαLiNe⚽♡♕ @adrenaline_ftbl,200.5K,-,Greece,Sports,60.2K,tiktok,greece,False,2024,Sports,MAPPED,,Sports
65,Elena Aggelova @elenaaggelova,200.4K,-,Greece,Arts and Crafts Education,60.1K,tiktok,greece,False,2024,Knowledge&Info,MAPPED,,Arts and Crafts Education
66,Prammatias_Ck @limechili,200K,-,Greece,,60K,tiktok,greece,False,2024,NA,NA,,
67,Λάμπρος Φισφής @lambrosfisfisofficial,195.9K,0.5%,Greece,Entertainment and Music,58.8K,tiktok,greece,False,2024,Music,MAPPED,,Entertainment and Music
68,Maria @maria_mtsl,195.2K,-,Greece,,58.6K,tiktok,greece,False,2024,NA,NA,,
69,🌸Stefania&Eua🌸 @_stefaniaandeua_,189.8K,0.1%,Greece,,56.9K,tiktok,greece,False,2024,NA,NA,,
70,aris 🏴‍☠️ @yungairass,189.8K,-,Greece,Auto and Vehicles Automotive,56.9K,tiktok,greece,False,2024,Tech&Gaming,MAPPED,,Auto and Vehicles Automotive
71,Nikos Moutsinas @nikosmoutsinas,188.7K,-,Greece,Music,56.6K,tiktok,greece,False,2024,Music,MAPPED,,Music
72,Konstantina @konstantinas_tiktok,188.6K,0.1%,Greece,,56.6K,tiktok,greece,False,2024,NA,NA,,
73,☁︎︎𝚃𝙸𝙺𝙷𝙸𝙸𝚈𝙴𝙳𝙸𝚃𝚂☁︎︎ @77_tikhiiy_77,187.3K,0.1%,Greece,,56.2K,tiktok,greece,False,2024,NA,NA,,
74,Malvina Nasla @malvinanasla,185.5K,-,Greece,,55.7K,tiktok,greece,False,2024,NA,NA,,
75,ΔLISΩΠ @alisonbern,185.3K,0.1%,Greece,Life and Society,55.6K,tiktok,greece,False,2024,Knowledge&Info,MAPPED,,Life and Society
76,Robiul Islam @robiuld20,181.3K,-,Greece,,54.4K,tiktok,greece,False,2024,NA,NA,,
77,HomaRaidik @homides8,180.9K,-,Greece,,54.3K,tiktok,greece,False,2024,NA,NA,,
78,𝑻𝒉𝒂𝒏𝒐𝒔𝑽𝒂𝒔𝒊𝒍𝒆𝒊𝒐𝒖 @mr.apple.gr,180.7K,-,Greece,,54.2K,tiktok,greece,False,2024,NA,NA,,
79,Petran @greek_unboxing,180.6K,-,Greece,,54.2K,tiktok,greece,False,2024,NA,NA,,
80,evangeline🇬🇷 @evangeline.g,175.9K,0.4%,Greece,Sports,52.8K,tiktok,greece,False,2024,Sports,MAPPED,,Sports
81,aidan @drainmembers0nly,175K,0.4%,Greece,,52.5K,tiktok,greece,False,2024,NA,NA,,
82,🎊𝑇𝑢🎭𝐹𝑙ɑ𝑘𝑖𝑡𝑜𝑀ɑ𝑟𝑐🎉 @marct.14_1_21,172.9K,-,Greece,,51.9K,tiktok,greece,False,2024,NA,NA,,
83,francesca markos @itscescaaa,172.2K,-,Greece,,51.7K,tiktok,greece,False,2024,NA,NA,,
84,Johnny Hollywood @_johnnyhollywood,172K,-,Greece,,51.6K,tiktok,greece,False,2024,NA,NA,,
85,Anita Thiam @domousoumboulou1,171.9K,-,Greece,,51.6K,tiktok,greece,False,2024,NA,NA,,
86,mariakakdela @mariakakdela7,171.9K,-,Greece,,51.6K,tiktok,greece,False,2024,NA,NA,,
87,Nickktube @nickktube,170.8K,-,Greece,Entertainment and Music,51.2K,tiktok,greece,False,2024,Music,MAPPED,,Entertainment and Music
88,Littlelipsyncer @littlelipsyncer,169.6K,-,Greece,Entertainment and Music,50.9K,tiktok,greece,False,2024,Music,MAPPED,,Entertainment and Music
89,Storm @blackchynaandream,167.7K,-,Greece,,50.3K,tiktok,greece,False,2024,NA,NA,,
90,Ιων ντιι @iwnntii22,167K,-,Greece,,50.1K,tiktok,greece,False,2024,NA,NA,,
91,Agis Nh @agiss201,164.7K,-,Greece,,49.4K,tiktok,greece,False,2024,NA,NA,,
92,Stryder @kleighstryder,164.5K,-,Greece,,49.4K,tiktok,greece,False,2024,NA,NA,,
93,VMpour @vasilisbour,163K,0.8%,Greece,,48.9K,tiktok,greece,False,2024,NA,NA,,
94,sokratis.v2.1996 🇬🇷🇵🇱 @sokratis.v2.1996,162.5K,-,Greece,,48.8K,tiktok,greece,False,2024,NA,NA,,
95,RFM @georgeretro,160.2K,0.1%,Greece,Sports,48.1K,tiktok,greece,False,2024,Sports,MAPPED,,Sports
96,Giannis Katinakis @giannis_katinakis,159.8K,0.8%,Greece,,47.9K,tiktok,greece,False,2024,NA,NA,,
97,Eleanna Manoli @eleannamanoli,159.8K,9.2%,Greece,,47.9K,tiktok,greece,False,2024,NA,NA,,
98,George Toreli @george.toreli.88,159.5K,-,Greece,,47.9K,tiktok,greece,False,2024,NA,NA,,
99,Stud City @the_stud_city,157.5K,0.1%,Greece,,47.3K,tiktok,greece,False,2024,NA,NA,,
100,cee_jae_gee @cee_jae_gee,157.4K,0.2%,Greece,Fashion,47.2K,tiktok,greece,False,2024,Beauty&Fashion,MAPPED,,Fashion
1,chiwipk @chiwipk,4M,-,Guatemala,,1.2M,tiktok,guatemala,False,2024,NA,NA,,
2,jaycolindres @jaycolindres,3.9M,-,Guatemala,Business and Finance,1.2M,tiktok,guatemala,False,2024,Knowledge&Info,MAPPED,,Business and Finance
3,Yoitz_isaac @yoitz_isaac,3.8M,-,Guatemala,Entertainment and Music Product Showcase,1.1M,tiktok,guatemala,False,2024,Beauty&Fashion,MAPPED,,Entertainment and Music Product Showcase
4,Maiperyt @maiperyt,2.6M,-,Guatemala,,780K,tiktok,guatemala,False,2024,NA,NA,,
5,Anita Ceto @anitaceto,1.9M,-,Guatemala,,570K,tiktok,guatemala,False,2024,NA,NA,,
6,columpio gigante @ecomuro,1.7M,-,Guatemala,,510K,tiktok,guatemala,False,2024,NA,NA,,
7,Yoselin Ortiz @yossi_ortizz,1.2M,-,Guatemala,,360K,tiktok,guatemala,False,2024,NA,NA,,
8,Batería Humana Beatbox @bateriahumanabeatbox,1M,-,Guatemala,,300K,tiktok,guatemala,False,2024,NA,NA,,
9,🎪Los payasos más locos🎪 @rafiky_rafiky.jr,967.3K,-,Guatemala,Entertainment and Music,290.2K,tiktok,guatemala,False,2024,Music,MAPPED,,Entertainment and Music
10,Genis Castillo @genisup,962.5K,-,Guatemala,,288.8K,tiktok,guatemala,False,2024,NA,NA,,
11,AVIVA TV NAHUALA @avivatvnahuala,905.6K,-,Guatemala,,271.7K,tiktok,guatemala,False,2024,NA,NA,,
12,🇬🇹☠️🚫Wilson.Gt☠️🚫🇬🇹 @wilsonsty.gt,892.6K,-,Guatemala,,267.8K,tiktok,guatemala,False,2024,NA,NA,,
13,Yan Colz🤴🇬🇹 @yancolz,884K,-,Guatemala,,265.2K,tiktok,guatemala,False,2024,NA,NA,,
14,Jos @jos_4893,873.6K,-,Guatemala,,262.1K,tiktok,guatemala,False,2024,NA,NA,,
15,Ketzy Rosales @ketzyrosales,869.7K,-,Guatemala,Entertainment and Music,260.9K,tiktok,guatemala,False,2024,Music,MAPPED,,Entertainment and Music
16,Videos Cortitos @videos_cortitos,867K,-,Guatemala,,260.1K,tiktok,guatemala,False,2024,NA,NA,,
17,Meli @changmelii,862.8K,-,Guatemala,,258.8K,tiktok,guatemala,False,2024,NA,NA,,
18,Elmo chingon @mayen_m21,809.2K,0.2%,Guatemala,,242.8K,tiktok,guatemala,False,2024,NA,NA,,
19,Yeya Morales @yeyamorales5,801.9K,-,Guatemala,,240.6K,tiktok,guatemala,False,2024,NA,NA,,
20,Cibely 🦋 @_cibelyc,758.8K,-,Guatemala,Beauty and Self Care Fashion and Accessories,227.6K,tiktok,guatemala,False,2024,Beauty&Fashion,MAPPED,,Beauty and Self Care Fashion and Accessories
21,FRANKLIN GT @franklin.gt,731.2K,-,Guatemala,Entertainment and Music Funny,219.4K,tiktok,guatemala,False,2024,Music,MAPPED,,Entertainment and Music Funny
22,Sofia Morales @sofiam.moraless,691.1K,-,Guatemala,,207.3K,tiktok,guatemala,False,2024,NA,NA,,
23,Junior Contreras @juniorcontreras_oficial,681.1K,-,Guatemala,,204.3K,tiktok,guatemala,False,2024,NA,NA,,
24,🦋MARII🦋 @mariela_freefire,677.8K,-,Guatemala,,203.3K,tiktok,guatemala,False,2024,NA,NA,,
25,Esmelachapina @esmelachapina,649.1K,-,Guatemala,,194.7K,tiktok,guatemala,False,2024,NA,NA,,
26,Fanny📈♥️✨ @fanny_fraseschidas07,647.3K,-,Guatemala,,194.2K,tiktok,guatemala,False,2024,NA,NA,,
27,Isaacvideostop9999 @isaacvideostop999,639.8K,-,Guatemala,,191.9K,tiktok,guatemala,False,2024,NA,NA,,
28,1M🥳🎉________🚗____423k @resupelis,634.9K,-,Guatemala,,190.5K,tiktok,guatemala,False,2024,NA,NA,,
29,Bae♥️ @beba.16gt,613.7K,-,Guatemala,,184.1K,tiktok,guatemala,False,2024,NA,NA,,
30,Gerardo_ff18 @g3rardo_ff18,606.1K,-,Guatemala,,181.8K,tiktok,guatemala,False,2024,NA,NA,,
31,🐯 T. Chouds 🐯 @t.chouds,602.1K,-,Guatemala,Entertainment and Music,180.6K,tiktok,guatemala,False,2024,Music,MAPPED,,Entertainment and Music
32,🇬🇹𝒆𝒍𝒇𝒍𝒂𝒌𝒊𝒕𝒐502🇺🇸 @elflakito502,592.4K,0.5%,Guatemala,,177.7K,tiktok,guatemala,False,2024,NA,NA,,
33,ƙąཞყ 🇬🇹 @kary.jauregui,581.2K,-,Guatemala,,174.4K,tiktok,guatemala,False,2024,NA,NA,,
34,Valenntiiin_ @valennttinn_,571K,0.1%,Guatemala,,171.3K,tiktok,guatemala,False,2024,NA,NA,,
35,Chapin Viajero @chapin.viajero,569.5K,-,Guatemala,Travel,170.9K,tiktok,guatemala,False,2024,Lifestyle,MAPPED,,Travel
36,Hector_G.T @hector_g.t,547.7K,-,Guatemala,,164.3K,tiktok,guatemala,False,2024,NA,NA,,
37,Nico @nicoquinonez_,545.2K,-,Guatemala,,163.6K,tiktok,guatemala,False,2024,NA,NA,,
38,ᴇʀᴏsᴘᴀɴɪsʜ_ᴏғɪᴄɪᴀʟ_®️ @erospanish_,536.6K,-,Guatemala,,161K,tiktok,guatemala,False,2024,NA,NA,,
39,PastorCashLuna @pastorcashluna,532.4K,0.1%,Guatemala,,159.7K,tiktok,guatemala,False,2024,NA,NA,,
40,💚💚abril💚💚 @a_b_r_i_l_23,532.3K,-,Guatemala,,159.7K,tiktok,guatemala,False,2024,NA,NA,,
41,AlexLeon @dpleon_ff,529.3K,1%,Guatemala,,158.8K,tiktok,guatemala,False,2024,NA,NA,,
42,followers.315 @morel.sa13,525.7K,-,Guatemala,Education Life and Society,157.7K,tiktok,guatemala,False,2024,Knowledge&Info,MAPPED,,Education Life and Society
43,Camilita S.S. @kamylyska,522.4K,-,Guatemala,Pets,156.7K,tiktok,guatemala,False,2024,Lifestyle,MAPPED,,Pets
44,Canta la canción 😛 @canta.sin.llorar,522.2K,-,Guatemala,,156.7K,tiktok,guatemala,False,2024,NA,NA,,
45,Carlos Leonel @carlosleonel99,517.9K,-,Guatemala,,155.4K,tiktok,guatemala,False,2024,NA,NA,,
46,EDUKENNY GT @edukenny_gt,500.5K,-,Guatemala,Games Video Gaming,150.2K,tiktok,guatemala,False,2024,Tech&Gaming,MAPPED,,Games Video Gaming
47,⚡️Carlos Del Cid⚡️ @carlosdelcid4,492.5K,0.2%,Guatemala,,147.8K,tiktok,guatemala,False,2024,NA,NA,,
48,✨EL BRAYAN✨ @pana_ff_1,489K,-,Guatemala,,146.7K,tiktok,guatemala,False,2024,NA,NA,,
49,✨Garcia✨ @mistica.23,486.2K,-,Guatemala,Entertainment and Music,145.9K,tiktok,guatemala,False,2024,Music,MAPPED,,Entertainment and Music
50,Dulce Camey @dulce_camey1,485K,-,Guatemala,,145.5K,tiktok,guatemala,False,2024,NA,NA,,
51,🥀JUBEM🥀 @jubemcedillo,483K,-,Guatemala,,144.9K,tiktok,guatemala,False,2024,NA,NA,,
52,Domingo Guzman @domingoelchapin,482.6K,-,Guatemala,,144.8K,tiktok,guatemala,False,2024,NA,NA,,
53,Christine Olivia @iamchristineolivia,475.6K,-,Guatemala,,142.7K,tiktok,guatemala,False,2024,NA,NA,,
54,LA CHAPINCITA DE CORAZÓN💟 @veronicabarrios56,472.6K,-,Guatemala,,141.8K,tiktok,guatemala,False,2024,NA,NA,,
55,Hooters Guatemala @hootersguatemala,465.8K,-,Guatemala,Food,139.7K,tiktok,guatemala,False,2024,Lifestyle,MAPPED,,Food
56,EnlaMiraGuate @enlamiraguate,460.4K,-,Guatemala,,138.1K,tiktok,guatemala,False,2024,NA,NA,,
57,ZakroZomber @zakrozomber,448.2K,0.1%,Guatemala,,134.5K,tiktok,guatemala,False,2024,NA,NA,,
58,Isa Roldán @isaroldangt,446.8K,-,Guatemala,,134K,tiktok,guatemala,False,2024,NA,NA,,
59,imb1r0n_retirado @imb1r0n,445.9K,0.3%,Guatemala,,133.8K,tiktok,guatemala,False,2024,NA,NA,,
60,Mileydi de Guzman ( Chula ) @mileydideguzman,444.6K,-,Guatemala,,133.4K,tiktok,guatemala,False,2024,NA,NA,,
61,Patita Sanz @patty883,440.5K,-,Guatemala,,132.2K,tiktok,guatemala,False,2024,NA,NA,,
62,Ilsi Paz @ilsipaz,434K,-,Guatemala,,130.2K,tiktok,guatemala,False,2024,NA,NA,,
63,Elmerlopez 786 @elmerlopez4,428K,-,Guatemala,,128.4K,tiktok,guatemala,False,2024,NA,NA,,
64,Marcy @mkmotta,426.8K,-,Guatemala,,128K,tiktok,guatemala,False,2024,NA,NA,,
65,Cintia 💓 @sakurita.cintia,425.4K,-,Guatemala,,127.6K,tiktok,guatemala,False,2024,NA,NA,,
66,🦴 Quiropráctico Recinos 🦴 @energiavitalgt,423.6K,-,Guatemala,,127.1K,tiktok,guatemala,False,2024,NA,NA,,
67,YeisonGTM502 @yeisongtm502,419.5K,-,Guatemala,,125.9K,tiktok,guatemala,False,2024,NA,NA,,
68,TO FEEL DOWN @to_feel_down,416K,0.8%,Guatemala,,124.8K,tiktok,guatemala,False,2024,NA,NA,,
69,Alejandro Speitzer @alejandrospeitzer1,409.2K,0.1%,Guatemala,,122.8K,tiktok,guatemala,False,2024,NA,NA,,
70,Chencho @yaxcalito4,402.6K,-,Guatemala,,120.8K,tiktok,guatemala,False,2024,NA,NA,,
71,Marcela Urizar @marchulisss,396.5K,-,Guatemala,,119K,tiktok,guatemala,False,2024,NA,NA,,
72,MiguelBabo @mipueblo5,394.4K,0.3%,Guatemala,,118.3K,tiktok,guatemala,False,2024,NA,NA,,
73,Billy The Diamond @billycmusic,385.6K,0.1%,Guatemala,,115.7K,tiktok,guatemala,False,2024,NA,NA,,
74,Fernanda @fernandaacast,384.1K,3.1%,Guatemala,,115.2K,tiktok,guatemala,False,2024,NA,NA,,
75,Freddy Santo @freddysantoofficial,378.1K,0.1%,Guatemala,,113.4K,tiktok,guatemala,False,2024,NA,NA,,
76,jimenamaradiaga @jimemaradiaga,375.4K,-,Guatemala,,112.6K,tiktok,guatemala,False,2024,NA,NA,,
77,Emmi @_leyliloverss,373.2K,-,Guatemala,,112K,tiktok,guatemala,False,2024,NA,NA,,
78,Oscar Belloso @oscarbelloso,370.4K,-,Guatemala,,111.1K,tiktok,guatemala,False,2024,NA,NA,,
79,colegio del caballero 👑 @colegio.del.caballero_,367.4K,-,Guatemala,,110.2K,tiktok,guatemala,False,2024,NA,NA,,
80,Eilypg @iameilypg,365.5K,0.4%,Guatemala,,109.7K,tiktok,guatemala,False,2024,NA,NA,,
81,Neto Bran @netobran,354.8K,-,Guatemala,Life and Society,106.4K,tiktok,guatemala,False,2024,Knowledge&Info,MAPPED,,Life and Society
82,Octavio Alvarez @soyoctavio..gt,354.5K,0.1%,Guatemala,Funny Life and Society,106.4K,tiktok,guatemala,False,2024,Knowledge&Info,MAPPED,,Funny Life and Society
83,💎𝐒𝐞𝐫𝐠𝐢𝐨 𝐕𝐚𝐭💎 @sergiovat,354.2K,-,Guatemala,,106.3K,tiktok,guatemala,False,2024,NA,NA,,
84,𝑀𝒶𝓇𝒾𝑒 @mariedebroy,353.4K,0.1%,Guatemala,,106K,tiktok,guatemala,False,2024,NA,NA,,
85,SIMBA 🐶🦁 @simba_502,350.5K,-,Guatemala,Pets,105.2K,tiktok,guatemala,False,2024,Lifestyle,MAPPED,,Pets
86,Tatmon Guatemala @tatmonpro,349.9K,-,Guatemala,Education,105K,tiktok,guatemala,False,2024,Knowledge&Info,MAPPED,,Education
87,Pan @eldaniie,348.9K,-,Guatemala,,104.7K,tiktok,guatemala,False,2024,NA,NA,,
88,4progt @4progt,345K,-,Guatemala,Auto and Vehicles,103.5K,tiktok,guatemala,False,2024,Tech&Gaming,MAPPED,,Auto and Vehicles
89,Luna Misteriosa 77 @lunamisteriosa77,344.3K,0.1%,Guatemala,,103.3K,tiktok,guatemala,False,2024,NA,NA,,
90,storytime @storytime_de_terror0,341.7K,-,Guatemala,,102.5K,tiktok,guatemala,False,2024,NA,NA,,
91,Gaby Linares ❤️ @gabylinaresj,341.3K,-,Guatemala,,102.4K,tiktok,guatemala,False,2024,NA,NA,,
92,Luis @luis.ff353,339.7K,0.1%,Guatemala,,101.9K,tiktok,guatemala,False,2024,NA,NA,,
93,Erick Flores @_erick.f,334.3K,0.1%,Guatemala,,100.3K,tiktok,guatemala,False,2024,NA,NA,,
94,Kristh Albeno 🦋 @kristhalbeno,331.4K,-,Guatemala,,99.4K,tiktok,guatemala,False,2024,NA,NA,,
95,Walfred Elias @walfredelias1,329.4K,-,Guatemala,,98.8K,tiktok,guatemala,False,2024,NA,NA,,
96,Dasselyne @dasselyneoficial,328.9K,0.2%,Guatemala,Entertainment and Music,98.7K,tiktok,guatemala,False,2024,Music,MAPPED,,Entertainment and Music
97,Juls @julsgoes,327.7K,0.1%,Guatemala,,98.3K,tiktok,guatemala,False,2024,NA,NA,,
98,Isa Herrán @isabellaherran,324.4K,-,Guatemala,,97.3K,tiktok,guatemala,False,2024,NA,NA,,
99,Bebita @lindabeba94,322.5K,-,Guatemala,,96.8K,tiktok,guatemala,False,2024,NA,NA,,
100,Rival😏 @rivaldo.salazar,319.4K,-,Guatemala,Entertainment and Music,95.8K,tiktok,guatemala,False,2024,Music,MAPPED,,Entertainment and Music
1,₊‧°𐐪♡ Z𝖚𝖗𝖊𝖊𝖆𝖑/琇然 ♡𐑂°‧₊ @zureeal,811.2K,0.5%,Hong Kong,Animation and Cosplay Entertainment and Music,243.4K,tiktok,hong-kong,False,2024,Tech&Gaming,MAPPED,,Animation and Cosplay Entertainment and Music
2,Francine Ng @francine.ng,774.6K,-,Hong Kong,,232.4K,tiktok,hong-kong,False,2024,NA,NA,,
3,DiscoverHongKong @discoverhongkong,667.5K,-,Hong Kong,,200.3K,tiktok,hong-kong,False,2024,NA,NA,,
4,kaiyee 🧨 @kaiyee_,518.2K,-,Hong Kong,,155.5K,tiktok,hong-kong,False,2024,NA,NA,,
5,cynthiahk @cynthiahk,488.7K,-,Hong Kong,,146.6K,tiktok,hong-kong,False,2024,NA,NA,,
6,SAAIH HALILINTAR 2 @moresaaihalilintar,458.9K,0.2%,Hong Kong,,137.7K,tiktok,hong-kong,False,2024,NA,NA,,
7,riwan🦖 @heri.krn,456.1K,-,Hong Kong,,136.8K,tiktok,hong-kong,False,2024,NA,NA,,
8,8090s in Hong Kong @hongkong.8090s,453.8K,0.3%,Hong Kong,,136.1K,tiktok,hong-kong,False,2024,NA,NA,,
9,Jousy @jousychan,445.6K,-,Hong Kong,,133.7K,tiktok,hong-kong,False,2024,NA,NA,,
10,ANNA 🦋 (NEWACC) @anaa_800,435.3K,-,Hong Kong,,130.6K,tiktok,hong-kong,False,2024,NA,NA,,
11,黃浩霆 / IG：hoting.tv @hoting852,367.6K,-,Hong Kong,,110.3K,tiktok,hong-kong,False,2024,NA,NA,,
12,user8923802482792 @user8923802482792,322K,-,Hong Kong,Pets,96.6K,tiktok,hong-kong,False,2024,Lifestyle,MAPPED,,Pets
13,THEO YOUNG @theoyoung20,311.8K,-,Hong Kong,,93.5K,tiktok,hong-kong,False,2024,NA,NA,,
14,Ahohaw Review @ahohaw_vn,304K,2.1%,Hong Kong,,91.2K,tiktok,hong-kong,False,2024,NA,NA,,
15,dance tutorials 😗✌️ @tiktok.dance.tuttorial,252.8K,45.8%,Hong Kong,,75.8K,tiktok,hong-kong,False,2024,NA,NA,,
16,스치면홍콩 @6969zz,238.4K,-,Hong Kong,,71.5K,tiktok,hong-kong,False,2024,NA,NA,,
17,叶子yezi @yezi_1022_,204.1K,-,Hong Kong,,61.2K,tiktok,hong-kong,False,2024,NA,NA,,
18,Aidan @aidan.cheung,200.7K,-,Hong Kong,,60.2K,tiktok,hong-kong,False,2024,NA,NA,,
19,Rooney Xhk @r.xhk,193.3K,-,Hong Kong,,58K,tiktok,hong-kong,False,2024,NA,NA,,
20,NAMUY HK @namuy_hk,191.2K,-,Hong Kong,,57.4K,tiktok,hong-kong,False,2024,NA,NA,,
21,BaronHong @baronhongchestbinder,176.1K,-,Hong Kong,,52.8K,tiktok,hong-kong,False,2024,NA,NA,,
22,妖都學長 @yaodotv,174.2K,0.3%,Hong Kong,,52.3K,tiktok,hong-kong,False,2024,NA,NA,,
23,HK Official ♔♚ @its.homayon.official,162.1K,-,Hong Kong,,48.6K,tiktok,hong-kong,False,2024,NA,NA,,
24,Celeste_Hong @celes.hong,153.6K,-,Hong Kong,,46.1K,tiktok,hong-kong,False,2024,NA,NA,,
25,Micha bell🇭🇰 @apundar14,140.9K,-,Hong Kong,,42.3K,tiktok,hong-kong,False,2024,NA,NA,,
26,TVB-FILM ✅ @tvbphimffvn,140.8K,-,Hong Kong,,42.2K,tiktok,hong-kong,False,2024,NA,NA,,
27,Mandaa🌿 @_itzmandaa_,132.6K,0.8%,Hong Kong,,39.8K,tiktok,hong-kong,False,2024,NA,NA,,
28,HongKongDoll @hongkong_doll,129.7K,0.9%,Hong Kong,,38.9K,tiktok,hong-kong,False,2024,NA,NA,,
29,梁笑笑 @liangxx233,126.8K,0.3%,Hong Kong,Beauty and Self Care,38K,tiktok,hong-kong,False,2024,Beauty&Fashion,MAPPED,,Beauty and Self Care
30,HongKong Wedding @hongkong.wedding,122.6K,-,Hong Kong,Romance and Wedding,36.8K,tiktok,hong-kong,False,2024,Beauty&Fashion,MAPPED,,Romance and Wedding
31,Elisa @elisaty_,112.4K,-,Hong Kong,Entertainment and Music,33.7K,tiktok,hong-kong,False,2024,Music,MAPPED,,Entertainment and Music
32,隆翠珠寶 @lczb8,104.4K,0.1%,Hong Kong,,31.3K,tiktok,hong-kong,False,2024,NA,NA,,
33,極品明皇帝 @jpmhd,94.4K,0.6%,Hong Kong,,28.3K,tiktok,hong-kong,False,2024,NA,NA,,
34,Andrew Lau @andrewjlau,66.8K,-,Hong Kong,,20K,tiktok,hong-kong,False,2024,NA,NA,,
35,eduardoowong @eduardoowong,65K,0.2%,Hong Kong,,19.5K,tiktok,hong-kong,False,2024,NA,NA,,
36,SharonChan陳敏之 @sharonchanmanchi,38.6K,0.1%,Hong Kong,,11.6K,tiktok,hong-kong,False,2024,NA,NA,,
37,Isabella @izabella.ng,34K,-,Hong Kong,Fashion and Accessories,10.2K,tiktok,hong-kong,False,2024,Beauty&Fashion,MAPPED,,Fashion and Accessories
38,Eva Thapa 🇭🇰 🇳🇵 @evathapa4,20.8K,1.2%,Hong Kong,,6.2K,tiktok,hong-kong,False,2024,NA,NA,,
39,E7🤍 @eeqi__00,15K,1.4%,Hong Kong,Beauty and Self Care,4.5K,tiktok,hong-kong,False,2024,Beauty&Fashion,MAPPED,,Beauty and Self Care
40,kaylinhsieh @kaylinhsieh,12K,0.1%,Hong Kong,Sports Education,3.6K,tiktok,hong-kong,False,2024,Sports,MAPPED,,Sports Education
41,SAMI_852🇭🇰 @sami_mirza5,11.9K,0.6%,Hong Kong,Romance and Wedding,3.6K,tiktok,hong-kong,False,2024,Beauty&Fashion,MAPPED,,Romance and Wedding
42,Alice巧汶🌹 @0714.alice,9.9K,0.5%,Hong Kong,,3K,tiktok,hong-kong,False,2024,NA,NA,,
43,Healing Tarot @tarotkingsg,8.2K,0.4%,Hong Kong,Entertainment and Music,2.4K,tiktok,hong-kong,False,2024,Music,MAPPED,,Entertainment and Music
1,Instant Bollywood @instantbollywood,7.9M,-,India,Entertainment and Music,2.4M,tiktok,india,False,2024,Music,MAPPED,,Entertainment and Music
2,Kajol Devgan @kajol,3.7M,1.2%,India,,1.1M,tiktok,india,False,2024,NA,NA,,
3,A M N A S A B I R @amnasabir2,3.7M,-,India,Outdoor Activity Games,1.1M,tiktok,india,False,2024,Sports,MAPPED,,Outdoor Activity Games
4,Heena @heenaakh1,3.1M,-,India,Beauty and Self Care,930K,tiktok,india,False,2024,Beauty&Fashion,MAPPED,,Beauty and Self Care
5,U S H A B 👑 @ushab_rajpoot,2.9M,-,India,,870K,tiktok,india,False,2024,NA,NA,,
6,Kartik Aaryan @kartiktokaaryan,2.8M,0.3%,India,Acting and Drama,840K,tiktok,india,False,2024,Entertainment,MAPPED,,Acting and Drama
7,Jayden Haueter @jaydenhaueterofficial,2.6M,-,India,,780K,tiktok,india,False,2024,NA,NA,,
8,PremDayal-Tiktok @premdayal_tiktok,2.6M,-,India,Education,780K,tiktok,india,False,2024,Knowledge&Info,MAPPED,,Education
9,PWR Vindooly @vindooly,2.5M,-,India,Entertainment and Music,750K,tiktok,india,False,2024,Music,MAPPED,,Entertainment and Music
10,meg @bootlegmegz,2.3M,-,India,Funny Entertainment and Music Life and Society,690K,tiktok,india,False,2024,Knowledge&Info,MAPPED,,Funny Entertainment and Music Life and Society
11,A R R A P Y @arrapy_,2M,-,India,,600K,tiktok,india,False,2024,NA,NA,,
12,FIS BANGA @fisbanga,2M,-,India,,600K,tiktok,india,False,2024,NA,NA,,
13,Salahuddin Khan @sallubhai223,2M,-,India,,600K,tiktok,india,False,2024,NA,NA,,
14,Aryan Khan @aryankhanone,1.7M,-,India,Entertainment and Music,510K,tiktok,india,False,2024,Music,MAPPED,,Entertainment and Music
15,Sahiba rajpoot @sahibarajpoot3,1.7M,-,India,Beauty and Self Care,510K,tiktok,india,False,2024,Beauty&Fashion,MAPPED,,Beauty and Self Care
16,MR Faisu Marwat 🐒 @faisalsalmankhan,1.7M,-,India,Entertainment and Music Celebrity Music,510K,tiktok,india,False,2024,Music,MAPPED,,Entertainment and Music Celebrity Music
17,K_U_T_T_A_P_I ❤️ @angel_.roshna,1.3M,-,India,,390K,tiktok,india,False,2024,NA,NA,,
18,dayanita show @dayanitashow,1.3M,-,India,,390K,tiktok,india,False,2024,NA,NA,,
19,Mouni Roy @imouni_royofficial,1.2M,-,India,Arts and Crafts Food Travel Food and Drink,360K,tiktok,india,False,2024,Lifestyle,MAPPED,,Arts and Crafts Food Travel Food and Drink
20,YT : Bang Sidz @m.sidki,1.2M,0.1%,India,Entertainment and Music,360K,tiktok,india,False,2024,Music,MAPPED,,Entertainment and Music
21,GauMap✔️ @pet.cung,1.1M,-,India,,330K,tiktok,india,False,2024,NA,NA,,
22,RBI-Public Figure @sdsnakeadventures,1.1M,-,India,Animals,330K,tiktok,india,False,2024,Lifestyle,MAPPED,,Animals
23,Miss Universe @missuniverse,1M,-,India,,300K,tiktok,india,False,2024,NA,NA,,
24,👑 King KVR 👑 @karamveerskyadav,990.7K,-,India,,297.2K,tiktok,india,False,2024,NA,NA,,
25,👑 ÃÃŘÎF 👑 @aarifalvi.03,966.6K,-,India,Romance and Wedding,290K,tiktok,india,False,2024,Beauty&Fashion,MAPPED,,Romance and Wedding
26,johny pal @hiphopjohny,966.3K,-,India,,289.9K,tiktok,india,False,2024,NA,NA,,
27,Amzad 11 @juul3560,961.9K,-,India,Entertainment and Music,288.6K,tiktok,india,False,2024,Music,MAPPED,,Entertainment and Music
28,rajpreet kaur @kaur__rajpreet,959.8K,-,India,,287.9K,tiktok,india,False,2024,NA,NA,,
29,Salman @mdsalman8113,957.4K,-,India,,287.2K,tiktok,india,False,2024,NA,NA,,
30,Lokesh Yadav @lokartist_lokesh,953K,0.1%,India,Arts and Crafts,285.9K,tiktok,india,False,2024,Lifestyle,MAPPED,,Arts and Crafts
31,Chandu Smart @chandusmart81,943.5K,-,India,,283.1K,tiktok,india,False,2024,NA,NA,,
32,Mayank @mayank_bhardwaj,940K,-,India,Entertainment and Music,282K,tiktok,india,False,2024,Music,MAPPED,,Entertainment and Music
33,Ali_writes @ali_writes433,926.1K,-,India,,277.8K,tiktok,india,False,2024,NA,NA,,
34,iNDiA🤪 @fw.indiaa,925.1K,-,India,Entertainment and Music,277.5K,tiktok,india,False,2024,Music,MAPPED,,Entertainment and Music
35,Aazam Ansari ✔️ @aazam_ansari3654,922.5K,-,India,,276.8K,tiktok,india,False,2024,NA,NA,,
36,Dr Harneet Kaur @askdrharneet,921.8K,-,India,,276.5K,tiktok,india,False,2024,NA,NA,,
37,Buchcha😍🐕👦❤️arun @buchcha_arun,918.1K,-,India,,275.4K,tiktok,india,False,2024,NA,NA,,
38,syahrullgyan @syahrull_gyan,916.5K,-,India,,275K,tiktok,india,False,2024,NA,NA,,
39,user341525 @panuu.09,913.8K,-,India,,274.1K,tiktok,india,False,2024,NA,NA,,
40,William Seremetis @willyumgregory,909.9K,0.4%,India,Entertainment and Music,273K,tiktok,india,False,2024,Music,MAPPED,,Entertainment and Music
41,sahadev bankar @usersahadevbankar6,904.3K,-,India,,271.3K,tiktok,india,False,2024,NA,NA,,
42,madhu_gowda @madhu_gowda066,904K,-,India,,271.2K,tiktok,india,False,2024,NA,NA,,
43,Babita Gupta @babita_gupta15,902.3K,-,India,,270.7K,tiktok,india,False,2024,NA,NA,,
44,Rose Chuhan @rosechuhan,896.8K,-,India,Fashion and Accessories,269K,tiktok,india,False,2024,Beauty&Fashion,MAPPED,,Fashion and Accessories
45,Simmy Landa @simmylanda,890.7K,-,India,,267.2K,tiktok,india,False,2024,NA,NA,,
46,👑Kajal Bhardwaj👑 @_kajalbhardwaj_143,889.5K,-,India,,266.9K,tiktok,india,False,2024,NA,NA,,
47,Sujitasharma43 @sujitasharma43,888.7K,-,India,,266.6K,tiktok,india,False,2024,NA,NA,,
48,Supriyathakur💫 @gulaabiqueen0,881.8K,-,India,,264.5K,tiktok,india,False,2024,NA,NA,,
49,nirmalkumar699660 @nirmalkumar6996605,869.8K,-,India,,260.9K,tiktok,india,False,2024,NA,NA,,
50,Bebojethwa @bebojethwa,863.4K,-,India,,259K,tiktok,india,False,2024,NA,NA,,
51,Kashi @kashicreates,862.2K,-,India,,258.7K,tiktok,india,False,2024,NA,NA,,
52,🦁 Raavan Maharaj 🦁 @actor.rajiv.chowhan,856.1K,-,India,Entertainment and Music,256.8K,tiktok,india,False,2024,Music,MAPPED,,Entertainment and Music
53,Smile queen richa @hrichapandey02,851.7K,-,India,,255.5K,tiktok,india,False,2024,NA,NA,,
54,KHUT NAV @navkhut99,850K,-,India,,255K,tiktok,india,False,2024,NA,NA,,
55,dharti_gadhiya_ @dharti_gadhiya_,849.8K,-,India,,254.9K,tiktok,india,False,2024,NA,NA,,
56,༺ 𒆜 🇦 🇳 🇯 🇦 🇳 🇮𒆜 ༻ @dj_bengek,848.1K,-,India,,254.4K,tiktok,india,False,2024,NA,NA,,
57,Akashdeep Batra @freelegalhelpline,844.8K,-,India,Finance,253.4K,tiktok,india,False,2024,Knowledge&Info,MAPPED,,Finance
58,Rohit Kapoor @official_kapoor,843.3K,-,India,,253K,tiktok,india,False,2024,NA,NA,,
59,Ankit pandit @ankitpandit5082,843K,-,India,,252.9K,tiktok,india,False,2024,NA,NA,,
60,Bレ一Crow🔫 @crowpubgmobile,842.1K,-,India,Games,252.6K,tiktok,india,False,2024,Tech&Gaming,MAPPED,,Games
61,Kashir King @kashirking,839.2K,-,India,,251.8K,tiktok,india,False,2024,NA,NA,,
62,Kiki @kikirajxo,836.1K,-,India,Fashion and Accessories,250.8K,tiktok,india,False,2024,Beauty&Fashion,MAPPED,,Fashion and Accessories
63,Dj Jagdamb J76 @djavi76,830.5K,-,India,,249.2K,tiktok,india,False,2024,NA,NA,,
64,surajpalshigh @suyashcouple2_official,823.8K,-,India,,247.1K,tiktok,india,False,2024,NA,NA,,
65,love❤️786 @loveneshchouksey,822.1K,-,India,,246.6K,tiktok,india,False,2024,NA,NA,,
66,❤️DIL DOSTI YAARI❤️ @mrperfect_d.d.y,821.3K,-,India,,246.4K,tiktok,india,False,2024,NA,NA,,
67,snehalatha_offical @snehalatha_official,820.4K,-,India,,246.1K,tiktok,india,False,2024,NA,NA,,
68,Pooja Verma @poojaverma_143,812.8K,-,India,Beauty and Self Care Fashion and Accessories,243.8K,tiktok,india,False,2024,Beauty&Fashion,MAPPED,,Beauty and Self Care Fashion and Accessories
69,feeedmi @feeedmi,812.4K,0.6%,India,Food,243.7K,tiktok,india,False,2024,Lifestyle,MAPPED,,Food
70,Saeed khan @saeedwrites153,810.9K,-,India,,243.3K,tiktok,india,False,2024,NA,NA,,
71,📱MOBILE KING📱 @abubakaransari562,803.1K,-,India,,240.9K,tiktok,india,False,2024,NA,NA,,
72,I❤️Punjab @hassiyakaro,801.6K,-,India,,240.5K,tiktok,india,False,2024,NA,NA,,
73,Nagra Farm @nagrafarm1,800.6K,-,India,Nature,240.2K,tiktok,india,False,2024,Lifestyle,MAPPED,,Nature
74,Ibrahim Ansari @ibrahimvai888,798.4K,-,India,Music,239.5K,tiktok,india,False,2024,Music,MAPPED,,Music
75,Gk Gufran khan @gkgufrankhan,796.7K,-,India,Entertainment and Music Celebrity,239K,tiktok,india,False,2024,Music,MAPPED,,Entertainment and Music Celebrity
76,🔥NAKHRILI🔥 @kittu_sneh,793K,-,India,,237.9K,tiktok,india,False,2024,NA,NA,,
77,🎥 Lovepreetmultani 📸 @lovepreetmultani1,790.8K,-,India,,237.2K,tiktok,india,False,2024,NA,NA,,
78,@alisha ray1 @rupapatra10,787.5K,-,India,,236.3K,tiktok,india,False,2024,NA,NA,,
79,♥️ A L I Y A ♥️ @aliya_patel_,787.2K,-,India,,236.2K,tiktok,india,False,2024,NA,NA,,
80,Padma @yoginipadma,782.3K,-,India,Fitness and Health Education,234.7K,tiktok,india,False,2024,Sports,MAPPED,,Fitness and Health Education
81,Leon🦁 @leyiiin94,778.3K,-,India,,233.5K,tiktok,india,False,2024,NA,NA,,
82,Kerishma.Mukhtari @kerish_mukhtari,775.4K,-,India,,232.6K,tiktok,india,False,2024,NA,NA,,
83,prudhvi wizzu @wizzuprudhvi,773.3K,0.2%,India,,232K,tiktok,india,False,2024,NA,NA,,
84,Bollywood.glitzy @bollywood.glitzy,772.5K,-,India,,231.8K,tiktok,india,False,2024,NA,NA,,
85,👑ArrU👑 @aarti_rajak,772.4K,-,India,,231.7K,tiktok,india,False,2024,NA,NA,,
86,🔥 Imran Messi 🔥 @imranmessi3,770.9K,-,India,,231.3K,tiktok,india,False,2024,NA,NA,,
87,India🐷 @india.thepitbull,768.7K,0.3%,India,Pets,230.6K,tiktok,india,False,2024,Lifestyle,MAPPED,,Pets
88,sulogna Chowdhury @sulognachowdhury,766.4K,-,India,,229.9K,tiktok,india,False,2024,NA,NA,,
89,M E E N U✅ @meenukhatri29,766.3K,-,India,,229.9K,tiktok,india,False,2024,NA,NA,,
90,Addy Raj @addyrajofficial,763.7K,-,India,,229.1K,tiktok,india,False,2024,NA,NA,,
91,gopinath_chinu @gopinathchinu,762.3K,0.2%,India,,228.7K,tiktok,india,False,2024,NA,NA,,
92,Svs Glassworks @svsglassworks,762.2K,-,India,,228.7K,tiktok,india,False,2024,NA,NA,,
93,🎭 Raj JB 🎭 @raj_jb_09,761.5K,-,India,,228.5K,tiktok,india,False,2024,NA,NA,,
94,Khushi Mehra 🥀 @khushi_mehra_1,756.8K,-,India,,227K,tiktok,india,False,2024,NA,NA,,
95,Md Azad @azad_khan_bihari_boy,751.7K,-,India,,225.5K,tiktok,india,False,2024,NA,NA,,
96,Dr. Rekhadas @dr.rekhadas,751.2K,-,India,,225.4K,tiktok,india,False,2024,NA,NA,,
97,Rafikpatel123 @rafikpatel.123,744.5K,-,India,Acting and Drama Celebrity,223.4K,tiktok,india,False,2024,Entertainment,MAPPED,,Acting and Drama Celebrity
98,🖤Srushti.RG👅 @guddi.0707,739.4K,-,India,,221.8K,tiktok,india,False,2024,NA,NA,,
99,Nawazuddin Siddiqui @nawazuddin.siddiqui47,734.7K,-,India,Entertainment and Music,220.4K,tiktok,india,False,2024,Music,MAPPED,,Entertainment and Music
100,Mitali Thakur @mitalithakur11,731.9K,-,India,Romance and Wedding,219.6K,tiktok,india,False,2024,Beauty&Fashion,MAPPED,,Romance and Wedding
1,Unaa🍜 @mieayamthebstt,14.4M,-,Индонезия,Игри,4.3M,tiktok,indonesia,False,2024,Tech&Gaming,MAPPED,,Games
2,DamnBoy⚫️🔓 @razor.fathanah,13M,-,Индонезия,Забавление и музика Careers,3.9M,tiktok,indonesia,False,2024,Knowledge&Info,MAPPED,,Entertainment and Music Careers
3,VILMEI✨ @vilmeijuga,11.4M,0.2%,Индонезия,Храна,3.4M,tiktok,indonesia,False,2024,Lifestyle,MAPPED,,Food
4,Dewi perssik @dewiperssik_real,10M,-,Индонезия,Забавление и музика,3M,tiktok,indonesia,False,2024,Music,MAPPED,,Fun and music
5,Trisha Zia @trishaaazia,9M,1.1%,Индонезия,Красота и грижа за себе си,2.7M,tiktok,indonesia,False,2024,Beauty&Fashion,MAPPED,,Beauty and self care
6,Baim Wong @baimwong,8.2M,-,Индонезия,Актьорство и драма Забавление и музика,2.5M,tiktok,indonesia,False,2024,Music,MAPPED,,Acting and Drama Entertainment and Music
7,EdW!!Nn🦇 @edw1n_98,8M,-,Индонезия,Забавление и музика,2.4M,tiktok,indonesia,False,2024,Music,MAPPED,,Fun and music
8,Valenrewah @valenrewah,7.7M,-,Индонезия,,2.3M,tiktok,indonesia,False,2024,NA,NA,,
9,prilly latuconsina @prillylatuconsina15,7.2M,-,Индонезия,Забавление и музика,2.2M,tiktok,indonesia,False,2024,Music,MAPPED,,Fun and music
10,Heiraks @heiraksyt,6.5M,-,Индонезия,,2M,tiktok,indonesia,False,2024,NA,NA,,
11,Vilia Carl @viliacarl,6.4M,2.1%,Индонезия,,1.9M,tiktok,indonesia,False,2024,NA,NA,,
12,BIGO: Riri.c @ririiii.26.on.ig,6.3M,-,Индонезия,Забавление и музика,1.9M,tiktok,indonesia,False,2024,Music,MAPPED,,Fun and music
13,Follow ig : @ismindyh_ @tanteismi,5.9M,-,Индонезия,,1.8M,tiktok,indonesia,False,2024,NA,NA,,
14,Lazada Indonesia @lazadaid,5.6M,-,Индонезия,,1.7M,tiktok,indonesia,False,2024,NA,NA,,
15,Madam Sonia @madamsoniia,5.5M,0.9%,Индонезия,Красота и грижа за себе си,1.7M,tiktok,indonesia,False,2024,Beauty&Fashion,MAPPED,,Beauty and self care
16,Jess No Limit @jessnolimit999,5.3M,0.1%,Индонезия,,1.6M,tiktok,indonesia,False,2024,NA,NA,,
17,fhia @alifhiaf,5.2M,-,Индонезия,,1.6M,tiktok,indonesia,False,2024,NA,NA,,
18,Syahnaz Sadiqah @syahnazsadiqah,5.1M,-,Индонезия,,1.5M,tiktok,indonesia,False,2024,NA,NA,,
19,Jervan Jervan @jervanjervan,5M,-,Индонезия,Забавление и музика,1.5M,tiktok,indonesia,False,2024,Music,MAPPED,,Fun and music
20,RADAR SUMEDANG @radarsumedang,5M,-,Индонезия,Забавление и музика,1.5M,tiktok,indonesia,False,2024,Music,MAPPED,,Fun and music
21,Vinny Laurencia @kulinersamacici,4.7M,-,Индонезия,,1.4M,tiktok,indonesia,False,2024,NA,NA,,
22,The Real Ninja ⚔️ @dedebin,4.6M,-,Индонезия,,1.4M,tiktok,indonesia,False,2024,NA,NA,,
23,Feby @frnzlynfby,4.6M,4.8%,Индонезия,Забавно,1.4M,tiktok,indonesia,False,2024,Entertainment,MAPPED,,funny
24,Happy Asmara @happyasmara,4.5M,-,Индонезия,Забавление и музика,1.4M,tiktok,indonesia,False,2024,Music,MAPPED,,Fun and music
25,Dokter Gigi Tri Putra @doktergigi_,4.4M,-,Индонезия,,1.3M,tiktok,indonesia,False,2024,NA,NA,,
26,RISQI @risqii_af,4.2M,-,Индонезия,,1.3M,tiktok,indonesia,False,2024,NA,NA,,
27,PutraChanKasela @putrachankasela_,4.1M,-,Индонезия,,1.2M,tiktok,indonesia,False,2024,NA,NA,,
28,Reza Gladys Prettyani Sari @rezagladys,4M,-,Индонезия,,1.2M,tiktok,indonesia,False,2024,NA,NA,,
29,Irene Suwandi @ireneswnd,4M,0.1%,Индонезия,,1.2M,tiktok,indonesia,False,2024,NA,NA,,
30,Bella Tobing✨ @bellzky16,3.9M,-,Индонезия,Забавление и музика,1.2M,tiktok,indonesia,False,2024,Music,MAPPED,,Fun and music
31,EVOS RAMBO @ramboeiei,3.7M,0.1%,Индонезия,Игри,1.1M,tiktok,indonesia,False,2024,Tech&Gaming,MAPPED,,Games
32,dr. Kevin Mak @drkevinmak,3.7M,-,Индонезия,,1.1M,tiktok,indonesia,False,2024,NA,NA,,
33,Nino @ninnocupaw290,3.6M,-,Индонезия,,1.1M,tiktok,indonesia,False,2024,NA,NA,,
34,Haymin080 @hayminofficial,3.6M,-,Индонезия,Автомобили и превозни средства,1.1M,tiktok,indonesia,False,2024,Tech&Gaming,MAPPED,,Cars and vehicles
35,Oktaviey @oktavieyy,3.4M,-,Индонезия,Забавление и музика,1M,tiktok,indonesia,False,2024,Music,MAPPED,,Fun and music
36,SHELLA SAUKIA @shellasaukia,3M,-,Индонезия,Мода и аксесоари,900K,tiktok,indonesia,False,2024,Beauty&Fashion,MAPPED,,Fashion and accessories
37,Nathaniel Rivan @niellzss,3M,0.1%,Индонезия,Образование,900K,tiktok,indonesia,False,2024,Knowledge&Info,MAPPED,,Education
38,s a s k e h🕊 @saskeh.series,2.9M,-,Индонезия,,870K,tiktok,indonesia,False,2024,NA,NA,,
39,rully @rullysarjana,2.8M,-,Индонезия,,840K,tiktok,indonesia,False,2024,NA,NA,,
40,Instagram : @Fauzan_Nasrul @fauzannasrull,2.8M,-,Индонезия,Продуктови представяния,840K,tiktok,indonesia,False,2024,Beauty&Fashion,MAPPED,,Product presentations
41,ERA.ID @eradotid,2.6M,-,Индонезия,Образование,780K,tiktok,indonesia,False,2024,Knowledge&Info,MAPPED,,Education
42,Janes_cs🇮🇩 @janes_cs,2.6M,-,Индонезия,,780K,tiktok,indonesia,False,2024,NA,NA,,
43,BNW Esports @bnwesports,2.6M,-,Индонезия,,780K,tiktok,indonesia,False,2024,NA,NA,,
44,Ndaru Suci Kusuma @ndarusucii,2.4M,-,Индонезия,,720K,tiktok,indonesia,False,2024,NA,NA,,
45,KD・Daeng友 @panggilsajadaeng,2.4M,-,Индонезия,Забавление и музика,720K,tiktok,indonesia,False,2024,Music,MAPPED,,Fun and music
46,Pocong Gaolzzzz👻 @pocongbarbar,2.4M,-,Индонезия,Забавление и музика,720K,tiktok,indonesia,False,2024,Music,MAPPED,,Fun and music
47,Francis Karel @franciskarelofficial,2.3M,-,Индонезия,,690K,tiktok,indonesia,False,2024,NA,NA,,
48,Baldtwins👨🏻‍🦲 @baldtwins,2.3M,-,Индонезия,,690K,tiktok,indonesia,False,2024,NA,NA,,
49,Qonitcah | Edukasi Kesehatan @qonitcah,2.3M,0.3%,Индонезия,Образование Фитнес и здраве,690K,tiktok,indonesia,False,2024,Sports,MAPPED,,Education Fitness and Health
50,TRIBUN LAMPUNG @tribunlampung,2.2M,-,Индонезия,Забавление и музика,660K,tiktok,indonesia,False,2024,Music,MAPPED,,Fun and music
51,Focallure Indonesia @focallure.beauty,2.1M,-,Индонезия,Красота и грижа за себе си,630K,tiktok,indonesia,False,2024,Beauty&Fashion,MAPPED,,Beauty and self care
52,SATRIA🤗✨ @bangsatria_98,2.1M,-,Индонезия,,630K,tiktok,indonesia,False,2024,NA,NA,,
53,Reizuka Ari @dictionarei,2.1M,-,Индонезия,,630K,tiktok,indonesia,False,2024,NA,NA,,
54,BagasCraft.ID @bagascraft.asli,2.1M,-,Индонезия,Анимация и косплей,630K,tiktok,indonesia,False,2024,Tech&Gaming,MAPPED,,Animation and cosplay
55,KompasTV News @kompastvnews,2.1M,-,Индонезия,Забавление и музика Новини,630K,tiktok,indonesia,False,2024,Knowledge&Info,MAPPED,,Entertainment and Music News
56,Kompas.com @kompascom,2M,-,Индонезия,Новини,600K,tiktok,indonesia,False,2024,Knowledge&Info,MAPPED,,News
57,Muksin Alatas @muksinalatas015,2M,0.2%,Индонезия,,600K,tiktok,indonesia,False,2024,NA,NA,,
58,𝐕𝐢𝐬𝐡𝐧𝐮 𝐢𝐬𝐥𝐞𝐬 @vishnu27,2M,-,Индонезия,Забавление и музика,600K,tiktok,indonesia,False,2024,Music,MAPPED,,Fun and music
59,Marshel Widianto @marshelwidianto,1.9M,-,Индонезия,,570K,tiktok,indonesia,False,2024,NA,NA,,
60,Zaskiasungkar Irwansyah @zaskirwan15,1.9M,-,Индонезия,,570K,tiktok,indonesia,False,2024,NA,NA,,
61,Greysia Polii @greysiapolii,1.9M,-,Индонезия,Спорт,570K,tiktok,indonesia,False,2024,Sports,MAPPED,,Sports
62,mbak ninid🐥 @mbakninid,1.9M,-,Индонезия,,570K,tiktok,indonesia,False,2024,NA,NA,,
63,Chocopie @pooliinaa_09,1.8M,0.1%,Индонезия,,540K,tiktok,indonesia,False,2024,NA,NA,,
64,Lestari Tensi @lestaritensi,1.8M,-,Индонезия,,540K,tiktok,indonesia,False,2024,NA,NA,,
65,Melki Balipa Emil @melkibajaj,1.8M,6%,Индонезия,Образование Повишаване на квалификацията,540K,tiktok,indonesia,False,2024,Knowledge&Info,MAPPED,,Education Upskilling
66,Iya SiaGian🇮🇩 @iya_siagian27,1.8M,-,Индонезия,,540K,tiktok,indonesia,False,2024,NA,NA,,
67,tribuntimurdotcom @tribuntimur.com,1.8M,-,Индонезия,,540K,tiktok,indonesia,False,2024,NA,NA,,
68,IGGY DZU @iggydzu,1.8M,0.1%,Индонезия,,540K,tiktok,indonesia,False,2024,NA,NA,,
69,ivanachindy @panao_25,1.8M,1.6%,Индонезия,,540K,tiktok,indonesia,False,2024,NA,NA,,
70,Dusun Semilir @dusunsemilir,1.8M,-,Индонезия,Пътувания,540K,tiktok,indonesia,False,2024,Lifestyle,MAPPED,,Trips
71,Laurence Benson @laurence_benson,1.7M,-,Индонезия,Бизнес и финанси Храни и напитки,510K,tiktok,indonesia,False,2024,Knowledge&Info,MAPPED,,Business & Finance Food & Beverage
72,Bora 🇰🇷🇮🇩 @borassaem,1.7M,-,Индонезия,Образование Бизнес и финанси,510K,tiktok,indonesia,False,2024,Knowledge&Info,MAPPED,,Education Business and Finance
73,CBID @cewekbanget.id,1.7M,-,Индонезия,,510K,tiktok,indonesia,False,2024,NA,NA,,
74,Parisa @farisasusandi,1.7M,-,Индонезия,,510K,tiktok,indonesia,False,2024,NA,NA,,
75,TSG⭐️DEWA INDRA👑 @dewaindra88,1.6M,-,Индонезия,,480K,tiktok,indonesia,False,2024,NA,NA,,
76,Naing Lin💘 @nainglin257,1.6M,-,Индонезия,,480K,tiktok,indonesia,False,2024,NA,NA,,
77,Ziva Magnolya @szivsz,1.6M,0.2%,Индонезия,Забавление и музика,480K,tiktok,indonesia,False,2024,Music,MAPPED,,Fun and music
78,"inisial ""L"" @jejak_presiden",1.6M,0.5%,Индонезия,Забавление и музика,480K,tiktok,indonesia,False,2024,Music,MAPPED,,Fun and music
79,INDOZONE @indozone.id,1.6M,-,Индонезия,Забавление и музика Образование,480K,tiktok,indonesia,False,2024,Knowledge&Info,MAPPED,,Entertainment and Music Education
80,Popbela @popbela_com,1.6M,-,Индонезия,,480K,tiktok,indonesia,False,2024,NA,NA,,
81,Dila_JM @dila_jm,1.6M,0.1%,Индонезия,Забавление и музика,480K,tiktok,indonesia,False,2024,Music,MAPPED,,Fun and music
82,🌀istri_idaman🌀 @rika25041997,1.6M,-,Индонезия,,480K,tiktok,indonesia,False,2024,NA,NA,,
83,Diera nathania @dieranathania,1.5M,-,Индонезия,,450K,tiktok,indonesia,False,2024,NA,NA,,
84,Titi Kamal @titi_kamall,1.5M,-,Индонезия,Актьорство и драма Знаменитост,450K,tiktok,indonesia,False,2024,Entertainment,MAPPED,,Acting and Drama Celebrity
85,Ryann_ @ryan_ramadhan99,1.5M,-,Индонезия,,450K,tiktok,indonesia,False,2024,NA,NA,,
86,DADANN @dadansapta_irwn,1.4M,0.6%,Индонезия,,420K,tiktok,indonesia,False,2024,NA,NA,,
87,Karang Gigi Ketapang 🔘 @karanggigiketapang,1.4M,-,Индонезия,,420K,tiktok,indonesia,False,2024,NA,NA,,
88,Ulvi Safitri @ulfysss_,1.4M,-,Индонезия,,420K,tiktok,indonesia,False,2024,NA,NA,,
89,Megassilvie 🧚‍♀️ @megassilvie,1.4M,-,Индонезия,Пътувания,420K,tiktok,indonesia,False,2024,Lifestyle,MAPPED,,Trips
90,Vaa🌻 @elvaeldanica,1.4M,-,Индонезия,,420K,tiktok,indonesia,False,2024,NA,NA,,
91,TikTok Treats Indonesia @treats_id,1.4M,-,Индонезия,,420K,tiktok,indonesia,False,2024,NA,NA,,
92,Ika purpitasari @ika_1id,1.4M,-,Indonesia,family,420K,tiktok,indonesia,False,2024,Lifestyle,MAPPED,,family
93,William Lomban @williamlomban,1.3M,-,Indonesia,Food,390K,tiktok,indonesia,False,2024,Lifestyle,MAPPED,,Food
94,Hilda @hildaxkeiko,1.3M,-,Indonesia,,390K,tiktok,indonesia,False,2024,NA,NA,,
95,Antonio Evan @antonioevan_,1.3M,-,Indonesia,Entertainment and Music,390K,tiktok,indonesia,False,2024,Music,MAPPED,,Entertainment and Music
96,Andra Mahendra @anddra_mahendra,1.3M,-,Indonesia,Education Upskilling Business and Finance,390K,tiktok,indonesia,False,2024,Knowledge&Info,MAPPED,,Education Upskilling Business and Finance
97,Chris Andrian Yang @chrisandrian,1.3M,-,Indonesia,,390K,tiktok,indonesia,False,2024,NA,NA,,
98,bliblidotcom @bliblidotcom,1.3M,-,Indonesia,,390K,tiktok,indonesia,False,2024,NA,NA,,
99,Asakecil 🦄 @asakecil,1.3M,-,Indonesia,Beauty and Self Care Pets,390K,tiktok,indonesia,False,2024,Beauty&Fashion,MAPPED,,Beauty and Self Care Pets
100,MELINDA CHIA @melinda.chia,1.3M,-,Indonesia,,390K,tiktok,indonesia,False,2024,NA,NA,,
1,Khabane lame @khaby.lame,161.9M,0.2%,Italy,Funny Entertainment and Music,48.6M,tiktok,italy,False,2024,Music,MAPPED,,Funny Entertainment and Music
2,Manuel Mercuri @mercuri_88,20.9M,-,Italy,,6.3M,tiktok,italy,False,2024,NA,NA,,
3,Urban Theory @urbantheory_,17.8M,-,Italy,Entertainment and Music,5.3M,tiktok,italy,False,2024,Music,MAPPED,,Entertainment and Music
4,𝐹𝑎𝑏𝑖𝑜𝑙𝑎 @fabiola.baglieri,13.2M,1.2%,Italy,Celebrity,4M,tiktok,italy,False,2024,Entertainment,MAPPED,,Celebrity
5,AC Milan @acmilan,6.5M,-,Italy,,2M,tiktok,italy,False,2024,NA,NA,,
6,Salvo&Giorgia @salvatore.roccaro,5.6M,-,Italy,Fashion and Accessories,1.7M,tiktok,italy,False,2024,Beauty&Fashion,MAPPED,,Fashion and Accessories
7,Chiara Ferragni @chiaraferragni,5.1M,-,Italy,Fashion and Accessories,1.5M,tiktok,italy,False,2024,Beauty&Fashion,MAPPED,,Fashion and Accessories
8,Joey Nero @joeynero,4.8M,0.2%,Italy,,1.4M,tiktok,italy,False,2024,NA,NA,,
9,V A L E N T I N O @caprariu_valentino,4.8M,0.7%,Italy,Arts and Crafts,1.4M,tiktok,italy,False,2024,Lifestyle,MAPPED,,Arts and Crafts
10,Sharon Fonseca @sharfonseca,4.7M,-,Italy,Beauty and Self Care Life and Society,1.4M,tiktok,italy,False,2024,Beauty&Fashion,MAPPED,,Beauty and Self Care Life and Society
11,ivanhoe spalluto @unmoderated.ivanhoe,4.6M,-,Italy,,1.4M,tiktok,italy,False,2024,NA,NA,,
12,Giulia Sara Salemi @giuliasalemii,4M,-,Italy,Fashion and Accessories,1.2M,tiktok,italy,False,2024,Beauty&Fashion,MAPPED,,Fashion and Accessories
13,ITALIANINHO @italianinho,3.1M,-,Italy,,930K,tiktok,italy,False,2024,NA,NA,,
14,A1saud @a1saud,3.1M,-,Italy,Entertainment and Music,930K,tiktok,italy,False,2024,Music,MAPPED,,Entertainment and Music
15,fakeba drammeh @il_fake,3.1M,-,Italy,Entertainment and Music Funny,930K,tiktok,italy,False,2024,Music,MAPPED,,Entertainment and Music Funny
16,ALICE DE BORTOLI @ali.debortoli,3M,-,Italy,Fashion and Accessories,900K,tiktok,italy,False,2024,Beauty&Fashion,MAPPED,,Fashion and Accessories
17,Nonna Pia @nonnapiaa,2.7M,0.5%,Italy,,810K,tiktok,italy,False,2024,NA,NA,,
18,Tola_Mr.Stark @tola_mr.stark,2.7M,-,Italy,,810K,tiktok,italy,False,2024,NA,NA,,
19,Me contro Te @mecontrote,2.6M,-,Italy,Entertainment and Music,780K,tiktok,italy,False,2024,Music,MAPPED,,Entertainment and Music
20,HIIRO @itshiiro.cos,2.4M,3.2%,Italy,Animation and Cosplay,720K,tiktok,italy,False,2024,Tech&Gaming,MAPPED,,Animation and Cosplay
21,🌹SAMANTHA FRISON 🌹 @samanthafrison,2.4M,-,Italy,Fashion and Accessories,720K,tiktok,italy,False,2024,Beauty&Fashion,MAPPED,,Fashion and Accessories
22,Luca Lozano💍 @lucaloz,2.2M,-,Italy,Entertainment and Music,660K,tiktok,italy,False,2024,Music,MAPPED,,Entertainment and Music
23,Federica Scagnetti @federica.scagnetti,2.1M,-,Italy,Travel,630K,tiktok,italy,False,2024,Lifestyle,MAPPED,,Travel
24,𝔟𝔞𝔟𝔶𝔤𝔦𝔯𝔩❤️‍🔥🇵🇭 @kkhatemaekawaaa,2.1M,-,Italy,,630K,tiktok,italy,False,2024,NA,NA,,
25,Tommaso Logrande @tommasomasino1,2M,-,Italy,Romance and Wedding,600K,tiktok,italy,False,2024,Beauty&Fashion,MAPPED,,Romance and Wedding
26,Giulia DiCaprio @giuliabenite,2M,-,Italy,,600K,tiktok,italy,False,2024,NA,NA,,
27,Giulia Paglianiti @giuliapaglianiti,1.9M,-,Italy,,570K,tiktok,italy,False,2024,NA,NA,,
28,Movie.Tv🎥 @movie.it,1.8M,-,Italy,Entertainment and Music Celebrity,540K,tiktok,italy,False,2024,Music,MAPPED,,Entertainment and Music Celebrity
29,Matt & Bise @mattebise,1.8M,-,Italy,Entertainment and Music,540K,tiktok,italy,False,2024,Music,MAPPED,,Entertainment and Music
30,🇮🇹 Стефи Шейди 🗿 @stefy.shady,1.7M,-,Italy,,510K,tiktok,italy,False,2024,NA,NA,,
31,Maryna @marynaofficial,1.7M,0.1%,Italy,,510K,tiktok,italy,False,2024,NA,NA,,
32,Nyla @nylaa.a,1.6M,-,Italy,Entertainment and Music,480K,tiktok,italy,False,2024,Music,MAPPED,,Entertainment and Music
33,Jacob Phabian @itsphabian,1.6M,-,Italy,,480K,tiktok,italy,False,2024,NA,NA,,
34,HannaBraids @hannabraids,1.6M,-,Italy,,480K,tiktok,italy,False,2024,NA,NA,,
35,Giovanni Contrada @imp_of_the_perverse,1.5M,-,Italy,,450K,tiktok,italy,False,2024,NA,NA,,
36,TikTok Italia @tiktok_it,1.5M,-,Italy,Entertainment and Music,450K,tiktok,italy,False,2024,Music,MAPPED,,Entertainment and Music
37,Louisa @louisa_masciullo,1.5M,8.1%,Italy,,450K,tiktok,italy,False,2024,NA,NA,,
38,Simone Noto @simonenoto,1.5M,4.3%,Italy,Entertainment and Music,450K,tiktok,italy,False,2024,Music,MAPPED,,Entertainment and Music
39,Ally Yost @ally_yost,1.5M,-,Italy,Travel,450K,tiktok,italy,False,2024,Lifestyle,MAPPED,,Travel
40,Angel @angeljiewang,1.4M,-,Italy,,420K,tiktok,italy,False,2024,NA,NA,,
41,Gianmarco Zagato @gianmarcozagato,1.4M,-,Italy,,420K,tiktok,italy,False,2024,NA,NA,,
42,rae @raeecambra,1.4M,-,Italy,,420K,tiktok,italy,False,2024,NA,NA,,
43,Ambra Cotti @ambra.cotti,1.3M,-,Italy,,390K,tiktok,italy,False,2024,NA,NA,,
44,Vincenzo Cairo @vincenzo_cairo,1.3M,0.5%,Italy,Entertainment and Music Music,390K,tiktok,italy,False,2024,Music,MAPPED,,Entertainment and Music Music
45,Davide Magaraggia @davidemaga,1.3M,-,Italy,News,390K,tiktok,italy,False,2024,Knowledge&Info,MAPPED,,News
46,Dieffe Bros @dieffebros,1.2M,16.6%,Italy,,360K,tiktok,italy,False,2024,NA,NA,,
47,Frank Matano @frankmatano,1.2M,-,Italy,Entertainment and Music,360K,tiktok,italy,False,2024,Music,MAPPED,,Entertainment and Music
48,Lyon.wgf @lyon.wgf,1.2M,2.4%,Italy,,360K,tiktok,italy,False,2024,NA,NA,,
49,Ufozero2 @ufozero2,1.2M,16.9%,Italy,Entertainment and Music Funny,360K,tiktok,italy,False,2024,Music,MAPPED,,Entertainment and Music Funny
50,EVITA 🔥 @evitastork,1.1M,-,Italy,Entertainment and Music,330K,tiktok,italy,False,2024,Music,MAPPED,,Entertainment and Music
51,Manu @x.manuel,1.1M,0.1%,Italy,Entertainment and Music,330K,tiktok,italy,False,2024,Music,MAPPED,,Entertainment and Music
52,Cora & Marilù @cora.e.marilu,1.1M,-,Italy,Acting and Drama,330K,tiktok,italy,False,2024,Entertainment,MAPPED,,Acting and Drama
53,Vincenzo Caruso @dannyilpazzo.88,1.1M,-,Italy,Entertainment and Music,330K,tiktok,italy,False,2024,Music,MAPPED,,Entertainment and Music
54,Francesco Laganara @cescoartist,1M,-,Italy,Arts and Crafts,300K,tiktok,italy,False,2024,Lifestyle,MAPPED,,Arts and Crafts
55,Alessandro @alessandro_vincenti,991.7K,0.3%,Italy,,297.5K,tiktok,italy,False,2024,NA,NA,,
56,🤴🏻Joban♥️Pavi👸🏼 @joban.pavibajwa,989.2K,0.1%,Italy,Romance and Wedding Travel,296.8K,tiktok,italy,False,2024,Beauty&Fashion,MAPPED,,Romance and Wedding Travel
57,Sharon Vanadia @sharon_vanadia,983.4K,0.1%,Italy,,295K,tiktok,italy,False,2024,NA,NA,,
58,🔥Alessandro tosatto @aletosatto,975.7K,-,Italy,,292.7K,tiktok,italy,False,2024,NA,NA,,
59,anapetcu @anapetcu,966.1K,-,Italy,,289.8K,tiktok,italy,False,2024,NA,NA,,
60,transformer674🇮🇹 @transformer674,961.4K,-,Italy,,288.4K,tiktok,italy,False,2024,NA,NA,,
61,Martina Strazzer @martinastrazzer_,960.9K,0.1%,Italy,,288.3K,tiktok,italy,False,2024,NA,NA,,
62,Gerardo Grossi Da Silva @gerardogrossi,958.6K,-,Italy,,287.6K,tiktok,italy,False,2024,NA,NA,,
63,Giuseppe Mandrake Ninno @mandrake1984real,957.5K,0.7%,Italy,,287.3K,tiktok,italy,False,2024,NA,NA,,
64,erym_wade @erym_wade,955.9K,-,Italy,,286.8K,tiktok,italy,False,2024,NA,NA,,
65,(mar)tina @cctvsad,955.8K,-,Italy,,286.7K,tiktok,italy,False,2024,NA,NA,,
66,PAOLO RUBBOLI @paolorubboli,954.2K,-,Italy,Entertainment and Music,286.3K,tiktok,italy,False,2024,Music,MAPPED,,Entertainment and Music
67,I’M FATY @_imfaty,947K,-,Italy,Product Showcase,284.1K,tiktok,italy,False,2024,Beauty&Fashion,MAPPED,,Product Showcase
68,Aida Diouf Mbengue @aidaadiouf,946.4K,-,Italy,,283.9K,tiktok,italy,False,2024,NA,NA,,
69,𝓢𝓲𝓵𝓿𝓲𝓪⚡️ @silviauras_,942.3K,0.1%,Italy,,282.7K,tiktok,italy,False,2024,NA,NA,,
70,Elisa @hay.its.elisa,938.7K,-,Italy,,281.6K,tiktok,italy,False,2024,NA,NA,,
71,Alessandro Piacenti @alessandro.piacenti,937.7K,-,Italy,Fashion and Accessories Photography,281.3K,tiktok,italy,False,2024,Beauty&Fashion,MAPPED,,Fashion and Accessories Photography
72,LYO💎 @lyothecat,929.6K,-,Italy,Pets Business and Finance,278.9K,tiktok,italy,False,2024,Knowledge&Info,MAPPED,,Pets Business and Finance
73,Giuliano Scarparo Ph @giulianoscarparoph,928.7K,-,Italy,Nature Photography,278.6K,tiktok,italy,False,2024,Lifestyle,MAPPED,,Nature Photography
74,Italian Stallion @_leothecanecorso_,928.2K,-,Italy,Pets,278.5K,tiktok,italy,False,2024,Lifestyle,MAPPED,,Pets
75,𝑆𝐴𝑀𝑈𝐸𝐿 𝑀𝐴𝐶𝑅𝐼̀• 🐺 @samuel__macri,926.6K,-,Italy,Fashion and Accessories Arts and Crafts DIY and Life Hacks,278K,tiktok,italy,False,2024,Beauty&Fashion,MAPPED,,Fashion and Accessories Arts and Crafts DIY and Life Hacks
76,Khay 🇮🇹 @khayhiwatig,924.5K,-,Italy,Funny,277.4K,tiktok,italy,False,2024,Entertainment,MAPPED,,Funny
77,TVgadget @tvgadget,920.3K,0.2%,Italy,,276.1K,tiktok,italy,False,2024,NA,NA,,
78,Irama @irama,906.2K,0.2%,Italy,,271.9K,tiktok,italy,False,2024,NA,NA,,
79,Chiara Giuffrida 🦄 @chiagiuffrida,901.9K,3.3%,Italy,Fashion and Accessories Beauty and Self Care Arts and Crafts Travel,270.6K,tiktok,italy,False,2024,Beauty&Fashion,MAPPED,,Fashion and Accessories Beauty and Self Care Arts and Crafts Travel
80,doa.rbatiyaa @doa.rbatiyaa,898.9K,-,Italy,,269.7K,tiktok,italy,False,2024,NA,NA,,
81,ital @crystalsheyn,889.8K,-,Italy,Entertainment and Music,266.9K,tiktok,italy,False,2024,Music,MAPPED,,Entertainment and Music
82,chefincamicia @chefincamicia,887.8K,-,Italy,,266.3K,tiktok,italy,False,2024,NA,NA,,
83,Vincenzo Borrelli @vincenzoborrelli00,886.3K,0.1%,Italy,,265.9K,tiktok,italy,False,2024,NA,NA,,
84,Rita QueenJ 👑 @rita.queenj,882.4K,-,Italy,,264.7K,tiktok,italy,False,2024,NA,NA,,
85,Nicole Cereseto @nicoleceresetoo,879.1K,-,Italy,,263.7K,tiktok,italy,False,2024,NA,NA,,
86,nuela @nuelaofficial,875.8K,0.2%,Italy,Entertainment and Music,262.7K,tiktok,italy,False,2024,Music,MAPPED,,Entertainment and Music
87,Alfa @michiamanoalfa,874.2K,-,Italy,,262.3K,tiktok,italy,False,2024,NA,NA,,
88,Cucina Con Ruben @cucinaconruben,872.3K,0.3%,Italy,Food,261.7K,tiktok,italy,False,2024,Lifestyle,MAPPED,,Food
89,Kacie Rose @kacierose4,871.2K,-,Italy,Travel,261.4K,tiktok,italy,False,2024,Lifestyle,MAPPED,,Travel
90,Samuele Brignoccolo @samuelebrignoccolo,870.9K,-,Italy,,261.3K,tiktok,italy,False,2024,NA,NA,,
91,Ilaria Perfetti @babyy.yla,868.5K,-,Italy,Beauty and Self Care,260.6K,tiktok,italy,False,2024,Beauty&Fashion,MAPPED,,Beauty and Self Care
92,Giulia Stabile♡ @giugiulol4,867.8K,0.3%,Italy,Funny,260.3K,tiktok,italy,False,2024,Entertainment,MAPPED,,Funny
93,✨ j u l i e 👙 @juzrayss,867.2K,-,Italy,,260.2K,tiktok,italy,False,2024,NA,NA,,
94,swann ritossa @swannfreestyle,864.7K,-,Italy,Sports,259.4K,tiktok,italy,False,2024,Sports,MAPPED,,Sports
95,Matteo Brunetti @matteo.brunetti,862.7K,0.1%,Italy,Food,258.8K,tiktok,italy,False,2024,Lifestyle,MAPPED,,Food
96,nonnagracie @nonnagracie,851.3K,0.5%,Italy,Funny,255.4K,tiktok,italy,False,2024,Entertainment,MAPPED,,Funny
97,glojoined @glojoined,850.6K,-,Italy,Fashion and Accessories,255.2K,tiktok,italy,False,2024,Beauty&Fashion,MAPPED,,Fashion and Accessories
98,Giallozafferano loves Italy @giallozafferano_en,847.9K,-,Italy,Food,254.4K,tiktok,italy,False,2024,Lifestyle,MAPPED,,Food
99,Franzo.xd @federicofranzo,846.3K,-,Italy,Entertainment and Music Finance,253.9K,tiktok,italy,False,2024,Knowledge&Info,MAPPED,,Entertainment and Music Finance
100,eleonora @elelocci,845.4K,-,Italy,,253.6K,tiktok,italy,False,2024,NA,NA,,
1,otakoyakisoba @otakoyakisoba,16.6M,0.8%,Japan,,5M,tiktok,japan,False,2024,NA,NA,,
2,Masked Hokage @naruto0919,12.2M,-,Japan,Animation and Cosplay,3.7M,tiktok,japan,False,2024,Tech&Gaming,MAPPED,,Animation and Cosplay
3,ISSEI/No War @issei0806,9.9M,-,Japan,,3M,tiktok,japan,False,2024,NA,NA,,
4,内山さん(Uchiyamasan☀️) @uchiyamasan7322,8.6M,-,Japan,,2.6M,tiktok,japan,False,2024,NA,NA,,
5,炭火倶楽部／Sumibi_Club @sumibi_club,5M,-,Japan,,1.5M,tiktok,japan,False,2024,NA,NA,,
6,tsuriki.family @tsuriki.family,4.6M,-,Japan,family,1.4M,tiktok,japan,False,2024,Lifestyle,MAPPED,,family
7,ONE N' ONLY/ワンエンオンリー @onenonly_tokyo,4.4M,-,Japan,,1.3M,tiktok,japan,False,2024,NA,NA,,
8,가토 GATO @gato0901,4.2M,-,Japan,Arts and Crafts,1.3M,tiktok,japan,False,2024,Lifestyle,MAPPED,,Arts and Crafts
9,TWICE JAPAN OFFICIAL @twice_tiktok_officialjp,3.9M,0.4%,Japan,Entertainment and Music,1.2M,tiktok,japan,False,2024,Music,MAPPED,,Entertainment and Music
10,新しい学校のリーダーズ ATARASHII GAKKO! @japanleaders,3.8M,-,Japan,Entertainment and Music,1.1M,tiktok,japan,False,2024,Music,MAPPED,,Entertainment and Music
11,Apoki 아뽀키 @apoki.vv,3.6M,-,Japan,Animation and Cosplay,1.1M,tiktok,japan,False,2024,Tech&Gaming,MAPPED,,Animation and Cosplay
12,tomm_yammm🇯🇵 @tomm_yammm,3.6M,-,Japan,,1.1M,tiktok,japan,False,2024,NA,NA,,
13,japinhaconde 🇯🇵 @japinhaconde,2.5M,-,Japan,,750K,tiktok,japan,False,2024,NA,NA,,
14,Kahoko🎆 @kaho7911,2.4M,0.1%,Japan,,720K,tiktok,japan,False,2024,NA,NA,,
15,安田現象 @gensho_yasuda,2.3M,0.7%,Japan,Animation and Cosplay,690K,tiktok,japan,False,2024,Tech&Gaming,MAPPED,,Animation and Cosplay
16,毎日甘いもの食べたい @yuuuuto38,2M,0.1%,Japan,Food,600K,tiktok,japan,False,2024,Lifestyle,MAPPED,,Food
17,修一朗 @tuckinshuichiro,1.9M,-,Japan,Nature,570K,tiktok,japan,False,2024,Lifestyle,MAPPED,,Nature
18,ginjiro👉👈 @ginjiro_koyama,1.9M,0.7%,Japan,Animation and Cosplay,570K,tiktok,japan,False,2024,Tech&Gaming,MAPPED,,Animation and Cosplay
19,The Anime Men @gmoney_swag12,1.8M,-,Japan,Animation and Cosplay Fashion and Accessories,540K,tiktok,japan,False,2024,Beauty&Fashion,MAPPED,,Animation and Cosplay Fashion and Accessories
20,ASMR アリス @asmr_alice_jpn,1.8M,-,Japan,Entertainment and Music,540K,tiktok,japan,False,2024,Music,MAPPED,,Entertainment and Music
21,あさみみちゃん @asamimichaann,1.7M,0.1%,Japan,Animation and Cosplay,510K,tiktok,japan,False,2024,Tech&Gaming,MAPPED,,Animation and Cosplay
22,TAKI @taki_faky,1.6M,-,Japan,,480K,tiktok,japan,False,2024,NA,NA,,
23,YADUKI/居酒屋 哉月🍚 @yaduki1,1.6M,1%,Japan,Food,480K,tiktok,japan,False,2024,Lifestyle,MAPPED,,Food
24,English with Jay @jayfujiwara,1.6M,0.2%,Japan,Education,480K,tiktok,japan,False,2024,Knowledge&Info,MAPPED,,Education
25,【YAMADA】山田ごはん。 @yamadaasmr,1.6M,-,Japan,Food,480K,tiktok,japan,False,2024,Lifestyle,MAPPED,,Food
26,☞ゑむ氏。@フォーエイト・ @mari0607_mg,1.5M,0.1%,Japan,,450K,tiktok,japan,False,2024,NA,NA,,
27,テレ朝news【公式】 @tv_asahi_news,1.5M,-,Japan,,450K,tiktok,japan,False,2024,NA,NA,,
28,神堂きょうか🐸 @kyokasan123,1.5M,-,Japan,Acting and Drama Entertainment and Music,450K,tiktok,japan,False,2024,Music,MAPPED,,Acting and Drama Entertainment and Music
29,シャルロット/Charlotte🇯🇵 @charlotte_fat10,1.5M,-,Japan,Entertainment and Music,450K,tiktok,japan,False,2024,Music,MAPPED,,Entertainment and Music
30,Tastemade Japan @tastemadejapan,1.5M,-,Japan,Food Travel,450K,tiktok,japan,False,2024,Lifestyle,MAPPED,,Food Travel
31,RyotaMoistureเรียวตะ @ryotamoisture,1.4M,-,Japan,,420K,tiktok,japan,False,2024,NA,NA,,
32,Japan and friends @japanfriends,1.3M,-,Japan,,390K,tiktok,japan,False,2024,NA,NA,,
33,アレックス✨ @alexniwata,1.3M,0.1%,Japan,Fashion and Accessories,390K,tiktok,japan,False,2024,Beauty&Fashion,MAPPED,,Fashion and Accessories
34,MIYU ASMR @miyuasmr,1.3M,5.3%,Japan,Entertainment and Music Food and Drink,390K,tiktok,japan,False,2024,Music,MAPPED,,Entertainment and Music Food and Drink
35,みねりお🦄💜/Rio MINE💋 @mine_riorio,1.2M,0.5%,Japan,Entertainment and Music Fashion and Accessories,360K,tiktok,japan,False,2024,Beauty&Fashion,MAPPED,,Entertainment and Music Fashion and Accessories
36,永ennのアリス@フォーエイト @enn_alice0419,1.2M,0.2%,Japan,Entertainment and Music,360K,tiktok,japan,False,2024,Music,MAPPED,,Entertainment and Music
37,ももせもも(Momo Momose) @momose_momo,1.2M,0.8%,Japan,Entertainment and Music,360K,tiktok,japan,False,2024,Music,MAPPED,,Entertainment and Music
38,🐣髙木 悠未 (ゆうみ) @yuumi_takaki05,1.2M,0.4%,Japan,Fashion and Accessories,360K,tiktok,japan,False,2024,Beauty&Fashion,MAPPED,,Fashion and Accessories
39,サクトック @sakutok,1.2M,0.2%,Japan,,360K,tiktok,japan,False,2024,NA,NA,,
40,武本悠佑🐰🍉 @yuckejan_0414,1.1M,-,Japan,Celebrity,330K,tiktok,japan,False,2024,Entertainment,MAPPED,,Celebrity
41,치세 ちせ 🍑🐰 @yerin_chise,1.1M,-,Japan,,330K,tiktok,japan,False,2024,NA,NA,,
42,アヤノダガネ🤪💋 @ayanodagane32,1.1M,-,Japan,,330K,tiktok,japan,False,2024,NA,NA,,
43,Go! Go! Nihon @gogonihon,1.1M,-,Japan,,330K,tiktok,japan,False,2024,NA,NA,,
44,Inazuma Eleven Official @inazumaeleven.official,1.1M,-,Japan,,330K,tiktok,japan,False,2024,NA,NA,,
45,池田航〜オム王子〜 @kohcooking,1.1M,-,Japan,Food,330K,tiktok,japan,False,2024,Lifestyle,MAPPED,,Food
46,🦋VANILOPA🦋 @vanilopa_tik,1.1M,-,Japan,,330K,tiktok,japan,False,2024,NA,NA,,
47,ショウマ @syouma0724,1M,-,Japan,,300K,tiktok,japan,False,2024,NA,NA,,
48,りょう @riiiiiiilil,1M,0.4%,Japan,,300K,tiktok,japan,False,2024,NA,NA,,
49,ろいたん 👼🏻® @roitan7,995.1K,-,Japan,,298.5K,tiktok,japan,False,2024,NA,NA,,
50,東井晴信⛩【白王子らしい】 @nobu_haru10,988.7K,-,Japan,,296.6K,tiktok,japan,False,2024,NA,NA,,
51,Matcha Samurai @matcha_samurai,982.2K,-,Japan,Funny Food,294.7K,tiktok,japan,False,2024,Entertainment,MAPPED,,Funny Food
52,森友二(moriyuji) @moriyuji6615,981K,-,Japan,Animation and Cosplay,294.3K,tiktok,japan,False,2024,Tech&Gaming,MAPPED,,Animation and Cosplay
53,DJ GINTA 【Repezen Foxx】 @dj_ginta_official,977.8K,-,Japan,,293.3K,tiktok,japan,False,2024,NA,NA,,
54,ドッキリ家族だいち @daichidayo.0121,974.9K,-,Japan,,292.5K,tiktok,japan,False,2024,NA,NA,,
55,Xiomy Kanashiro Blas @xiomykanashiro,966.2K,-,Japan,,289.9K,tiktok,japan,False,2024,NA,NA,,
56,عبدالله الذيابي @ce7x,954.6K,0.9%,Japan,Entertainment and Music,286.4K,tiktok,japan,False,2024,Music,MAPPED,,Entertainment and Music
57,れん🎵 @ren.0625,945.7K,0.6%,Japan,,283.7K,tiktok,japan,False,2024,NA,NA,,
58,cRIB @crib._,939.3K,0.4%,Japan,Animation and Cosplay,281.8K,tiktok,japan,False,2024,Tech&Gaming,MAPPED,,Animation and Cosplay
59,Ayane / 写真撮る人 @aaayane7628,934.7K,0.1%,Japan,,280.4K,tiktok,japan,False,2024,NA,NA,,
60,emma @fairy_emma__,934.1K,-,Japan,,280.2K,tiktok,japan,False,2024,NA,NA,,
61,コムドット【日本を獲るYouTuber】 @com.youtuber,927K,0.1%,Japan,,278.1K,tiktok,japan,False,2024,NA,NA,,
62,“”中２病 魔界〜✌︎('ω')✌︎‼︎ @yunonchan0824,926.2K,-,Japan,,277.9K,tiktok,japan,False,2024,NA,NA,,
63,夢咲 ももな🍑 @momona428,923.2K,1.9%,Japan,,277K,tiktok,japan,False,2024,NA,NA,,
64,Dribble Designer OKABE🇯🇵 @dribbledesigner,921.4K,-,Japan,,276.4K,tiktok,japan,False,2024,NA,NA,,
65,たいせい(たまぶくろT) @taisei__t,915.8K,-,Japan,,274.7K,tiktok,japan,False,2024,NA,NA,,
66,長野じゅりあ🥋💉 @juria96210,907.3K,-,Japan,Acting and Drama,272.2K,tiktok,japan,False,2024,Entertainment,MAPPED,,Acting and Drama
67,Camila🌚🌝 @camilachan77,902.7K,-,Japan,,270.8K,tiktok,japan,False,2024,NA,NA,,
68,Lindow 林豆 @ozaki_dayoooooo,895.8K,0.9%,Japan,,268.7K,tiktok,japan,False,2024,NA,NA,,
69,きぐるみ母さん @chickenmom,893.9K,0.1%,Japan,Animation and Cosplay,268.2K,tiktok,japan,False,2024,Tech&Gaming,MAPPED,,Animation and Cosplay
70,nono @okunonolife,891.1K,7.4%,Japan,Art,267.3K,tiktok,japan,False,2024,Lifestyle,MAPPED,,Art
71,Chase O’Neill 🦋 @chaseko,889.7K,-,Japan,,266.9K,tiktok,japan,False,2024,NA,NA,,
72,トウア @___2toua2___,887.2K,0.2%,Japan,,266.2K,tiktok,japan,False,2024,NA,NA,,
73,ブルベア BLUBEA @blubea_official,877.1K,-,Japan,,263.1K,tiktok,japan,False,2024,NA,NA,,
74,Bigo:bbyashi @badangeleigh,875.4K,-,Japan,,262.6K,tiktok,japan,False,2024,NA,NA,,
75,🍌Daiki🍌 @miyadaikin,873.8K,-,Japan,,262.1K,tiktok,japan,False,2024,NA,NA,,
76,マナル隊 @manarutai,872.1K,-,Japan,,261.6K,tiktok,japan,False,2024,NA,NA,,
77,たいてぃん @taithinn,863K,0.1%,Japan,,258.9K,tiktok,japan,False,2024,NA,NA,,
78,crunchyroll @crunchyroll,854.8K,-,Japan,Animation and Cosplay,256.4K,tiktok,japan,False,2024,Tech&Gaming,MAPPED,,Animation and Cosplay
79,女子四人ズ @szkmzrnknn,846.1K,31.9%,Japan,,253.8K,tiktok,japan,False,2024,NA,NA,,
80,TAIYO/たいよー☀️🇯🇵 @taiyojr_18,844.8K,-,Japan,,253.4K,tiktok,japan,False,2024,NA,NA,,
81,SG Official (ソギョン) @sg_a11,844.3K,-,Japan,,253.3K,tiktok,japan,False,2024,NA,NA,,
82,Adele Collette @addyroad,839.7K,0.1%,Japan,Food Travel,251.9K,tiktok,japan,False,2024,Lifestyle,MAPPED,,Food Travel
83,【コムドット】ゆうま @com.yuma1214,838.2K,0.5%,Japan,,251.5K,tiktok,japan,False,2024,NA,NA,,
84,SMArtProjects @smartprojects_anime.art,833.5K,-,Japan,Arts and Crafts Product Showcase,250.1K,tiktok,japan,False,2024,Beauty&Fashion,MAPPED,,Arts and Crafts Product Showcase
85,スマイリー😉 @yasuner1103,832.3K,-,Japan,,249.7K,tiktok,japan,False,2024,NA,NA,,
86,TKK @tkk220,829.7K,-,Japan,Entertainment and Music,248.9K,tiktok,japan,False,2024,Music,MAPPED,,Entertainment and Music
87,Japan_Panupan @japanpanupan,828.7K,-,Japan,,248.6K,tiktok,japan,False,2024,NA,NA,,
88,しなこんちゃ🌷💜 @ssshinako311,828.1K,2.7%,Japan,,248.4K,tiktok,japan,False,2024,NA,NA,,
89,あしすぱ⚡️(脚の人Sparking) @ashinohitodesu,826.9K,0.3%,Japan,,248.1K,tiktok,japan,False,2024,NA,NA,,
90,junya jr.&Mask🎭/こじゅんや @junya1gou.jr,824.5K,-,Japan,,247.4K,tiktok,japan,False,2024,NA,NA,,
91,VIC @yourguyvic,824K,-,Japan,Animation and Cosplay Fashion and Accessories Product Showcase,247.2K,tiktok,japan,False,2024,Beauty&Fashion,MAPPED,,Animation and Cosplay Fashion and Accessories Product Showcase
92,なつぴぴ 🥜 @nattsu_pipi,820.2K,2%,Japan,,246.1K,tiktok,japan,False,2024,NA,NA,,
93,藤田ニコル @nicole25625646,816.9K,2.3%,Japan,,245.1K,tiktok,japan,False,2024,NA,NA,,
94,🍑ももバーレスク東京🍑 @momo_burlesque,814.9K,3.6%,Japan,,244.5K,tiktok,japan,False,2024,NA,NA,,
95,なるねぇ【11kg減youtuber】 @naru.enjoy_diet,811.5K,0.7%,Japan,Fitness and Health,243.5K,tiktok,japan,False,2024,Sports,MAPPED,,Fitness and Health
96,アイルトンモカ @ayrtonmocha,810.5K,-,Japan,,243.2K,tiktok,japan,False,2024,NA,NA,,
97,卓キチちゃんねる @nknsjn,809.6K,0.1%,Japan,Sports,242.9K,tiktok,japan,False,2024,Sports,MAPPED,,Sports
98,日テレニュース @ntv.news,803.8K,-,Japan,,241.1K,tiktok,japan,False,2024,NA,NA,,
99,那須川 天心 @teamtenshin,802K,0.2%,Japan,,240.6K,tiktok,japan,False,2024,NA,NA,,
100,Nobaro @nobarohat,801.4K,-,Japan,,240.4K,tiktok,japan,False,2024,NA,NA,,
1,Bader Al Safar @baderalsafar,26M,-,Kuwait,Fashion and Accessories,7.8M,tiktok,kuwait,False,2024,Beauty&Fashion,MAPPED,,Fashion and Accessories
2,عباس | Abbas @abas.iiii,5.7M,-,Kuwait,Acting and Drama,1.7M,tiktok,kuwait,False,2024,Entertainment,MAPPED,,Acting and Drama
3,Q8wicked @q8wicked,1.8M,-,Kuwait,Funny,540K,tiktok,kuwait,False,2024,Entertainment,MAPPED,,Funny
4,بدر عطاالله 🇰🇼 @badratallah,1.4M,0.1%,Kuwait,,420K,tiktok,kuwait,False,2024,NA,NA,,
5,يوسف المحمد | Yousef @yousef_almohmed,1.1M,0.1%,Kuwait,Fitness Celebrity,330K,tiktok,kuwait,False,2024,Sports,MAPPED,,Fitness Celebrity
6,امون التميمي 🖤 @aaltimim5,901.1K,-,Kuwait,Beauty,270.3K,tiktok,kuwait,False,2024,Beauty&Fashion,MAPPED,,Beauty
7,بدر ماردلي @bader.102,881.2K,0.2%,Kuwait,,264.4K,tiktok,kuwait,False,2024,NA,NA,,
8,Meme & shahad @meme_shahad,825.3K,0.1%,Kuwait,,247.6K,tiktok,kuwait,False,2024,NA,NA,,
9,Mohamed Shaker @s1k9r,750.3K,0.4%,Kuwait,,225.1K,tiktok,kuwait,False,2024,NA,NA,,
10,ابو إلياس العنزي مفسر الرؤى @abo_elias8,738.4K,0.1%,Kuwait,,221.5K,tiktok,kuwait,False,2024,NA,NA,,
11,طارق العلي @tareq_al_ali,728.9K,0.1%,Kuwait,,218.7K,tiktok,kuwait,False,2024,NA,NA,,
12,بطل الكويت 🇰🇼 بمهارات الكرة @wahabfreestyler,722.3K,-,Kuwait,,216.7K,tiktok,kuwait,False,2024,NA,NA,,
13,ahmadalshqiri خواطر @ahmadalshqiri,690K,-,Kuwait,Life and Society,207K,tiktok,kuwait,False,2024,Knowledge&Info,MAPPED,,Life and Society
14,Dana2019 @danasuliman2019,665.1K,0.1%,Kuwait,,199.5K,tiktok,kuwait,False,2024,NA,NA,,
15,نورا @nwrh_02,656.1K,-,Kuwait,,196.8K,tiktok,kuwait,False,2024,NA,NA,,
16,العالمي2020 @alaalamy_2020,632.1K,-,Kuwait,Beauty,189.6K,tiktok,kuwait,False,2024,Beauty&Fashion,MAPPED,,Beauty
17,Ahmad AlMulla 🇰🇼 احمد الملا @ahmad_almulla_90,613.4K,-,Kuwait,,184K,tiktok,kuwait,False,2024,NA,NA,,
18,Orkid 🌷 @orkid.ali,611K,0.1%,Kuwait,Arts and Crafts,183.3K,tiktok,kuwait,False,2024,Lifestyle,MAPPED,,Arts and Crafts
19,🇮🇳 ਗੈਰੀ ਸਾਬ 🇰🇼 @gahrysaab,605.6K,-,Kuwait,,181.7K,tiktok,kuwait,False,2024,NA,NA,,
20,MIJAN @mijan..624,587.7K,-,Kuwait,,176.3K,tiktok,kuwait,False,2024,NA,NA,,
21,غزل العبدالله 🎤 @hhaa88hd,581.9K,-,Kuwait,,174.6K,tiktok,kuwait,False,2024,NA,NA,,
22,معاذ/moath @9bib,554.9K,0.2%,Kuwait,,166.5K,tiktok,kuwait,False,2024,NA,NA,,
23,احمدالخطيب 🇸🇾🇰🇼 @ahmadlkatb,541.4K,0.1%,Kuwait,,162.4K,tiktok,kuwait,False,2024,NA,NA,,
24,R___i @r___ifh,527.3K,0.1%,Kuwait,,158.2K,tiktok,kuwait,False,2024,NA,NA,,
25,فاطمة العبدية @ftima367,524.7K,-,Kuwait,,157.4K,tiktok,kuwait,False,2024,NA,NA,,
26,ألماس @alalmass,522.4K,0.1%,Kuwait,,156.7K,tiktok,kuwait,False,2024,NA,NA,,
27,نادر الديحاني 🇰🇼🇰🇼 @q8xx8,520.8K,0.3%,Kuwait,,156.2K,tiktok,kuwait,False,2024,NA,NA,,
28,كويلي @kwili,514.5K,0.5%,Kuwait,,154.4K,tiktok,kuwait,False,2024,NA,NA,,
29,الدراما الكوتيه @mylifeisagony0,509.4K,-,Kuwait,,152.8K,tiktok,kuwait,False,2024,NA,NA,,
30,Nizar Roumani @nizarroumani,504.4K,-,Kuwait,,151.3K,tiktok,kuwait,False,2024,NA,NA,,
31,Humoud @99hph,494.7K,-,Kuwait,Photography,148.4K,tiktok,kuwait,False,2024,Lifestyle,MAPPED,,Photography
32,Big〆BOSS @vlp181,491.2K,-,Kuwait,Games,147.4K,tiktok,kuwait,False,2024,Tech&Gaming,MAPPED,,Games
33,رضا جندية | Reda Gendiya @redagendiya,479.9K,0.5%,Kuwait,,144K,tiktok,kuwait,False,2024,NA,NA,,
34,طلاليونير @talalionaire,471.3K,1.1%,Kuwait,,141.4K,tiktok,kuwait,False,2024,NA,NA,,
35,Lucita @lucita_xd,465.1K,-,Kuwait,,139.5K,tiktok,kuwait,False,2024,NA,NA,,
36,Abdulla Alhasawi @aalhasawi,456.2K,0.4%,Kuwait,Finance,136.9K,tiktok,kuwait,False,2024,Knowledge&Info,MAPPED,,Finance
37,حسين العلي @h38h,452.1K,-,Kuwait,,135.6K,tiktok,kuwait,False,2024,NA,NA,,
38,Talalkuveyt @talalkuveyt,439.7K,-,Kuwait,,131.9K,tiktok,kuwait,False,2024,NA,NA,,
39,"فهد المحيسن ,بوصقر🦅 @fahad.almohaisn",435.7K,0.1%,Kuwait,,130.7K,tiktok,kuwait,False,2024,NA,NA,,
40,ياسر البحري الحساب الرسمي @yaseralbahrii,434.8K,0.1%,Kuwait,,130.4K,tiktok,kuwait,False,2024,NA,NA,,
41,👑ديشا مصطفي 👑 @mostafahanfa1,433.4K,-,Kuwait,,130K,tiktok,kuwait,False,2024,NA,NA,,
42,Abdallah Jasim @abidjay,426.4K,1.3%,Kuwait,,127.9K,tiktok,kuwait,False,2024,NA,NA,,
43,Latifa @violetlatifa,425.7K,-,Kuwait,,127.7K,tiktok,kuwait,False,2024,NA,NA,,
44,Krish Gawali @krishhhhhnnaa,424.4K,-,Kuwait,,127.3K,tiktok,kuwait,False,2024,NA,NA,,
45,جوزف | مدرِّب بشرة @skinfits,422.5K,-,Kuwait,,126.8K,tiktok,kuwait,False,2024,NA,NA,,
46,Nsoor Kw @nsorkw,422K,0.1%,Kuwait,,126.6K,tiktok,kuwait,False,2024,NA,NA,,
47,🎖️ ابو حمزة العنزي 🇸🇦 @mohamadamer.47,410.4K,-,Kuwait,,123.1K,tiktok,kuwait,False,2024,NA,NA,,
48,q8.hob @q8.hob,409.1K,-,Kuwait,,122.7K,tiktok,kuwait,False,2024,NA,NA,,
49,Haya Alshuaibi @haya_alshuaibi,405.2K,-,Kuwait,,121.6K,tiktok,kuwait,False,2024,NA,NA,,
50,عبدالله الطليحي @abdullahaltulaihi,398.7K,0.3%,Kuwait,Acting and Drama Sports,119.6K,tiktok,kuwait,False,2024,Sports,MAPPED,,Acting and Drama Sports
51,نسر الكونغ فو Jaber @eaglejaber,396.8K,-,Kuwait,Sports,119K,tiktok,kuwait,False,2024,Sports,MAPPED,,Sports
52,هند البلوشي @hindalbloushiq8,396.4K,-,Kuwait,Acting and Drama,118.9K,tiktok,kuwait,False,2024,Entertainment,MAPPED,,Acting and Drama
53,q8spanish @q8spanish,392.7K,0.2%,Kuwait,,117.8K,tiktok,kuwait,False,2024,NA,NA,,
54,3Kuper 🌩 @3kuperz,389.1K,-,Kuwait,,116.7K,tiktok,kuwait,False,2024,NA,NA,,
55,zainayman12 @zaindeeb12,379.3K,-,Kuwait,,113.8K,tiktok,kuwait,False,2024,NA,NA,,
56,aidahassan74 @aidahassan74,375.4K,0.1%,Kuwait,,112.6K,tiktok,kuwait,False,2024,NA,NA,,
57,aboura👑 @aboura_aboura95,371.1K,-,Kuwait,,111.3K,tiktok,kuwait,False,2024,NA,NA,,
58,Fahad Almuqait @fahad9794,369.5K,0.1%,Kuwait,,110.9K,tiktok,kuwait,False,2024,NA,NA,,
59,كلاسيك في مودرن للديكور 🇰🇼 @iamprince022,368.7K,-,Kuwait,Home and Garden,110.6K,tiktok,kuwait,False,2024,Lifestyle,MAPPED,,Home and Garden
60,برفيكتووو👌🏻 @i.tw0,368.3K,-,Kuwait,,110.5K,tiktok,kuwait,False,2024,NA,NA,,
61,Ghadeer alsabti @ghader_alsabti,356.9K,0.3%,Kuwait,,107.1K,tiktok,kuwait,False,2024,NA,NA,,
62,Nadia_cooks @nadia.cooks,354.5K,0.2%,Kuwait,Food,106.4K,tiktok,kuwait,False,2024,Lifestyle,MAPPED,,Food
63,ريم بلوشي💔💔💔😭🇰🇼 @reeim_509,349.3K,0.2%,Kuwait,,104.8K,tiktok,kuwait,False,2024,NA,NA,,
64,شيماء قمبر @shaimaa_qambar,342.5K,-,Kuwait,Entertainment and Music,102.8K,tiktok,kuwait,False,2024,Music,MAPPED,,Entertainment and Music
65,دكتوره بزه @bzakw,337.7K,-,Kuwait,,101.3K,tiktok,kuwait,False,2024,NA,NA,,
66,نـوره المـنـصوري @noura_almansorii,335.8K,-,Kuwait,Beauty,100.7K,tiktok,kuwait,False,2024,Beauty&Fashion,MAPPED,,Beauty
67,Fahad Alsaleh @ffahadalsaleh,325.1K,1.2%,Kuwait,,97.5K,tiktok,kuwait,False,2024,NA,NA,,
68,محمد الشعيبي🧨 @msh3ibi,325K,-,Kuwait,,97.5K,tiktok,kuwait,False,2024,NA,NA,,
69,𝓯𝓳𝓮 𝚛★ @fajer_torkey,324.9K,-,Kuwait,,97.5K,tiktok,kuwait,False,2024,NA,NA,,
70,حيسو العورتاني @hissou5,321.1K,-,Kuwait,,96.3K,tiktok,kuwait,False,2024,NA,NA,,
71,دين محمد علي @d3enn_ali,319K,-,Kuwait,,95.7K,tiktok,kuwait,False,2024,NA,NA,,
72,عبداللطيف الصالح @mano,317.7K,-,Kuwait,Food and Drink,95.3K,tiktok,kuwait,False,2024,Lifestyle,MAPPED,,Food and Drink
73,ديو @dde.w,316.3K,-,Kuwait,,94.9K,tiktok,kuwait,False,2024,NA,NA,,
74,الإمبراطوور@🕊🇰🇼 @emperoor_kuwait,307.2K,-,Kuwait,,92.2K,tiktok,kuwait,False,2024,NA,NA,,
75,علاء حكيم @alaa.elhakim,300.5K,-,Kuwait,,90.2K,tiktok,kuwait,False,2024,NA,NA,,
76,sweety @sweety_0096,299.8K,-,Kuwait,,89.9K,tiktok,kuwait,False,2024,NA,NA,,
77,🔒❤️AshuSaba❤️🔒 @ashfaksaba9,298.8K,0.2%,Kuwait,,89.6K,tiktok,kuwait,False,2024,NA,NA,,
78,﮼ابو ﮼الدرملي 👳‍♀️ @kareem_shkshk,288.8K,0.1%,Kuwait,,86.6K,tiktok,kuwait,False,2024,NA,NA,,
79,Sharvani @sharvani.civiyadhen,288.4K,0.2%,Kuwait,,86.5K,tiktok,kuwait,False,2024,NA,NA,,
80,الحياة حلوة🍃 @alhyathelwaa,287K,-,Kuwait,,86.1K,tiktok,kuwait,False,2024,NA,NA,,
81,أحمد الشقعان الكثيري @b0fhad,286.8K,0.1%,Kuwait,,86K,tiktok,kuwait,False,2024,NA,NA,,
82,",َالسلطان 👑 @elsultan3332",286.6K,0.1%,Kuwait,,86K,tiktok,kuwait,False,2024,NA,NA,,
83,Rescue For Winston @rescueforwinston,284.5K,-,Kuwait,Pets Education Life and Society,85.4K,tiktok,kuwait,False,2024,Knowledge&Info,MAPPED,,Pets Education Life and Society
84,Manpreet Kaur Sidhu @manpreet_sidhu_1104,284.1K,-,Kuwait,Fashion and Accessories,85.2K,tiktok,kuwait,False,2024,Beauty&Fashion,MAPPED,,Fashion and Accessories
85,Mohammed Gomaa @mohammedgomaa3,283.7K,0.1%,Kuwait,,85.1K,tiktok,kuwait,False,2024,NA,NA,,
86,Queenmkofficial @queenmkofficiall,283.3K,0.1%,Kuwait,,85K,tiktok,kuwait,False,2024,NA,NA,,
87,اسطوره الرافدين @mx_9j,282.8K,5.2%,Kuwait,,84.8K,tiktok,kuwait,False,2024,NA,NA,,
88,خالد العبدالله @khalid_alabdula,276.5K,-,Kuwait,Acting and Drama,83K,tiktok,kuwait,False,2024,Entertainment,MAPPED,,Acting and Drama
89,the Joker7777 @thejoker__7777777,272.4K,-,Kuwait,,81.7K,tiktok,kuwait,False,2024,NA,NA,,
90,Baderalsh3ibiii @badersh3ibiii,271K,0.2%,Kuwait,,81.3K,tiktok,kuwait,False,2024,NA,NA,,
91,♥️শিশির কুয়াশা ♥️ @crush_queen724,267.4K,-,Kuwait,,80.2K,tiktok,kuwait,False,2024,NA,NA,,
92,Fahad_almulla @fahad_almulla,263.6K,0.1%,Kuwait,,79.1K,tiktok,kuwait,False,2024,NA,NA,,
93,يوميات فاطمه💕 @fattma.blogger,262.2K,-,Kuwait,Food and Drink,78.7K,tiktok,kuwait,False,2024,Lifestyle,MAPPED,,Food and Drink
94,عز الفهيد @az.vl,259.2K,0.1%,Kuwait,,77.8K,tiktok,kuwait,False,2024,NA,NA,,
95,ily ૮₍ ˃ ⤙ ˂ ₎ა.. @toffee..x,257.9K,-,Kuwait,,77.4K,tiktok,kuwait,False,2024,NA,NA,,
96,I'm VeNoM 🐍 @me_venom,256.4K,-,Kuwait,,76.9K,tiktok,kuwait,False,2024,NA,NA,,
97,الإمبراطوور@🕊🇰🇼 @emperor_kuwait,255.8K,-,Kuwait,,76.7K,tiktok,kuwait,False,2024,NA,NA,,
98,Ali Alsaleh @aliisalleh,252.7K,0.2%,Kuwait,Food,75.8K,tiktok,kuwait,False,2024,Lifestyle,MAPPED,,Food
99,𝐒 𝐇 𝐈 𝐅 𝐀 𝐘 𝐀 𝐓 @shifayatt,249.6K,-,Kuwait,,74.9K,tiktok,kuwait,False,2024,NA,NA,,
100,B.brown @a.browngirl,249.5K,0.6%,Kuwait,Beauty and Self Care Video Gaming,74.9K,tiktok,kuwait,False,2024,Beauty&Fashion,MAPPED,,Beauty and Self Care Video Gaming
1,leah @leahh,5.8M,-,Lebanon,Entertainment and Music,1.7M,tiktok,lebanon,False,2024,Music,MAPPED,,Entertainment and Music
2,karenwazen @karenwazen,3M,-,Lebanon,Beauty and Self Care,900K,tiktok,lebanon,False,2024,Beauty&Fashion,MAPPED,,Beauty and Self Care
3,Dory Zoughaib @doryzogheib,1.8M,-,Lebanon,Fashion and Accessories,540K,tiktok,lebanon,False,2024,Beauty&Fashion,MAPPED,,Fashion and Accessories
4,Nancy Ajram @nancyajram,1.7M,-,Lebanon,Entertainment and Music,510K,tiktok,lebanon,False,2024,Music,MAPPED,,Entertainment and Music
5,MOHAMAD HADID | محمد حديد @mohadidofficial,1.6M,0.1%,Lebanon,Fashion and Accessories,480K,tiktok,lebanon,False,2024,Beauty&Fashion,MAPPED,,Fashion and Accessories
6,Cyrineanour @cyrineanour,1.5M,-,Lebanon,Entertainment and Music,450K,tiktok,lebanon,False,2024,Music,MAPPED,,Entertainment and Music
7,ديدو 👑 سليم @didokcelim_official,1.3M,-,Lebanon,Entertainment and Music,390K,tiktok,lebanon,False,2024,Music,MAPPED,,Entertainment and Music
8,Pierre Dalati @dalatifitness,1.2M,-,Lebanon,Fitness and Health,360K,tiktok,lebanon,False,2024,Sports,MAPPED,,Fitness and Health
9,Its.assil @assilx0,1.2M,-,Lebanon,,360K,tiktok,lebanon,False,2024,NA,NA,,
10,MAFIA🖤 @sophiaofficial99,1.1M,-,Lebanon,,330K,tiktok,lebanon,False,2024,NA,NA,,
11,Akram Amin @reaction112,1M,-,Lebanon,,300K,tiktok,lebanon,False,2024,NA,NA,,
12,rayan Bk @rayan_bohlok,995.4K,-,Lebanon,,298.6K,tiktok,lebanon,False,2024,NA,NA,,
13,Smasher @bleizo1,992.9K,6.7%,Lebanon,,297.9K,tiktok,lebanon,False,2024,NA,NA,,
14,Mohamad hammoud @mohamad.hammud,992.2K,0.1%,Lebanon,,297.7K,tiktok,lebanon,False,2024,NA,NA,,
15,food_handcraft @food_handcraft,984.9K,0.1%,Lebanon,Food,295.5K,tiktok,lebanon,False,2024,Lifestyle,MAPPED,,Food
16,Sabineabz - سابين ابوزيد @sabineabz,970.4K,-,Lebanon,,291.1K,tiktok,lebanon,False,2024,NA,NA,,
17,XDX @whoisxdx,942.4K,-,Lebanon,,282.7K,tiktok,lebanon,False,2024,NA,NA,,
18,حسام الشامي @hussam_alshamie,937.8K,-,Lebanon,,281.3K,tiktok,lebanon,False,2024,NA,NA,,
19,maysamdali @maysamdali,900.9K,0.2%,Lebanon,,270.3K,tiktok,lebanon,False,2024,NA,NA,,
20,Ahmad Assi @ahmadddassii,886.2K,-,Lebanon,,265.9K,tiktok,lebanon,False,2024,NA,NA,,
21,Taline👩🏻‍🍳 @k.family.official,874.6K,-,Lebanon,Food Travel Food and Drink,262.4K,tiktok,lebanon,False,2024,Lifestyle,MAPPED,,Food Travel Food and Drink
22,Nat @nathalie_jaber,872.7K,-,Lebanon,Beauty,261.8K,tiktok,lebanon,False,2024,Beauty&Fashion,MAPPED,,Beauty
23,Wassouf Star وسّوف ستَار @wassoufstar,872.5K,0.1%,Lebanon,,261.8K,tiktok,lebanon,False,2024,NA,NA,,
24,Rakeen Saad @rakeensaad,869.3K,-,Lebanon,Acting and Drama,260.8K,tiktok,lebanon,False,2024,Entertainment,MAPPED,,Acting and Drama
25,Maya Hussein @mayahussein_,858.5K,0.1%,Lebanon,,257.6K,tiktok,lebanon,False,2024,NA,NA,,
26,Fatima Makka @surprisevideos8,853.8K,-,Lebanon,,256.1K,tiktok,lebanon,False,2024,NA,NA,,
27,Perlakawass🌸 @perlakawass,845.4K,-,Lebanon,,253.6K,tiktok,lebanon,False,2024,NA,NA,,
28,Gaëlle🍭 @gaellexchalhoub,843.6K,-,Lebanon,,253.1K,tiktok,lebanon,False,2024,NA,NA,,
29,najibkhoury @najibkhoury,829K,-,Lebanon,,248.7K,tiktok,lebanon,False,2024,NA,NA,,
30,Najwa Karam @najwakaram,823.8K,0.1%,Lebanon,Music,247.1K,tiktok,lebanon,False,2024,Music,MAPPED,,Music
31,ريم السواس @reem_alsawas,819.6K,0.2%,Lebanon,Entertainment and Music Music,245.9K,tiktok,lebanon,False,2024,Music,MAPPED,,Entertainment and Music Music
32,barhom_98 @barhom_98,818.8K,0.2%,Lebanon,,245.6K,tiktok,lebanon,False,2024,NA,NA,,
33,Ahmad Salamoun @ahmadsalamon,817.5K,-,Lebanon,Music,245.3K,tiktok,lebanon,False,2024,Music,MAPPED,,Music
34,Loujain💎لُجَيْن @loujy11,805.4K,-,Lebanon,,241.6K,tiktok,lebanon,False,2024,NA,NA,,
35,Christelle Touma @christelletouma,804.6K,-,Lebanon,,241.4K,tiktok,lebanon,False,2024,NA,NA,,
36,Dado zene @dado_zene,800.4K,-,Lebanon,,240.1K,tiktok,lebanon,False,2024,NA,NA,,
37,Banin Chamas @banin_chamas,793.4K,-,Lebanon,Education,238K,tiktok,lebanon,False,2024,Knowledge&Info,MAPPED,,Education
38,Rashamagic🦋 @rasha_magic,785.5K,-,Lebanon,,235.7K,tiktok,lebanon,False,2024,NA,NA,,
39,ALI KADOOR-علي قدور @alikadoor,768.6K,-,Lebanon,Product Education,230.6K,tiktok,lebanon,False,2024,Knowledge&Info,MAPPED,,Product Education
40,Ms.merhi @ms.merhi,765.8K,0.5%,Lebanon,,229.7K,tiktok,lebanon,False,2024,NA,NA,,
41,Slemanaaji @slemanaaji,750.5K,-,Lebanon,,225.2K,tiktok,lebanon,False,2024,NA,NA,,
42,Maryam @maryamztr,749.2K,-,Lebanon,,224.8K,tiktok,lebanon,False,2024,NA,NA,,
43,Carole Samaha @carolesamaha,742.4K,-,Lebanon,,222.7K,tiktok,lebanon,False,2024,NA,NA,,
44,Mariam Hamwe @mariamhamwe,741.9K,-,Lebanon,,222.6K,tiktok,lebanon,False,2024,NA,NA,,
45,Nader @naderajib,740K,-,Lebanon,,222K,tiktok,lebanon,False,2024,NA,NA,,
46,Yasmin Chehab @ysmnchhb,722.5K,0.1%,Lebanon,,216.8K,tiktok,lebanon,False,2024,NA,NA,,
47,تكر الخال🇱🇧 @tokar_700,718.5K,0.5%,Lebanon,,215.6K,tiktok,lebanon,False,2024,NA,NA,,
48,محمود Mahmoud Hachem stücker @mhs.dk,702K,-,Lebanon,,210.6K,tiktok,lebanon,False,2024,NA,NA,,
49,Myriam Fares @myriamfarestr,698.9K,-,Lebanon,,209.7K,tiktok,lebanon,False,2024,NA,NA,,
50,DANIA ⚡️ @daniakob,695K,-,Lebanon,Beauty and Self Care,208.5K,tiktok,lebanon,False,2024,Beauty&Fashion,MAPPED,,Beauty and Self Care
51,🔥🔥فرن الحارة🔥🔥 @warmoven2,694.8K,-,Lebanon,,208.4K,tiktok,lebanon,False,2024,NA,NA,,
52,cynthia basbous @cynthiabasbous,693.3K,-,Lebanon,,208K,tiktok,lebanon,False,2024,NA,NA,,
53,Plan LB @planlb,681.8K,-,Lebanon,Funny,204.5K,tiktok,lebanon,False,2024,Entertainment,MAPPED,,Funny
54,المشهور @ootbh,667.9K,0.1%,Lebanon,,200.4K,tiktok,lebanon,False,2024,NA,NA,,
55,Mariamabedali @mariamabedalii,667.3K,-,Lebanon,Beauty and Self Care,200.2K,tiktok,lebanon,False,2024,Beauty&Fashion,MAPPED,,Beauty and Self Care
56,𝙃𝙖𝙨𝙨𝙖𝙣 𝙈𝙚𝙧𝙝𝙞 @hassan.merhi0,666.9K,-,Lebanon,,200.1K,tiktok,lebanon,False,2024,NA,NA,,
57,Joya Chahine @joyachahine22,664K,0.1%,Lebanon,,199.2K,tiktok,lebanon,False,2024,NA,NA,,
58,ahmad.rifa3i @ahmad.rifa3i,660.2K,-,Lebanon,,198.1K,tiktok,lebanon,False,2024,NA,NA,,
59,Cars_4arab🚘 @car._04,659.2K,0.1%,Lebanon,Auto and Vehicles,197.8K,tiktok,lebanon,False,2024,Tech&Gaming,MAPPED,,Auto and Vehicles
60,Mamas Joy @mamasjoy,659K,-,Lebanon,Food and Drink,197.7K,tiktok,lebanon,False,2024,Lifestyle,MAPPED,,Food and Drink
61,Maha Ftouni @mahaftouni,655.7K,0.1%,Lebanon,,196.7K,tiktok,lebanon,False,2024,NA,NA,,
62,Raya Abirached @rayaofficial,655K,-,Lebanon,,196.5K,tiktok,lebanon,False,2024,NA,NA,,
63,Linda Harb @lindayaghiharb,647.4K,-,Lebanon,Entertainment and Music Funny,194.2K,tiktok,lebanon,False,2024,Music,MAPPED,,Entertainment and Music Funny
64,Hass Abdul @hassabdul,623.8K,0.1%,Lebanon,,187.1K,tiktok,lebanon,False,2024,NA,NA,,
65,Nancy/نانسي @nancyhouranii,606.4K,-,Lebanon,Entertainment and Music,181.9K,tiktok,lebanon,False,2024,Music,MAPPED,,Entertainment and Music
66,Joune @tallskinnyali,604.5K,-,Lebanon,,181.4K,tiktok,lebanon,False,2024,NA,NA,,
67,Chirine Cheaib @chirinecheaib,597.3K,-,Lebanon,,179.2K,tiktok,lebanon,False,2024,NA,NA,,
68,Dance with Patricia @dancewithpatricia,590.8K,0.6%,Lebanon,,177.2K,tiktok,lebanon,False,2024,NA,NA,,
69,atyabtabkha @atyab.tabkha,587K,-,Lebanon,,176.1K,tiktok,lebanon,False,2024,NA,NA,,
70,ghida @ghiidzz,583.8K,-,Lebanon,,175.1K,tiktok,lebanon,False,2024,NA,NA,,
71,lol @stiles.._..0,583.6K,-,Lebanon,,175.1K,tiktok,lebanon,False,2024,NA,NA,,
72,Mimo @mimo8484,576.4K,-,Lebanon,,172.9K,tiktok,lebanon,False,2024,NA,NA,,
73,Arab rapunzel👸🏽 @saraashkarr,569.5K,-,Lebanon,,170.9K,tiktok,lebanon,False,2024,NA,NA,,
74,Maya🌻 @horrorjabi,567.6K,0.1%,Lebanon,,170.3K,tiktok,lebanon,False,2024,NA,NA,,
75,aya @aya.sis,567.5K,-,Lebanon,,170.3K,tiktok,lebanon,False,2024,NA,NA,,
76,الكوكب الأزرق. العقل الباطن. @lawwrence2,560.8K,-,Lebanon,,168.2K,tiktok,lebanon,False,2024,NA,NA,,
77,Joseph Attieh @josephattieh,558.8K,-,Lebanon,,167.6K,tiktok,lebanon,False,2024,NA,NA,,
78,Helen Blondel @helensingerdancer,555.5K,-,Lebanon,Entertainment and Music Music,166.7K,tiktok,lebanon,False,2024,Music,MAPPED,,Entertainment and Music Music
79,Omar Arnaout @omararnaout,552.5K,-,Lebanon,,165.8K,tiktok,lebanon,False,2024,NA,NA,,
80,zorowehbe @zorowehbe,546.6K,-,Lebanon,,164K,tiktok,lebanon,False,2024,NA,NA,,
81,Iyad Engle @iyade04,541.1K,2.2%,Lebanon,,162.3K,tiktok,lebanon,False,2024,NA,NA,,
82,Tony🇱🇧طوني @tony.saliba,540.7K,-,Lebanon,,162.2K,tiktok,lebanon,False,2024,NA,NA,,
83,Hussain kadoura | حسين قدورة @hussainkadoura,538.2K,-,Lebanon,Business and Finance,161.5K,tiktok,lebanon,False,2024,Knowledge&Info,MAPPED,,Business and Finance
84,Reine Bawwab @reinebawwab,537.2K,-,Lebanon,Entertainment and Music,161.2K,tiktok,lebanon,False,2024,Music,MAPPED,,Entertainment and Music
85,ريتشارد🦁 @richardlord2,536.2K,-,Lebanon,,160.9K,tiktok,lebanon,False,2024,NA,NA,,
86,💚🤍🕶️الشايب🕶️🤍 💚 @hadi.yehia1,535.9K,-,Lebanon,,160.8K,tiktok,lebanon,False,2024,NA,NA,,
87,Arab @yourfellowarab,534.1K,-,Lebanon,Video Gaming,160.2K,tiktok,lebanon,False,2024,Tech&Gaming,MAPPED,,Video Gaming
88,Abu Luka ✨ @abu.luka,533.4K,0.1%,Lebanon,Entertainment and Music,160K,tiktok,lebanon,False,2024,Music,MAPPED,,Entertainment and Music
89,💎🔥أبــو غمــازات🔥💎 @ahmadaledel,532.3K,-,Lebanon,,159.7K,tiktok,lebanon,False,2024,NA,NA,,
90,Brent_Rivera_clips @brent_rivera_clips,530.6K,-,Lebanon,,159.2K,tiktok,lebanon,False,2024,NA,NA,,
91,فادي جابر @fadijaber2,524.5K,0.5%,Lebanon,,157.4K,tiktok,lebanon,False,2024,NA,NA,,
92,❤️ Ali & Sara ❤️ @theasnfamily,515.4K,0.2%,Lebanon,,154.6K,tiktok,lebanon,False,2024,NA,NA,,
93,محمد صالح @moesalleh,507.5K,-,Lebanon,Entertainment and Music,152.3K,tiktok,lebanon,False,2024,Music,MAPPED,,Entertainment and Music
94,CHANTAL @chantal.chalhoub,503.6K,-,Lebanon,,151.1K,tiktok,lebanon,False,2024,NA,NA,,
95,Mandy/ماندي @mandychamounn,503K,-,Lebanon,,150.9K,tiktok,lebanon,False,2024,NA,NA,,
96,Carmen Hajjar @carmen_hajjar,497K,-,Lebanon,Education Food and Drink,149.1K,tiktok,lebanon,False,2024,Knowledge&Info,MAPPED,,Education Food and Drink
97,المشهور @otbh123,496.8K,0.3%,Lebanon,,149K,tiktok,lebanon,False,2024,NA,NA,,
98,mayahopehaider @mayahopehaider,495.5K,-,Lebanon,,148.7K,tiktok,lebanon,False,2024,NA,NA,,
99,⚠️قلب الاسد⚠️ @ahmdarzounii,489.1K,-,Lebanon,,146.7K,tiktok,lebanon,False,2024,NA,NA,,
100,Miryam ossman💖💫 @miryam_ossman,487.4K,-,Lebanon,,146.2K,tiktok,lebanon,False,2024,NA,NA,,
1,Ebit Lew @ustazebitlew,6.7M,0.3%,Malaysia,Finance,2M,tiktok,malaysia,False,2024,Knowledge&Info,MAPPED,,Finance
2,VIEW Chin @viewchin_view,2.4M,1.2%,Malaysia,Fashion and Accessories,720K,tiktok,malaysia,False,2024,Beauty&Fashion,MAPPED,,Fashion and Accessories
3,Shuib Sepahtu @shuibsepahtu,2.4M,0.1%,Malaysia,,720K,tiktok,malaysia,False,2024,NA,NA,,
4,Siti Nurhaliza @toktitiktok,2.3M,-,Malaysia,Entertainment and Music,690K,tiktok,malaysia,False,2024,Music,MAPPED,,Entertainment and Music
5,davidddodle @davidddodle,2M,-,Malaysia,Celebrity,600K,tiktok,malaysia,False,2024,Entertainment,MAPPED,,Celebrity
6,Alvin Chong @alvinchong123,1.9M,0.1%,Malaysia,Entertainment and Music,570K,tiktok,malaysia,False,2024,Music,MAPPED,,Entertainment and Music
7,Asad Motawh @asadmotawhhh,1.7M,-,Malaysia,,510K,tiktok,malaysia,False,2024,NA,NA,,
8,ATAATA @ataata0102,1.6M,0.2%,Malaysia,Travel,480K,tiktok,malaysia,False,2024,Lifestyle,MAPPED,,Travel
9,Foodie @foodiemy,1.6M,-,Malaysia,Food Food and Drink,480K,tiktok,malaysia,False,2024,Lifestyle,MAPPED,,Food Food and Drink
10,Zhyla17 @zhyla17,1.5M,-,Malaysia,,450K,tiktok,malaysia,False,2024,NA,NA,,
11,erissa puteri hashim @erissa_puteri,1.4M,-,Malaysia,,420K,tiktok,malaysia,False,2024,NA,NA,,
12,StellaCinderella @stellacinderella,1.4M,-,Malaysia,Fashion and Accessories,420K,tiktok,malaysia,False,2024,Beauty&Fashion,MAPPED,,Fashion and Accessories
13,Zee5 @zeemarwadriana,1.3M,-,Malaysia,Beauty,390K,tiktok,malaysia,False,2024,Beauty&Fashion,MAPPED,,Beauty
14,findyyyy_ @findyyong_,1.2M,-,Malaysia,Fashion and Accessories Product Education Product Showcase,360K,tiktok,malaysia,False,2024,Beauty&Fashion,MAPPED,,Fashion and Accessories Product Education Product Showcase
15,Daisey Gorgeous @daiseygorgeous,1.2M,-,Malaysia,Beauty and Self Care,360K,tiktok,malaysia,False,2024,Beauty&Fashion,MAPPED,,Beauty and Self Care
16,QU PUTEH BARULAH PUTEH @datoserividaofficial,1.2M,-,Malaysia,Entertainment and Music Music,360K,tiktok,malaysia,False,2024,Music,MAPPED,,Entertainment and Music Music
17,imantroye @imantroye,1.2M,-,Malaysia,,360K,tiktok,malaysia,False,2024,NA,NA,,
18,S i t i @ct.mr,1.1M,0.1%,Malaysia,,330K,tiktok,malaysia,False,2024,NA,NA,,
19,Siti Nordiana @sitinordiana84,1M,2.1%,Malaysia,Celebrity Music,300K,tiktok,malaysia,False,2024,Music,MAPPED,,Celebrity Music
20,1.m @xx_rody_x,994.1K,-,Malaysia,,298.2K,tiktok,malaysia,False,2024,NA,NA,,
21,Rusa Music @rusamusic,987.3K,-,Malaysia,Celebrity Music,296.2K,tiktok,malaysia,False,2024,Music,MAPPED,,Celebrity Music
22,leeloo 𓆩❤︎𓆪 @lawcombe,980.6K,-,Malaysia,,294.2K,tiktok,malaysia,False,2024,NA,NA,,
23,Zulin Aziz @zulinaziz,980.5K,-,Malaysia,,294.2K,tiktok,malaysia,False,2024,NA,NA,,
24,zhi.binggg @zhi.binggg,973.8K,-,Malaysia,,292.1K,tiktok,malaysia,False,2024,NA,NA,,
25,𝗠𝗿𝘀𝘆 ♡ @macakanikan,973.3K,0.1%,Malaysia,,292K,tiktok,malaysia,False,2024,NA,NA,,
26,Dhilah @nurfadhilah979,948.1K,-,Malaysia,,284.4K,tiktok,malaysia,False,2024,NA,NA,,
27,View Team @viewfashion26,946.4K,-,Malaysia,Fashion,283.9K,tiktok,malaysia,False,2024,Beauty&Fashion,MAPPED,,Fashion
28,UtusanTV @utusantvofficial,946.3K,0.1%,Malaysia,,283.9K,tiktok,malaysia,False,2024,NA,NA,,
29,mawarashid @mawarashid,943.8K,-,Malaysia,,283.1K,tiktok,malaysia,False,2024,NA,NA,,
30,Linda Said @wanitabermisai,940.9K,-,Malaysia,,282.3K,tiktok,malaysia,False,2024,NA,NA,,
31,Elya Maisara @elya217,933.6K,-,Malaysia,,280.1K,tiktok,malaysia,False,2024,NA,NA,,
32,Hads :p @kurapikarmin,923.6K,-,Malaysia,Music,277.1K,tiktok,malaysia,False,2024,Music,MAPPED,,Music
33,Safwan Nazri @safwannazri7,919.3K,-,Malaysia,,275.8K,tiktok,malaysia,False,2024,NA,NA,,
34,TV3Malaysia @tv3malaysia,900.2K,-,Malaysia,,270.1K,tiktok,malaysia,False,2024,NA,NA,,
35,UstazKazimOfficial @datoustazmohdkazimelias,896K,0.3%,Malaysia,,268.8K,tiktok,malaysia,False,2024,NA,NA,,
36,Marra Lpn @marralpn,893.8K,-,Malaysia,Fitness and Health,268.1K,tiktok,malaysia,False,2024,Sports,MAPPED,,Fitness and Health
37,Syaa Meoow @syaameoow,887.5K,-,Malaysia,Entertainment and Music,266.3K,tiktok,malaysia,False,2024,Music,MAPPED,,Entertainment and Music
38,ANNA JOBLING @annajobling,885.4K,0.1%,Malaysia,,265.6K,tiktok,malaysia,False,2024,NA,NA,,
39,AYU KEPOH @ayu_kepoh,881.8K,-,Malaysia,,264.5K,tiktok,malaysia,False,2024,NA,NA,,
40,FaizPaeh @faizpaehh,875.8K,-,Malaysia,Sports,262.7K,tiktok,malaysia,False,2024,Sports,MAPPED,,Sports
41,Elden Chan(800k+followers) @eldenchan17,874.8K,-,Malaysia,Entertainment and Music Acting and Drama,262.4K,tiktok,malaysia,False,2024,Music,MAPPED,,Entertainment and Music Acting and Drama
42,Gori Nagori @gorinagori,855K,-,Malaysia,,256.5K,tiktok,malaysia,False,2024,NA,NA,,
43,Kaka Azman @kakaazman,854.2K,-,Malaysia,Business and Finance,256.3K,tiktok,malaysia,False,2024,Knowledge&Info,MAPPED,,Business and Finance
44,albes_bert🤍 @albes_al,852.7K,-,Malaysia,,255.8K,tiktok,malaysia,False,2024,NA,NA,,
45,zaid faiz @zaidfaiz.07,849.8K,0.2%,Malaysia,,254.9K,tiktok,malaysia,False,2024,NA,NA,,
46,@Ayu🐈🐈 @nihasmira_ayu,838.6K,-,Malaysia,,251.6K,tiktok,malaysia,False,2024,NA,NA,,
47,Princess Anie Darus @princessaniedarus_69,832.6K,-,Malaysia,Pets,249.8K,tiktok,malaysia,False,2024,Lifestyle,MAPPED,,Pets
48,minimal.5 @minimal.5,827.2K,1.6%,Malaysia,,248.2K,tiktok,malaysia,False,2024,NA,NA,,
49,Farhana Zahra @farhanazahra91,824.2K,-,Malaysia,,247.3K,tiktok,malaysia,False,2024,NA,NA,,
50,Ash @ash.rafz,815.2K,-,Malaysia,,244.6K,tiktok,malaysia,False,2024,NA,NA,,
51,Azrul Affandi Sobry @penceritatv,815.1K,-,Malaysia,,244.5K,tiktok,malaysia,False,2024,NA,NA,,
52,Down To Earth @maxdte_,808.8K,-,Malaysia,,242.6K,tiktok,malaysia,False,2024,NA,NA,,
53,Gabriel Marquez 🧸 @gabriel_marquez94,808.2K,0.7%,Malaysia,,242.5K,tiktok,malaysia,False,2024,NA,NA,,
54,•нυхaιмιq• @huxaimiq,805.7K,-,Malaysia,,241.7K,tiktok,malaysia,False,2024,NA,NA,,
55,tahani @tahaniariel,804K,-,Malaysia,Acting and Drama Entertainment and Music,241.2K,tiktok,malaysia,False,2024,Music,MAPPED,,Acting and Drama Entertainment and Music
56,𝘇𝗶𝗻 @rzinz._,803.8K,-,Malaysia,,241.1K,tiktok,malaysia,False,2024,NA,NA,,
57,W A N I E Y M U A @wanieymua,803.5K,-,Malaysia,Beauty and Self Care,241.1K,tiktok,malaysia,False,2024,Beauty&Fashion,MAPPED,,Beauty and Self Care
58,BOSSKU @joki_bossku.everyday,800.6K,0.1%,Malaysia,Business and Finance Video Gaming,240.2K,tiktok,malaysia,False,2024,Knowledge&Info,MAPPED,,Business and Finance Video Gaming
59,JEii Pong @je_pong,796.9K,-,Malaysia,Entertainment and Music,239.1K,tiktok,malaysia,False,2024,Music,MAPPED,,Entertainment and Music
60,Gamesplay1313 @gamesplay1313,790.2K,-,Malaysia,,237.1K,tiktok,malaysia,False,2024,NA,NA,,
61,Lazada Malaysia @lazada_my,785.8K,-,Malaysia,,235.7K,tiktok,malaysia,False,2024,NA,NA,,
62,张秋雯QiuWen 🌸 @qiuwen1014,780.3K,-,Malaysia,,234.1K,tiktok,malaysia,False,2024,NA,NA,,
63,Mark Odea (ALAMARK!) @markodea8,769.4K,-,Malaysia,,230.8K,tiktok,malaysia,False,2024,NA,NA,,
64,CAFTANESIA @caftanesia,767.8K,-,Malaysia,,230.3K,tiktok,malaysia,False,2024,NA,NA,,
65,Inaa:)🤍 @nrsyariena._02,767.5K,-,Malaysia,,230.3K,tiktok,malaysia,False,2024,NA,NA,,
66,Malaysian Update @malaysianupdatenews,766.4K,-,Malaysia,,229.9K,tiktok,malaysia,False,2024,NA,NA,,
67,Anna @anna_anna665,766.4K,0.3%,Malaysia,Food and Drink,229.9K,tiktok,malaysia,False,2024,Lifestyle,MAPPED,,Food and Drink
68,tehafateha_hennamelaka 🇲🇾 @tehafateha_hennamelaka,761.4K,-,Malaysia,Art,228.4K,tiktok,malaysia,False,2024,Lifestyle,MAPPED,,Art
69,Athalia🌙 @officialathalia,759.1K,-,Malaysia,Entertainment and Music Music,227.7K,tiktok,malaysia,False,2024,Music,MAPPED,,Entertainment and Music Music
70,warnermusicmy @warnermusicmy,758.2K,-,Malaysia,Music,227.5K,tiktok,malaysia,False,2024,Music,MAPPED,,Music
71,MAN KINABALU @man_kinabalu,756.4K,0.1%,Malaysia,,226.9K,tiktok,malaysia,False,2024,NA,NA,,
72,Izzan Adriana @izzanadrianaaa,753.7K,-,Malaysia,,226.1K,tiktok,malaysia,False,2024,NA,NA,,
73,Abby @elyshiaabegail,753.4K,4%,Malaysia,Fashion and Accessories Beauty and Self Care,226K,tiktok,malaysia,False,2024,Beauty&Fashion,MAPPED,,Fashion and Accessories Beauty and Self Care
74,MVM Music @mvm_music,749.3K,-,Malaysia,Entertainment and Music Celebrity Music,224.8K,tiktok,malaysia,False,2024,Music,MAPPED,,Entertainment and Music Celebrity Music
75,Ustaz Azhar Idrus @ustaz.azhar.idrus,740.4K,-,Malaysia,,222.1K,tiktok,malaysia,False,2024,NA,NA,,
76,Nur Shahida Mohd Rashid @shahidadherbs2,736.1K,-,Malaysia,,220.8K,tiktok,malaysia,False,2024,NA,NA,,
77,Duyung @_duyung.darat,730.3K,-,Malaysia,Beauty,219.1K,tiktok,malaysia,False,2024,Beauty&Fashion,MAPPED,,Beauty
78,Yaya 🌸 @yaya_2xx,729.8K,-,Malaysia,,218.9K,tiktok,malaysia,False,2024,NA,NA,,
79,cikmanggis @miss.em,728.7K,-,Malaysia,,218.6K,tiktok,malaysia,False,2024,NA,NA,,
80,Asyrafrozami @asyrafrozami1,725.7K,-,Malaysia,,217.7K,tiktok,malaysia,False,2024,NA,NA,,
81,anisamalyn @anisamalynn,722.3K,-,Malaysia,,216.7K,tiktok,malaysia,False,2024,NA,NA,,
82,joey_leong @joeyleongbaby,722.1K,-,Malaysia,Entertainment and Music,216.6K,tiktok,malaysia,False,2024,Music,MAPPED,,Entertainment and Music
83,دليل ماليزيا | Daleel Malaysia @daleelmalaysia,722K,-,Malaysia,,216.6K,tiktok,malaysia,False,2024,NA,NA,,
84,Siakap Keli @thesiakapkeli,717.7K,-,Malaysia,,215.3K,tiktok,malaysia,False,2024,NA,NA,,
85,iman @imanopiee,715.5K,0.1%,Malaysia,Beauty,214.7K,tiktok,malaysia,False,2024,Beauty&Fashion,MAPPED,,Beauty
86,Ubai Mz @ubaimz,713.8K,0.4%,Malaysia,,214.1K,tiktok,malaysia,False,2024,NA,NA,,
87,Syed Saddiq @syedsaddiq,708.8K,0.1%,Malaysia,Education,212.6K,tiktok,malaysia,False,2024,Knowledge&Info,MAPPED,,Education
88,Alx @alezz_01,705.7K,-,Malaysia,,211.7K,tiktok,malaysia,False,2024,NA,NA,,
89,Marc Ong @marcong1,703.3K,-,Malaysia,,211K,tiktok,malaysia,False,2024,NA,NA,,
90,markadam1079 @officialmarkadam,696.9K,-,Malaysia,,209.1K,tiktok,malaysia,False,2024,NA,NA,,
91,ellyzaber_mevius @ellyzaber_mevius,691K,-,Malaysia,,207.3K,tiktok,malaysia,False,2024,NA,NA,,
92,⚔️Daddy_Ray⚔️ (TMT) 👑 @ray_drac,686.1K,-,Malaysia,,205.8K,tiktok,malaysia,False,2024,NA,NA,,
93,GastonPong @gastonpong,682.4K,-,Malaysia,,204.7K,tiktok,malaysia,False,2024,NA,NA,,
94,Sofia Roses @sofiaarosess,679.3K,-,Malaysia,,203.8K,tiktok,malaysia,False,2024,NA,NA,,
95,Usha Ojha @ushaojha5189,679K,-,Malaysia,Arts and Crafts,203.7K,tiktok,malaysia,False,2024,Lifestyle,MAPPED,,Arts and Crafts
96,azmi || IG: Nurulazmi936 @azmihalu,671.7K,-,Malaysia,Pets,201.5K,tiktok,malaysia,False,2024,Lifestyle,MAPPED,,Pets
97,C I N A N A 🍒 @babee905,668.2K,-,Malaysia,,200.5K,tiktok,malaysia,False,2024,NA,NA,,
98,RulZ @shahh997,666.4K,-,Malaysia,,199.9K,tiktok,malaysia,False,2024,NA,NA,,
99,Danial Adam @danial_anaqi,663.9K,-,Malaysia,,199.2K,tiktok,malaysia,False,2024,NA,NA,,
100,4AM HAIRSTUDIO @4am.hairstudio,660K,0.1%,Malaysia,,198K,tiktok,malaysia,False,2024,NA,NA,,
1,Kimberly Loaiza @kimberly.loaiza,76.1M,1.6%,Mexico,,22.8M,tiktok,mexico,False,2024,NA,NA,,
2,Michel Chavez @its.michhh,30.2M,-,Mexico,,9.1M,tiktok,mexico,False,2024,NA,NA,,
3,Mario Aguilar @marioaguilar,16.3M,-,Mexico,Entertainment and Music,4.9M,tiktok,mexico,False,2024,Music,MAPPED,,Entertainment and Music
4,Juanpa Zurita @juanpazurita,12.9M,-,Mexico,Entertainment and Music,3.9M,tiktok,mexico,False,2024,Music,MAPPED,,Entertainment and Music
5,✨B I A N C A O S S✨ @soybiancaoss,10.9M,0.4%,Mexico,,3.3M,tiktok,mexico,False,2024,NA,NA,,
6,Andy George @andysistar407,10.8M,0.1%,Mexico,,3.2M,tiktok,mexico,False,2024,NA,NA,,
7,Calixto Serna @mexicocookingclub,10.5M,0.1%,Mexico,Food,3.2M,tiktok,mexico,False,2024,Lifestyle,MAPPED,,Food
8,Rosalinda Salinas @rosy.salinass,10.2M,-,Mexico,,3.1M,tiktok,mexico,False,2024,NA,NA,,
9,Karleshion @karladelatorre97,10.2M,1.3%,Mexico,,3.1M,tiktok,mexico,False,2024,NA,NA,,
10,Eddie @sauceddie,10.2M,1.5%,Mexico,Celebrity,3.1M,tiktok,mexico,False,2024,Entertainment,MAPPED,,Celebrity
11,Ely Blancarte @elyblancarte,9.9M,0.2%,Mexico,,3M,tiktok,mexico,False,2024,NA,NA,,
12,Antonyviews✌🏼 @antonyviews,9.8M,-,Mexico,,2.9M,tiktok,mexico,False,2024,NA,NA,,
13,Jason Thores @jasonthores,9.6M,-,Mexico,Entertainment and Music,2.9M,tiktok,mexico,False,2024,Music,MAPPED,,Entertainment and Music
14,Babo Cartel de Santa @babo_cds,9.2M,0.1%,Mexico,Entertainment and Music,2.8M,tiktok,mexico,False,2024,Music,MAPPED,,Entertainment and Music
15,Audrey Ochoa @audrey_8a,8.9M,-,Mexico,Life and Society,2.7M,tiktok,mexico,False,2024,Knowledge&Info,MAPPED,,Life and Society
16,Ara y Fer @arayfer_ha,8.8M,-,Mexico,Entertainment and Music Funny,2.6M,tiktok,mexico,False,2024,Music,MAPPED,,Entertainment and Music Funny
17,Antrax 💎 @yosoyantrax,8.5M,1.9%,Mexico,Entertainment and Music Animation and Cosplay,2.6M,tiktok,mexico,False,2024,Tech&Gaming,MAPPED,,Entertainment and Music Animation and Cosplay
18,Dani Universe @daniuniverse,8.3M,-,Mexico,Entertainment and Music,2.5M,tiktok,mexico,False,2024,Music,MAPPED,,Entertainment and Music
19,Kaia Lana @kaialana,7.8M,-,Mexico,,2.3M,tiktok,mexico,False,2024,NA,NA,,
20,Choox TV @edgardumali,7.7M,-,Mexico,Fashion and Accessories,2.3M,tiktok,mexico,False,2024,Beauty&Fashion,MAPPED,,Fashion and Accessories
21,X I M E P O N C H ◡̈ @ximeponch,7.6M,0.2%,Mexico,Fashion and Accessories,2.3M,tiktok,mexico,False,2024,Beauty&Fashion,MAPPED,,Fashion and Accessories
22,exi sosa 👑 @exi_sosa,7.5M,-,Mexico,Acting and Drama Entertainment and Music,2.3M,tiktok,mexico,False,2024,Music,MAPPED,,Acting and Drama Entertainment and Music
23,ElRufas @elrufas,7.4M,-,Mexico,,2.2M,tiktok,mexico,False,2024,NA,NA,,
24,Los ADN @losadnmx,7.2M,-,Mexico,,2.2M,tiktok,mexico,False,2024,NA,NA,,
25,BETO @beto.locuras,7.1M,-,Mexico,,2.1M,tiktok,mexico,False,2024,NA,NA,,
26,OZKAR @ozkar___,7M,-,Mexico,Education Entertainment and Music,2.1M,tiktok,mexico,False,2024,Knowledge&Info,MAPPED,,Education Entertainment and Music
27,Omar Chaparro @omarchaparrooficial,6.7M,-,Mexico,Acting and Drama Celebrity,2M,tiktok,mexico,False,2024,Entertainment,MAPPED,,Acting and Drama Celebrity
28,JESUSNALGAS @jesusnalgas,6M,4.7%,Mexico,Entertainment and Music Funny,1.8M,tiktok,mexico,False,2024,Music,MAPPED,,Entertainment and Music Funny
29,Sabina Hidalgo @sabyhidalgo,5.8M,0.2%,Mexico,,1.7M,tiktok,mexico,False,2024,NA,NA,,
30,Javier Cazarez @javiercazarez,5.6M,0.1%,Mexico,,1.7M,tiktok,mexico,False,2024,NA,NA,,
31,Me Caigo de Risa @mecaigoderisaof,5.5M,-,Mexico,Entertainment and Music Funny,1.7M,tiktok,mexico,False,2024,Music,MAPPED,,Entertainment and Music Funny
32,Vive México @vive.mexico,5.4M,-,Mexico,,1.6M,tiktok,mexico,False,2024,NA,NA,,
33,Larry Hernandez @larrymania,5.3M,-,Mexico,Entertainment and Music,1.6M,tiktok,mexico,False,2024,Music,MAPPED,,Entertainment and Music
34,Jordan Álvarez @jordanalvarezz,5.2M,0.2%,Mexico,Education,1.6M,tiktok,mexico,False,2024,Knowledge&Info,MAPPED,,Education
35,Pao Castillo 🔥 @paocastillooficial,5.1M,-,Mexico,,1.5M,tiktok,mexico,False,2024,NA,NA,,
36,violetaisfel @violetaisfel,5M,-,Mexico,,1.5M,tiktok,mexico,False,2024,NA,NA,,
37,NIURKA MARCOS @niurka.oficial,5M,-,Mexico,Entertainment and Music,1.5M,tiktok,mexico,False,2024,Music,MAPPED,,Entertainment and Music
38,Basi @basii_17,4.9M,-,Mexico,,1.5M,tiktok,mexico,False,2024,NA,NA,,
39,Fabiola 🔥 @_amablack_,4.8M,-,Mexico,Entertainment and Music,1.4M,tiktok,mexico,False,2024,Music,MAPPED,,Entertainment and Music
40,Cepillintv Oficial @cepillintv,4.8M,-,Mexico,Entertainment and Music,1.4M,tiktok,mexico,False,2024,Music,MAPPED,,Entertainment and Music
41,ivanna :) @ivanna_perez,4.4M,-,Mexico,,1.3M,tiktok,mexico,False,2024,NA,NA,,
42,"Javier ""Chicharito"" Hernández @chicha14_",4.4M,-,Mexico,Sports,1.3M,tiktok,mexico,False,2024,Sports,MAPPED,,Sports
43,Sebas Mariscal @sebasmariscal,4.4M,-,Mexico,Photography,1.3M,tiktok,mexico,False,2024,Lifestyle,MAPPED,,Photography
44,Carlos Rivera @_carlosrivera,4.3M,-,Mexico,Entertainment and Music,1.3M,tiktok,mexico,False,2024,Music,MAPPED,,Entertainment and Music
45,Yordi Rosado @yordirosadoo,4.2M,-,Mexico,Entertainment and Music family,1.3M,tiktok,mexico,False,2024,Music,MAPPED,,Entertainment and Music family
46,Fabiola Guajardo @fabiolagdo,4.2M,-,Mexico,,1.3M,tiktok,mexico,False,2024,NA,NA,,
47,Ian Sánchez @ianzech,4.1M,-,Mexico,,1.2M,tiktok,mexico,False,2024,NA,NA,,
48,Gala montes @galamontes_,4.1M,-,Mexico,,1.2M,tiktok,mexico,False,2024,NA,NA,,
49,Brandon Vela🦋 @brandon.vela,3.9M,-,Mexico,,1.2M,tiktok,mexico,False,2024,NA,NA,,
50,Alfredito Komander @alfreditokomander,3.9M,-,Mexico,Entertainment and Music,1.2M,tiktok,mexico,False,2024,Music,MAPPED,,Entertainment and Music
51,Arta @artamios,3.8M,-,Mexico,Life and Society Arts and Crafts Entertainment and Music,1.1M,tiktok,mexico,False,2024,Knowledge&Info,MAPPED,,Life and Society Arts and Crafts Entertainment and Music
52,Doc Laura Salazar @doclaurasalazar,3.8M,6.2%,Mexico,,1.1M,tiktok,mexico,False,2024,NA,NA,,
53,Tavo Betancourt @betancourttavo,3.8M,-,Mexico,Entertainment and Music,1.1M,tiktok,mexico,False,2024,Music,MAPPED,,Entertainment and Music
54,JUANFE @juanfecastrob,3.7M,-,Mexico,Education,1.1M,tiktok,mexico,False,2024,Knowledge&Info,MAPPED,,Education
55,Esen @esen_alva,3.6M,0.1%,Mexico,,1.1M,tiktok,mexico,False,2024,NA,NA,,
56,Alejandra Cadena @its.alejandra.cadena,3.6M,-,Mexico,Travel,1.1M,tiktok,mexico,False,2024,Lifestyle,MAPPED,,Travel
57,ABRAHAM @abrahamzarazua,3.4M,-,Mexico,,1M,tiktok,mexico,False,2024,NA,NA,,
58,Рикардо ПЕРЕЗАГРУЗКА @riiccardo_,3.4M,-,Mexico,Life and Society DIY and Life Hacks,1M,tiktok,mexico,False,2024,Knowledge&Info,MAPPED,,Life and Society DIY and Life Hacks
59,EL GUERO MP @el_guero_mp,3.4M,-,Mexico,Business and Finance,1M,tiktok,mexico,False,2024,Knowledge&Info,MAPPED,,Business and Finance
60,Sabrina Salvatierra Caballero @sabrinasalvatierrra,3.3M,-,Mexico,,990K,tiktok,mexico,False,2024,NA,NA,,
61,VochoAmarilloTV @vochoamarillo,3.3M,-,Mexico,Auto and Vehicles,990K,tiktok,mexico,False,2024,Tech&Gaming,MAPPED,,Auto and Vehicles
62,david_frimzy @david_frimzy,3.3M,-,Mexico,Entertainment and Music,990K,tiktok,mexico,False,2024,Music,MAPPED,,Entertainment and Music
63,Stefany Chavez @stefanychavez_08,3.2M,-,Mexico,,960K,tiktok,mexico,False,2024,NA,NA,,
64,Julian Hollman @julianomanuelo98,3.1M,-,Mexico,,930K,tiktok,mexico,False,2024,NA,NA,,
65,Lic.dacor @lic.dacor,3.1M,0.1%,Mexico,Finance Business and Finance,930K,tiktok,mexico,False,2024,Knowledge&Info,MAPPED,,Finance Business and Finance
66,Juanpa @juanpaurt,3.1M,-,Mexico,Entertainment and Music,930K,tiktok,mexico,False,2024,Music,MAPPED,,Entertainment and Music
67,Xavierfloresoficial @xavierfloresoficial,3.1M,-,Mexico,,930K,tiktok,mexico,False,2024,NA,NA,,
68,Santi Chávez ✨ @santiagochavezirus,3.1M,-,Mexico,Finance,930K,tiktok,mexico,False,2024,Knowledge&Info,MAPPED,,Finance
69,ELSEXY @ff.elsexy,3M,-,Mexico,Entertainment and Music,900K,tiktok,mexico,False,2024,Music,MAPPED,,Entertainment and Music
70,Rafa Calva @jirafita_oficial,2.9M,-,Mexico,,870K,tiktok,mexico,False,2024,NA,NA,,
71,Desiree Montoya❤️ @dxddy._.desi,2.9M,-,Mexico,,870K,tiktok,mexico,False,2024,NA,NA,,
72,Yubeili @omaryubeili,2.8M,-,Mexico,Arts and Crafts,840K,tiktok,mexico,False,2024,Lifestyle,MAPPED,,Arts and Crafts
73,💙 Gothzitha 💙 @gothzitha,2.8M,-,Mexico,Entertainment and Music,840K,tiktok,mexico,False,2024,Music,MAPPED,,Entertainment and Music
74,Dieu Snake @dieusnake,2.7M,-,Mexico,,810K,tiktok,mexico,False,2024,NA,NA,,
75,Roy Mata Paramedic @roymata01,2.7M,-,Mexico,,810K,tiktok,mexico,False,2024,NA,NA,,
76,Faithy K🌶 @faithhousley,2.7M,-,Mexico,,810K,tiktok,mexico,False,2024,NA,NA,,
77,Lizeth Pérez @lizethperezr_,2.6M,-,Mexico,Entertainment and Music,780K,tiktok,mexico,False,2024,Music,MAPPED,,Entertainment and Music
78,Danielaibt @danielagonzalezmx,2.6M,-,Mexico,Music,780K,tiktok,mexico,False,2024,Music,MAPPED,,Music
79,Regina Ruiz Carrillo @reginar_carrillo,2.6M,-,Mexico,Entertainment and Music,780K,tiktok,mexico,False,2024,Music,MAPPED,,Entertainment and Music
80,Zach Morris @zacmorriss_,2.6M,-,Mexico,Education,780K,tiktok,mexico,False,2024,Knowledge&Info,MAPPED,,Education
81,meli ☻ @melissavidales_,2.5M,-,Mexico,,750K,tiktok,mexico,False,2024,NA,NA,,
82,Luis Terán @iluisteran,2.5M,-,Mexico,,750K,tiktok,mexico,False,2024,NA,NA,,
83,Samuel Castelli @samuelcastelli,2.5M,-,Mexico,,750K,tiktok,mexico,False,2024,NA,NA,,
84,Armando Saucedo @armandosaucedo_,2.4M,-,Mexico,,720K,tiktok,mexico,False,2024,NA,NA,,
85,BANDA MS @banda_ms,2.4M,-,Mexico,,720K,tiktok,mexico,False,2024,NA,NA,,
86,Loïc Suberville @loicsuberville,2.4M,0.5%,Mexico,,720K,tiktok,mexico,False,2024,NA,NA,,
87,Rulomart Hotmart TikTok México @rulomart,2.4M,-,Mexico,Entertainment and Music,720K,tiktok,mexico,False,2024,Music,MAPPED,,Entertainment and Music
88,Estefi Merelles @estefimerelles,2.4M,-,Mexico,Acting and Drama,720K,tiktok,mexico,False,2024,Entertainment,MAPPED,,Acting and Drama
89,Claus @clausmaluf,2.2M,-,Mexico,Entertainment and Music,660K,tiktok,mexico,False,2024,Music,MAPPED,,Entertainment and Music
90,𝓝𝓪𝓽𝓽 @nattraunmsse,2.1M,-,Mexico,,630K,tiktok,mexico,False,2024,NA,NA,,
91,🌈Soy Pam Art🎨 @soypamart,2.1M,-,Mexico,Arts and Crafts,630K,tiktok,mexico,False,2024,Lifestyle,MAPPED,,Arts and Crafts
92,Guero Valle @guerovalle,2.1M,-,Mexico,,630K,tiktok,mexico,False,2024,NA,NA,,
93,Lando Gomez🐼🍃 @landogomez,2M,-,Mexico,Entertainment and Music,600K,tiktok,mexico,False,2024,Music,MAPPED,,Entertainment and Music
94,Ninel Conde @ninelconde,2M,-,Mexico,Entertainment and Music Acting and Drama,600K,tiktok,mexico,False,2024,Music,MAPPED,,Entertainment and Music Acting and Drama
95,karyme Hernández @karyme_hc,2M,-,Mexico,Romance and Wedding,600K,tiktok,mexico,False,2024,Beauty&Fashion,MAPPED,,Romance and Wedding
96,ItsBrendis @itsbrendis,2M,-,Mexico,,600K,tiktok,mexico,False,2024,NA,NA,,
97,Thalía Jiménez @thaliaajd,2M,-,Mexico,Beauty and Self Care,600K,tiktok,mexico,False,2024,Beauty&Fashion,MAPPED,,Beauty and Self Care
98,CHSENZA @chsenza,2M,-,Mexico,,600K,tiktok,mexico,False,2024,NA,NA,,
99,Juan Carlos Vega @gastrovinos,2M,-,Mexico,Food,600K,tiktok,mexico,False,2024,Lifestyle,MAPPED,,Food
100,Silvia Olmedo @silviaolmedooficial,1.9M,0.1%,Mexico,Education,570K,tiktok,mexico,False,2024,Knowledge&Info,MAPPED,,Education
1,pokimane @poki,6.4M,-,Morocco,,1.9M,tiktok,morocco,False,2024,NA,NA,,
2,Hajar Larbah @moribyan,3.9M,-,Morocco,,1.2M,tiktok,morocco,False,2024,NA,NA,,
3,SpoletiTwins @damytwins,2.7M,-,Morocco,,810K,tiktok,morocco,False,2024,NA,NA,,
4,SA7IR 🪄 الساحر @abdelhakeljamai,1.8M,-,Morocco,Entertainment and Music,540K,tiktok,morocco,False,2024,Music,MAPPED,,Entertainment and Music
5,Nadirdearabier @nadirdearabier,1.6M,8.2%,Morocco,,480K,tiktok,morocco,False,2024,NA,NA,,
6,Meryam kadmiri @meryamkadmiri,1.5M,-,Morocco,Acting and Drama,450K,tiktok,morocco,False,2024,Entertainment,MAPPED,,Acting and Drama
7,Simolabhaj @simolabhaj,1.5M,-,Morocco,,450K,tiktok,morocco,False,2024,NA,NA,,
8,CHOUKRI PIRATE 🏴‍☠️ @choukripirate,1.3M,-,Morocco,Entertainment and Music Funny,390K,tiktok,morocco,False,2024,Music,MAPPED,,Entertainment and Music Funny
9,ilyass zaari1 @ilyass_zaari,1.2M,1.2%,Morocco,Entertainment and Music Funny,360K,tiktok,morocco,False,2024,Music,MAPPED,,Entertainment and Music Funny
10,DEDIKA @dediofficiel,1.1M,-,Morocco,,330K,tiktok,morocco,False,2024,NA,NA,,
11,يوميات أم يحيى @hobi130,1M,-,Morocco,,300K,tiktok,morocco,False,2024,NA,NA,,
12,jamal_alpha @jamal_alpha1,1M,-,Morocco,,300K,tiktok,morocco,False,2024,NA,NA,,
13,Khadija @khadijalamine20,995K,-,Morocco,,298.5K,tiktok,morocco,False,2024,NA,NA,,
14,Mohsin aarby @johnbanygadon,987.2K,-,Morocco,,296.2K,tiktok,morocco,False,2024,NA,NA,,
15,Ayoub Tanjawi 💙 @ayb.knj98,973.9K,-,Morocco,,292.2K,tiktok,morocco,False,2024,NA,NA,,
16,souhail ghazzali @souhail.ghazzali,969.5K,-,Morocco,Entertainment and Music Funny,290.9K,tiktok,morocco,False,2024,Music,MAPPED,,Entertainment and Music Funny
17,xxxtentacion @xxxtentacion__legend50,968.6K,-,Morocco,,290.6K,tiktok,morocco,False,2024,NA,NA,,
18,رسناوي & ميمي @rsnawi.mimi,968.4K,-,Morocco,,290.5K,tiktok,morocco,False,2024,NA,NA,,
19,هاي صحابي🌚🌝 @ima_saidi,961.1K,-,Morocco,,288.3K,tiktok,morocco,False,2024,NA,NA,,
20,Amine officiel123 @amine_wiam,947K,-,Morocco,,284.1K,tiktok,morocco,False,2024,NA,NA,,
21,salmadouma @salmadouma8,938.1K,-,Morocco,,281.4K,tiktok,morocco,False,2024,NA,NA,,
22,♀️ Kaoutar_Zr ♀️ @niema_zr,935.1K,-,Morocco,,280.5K,tiktok,morocco,False,2024,NA,NA,,
23,Rachidbtln @rachid_btln,925K,-,Morocco,Entertainment and Music,277.5K,tiktok,morocco,False,2024,Music,MAPPED,,Entertainment and Music
24,فاطمة الزهراء ♿😍🇲🇦 @fatima1988z,923.2K,-,Morocco,,277K,tiktok,morocco,False,2024,NA,NA,,
25,Nouhhad _nour 🇲🇦💜 @nouhad9,917.5K,-,Morocco,,275.3K,tiktok,morocco,False,2024,NA,NA,,
26,🦙 Yassine '-^ 🦙 @yassfiction,912.5K,-,Morocco,Arts and Crafts Education,273.8K,tiktok,morocco,False,2024,Knowledge&Info,MAPPED,,Arts and Crafts Education
27,Oυɱαყɱα🌸 @sdpoumayma,910.4K,-,Morocco,,273.1K,tiktok,morocco,False,2024,NA,NA,,
28,Afaaf 🍯👸 @afafchoukri,897.4K,-,Morocco,,269.2K,tiktok,morocco,False,2024,NA,NA,,
29,Voidwyd @wydadch1,886.7K,0.1%,Morocco,,266K,tiktok,morocco,False,2024,NA,NA,,
30,H J 🔥 @hamid_juttt,878.6K,-,Morocco,,263.6K,tiktok,morocco,False,2024,NA,NA,,
31,TRAVEL_AND_CULTURES @quim_fabregas_official,877.4K,-,Morocco,Travel,263.2K,tiktok,morocco,False,2024,Lifestyle,MAPPED,,Travel
32,🇲🇦(محمود&مريم)🇪🇬 هيستيريا @2m.elgany,873.7K,0.5%,Morocco,Romance and Wedding,262.1K,tiktok,morocco,False,2024,Beauty&Fashion,MAPPED,,Romance and Wedding
33,🇲🇦 ZZRi9A 🇲🇦 @zzri9a,871.9K,0.3%,Morocco,,261.6K,tiktok,morocco,False,2024,NA,NA,,
34,MAJDOLINE EL HAJLY ❤️‍🔥 @majoudey,865.5K,-,Morocco,Entertainment and Music Funny,259.7K,tiktok,morocco,False,2024,Music,MAPPED,,Entertainment and Music Funny
35,Yousra @yousra_chk,863.3K,-,Morocco,,259K,tiktok,morocco,False,2024,NA,NA,,
36,لولو 🦋 @loubna_ahmed,863.3K,-,Morocco,Beauty,259K,tiktok,morocco,False,2024,Beauty&Fashion,MAPPED,,Beauty
37,🇸🇪 SweeDy 🇸🇪 @sweedyofficiel,863.1K,-,Morocco,,258.9K,tiktok,morocco,False,2024,NA,NA,,
38,صفاء بيوتي 🦋صانعة محتوى تجميل @om_yahya_2020,852.8K,-,Morocco,Beauty and Self Care,255.8K,tiktok,morocco,False,2024,Beauty&Fashion,MAPPED,,Beauty and Self Care
39,✔ ＯＳＳＡＭＡ ツ @masoud_ff,852.4K,0.1%,Morocco,,255.7K,tiktok,morocco,False,2024,NA,NA,,
40,Queenie🦋 @queenie.nova,848.5K,0.1%,Morocco,Business and Finance,254.6K,tiktok,morocco,False,2024,Knowledge&Info,MAPPED,,Business and Finance
41,HAKAI TV 444 @op_hakai,840.8K,-,Morocco,Entertainment and Music Funny,252.2K,tiktok,morocco,False,2024,Music,MAPPED,,Entertainment and Music Funny
42,رايدم || فووول ونسة || ✅ @ridem_5,837.4K,0.1%,Morocco,,251.2K,tiktok,morocco,False,2024,NA,NA,,
43,🎬صانع افلام قصيرة 🎬🎞🎞 @youcef.avira,834.2K,-,Morocco,,250.3K,tiktok,morocco,False,2024,NA,NA,,
44,Hanaaell @hanaaell63,829.9K,-,Morocco,,249K,tiktok,morocco,False,2024,NA,NA,,
45,💸Biba31⭐️ @bouchra_bouchra31,821.5K,-,Morocco,,246.5K,tiktok,morocco,False,2024,NA,NA,,
46,anass.rouayelle @frita360,820.5K,-,Morocco,,246.2K,tiktok,morocco,False,2024,NA,NA,,
47,zineb_sozi @zineb_sozi,818.5K,-,Morocco,,245.6K,tiktok,morocco,False,2024,NA,NA,,
48,Rebbouh Yassine @rebbouh_yassine,814.2K,-,Morocco,,244.3K,tiktok,morocco,False,2024,NA,NA,,
49,🔱السرغيني🔱 @mohssin_oufficiell,808.4K,-,Morocco,,242.5K,tiktok,morocco,False,2024,NA,NA,,
50,🇲🇦نيروبي🇲🇦 @salwaslsl,805.6K,-,Morocco,,241.7K,tiktok,morocco,False,2024,NA,NA,,
51,rachid btln(2) @rachidbtln,802.4K,-,Morocco,Entertainment and Music Funny,240.7K,tiktok,morocco,False,2024,Music,MAPPED,,Entertainment and Music Funny
52,Aicha_azizi 👑 @aichaazz2,800.2K,-,Morocco,,240.1K,tiktok,morocco,False,2024,NA,NA,,
53,Soukiss96_ @soukiss_96,798.7K,-,Morocco,,239.6K,tiktok,morocco,False,2024,NA,NA,,
54,Ahmed zidan @ahmed.zidan.official,798K,-,Morocco,,239.4K,tiktok,morocco,False,2024,NA,NA,,
55,🧿ⵣ Hajar Mrabet ⵣ🧿 @hajarmarbet,796.2K,-,Morocco,,238.9K,tiktok,morocco,False,2024,NA,NA,,
56,Roufia World @roufia_world_officiel,788.5K,-,Morocco,,236.6K,tiktok,morocco,False,2024,NA,NA,,
57,Queen amira🦋 @queen_amiraa,788.1K,-,Morocco,Beauty,236.4K,tiktok,morocco,False,2024,Beauty&Fashion,MAPPED,,Beauty
58,Le prince🤩de la ville🇲🇦🇩🇿 @abdel_officiel1,787.3K,-,Morocco,,236.2K,tiktok,morocco,False,2024,NA,NA,,
59,Series.Moment1 @series.moment1,783.2K,0.2%,Morocco,,235K,tiktok,morocco,False,2024,NA,NA,,
60,Sarah👸🏻 @its_saraaaaah,778.7K,-,Morocco,,233.6K,tiktok,morocco,False,2024,NA,NA,,
61,🌺عالم حناء With henna 🌺 @rababmazid,774K,0.1%,Morocco,,232.2K,tiktok,morocco,False,2024,NA,NA,,
62,Adam Khriss @adamkhriss,765K,-,Morocco,,229.5K,tiktok,morocco,False,2024,NA,NA,,
63,💮 Wissal 💮 @lishiyaaa,760.7K,-,Morocco,,228.2K,tiktok,morocco,False,2024,NA,NA,,
64,ELECTROADNANE @electroadnane.tetouan,757.3K,-,Morocco,Video Gaming,227.2K,tiktok,morocco,False,2024,Tech&Gaming,MAPPED,,Video Gaming
65,Erra.aslani @erra.aslanii,751.9K,0.1%,Morocco,Funny,225.6K,tiktok,morocco,False,2024,Entertainment,MAPPED,,Funny
66,cocoahlame 🎈 @cocolouma,748K,-,Morocco,,224.4K,tiktok,morocco,False,2024,NA,NA,,
67,Naiss mh @nada_officiel_48,746.2K,-,Morocco,,223.9K,tiktok,morocco,False,2024,NA,NA,,
68,meh_booulaaa🖤✨ @meh_booulaa,745.6K,-,Morocco,,223.7K,tiktok,morocco,False,2024,NA,NA,,
69,Sweedy @sweedy95official,741.4K,-,Morocco,Celebrity,222.4K,tiktok,morocco,False,2024,Entertainment,MAPPED,,Celebrity
70,😂_وا_هبييل_هذا_😂 @mouadelkhalidy,727.4K,-,Morocco,Entertainment and Music,218.2K,tiktok,morocco,False,2024,Music,MAPPED,,Entertainment and Music
71,Fadoua ❤️🇲🇦 @fadouafaouzi3,717.9K,-,Morocco,Beauty,215.4K,tiktok,morocco,False,2024,Beauty&Fashion,MAPPED,,Beauty
72,✨ @tiger.271,716.9K,0.9%,Morocco,,215.1K,tiktok,morocco,False,2024,NA,NA,,
73,راحة نفسية Raha Nafsia♥️ @mustafaiasuit,710.9K,0.4%,Morocco,,213.3K,tiktok,morocco,False,2024,NA,NA,,
74,التفاهة 💛 @huda.zen1,708.7K,0.5%,Morocco,,212.6K,tiktok,morocco,False,2024,NA,NA,,
75,🐐 @littlemvn,708.4K,-,Morocco,Entertainment and Music Funny,212.5K,tiktok,morocco,False,2024,Music,MAPPED,,Entertainment and Music Funny
76,Anas ❤️🇲🇦 @anasselhamdouchi,706.8K,-,Morocco,Romance and Wedding Travel,212K,tiktok,morocco,False,2024,Beauty&Fashion,MAPPED,,Romance and Wedding Travel
77,Oumi amani @oumiamani,704.8K,-,Morocco,Fashion and Accessories,211.4K,tiktok,morocco,False,2024,Beauty&Fashion,MAPPED,,Fashion and Accessories
78,Soufiane Bencok @soufianebencok,703.3K,-,Morocco,Sports,211K,tiktok,morocco,False,2024,Sports,MAPPED,,Sports
79,ʟᴇ ʀᴏɪ ᴄᴇsᴀʀ @leroicesaroff,696.5K,0.2%,Morocco,,209K,tiktok,morocco,False,2024,NA,NA,,
80,Deux Marocains @riyadetselma,690.8K,-,Morocco,,207.2K,tiktok,morocco,False,2024,NA,NA,,
81,Aminux @amineaminuxoffic,690.5K,-,Morocco,,207.2K,tiktok,morocco,False,2024,NA,NA,,
82,إكرام بكير @ikrambakir00,682.1K,-,Morocco,Entertainment and Music,204.6K,tiktok,morocco,False,2024,Music,MAPPED,,Entertainment and Music
83,zinebelmeski @zinebelmeskiofficiel,678K,-,Morocco,,203.4K,tiktok,morocco,False,2024,NA,NA,,
84,ghizybeauty @ghizybeauty_,672.9K,-,Morocco,Beauty and Self Care,201.9K,tiktok,morocco,False,2024,Beauty&Fashion,MAPPED,,Beauty and Self Care
85,🤡MAROC TIKTOK🤡 @ayoubar555,672.2K,-,Morocco,,201.7K,tiktok,morocco,False,2024,NA,NA,,
86,نصائح من ذهب 🥇🕯 @loubnazeroual,669.9K,-,Morocco,,201K,tiktok,morocco,False,2024,NA,NA,,
87,Life with Nisrine @lifewithnisrine,669.7K,1%,Morocco,,200.9K,tiktok,morocco,False,2024,NA,NA,,
88,Oumaima Elghachii @oumaimaelghachii,668.7K,-,Morocco,,200.6K,tiktok,morocco,False,2024,NA,NA,,
89,Mσhα γαssιη @mohaxyassin,666K,0.8%,Morocco,,199.8K,tiktok,morocco,False,2024,NA,NA,,
90,👑🇲🇦أمير تيك توك 🇲🇦👑 @amirelhamdouchi,664.7K,-,Morocco,,199.4K,tiktok,morocco,False,2024,NA,NA,,
91,Fingerdance @capuchemantv,660.2K,-,Morocco,,198.1K,tiktok,morocco,False,2024,NA,NA,,
92,Meknassia🇲🇦🇲🇦 @meknessiaana1996,658.1K,-,Morocco,,197.4K,tiktok,morocco,False,2024,NA,NA,,
93,tebessiya ❤🙂 @tebessiya0roufaida12,656.7K,-,Morocco,,197K,tiktok,morocco,False,2024,NA,NA,,
94,👌₳ⲘƗ₦Ɇ Ԟ₳Ԟ₳ɌØ₮Ø👌 @aminekakaroto2.0,656.5K,-,Morocco,Entertainment and Music,197K,tiktok,morocco,False,2024,Music,MAPPED,,Entertainment and Music
95,الفاسي 🖤💛 @ilyass_karita4,654.1K,-,Morocco,,196.2K,tiktok,morocco,False,2024,NA,NA,,
96,Oussama Cherif | اسامة شريف @oussamacherifofficial,653.5K,-,Morocco,,196.1K,tiktok,morocco,False,2024,NA,NA,,
97,مروان🌴 @mmbnf,653.2K,-,Morocco,Funny Life and Society Entertainment and Music,196K,tiktok,morocco,False,2024,Knowledge&Info,MAPPED,,Funny Life and Society Entertainment and Music
98,🐊👑𝐿𝑎 𝑅𝑒𝑖𝑛𝑒👑🐊 @khadija_elaamlaoui,651.9K,-,Morocco,Fashion and Accessories,195.6K,tiktok,morocco,False,2024,Beauty&Fashion,MAPPED,,Fashion and Accessories
99,K ᗩ ᖇ ᗩ ᗰ 🥶 @krimozr,648.2K,-,Morocco,,194.5K,tiktok,morocco,False,2024,NA,NA,,
100,Marocchinovero 🇲🇦🇮🇹🫀 @marocchinovero,646.4K,-,Morocco,,193.9K,tiktok,morocco,False,2024,NA,NA,,
1,Rocks&Rolls @rocksrollscandy,1.9M,3%,Netherlands,Arts and Crafts Food Product Showcase,570K,tiktok,netherlands,False,2024,Beauty&Fashion,MAPPED,,Arts and Crafts Food Product Showcase
2,Sights Of Sara @sightsofsara,1.5M,-,Netherlands,Travel,450K,tiktok,netherlands,False,2024,Lifestyle,MAPPED,,Travel
3,infamousharleyquinnn @infamousharleyquinnn,1.4M,-,Netherlands,Animation and Cosplay,420K,tiktok,netherlands,False,2024,Tech&Gaming,MAPPED,,Animation and Cosplay
4,Djamilaly - MeisjeDjamila @djamilaly,1.4M,-,Netherlands,Entertainment and Music,420K,tiktok,netherlands,False,2024,Music,MAPPED,,Entertainment and Music
5,Jerhemy Owen @jerhemynemo,1.2M,-,Netherlands,Nature Education,360K,tiktok,netherlands,False,2024,Knowledge&Info,MAPPED,,Nature Education
6,Nika 💜 @nikaaabo,1.1M,-,Netherlands,Fashion and Accessories Life and Society,330K,tiktok,netherlands,False,2024,Beauty&Fashion,MAPPED,,Fashion and Accessories Life and Society
7,Enzo Knol @enzoknol,1.1M,0.3%,Netherlands,Entertainment and Music,330K,tiktok,netherlands,False,2024,Music,MAPPED,,Entertainment and Music
8,Mitchell @officialswaggie,1M,0.7%,Netherlands,Entertainment and Music,300K,tiktok,netherlands,False,2024,Music,MAPPED,,Entertainment and Music
9,The Voice HQ @thevoicehq,990.6K,-,Netherlands,,297.2K,tiktok,netherlands,False,2024,NA,NA,,
10,Ashley Guijt @ashleyguijt,946.8K,1.6%,Netherlands,Entertainment and Music,284K,tiktok,netherlands,False,2024,Music,MAPPED,,Entertainment and Music
11,Esmee Joanna @esmeejoanna,935K,-,Netherlands,Funny,280.5K,tiktok,netherlands,False,2024,Entertainment,MAPPED,,Funny
12,Dutchtuber @dutchtuber,934.8K,0.1%,Netherlands,,280.4K,tiktok,netherlands,False,2024,NA,NA,,
13,Tiësto @tiesto,932.4K,0.1%,Netherlands,Entertainment and Music,279.7K,tiktok,netherlands,False,2024,Music,MAPPED,,Entertainment and Music
14,Nina Houston @ninahouston_,924.3K,-,Netherlands,,277.3K,tiktok,netherlands,False,2024,NA,NA,,
15,Amy’s Kitchen @cookingwithamyy,917.6K,0.1%,Netherlands,Food,275.3K,tiktok,netherlands,False,2024,Lifestyle,MAPPED,,Food
16,🇳🇱 BEAU 🇳🇱 @beaupotman_,917.1K,-,Netherlands,Entertainment and Music,275.1K,tiktok,netherlands,False,2024,Music,MAPPED,,Entertainment and Music
17,Artbyoums @artbyoums,906.8K,0.1%,Netherlands,Art,272K,tiktok,netherlands,False,2024,Lifestyle,MAPPED,,Art
18,NevermindLisa @nevermindlisa,894.4K,13.8%,Netherlands,Education Life and Society Arts and Crafts DIY and Life Hacks,268.3K,tiktok,netherlands,False,2024,Knowledge&Info,MAPPED,,Education Life and Society Arts and Crafts DIY and Life Hacks
19,Negin Mirsalehi @neginmirsalehi,893.8K,0.3%,Netherlands,,268.1K,tiktok,netherlands,False,2024,NA,NA,,
20,Football @footballszone,881.6K,1%,Netherlands,,264.5K,tiktok,netherlands,False,2024,NA,NA,,
21,Karsten Belt @karstenbelt,871.3K,0.4%,Netherlands,,261.4K,tiktok,netherlands,False,2024,NA,NA,,
22,DeltaLloyd @deltalloyd,864.5K,-,Netherlands,Entertainment and Music,259.4K,tiktok,netherlands,False,2024,Music,MAPPED,,Entertainment and Music
23,Sophie van Oostenbrugge @gainsbybrains,858.6K,-,Netherlands,Fitness,257.6K,tiktok,netherlands,False,2024,Sports,MAPPED,,Fitness
24,fabiocreatez @fabiocreatez,822.6K,-,Netherlands,Art,246.8K,tiktok,netherlands,False,2024,Lifestyle,MAPPED,,Art
25,Anique Dreamon @aniquedreamon,810.1K,0.1%,Netherlands,Entertainment and Music,243K,tiktok,netherlands,False,2024,Music,MAPPED,,Entertainment and Music
26,🦋Anneenmaaike🦋 @anneenmaaike,794.7K,0.3%,Netherlands,Sports,238.4K,tiktok,netherlands,False,2024,Sports,MAPPED,,Sports
27,Wonho Chung @wonhochung,793.5K,-,Netherlands,,238.1K,tiktok,netherlands,False,2024,NA,NA,,
28,jesseziorr @jesseziorr,748.6K,1.2%,Netherlands,,224.6K,tiktok,netherlands,False,2024,NA,NA,,
29,OmercanDeveci @omercandeveci,696.2K,-,Netherlands,,208.9K,tiktok,netherlands,False,2024,NA,NA,,
30,ls @levifrskyum,686.8K,2.5%,Netherlands,,206K,tiktok,netherlands,False,2024,NA,NA,,
31,Armin van Buuren @arminvanbuuren,673.6K,-,Netherlands,,202.1K,tiktok,netherlands,False,2024,NA,NA,,
32,🌟Mylene & Rosanne🌟 @mylenerosanne,668.7K,-,Netherlands,Entertainment and Music Animation and Cosplay,200.6K,tiktok,netherlands,False,2024,Tech&Gaming,MAPPED,,Entertainment and Music Animation and Cosplay
33,Saw Pyae🇳🇱🇳🇱🇳🇱 @sawpaye,666.3K,-,Netherlands,,199.9K,tiktok,netherlands,False,2024,NA,NA,,
34,Vessbroz @vessbroz,640.2K,-,Netherlands,Entertainment and Music,192.1K,tiktok,netherlands,False,2024,Music,MAPPED,,Entertainment and Music
35,kalvijn @kalvijn,639.2K,0.2%,Netherlands,,191.8K,tiktok,netherlands,False,2024,NA,NA,,
36,Jade Konal @jadekonal,638.7K,-,Netherlands,Arts and Crafts Entertainment and Music,191.6K,tiktok,netherlands,False,2024,Music,MAPPED,,Arts and Crafts Entertainment and Music
37,Emma Keuven @emmakeuven,634.4K,-,Netherlands,Beauty and Self Care Fashion and Accessories,190.3K,tiktok,netherlands,False,2024,Beauty&Fashion,MAPPED,,Beauty and Self Care Fashion and Accessories
38,The Ocean Cleanup @theoceancleanup,629.9K,0.3%,Netherlands,Nature,189K,tiktok,netherlands,False,2024,Lifestyle,MAPPED,,Nature
39,Sp_cosplay @sp.cosplay,617.1K,-,Netherlands,,185.1K,tiktok,netherlands,False,2024,NA,NA,,
40,R O S E @numbersixtysix,606.6K,-,Netherlands,Home and Garden,182K,tiktok,netherlands,False,2024,Lifestyle,MAPPED,,Home and Garden
41,Martijn @martijn.md,598.3K,-,Netherlands,Education,179.5K,tiktok,netherlands,False,2024,Knowledge&Info,MAPPED,,Education
42,Abdulaziz Bish @abdulazizbish,592.2K,0.1%,Netherlands,Education,177.7K,tiktok,netherlands,False,2024,Knowledge&Info,MAPPED,,Education
43,jaseyharders @jaseyharders,574.7K,-,Netherlands,Entertainment and Music Funny Life and Society,172.4K,tiktok,netherlands,False,2024,Knowledge&Info,MAPPED,,Entertainment and Music Funny Life and Society
44,Thomas van Grinsven @thomasgrinsven,574.4K,0.3%,Netherlands,,172.3K,tiktok,netherlands,False,2024,NA,NA,,
45,BABYMOENCH @babamoench,565.2K,0.1%,Netherlands,,169.6K,tiktok,netherlands,False,2024,NA,NA,,
46,Dion Visser 🇳🇱 @dionvisser,558.8K,-,Netherlands,,167.6K,tiktok,netherlands,False,2024,NA,NA,,
47,BALANA GAMING @balanagaming,550.7K,0.5%,Netherlands,Video Gaming,165.2K,tiktok,netherlands,False,2024,Tech&Gaming,MAPPED,,Video Gaming
48,Coco @itsbunnycoco,550.5K,0.3%,Netherlands,Pets,165.2K,tiktok,netherlands,False,2024,Lifestyle,MAPPED,,Pets
49,BVD. 🕊 @basvduijvenbode,542.3K,-,Netherlands,Education,162.7K,tiktok,netherlands,False,2024,Knowledge&Info,MAPPED,,Education
50,Robine @robinesalomons,537.9K,-,Netherlands,Arts and Crafts,161.4K,tiktok,netherlands,False,2024,Lifestyle,MAPPED,,Arts and Crafts
51,Jonatan Medart @jonatanmedart1,536K,0.1%,Netherlands,,160.8K,tiktok,netherlands,False,2024,NA,NA,,
52,Thecla @mevrouwtjebestekla,535.8K,0.1%,Netherlands,Entertainment and Music,160.7K,tiktok,netherlands,False,2024,Music,MAPPED,,Entertainment and Music
53,Leothedog @thedognamed.leo,528.9K,-,Netherlands,Animals Pets,158.7K,tiktok,netherlands,False,2024,Lifestyle,MAPPED,,Animals Pets
54,Verenice & Kevin @kevin.verenice,528.2K,-,Netherlands,Entertainment and Music,158.5K,tiktok,netherlands,False,2024,Music,MAPPED,,Entertainment and Music
55,Jesse van Wieren @jessevanwieren,522.2K,-,Netherlands,,156.7K,tiktok,netherlands,False,2024,NA,NA,,
56,Rachel John @racheljohnie,515K,-,Netherlands,Fitness and Health,154.5K,tiktok,netherlands,False,2024,Sports,MAPPED,,Fitness and Health
57,mootje.030 @mootjeyekk0,509.5K,0.5%,Netherlands,,152.9K,tiktok,netherlands,False,2024,NA,NA,,
58,𝙻𝚎𝚜𝚕𝚒𝚎 𝚂𝚊𝚗𝚝𝚝𝚊𝚗𝚊✨ @lesliesanttana1,508.5K,-,Netherlands,,152.6K,tiktok,netherlands,False,2024,NA,NA,,
59,Judithh @waxjudithh,506.5K,-,Netherlands,,152K,tiktok,netherlands,False,2024,NA,NA,,
60,Jason Verspaget @jasonverspaget,505.8K,-,Netherlands,Entertainment and Music,151.7K,tiktok,netherlands,False,2024,Music,MAPPED,,Entertainment and Music
61,roccotnl @roccotnl,504.6K,0.4%,Netherlands,Funny,151.4K,tiktok,netherlands,False,2024,Entertainment,MAPPED,,Funny
62,Chantal @chantalfontein,500.1K,-,Netherlands,Entertainment and Music,150K,tiktok,netherlands,False,2024,Music,MAPPED,,Entertainment and Music
63,Pieter Valley @pietervalley1,495.1K,0.1%,Netherlands,,148.5K,tiktok,netherlands,False,2024,NA,NA,,
64,Bright @brightnl,493.8K,-,Netherlands,Home and Garden,148.1K,tiktok,netherlands,False,2024,Lifestyle,MAPPED,,Home and Garden
65,adje @adje_eljackson,491.9K,-,Netherlands,,147.6K,tiktok,netherlands,False,2024,NA,NA,,
66,Justus van Eijk @justusveijk2.0,488.1K,-,Netherlands,,146.4K,tiktok,netherlands,False,2024,NA,NA,,
67,Ellie LoVeux @ellieloveux,480K,-,Netherlands,Beauty and Self Care,144K,tiktok,netherlands,False,2024,Beauty&Fashion,MAPPED,,Beauty and Self Care
68,Victor Mids (MINDF*CK) @victormids_officieel,476.5K,0.6%,Netherlands,Video Gaming,143K,tiktok,netherlands,False,2024,Tech&Gaming,MAPPED,,Video Gaming
69,Casper®🇳🇱 @theofficialcasper,476.1K,-,Netherlands,Entertainment and Music,142.8K,tiktok,netherlands,False,2024,Music,MAPPED,,Entertainment and Music
70,Roxanne Kwant @roxannekwant,467.4K,0.1%,Netherlands,Entertainment and Music Funny Product Showcase,140.2K,tiktok,netherlands,False,2024,Beauty&Fashion,MAPPED,,Entertainment and Music Funny Product Showcase
71,Troy van Dijk @spicycheesespread,463.8K,-,Netherlands,,139.1K,tiktok,netherlands,False,2024,NA,NA,,
72,noov @novavbrussel,458.2K,0.1%,Netherlands,,137.5K,tiktok,netherlands,False,2024,NA,NA,,
73,Tandartspraktijk Pernis @tandarts,455.5K,-,Netherlands,Business and Finance Health and Medical Services,136.7K,tiktok,netherlands,False,2024,Knowledge&Info,MAPPED,,Business and Finance Health and Medical Services
74,NLing🦋 @_nling_19501,452.7K,-,Netherlands,,135.8K,tiktok,netherlands,False,2024,NA,NA,,
75,Duinrell @duinrell,452.6K,-,Netherlands,,135.8K,tiktok,netherlands,False,2024,NA,NA,,
76,Pich Tanz vlog 🇳🇱 @pichtanzvlog,452.4K,-,Netherlands,,135.7K,tiktok,netherlands,False,2024,NA,NA,,
77,Politie Amsterdam Kim @politieamsterdam,449.3K,-,Netherlands,,134.8K,tiktok,netherlands,False,2024,NA,NA,,
78,❣️TikTok❣️MaMa❤️‍🔥 @99jolay,449.3K,-,Netherlands,,134.8K,tiktok,netherlands,False,2024,NA,NA,,
79,Isabel Kist @isabelkist,446.4K,-,Netherlands,Sports,133.9K,tiktok,netherlands,False,2024,Sports,MAPPED,,Sports
80,TDP® Start Digital Planning @thedailyplanners,445.7K,-,Netherlands,,133.7K,tiktok,netherlands,False,2024,NA,NA,,
81,☠️Adam📓 @adam.killed.god,445.6K,-,Netherlands,,133.7K,tiktok,netherlands,False,2024,NA,NA,,
82,Mondly - Let’s talk freedom @mondly.app,416.8K,-,Netherlands,,125K,tiktok,netherlands,False,2024,NA,NA,,
83,Armada Music @armadamusic,415.2K,-,Netherlands,Entertainment and Music Music,124.6K,tiktok,netherlands,False,2024,Music,MAPPED,,Entertainment and Music Music
84,ROMMYDEBOMMY @rommydebommy,411.5K,7.5%,Netherlands,Fashion and Accessories Arts and Crafts,123.5K,tiktok,netherlands,False,2024,Beauty&Fashion,MAPPED,,Fashion and Accessories Arts and Crafts
85,Xavi Simons @xavisimons,408.1K,0.8%,Netherlands,,122.4K,tiktok,netherlands,False,2024,NA,NA,,
86,Creator Mansion @creatormansion,404.8K,0.3%,Netherlands,,121.4K,tiktok,netherlands,False,2024,NA,NA,,
87,Zach @itszacharias,404.4K,-,Netherlands,,121.3K,tiktok,netherlands,False,2024,NA,NA,,
88,Aimane Charbon @charbonnn,400.7K,0.7%,Netherlands,Entertainment and Music,120.2K,tiktok,netherlands,False,2024,Music,MAPPED,,Entertainment and Music
89,Sander VS @sandervs_,397.2K,-,Netherlands,,119.2K,tiktok,netherlands,False,2024,NA,NA,,
90,Nina @lotteschx,395.3K,-,Netherlands,,118.6K,tiktok,netherlands,False,2024,NA,NA,,
91,Enya van Egmond 🇳🇱 @bionic_pippi,389.1K,-,Netherlands,,116.7K,tiktok,netherlands,False,2024,NA,NA,,
92,minamies❤💘💋 @loveley.mina,385.3K,-,Netherlands,Beauty and Self Care,115.6K,tiktok,netherlands,False,2024,Beauty&Fashion,MAPPED,,Beauty and Self Care
93,Noortjefaas @mssfaas,384.7K,-,Netherlands,,115.4K,tiktok,netherlands,False,2024,NA,NA,,
94,Rituka Dahal @ritukadahal,384K,-,Netherlands,,115.2K,tiktok,netherlands,False,2024,NA,NA,,
95,Thomas Van Der Vlugt @thomasstuktv,383.1K,-,Netherlands,,114.9K,tiktok,netherlands,False,2024,NA,NA,,
96,Connection Interrupted @connectioninterrupted,382.7K,-,Netherlands,,114.8K,tiktok,netherlands,False,2024,NA,NA,,
97,Animeeditss1999 @animeeditss..1999,381K,-,Netherlands,,114.3K,tiktok,netherlands,False,2024,NA,NA,,
98,Cordelia 🍀 @lord.cord,380.8K,-,Netherlands,Entertainment and Music Education,114.2K,tiktok,netherlands,False,2024,Knowledge&Info,MAPPED,,Entertainment and Music Education
99,dilaratelecom @dilaratelecom,379.7K,0.7%,Netherlands,Product Education,113.9K,tiktok,netherlands,False,2024,Knowledge&Info,MAPPED,,Product Education
100,شيف حسين @chefhussein3,378.3K,-,Netherlands,,113.5K,tiktok,netherlands,False,2024,NA,NA,,
1,OLE' CH(4.7M) @oleeo_ch,4.7M,1.4%,Norway,,1.4M,tiktok,norway,False,2024,NA,NA,,
2,The Nylands @thenylands,3.2M,-,Norway,Funny,960K,tiktok,norway,False,2024,Entertainment,MAPPED,,Funny
3,Ingrid Elida @ingridelidaw,2.2M,-,Norway,Arts and Crafts,660K,tiktok,norway,False,2024,Lifestyle,MAPPED,,Arts and Crafts
4,Princess Thea @princess_thea14,2M,-,Norway,Fashion and Accessories,600K,tiktok,norway,False,2024,Beauty&Fashion,MAPPED,,Fashion and Accessories
5,(っ◔◡◔)っ ♥ Anna Lena Strigl ♥ @anna_strigl,2M,-,Norway,Animation and Cosplay,600K,tiktok,norway,False,2024,Tech&Gaming,MAPPED,,Animation and Cosplay
6,Alexander Rybak @alexrybakofficial,1.9M,-,Norway,Entertainment and Music,570K,tiktok,norway,False,2024,Music,MAPPED,,Entertainment and Music
7,Are Evensen @aer.ey,1.5M,-,Norway,Life and Society,450K,tiktok,norway,False,2024,Knowledge&Info,MAPPED,,Life and Society
8,Julius Chezame Treike @chezame_official,1.1M,-,Norway,,330K,tiktok,norway,False,2024,NA,NA,,
9,Beppa @grandpabeppa_,960.6K,-,Norway,Entertainment and Music,288.2K,tiktok,norway,False,2024,Music,MAPPED,,Entertainment and Music
10,Chicco Mattos @chiccomattos,938.8K,-,Norway,,281.6K,tiktok,norway,False,2024,NA,NA,,
11,Frost_Cos @frost_cos,918.4K,-,Norway,Animation and Cosplay,275.5K,tiktok,norway,False,2024,Tech&Gaming,MAPPED,,Animation and Cosplay
12,Sabina Majaliwa @sabinamajaliwa,883.5K,-,Norway,,265.1K,tiktok,norway,False,2024,NA,NA,,
13,❄️keanu❄️ @xx.devilzach.xx,727.1K,0.4%,Norway,,218.1K,tiktok,norway,False,2024,NA,NA,,
14,Fredrik•skoglund @fredrikskoglundd,665.7K,0.3%,Norway,,199.7K,tiktok,norway,False,2024,NA,NA,,
15,Pia Notøy @pia.notoy,654.8K,-,Norway,,196.4K,tiktok,norway,False,2024,NA,NA,,
16,Memes every day @memes_dont_laugh,646.1K,4.2%,Norway,,193.8K,tiktok,norway,False,2024,NA,NA,,
17,JuliasPhouse @juliasphouse,620.4K,-,Norway,Home and Garden Life and Society,186.1K,tiktok,norway,False,2024,Knowledge&Info,MAPPED,,Home and Garden Life and Society
18,Ole Mørland Johnsen @highonflips,618K,-,Norway,Outdoor Activity Sports Entertainment and Music,185.4K,tiktok,norway,False,2024,Sports,MAPPED,,Outdoor Activity Sports Entertainment and Music
19,PainHubFamily @painhubfamily,614.6K,0.5%,Norway,,184.4K,tiktok,norway,False,2024,NA,NA,,
20,Espen Hatleskog @pilotviking,609K,-,Norway,,182.7K,tiktok,norway,False,2024,NA,NA,,
21,Nikko🔥🔥 @nikko115,591.6K,-,Norway,Food,177.5K,tiktok,norway,False,2024,Lifestyle,MAPPED,,Food
22,Edel Charlotte @edel_fosse,523.5K,-,Norway,,157.1K,tiktok,norway,False,2024,NA,NA,,
23,Made by MARV @madebymarv_,518K,0.1%,Norway,,155.4K,tiktok,norway,False,2024,NA,NA,,
24,Jacki @jacki_art_03,506.8K,-,Norway,,152K,tiktok,norway,False,2024,NA,NA,,
25,Nettpatruljen Vest @politivest,506.4K,0.1%,Norway,Education Life and Society,151.9K,tiktok,norway,False,2024,Knowledge&Info,MAPPED,,Education Life and Society
26,Nicholas Løken @nikkoloken,502K,-,Norway,,150.6K,tiktok,norway,False,2024,NA,NA,,
27,wes_pres @wes_pres,499.6K,-,Norway,Outdoor Activity,149.9K,tiktok,norway,False,2024,Sports,MAPPED,,Outdoor Activity
28,Joseph BwaeOriginal @josbruh_original,488.8K,-,Norway,,146.6K,tiktok,norway,False,2024,NA,NA,,
29,Mili Vada @reallymili,464.8K,-,Norway,Beauty and Self Care Funny,139.4K,tiktok,norway,False,2024,Beauty&Fashion,MAPPED,,Beauty and Self Care Funny
30,TikTok the Nordics @tiktoknordics,437.4K,0.1%,Norway,,131.2K,tiktok,norway,False,2024,NA,NA,,
31,Mathias Utter Ronander @mathiasronander,426.6K,0.1%,Norway,,128K,tiktok,norway,False,2024,NA,NA,,
32,William @williamgamborg,425.4K,-,Norway,,127.6K,tiktok,norway,False,2024,NA,NA,,
33,mainecoonqueens @mainecoonqueens,423.3K,-,Norway,Animals Pets,127K,tiktok,norway,False,2024,Lifestyle,MAPPED,,Animals Pets
34,محمود_قنطوش @kantoshofficial,420.6K,-,Norway,Acting and Drama Celebrity,126.2K,tiktok,norway,False,2024,Entertainment,MAPPED,,Acting and Drama Celebrity
35,Godofviking @godofviking,416.9K,-,Norway,,125.1K,tiktok,norway,False,2024,NA,NA,,
36,Maria Juterud @mariajuterud,414.9K,20.5%,Norway,Fashion and Accessories,124.5K,tiktok,norway,False,2024,Beauty&Fashion,MAPPED,,Fashion and Accessories
37,Minikim @minitoks,414.5K,-,Norway,,124.4K,tiktok,norway,False,2024,NA,NA,,
38,Malindahlewesterlund @malindahlewesterlund,403.1K,0.3%,Norway,,120.9K,tiktok,norway,False,2024,NA,NA,,
39,Amalie Olsen Gjersøe @amalieolsengjerse,390.4K,-,Norway,,117.1K,tiktok,norway,False,2024,NA,NA,,
40,Home of Handball @homeofhandball,387.1K,-,Norway,Sports,116.1K,tiktok,norway,False,2024,Sports,MAPPED,,Sports
41,Kygo @kygomusic,379.7K,-,Norway,,113.9K,tiktok,norway,False,2024,NA,NA,,
42,Game-On! @gameon.no,377.7K,0.1%,Norway,,113.3K,tiktok,norway,False,2024,NA,NA,,
43,PinkPeopleDontWantHair @pinkpeopledontwanthair,376.4K,0.2%,Norway,,112.9K,tiktok,norway,False,2024,NA,NA,,
44,Zara Cecilie @zaracecilie,369.3K,-,Norway,Beauty and Self Care,110.8K,tiktok,norway,False,2024,Beauty&Fashion,MAPPED,,Beauty and Self Care
45,<33 @xxxidkxxx1234,367.9K,17.2%,Norway,,110.4K,tiktok,norway,False,2024,NA,NA,,
46,Stop tagging me you fat pig @2012ferrari,366.2K,0.2%,Norway,,109.9K,tiktok,norway,False,2024,NA,NA,,
47,sofie @swagsof,365.8K,0.1%,Norway,,109.7K,tiktok,norway,False,2024,NA,NA,,
48,K.a.w.a🇳🇴 @kawahoro5,365.4K,-,Norway,,109.6K,tiktok,norway,False,2024,NA,NA,,
49,Leon Gillies Mannes @leonstreetskills,359.2K,0.8%,Norway,,107.8K,tiktok,norway,False,2024,NA,NA,,
50,lil Wayne @lilwayne__,358.6K,2.3%,Norway,,107.6K,tiktok,norway,False,2024,NA,NA,,
51,Henrik Moen @henrikmoeen,354K,0.2%,Norway,,106.2K,tiktok,norway,False,2024,NA,NA,,
52,Kristine Heart 🧿 @kristineheartsalvatierra,353K,-,Norway,,105.9K,tiktok,norway,False,2024,NA,NA,,
53,🎸🎸😍 @pearrr_,352.9K,-,Norway,,105.9K,tiktok,norway,False,2024,NA,NA,,
54,anika 🍀 @fawnings,345.3K,-,Norway,,103.6K,tiktok,norway,False,2024,NA,NA,,
55,Emma Ellingsen @emmathevampireslayer,341K,0.1%,Norway,Arts and Crafts,102.3K,tiktok,norway,False,2024,Lifestyle,MAPPED,,Arts and Crafts
56,🇺🇦 IDIOT SANDWICH 🇺🇦 @jopux,337.6K,-,Norway,,101.3K,tiktok,norway,False,2024,NA,NA,,
57,jenniesofie @jenniessofie,333.6K,-,Norway,Education Entertainment and Music,100.1K,tiktok,norway,False,2024,Knowledge&Info,MAPPED,,Education Entertainment and Music
58,toca._.boca._.vid.s @toca._.boca._.vid.s,331K,-,Norway,,99.3K,tiktok,norway,False,2024,NA,NA,,
59,Lina @georgiannaa25,324K,-,Norway,,97.2K,tiktok,norway,False,2024,NA,NA,,
60,ælya @plincesalya,307.1K,-,Norway,,92.1K,tiktok,norway,False,2024,NA,NA,,
61,CBUM @chrisbumbeast,304K,0.1%,Norway,,91.2K,tiktok,norway,False,2024,NA,NA,,
62,🥑avocado🥑 @we_are_the_clowns,298.9K,-,Norway,,89.7K,tiktok,norway,False,2024,NA,NA,,
63,✨ Frieda & Henry ✨ @cats.friedaandhenry,295.3K,-,Norway,Pets,88.6K,tiktok,norway,False,2024,Lifestyle,MAPPED,,Pets
64,Yasmin Hero @yasminheroo,294K,-,Norway,,88.2K,tiktok,norway,False,2024,NA,NA,,
65,Acting Animagus @actinganimagus,293.4K,-,Norway,Animation and Cosplay,88K,tiktok,norway,False,2024,Tech&Gaming,MAPPED,,Animation and Cosplay
66,Arne Haugland @avhaugland,293.1K,-,Norway,,87.9K,tiktok,norway,False,2024,NA,NA,,
67,Nettpatruljen Sør-V @politisorvest,288.7K,-,Norway,,86.6K,tiktok,norway,False,2024,NA,NA,,
68,Linnealotvedt @linnealotvedt,286.1K,-,Norway,Travel,85.8K,tiktok,norway,False,2024,Lifestyle,MAPPED,,Travel
69,Thor Rosland @thorrosland,284.1K,-,Norway,,85.2K,tiktok,norway,False,2024,NA,NA,,
70,norisen1 @norisen1,281.4K,-,Norway,,84.4K,tiktok,norway,False,2024,NA,NA,,
71,The Norwegian Family @thenorwegian.family,279K,-,Norway,family,83.7K,tiktok,norway,False,2024,Lifestyle,MAPPED,,family
72,Brø Rërn @user7325244156950,277.9K,-,Norway,Entertainment and Music,83.4K,tiktok,norway,False,2024,Music,MAPPED,,Entertainment and Music
73,FotballShop @fotballshop,275.8K,0.3%,Norway,,82.7K,tiktok,norway,False,2024,NA,NA,,
74,411.MAGAZINE @411magazine,274.4K,-,Norway,Music,82.3K,tiktok,norway,False,2024,Music,MAPPED,,Music
75,Nora and Melinda @noraandmelinda,270.9K,4.6%,Norway,,81.3K,tiktok,norway,False,2024,NA,NA,,
76,simattnicolai @mattnicolai.11,267K,-,Norway,,80.1K,tiktok,norway,False,2024,NA,NA,,
77,David Mokel @davidmokel16,265.6K,0.2%,Norway,Entertainment and Music,79.7K,tiktok,norway,False,2024,Music,MAPPED,,Entertainment and Music
78,Ariel Andreassen @arielandreassen,264.3K,-,Norway,Fitness and Health,79.3K,tiktok,norway,False,2024,Sports,MAPPED,,Fitness and Health
79,Jarle Kalseth @kalsethjarle,260.5K,-,Norway,Entertainment and Music,78.2K,tiktok,norway,False,2024,Music,MAPPED,,Entertainment and Music
80,Louisa Warwin @icequeenlouisa,256.2K,-,Norway,,76.9K,tiktok,norway,False,2024,NA,NA,,
81,Annelenebre @annelenebre,253.9K,-,Norway,Entertainment and Music,76.2K,tiktok,norway,False,2024,Music,MAPPED,,Entertainment and Music
82,الخاااااااال @alkhal939393,252K,-,Norway,,75.6K,tiktok,norway,False,2024,NA,NA,,
83,HaraldSandvik @haraldsandvik98,251.8K,-,Norway,Travel,75.5K,tiktok,norway,False,2024,Lifestyle,MAPPED,,Travel
84,Sondre Guttormsen @sondre_pv,251.6K,-,Norway,Sports,75.5K,tiktok,norway,False,2024,Sports,MAPPED,,Sports
85,Painter_Isse @painter_isse,249K,-,Norway,Arts and Crafts Automotive,74.7K,tiktok,norway,False,2024,Tech&Gaming,MAPPED,,Arts and Crafts Automotive
86,Gucciflako @mr.abbosi,241.1K,0.4%,Norway,,72.3K,tiktok,norway,False,2024,NA,NA,,
87,Andrea @andreaurh,240.9K,-,Norway,,72.3K,tiktok,norway,False,2024,NA,NA,,
88,weldhub @weldhub2.0,239.5K,-,Norway,,71.9K,tiktok,norway,False,2024,NA,NA,,
89,Edda @eddlon,235.5K,-,Norway,Animals,70.7K,tiktok,norway,False,2024,Lifestyle,MAPPED,,Animals
90,Bernie Bergan @berniebergan,232.4K,-,Norway,,69.7K,tiktok,norway,False,2024,NA,NA,,
91,Karoline Krøvel @karokul,229.9K,-,Norway,Fashion and Accessories,69K,tiktok,norway,False,2024,Beauty&Fashion,MAPPED,,Fashion and Accessories
92,Bread By Elise @breadbyelisecom,225.6K,0.6%,Norway,Food Product Education,67.7K,tiktok,norway,False,2024,Knowledge&Info,MAPPED,,Food Product Education
93,SALKE ONE @salkeone,225.3K,-,Norway,,67.6K,tiktok,norway,False,2024,NA,NA,,
94,Marius! @marius_2008_,222.4K,-,Norway,,66.7K,tiktok,norway,False,2024,NA,NA,,
95,Maren YS🧋 @mysismys,221K,-,Norway,Entertainment and Music,66.3K,tiktok,norway,False,2024,Music,MAPPED,,Entertainment and Music
96,Reimar Berge @reimarito,216.6K,0.5%,Norway,,65K,tiktok,norway,False,2024,NA,NA,,
97,Nalla @valhallangel,213.8K,-,Norway,,64.1K,tiktok,norway,False,2024,NA,NA,,
98,Liv Gravdahl @hurryliv,212.5K,-,Norway,Home and Garden,63.8K,tiktok,norway,False,2024,Lifestyle,MAPPED,,Home and Garden
99,Sabina Marthinsen @sabinaa123456,210.1K,-,Norway,Animals,63K,tiktok,norway,False,2024,Lifestyle,MAPPED,,Animals
100,Christian Wedoy @christianwedoy,209.2K,-,Norway,Entertainment and Music,62.8K,tiktok,norway,False,2024,Music,MAPPED,,Entertainment and Music
1,Mehak Malik official @mehakmalikofficial578,10.3M,-,Pakistan,,3.1M,tiktok,pakistan,False,2024,NA,NA,,
2,Asad ali |🇵🇰 @asadaliofficiall,7.1M,-,Pakistan,,2.1M,tiktok,pakistan,False,2024,NA,NA,,
3,Gul Panra @gulpanra888,3.5M,-,Pakistan,Entertainment and Music Music,1.1M,tiktok,pakistan,False,2024,Music,MAPPED,,Entertainment and Music Music
4,Babarmalik @babarmalik68,3.1M,-,Pakistan,,930K,tiktok,pakistan,False,2024,NA,NA,,
5,Fiza Shearnii🦁💪🏻 @mano_jatti,2.9M,-,Pakistan,Entertainment and Music Acting and Drama Celebrity,870K,tiktok,pakistan,False,2024,Music,MAPPED,,Entertainment and Music Acting and Drama Celebrity
6,🇵🇰LaLagee_786👍 @lalagee786,2.8M,-,Pakistan,,840K,tiktok,pakistan,False,2024,NA,NA,,
7,🇵🇰 Horain Khan @horainkhan123officiall,2.6M,-,Pakistan,,780K,tiktok,pakistan,False,2024,NA,NA,,
8,Bota Don @botadonfsd,2.5M,-,Pakistan,,750K,tiktok,pakistan,False,2024,NA,NA,,
9,🧿Makeup Artist 🧿 @where_is_my_ring,2.5M,-,Pakistan,Beauty,750K,tiktok,pakistan,False,2024,Beauty&Fashion,MAPPED,,Beauty
10,Umair Bajwa @umairbajwa22,2.4M,-,Pakistan,,720K,tiktok,pakistan,False,2024,NA,NA,,
11,Muhammad Arslan Afzal @motivational_videos_786,2.3M,-,Pakistan,,690K,tiktok,pakistan,False,2024,NA,NA,,
12,Danish Meher @danish_meher,2.2M,-,Pakistan,Auto and Vehicles Automotive,660K,tiktok,pakistan,False,2024,Tech&Gaming,MAPPED,,Auto and Vehicles Automotive
13,Usman RAjPOOT @usmanrajpoot711,2.1M,-,Pakistan,,630K,tiktok,pakistan,False,2024,NA,NA,,
14,Paroo Peshawar @paroopeshawar,2.1M,-,Pakistan,Education,630K,tiktok,pakistan,False,2024,Knowledge&Info,MAPPED,,Education
15,Allauddin Noor M @mr_aadi__05,2.1M,-,Pakistan,,630K,tiktok,pakistan,False,2024,NA,NA,,
16,Shakeelmehar009 @shakeel.mehar009,2M,-,Pakistan,,600K,tiktok,pakistan,False,2024,NA,NA,,
17,Bushii 👸 @bushragulfam.123,2M,-,Pakistan,Entertainment and Music,600K,tiktok,pakistan,False,2024,Music,MAPPED,,Entertainment and Music
18,Ghani Tiger @ghani.tiger786,1.8M,-,Pakistan,,540K,tiktok,pakistan,False,2024,NA,NA,,
19,Amna Nasir @amnanasir4,1.8M,-,Pakistan,,540K,tiktok,pakistan,False,2024,NA,NA,,
20,chacha pakistani @chachapakistani,1.8M,-,Pakistan,,540K,tiktok,pakistan,False,2024,NA,NA,,
21,Shah.Badshah @shah_badshah151214,1.8M,-,Pakistan,,540K,tiktok,pakistan,False,2024,NA,NA,,
22,Azam Arts @azamarts,1.7M,-,Pakistan,Arts and Crafts,510K,tiktok,pakistan,False,2024,Lifestyle,MAPPED,,Arts and Crafts
23,Salman Mumtaz @salmanmumtaz1,1.6M,-,Pakistan,,480K,tiktok,pakistan,False,2024,NA,NA,,
24,Syed Mukkaram 📸 @mukkaram1122,1.5M,-,Pakistan,,450K,tiktok,pakistan,False,2024,NA,NA,,
25,Saba Raza @sabarazaofficial,1.5M,-,Pakistan,,450K,tiktok,pakistan,False,2024,NA,NA,,
26,Muslim Boy❤️ @waqarvicky298,1.5M,-,Pakistan,,450K,tiktok,pakistan,False,2024,NA,NA,,
27,Prince of Charsadda🤴 @imtiazkhan191,1.4M,-,Pakistan,,420K,tiktok,pakistan,False,2024,NA,NA,,
28,Emanmitho 🥰 @emanmitho,1.4M,-,Pakistan,,420K,tiktok,pakistan,False,2024,NA,NA,,
29,jam💞safdar @jamsafdar0786,1.4M,-,Pakistan,,420K,tiktok,pakistan,False,2024,NA,NA,,
30,shabbir454 @shabbir454,1.4M,-,Pakistan,,420K,tiktok,pakistan,False,2024,NA,NA,,
31,EnglishWithSamad @englishwithsamad,1.4M,-,Pakistan,Education Upskilling,420K,tiktok,pakistan,False,2024,Knowledge&Info,MAPPED,,Education Upskilling
32,💞🇵🇰 Sara 🇵🇰💞 @sarasonisara,1.3M,-,Pakistan,,390K,tiktok,pakistan,False,2024,NA,NA,,
33,riz @culturekingdom,1.3M,-,Pakistan,Entertainment and Music Sports,390K,tiktok,pakistan,False,2024,Sports,MAPPED,,Entertainment and Music Sports
34,Garena Free Fire Pakistan @garenafreefirepkofficial,1.3M,-,Pakistan,Games,390K,tiktok,pakistan,False,2024,Tech&Gaming,MAPPED,,Games
35,Sahib Xada @sahibxada5,1.3M,-,Pakistan,,390K,tiktok,pakistan,False,2024,NA,NA,,
36,🦁 Khurram Gujjar 🦁 @khurramgujjar99,1.3M,-,Pakistan,,390K,tiktok,pakistan,False,2024,NA,NA,,
37,HUM TV @humtv_pakistan,1.2M,-,Pakistan,Entertainment and Music,360K,tiktok,pakistan,False,2024,Music,MAPPED,,Entertainment and Music
38,Jawad Khan @jawadkhan81,1.1M,-,Pakistan,,330K,tiktok,pakistan,False,2024,NA,NA,,
39,Junaid Khan Advocate @junaidkhanadvocate,1.1M,-,Pakistan,,330K,tiktok,pakistan,False,2024,NA,NA,,
40,Zen Ul Abdin @zenulabdin01,1.1M,-,Pakistan,,330K,tiktok,pakistan,False,2024,NA,NA,,
41,✨Manahil Jabeen✨ @heyitsmeminah,1.1M,-,Pakistan,,330K,tiktok,pakistan,False,2024,NA,NA,,
42,billiwala12 @billiwala12,1M,-,Pakistan,,300K,tiktok,pakistan,False,2024,NA,NA,,
43,Waqar_Chishti Poetry.s @sahibzada_waqar_officia1,998.6K,-,Pakistan,,299.6K,tiktok,pakistan,False,2024,NA,NA,,
44,🔥 AhmaD Jee 🔥 @ahmad_jee7,998.5K,-,Pakistan,,299.6K,tiktok,pakistan,False,2024,NA,NA,,
45,Hadassah Boaz @hadassahboaz,994.7K,-,Pakistan,,298.4K,tiktok,pakistan,False,2024,NA,NA,,
46,PTI OFFICIAL @pti.official,990.4K,-,Pakistan,,297.1K,tiktok,pakistan,False,2024,NA,NA,,
47,sadamhussain757 @sadamhussain757,984.6K,0.1%,Pakistan,,295.4K,tiktok,pakistan,False,2024,NA,NA,,
48,❤️iqu💑Dani❤️ @iqu_dani,984.3K,-,Pakistan,,295.3K,tiktok,pakistan,False,2024,NA,NA,,
49,Suzain Fatima @suzainfatimaofficial,983.4K,-,Pakistan,Acting and Drama,295K,tiktok,pakistan,False,2024,Entertainment,MAPPED,,Acting and Drama
50,🔥Fanni rajput🔥 @afnanrajput01,982.3K,-,Pakistan,,294.7K,tiktok,pakistan,False,2024,NA,NA,,
51,🔥 MR. DK 🔥 @_dawood_khan,981.1K,-,Pakistan,,294.3K,tiktok,pakistan,False,2024,NA,NA,,
52,Annabuttab @annabuttab,975.6K,-,Pakistan,,292.7K,tiktok,pakistan,False,2024,NA,NA,,
53,Deshi Nazir Mazari @nazirahmed93,973.8K,-,Pakistan,,292.1K,tiktok,pakistan,False,2024,NA,NA,,
54,Mannat Malik @mannatmalikofficial511,973.6K,-,Pakistan,,292.1K,tiktok,pakistan,False,2024,NA,NA,,
55,👑 Waleed Malik 👑 @waleedmalik09,972.6K,-,Pakistan,,291.8K,tiktok,pakistan,False,2024,NA,NA,,
56,Muhammad Haseeb🦁 @mr._.haseeb78,971.3K,-,Pakistan,,291.4K,tiktok,pakistan,False,2024,NA,NA,,
57,@_it's Laiba ❤️ @laibasahikh,969K,-,Pakistan,,290.7K,tiktok,pakistan,False,2024,NA,NA,,
58,👑sunny baba288👑 @sunny.baba88,966.1K,-,Pakistan,,289.8K,tiktok,pakistan,False,2024,NA,NA,,
59,Rajpoot💞 @abdul_manan882,960.4K,-,Pakistan,,288.1K,tiktok,pakistan,False,2024,NA,NA,,
60,zahid pehalwan @zahidpehalwan333,960.2K,-,Pakistan,,288.1K,tiktok,pakistan,False,2024,NA,NA,,
61,hummy @hamzabutt8736,959.4K,-,Pakistan,,287.8K,tiktok,pakistan,False,2024,NA,NA,,
62,Ch.hassan9999 @ch.hassan9999,958.9K,-,Pakistan,,287.7K,tiktok,pakistan,False,2024,NA,NA,,
63,Mehak Jaan @mehakjaan17,957.4K,-,Pakistan,,287.2K,tiktok,pakistan,False,2024,NA,NA,,
64,Haidar Khan @haidarkhan25,956.8K,-,Pakistan,Romance and Wedding,287K,tiktok,pakistan,False,2024,Beauty&Fashion,MAPPED,,Romance and Wedding
65,✞ঔৣH̷ЇÐÐɆ₦༒ǤЇЯŁঔৣ✞ @_ki_t_,954.5K,-,Pakistan,,286.4K,tiktok,pakistan,False,2024,NA,NA,,
66,@malik anayat baloch @malikanayat,952.2K,0.2%,Pakistan,,285.7K,tiktok,pakistan,False,2024,NA,NA,,
67,Vickky_writes ☑️⚡⚡ @itz__saim08,951.4K,-,Pakistan,,285.4K,tiktok,pakistan,False,2024,NA,NA,,
68,Zahra Javed 👑 @zahra_jay,951.3K,-,Pakistan,,285.4K,tiktok,pakistan,False,2024,NA,NA,,
69,Akbar Ali® @makhdoomi_83,951.1K,-,Pakistan,,285.3K,tiktok,pakistan,False,2024,NA,NA,,
70,🔥WaQaR🔥 @innocent_waqar92,949.9K,-,Pakistan,,285K,tiktok,pakistan,False,2024,NA,NA,,
71,"🌺 ""Queen"" 🌺 @ezza124",948.2K,-,Pakistan,,284.5K,tiktok,pakistan,False,2024,NA,NA,,
72,آخری امید 🥀 @akhari.umeed,947.5K,-,Pakistan,,284.3K,tiktok,pakistan,False,2024,NA,NA,,
73,Mahar Waqar @moonie.official,947.2K,-,Pakistan,,284.2K,tiktok,pakistan,False,2024,NA,NA,,
74,❤️Maryam Ali ♥️ @maryamali5996,946.9K,-,Pakistan,,284.1K,tiktok,pakistan,False,2024,NA,NA,,
75,Lishay @alishbahanjum687,946.3K,-,Pakistan,,283.9K,tiktok,pakistan,False,2024,NA,NA,,
76,Sehar Khan @official_seharkhan,942.3K,-,Pakistan,,282.7K,tiktok,pakistan,False,2024,NA,NA,,
77,Muazzam King @muazzam.king,941K,-,Pakistan,Acting and Drama,282.3K,tiktok,pakistan,False,2024,Entertainment,MAPPED,,Acting and Drama
78,Iconic NAVID @navidthestar.official,940.3K,-,Pakistan,,282.1K,tiktok,pakistan,False,2024,NA,NA,,
79,Arbaz Khan @arbazkhanworld,938K,-,Pakistan,,281.4K,tiktok,pakistan,False,2024,NA,NA,,
80,Aizaz ❤ zooo @aizazkhan_302,935.3K,-,Pakistan,,280.6K,tiktok,pakistan,False,2024,NA,NA,,
81,Noor Hassan @noorhassan17,933.9K,-,Pakistan,,280.2K,tiktok,pakistan,False,2024,NA,NA,,
82,@Zddi JONI🥰 @mhrjunaid,933.7K,-,Pakistan,,280.1K,tiktok,pakistan,False,2024,NA,NA,,
83,ARY DIGITAL @arydigitalasia,931.4K,-,Pakistan,Entertainment and Music,279.4K,tiktok,pakistan,False,2024,Music,MAPPED,,Entertainment and Music
84,faisi&sid❣️❣️ @sidch_faisi,929.2K,-,Pakistan,,278.8K,tiktok,pakistan,False,2024,NA,NA,,
85,Shah jahan @shahjahan.dgkhan,928.1K,-,Pakistan,,278.4K,tiktok,pakistan,False,2024,NA,NA,,
86,T Z 🥀 @talhakhan529,925K,-,Pakistan,,277.5K,tiktok,pakistan,False,2024,NA,NA,,
87,❤️ Ubbi Jaan ❤️ @ubbijaan0,921.5K,-,Pakistan,,276.5K,tiktok,pakistan,False,2024,NA,NA,,
88,Abiha* @abiha_naqvi16,917.2K,-,Pakistan,,275.2K,tiktok,pakistan,False,2024,NA,NA,,
89,jaankhan @kashif_niazii,916.9K,-,Pakistan,,275.1K,tiktok,pakistan,False,2024,NA,NA,,
90,🔥Muna Rajput🔥 @user5121472512140,916.6K,-,Pakistan,,275K,tiktok,pakistan,False,2024,NA,NA,,
91,❤️‍🔥BAWA G GUJRAT❤️‍🔥 @sofi_gujjratan,916.1K,-,Pakistan,,274.8K,tiktok,pakistan,False,2024,NA,NA,,
92,ALi Mughal @alibahi9t9,914.1K,-,Pakistan,,274.2K,tiktok,pakistan,False,2024,NA,NA,,
93,Syed Shahzeb @syed_shahzeb,913.2K,-,Pakistan,,274K,tiktok,pakistan,False,2024,NA,NA,,
94,Ayeshakhan 🇵🇰 @i_ayesha_here,910.8K,-,Pakistan,Beauty,273.2K,tiktok,pakistan,False,2024,Beauty&Fashion,MAPPED,,Beauty
95,🔥 ShAmEzAi 🔥 @shamezai_4455,910.5K,-,Pakistan,,273.2K,tiktok,pakistan,False,2024,NA,NA,,
96,Subhan Makeup Artist @subhanmakeupartist06,907.4K,-,Pakistan,Beauty and Self Care,272.2K,tiktok,pakistan,False,2024,Beauty&Fashion,MAPPED,,Beauty and Self Care
97,Zergoon Amanullah @zergoon.ly,904.4K,-,Pakistan,,271.3K,tiktok,pakistan,False,2024,NA,NA,,
98,Mr.Sheryz wedding’s 📷 @mrsheryz,900.4K,-,Pakistan,Photography Romance and Wedding,270.1K,tiktok,pakistan,False,2024,Beauty&Fashion,MAPPED,,Photography Romance and Wedding
99,jimmy junaid🌟 @jimmy_junaid,900.1K,-,Pakistan,,270K,tiktok,pakistan,False,2024,NA,NA,,
100,asim.ansari01 @asim.ansari01,897.8K,-,Pakistan,,269.3K,tiktok,pakistan,False,2024,NA,NA,,
1,Omega Berrio 🇵🇦😎 @omegaberrio,2.7M,-,Panama,Entertainment and Music,810K,tiktok,panama,False,2024,Music,MAPPED,,Entertainment and Music
2,bing bing @bingbing.market,1.6M,-,Panama,Arts and Crafts,480K,tiktok,panama,False,2024,Lifestyle,MAPPED,,Arts and Crafts
3,BARBIE 🇵🇦 @_barbieross,965.7K,-,Panama,,289.7K,tiktok,panama,False,2024,NA,NA,,
4,jflow @jflow_507,928.5K,-,Panama,,278.6K,tiktok,panama,False,2024,NA,NA,,
5,Karen @kkarenlauu,764.1K,-,Panama,,229.2K,tiktok,panama,False,2024,NA,NA,,
6,paola viale @paolaaviale,763.5K,-,Panama,Fitness Fashion,229.1K,tiktok,panama,False,2024,Sports,MAPPED,,Fitness Fashion
7,💕 Karly 💕 @holakarlyland,759.5K,-,Panama,,227.9K,tiktok,panama,False,2024,NA,NA,,
8,Katherine Cruz⚡️ @kathcrush,742.6K,-,Panama,Entertainment and Music,222.8K,tiktok,panama,False,2024,Music,MAPPED,,Entertainment and Music
9,Alex @mynameisalex___,732K,-,Panama,,219.6K,tiktok,panama,False,2024,NA,NA,,
10,Urane viviana @urane_viviana_01,725.2K,-,Panama,,217.6K,tiktok,panama,False,2024,NA,NA,,
11,Sofi @hatecheeselovepizza,712.2K,-,Panama,,213.7K,tiktok,panama,False,2024,NA,NA,,
12,cindyortega0093 @china2789new,684.2K,-,Panama,,205.3K,tiktok,panama,False,2024,NA,NA,,
13,Henry Alexander @henrryalexanderpty,656.5K,0.1%,Panama,,197K,tiktok,panama,False,2024,NA,NA,,
14,ZLOTHRIC 2.0 @zlothric2.0,656.3K,1.1%,Panama,Food,196.9K,tiktok,panama,False,2024,Lifestyle,MAPPED,,Food
15,Brian Andre @brianandres_,647.2K,-,Panama,Funny,194.2K,tiktok,panama,False,2024,Entertainment,MAPPED,,Funny
16,Sechmusic @sechmusicoficial,646.4K,-,Panama,Entertainment and Music,193.9K,tiktok,panama,False,2024,Music,MAPPED,,Entertainment and Music
17,Elisama @elisama.a.a,625.2K,-,Panama,,187.6K,tiktok,panama,False,2024,NA,NA,,
18,Mateo @mateop8690,620.1K,-,Panama,,186K,tiktok,panama,False,2024,NA,NA,,
19,Nathalie Pino @nathaliepino1,607.6K,-,Panama,,182.3K,tiktok,panama,False,2024,NA,NA,,
20,Irisbeilin @irisbeilin,595.7K,-,Panama,Beauty and Self Care,178.7K,tiktok,panama,False,2024,Beauty&Fashion,MAPPED,,Beauty and Self Care
21,Ana Lorena Ronco @lorena_ronco,581K,-,Panama,,174.3K,tiktok,panama,False,2024,NA,NA,,
22,ivaneloy @ivaneloy0,566.5K,-,Panama,,170K,tiktok,panama,False,2024,NA,NA,,
23,David.Mojica @davidmojica217,562.2K,0.1%,Panama,Pets,168.7K,tiktok,panama,False,2024,Lifestyle,MAPPED,,Pets
24,Jay Wheeler Panamá 🇵🇦 @jaywheelerpa,557.2K,0.2%,Panama,Entertainment and Music,167.2K,tiktok,panama,False,2024,Music,MAPPED,,Entertainment and Music
25,La_VozKid_Global @la_vozkid_global,553K,-,Panama,,165.9K,tiktok,panama,False,2024,NA,NA,,
26,상사 @lion_sangsa,551.6K,-,Panama,,165.5K,tiktok,panama,False,2024,NA,NA,,
27,Mr. Bucktron👨🏽‍💻 @rogeliobucktronar,543.5K,0.2%,Panama,Education Arts and Crafts,163.1K,tiktok,panama,False,2024,Knowledge&Info,MAPPED,,Education Arts and Crafts
28,joeymontanaoficial @joeymontanaoficial,542.2K,-,Panama,,162.7K,tiktok,panama,False,2024,NA,NA,,
29,Katherine cruz⚡️ @katherinecruzmm,532.6K,0.5%,Panama,,159.8K,tiktok,panama,False,2024,NA,NA,,
30,Reynier David ✓ @blackmooouth,515.6K,0.1%,Panama,,154.7K,tiktok,panama,False,2024,NA,NA,,
31,Roux Siblings @rollin.with.the.rouxs,499.3K,-,Panama,,149.8K,tiktok,panama,False,2024,NA,NA,,
32,Abraham T Pravia P @abrahamtpraviap,498.5K,-,Panama,Pets,149.6K,tiktok,panama,False,2024,Lifestyle,MAPPED,,Pets
33,Marelissa @marelissahim,489.1K,-,Panama,,146.7K,tiktok,panama,False,2024,NA,NA,,
34,Ariel Bosso5 @arielbosso,484.8K,0.1%,Panama,,145.4K,tiktok,panama,False,2024,NA,NA,,
35,Nemz.official @s.nemz,477.2K,0.2%,Panama,,143.2K,tiktok,panama,False,2024,NA,NA,,
36,DecoArt Wallpaper St @decoartwallpapers,476.4K,-,Panama,,142.9K,tiktok,panama,False,2024,NA,NA,,
37,Linneth🇵🇦 @mafiosa.ff_,459.4K,0.1%,Panama,,137.8K,tiktok,panama,False,2024,NA,NA,,
38,JULIAN TORRES @juliantorresoficial,451.1K,0.1%,Panama,Entertainment and Music,135.3K,tiktok,panama,False,2024,Music,MAPPED,,Entertainment and Music
39,deondra ✪ @asvp.deondraa,425.4K,-,Panama,,127.6K,tiktok,panama,False,2024,NA,NA,,
40,Lamuneca22_ @lamuneca22_,423.8K,-,Panama,,127.1K,tiktok,panama,False,2024,NA,NA,,
41,@javieriin_,405.8K,1.5%,Panama,,121.7K,tiktok,panama,False,2024,NA,NA,,
42,Claudia_tapasco @tapasco_claudia,401.8K,-,Panama,Fitness,120.5K,tiktok,panama,False,2024,Sports,MAPPED,,Fitness
43,Alan music @alancrisstiktok,398.1K,0.1%,Panama,,119.4K,tiktok,panama,False,2024,NA,NA,,
44,Capuchina🤍 @capuchina114,388.1K,-,Panama,,116.4K,tiktok,panama,False,2024,NA,NA,,
45,TheOmegaPlay 🇵🇦 @theomegaplay,380.3K,-,Panama,Entertainment and Music,114.1K,tiktok,panama,False,2024,Music,MAPPED,,Entertainment and Music
46,Mar Chelo 507 @marchelo507,369.3K,-,Panama,,110.8K,tiktok,panama,False,2024,NA,NA,,
47,Mao Gomez @maoogomez,367.6K,-,Panama,,110.3K,tiktok,panama,False,2024,NA,NA,,
48,Noa Muñoz @nannyyyy16,362K,-,Panama,Travel,108.6K,tiktok,panama,False,2024,Lifestyle,MAPPED,,Travel
49,Elias'Caballero.Herrerax.w29 @herrera.xw29,359.7K,-,Panama,,107.9K,tiktok,panama,False,2024,NA,NA,,
50,Cubilla @tlacuaycuache_,355.7K,-,Panama,,106.7K,tiktok,panama,False,2024,NA,NA,,
51,ＧＩＳＳＥＬღ @xm.gissel,350.4K,0.1%,Panama,,105.1K,tiktok,panama,False,2024,NA,NA,,
52,Ley @yazpadilla29,347.1K,-,Panama,,104.1K,tiktok,panama,False,2024,NA,NA,,
53,Leslie.minaj @leslie.zion,346.3K,-,Panama,,103.9K,tiktok,panama,False,2024,NA,NA,,
54,GRIIEZMANN @griiezmann,346.2K,-,Panama,,103.9K,tiktok,panama,False,2024,NA,NA,,
55,DOPAMINA @dopaminagrill,345.2K,-,Panama,,103.6K,tiktok,panama,False,2024,NA,NA,,
56,Brandon Lau Fitness @blau_fitness,337.1K,-,Panama,Fitness,101.1K,tiktok,panama,False,2024,Sports,MAPPED,,Fitness
57,Kelly Graham @kgrahamfitness,331.1K,-,Panama,,99.3K,tiktok,panama,False,2024,NA,NA,,
58,AarianMartínez @aarianmartinez,327.4K,-,Panama,,98.2K,tiktok,panama,False,2024,NA,NA,,
59,Xavier 🤟🏻 @soyxavy,324.1K,-,Panama,,97.2K,tiktok,panama,False,2024,NA,NA,,
60,callmelexo @callmelexo21,321K,-,Panama,,96.3K,tiktok,panama,False,2024,NA,NA,,
61,🔥Navs⚡️ @navy_ca,319.9K,-,Panama,,96K,tiktok,panama,False,2024,NA,NA,,
62,Roberto James @robertojames27,316.3K,-,Panama,,94.9K,tiktok,panama,False,2024,NA,NA,,
63,Ruben 🇵🇦 @ruben.reaction,314.3K,-,Panama,,94.3K,tiktok,panama,False,2024,NA,NA,,
64,Cieloalii @cieloalii_,312.2K,-,Panama,,93.7K,tiktok,panama,False,2024,NA,NA,,
65,The Chris Phillips @thechrisphillips_,308K,0.2%,Panama,,92.4K,tiktok,panama,False,2024,NA,NA,,
66,Thecocolinpa @thecocolinpa,307.3K,0.1%,Panama,,92.2K,tiktok,panama,False,2024,NA,NA,,
67,B i a n c a🌻 @biancanguz,306.9K,-,Panama,,92.1K,tiktok,panama,False,2024,NA,NA,,
68,🇵🇦🤟🏽 @reelstyle_,306.1K,-,Panama,,91.8K,tiktok,panama,False,2024,NA,NA,,
69,Yiyi.22 @yiyi.22,305.2K,-,Panama,,91.6K,tiktok,panama,False,2024,NA,NA,,
70,OMAN @omanpug,304.9K,-,Panama,,91.5K,tiktok,panama,False,2024,NA,NA,,
71,beckygpa @beckygpa,298.9K,-,Panama,,89.7K,tiktok,panama,False,2024,NA,NA,,
72,𝕭𝖎𝖈𝖍𝖔𝖙𝖔😈 @aimar.oficial,297.8K,1.9%,Panama,,89.3K,tiktok,panama,False,2024,NA,NA,,
73,😎 @videos.virales56,296.2K,-,Panama,,88.9K,tiktok,panama,False,2024,NA,NA,,
74,La Reina Del Flow 2 @lareinadelflow.pty,295K,0.1%,Panama,,88.5K,tiktok,panama,False,2024,NA,NA,,
75,Lulú @lourdesdeleonjaen,289.2K,-,Panama,,86.8K,tiktok,panama,False,2024,NA,NA,,
76,🌟Génesis Malavé 👑 @genesismalave01,271.4K,-,Panama,,81.4K,tiktok,panama,False,2024,NA,NA,,
77,ThemanoloV @themanolov,266.3K,0.1%,Panama,,79.9K,tiktok,panama,False,2024,NA,NA,,
78,Anabel Cordoba Rodri @anabelc_507,264.1K,0.2%,Panama,,79.2K,tiktok,panama,False,2024,NA,NA,,
79,nicolepinto22 @nicolepinto22_,260.8K,-,Panama,,78.2K,tiktok,panama,False,2024,NA,NA,,
80,I S A I 🇵🇦 @isaibarriosv,260.3K,0.2%,Panama,Entertainment and Music,78.1K,tiktok,panama,False,2024,Music,MAPPED,,Entertainment and Music
81,Jo Rose @jo_ro26,249K,-,Panama,,74.7K,tiktok,panama,False,2024,NA,NA,,
82,Nahum Clarke @nahumclark,248.9K,0.3%,Panama,,74.7K,tiktok,panama,False,2024,NA,NA,,
83,Simp hub @simpinnn..hubbb,248.1K,-,Panama,,74.4K,tiktok,panama,False,2024,NA,NA,,
84,Moisés Anel👑 @moisesanell,247K,-,Panama,,74.1K,tiktok,panama,False,2024,NA,NA,,
85,Liz ☺️ @lizbinghan,246.2K,-,Panama,,73.9K,tiktok,panama,False,2024,NA,NA,,
86,Leydi v @leydivv20,244.2K,-,Panama,,73.3K,tiktok,panama,False,2024,NA,NA,,
87,trapitoscalientes @trapitoscalientes,243K,-,Panama,,72.9K,tiktok,panama,False,2024,NA,NA,,
88,Daluna Kraemer @lasuperdalu,242.4K,-,Panama,,72.7K,tiktok,panama,False,2024,NA,NA,,
89,Juliette Roy @julespty,240.5K,-,Panama,Acting and Drama,72.2K,tiktok,panama,False,2024,Entertainment,MAPPED,,Acting and Drama
90,Luisana Galindo @imluisanag,240.5K,-,Panama,Art,72.2K,tiktok,panama,False,2024,Lifestyle,MAPPED,,Art
91,ElviejoFreestyle @elviejofreestyle,236K,0.1%,Panama,,70.8K,tiktok,panama,False,2024,NA,NA,,
92,isairismusic @isairismusic,234.8K,-,Panama,Entertainment and Music,70.4K,tiktok,panama,False,2024,Music,MAPPED,,Entertainment and Music
93,Yhony Bryan @yhonybryan,233.9K,-,Panama,,70.2K,tiktok,panama,False,2024,NA,NA,,
94,kathlyn Rovira @kathlynrovira,233.6K,-,Panama,,70.1K,tiktok,panama,False,2024,NA,NA,,
95,Memes_Pty_23 @memes_pty_23,224.7K,0.2%,Panama,,67.4K,tiktok,panama,False,2024,NA,NA,,
96,sandrasandovals @sandrasandovals,214.9K,0.1%,Panama,,64.5K,tiktok,panama,False,2024,NA,NA,,
97,Rosa Elena🌸 @_elenaa27.ff,212.2K,-,Panama,,63.7K,tiktok,panama,False,2024,NA,NA,,
98,Made💀✨ @made.dcc,207.3K,-,Panama,,62.2K,tiktok,panama,False,2024,NA,NA,,
99,Esther Basher A. @estherbasherart,206.8K,1.2%,Panama,,62K,tiktok,panama,False,2024,NA,NA,,
100,jeancgordon4 @jeancgordon4,206.3K,0.1%,Panama,,61.9K,tiktok,panama,False,2024,NA,NA,,
1,Yamila Ruíz @yamilaruiz_py,4.5M,-,Paraguay,,1.4M,tiktok,paraguay,False,2024,NA,NA,,
2,Sandra Ramirez @sandrit95,897.9K,0.2%,Paraguay,,269.4K,tiktok,paraguay,False,2024,NA,NA,,
3,WLWPARAGUAY @wlwparaguay,839.8K,-,Paraguay,,251.9K,tiktok,paraguay,False,2024,NA,NA,,
4,La Sole'i 🐒 @shuliriquelme22,831.7K,-,Paraguay,,249.5K,tiktok,paraguay,False,2024,NA,NA,,
5,Ayealfonsopy @ayealfonsopy,688.8K,-,Paraguay,,206.6K,tiktok,paraguay,False,2024,NA,NA,,
6,Ariel Gomez @arielgomezpy,678.5K,0.9%,Paraguay,Arts and Crafts,203.6K,tiktok,paraguay,False,2024,Lifestyle,MAPPED,,Arts and Crafts
7,Ajenjo @celia.ortiz69,642.7K,-,Paraguay,,192.8K,tiktok,paraguay,False,2024,NA,NA,,
8,Paola Revelli @paolarevelli,630.8K,-,Paraguay,,189.2K,tiktok,paraguay,False,2024,NA,NA,,
9,Mónica Leguizamón @monileguiii,619.7K,-,Paraguay,,185.9K,tiktok,paraguay,False,2024,NA,NA,,
10,Gaby Ovelar @gabyovemed,610.3K,-,Paraguay,,183.1K,tiktok,paraguay,False,2024,NA,NA,,
11,Valle Sosa732 @vallesosa23,567.6K,-,Paraguay,,170.3K,tiktok,paraguay,False,2024,NA,NA,,
12,Lᴀᴜᴛʏ Arce @lauty_arce,564.1K,-,Paraguay,,169.2K,tiktok,paraguay,False,2024,NA,NA,,
13,lizita dos santos554 @lizitadossantos55,560.6K,-,Paraguay,,168.2K,tiktok,paraguay,False,2024,NA,NA,,
14,Chennytv @charamtv,539.6K,-,Paraguay,,161.9K,tiktok,paraguay,False,2024,NA,NA,,
15,apia.py @apia.py,534.2K,-,Paraguay,,160.3K,tiktok,paraguay,False,2024,NA,NA,,
16,ANA MARIA POLO ❤ @casocerrad2,512K,-,Paraguay,,153.6K,tiktok,paraguay,False,2024,NA,NA,,
17,Felipe mi flaco💘✨ @felipemilugarseguro,479.2K,-,Paraguay,,143.8K,tiktok,paraguay,False,2024,NA,NA,,
18,Andersonic @andersonic_play,477.7K,-,Paraguay,Entertainment and Music Games Funny,143.3K,tiktok,paraguay,False,2024,Tech&Gaming,MAPPED,,Entertainment and Music Games Funny
19,Nicolasa rikelme oficial @nicol.rikelme,461K,-,Paraguay,,138.3K,tiktok,paraguay,False,2024,NA,NA,,
20,Ruth Aide Alfonzo @ruthaidealfonzo,459.5K,-,Paraguay,Beauty and Self Care,137.9K,tiktok,paraguay,False,2024,Beauty&Fashion,MAPPED,,Beauty and Self Care
21,tamiigonnz_ @tamiigonnz_,459.2K,-,Paraguay,,137.8K,tiktok,paraguay,False,2024,NA,NA,,
22,nathanseastrand @nathanseastrand,430.9K,-,Paraguay,,129.3K,tiktok,paraguay,False,2024,NA,NA,,
23,Jazmín Acevedo🇵🇾 @acevedo_jaz,426.1K,-,Paraguay,,127.8K,tiktok,paraguay,False,2024,NA,NA,,
24,Marilina @marilina_oficial,421.8K,0.1%,Paraguay,,126.5K,tiktok,paraguay,False,2024,NA,NA,,
25,Camii Daspett @camiidaspett,420.6K,-,Paraguay,,126.2K,tiktok,paraguay,False,2024,NA,NA,,
26,yessicaalonso @yessicaalonso4,416.1K,-,Paraguay,,124.8K,tiktok,paraguay,False,2024,NA,NA,,
27,🦋Jefte Henrique🦋 @jeftehenrique,414.5K,-,Paraguay,,124.4K,tiktok,paraguay,False,2024,NA,NA,,
28,GUSTAVITO😎 @gustavorios154,412K,-,Paraguay,Sports,123.6K,tiktok,paraguay,False,2024,Sports,MAPPED,,Sports
29,Seini Kim @seinikim,409.5K,-,Paraguay,,122.9K,tiktok,paraguay,False,2024,NA,NA,,
30,LACOMADREPY👑 @_lacomadrepy,406.9K,-,Paraguay,,122.1K,tiktok,paraguay,False,2024,NA,NA,,
31,benitezgaby1 @benitezgaby1,404.2K,-,Paraguay,Fashion and Accessories,121.3K,tiktok,paraguay,False,2024,Beauty&Fashion,MAPPED,,Fashion and Accessories
32,📍COQUINHA📍 @coquinha_cola_,399.5K,-,Paraguay,,119.9K,tiktok,paraguay,False,2024,NA,NA,,
33,🌹Tati & Sabri🌹 @tati_sabritwins,399.5K,-,Paraguay,,119.9K,tiktok,paraguay,False,2024,NA,NA,,
34,Cin 🧿 @cin.godoy,395.7K,-,Paraguay,,118.7K,tiktok,paraguay,False,2024,NA,NA,,
35,🇵🇾👈panal😂🤣 @adiliorojas,395.2K,0.2%,Paraguay,,118.6K,tiktok,paraguay,False,2024,NA,NA,,
36,Fernando Acosta 🇵🇾 @soyfernan2,392.3K,-,Paraguay,,117.7K,tiktok,paraguay,False,2024,NA,NA,,
37,rocioadornooficial. @rocioadornooficial_,389.8K,-,Paraguay,,116.9K,tiktok,paraguay,False,2024,NA,NA,,
38,Aracely Suarez 🇵🇾 @ara.suarez15,385.5K,-,Paraguay,,115.7K,tiktok,paraguay,False,2024,NA,NA,,
39,Albertini Galeano Ch @thebossmusicrecords,383.6K,-,Paraguay,,115.1K,tiktok,paraguay,False,2024,NA,NA,,
40,Nicole Laconich @nicolelaconich,379K,-,Paraguay,,113.7K,tiktok,paraguay,False,2024,NA,NA,,
41,eze🤠 @ezeaquinos,371.2K,-,Paraguay,,111.4K,tiktok,paraguay,False,2024,NA,NA,,
42,Malala Olitte @malalaolitteoficial,366.3K,-,Paraguay,,109.9K,tiktok,paraguay,False,2024,NA,NA,,
43,Bulmaa F.f🐥 @py.bulmaa,365.8K,-,Paraguay,Video Gaming,109.7K,tiktok,paraguay,False,2024,Tech&Gaming,MAPPED,,Video Gaming
44,todOficina express ✨🤍✨ @todoficinapy,359.1K,-,Paraguay,,107.7K,tiktok,paraguay,False,2024,NA,NA,,
45,Lider Acevedo @liderwhy,358.8K,0.1%,Paraguay,,107.6K,tiktok,paraguay,False,2024,NA,NA,,
46,Annita andino @annitaandino123,340.7K,-,Paraguay,,102.2K,tiktok,paraguay,False,2024,NA,NA,,
47,🐽Dahia Benitez🦋 @dahiiabenitez,339.6K,-,Paraguay,,101.9K,tiktok,paraguay,False,2024,NA,NA,,
48,Pato Gamarra @gamarrapato,339.1K,-,Paraguay,,101.7K,tiktok,paraguay,False,2024,NA,NA,,
49,Maria Arguello @mariaarguello17,332.8K,-,Paraguay,,99.8K,tiktok,paraguay,False,2024,NA,NA,,
50,✨J E S S E✨ @jesse.avalos,331.7K,-,Paraguay,,99.5K,tiktok,paraguay,False,2024,NA,NA,,
51,Dj Paraguaia @naraparaguaia,326.9K,-,Paraguay,,98.1K,tiktok,paraguay,False,2024,NA,NA,,
52,Lucena Peralta @mailyperalt,326.6K,-,Paraguay,Fitness and Health,98K,tiktok,paraguay,False,2024,Sports,MAPPED,,Fitness and Health
53,Jennifer Krause @jenniferkrause86,321.1K,-,Paraguay,,96.3K,tiktok,paraguay,False,2024,NA,NA,,
54,Alicia Escurra @aliciaescurra0,315K,-,Paraguay,,94.5K,tiktok,paraguay,False,2024,NA,NA,,
55,Irvin Candia @irvin.candia,313.7K,0.2%,Paraguay,,94.1K,tiktok,paraguay,False,2024,NA,NA,,
56,Yenny Ortega @indiecita45,312.1K,-,Paraguay,,93.6K,tiktok,paraguay,False,2024,NA,NA,,
57,✧ eli ✧ @eliza.bethkim,311.3K,0.1%,Paraguay,,93.4K,tiktok,paraguay,False,2024,NA,NA,,
58,victoriabraca @bracaaa,300.9K,-,Paraguay,,90.3K,tiktok,paraguay,False,2024,NA,NA,,
59,Nadia Ferreira @nadiatferreira,300.9K,0.1%,Paraguay,,90.3K,tiktok,paraguay,False,2024,NA,NA,,
60,will @willibarra,300.6K,-,Paraguay,,90.2K,tiktok,paraguay,False,2024,NA,NA,,
61,@ @petitehr_11,297.5K,-,Paraguay,,89.3K,tiktok,paraguay,False,2024,NA,NA,,
62,Viralespy 🇵🇾 @comadrepy,287.6K,0.1%,Paraguay,,86.3K,tiktok,paraguay,False,2024,NA,NA,,
63,Laila Ozuna @ozunalaila,286.4K,-,Paraguay,,85.9K,tiktok,paraguay,False,2024,NA,NA,,
64,Liliana Benítez @lbtfit36,279.3K,-,Paraguay,,83.8K,tiktok,paraguay,False,2024,NA,NA,,
65,Luz Benitez @luzbenitez50,276K,-,Paraguay,,82.8K,tiktok,paraguay,False,2024,NA,NA,,
66,Vanessa Rodriguez @vanerodriguezpy,272.4K,-,Paraguay,Entertainment and Music,81.7K,tiktok,paraguay,False,2024,Music,MAPPED,,Entertainment and Music
67,Ferchota @fer_montield,271.6K,0.1%,Paraguay,,81.5K,tiktok,paraguay,False,2024,NA,NA,,
68,Gaby cook @gabycoook,270.8K,-,Paraguay,Auto and Vehicles,81.2K,tiktok,paraguay,False,2024,Tech&Gaming,MAPPED,,Auto and Vehicles
69,𝓛𝓲𝓵𝓲𝓪𝓷𝓪🦄 @liliiiri,269.4K,0.3%,Paraguay,Video Gaming,80.8K,tiktok,paraguay,False,2024,Tech&Gaming,MAPPED,,Video Gaming
70,teresaparag @iamteresaparag,268.9K,-,Paraguay,,80.7K,tiktok,paraguay,False,2024,NA,NA,,
71,DARLE LA VUELTA @darle_lavuelta,265.1K,0.1%,Paraguay,Travel,79.5K,tiktok,paraguay,False,2024,Lifestyle,MAPPED,,Travel
72,Diana Garcia @dgarciavaldez,264.6K,-,Paraguay,,79.4K,tiktok,paraguay,False,2024,NA,NA,,
73,Rodney Denis @rodneydenis,263.2K,-,Paraguay,,79K,tiktok,paraguay,False,2024,NA,NA,,
74,Toyota mi religión:3 @todo_toyota,253K,-,Paraguay,Auto and Vehicles,75.9K,tiktok,paraguay,False,2024,Tech&Gaming,MAPPED,,Auto and Vehicles
75,Guido Lezcano @guidoadolfolezcan,248.8K,0.2%,פרגוואי,,74.6K,tiktok,paraguay,False,2024,NA,NA,,
76,Luanalonsom @luanalonsom,246.7K,-,פרגוואי,,74K,tiktok,paraguay,False,2024,NA,NA,,
77,Videos reacciones de hinchas @videosreaccionesarg,241.9K,0.1%,פרגוואי,,72.6K,tiktok,paraguay,False,2024,NA,NA,,
78,Jessica Elizabeth Romero @jessicaromero_,241.7K,-,פרגוואי,,72.5K,tiktok,paraguay,False,2024,NA,NA,,
79,Luján🤍 @edits_.random24,238K,-,פרגוואי,,71.4K,tiktok,paraguay,False,2024,NA,NA,,
80,Rolfi Rodas @rolfirodas,234K,-,פרגוואי,,70.2K,tiktok,paraguay,False,2024,NA,NA,,
81,Aileen morbach @aileenmorbach,232.9K,-,פרגוואי,,69.9K,tiktok,paraguay,False,2024,NA,NA,,
82,En el Horno Con Peta @enelhornoconpetaok,229.2K,0.1%,פרגוואי,,68.8K,tiktok,paraguay,False,2024,NA,NA,,
83,B @brmfake,228.9K,-,פרגוואי,,68.7K,tiktok,paraguay,False,2024,NA,NA,,
84,Flopada 😿 @nancycarolinabe63,221.4K,0.2%,פרגוואי,,66.4K,tiktok,paraguay,False,2024,NA,NA,,
85,Maira Jimenez @maira_jimenez_,221.4K,-,פרגוואי,,66.4K,tiktok,paraguay,False,2024,NA,NA,,
86,Maribel Neukirchinger @maribelneukirchinger,216.1K,-,פרגוואי,,64.8K,tiktok,paraguay,False,2024,NA,NA,,
87,Kasim Handouss @kasimhandouss,215K,0.1%,פרגוואי,שחקנות ודרמה,64.5K,tiktok,paraguay,False,2024,Entertainment,MAPPED,,Acting and Drama
88,Livvy @pocketbun,214.5K,-,פרגוואי,,64.4K,tiktok,paraguay,False,2024,NA,NA,,
89,Flor💋 @fl0ruizdiaz,212.2K,-,פרגוואי,,63.7K,tiktok,paraguay,False,2024,NA,NA,,
90,Charlotte Czicoski @charlotteczicoski,210.8K,0.1%,פרגוואי,,63.2K,tiktok,paraguay,False,2024,NA,NA,,
91,Del Paraguay @delpynews,209.3K,-,פרגוואי,,62.8K,tiktok,paraguay,False,2024,NA,NA,,
92,S E N S U . FF @sensu.ff,205.8K,-,פרגוואי,,61.7K,tiktok,paraguay,False,2024,NA,NA,,
93,Micaela Magalí Cañete @micasalinas90.py,199.8K,-,פרגוואי,,59.9K,tiktok,paraguay,False,2024,NA,NA,,
94,Micaela Rodriguez🇵🇾 @luzmicaelarodrigu,197.1K,-,פרגוואי,,59.1K,tiktok,paraguay,False,2024,NA,NA,,
95,Marta Leguiz 🖤⚖ @martaleguizamon8,196.9K,-,פרגוואי,,59.1K,tiktok,paraguay,False,2024,NA,NA,,
96,soldado @soldado.08,195.9K,0.6%,פרגוואי,,58.8K,tiktok,paraguay,False,2024,NA,NA,,
97,Jawash Estética Canina @jawash_py,195.8K,-,פרגוואי,,58.7K,tiktok,paraguay,False,2024,NA,NA,,
98,@gaby♥️ @menchibugonzalez7,195.4K,-,פרגוואי,,58.6K,tiktok,paraguay,False,2024,NA,NA,,
99,ABIGAIL ACOSTA @adri.bebe1,192.1K,-,פרגוואי,,57.6K,tiktok,paraguay,False,2024,NA,NA,,
100,Haia G @soyhaia,189.2K,-,פרגוואי,,56.8K,tiktok,paraguay,False,2024,NA,NA,,
1,Rosangela Espinoza @rosangelaeslo,5.6M,0.3%,Peru,Entertainment and Music,1.7M,tiktok,peru,False,2024,Music,MAPPED,,Entertainment and Music
2,Pia Copello @piacopellotiktok,4.4M,-,Peru,,1.3M,tiktok,peru,False,2024,NA,NA,,
3,orianabarraza @orianabarraza.d,4M,-,Peru,Entertainment and Music,1.2M,tiktok,peru,False,2024,Music,MAPPED,,Entertainment and Music
4,K a r i t o 🎨 @karitoruizz,3.9M,-,Peru,Pets,1.2M,tiktok,peru,False,2024,Lifestyle,MAPPED,,Pets
5,Letras @l3tras_,3.5M,0.3%,Peru,,1.1M,tiktok,peru,False,2024,NA,NA,,
6,Angie Arizaga @angiearizaga,3.4M,-,Peru,Entertainment and Music,1M,tiktok,peru,False,2024,Music,MAPPED,,Entertainment and Music
7,Ignacio Baladan @ignaciobaladan11,2.8M,-,Peru,Food,840K,tiktok,peru,False,2024,Lifestyle,MAPPED,,Food
8,Daniela Darcourt @danieladarcourt_oficial,2.4M,-,Peru,,720K,tiktok,peru,False,2024,NA,NA,,
9,Hai ❣️ @snowhai03,2.1M,-,Peru,Fashion and Accessories Beauty and Self Care,630K,tiktok,peru,False,2024,Beauty&Fashion,MAPPED,,Fashion and Accessories Beauty and Self Care
10,Luis Miguel Brandon @peruvianmickey,2.1M,-,Peru,Business and Finance,630K,tiktok,peru,False,2024,Knowledge&Info,MAPPED,,Business and Finance
11,Gina Yangali @ginayangali,2M,-,Peru,Acting and Drama,600K,tiktok,peru,False,2024,Entertainment,MAPPED,,Acting and Drama
12,Tula Rodríguez ✨ @tulaperu,1.9M,-,Peru,Entertainment and Music,570K,tiktok,peru,False,2024,Music,MAPPED,,Entertainment and Music
13,Patricio Parodi Cost @patoparodi18,1.9M,-,Peru,Entertainment and Music,570K,tiktok,peru,False,2024,Music,MAPPED,,Entertainment and Music
14,Brando Gallesi @brandogallesi_,1.5M,-,Peru,,450K,tiktok,peru,False,2024,NA,NA,,
15,Johanna De La Cruz @johananana,1.3M,-,Peru,,390K,tiktok,peru,False,2024,NA,NA,,
16,Cholo Juanito Richard Douglas @juanitoyrichard,1.3M,0.1%,Peru,Entertainment and Music Funny,390K,tiktok,peru,False,2024,Music,MAPPED,,Entertainment and Music Funny
17,Michela Arbocco @michela_arbocco,1.2M,-,Peru,,360K,tiktok,peru,False,2024,NA,NA,,
18,macarena velez @macarenav25,1.2M,-,Peru,,360K,tiktok,peru,False,2024,NA,NA,,
19,Soto 🔞 @brayansot,1.1M,0.1%,Peru,Entertainment and Music,330K,tiktok,peru,False,2024,Music,MAPPED,,Entertainment and Music
20,Priyanka Araujo @priyankaaraujo25,1M,-,Peru,Entertainment and Music,300K,tiktok,peru,False,2024,Music,MAPPED,,Entertainment and Music
21,Maricielo Effio @m4rici3lo,1M,-,Peru,,300K,tiktok,peru,False,2024,NA,NA,,
22,ElCañita @elcanita,995.5K,0.1%,Peru,,298.7K,tiktok,peru,False,2024,NA,NA,,
23,Edgar Rojas @edgarrojasoficial,983.6K,0.1%,Peru,,295.1K,tiktok,peru,False,2024,NA,NA,,
24,Giacomo Selem Masias @giacoselem,979.2K,-,Peru,,293.8K,tiktok,peru,False,2024,NA,NA,,
25,Kyarin @kyara_villanella_,972.5K,0.1%,Peru,Entertainment and Music,291.8K,tiktok,peru,False,2024,Music,MAPPED,,Entertainment and Music
26,Gianella 7w7 Fri 🇵🇪 @gianella_ff0,962.9K,-,Peru,Romance and Wedding,288.9K,tiktok,peru,False,2024,Beauty&Fashion,MAPPED,,Romance and Wedding
27,J Fala @jfalaoficial1,961.9K,-,Peru,,288.6K,tiktok,peru,False,2024,NA,NA,,
28,Misias pero viajeras @misiasperoviajeras,935.6K,0.1%,Peru,Travel,280.7K,tiktok,peru,False,2024,Lifestyle,MAPPED,,Travel
29,Sp Castro @saidpalao_fit,929.5K,0.1%,Peru,,278.9K,tiktok,peru,False,2024,NA,NA,,
30,Jonathan Valdiviezo @theinkafit,925.7K,-,Peru,,277.7K,tiktok,peru,False,2024,NA,NA,,
31,Nea Paz @neapaz96,922.5K,-,Peru,,276.8K,tiktok,peru,False,2024,NA,NA,,
32,MEMES @ktmemes.pe,920.7K,0.9%,Peru,,276.2K,tiktok,peru,False,2024,NA,NA,,
33,⚡️ JF ⚡️ @jose_onich,905.7K,-,Peru,,271.7K,tiktok,peru,False,2024,NA,NA,,
34,Sheyla01ou♥️ @sheyla01ou,898.9K,-,Peru,,269.7K,tiktok,peru,False,2024,NA,NA,,
35,Keiko Sofía Fujimori @keikofujimorih,897.6K,2.4%,Peru,,269.3K,tiktok,peru,False,2024,NA,NA,,
36,dani @danisayan,894.5K,-,Peru,,268.4K,tiktok,peru,False,2024,NA,NA,,
37,Melania Urbina @melaniaurbinak,892K,0.1%,Peru,Acting and Drama,267.6K,tiktok,peru,False,2024,Entertainment,MAPPED,,Acting and Drama
38,Pame @pamela_franco01,891.3K,-,Peru,,267.4K,tiktok,peru,False,2024,NA,NA,,
39,elpanaJ @elpanajuegoss,879.4K,0.1%,Peru,Games Product Education,263.8K,tiktok,peru,False,2024,Knowledge&Info,MAPPED,,Games Product Education
40,anahi de cardenas @anahidec,868.5K,-,Peru,Acting and Drama Pets,260.6K,tiktok,peru,False,2024,Entertainment,MAPPED,,Acting and Drama Pets
41,𝚆𝚊𝚕𝚍𝚒𝚛 𝚖𝚊𝚚𝚚𝚞𝚎 @waldir.maqque,863.2K,0.3%,Peru,,259K,tiktok,peru,False,2024,NA,NA,,
42,⚠️Kevinlox⚠️ @kevinlox_,857.1K,0.2%,Peru,,257.1K,tiktok,peru,False,2024,NA,NA,,
43,Ruth Morales Lara @ruthmoraleslara25,854.9K,-,Peru,,256.5K,tiktok,peru,False,2024,NA,NA,,
44,ℰ𝒹𝓊𝒶𝓇𝒹𝒶 ☾ @soyeduarda17,844.9K,0.8%,Peru,,253.5K,tiktok,peru,False,2024,NA,NA,,
45,FOODIELOO @elfoodieloo,843.5K,-,Peru,,253.1K,tiktok,peru,False,2024,NA,NA,,
46,RAULITOPUES10 @raulitopues10,842.9K,-,Peru,Entertainment and Music Funny,252.9K,tiktok,peru,False,2024,Music,MAPPED,,Entertainment and Music Funny
47,Anddy Gerald🚀 @anddyg15,832.3K,-,Peru,,249.7K,tiktok,peru,False,2024,NA,NA,,
48,palomafiuzaoficial @palomafiuzaoficial,828.6K,-,Peru,,248.6K,tiktok,peru,False,2024,NA,NA,,
49,Brenda Garcia @brendagarciagg,827.9K,-,Peru,,248.4K,tiktok,peru,False,2024,NA,NA,,
50,TONIO 🎬 @toniogeek,827K,-,Peru,Entertainment and Music,248.1K,tiktok,peru,False,2024,Music,MAPPED,,Entertainment and Music
51,EL CHICO DE TUS SUEÑOS❤️ @josecito966oficial2,826.6K,-,Peru,,248K,tiktok,peru,False,2024,NA,NA,,
52,Cesar Jaen @cesar.jaen,824.5K,-,Peru,,247.4K,tiktok,peru,False,2024,NA,NA,,
53,Augusto López @augustolopezzr,823.6K,0.1%,Peru,Travel,247.1K,tiktok,peru,False,2024,Lifestyle,MAPPED,,Travel
54,Allison Pastor Romero @allisonpastoroficial,816.3K,-,Peru,,244.9K,tiktok,peru,False,2024,NA,NA,,
55,almar_goes @almar_goes,814.7K,-,Peru,Nature,244.4K,tiktok,peru,False,2024,Lifestyle,MAPPED,,Nature
56,Carlos_Lyrics ✨ @carlos__lyrics,804.3K,0.2%,Peru,,241.3K,tiktok,peru,False,2024,NA,NA,,
57,Traductor Perú @traductor.es,798.2K,-,Peru,,239.5K,tiktok,peru,False,2024,NA,NA,,
58,𝗠𝗘𝗥𝗖𝗘𝗗𝗘𝗦 @temazos.p,797K,0.4%,Peru,,239.1K,tiktok,peru,False,2024,NA,NA,,
59,Eduardo Romay @eduardoromay,796.6K,-,Peru,,239K,tiktok,peru,False,2024,NA,NA,,
60,Joel Fuentes @joelfuentes09,788.5K,-,Peru,Entertainment and Music,236.6K,tiktok,peru,False,2024,Music,MAPPED,,Entertainment and Music
61,D A R L E N E @darrlymm,788.2K,-,Peru,,236.5K,tiktok,peru,False,2024,NA,NA,,
62,Monica Torres @motorresg,786.8K,-,Peru,Acting and Drama,236K,tiktok,peru,False,2024,Entertainment,MAPPED,,Acting and Drama
63,B e l l a C a r i o.🤎 @bellacarioo,785.2K,-,Peru,Entertainment and Music,235.6K,tiktok,peru,False,2024,Music,MAPPED,,Entertainment and Music
64,🔥PELUCHE FREE FIRE🇵🇪 @peluche19.ff,782.1K,0.2%,Peru,,234.6K,tiktok,peru,False,2024,NA,NA,,
65,emersonCA' @rolitas_yt,777.2K,-,Peru,,233.2K,tiktok,peru,False,2024,NA,NA,,
66,Sixto ivan 😎 @farruko.fans,777K,0.1%,Peru,,233.1K,tiktok,peru,False,2024,NA,NA,,
67,🙏YoconfíoEnDios🙏 @yoconfio.endios,776.4K,1%,Peru,,232.9K,tiktok,peru,False,2024,NA,NA,,
68,SOY LUNA @soyluna_60,772.7K,-,Peru,,231.8K,tiktok,peru,False,2024,NA,NA,,
69,Luis Larraín @larraiin,772.3K,-,Peru,Entertainment and Music,231.7K,tiktok,peru,False,2024,Music,MAPPED,,Entertainment and Music
70,Noche de Patas @nochedepatas,766K,0.1%,Peru,,229.8K,tiktok,peru,False,2024,NA,NA,,
71,CRYSTAL CLEANING CHIMBOTE @limpiezadvidrioccleaning,761.6K,-,Peru,,228.5K,tiktok,peru,False,2024,NA,NA,,
72,👹The_Official_Dark._.FF22™👹 @dark._.ff22,757.6K,-,Peru,,227.3K,tiktok,peru,False,2024,NA,NA,,
73,maybe.merly @maybe.merly,743.8K,-,Peru,,223.1K,tiktok,peru,False,2024,NA,NA,,
74,Bruce_ENS @bruce_ens,738.8K,-,Peru,,221.6K,tiktok,peru,False,2024,NA,NA,,
75,💜Heidy🍀 @heidyeidita,726.7K,9.6%,Peru,Entertainment and Music Funny,218K,tiktok,peru,False,2024,Music,MAPPED,,Entertainment and Music Funny
76,Sergio A. Torres Rivas @motionspaper,726K,0.2%,Peru,,217.8K,tiktok,peru,False,2024,NA,NA,,
77,Movil.Cell.Peru @movil.cell.peru,725.7K,-,Peru,,217.7K,tiktok,peru,False,2024,NA,NA,,
78,tumuelin @tudentistalinyan,716.1K,-,Peru,,214.8K,tiktok,peru,False,2024,NA,NA,,
79,Lesslie Edits ❤️ @lesslievideoedits,711.2K,-,Peru,,213.4K,tiktok,peru,False,2024,NA,NA,,
80,juan cuayla @juan._cv,706.8K,0.1%,Peru,,212K,tiktok,peru,False,2024,NA,NA,,
81,Orlando Miranda @orlo,706.2K,-,Peru,,211.9K,tiktok,peru,False,2024,NA,NA,,
82,Denisse Sarco @sarcodenisse,703.8K,-,Peru,,211.1K,tiktok,peru,False,2024,NA,NA,,
83,DJ Peligro @djpeligro,701.5K,0.4%,Peru,,210.5K,tiktok,peru,False,2024,NA,NA,,
84,🎧✨Dj Cristian Llontop✨🎧 @djcristianllontop,701.4K,-,Peru,,210.4K,tiktok,peru,False,2024,NA,NA,,
85,Reggaetón Music Perú @reggaetonmusicpe,701.4K,-,Peru,Entertainment and Music,210.4K,tiktok,peru,False,2024,Music,MAPPED,,Entertainment and Music
86,OsitaLove @ositaloveyt111,698.2K,-,Peru,,209.5K,tiktok,peru,False,2024,NA,NA,,
87,Shuggar Daddy @shugar_daddy2.0,697.8K,1.4%,Peru,,209.3K,tiktok,peru,False,2024,NA,NA,,
88,Corazón Serrano Perú @corazon.serrano,694.6K,0.2%,Peru,,208.4K,tiktok,peru,False,2024,NA,NA,,
89,Cangry.Ff @cangry_ff,688.6K,-,Peru,,206.6K,tiktok,peru,False,2024,NA,NA,,
90,Bestievaleri.🖤 @bestievaleri,686.6K,-,Peru,,206K,tiktok,peru,False,2024,NA,NA,,
91,Chabukita @lacholachabuca,686.4K,-,Peru,Entertainment and Music,205.9K,tiktok,peru,False,2024,Music,MAPPED,,Entertainment and Music
92,MAYISHITA 🎨✨ @mayishita,685.3K,-,Peru,,205.6K,tiktok,peru,False,2024,NA,NA,,
93,Misael @officialmisaell,677.3K,0.1%,Peru,Fitness and Health,203.2K,tiktok,peru,False,2024,Sports,MAPPED,,Fitness and Health
94,Stefany Valcárcel @senpaai_,676.8K,-,Peru,,203K,tiktok,peru,False,2024,NA,NA,,
95,Hamid Ali @hamidalijesus,673.4K,-,Peru,,202K,tiktok,peru,False,2024,NA,NA,,
96,📚DramaQueen👩‍🎤📕 @mary_playff,672.9K,0.1%,Peru,Acting and Drama,201.9K,tiktok,peru,False,2024,Entertainment,MAPPED,,Acting and Drama
97,Mathias_ARB @mathias_136,671.4K,-,Peru,,201.4K,tiktok,peru,False,2024,NA,NA,,
98,Zrodrix @zrodrix,671.3K,-,Peru,Arts and Crafts Photography,201.4K,tiktok,peru,False,2024,Lifestyle,MAPPED,,Arts and Crafts Photography
99,Andretwerk.inaa @babytwerkk,663.4K,-,Peru,,199K,tiktok,peru,False,2024,NA,NA,,
100,Carol Reali @carolreali21,660.7K,-,Peru,,198.2K,tiktok,peru,False,2024,NA,NA,,
1,Andrea Brillantes @blythe,18.8M,1.3%,Philippines,,5.6M,tiktok,philippines,False,2024,NA,NA,,
2,Vladimir Grand @callmegrand,16.6M,-,Philippines,Entertainment and Music Celebrity,5M,tiktok,philippines,False,2024,Music,MAPPED,,Entertainment and Music Celebrity
3,Sanya Lopez @sanya_lopez,14.4M,0.4%,Philippines,Entertainment and Music Romance and Wedding,4.3M,tiktok,philippines,False,2024,Beauty&Fashion,MAPPED,,Entertainment and Music Romance and Wedding
4,Queenay👸🏻 @queeneemercado,12.8M,-,Philippines,Entertainment and Music,3.8M,tiktok,philippines,False,2024,Music,MAPPED,,Entertainment and Music
5,Vice Ganda @unkabogableviceganda,11.2M,2.3%,Philippines,,3.4M,tiktok,philippines,False,2024,NA,NA,,
6,Kuya Magik @kuyamagik,10.7M,-,Philippines,Entertainment and Music,3.2M,tiktok,philippines,False,2024,Music,MAPPED,,Entertainment and Music
7,Lex @redbedonia,9.6M,0.9%,Philippines,Fashion and Accessories,2.9M,tiktok,philippines,False,2024,Beauty&Fashion,MAPPED,,Fashion and Accessories
8,kyline alcantara @itskylinealcantara3,9.3M,-,Philippines,,2.8M,tiktok,philippines,False,2024,NA,NA,,
9,Chris Olsen @chris,7.4M,-,Philippines,Entertainment and Music,2.2M,tiktok,philippines,False,2024,Music,MAPPED,,Entertainment and Music
10,AndreeBonifacio @andreebonifacioo,6.6M,-,Philippines,,2M,tiktok,philippines,False,2024,NA,NA,,
11,Awra Briguela @awrabriguela,6.5M,-,Philippines,,2M,tiktok,philippines,False,2024,NA,NA,,
12,Buboy Villar @buboyjrvillar,5.4M,-,Philippines,Entertainment and Music,1.6M,tiktok,philippines,False,2024,Music,MAPPED,,Entertainment and Music
13,Kiray Celis @kiraycelisofficial,5.4M,-,Philippines,,1.6M,tiktok,philippines,False,2024,NA,NA,,
14,H2WO @h2woofficial,5.2M,2%,Philippines,Games,1.6M,tiktok,philippines,False,2024,Tech&Gaming,MAPPED,,Games
15,Jodi Sta.Maria @jodi_stamaria,5.1M,-,Philippines,Acting and Drama family Fitness and Health Travel,1.5M,tiktok,philippines,False,2024,Sports,MAPPED,,Acting and Drama family Fitness and Health Travel
16,Ms. Hipon 🦐🇵🇭 @justinejoyce10,4.8M,-,Philippines,Entertainment and Music,1.4M,tiktok,philippines,False,2024,Music,MAPPED,,Entertainment and Music
17,LYN @lynlapid,4.7M,-,Philippines,,1.4M,tiktok,philippines,False,2024,NA,NA,,
18,RIVA QUENERY @rivaquenery,4.5M,-,Philippines,,1.4M,tiktok,philippines,False,2024,NA,NA,,
19,Lazada Philippines @lazadaph,4.5M,-,Philippines,Product Showcase,1.4M,tiktok,philippines,False,2024,Beauty&Fashion,MAPPED,,Product Showcase
20,TikTok Philippines @tiktokphilippines,4.2M,-,Philippines,,1.3M,tiktok,philippines,False,2024,NA,NA,,
21,ISAAC PUSONG PINOY @kuya_isaac,3.5M,-,Philippines,Entertainment and Music,1.1M,tiktok,philippines,False,2024,Music,MAPPED,,Entertainment and Music
22,Kokoishii 🇵🇭🐧 @kokoishii,3.4M,-,Philippines,,1M,tiktok,philippines,False,2024,NA,NA,,
23,Kim Rodriguez @kimrodriguez_,3.4M,-,Philippines,,1M,tiktok,philippines,False,2024,NA,NA,,
24,J.C. Dombrowski @jc.dombrowski,2.9M,-,Philippines,Education,870K,tiktok,philippines,False,2024,Knowledge&Info,MAPPED,,Education
25,Haide🦋 @haidezhang,2.9M,-,Philippines,Entertainment and Music Funny Photography Travel,870K,tiktok,philippines,False,2024,Music,MAPPED,,Entertainment and Music Funny Photography Travel
26,Aling Nena @richobautista,2.8M,-,Philippines,,840K,tiktok,philippines,False,2024,NA,NA,,
27,aisha @arbacn,2.7M,-,Philippines,Life and Society,810K,tiktok,philippines,False,2024,Knowledge&Info,MAPPED,,Life and Society
28,Dumbolicious 🇵🇭 @dumbolicious_143,2.7M,-,Philippines,,810K,tiktok,philippines,False,2024,NA,NA,,
29,Jong Madaliday @jongmadaliday,2.7M,-,Philippines,,810K,tiktok,philippines,False,2024,NA,NA,,
30,DreamWithDiana @diana_gabra,2.6M,-,Philippines,family,780K,tiktok,philippines,False,2024,Lifestyle,MAPPED,,family
31,Princess 👸👑 @princess18princess,2.6M,-,Philippines,Entertainment and Music Romance and Wedding,780K,tiktok,philippines,False,2024,Beauty&Fashion,MAPPED,,Entertainment and Music Romance and Wedding
32,Yeng Constantino @yengconstantinotiktok,2.6M,-,Philippines,Entertainment and Music,780K,tiktok,philippines,False,2024,Music,MAPPED,,Entertainment and Music
33,"Vicki Belo, M.D. @vicki_belo",2.5M,-,Philippines,Beauty and Self Care,750K,tiktok,philippines,False,2024,Beauty&Fashion,MAPPED,,Beauty and Self Care
34,Moira Dela Torre @moiradelatorre,2.5M,10.1%,Philippines,Entertainment and Music,750K,tiktok,philippines,False,2024,Music,MAPPED,,Entertainment and Music
35,Lucky Manzano @luckymanzano,2.5M,-,Philippines,Outdoor Activity Sports,750K,tiktok,philippines,False,2024,Sports,MAPPED,,Outdoor Activity Sports
36,SHRX • Kerax 🇵🇭 @keraxml,2.2M,-,Philippines,,660K,tiktok,philippines,False,2024,NA,NA,,
37,Alexa Ilacad @alexailacad_,2.1M,0.1%,Philippines,,630K,tiktok,philippines,False,2024,NA,NA,,
38,chelseah.hilary @chelseah.hilary,2.1M,-,Philippines,,630K,tiktok,philippines,False,2024,NA,NA,,
39,Hailey @haileypaqtt,2.1M,4.9%,Philippines,Entertainment and Music,630K,tiktok,philippines,False,2024,Music,MAPPED,,Entertainment and Music
40,scooby doo @sabadabadoodle,2M,-,Philippines,,600K,tiktok,philippines,False,2024,NA,NA,,
41,Pinay_beauty1 @pinay_beauty1,2M,-,Philippines,Beauty and Self Care,600K,tiktok,philippines,False,2024,Beauty&Fashion,MAPPED,,Beauty and Self Care
42,Piolo Pascual @piolopascual_ph,1.9M,-,Philippines,,570K,tiktok,philippines,False,2024,NA,NA,,
43,MIMICKYE @mimickye,1.9M,13.7%,Philippines,Entertainment and Music Business and Finance,570K,tiktok,philippines,False,2024,Knowledge&Info,MAPPED,,Entertainment and Music Business and Finance
44,Luffy B @luffyyyb,1.9M,-,Philippines,Pets Entertainment and Music,570K,tiktok,philippines,False,2024,Music,MAPPED,,Pets Entertainment and Music
45,Kathryn Bernardo @sikath_26,1.9M,-,Philippines,,570K,tiktok,philippines,False,2024,NA,NA,,
46,nieza tuñacao @niezatunacao,1.9M,-,Philippines,Product Showcase,570K,tiktok,philippines,False,2024,Beauty&Fashion,MAPPED,,Product Showcase
47,Petra Mahalimuyak @petrashley,1.9M,-,Philippines,Entertainment and Music Funny,570K,tiktok,philippines,False,2024,Music,MAPPED,,Entertainment and Music Funny
48,Ailla Maria ψ @_aillaang,1.8M,-,Philippines,Entertainment and Music,540K,tiktok,philippines,False,2024,Music,MAPPED,,Entertainment and Music
49,Myrtle Sarrosa @myrtlegail,1.8M,2%,Philippines,Animation and Cosplay Entertainment and Music,540K,tiktok,philippines,False,2024,Tech&Gaming,MAPPED,,Animation and Cosplay Entertainment and Music
50,Issey Miyake Parto @miyaketakoyaki,1.8M,-,Philippines,,540K,tiktok,philippines,False,2024,NA,NA,,
51,RM @raymorcuevas,1.7M,0.1%,Philippines,Entertainment and Music,510K,tiktok,philippines,False,2024,Music,MAPPED,,Entertainment and Music
52,Gina Pareño @yourlolagets,1.7M,-,Philippines,,510K,tiktok,philippines,False,2024,NA,NA,,
53,JohnAbelardoCustodio @john.custodio16,1.7M,-,Philippines,Entertainment and Music,510K,tiktok,philippines,False,2024,Music,MAPPED,,Entertainment and Music
54,Ig: itsmedelmajanee @dj.beltran,1.7M,-,Philippines,Beauty and Self Care,510K,tiktok,philippines,False,2024,Beauty&Fashion,MAPPED,,Beauty and Self Care
55,RhicManiego @rhicmaniego26,1.6M,-,Philippines,,480K,tiktok,philippines,False,2024,NA,NA,,
56,andy @andreaisasleep_,1.6M,-,Philippines,Funny,480K,tiktok,philippines,False,2024,Entertainment,MAPPED,,Funny
57,James Leoncio @jamesleonci0,1.6M,-,Philippines,Entertainment and Music,480K,tiktok,philippines,False,2024,Music,MAPPED,,Entertainment and Music
58,Daniel Padilla @padeeyuhh,1.6M,0.1%,Philippines,Acting and Drama Celebrity,480K,tiktok,philippines,False,2024,Entertainment,MAPPED,,Acting and Drama Celebrity
59,GJ @onlykinggrant,1.6M,2.4%,Philippines,,480K,tiktok,philippines,False,2024,NA,NA,,
60,احمد خميس و مشاعل الشحي @ahmed_and_mesh,1.6M,0.1%,Philippines,Romance and Wedding,480K,tiktok,philippines,False,2024,Beauty&Fashion,MAPPED,,Romance and Wedding
61,chasley @chxsley,1.6M,0.1%,Philippines,,480K,tiktok,philippines,False,2024,NA,NA,,
62,K Brosas @kbrosas,1.5M,-,Philippines,Entertainment and Music,450K,tiktok,philippines,False,2024,Music,MAPPED,,Entertainment and Music
63,Atty. Tony Roman @attytonyroman,1.5M,-,Philippines,Education Finance,450K,tiktok,philippines,False,2024,Knowledge&Info,MAPPED,,Education Finance
64,JR Navarro @jr_navarro06,1.5M,2.2%,Philippines,Funny,450K,tiktok,philippines,False,2024,Entertainment,MAPPED,,Funny
65,TineTine Loresto 🇵🇭 @_tineelicious_,1.4M,-,Philippines,Games,420K,tiktok,philippines,False,2024,Tech&Gaming,MAPPED,,Games
66,Mama 🇵🇭👵🏽 @ourfilipinograndma,1.4M,-,Philippines,family,420K,tiktok,philippines,False,2024,Lifestyle,MAPPED,,family
67,Kirsten G. @kirstengarcia09,1.3M,-,Philippines,,390K,tiktok,philippines,False,2024,NA,NA,,
68,realme Philippines @realmeph,1.3M,-,Philippines,Entertainment and Music Product Showcase,390K,tiktok,philippines,False,2024,Beauty&Fashion,MAPPED,,Entertainment and Music Product Showcase
69,Dane Manalad @danemanalad,1.3M,-,Philippines,,390K,tiktok,philippines,False,2024,NA,NA,,
70,ogie alcasid @ogiealcasid27,1.3M,-,Philippines,,390K,tiktok,philippines,False,2024,NA,NA,,
71,zorenzoey @zorenzoey,1.3M,-,Philippines,,390K,tiktok,philippines,False,2024,NA,NA,,
72,Lexey Mei De Leon 💫 @alalalexey,1.3M,-,Philippines,Funny,390K,tiktok,philippines,False,2024,Entertainment,MAPPED,,Funny
73,_itsmerieanne on IG @itsmeriri_,1.3M,0.2%,Philippines,,390K,tiktok,philippines,False,2024,NA,NA,,
74,aikomelendez2015 @aikomelendez2015,1.3M,-,Philippines,Entertainment and Music,390K,tiktok,philippines,False,2024,Music,MAPPED,,Entertainment and Music
75,_trickytrish on IG @_trickytrish,1.3M,-,Philippines,Entertainment and Music,390K,tiktok,philippines,False,2024,Music,MAPPED,,Entertainment and Music
76,💖🌈 cybr.grl 🌈💖 @cybr.grl,1.3M,-,Philippines,Fashion,390K,tiktok,philippines,False,2024,Beauty&Fashion,MAPPED,,Fashion
77,Allie Adobo 🇵🇭🇦🇺 @allieadobo,1.3M,-,Philippines,,390K,tiktok,philippines,False,2024,NA,NA,,
78,Donny Pangilinan @pangilinandonny,1.3M,3%,Philippines,,390K,tiktok,philippines,False,2024,NA,NA,,
79,Renzell Roque 🇵🇭 @renzellroque,1.2M,-,Philippines,Entertainment and Music Acting and Drama Celebrity,360K,tiktok,philippines,False,2024,Music,MAPPED,,Entertainment and Music Acting and Drama Celebrity
80,Megan Young @madambonez,1.2M,-,Philippines,Fashion and Accessories,360K,tiktok,philippines,False,2024,Beauty&Fashion,MAPPED,,Fashion and Accessories
81,Hori Buns @s2p33d,1.2M,-,Philippines,,360K,tiktok,philippines,False,2024,NA,NA,,
82,👑NASH👑 @mjsaligan,1.1M,-,Philippines,Entertainment and Music,330K,tiktok,philippines,False,2024,Music,MAPPED,,Entertainment and Music
83,Margaux Nonato @margauxnonato,1.1M,0.4%,Philippines,Entertainment and Music,330K,tiktok,philippines,False,2024,Music,MAPPED,,Entertainment and Music
84,#KailanganNatin @karlonograles,1.1M,-,Philippines,,330K,tiktok,philippines,False,2024,NA,NA,,
85,Lyca Gairanod @lycagrnd,1.1M,-,Philippines,,330K,tiktok,philippines,False,2024,NA,NA,,
86,Kokoy De Santos @kkydsnts,1.1M,-,Philippines,,330K,tiktok,philippines,False,2024,NA,NA,,
87,King Fear 👑🇵🇭 @fear_tv,1.1M,-,Philippines,Entertainment and Music,330K,tiktok,philippines,False,2024,Music,MAPPED,,Entertainment and Music
88,⚡️caren⚡️ @nerac06,1.1M,-,Philippines,Romance and Wedding Life and Society,330K,tiktok,philippines,False,2024,Beauty&Fashion,MAPPED,,Romance and Wedding Life and Society
89,Dyosa Pockoh @dyosapockoh_12,1.1M,-,Philippines,Entertainment and Music,330K,tiktok,philippines,False,2024,Music,MAPPED,,Entertainment and Music
90,Janna Chriselle Tuazon @jannachriselle,1.1M,-,Philippines,Funny Life and Society,330K,tiktok,philippines,False,2024,Knowledge&Info,MAPPED,,Funny Life and Society
91,Gio's Wave @giofilipinohair,1M,3.1%,Philippines,Beauty and Self Care,300K,tiktok,philippines,False,2024,Beauty&Fashion,MAPPED,,Beauty and Self Care
92,JAGMAC @jagmacmusic,1M,-,Philippines,Music,300K,tiktok,philippines,False,2024,Music,MAPPED,,Music
93,酸素🧋🧸 @sansochan1,1M,2%,Philippines,,300K,tiktok,philippines,False,2024,NA,NA,,
94,ϻs. ᴊᴇɴɢ 🦋 @jengbaybayon_,1M,-,Philippines,Acting and Drama Entertainment and Music Celebrity,300K,tiktok,philippines,False,2024,Music,MAPPED,,Acting and Drama Entertainment and Music Celebrity
95,Liam Reformado @liamreformado,1M,-,Philippines,Entertainment and Music,300K,tiktok,philippines,False,2024,Music,MAPPED,,Entertainment and Music
96,Itsofficialbobasaur @itsofficialbobaa,999.7K,-,Philippines,,299.9K,tiktok,philippines,False,2024,NA,NA,,
97,MamiPow🍑 @mariazandraa,998.7K,-,Philippines,Games,299.6K,tiktok,philippines,False,2024,Tech&Gaming,MAPPED,,Games
98,da coziest filipino @brouhnstrevor,990.8K,-,Philippines,Entertainment and Music,297.2K,tiktok,philippines,False,2024,Music,MAPPED,,Entertainment and Music
99,Ryle Santiago @rylepaolotan,985K,-,Philippines,,295.5K,tiktok,philippines,False,2024,NA,NA,,
100,Angela Ken @anqelaken,982.3K,-,Philippines,,294.7K,tiktok,philippines,False,2024,NA,NA,,
1,💜Milka Queen💜 @milway.ka,10.4M,-,Poljska,,3.1M,tiktok,poland,False,2024,NA,NA,,
2,STASYA 💜 @stasya.pro,2.5M,-,Poljska,Ljepota i briga za sebe,750K,tiktok,poland,False,2024,Beauty&Fashion,MAPPED,,Beauty and self-care
3,"Paweł ,,PAVLLOO” Szwed @pavlloo",2.3M,-,Poljska,,690K,tiktok,poland,False,2024,NA,NA,,
4,MARLEY AND KUBA @marleyandkuba,2.3M,0.1%,Poljska,Kućni ljubimci,690K,tiktok,poland,False,2024,Lifestyle,MAPPED,,Pets
5,Friz @tojafriz,2.1M,0.5%,Poljska,,630K,tiktok,poland,False,2024,NA,NA,,
6,Roxana Orłowska @roxaok,2.1M,-,Poljska,Predstavljanje proizvoda,630K,tiktok,poland,False,2024,Beauty&Fashion,MAPPED,,Product presentation
7,BUNIEK @buniosb,2M,1.6%,Poljska,Moda i pribor,600K,tiktok,poland,False,2024,Beauty&Fashion,MAPPED,,Fashion and Accessories
8,Sleeping Pill w Inka | Spotify @inkamagnaye,1.9M,-,Poljska,Zabava i glazba,570K,tiktok,poland,False,2024,Music,MAPPED,,Entertainment and music
9,Pat @patrykwxjcik,1.5M,-,Poljska,Zabava i glazba,450K,tiktok,poland,False,2024,Music,MAPPED,,Entertainment and music
10,Patryk Zapała @colorowyy,1.4M,-,Poljska,Umjetnost i zanati Zabava i glazba,420K,tiktok,poland,False,2024,Music,MAPPED,,Arts and Crafts Entertainment and Music
11,DAWID KWIATKOWSKI @kwiatkowsky,1.2M,0.1%,Poljska,Zabava i glazba,360K,tiktok,poland,False,2024,Music,MAPPED,,Entertainment and music
12,WŁADEK @wladek_jestem,1.1M,-,Poljska,Moda i pribor Uradi sam i savjeti za život,330K,tiktok,poland,False,2024,Beauty&Fashion,MAPPED,,Fashion and accessories DIY and life tips
13,Filip Szyc @filip.szyc,1.1M,-,Poljska,Fotografija Zabava i glazba,330K,tiktok,poland,False,2024,Music,MAPPED,,Photo Entertainment and music
14,Patryk Boryniec @patrykboryniec,1.1M,-,Poljska,Zabava i glazba,330K,tiktok,poland,False,2024,Music,MAPPED,,Entertainment and music
15,Adrianna Scandal 👑 @adrianna_scandal_queen,997.7K,-,Poljska,,299.3K,tiktok,poland,False,2024,NA,NA,,
16,Klaudia Sojka @klasojka,995.4K,-,Poljska,Zabava i glazba,298.6K,tiktok,poland,False,2024,Music,MAPPED,,Entertainment and music
17,Klaudia Tarka @klatex,994.6K,-,Poljska,,298.4K,tiktok,poland,False,2024,NA,NA,,
18,Oliwka Kreja 💗 @cookiemint.pl,984.5K,-,Poljska,,295.4K,tiktok,poland,False,2024,NA,NA,,
19,Oliwia Misztal @oliwiamisztal,966.6K,-,Poljska,,290K,tiktok,poland,False,2024,NA,NA,,
20,⚡Paulina⚡ @baoliin,958.2K,-,Poljska,Zabava i glazba,287.5K,tiktok,poland,False,2024,Music,MAPPED,,Entertainment and music
21,Inga Madejczyk @plharleyquinn,957.6K,-,Poljska,Animacija i Cosplay,287.3K,tiktok,poland,False,2024,Tech&Gaming,MAPPED,,Animation and Cosplay
22,Aigostar_PL @aigostar_pl,943.7K,-,Poljska,Moda i pribor,283.1K,tiktok,poland,False,2024,Beauty&Fashion,MAPPED,,Fashion and Accessories
23,Agnieszka Grzelak @aga_grzelak,938K,-,Poljska,Ljepota i briga za sebe,281.4K,tiktok,poland,False,2024,Beauty&Fashion,MAPPED,,Beauty and self-care
24,💙🐾Queen 🐾💙 @_.edits._756,936.4K,-,Poljska,,280.9K,tiktok,poland,False,2024,NA,NA,,
25,Maykaa @maykaa37,926K,-,Poljska,,277.8K,tiktok,poland,False,2024,NA,NA,,
26,Cebulsonn x Hania @cebulsonnxhania,924.7K,0.1%,Poljska,Predstavljanje proizvoda,277.4K,tiktok,poland,False,2024,Beauty&Fashion,MAPPED,,Product presentation
27,vnarf @vnarf,905.1K,-,Poljska,,271.5K,tiktok,poland,False,2024,NA,NA,,
28,Patryk „Siiitek” Rolbiecki @siiitek,889.7K,-,Poljska,,266.9K,tiktok,poland,False,2024,NA,NA,,
29,Ola Holata @white2115_girl,884.3K,0.2%,Poljska,,265.3K,tiktok,poland,False,2024,NA,NA,,
30,Natalia Madej @nataliamadej,880.6K,-,Poljska,Umjetnost,264.2K,tiktok,poland,False,2024,Lifestyle,MAPPED,,Art
31,Dominik YT 🎶🔥 @dominik.mess,876.2K,-,Poljska,,262.9K,tiktok,poland,False,2024,NA,NA,,
32,Prawnik Marcin Kruszewski @prawomarcina,871.7K,-,Poljska,Obrazovanje,261.5K,tiktok,poland,False,2024,Knowledge&Info,MAPPED,,Education
33,ola.radziun @ola.radziun,864.1K,-,Poljska,,259.2K,tiktok,poland,False,2024,NA,NA,,
34,Slivki Show @slivki_show_official,838.6K,0.1%,Poljska,,251.6K,tiktok,poland,False,2024,NA,NA,,
35,Kate ❤️ @forsurprise,838.3K,0.2%,Poljska,Zabava i glazba,251.5K,tiktok,poland,False,2024,Music,MAPPED,,Entertainment and music
36,Julia @_juliyav_,819.4K,-,Poljska,Zabava i glazba,245.8K,tiktok,poland,False,2024,Music,MAPPED,,Entertainment and music
37,Sheo 🐙 @sheopl,819.2K,0.2%,Poljska,,245.8K,tiktok,poland,False,2024,NA,NA,,
38,Poland Is Everywhere 🇵🇱 @poland__is.__everywhere,813.7K,0.3%,Poljska,Umjetnost,244.1K,tiktok,poland,False,2024,Lifestyle,MAPPED,,Art
39,D stands for Deriah @_deriah_,813.3K,-,Poljska,Animacija i Cosplay,244K,tiktok,poland,False,2024,Tech&Gaming,MAPPED,,Animation and Cosplay
40,gavedits @gavedits,812.9K,-,Poljska,,243.9K,tiktok,poland,False,2024,NA,NA,,
41,skrudlik @_skrudliq_,811.2K,-,Poljska,,243.4K,tiktok,poland,False,2024,NA,NA,,
42,Mathew Figura @matthewfigura,811.1K,0.5%,Poljska,Zabava i glazba,243.3K,tiktok,poland,False,2024,Music,MAPPED,,Entertainment and music
43,Władek 🔥 @lollipop21x,787.4K,-,Poljska,,236.2K,tiktok,poland,False,2024,NA,NA,,
44,Have a great day! 😀 @funny.crazy.stuff,784.1K,0.1%,Poljska,,235.2K,tiktok,poland,False,2024,NA,NA,,
45,Nadia i Remo😌 @remikmymusic,782.9K,-,Poljska,,234.9K,tiktok,poland,False,2024,NA,NA,,
46,Natalia Maszkowska @nathallae,780.4K,0.1%,Poljska,Hrana,234.1K,tiktok,poland,False,2024,Lifestyle,MAPPED,,Food
47,szymon 🌪 @szymonzaparty,776.7K,0.2%,Poljska,,233K,tiktok,poland,False,2024,NA,NA,,
48,Rosjanka @_rosjankq_,773.7K,-,Poljska,Smišno,232.1K,tiktok,poland,False,2024,Entertainment,MAPPED,,Funny
49,thevoicebestoff @thevoicebestoff,766.5K,-,Poljska,,230K,tiktok,poland,False,2024,NA,NA,,
50,Felis Gallery by Robert Sijka @robert_sijka,755.3K,-,Poljska,Umjetnost i zanati,226.6K,tiktok,poland,False,2024,Lifestyle,MAPPED,,Arts and crafts
51,Food Delicious @_foodelicious,754K,0.2%,Poljska,Hrana,226.2K,tiktok,poland,False,2024,Lifestyle,MAPPED,,Food
52,Natalia Magiera @nmagiera,751.4K,-,Poljska,,225.4K,tiktok,poland,False,2024,NA,NA,,
53,Gabi @gabikuczynska,746.1K,-,Poljska,,223.8K,tiktok,poland,False,2024,NA,NA,,
54,Evelina @evelinaross_,741.5K,-,Poljska,,222.5K,tiktok,poland,False,2024,NA,NA,,
55,Hetero official @hetero.gang420,735.7K,-,Poljska,,220.7K,tiktok,poland,False,2024,NA,NA,,
56,TheNitroZyniak @thenitrozyniak_yt,734.4K,0.3%,Poljska,,220.3K,tiktok,poland,False,2024,NA,NA,,
57,Mateusz Güncel @mateusz_guncel,729.7K,-,Poljska,,218.9K,tiktok,poland,False,2024,NA,NA,,
58,꧁☾ａｍｉ☽꧂ @aniaart178,722.3K,0.4%,Poljska,Umjetnost i zanati,216.7K,tiktok,poland,False,2024,Lifestyle,MAPPED,,Arts and crafts
59,Karolina Pieńczak ♡ @karoletka,721.1K,-,Poljska,Moda i pribor,216.3K,tiktok,poland,False,2024,Beauty&Fashion,MAPPED,,Fashion and Accessories
60,Raptus_MG @raptus_mg_volvo,717.3K,-,Poljska,,215.2K,tiktok,poland,False,2024,NA,NA,,
61,💖I love you💖 @nightfury._.editor2,695.1K,-,Poljska,,208.5K,tiktok,poland,False,2024,NA,NA,,
62,Brooke/ Grape 🍇 @slaviccaesar,694.8K,-,Poljska,Obrazovanje,208.4K,tiktok,poland,False,2024,Knowledge&Info,MAPPED,,Education
63,Mateusz Piesiak @mateuszpiesiak,681.3K,0.3%,Poljska,Priroda Životinje Fotografija,204.4K,tiktok,poland,False,2024,Lifestyle,MAPPED,,Nature Animals Photography
64,INTERNAZIOMALE @internaziomale420,679.4K,-,Poljska,Glazba,203.8K,tiktok,poland,False,2024,Music,MAPPED,,Music
65,Programista Na Froncie @programista_na_froncie,675.2K,0.3%,Poljska,Obrazovanje Usavršavanje,202.6K,tiktok,poland,False,2024,Knowledge&Info,MAPPED,,Education Training
66,BADDIEGYALS @baddiegyals_,673.4K,-,Poljska,,202K,tiktok,poland,False,2024,NA,NA,,
67,Anna Zuch @ankazuch,665.8K,-,Poljska,,199.7K,tiktok,poland,False,2024,NA,NA,,
68,♥️ Marta ♥️ @ginger_world,665.2K,0.1%,Poljska,,199.6K,tiktok,poland,False,2024,NA,NA,,
69,Iwona Marivo 🦋 @marivoiwona,664.5K,-,Poljska,Zabava i glazba,199.4K,tiktok,poland,False,2024,Music,MAPPED,,Entertainment and music
70,Manae | ig:s_himi @s_himj,664.2K,-,Poljska,Zabava i glazba,199.3K,tiktok,poland,False,2024,Music,MAPPED,,Entertainment and music
71,Natalia Kulig @nataliakulig1,657.4K,-,Poljska,Zabava i glazba,197.2K,tiktok,poland,False,2024,Music,MAPPED,,Entertainment and music
72,bober696428 @bober696428,646.3K,0.9%,Poljska,,193.9K,tiktok,poland,False,2024,NA,NA,,
73,Krystian Ziętkowski @krystianzietkowsky,646.1K,-,Poljska,,193.8K,tiktok,poland,False,2024,NA,NA,,
74,monia @monikamuratova,643.5K,-,Poljska,,193.1K,tiktok,poland,False,2024,NA,NA,,
75,My3oficjalnie @my3oficjalnie,639K,-,Poljska,,191.7K,tiktok,poland,False,2024,NA,NA,,
76,keycath0 @keycath0,635.1K,-,Poljska,,190.5K,tiktok,poland,False,2024,NA,NA,,
77,Doda @doda,616.2K,0.1%,Poljska,,184.9K,tiktok,poland,False,2024,NA,NA,,
78,Madziara @bombowaczarnulka,615.5K,-,Poljska,,184.7K,tiktok,poland,False,2024,NA,NA,,
79,marcelina @marcelinawaniek,609.4K,-,Poljska,,182.8K,tiktok,poland,False,2024,NA,NA,,
80,Niedzia @niedziapets,603.3K,-,Poljska,Kućni ljubimci Zabava i glazba,181K,tiktok,poland,False,2024,Music,MAPPED,,Pets Entertainment and music
81,ALINA @alicjaa.kowalska,600.4K,-,Poljska,Umjetnost i zanati Zabava i glazba Obitelj,180.1K,tiktok,poland,False,2024,Music,MAPPED,,Arts and Crafts Entertainment and Music Family
82,Sylwia Przybysz @sprzybysz,597K,-,Poljska,Zabava i glazba Smišno,179.1K,tiktok,poland,False,2024,Music,MAPPED,,Entertainment and music Funny
83,J U L I A @jujubabi_,593.5K,-,Poljska,Animacija i Cosplay,178.1K,tiktok,poland,False,2024,Tech&Gaming,MAPPED,,Animation and Cosplay
84,Czasin @czasin,591.6K,-,Poljska,,177.5K,tiktok,poland,False,2024,NA,NA,,
85,bartmi @bartmi97,589.3K,-,Poljska,,176.8K,tiktok,poland,False,2024,NA,NA,,
86,Przemek Kucyk @przemekkucyk,584.1K,0.3%,Poljska,Zabava i glazba,175.2K,tiktok,poland,False,2024,Music,MAPPED,,Entertainment and music
87,Emilia Królikowska @emiflesh,579.3K,-,Poljska,,173.8K,tiktok,poland,False,2024,NA,NA,,
88,Marysia Krasowska @marysiakrasowska,574.2K,-,Poljska,Moda i pribor,172.3K,tiktok,poland,False,2024,Beauty&Fashion,MAPPED,,Fashion and Accessories
89,TaKtórejZazdrościsz @dorotakociesza,571.3K,-,Poljska,,171.4K,tiktok,poland,False,2024,NA,NA,,
90,taranek.official @taranek.official,566.5K,-,Poljska,Gluma i drama,170K,tiktok,poland,False,2024,Entertainment,MAPPED,,Acting and drama
91,🐾𝚀𝚞𝚎𝚎𝚗🐾 @dog.editzz.forever,566.4K,-,Poljska,,169.9K,tiktok,poland,False,2024,NA,NA,,
92,Grzegorz Noworolnik 🔥 @grzechufreestyle,566.1K,-,Poljska,,169.8K,tiktok,poland,False,2024,NA,NA,,
93,wikikakusia @wikikakusia,563.6K,5.2%,Poljska,Moda i pribor Dom i vrt,169.1K,tiktok,poland,False,2024,Beauty&Fashion,MAPPED,,Fashion and accessories Home and garden
94,FajnyPrzemek @fajnyprzemek,555.6K,-,Poljska,Smišno,166.7K,tiktok,poland,False,2024,Entertainment,MAPPED,,Funny
95,Sebo und Jana @se_ja8390,553K,-,Poljska,Životinje Smišno,165.9K,tiktok,poland,False,2024,Entertainment,MAPPED,,Animals Funny
96,Polski Instytut Kryptowalut @instytutkryptowalut,552.6K,-,Poljska,,165.8K,tiktok,poland,False,2024,NA,NA,,
97,Peter McPoland @petermcpoland,552.3K,0.2%,Poljska,,165.7K,tiktok,poland,False,2024,NA,NA,,
98,Łączy nas piłka @laczynaspilka,543.3K,-,Poljska,,163K,tiktok,poland,False,2024,NA,NA,,
99,Kuba Grochmalski @kubagrochmalski,541.7K,0.3%,Poljska,Zabava i glazba Smišno,162.5K,tiktok,poland,False,2024,Music,MAPPED,,Entertainment and music Funny
100,mounis firwana @msfirwana,540.8K,-,Poljska,,162.2K,tiktok,poland,False,2024,NA,NA,,
1,Rui Carlota 🇵🇹 @ruicarlota,7.3M,-,Portugal,Entertainment and Music,2.2M,tiktok,portugal,False,2024,Music,MAPPED,,Entertainment and Music
2,Carlos César @_cacesa,5.1M,-,Portugal,Entertainment and Music,1.5M,tiktok,portugal,False,2024,Music,MAPPED,,Entertainment and Music
3,Hian Grylls @hiangrylls,5.1M,-,Portugal,Funny,1.5M,tiktok,portugal,False,2024,Entertainment,MAPPED,,Funny
4,Álec Guímel @alec_guimel,4.6M,-,Portugal,Entertainment and Music Animation and Cosplay,1.4M,tiktok,portugal,False,2024,Tech&Gaming,MAPPED,,Entertainment and Music Animation and Cosplay
5,joelbarreira @joelbarreira,3.9M,-,Portugal,Fashion and Accessories,1.2M,tiktok,portugal,False,2024,Beauty&Fashion,MAPPED,,Fashion and Accessories
6,Cláudia Amaral @claudiia_amaral_,2.8M,0.1%,Portugal,,840K,tiktok,portugal,False,2024,NA,NA,,
7,Cristiano Ronaldo @juve_cristiano,1.8M,-,Portugal,Sports,540K,tiktok,portugal,False,2024,Sports,MAPPED,,Sports
8,LISBOA @olisboa,1.7M,0.2%,Portugal,Entertainment and Music Funny,510K,tiktok,portugal,False,2024,Music,MAPPED,,Entertainment and Music Funny
9,Valter Sousa @valtersousa,1.4M,0.3%,Portugal,Business and Finance,420K,tiktok,portugal,False,2024,Knowledge&Info,MAPPED,,Business and Finance
10,3eponto @3eponto,1.1M,0.5%,Portugal,Entertainment and Music,330K,tiktok,portugal,False,2024,Music,MAPPED,,Entertainment and Music
11,∂iσgσ rєis @diogoreiss,1.1M,0.1%,Portugal,,330K,tiktok,portugal,False,2024,NA,NA,,
12,SR7 @sedatcrr7,1M,-,Portugal,,300K,tiktok,portugal,False,2024,NA,NA,,
13,Cristiano Ronaldo @ronaldojuve007,990.6K,-,Portugal,Sports,297.2K,tiktok,portugal,False,2024,Sports,MAPPED,,Sports
14,Jeje Lopes @missllopes,951.3K,-,Portugal,,285.4K,tiktok,portugal,False,2024,NA,NA,,
15,João Gomes @joaogomescortes,925K,-,Portugal,,277.5K,tiktok,portugal,False,2024,NA,NA,,
16,Constanza Ariza @constanzaariza,923.3K,-,Portugal,,277K,tiktok,portugal,False,2024,NA,NA,,
17,FC Porto @fcporto,919.1K,-,Portugal,Sports,275.7K,tiktok,portugal,False,2024,Sports,MAPPED,,Sports
18,danielfaouakhiri @danielfaouakhiri,904K,-,Portugal,,271.2K,tiktok,portugal,False,2024,NA,NA,,
19,Lauanda Rios @lauandariosss,892K,-,Portugal,Fashion and Accessories Beauty and Self Care,267.6K,tiktok,portugal,False,2024,Beauty&Fashion,MAPPED,,Fashion and Accessories Beauty and Self Care
20,Janne Maia @jannemaiaoficial,877.7K,0.8%,Portugal,,263.3K,tiktok,portugal,False,2024,NA,NA,,
21,mel 🇵🇹 @mel92officiel,868K,-,Portugal,Beauty and Self Care Fashion and Accessories,260.4K,tiktok,portugal,False,2024,Beauty&Fashion,MAPPED,,Beauty and Self Care Fashion and Accessories
22,Débora Gomes @deborategomes,853.8K,-,Portugal,,256.1K,tiktok,portugal,False,2024,NA,NA,,
23,luiscarvalhoof1 @luiscarvalhoof1,836.1K,-,Portugal,,250.8K,tiktok,portugal,False,2024,NA,NA,,
24,Clara Carpegiani @claracarpegiani,822.4K,-,Portugal,,246.7K,tiktok,portugal,False,2024,NA,NA,,
25,Kaylee @kayleepereiraa,796.5K,-,Portugal,Entertainment and Music,239K,tiktok,portugal,False,2024,Music,MAPPED,,Entertainment and Music
26,⚽️ Cristaino Ronaldo 🇵🇹 @joanfootball3,774.1K,-,Portugal,Sports,232.2K,tiktok,portugal,False,2024,Sports,MAPPED,,Sports
27,Ines Silva @irisloveunicorns,771.8K,-,Portugal,Fashion and Accessories,231.5K,tiktok,portugal,False,2024,Beauty&Fashion,MAPPED,,Fashion and Accessories
28,Leonor Filipa😝💗 @leonorfilipaa,767.8K,-,Portugal,,230.3K,tiktok,portugal,False,2024,NA,NA,,
29,𝕯𝖆𝖓𝖎 @hobisreal1,749.8K,0.1%,Portugal,,224.9K,tiktok,portugal,False,2024,NA,NA,,
30,Carmona Podologia @carmonapodologia,736.6K,-,Portugal,Beauty and Self Care,221K,tiktok,portugal,False,2024,Beauty&Fashion,MAPPED,,Beauty and Self Care
31,Ronaldo 🇵🇹 @reyas_7,726K,-,Portugal,Sports,217.8K,tiktok,portugal,False,2024,Sports,MAPPED,,Sports
32,Mahina @luanasantos,710.5K,-,Portugal,,213.2K,tiktok,portugal,False,2024,NA,NA,,
33,Maria Nunes @marianunes2,705.6K,-,Portugal,,211.7K,tiktok,portugal,False,2024,NA,NA,,
34,JR7 @_justronny_,689.6K,-,Portugal,,206.9K,tiktok,portugal,False,2024,NA,NA,,
35,fasdeportugal @fasdeportugal,675.9K,-,Portugal,,202.8K,tiktok,portugal,False,2024,NA,NA,,
36,EU CADU @cadukk021,658.2K,-,Portugal,Video Gaming,197.5K,tiktok,portugal,False,2024,Tech&Gaming,MAPPED,,Video Gaming
37,ED7 @eldios.7,652.9K,-,Portugal,,195.9K,tiktok,portugal,False,2024,NA,NA,,
38,Susete @monstresss,638.9K,-,Portugal,Arts and Crafts,191.7K,tiktok,portugal,False,2024,Lifestyle,MAPPED,,Arts and Crafts
39,Cristianoronaldo @crist.iano,607.9K,-,Portugal,,182.4K,tiktok,portugal,False,2024,NA,NA,,
40,Jo @jj_ren,607.3K,-,Portugal,,182.2K,tiktok,portugal,False,2024,NA,NA,,
41,carlos ᕙ(`▿´)ᕗ @carloscorreiaa_,602.2K,-,Portugal,,180.7K,tiktok,portugal,False,2024,NA,NA,,
42,Cristiano Ronaldo @cristianoronaldo.galaxy,598.7K,0.2%,Portugal,Sports Video Gaming,179.6K,tiktok,portugal,False,2024,Sports,MAPPED,,Sports Video Gaming
43,Maria Luisa Rodrigue @marialuisarodrigu670,589.1K,-,Portugal,,176.7K,tiktok,portugal,False,2024,NA,NA,,
44,Teté @asthefanymo,584.7K,-,Portugal,Entertainment and Music,175.4K,tiktok,portugal,False,2024,Music,MAPPED,,Entertainment and Music
45,Itzdiogoferraz @itzdiogoferraz2,556.6K,-,Portugal,,167K,tiktok,portugal,False,2024,NA,NA,,
46,Pedro @pedro.seefeld,551.6K,-,Portugal,Funny,165.5K,tiktok,portugal,False,2024,Entertainment,MAPPED,,Funny
47,jessye_hutner @jessye_hutner,541.7K,-,Portugal,,162.5K,tiktok,portugal,False,2024,NA,NA,,
48,Bu @brunaroqueneves,537.4K,-,Portugal,,161.2K,tiktok,portugal,False,2024,NA,NA,,
49,joaomoreira @eljoaomoreiraag,535.4K,-,Portugal,,160.6K,tiktok,portugal,False,2024,NA,NA,,
50,Baselli 🔥 @baselli,533K,-,Portugal,,159.9K,tiktok,portugal,False,2024,NA,NA,,
51,CR7🐐🇵🇹 @timeronaldohd7,527.5K,0.2%,Portugal,,158.3K,tiktok,portugal,False,2024,NA,NA,,
52,✨Diiana Monteiro✨ @diianamonteiro_,522.5K,-,Portugal,Fashion and Accessories,156.8K,tiktok,portugal,False,2024,Beauty&Fashion,MAPPED,,Fashion and Accessories
53,mel @melanievicente99,520.5K,-,Portugal,,156.2K,tiktok,portugal,False,2024,NA,NA,,
54,dog_piruças @dog_pirucas,512.3K,0.1%,Portugal,Pets,153.7K,tiktok,portugal,False,2024,Lifestyle,MAPPED,,Pets
55,Planeta Di Vieira @planeta_di_vieira,509.9K,-,Portugal,,153K,tiktok,portugal,False,2024,NA,NA,,
56,Cristiano Ronaldo @ronaldo.hdi7,506K,0.3%,Portugal,,151.8K,tiktok,portugal,False,2024,NA,NA,,
57,diogo.brehm @diogo.brehm,490.6K,-,Portugal,Business and Finance,147.2K,tiktok,portugal,False,2024,Knowledge&Info,MAPPED,,Business and Finance
58,Gerson Rodrigues @gerson_rodriggues,477.9K,-,Portugal,,143.4K,tiktok,portugal,False,2024,NA,NA,,
59,Catt Ameixa 🎀 @cattameixa,472.4K,-,Portugal,,141.7K,tiktok,portugal,False,2024,NA,NA,,
60,Rafael Bailão 𓅂 @rafaelbailao,461.6K,-,Portugal,,138.5K,tiktok,portugal,False,2024,NA,NA,,
61,davidcarreira @davidcarreiratiktok,458.7K,-,Portugal,Entertainment and Music,137.6K,tiktok,portugal,False,2024,Music,MAPPED,,Entertainment and Music
62,Lalis @r3d_d3m0n,447.1K,-,Portugal,,134.1K,tiktok,portugal,False,2024,NA,NA,,
63,Kim Kardashian @kimkardashian.westt,437.2K,0.3%,Portugal,,131.2K,tiktok,portugal,False,2024,NA,NA,,
64,Bia luz @bialuzl_,431.1K,-,Portugal,Fitness and Health,129.3K,tiktok,portugal,False,2024,Sports,MAPPED,,Fitness and Health
65,· 🪚 | 𝐧𝐮 🏳️‍🌈🧿 @nuriaserrote,425.5K,-,Portugal,,127.7K,tiktok,portugal,False,2024,NA,NA,,
66,M @lyriics.musiics,417.8K,-,Portugal,,125.3K,tiktok,portugal,False,2024,NA,NA,,
67,megs @meganlissimore,414.4K,-,Portugal,,124.3K,tiktok,portugal,False,2024,NA,NA,,
68,Duarte @duartebrty,411.5K,-,Portugal,,123.5K,tiktok,portugal,False,2024,NA,NA,,
69,As Melhores Receitas @as_melhores_receitas,410.1K,1.3%,Portugal,Food,123K,tiktok,portugal,False,2024,Lifestyle,MAPPED,,Food
70,Salvador Galeão @salvadorgaleao_,409K,3.3%,Portugal,,122.7K,tiktok,portugal,False,2024,NA,NA,,
71,Mirela Montinelly 👑 @mirelamontinellyy,408.5K,-,Portugal,,122.6K,tiktok,portugal,False,2024,NA,NA,,
72,Sarah Estanislau @sarahestanislau,403.2K,-,Portugal,,121K,tiktok,portugal,False,2024,NA,NA,,
73,Billy @memesdobilly,403K,0.1%,Portugal,Entertainment and Music,120.9K,tiktok,portugal,False,2024,Music,MAPPED,,Entertainment and Music
74,catarina barbie @cat.barbiee,394.1K,-,Portugal,Entertainment and Music,118.2K,tiktok,portugal,False,2024,Music,MAPPED,,Entertainment and Music
75,Diogofgcosta @diogofgcosta,393K,-,Portugal,,117.9K,tiktok,portugal,False,2024,NA,NA,,
76,only goat 🐐 🪄 @goldenly7,392K,-,Portugal,Animals Sports,117.6K,tiktok,portugal,False,2024,Sports,MAPPED,,Animals Sports
77,Cristiano.Muho @cristiano.muho,392K,-,Portugal,,117.6K,tiktok,portugal,False,2024,NA,NA,,
78,Bruna Coelho Pereira @bunny_pear_,389.7K,-,Portugal,Fashion and Accessories,116.9K,tiktok,portugal,False,2024,Beauty&Fashion,MAPPED,,Fashion and Accessories
79,Pi🐶 @oficial_pi,383.5K,-,Portugal,Pets Business and Finance,115.1K,tiktok,portugal,False,2024,Knowledge&Info,MAPPED,,Pets Business and Finance
80,Tiago Valente @otiagovalente,379.8K,0.1%,Portugal,Education Food,113.9K,tiktok,portugal,False,2024,Knowledge&Info,MAPPED,,Education Food
81,kinda.hood @kinda.hood,374K,-,Portugal,Fashion and Accessories,112.2K,tiktok,portugal,False,2024,Beauty&Fashion,MAPPED,,Fashion and Accessories
82,Mario Pires @migopires,364.2K,0.5%,Portugal,Funny,109.3K,tiktok,portugal,False,2024,Entertainment,MAPPED,,Funny
83,Grace Noel @graceful_health,362.5K,-,Portugal,,108.8K,tiktok,portugal,False,2024,NA,NA,,
84,Cristiano Fans 🙏 🙏 🇵🇹🐐❤ @cristiano7ma,361.1K,-,Portugal,,108.3K,tiktok,portugal,False,2024,NA,NA,,
85,Marco Alves @marcoalvesofficial,357.3K,0.2%,Portugal,Fashion and Accessories,107.2K,tiktok,portugal,False,2024,Beauty&Fashion,MAPPED,,Fashion and Accessories
86,Cristiano Ronaldo @cristianoooronaldo27,356.5K,-,Portugal,Sports,107K,tiktok,portugal,False,2024,Sports,MAPPED,,Sports
87,margarida🐥 @atchiiim,356.1K,-,Portugal,,106.8K,tiktok,portugal,False,2024,NA,NA,,
88,SK Arif Khan 🇪🇺 @sk_arif_khan1,355.4K,-,Portugal,,106.6K,tiktok,portugal,False,2024,NA,NA,,
89,Rui Unas @o_unas,355.2K,-,Portugal,,106.6K,tiktok,portugal,False,2024,NA,NA,,
90,SARA MAIA @saracmaiaa,353.2K,-,Portugal,,106K,tiktok,portugal,False,2024,NA,NA,,
91,Flá Veloso @fla_veloso,352.8K,-,Portugal,,105.8K,tiktok,portugal,False,2024,NA,NA,,
92,cr.RONALDO @w7g5,349.9K,-,Portugal,,105K,tiktok,portugal,False,2024,NA,NA,,
93,Luis Lopes @luisslopess,347.7K,-,Portugal,,104.3K,tiktok,portugal,False,2024,NA,NA,,
94,Luis Gonçalves @luuisgoncalves,347.2K,0.7%,Portugal,Entertainment and Music Music,104.2K,tiktok,portugal,False,2024,Music,MAPPED,,Entertainment and Music Music
95,elanne 🌾✨ @elanneboake,343.8K,-,Portugal,Fitness and Health,103.1K,tiktok,portugal,False,2024,Sports,MAPPED,,Fitness and Health
96,DZ⚡️ @denizferraz,338K,-,Portugal,Entertainment and Music Funny,101.4K,tiktok,portugal,False,2024,Music,MAPPED,,Entertainment and Music Funny
97,Renaldo Vaz @renaldovaz,337K,-,Portugal,,101.1K,tiktok,portugal,False,2024,NA,NA,,
98,Daniela Prates @a.daniela.prates,334.8K,-,Portugal,,100.4K,tiktok,portugal,False,2024,NA,NA,,
99,Victorash @_victorash,333.2K,-,Portugal,,100K,tiktok,portugal,False,2024,NA,NA,,
100,rcalvao @rcalvao,331.1K,-,Portugal,,99.3K,tiktok,portugal,False,2024,NA,NA,,
1,Bad Bunny @badbunny,31.8M,18.4%,Puerto Rico,,9.5M,tiktok,puerto-rico,False,2024,NA,NA,,
2,Andrea & Lewis @andreaandlewis,7M,-,Puerto Rico,Travel Home and Garden,2.1M,tiktok,puerto-rico,False,2024,Lifestyle,MAPPED,,Travel Home and Garden
3,Nicky Jam @nickyjam,4.9M,-,Puerto Rico,Entertainment and Music,1.5M,tiktok,puerto-rico,False,2024,Music,MAPPED,,Entertainment and Music
4,Candylover89 @candylover89official,4M,-,Puerto Rico,Food,1.2M,tiktok,puerto-rico,False,2024,Lifestyle,MAPPED,,Food
5,Cocina con Coqui @cocinaconcoqui,3.6M,5.7%,Puerto Rico,Food,1.1M,tiktok,puerto-rico,False,2024,Lifestyle,MAPPED,,Food
6,Luv @kierraluv,3.4M,-,Puerto Rico,Entertainment and Music Romance and Wedding,1M,tiktok,puerto-rico,False,2024,Beauty&Fashion,MAPPED,,Entertainment and Music Romance and Wedding
7,Ana Coto @anaocto,2.1M,-,Puerto Rico,,630K,tiktok,puerto-rico,False,2024,NA,NA,,
8,CAMI NICCOLE @caminiccole,1.9M,-,Puerto Rico,Entertainment and Music,570K,tiktok,puerto-rico,False,2024,Music,MAPPED,,Entertainment and Music
9,simbah🌹 @lindsaynikole,1.9M,-,Puerto Rico,,570K,tiktok,puerto-rico,False,2024,NA,NA,,
10,Tqstaceyy @staceyyrosado,1.9M,-,Puerto Rico,,570K,tiktok,puerto-rico,False,2024,NA,NA,,
11,tabby 🍓💫 @strawberrytabby,1.6M,-,Puerto Rico,,480K,tiktok,puerto-rico,False,2024,NA,NA,,
12,Jose 🇵🇷 @imtropicaljoe,1.6M,-,Puerto Rico,Entertainment and Music,480K,tiktok,puerto-rico,False,2024,Music,MAPPED,,Entertainment and Music
13,A L E X I A @lexdelvalle,1.5M,-,Puerto Rico,,450K,tiktok,puerto-rico,False,2024,NA,NA,,
14,Jenoah Santiago @just_jenoah_,1.4M,0.1%,Puerto Rico,Animation and Cosplay,420K,tiktok,puerto-rico,False,2024,Tech&Gaming,MAPPED,,Animation and Cosplay
15,Leonardo Van der Neut @leosemfiltro,1.3M,-,Puerto Rico,,390K,tiktok,puerto-rico,False,2024,NA,NA,,
16,Carlos @carlosemmanuelcal,1.3M,-,Puerto Rico,Entertainment and Music,390K,tiktok,puerto-rico,False,2024,Music,MAPPED,,Entertainment and Music
17,Villaa Oficial @villaaoficial,1.3M,-,Puerto Rico,,390K,tiktok,puerto-rico,False,2024,NA,NA,,
18,Jessica Vill @jbunzie,1.2M,-,Puerto Rico,,360K,tiktok,puerto-rico,False,2024,NA,NA,,
19,Bad Bunny @benitomartinezz1,1.1M,-,Puerto Rico,Entertainment and Music,330K,tiktok,puerto-rico,False,2024,Music,MAPPED,,Entertainment and Music
20,Caroline Reyes @caarolitaa,1.1M,-,Puerto Rico,,330K,tiktok,puerto-rico,False,2024,NA,NA,,
21,🤱🏻AMO LA LACTANCIA🤱🏻 @paulysant,966K,-,Puerto Rico,family,289.8K,tiktok,puerto-rico,False,2024,Lifestyle,MAPPED,,family
22,EFKTO @efktomusic,938.9K,-,Puerto Rico,Entertainment and Music,281.7K,tiktok,puerto-rico,False,2024,Music,MAPPED,,Entertainment and Music
23,Flohyran Correa @flohyran,936.5K,-,Puerto Rico,,281K,tiktok,puerto-rico,False,2024,NA,NA,,
24,Bryan Yaniel🤌🏿 @bryannyaniel,914.3K,-,Puerto Rico,,274.3K,tiktok,puerto-rico,False,2024,NA,NA,,
25,Luis Fonsi @luisfonsi,912.4K,-,Puerto Rico,,273.7K,tiktok,puerto-rico,False,2024,NA,NA,,
26,K I M B E R L Y 🦋 @kiikiimarie,892.3K,-,Puerto Rico,,267.7K,tiktok,puerto-rico,False,2024,NA,NA,,
27,SUPA @_supapeach,861.9K,0.2%,Puerto Rico,,258.6K,tiktok,puerto-rico,False,2024,NA,NA,,
28,Dean Huertas @deanhuertas,855K,0.1%,Puerto Rico,,256.5K,tiktok,puerto-rico,False,2024,NA,NA,,
29,Adriana @adrianafilomeno,839.1K,-,Puerto Rico,Beauty Fashion,251.7K,tiktok,puerto-rico,False,2024,Beauty&Fashion,MAPPED,,Beauty Fashion
30,Arián @nairashlee,820.3K,1%,Puerto Rico,,246.1K,tiktok,puerto-rico,False,2024,NA,NA,,
31,Emily Rios @itsemilyrios,817K,-,Puerto Rico,Entertainment and Music,245.1K,tiktok,puerto-rico,False,2024,Music,MAPPED,,Entertainment and Music
32,Jonathan @paganjonathan,816.2K,-,Puerto Rico,,244.9K,tiktok,puerto-rico,False,2024,NA,NA,,
33,Khaby Lame @khaby.lame_lives,808.1K,-,Puerto Rico,,242.4K,tiktok,puerto-rico,False,2024,NA,NA,,
34,carmenluvana @carmenluvana,802.8K,0.1%,Puerto Rico,,240.8K,tiktok,puerto-rico,False,2024,NA,NA,,
35,Chicle @chicleclown,802K,-,Puerto Rico,,240.6K,tiktok,puerto-rico,False,2024,NA,NA,,
36,M I Z V A N E Z Z A @iammizvanezza,795.4K,-,Puerto Rico,,238.6K,tiktok,puerto-rico,False,2024,NA,NA,,
37,Hazel Moore @dulce.mami,783.6K,-,Puerto Rico,,235.1K,tiktok,puerto-rico,False,2024,NA,NA,,
38,Steven Brundage @stevenbrundageart,782K,-,Puerto Rico,,234.6K,tiktok,puerto-rico,False,2024,NA,NA,,
39,Molusco @yosoymolusco,774.7K,-,Puerto Rico,Parenting,232.4K,tiktok,puerto-rico,False,2024,Lifestyle,MAPPED,,Parenting
40,Arcangel @arcangel,766.2K,1.1%,Puerto Rico,,229.9K,tiktok,puerto-rico,False,2024,NA,NA,,
41,dia @anxrosa,744.1K,-,Puerto Rico,Entertainment and Music,223.2K,tiktok,puerto-rico,False,2024,Music,MAPPED,,Entertainment and Music
42,Callmedaddyapple @callmedaddyapple,734.3K,-,Puerto Rico,,220.3K,tiktok,puerto-rico,False,2024,NA,NA,,
43,Carlos Cabrera @caerloscgv,723.6K,-,Puerto Rico,Entertainment and Music,217.1K,tiktok,puerto-rico,False,2024,Music,MAPPED,,Entertainment and Music
44,EL PRÍNCIPE @elprincipebby,714.1K,-,Puerto Rico,Entertainment and Music Romance and Wedding,214.2K,tiktok,puerto-rico,False,2024,Beauty&Fashion,MAPPED,,Entertainment and Music Romance and Wedding
45,River Z Perkins @rivvzz,700.2K,-,Puerto Rico,Romance and Wedding,210.1K,tiktok,puerto-rico,False,2024,Beauty&Fashion,MAPPED,,Romance and Wedding
46,Angie 🥰 @angy_coral,697.5K,-,Puerto Rico,family,209.3K,tiktok,puerto-rico,False,2024,Lifestyle,MAPPED,,family
47,Alexis Vargas ⚡ @alexiscomedia,696.3K,-,Puerto Rico,Entertainment and Music,208.9K,tiktok,puerto-rico,False,2024,Music,MAPPED,,Entertainment and Music
48,Alexandra:) @ale.lee.art,684.3K,-,Puerto Rico,Arts and Crafts,205.3K,tiktok,puerto-rico,False,2024,Lifestyle,MAPPED,,Arts and Crafts
49,Carla Nicole @carlanicolepr,667.8K,-,Puerto Rico,Fashion and Accessories,200.3K,tiktok,puerto-rico,False,2024,Beauty&Fashion,MAPPED,,Fashion and Accessories
50,Mrs. Officer @thinblue300,667.4K,-,Puerto Rico,,200.2K,tiktok,puerto-rico,False,2024,NA,NA,,
51,Zia 🥰 @curlyzia.xo,651.8K,-,Puerto Rico,Beauty and Self Care,195.5K,tiktok,puerto-rico,False,2024,Beauty&Fashion,MAPPED,,Beauty and Self Care
52,anastasia @anastoostoo,639.2K,-,Puerto Rico,,191.8K,tiktok,puerto-rico,False,2024,NA,NA,,
53,Rafael Acevedo @raf.acevedo,631.9K,-,Puerto Rico,,189.6K,tiktok,puerto-rico,False,2024,NA,NA,,
54,Anthony Figueroa @anthonyflowww,621.6K,-,Puerto Rico,Romance and Wedding,186.5K,tiktok,puerto-rico,False,2024,Beauty&Fashion,MAPPED,,Romance and Wedding
55,Shaliz 😚😚 @shaliz.pr,620.2K,-,Puerto Rico,,186.1K,tiktok,puerto-rico,False,2024,NA,NA,,
56,Adi🏳️‍🌈 @adi_ramos58,617.5K,-,Puerto Rico,,185.3K,tiktok,puerto-rico,False,2024,NA,NA,,
57,Pr🇵🇷👹 @justin7u7mikexd,609.5K,-,Puerto Rico,,182.9K,tiktok,puerto-rico,False,2024,NA,NA,,
58,Joshua Castro @thejoshuacastro,605.5K,-,Puerto Rico,,181.7K,tiktok,puerto-rico,False,2024,NA,NA,,
59,papifranquiiii1998 @papifranqui,600.8K,-,Puerto Rico,,180.2K,tiktok,puerto-rico,False,2024,NA,NA,,
60,Zummer 🇵🇷 @just.zummer,598.5K,-,Puerto Rico,Fitness,179.6K,tiktok,puerto-rico,False,2024,Sports,MAPPED,,Fitness
61,Orlando Santana @soyorlandosantana,595.7K,-,Puerto Rico,Celebrity,178.7K,tiktok,puerto-rico,False,2024,Entertainment,MAPPED,,Celebrity
62,Leah cadena @aaliyah.cadena,584.4K,-,Puerto Rico,,175.3K,tiktok,puerto-rico,False,2024,NA,NA,,
63,Didi Romero @didiromero_8,580.5K,-,Puerto Rico,,174.2K,tiktok,puerto-rico,False,2024,NA,NA,,
64,Lunay @lunayprr,577.6K,-,Puerto Rico,,173.3K,tiktok,puerto-rico,False,2024,NA,NA,,
65,Bianca Graulau @biancagraulau,576.8K,0.2%,Puerto Rico,,173K,tiktok,puerto-rico,False,2024,NA,NA,,
66,Laina G @lainag99,570.8K,-,Puerto Rico,,171.2K,tiktok,puerto-rico,False,2024,NA,NA,,
67,Fabian Matos @fabianmatos,554.4K,-,Puerto Rico,,166.3K,tiktok,puerto-rico,False,2024,NA,NA,,
68,Horimiya Rachel @rachelszero,551K,-,Puerto Rico,,165.3K,tiktok,puerto-rico,False,2024,NA,NA,,
69,jadielo_2 @jadielo_2,537.9K,-,Puerto Rico,,161.4K,tiktok,puerto-rico,False,2024,NA,NA,,
70,Julianasanchez @julianasanchez__,532.6K,-,Puerto Rico,,159.8K,tiktok,puerto-rico,False,2024,NA,NA,,
71,Joaneily @jayvxl,529.2K,-,Puerto Rico,Animation and Cosplay,158.8K,tiktok,puerto-rico,False,2024,Tech&Gaming,MAPPED,,Animation and Cosplay
72,Suleini Rivera @sulriverax,525.6K,0.1%,Puerto Rico,,157.7K,tiktok,puerto-rico,False,2024,NA,NA,,
73,Eli @3lijahrivera,521.9K,26.5%,Puerto Rico,Entertainment and Music,156.6K,tiktok,puerto-rico,False,2024,Music,MAPPED,,Entertainment and Music
74,Josué Luciano @jou.king91,507.2K,-,Puerto Rico,Food and Drink,152.2K,tiktok,puerto-rico,False,2024,Lifestyle,MAPPED,,Food and Drink
75,Negritoz @negritoz,505.7K,-,Puerto Rico,,151.7K,tiktok,puerto-rico,False,2024,NA,NA,,
76,Shai @orlandoqponqueen,505.2K,-,Puerto Rico,,151.6K,tiktok,puerto-rico,False,2024,NA,NA,,
77,𝙰𝚕𝚒𝚊𝚗𝚣𝚊 @jenniriverathediva,500.6K,-,Puerto Rico,,150.2K,tiktok,puerto-rico,False,2024,NA,NA,,
78,Toriana @tortiz43,497.6K,-,Puerto Rico,Sports,149.3K,tiktok,puerto-rico,False,2024,Sports,MAPPED,,Sports
79,jaywheelerdr @jaywheelerdr,491.8K,-,Puerto Rico,,147.5K,tiktok,puerto-rico,False,2024,NA,NA,,
80,Bilal @bilalking_3,478.3K,-,Puerto Rico,,143.5K,tiktok,puerto-rico,False,2024,NA,NA,,
81,Fabiolaa N.💙🤍 @fabiiolaaa,475K,-,Puerto Rico,Funny,142.5K,tiktok,puerto-rico,False,2024,Entertainment,MAPPED,,Funny
82,Elvis Crespo @elviscrespolive,474.7K,-,Puerto Rico,,142.4K,tiktok,puerto-rico,False,2024,NA,NA,,
83,TITO EL BAMBINO @titoelbambinoelpatron,473.6K,-,Puerto Rico,,142.1K,tiktok,puerto-rico,False,2024,NA,NA,,
84,kasey @slayy.kayyy,473.3K,-,Puerto Rico,,142K,tiktok,puerto-rico,False,2024,NA,NA,,
85,RA” RAUW @rauwalejandro___,473.2K,-,Puerto Rico,,142K,tiktok,puerto-rico,False,2024,NA,NA,,
86,CGMERKZ @cgmerkz,463.6K,-,Puerto Rico,,139.1K,tiktok,puerto-rico,False,2024,NA,NA,,
87,laudypr @laudypr,463.1K,-,Puerto Rico,,138.9K,tiktok,puerto-rico,False,2024,NA,NA,,
88,Janice🌹 @janicee.janicee,461.4K,-,Puerto Rico,Fashion Beauty,138.4K,tiktok,puerto-rico,False,2024,Beauty&Fashion,MAPPED,,Fashion Beauty
89,Sayits.cece @sayits.cece,455.1K,-,Puerto Rico,Funny,136.5K,tiktok,puerto-rico,False,2024,Entertainment,MAPPED,,Funny
90,🌿🌻Damaris 🌻🌿 @damarisstellamaris,449.3K,-,Puerto Rico,,134.8K,tiktok,puerto-rico,False,2024,NA,NA,,
91,Buuoy @buuoy,442.9K,-,Puerto Rico,Entertainment and Music,132.9K,tiktok,puerto-rico,False,2024,Music,MAPPED,,Entertainment and Music
92,omi @cookingconomi,433K,0.1%,Puerto Rico,Food Food and Drink,129.9K,tiktok,puerto-rico,False,2024,Lifestyle,MAPPED,,Food Food and Drink
93,Coral🍍 @coraliscoira,432.2K,-,Puerto Rico,,129.7K,tiktok,puerto-rico,False,2024,NA,NA,,
94,𝐈𝐱𝐢𝐬 𝐍𝐢𝐜𝐨𝐥𝐥𝐞 @ixisnicolle,426.7K,-,Puerto Rico,Entertainment and Music,128K,tiktok,puerto-rico,False,2024,Music,MAPPED,,Entertainment and Music
95,Nick Ortiz @knickertease,426.5K,-,Puerto Rico,Sports,128K,tiktok,puerto-rico,False,2024,Sports,MAPPED,,Sports
96,Arelis✨ @arelisxd4,422.7K,-,Puerto Rico,family,126.8K,tiktok,puerto-rico,False,2024,Lifestyle,MAPPED,,family
97,Mila 🤴🏼 @theofficial.milaa,419.7K,-,Puerto Rico,,125.9K,tiktok,puerto-rico,False,2024,NA,NA,,
98,SrPantoja🇵🇷 @soylavozdemexico,413K,-,Puerto Rico,,123.9K,tiktok,puerto-rico,False,2024,NA,NA,,
99,Adventure Puerto Rico 🇵🇷 @adventure_puertorico,411.6K,-,Puerto Rico,Travel,123.5K,tiktok,puerto-rico,False,2024,Lifestyle,MAPPED,,Travel
100,papito_blessedhands @therealpapito,410.7K,0.1%,Puerto Rico,Beauty,123.2K,tiktok,puerto-rico,False,2024,Beauty&Fashion,MAPPED,,Beauty
1,Aurelia Dobre @aureliadobre,6.7M,-,Romania,Sports,2M,tiktok,romania,False,2024,Sports,MAPPED,,Sports
2,Lavbbe @lavbbe,3.7M,-,Romania,Fashion and Accessories Beauty and Self Care,1.1M,tiktok,romania,False,2024,Beauty&Fashion,MAPPED,,Fashion and Accessories Beauty and Self Care
3,Adelina Pestritu @adelinapestritu,1.8M,-,Romania,Fashion and Accessories,540K,tiktok,romania,False,2024,Beauty&Fashion,MAPPED,,Fashion and Accessories
4,andragogan.ro 🇷🇴 @andragoganro,1.7M,-,Romania,,510K,tiktok,romania,False,2024,NA,NA,,
5,Andra @andratwork,1.4M,0.1%,Romania,Education,420K,tiktok,romania,False,2024,Knowledge&Info,MAPPED,,Education
6,Anca Thunder @ancathunder,1.1M,-,Romania,,330K,tiktok,romania,False,2024,NA,NA,,
7,Oana Zara @oanazara,1.1M,2.6%,Romania,Acting and Drama,330K,tiktok,romania,False,2024,Entertainment,MAPPED,,Acting and Drama
8,Stefania @cristinaa.stefaniaa,992.2K,-,Romania,,297.7K,tiktok,romania,False,2024,NA,NA,,
9,Motivation @andrei_deiu.01,988.3K,-,Romania,,296.5K,tiktok,romania,False,2024,NA,NA,,
10,💜Mady💜 @maddymaddy9,984.5K,-,Romania,,295.4K,tiktok,romania,False,2024,NA,NA,,
11,Daniel Pavel @danielpavell,984.3K,0.3%,Romania,,295.3K,tiktok,romania,False,2024,NA,NA,,
12,Alexandra Campan @ale.campan15,961.3K,-,Romania,,288.4K,tiktok,romania,False,2024,NA,NA,,
13,Florin Giura @dibujos.animadoos,949.3K,-,Romania,,284.8K,tiktok,romania,False,2024,NA,NA,,
14,Lucas Popan @lucaspopan,940.8K,0.8%,Romania,,282.2K,tiktok,romania,False,2024,NA,NA,,
15,David @davidencu,933.4K,0.3%,Romania,,280K,tiktok,romania,False,2024,NA,NA,,
16,KingBish @spicedevilcaleb,911.6K,-,Romania,Food and Drink,273.5K,tiktok,romania,False,2024,Lifestyle,MAPPED,,Food and Drink
17,Smiley @smiley_omul,910.1K,-,Romania,,273K,tiktok,romania,False,2024,NA,NA,,
18,Miruna Rumina @miruna.rumina,908.7K,-,Romania,,272.6K,tiktok,romania,False,2024,NA,NA,,
19,dominic @dominicgabriele,888K,-,Romania,,266.4K,tiktok,romania,False,2024,NA,NA,,
20,S💜I💜M💜O💜N💜N💜A @simonna_braboveanu,876.9K,-,Romania,,263.1K,tiktok,romania,False,2024,NA,NA,,
21,Ines Stana @ines,839.1K,-,Romania,,251.7K,tiktok,romania,False,2024,NA,NA,,
22,Louis Florea @louismflr,834.8K,-,Romania,,250.4K,tiktok,romania,False,2024,NA,NA,,
23,Romania @romania,813.6K,-,Romania,Nature,244.1K,tiktok,romania,False,2024,Lifestyle,MAPPED,,Nature
24,Lorena Visan @lorevsn,806.4K,-,Romania,,241.9K,tiktok,romania,False,2024,NA,NA,,
25,Diana C @dianacondurache,787.9K,-,Romania,,236.4K,tiktok,romania,False,2024,NA,NA,,
26,Alex Cojuhari @alex.cojuhari,783.9K,0.2%,Romania,,235.2K,tiktok,romania,False,2024,NA,NA,,
27,andreeacorb @andreeacorb,775.9K,-,Romania,Food,232.8K,tiktok,romania,False,2024,Lifestyle,MAPPED,,Food
28,1Petru @1petru,773K,0.7%,Romania,,231.9K,tiktok,romania,False,2024,NA,NA,,
29,Lord Dracula @draculamlph,756.4K,-,Romania,,226.9K,tiktok,romania,False,2024,NA,NA,,
30,Ina @terescencoina_,752.9K,-,Romania,,225.9K,tiktok,romania,False,2024,NA,NA,,
31,azaleea.necula @azaleea.necula,749.7K,-,Romania,,224.9K,tiktok,romania,False,2024,NA,NA,,
32,Bianca Maria Comanici @comanicibianca14,735.7K,-,Romania,,220.7K,tiktok,romania,False,2024,NA,NA,,
33,Nikolas Sax @nikolassax,734.9K,-,Romania,,220.5K,tiktok,romania,False,2024,NA,NA,,
34,🔺Vlad🔻 @vladneamtu0,731.8K,-,Romania,,219.5K,tiktok,romania,False,2024,NA,NA,,
35,✪Sportactivities✪ @sportactivities,727.8K,-,Romania,,218.3K,tiktok,romania,False,2024,NA,NA,,
36,VLAD MUNTEANU @mnt.vlad,712.8K,-,Romania,,213.8K,tiktok,romania,False,2024,NA,NA,,
37,Vlada Grecu 😈 @vlada.prada,704.7K,-,Romania,Travel,211.4K,tiktok,romania,False,2024,Lifestyle,MAPPED,,Travel
38,Leoo Dumitru @leoodumitru,703.4K,-,Romania,Entertainment and Music,211K,tiktok,romania,False,2024,Music,MAPPED,,Entertainment and Music
39,Mihai Dragomir @mihai_dragomir,693.8K,0.1%,Romania,,208.1K,tiktok,romania,False,2024,NA,NA,,
40,rita.engleza @rita.engleza,684.4K,-,Romania,,205.3K,tiktok,romania,False,2024,NA,NA,,
41,Barnoschi Ana Maria @barnoschianamaria,679.3K,-,Romania,,203.8K,tiktok,romania,False,2024,NA,NA,,
42,Hair Hood @hairhood.ro,675.3K,-,Romania,Fashion and Accessories,202.6K,tiktok,romania,False,2024,Beauty&Fashion,MAPPED,,Fashion and Accessories
43,Dr. Alexandra Mircea @dr.alexandra.mircea,674.6K,-,Romania,Beauty and Self Care,202.4K,tiktok,romania,False,2024,Beauty&Fashion,MAPPED,,Beauty and Self Care
44,Vlăduța Lupău @vladutal,672.4K,0.1%,Romania,,201.7K,tiktok,romania,False,2024,NA,NA,,
45,Cosmin Popa @cosminpopa,671.2K,-,Romania,Animation and Cosplay,201.4K,tiktok,romania,False,2024,Tech&Gaming,MAPPED,,Animation and Cosplay
46,Bromania @bromania,660.8K,0.1%,Romania,,198.2K,tiktok,romania,False,2024,NA,NA,,
47,Iuliana Nistor @iuliananistor4,649.2K,-,Romania,,194.8K,tiktok,romania,False,2024,NA,NA,,
48,Sorana Maria @soranamaria26,646.5K,-,Romania,Entertainment and Music Business and Finance,194K,tiktok,romania,False,2024,Knowledge&Info,MAPPED,,Entertainment and Music Business and Finance
49,Telcean Marius @telceanmarius,632.3K,-,Romania,,189.7K,tiktok,romania,False,2024,NA,NA,,
50,Alexandra🌞 @heyitsalexandraaa,623.8K,-,Romania,,187.1K,tiktok,romania,False,2024,NA,NA,,
51,Iulian Mehedint @iulian.3chestii,574.6K,-,Romania,,172.4K,tiktok,romania,False,2024,NA,NA,,
52,Robert Ștefănescu @robert.stefanescu,571.1K,-,Romania,,171.3K,tiktok,romania,False,2024,NA,NA,,
53,Geta Sterp @geta.sterp,561.4K,0.1%,Romania,,168.4K,tiktok,romania,False,2024,NA,NA,,
54,TARZY @tarzyoficial,555.4K,-,Romania,,166.6K,tiktok,romania,False,2024,NA,NA,,
55,Camelia Radu @cameliaradu,552.2K,-,Romania,,165.7K,tiktok,romania,False,2024,NA,NA,,
56,Maria Nedelcu @marianedelcu6,542.2K,-,Romania,Fitness and Health,162.7K,tiktok,romania,False,2024,Sports,MAPPED,,Fitness and Health
57,Alice @alicedraghicii,530.3K,-,Romania,,159.1K,tiktok,romania,False,2024,NA,NA,,
58,georgecgf @georgecgf,528.8K,-,Romania,,158.6K,tiktok,romania,False,2024,NA,NA,,
59,🔐𝑅𝒪𝐵𝐸𝑅𝒯🔐 @robertandrei400,524.1K,-,Romania,Romance and Wedding,157.2K,tiktok,romania,False,2024,Beauty&Fashion,MAPPED,,Romance and Wedding
60,Nadina Ioana @nadinaioanaofficial,523.6K,-,Romania,Beauty and Self Care,157.1K,tiktok,romania,False,2024,Beauty&Fashion,MAPPED,,Beauty and Self Care
61,Andreea Balan @andreeabalan,513.6K,-,Romania,,154.1K,tiktok,romania,False,2024,NA,NA,,
62,Bogdan Medvedi @bogdanmedvedi,511.4K,-,Romania,,153.4K,tiktok,romania,False,2024,NA,NA,,
63,Codin Maticiuc @codin_maticiuc,511.4K,-,Romania,,153.4K,tiktok,romania,False,2024,NA,NA,,
64,Chirila Radu @chirilaradu,508.9K,-,Romania,,152.7K,tiktok,romania,False,2024,NA,NA,,
65,Romario Mocanu @romario.mocanu,495K,-,Romania,,148.5K,tiktok,romania,False,2024,NA,NA,,
66,REGELE FABIAN OFICIALL 👑 @_regele_fabian_oficiall_,491.5K,-,Romania,,147.5K,tiktok,romania,False,2024,NA,NA,,
67,Pavel Bartos @pavel_bartos,480.8K,-,Romania,,144.2K,tiktok,romania,False,2024,NA,NA,,
68,Mihaela Gabriela @mihaelagabriela359,475.7K,-,Romania,,142.7K,tiktok,romania,False,2024,NA,NA,,
69,Alina Cheșcu ✅ @alina954w1,461.3K,-,Romania,,138.4K,tiktok,romania,False,2024,NA,NA,,
70,qwertykey.ro @qwertykey.ro,460.7K,-,Romania,,138.2K,tiktok,romania,False,2024,NA,NA,,
71,Cozyyyy @cozzy.mina,455.3K,0.4%,Romania,,136.6K,tiktok,romania,False,2024,NA,NA,,
72,adelindoamnefereste @adelindoamnefereste,455.1K,0.2%,Romania,,136.5K,tiktok,romania,False,2024,NA,NA,,
73,Adinuta😍 @adinacozma,454.3K,-,Romania,,136.3K,tiktok,romania,False,2024,NA,NA,,
74,Nemo @florentindani_el,452.3K,-,Romania,,135.7K,tiktok,romania,False,2024,NA,NA,,
75,mitzuu @mitzuu_,452.2K,0.3%,Romania,,135.7K,tiktok,romania,False,2024,NA,NA,,
76,Pyker51 @pyker51,446.1K,-,Romania,,133.8K,tiktok,romania,False,2024,NA,NA,,
77,Bianca @amyclaire_97,444.5K,-,Romania,,133.4K,tiktok,romania,False,2024,NA,NA,,
78,Cristiana.ioana._ @cristiana.ioana._,440.9K,-,Romania,Entertainment and Music Funny,132.3K,tiktok,romania,False,2024,Music,MAPPED,,Entertainment and Music Funny
79,⚜rebecca⚜ @rebecca_kd0.33,440.4K,-,Romania,,132.1K,tiktok,romania,False,2024,NA,NA,,
80,Radu Țibulcă @radutibulca,438.6K,-,Romania,,131.6K,tiktok,romania,False,2024,NA,NA,,
81,Marta🌻 @martasascau80,434.8K,-,Romania,Funny,130.4K,tiktok,romania,False,2024,Entertainment,MAPPED,,Funny
82,MApN-Armata României @armataromaniei,433.9K,0.1%,Romania,,130.2K,tiktok,romania,False,2024,NA,NA,,
83,Radu Constantin @radu.co,432.9K,-,Romania,,129.9K,tiktok,romania,False,2024,NA,NA,,
84,Ioana Sfinxul @ioanasfinxul,432.5K,0.1%,Romania,,129.8K,tiktok,romania,False,2024,NA,NA,,
85,Edi Brandabura @edibrandabura,430K,-,Romania,,129K,tiktok,romania,False,2024,NA,NA,,
86,romaniafarafiltru @romania_fara_filtru,430K,0.3%,Romania,,129K,tiktok,romania,False,2024,NA,NA,,
87,elena @elena.urdu.speaker,427K,-,Romania,Education,128.1K,tiktok,romania,False,2024,Knowledge&Info,MAPPED,,Education
88,🎀🎀O🅰️N🅰️💎💎 @oana_2118,422.4K,-,Romania,,126.7K,tiktok,romania,False,2024,NA,NA,,
89,Adriana - s✨x educator @adriana._.stinga,418.4K,-,Romania,,125.5K,tiktok,romania,False,2024,NA,NA,,
90,Florinel Ioana @florinelsiioanaofficial,415K,-,Romania,,124.5K,tiktok,romania,False,2024,NA,NA,,
91,Tiberiu @tiberiu,414.3K,-,Romania,,124.3K,tiktok,romania,False,2024,NA,NA,,
92,Crystal @ginko03170317,412.3K,-,Romania,,123.7K,tiktok,romania,False,2024,NA,NA,,
93,Chestionare Auto @chestionareauto,411K,-,Romania,,123.3K,tiktok,romania,False,2024,NA,NA,,
94,Anitei Robert @like_si_follow,409.5K,-,Romania,,122.9K,tiktok,romania,False,2024,NA,NA,,
95,Movieclipsaddict @movieclips_addict,404.4K,-,Romania,,121.3K,tiktok,romania,False,2024,NA,NA,,
96,Costel șampanie @tiganul.alb,403.9K,-,Romania,,121.2K,tiktok,romania,False,2024,NA,NA,,
97,Connect-R @connectr2021,398.6K,-,Romania,,119.6K,tiktok,romania,False,2024,NA,NA,,
98,🇷🇴Suleym🅰️n_🅾️fficial🇷🇴 @suleyman_ionut,394.8K,-,Romania,,118.4K,tiktok,romania,False,2024,NA,NA,,
99,Tocalifeworld20 @tocalifeworld20,393.3K,0.1%,Romania,Video Gaming,118K,tiktok,romania,False,2024,Tech&Gaming,MAPPED,,Video Gaming
100,Valentina Lungu @valentinalungu,390.3K,-,Romania,,117.1K,tiktok,romania,False,2024,NA,NA,,
1,Маргарита Дьяченкова @margo_flury,18.7M,1.6%,Russia,Acting and Drama Celebrity,5.6M,tiktok,russia,False,2024,Entertainment,MAPPED,,Acting and Drama Celebrity
2,Katy Vine @katy.vine,12.5M,-,Russia,Entertainment and Music,3.8M,tiktok,russia,False,2024,Music,MAPPED,,Entertainment and Music
3,Даня Бум @danilis_boom,12.2M,-,Russia,Entertainment and Music Animation and Cosplay,3.7M,tiktok,russia,False,2024,Tech&Gaming,MAPPED,,Entertainment and Music Animation and Cosplay
4,КЛАВА КОКА 💃🏼 @klavacoca,10.3M,-,Russia,Entertainment and Music,3.1M,tiktok,russia,False,2024,Music,MAPPED,,Entertainment and Music
5,Настя Монахова @monakhovan_,8.9M,0.1%,Russia,family,2.7M,tiktok,russia,False,2024,Lifestyle,MAPPED,,family
6,Близнецы Верзаковы @twins.verz.parodies,8.5M,-,Russia,Animation and Cosplay Entertainment and Music,2.6M,tiktok,russia,False,2024,Tech&Gaming,MAPPED,,Animation and Cosplay Entertainment and Music
7,Ольга Бузова @buzova86,8.1M,-,Russia,Entertainment and Music Fashion and Accessories,2.4M,tiktok,russia,False,2024,Beauty&Fashion,MAPPED,,Entertainment and Music Fashion and Accessories
8,Steff @steff_happy,7.7M,-,Russia,,2.3M,tiktok,russia,False,2024,NA,NA,,
9,Даша Боровик @borovikdashaa,7.1M,-,Russia,Entertainment and Music Product Showcase,2.1M,tiktok,russia,False,2024,Beauty&Fashion,MAPPED,,Entertainment and Music Product Showcase
10,hahadetka @hahadetka,6.9M,-,Russia,Entertainment and Music Funny,2.1M,tiktok,russia,False,2024,Music,MAPPED,,Entertainment and Music Funny
11,Макс и Катя Филаретовы @filaretiki,6.8M,-,Russia,Entertainment and Music Arts and Crafts,2M,tiktok,russia,False,2024,Music,MAPPED,,Entertainment and Music Arts and Crafts
12,ПАША ОСАДЧИЙ @ossadchiy,6.5M,-,Russia,Entertainment and Music,2M,tiktok,russia,False,2024,Music,MAPPED,,Entertainment and Music
13,SUPER HOUSE🦸 @superhouse_ru,6.4M,-,Russia,Home and Garden,1.9M,tiktok,russia,False,2024,Lifestyle,MAPPED,,Home and Garden
14,Dasha Chepizhko @dashachepizhko,5.9M,-,Russia,,1.8M,tiktok,russia,False,2024,NA,NA,,
15,Елена Завидова @zavidova9,5.9M,-,Russia,Food Product Showcase,1.8M,tiktok,russia,False,2024,Beauty&Fashion,MAPPED,,Food Product Showcase
16,Эльдар Джарахов @dzharakhov,5.8M,-,Russia,,1.7M,tiktok,russia,False,2024,NA,NA,,
17,Anastasyia Prichinina @anastasyiaqueen,5.7M,-,Russia,Animation and Cosplay,1.7M,tiktok,russia,False,2024,Tech&Gaming,MAPPED,,Animation and Cosplay
18,Sokolov Artyom @sokolov_artyom,5.4M,-,Russia,Arts and Crafts,1.6M,tiktok,russia,False,2024,Lifestyle,MAPPED,,Arts and Crafts
19,Hanna11 @hanna11_anna,4.7M,-,Russia,,1.4M,tiktok,russia,False,2024,NA,NA,,
20,Hello It’s me SerJay @ser_jay,4.7M,0.4%,Russia,Entertainment and Music,1.4M,tiktok,russia,False,2024,Music,MAPPED,,Entertainment and Music
21,SLEEPY @sleepy.princess.8,4.6M,-,Russia,Entertainment and Music,1.4M,tiktok,russia,False,2024,Music,MAPPED,,Entertainment and Music
22,Никита Морозов Перфе @morozovq,4.6M,-,Russia,,1.4M,tiktok,russia,False,2024,NA,NA,,
23,Туман Настя @nastyatyman,4.5M,-,Russia,,1.4M,tiktok,russia,False,2024,NA,NA,,
24,Вова Блэк @vovablackk,4.5M,-,Russia,Fashion and Accessories,1.4M,tiktok,russia,False,2024,Beauty&Fashion,MAPPED,,Fashion and Accessories
25,CHERRY DADDY SHOW @cherry_daddy_show,4.4M,-,Russia,Entertainment and Music,1.3M,tiktok,russia,False,2024,Music,MAPPED,,Entertainment and Music
26,Антон @kireev_voice,4.4M,-,Russia,Entertainment and Music,1.3M,tiktok,russia,False,2024,Music,MAPPED,,Entertainment and Music
27,Кушать хочу @kushat_hochu,4.3M,-,Russia,Romance and Wedding Food,1.3M,tiktok,russia,False,2024,Beauty&Fashion,MAPPED,,Romance and Wedding Food
28,PROSTO MODNO @exterlylove,4.3M,-,Russia,Entertainment and Music,1.3M,tiktok,russia,False,2024,Music,MAPPED,,Entertainment and Music
29,Апасный @aparyk,4.2M,0.1%,Russia,Entertainment and Music,1.3M,tiktok,russia,False,2024,Music,MAPPED,,Entertainment and Music
30,Eva Elfie @theevaelfie,4.1M,0.1%,Russia,Beauty and Self Care Fashion and Accessories,1.2M,tiktok,russia,False,2024,Beauty&Fashion,MAPPED,,Beauty and Self Care Fashion and Accessories
31,Войнов Кирилл @voy.nov,4.1M,-,Russia,Funny,1.2M,tiktok,russia,False,2024,Entertainment,MAPPED,,Funny
32,Yason Cat 🐾 @yasoncat,3.9M,0.3%,Russia,,1.2M,tiktok,russia,False,2024,NA,NA,,
33,zotov @zotov.13,3.9M,-,Russia,Entertainment and Music,1.2M,tiktok,russia,False,2024,Music,MAPPED,,Entertainment and Music
34,Зубарев Александр @zubarefff,3.9M,0.4%,Russia,,1.2M,tiktok,russia,False,2024,NA,NA,,
35,Дворецкий Павел @dvoretsky11,3.7M,-,Russia,Entertainment and Music,1.1M,tiktok,russia,False,2024,Music,MAPPED,,Entertainment and Music
36,АНТОН ФИНИК 🔥 @anton_finik,3.6M,-,Russia,Entertainment and Music,1.1M,tiktok,russia,False,2024,Music,MAPPED,,Entertainment and Music
37,🤩NIKLY🤩 @___nikly___,3.5M,0.3%,Russia,Arts and Crafts Photography Funny,1.1M,tiktok,russia,False,2024,Entertainment,MAPPED,,Arts and Crafts Photography Funny
38,Kiss Kate 🥨 @kisskate_blog,3.5M,-,Russia,Fashion and Accessories Beauty and Self Care Life and Society,1.1M,tiktok,russia,False,2024,Beauty&Fashion,MAPPED,,Fashion and Accessories Beauty and Self Care Life and Society
39,БЕЛКА 🐿️ @anny_myrrr_,3.5M,-,Russia,,1.1M,tiktok,russia,False,2024,NA,NA,,
40,Troom Troom @troomtroom,3.4M,-,Russia,DIY and Life Hacks,1M,tiktok,russia,False,2024,Lifestyle,MAPPED,,DIY and Life Hacks
41,Мятная Фанта @_mint_fanta_,3.4M,-,Russia,,1M,tiktok,russia,False,2024,NA,NA,,
42,ROB SY @robsyman,3.4M,-,Russia,,1M,tiktok,russia,False,2024,NA,NA,,
43,Michael Galustyan @m_galustyan,3.4M,0.1%,Russia,Entertainment and Music Funny,1M,tiktok,russia,False,2024,Music,MAPPED,,Entertainment and Music Funny
44,$opha Kuper @sophakuper,3.4M,-,Russia,Entertainment and Music,1M,tiktok,russia,False,2024,Music,MAPPED,,Entertainment and Music
45,ТИЛЭКС🧊🧊🧊 @tilexofficial,3.2M,-,Russia,,960K,tiktok,russia,False,2024,NA,NA,,
46,Краснодарская Крошка 🌸 @kentang_bayi,3.2M,-,Russia,Entertainment and Music,960K,tiktok,russia,False,2024,Music,MAPPED,,Entertainment and Music
47,Это Питер Детка @janka_sega,3.2M,-,Russia,Entertainment and Music,960K,tiktok,russia,False,2024,Music,MAPPED,,Entertainment and Music
48,Л'Этуаль @letoile_official,3.2M,-,Russia,Beauty and Self Care,960K,tiktok,russia,False,2024,Beauty&Fashion,MAPPED,,Beauty and Self Care
49,Иван Ржевский @xolidayboy,3.2M,-,Russia,Entertainment and Music,960K,tiktok,russia,False,2024,Music,MAPPED,,Entertainment and Music
50,Камбаров Никита @kambar0v,3.1M,-,Russia,Food,930K,tiktok,russia,False,2024,Lifestyle,MAPPED,,Food
51,🇧 🇮 🇿 🇴 🇷 🇺 🇸 @bizorus,3.1M,-,Russia,Arts and Crafts,930K,tiktok,russia,False,2024,Lifestyle,MAPPED,,Arts and Crafts
52,Белладонна Милославская @belladonnamiloslavskaya,3M,-,Russia,,900K,tiktok,russia,False,2024,NA,NA,,
53,"Привет, я Оля) @lelikolikk",2.9M,-,Russia,Entertainment and Music,870K,tiktok,russia,False,2024,Music,MAPPED,,Entertainment and Music
54,Потерянный Войсер @saigack,2.9M,-,Russia,Entertainment and Music,870K,tiktok,russia,False,2024,Music,MAPPED,,Entertainment and Music
55,Элджей @sayonaraboy,2.8M,-,Russia,,840K,tiktok,russia,False,2024,NA,NA,,
56,Каролина Моисеенко @karolinna.ru,2.8M,-,Russia,,840K,tiktok,russia,False,2024,NA,NA,,
57,Тайны мира @10factov,2.8M,-,Russia,Education,840K,tiktok,russia,False,2024,Knowledge&Info,MAPPED,,Education
58,Золотое Яблоко @goldapple,2.8M,-,Russia,Beauty and Self Care,840K,tiktok,russia,False,2024,Beauty&Fashion,MAPPED,,Beauty and Self Care
59,Елена Райтман @elena.raytman,2.8M,-,Russia,Education,840K,tiktok,russia,False,2024,Knowledge&Info,MAPPED,,Education
60,Соня Кодолова @happy56dawn,2.8M,0.2%,Russia,,840K,tiktok,russia,False,2024,NA,NA,,
61,Виктор Евгеньч ♠️ @victorblud,2.8M,-,Russia,,840K,tiktok,russia,False,2024,NA,NA,,
62,👾T-killah🍸 @t_killah,2.8M,-,Russia,,840K,tiktok,russia,False,2024,NA,NA,,
63,Луч Настя @luch.nastya,2.7M,-,Russia,Acting and Drama Entertainment and Music,810K,tiktok,russia,False,2024,Music,MAPPED,,Acting and Drama Entertainment and Music
64,Русский Дэдпул @russiandeadpool,2.6M,-,Russia,,780K,tiktok,russia,False,2024,NA,NA,,
65,Weloe / Велое @totweloe,2.5M,-,Russia,,750K,tiktok,russia,False,2024,NA,NA,,
66,bittuevv @bittuevv1,2.5M,-,Russia,Funny DIY and Life Hacks Education Upskilling,750K,tiktok,russia,False,2024,Knowledge&Info,MAPPED,,Funny DIY and Life Hacks Education Upskilling
67,Олег Артемьев (Oleg Artemyev) @olegmks,2.5M,3.5%,Russia,,750K,tiktok,russia,False,2024,NA,NA,,
68,Константин Ивлев @ivlev.chef,2.4M,0.3%,Russia,Food,720K,tiktok,russia,False,2024,Lifestyle,MAPPED,,Food
69,Danechka Blade @daniil_blade,2.4M,-,Russia,Animation and Cosplay,720K,tiktok,russia,False,2024,Tech&Gaming,MAPPED,,Animation and Cosplay
70,Tarlavina Svetlana @svetlana_tarlavina,2.4M,0.1%,Russia,Nature Home and Garden,720K,tiktok,russia,False,2024,Lifestyle,MAPPED,,Nature Home and Garden
71,rus_offf @rus_offf,2.3M,-,Russia,,690K,tiktok,russia,False,2024,NA,NA,,
72,лыгаLOVE❤️ @lygalov,2.3M,-,Russia,,690K,tiktok,russia,False,2024,NA,NA,,
73,AZAMAT AITALIEV @azamataytaliev25,2.3M,-,Russia,Entertainment and Music,690K,tiktok,russia,False,2024,Music,MAPPED,,Entertainment and Music
74,NikBoy🤍 @nikindurr,2.3M,-,Russia,Fashion and Accessories,690K,tiktok,russia,False,2024,Beauty&Fashion,MAPPED,,Fashion and Accessories
75,Григорий Мартовский @grishamartovskiy,2.3M,-,Russia,Entertainment and Music Funny Life and Society,690K,tiktok,russia,False,2024,Knowledge&Info,MAPPED,,Entertainment and Music Funny Life and Society
76,nekao_official @nekao_official,2.3M,-,Russia,Animation and Cosplay Entertainment and Music,690K,tiktok,russia,False,2024,Tech&Gaming,MAPPED,,Animation and Cosplay Entertainment and Music
77,ЛУНТИК @lunteek,2.3M,-,Russia,Entertainment and Music,690K,tiktok,russia,False,2024,Music,MAPPED,,Entertainment and Music
78,Скапмастер Хайтекович @xautek,2.3M,0.1%,Russia,Entertainment and Music,690K,tiktok,russia,False,2024,Music,MAPPED,,Entertainment and Music
79,Максим Высоцкий @beatbox_max,2.3M,0.2%,Russia,Entertainment and Music,690K,tiktok,russia,False,2024,Music,MAPPED,,Entertainment and Music
80,Safronov Brothers @safronovbrothers,2.3M,0.1%,Russia,Entertainment and Music,690K,tiktok,russia,False,2024,Music,MAPPED,,Entertainment and Music
81,Mark Kalinin🖤 @2cutemark,2.3M,-,Russia,,690K,tiktok,russia,False,2024,NA,NA,,
82,Волосатая медичка @mazanik_aliona,2.2M,-,Russia,Beauty and Self Care,660K,tiktok,russia,False,2024,Beauty&Fashion,MAPPED,,Beauty and Self Care
83,Lina @linawinme,2.2M,-,Russia,,660K,tiktok,russia,False,2024,NA,NA,,
84,Стас Ёрник @stas.yornik,2.2M,-,Russia,,660K,tiktok,russia,False,2024,NA,NA,,
85,Valeria Voronina @voronina_valeria_,2.2M,0.1%,Russia,,660K,tiktok,russia,False,2024,NA,NA,,
86,avi @avivuni,2.1M,-,Russia,Entertainment and Music,630K,tiktok,russia,False,2024,Music,MAPPED,,Entertainment and Music
87,Екатерина Куличенко @tetya_mottya,2.1M,-,Russia,,630K,tiktok,russia,False,2024,NA,NA,,
88,YanGo @yango,2.1M,-,Russia,,630K,tiktok,russia,False,2024,NA,NA,,
89,@sport03tv @sport03tv,2.1M,-,Russia,,630K,tiktok,russia,False,2024,NA,NA,,
90,Маша и Медведь @mashaandthebear_official,2.1M,-,Russia,Animation and Cosplay,630K,tiktok,russia,False,2024,Tech&Gaming,MAPPED,,Animation and Cosplay
91,Софья Темникова @sonyatemnikova,2.1M,-,Russia,Auto and Vehicles,630K,tiktok,russia,False,2024,Tech&Gaming,MAPPED,,Auto and Vehicles
92,Дамир Томсон @damir_tomson,2.1M,-,Russia,,630K,tiktok,russia,False,2024,NA,NA,,
93,🔥like.meli🔥 @like.meli,2.1M,-,Russia,,630K,tiktok,russia,False,2024,NA,NA,,
94,Alan Enileev @alan_enileev,2M,-,Russia,Auto and Vehicles Automotive,600K,tiktok,russia,False,2024,Tech&Gaming,MAPPED,,Auto and Vehicles Automotive
95,Nika.Family @nika.family,2M,-,Russia,Pets Entertainment and Music,600K,tiktok,russia,False,2024,Music,MAPPED,,Pets Entertainment and Music
96,Инна 👩‍👦Серж @innessa.sib,2M,-,Russia,Entertainment and Music,600K,tiktok,russia,False,2024,Music,MAPPED,,Entertainment and Music
97,Kristina Shmidt @theprincesskris,2M,-,Russia,Beauty and Self Care,600K,tiktok,russia,False,2024,Beauty&Fashion,MAPPED,,Beauty and Self Care
98,Артур Томашевский @arthurtomashevskyi,2M,-,Russia,Education Entertainment and Music,600K,tiktok,russia,False,2024,Knowledge&Info,MAPPED,,Education Entertainment and Music
99,СТС @tv_ctc,1.9M,-,Russia,Entertainment and Music,570K,tiktok,russia,False,2024,Music,MAPPED,,Entertainment and Music
100,FINIK @finik.finya,1.9M,0.1%,Russia,Entertainment and Music,570K,tiktok,russia,False,2024,Music,MAPPED,,Entertainment and Music
1,Shahid @shahid,4.3M,-,Saudi Arabia,Entertainment and Music,1.3M,tiktok,saudi-arabia,False,2024,Music,MAPPED,,Entertainment and Music
2,just sul @justsul,4M,0.1%,Saudi Arabia,,1.2M,tiktok,saudi-arabia,False,2024,NA,NA,,
3,خديجة اشرف @dooj214,3.8M,-,Saudi Arabia,Fashion and Accessories,1.1M,tiktok,saudi-arabia,False,2024,Beauty&Fashion,MAPPED,,Fashion and Accessories
4,maya bakhsh family @maya_bakhsh.f,3.1M,-,Saudi Arabia,family,930K,tiktok,saudi-arabia,False,2024,Lifestyle,MAPPED,,family
5,أنس الدوسري @bro..anas,3.1M,1.1%,Saudi Arabia,Upskilling,930K,tiktok,saudi-arabia,False,2024,Knowledge&Info,MAPPED,,Upskilling
6,Anasala Family @anasalafam,3M,0.3%,Saudi Arabia,family Entertainment and Music,900K,tiktok,saudi-arabia,False,2024,Music,MAPPED,,family Entertainment and Music
7,هشام باعشن @misho_baeshen,2.5M,-,Saudi Arabia,Food,750K,tiktok,saudi-arabia,False,2024,Lifestyle,MAPPED,,Food
8,Faisal فيصل السيف @falsaif,2.5M,-,Saudi Arabia,,750K,tiktok,saudi-arabia,False,2024,NA,NA,,
9,اسامه الدغيري @shx777,2.5M,0.2%,Saudi Arabia,Pets,750K,tiktok,saudi-arabia,False,2024,Lifestyle,MAPPED,,Pets
10,🥷🏻ملوك الاكشن🥷🏻 @ebn_7amedo,2.4M,-,Saudi Arabia,,720K,tiktok,saudi-arabia,False,2024,NA,NA,,
11,Nour Ghazall @nourghazall0,2.3M,3.2%,Saudi Arabia,,690K,tiktok,saudi-arabia,False,2024,NA,NA,,
12,جواهر محمد 💎 @jawa92,2.3M,-,Saudi Arabia,,690K,tiktok,saudi-arabia,False,2024,NA,NA,,
13,مستكشف المريخ ☄️🏳 @al_mree5,2.3M,0.3%,Saudi Arabia,,690K,tiktok,saudi-arabia,False,2024,NA,NA,,
14,مود 🇸🇦 @mood_c77,2.2M,-,Saudi Arabia,Product Showcase,660K,tiktok,saudi-arabia,False,2024,Beauty&Fashion,MAPPED,,Product Showcase
15,Khaled @withkhaled,2.1M,-,Saudi Arabia,Finance,630K,tiktok,saudi-arabia,False,2024,Knowledge&Info,MAPPED,,Finance
16,Ayman Alatas @aymanalts,2M,1.4%,Saudi Arabia,Education,600K,tiktok,saudi-arabia,False,2024,Knowledge&Info,MAPPED,,Education
17,ابو شهيبة @42yb_,2M,-,Saudi Arabia,,600K,tiktok,saudi-arabia,False,2024,NA,NA,,
18,عبد العزيز بن سلمان @azooz1700,1.9M,-,Saudi Arabia,,570K,tiktok,saudi-arabia,False,2024,NA,NA,,
19,نازلي eamezgizem نازلي @nqf.xezgizem,1.9M,0.1%,Saudi Arabia,,570K,tiktok,saudi-arabia,False,2024,NA,NA,,
20,بكروو العظمي🙂 @bkr2030,1.7M,-,Saudi Arabia,,510K,tiktok,saudi-arabia,False,2024,NA,NA,,
21,Thoraya Maronesy @thor.aya,1.6M,0.2%,Saudi Arabia,Entertainment and Music,480K,tiktok,saudi-arabia,False,2024,Music,MAPPED,,Entertainment and Music
22,Model Roz @modelroz,1.6M,-,Saudi Arabia,Fashion and Accessories,480K,tiktok,saudi-arabia,False,2024,Beauty&Fashion,MAPPED,,Fashion and Accessories
23,Khalil Guliev @xelilquliev,1.5M,-,Saudi Arabia,,450K,tiktok,saudi-arabia,False,2024,NA,NA,,
24,اصيل المبلع @asell.alm,1.5M,-,Saudi Arabia,,450K,tiktok,saudi-arabia,False,2024,NA,NA,,
25,TAلا👑 @talashammass,1.5M,-,Saudi Arabia,,450K,tiktok,saudi-arabia,False,2024,NA,NA,,
26,OfficialAhmadGhziel👑 @ahmad_ghziel,1.4M,-,Saudi Arabia,,420K,tiktok,saudi-arabia,False,2024,NA,NA,,
27,رواف @rawaf_sa,1.4M,0.1%,Saudi Arabia,Entertainment and Music,420K,tiktok,saudi-arabia,False,2024,Music,MAPPED,,Entertainment and Music
28,🧚🏻مولات ضحيكة🤤كزاوية❤️popiâ @rawaa.bayaaa,1.4M,-,Saudi Arabia,Fashion and Accessories,420K,tiktok,saudi-arabia,False,2024,Beauty&Fashion,MAPPED,,Fashion and Accessories
29,نور إنترناشيونال @noorinten,1.4M,-,Saudi Arabia,Education,420K,tiktok,saudi-arabia,False,2024,Knowledge&Info,MAPPED,,Education
30,احمد بن هشام 🇸🇦🗣 . @x_a7mad16,1.4M,0.2%,Saudi Arabia,Entertainment and Music,420K,tiktok,saudi-arabia,False,2024,Music,MAPPED,,Entertainment and Music
31,Muslimyoung3 @muslimyoung3,1.3M,5.5%,Saudi Arabia,,390K,tiktok,saudi-arabia,False,2024,NA,NA,,
32,Safiya khan @safiakhan90,1.3M,0.3%,Saudi Arabia,Arts and Crafts,390K,tiktok,saudi-arabia,False,2024,Lifestyle,MAPPED,,Arts and Crafts
33,عبدالخالق وجنى وريتا 😂 @aboud.hq,1.3M,-,Saudi Arabia,,390K,tiktok,saudi-arabia,False,2024,NA,NA,,
34,ملك الكلتشات @mohammed.alhussein,1.3M,-,Saudi Arabia,,390K,tiktok,saudi-arabia,False,2024,NA,NA,,
35,♕ماكي @mkiii99,1.2M,-,Saudi Arabia,Education,360K,tiktok,saudi-arabia,False,2024,Knowledge&Info,MAPPED,,Education
36,بدر آل صفر @arabicbaderalsafar,1.2M,-,Saudi Arabia,,360K,tiktok,saudi-arabia,False,2024,NA,NA,,
37,عائلة ابو دانة 👨‍👩‍👧‍👧 @danh_505,1.1M,0.1%,Saudi Arabia,family Romance and Wedding,330K,tiktok,saudi-arabia,False,2024,Beauty&Fashion,MAPPED,,family Romance and Wedding
38,🐍أم شامات🔥 @princess.asmae1,1.1M,-,Saudi Arabia,Beauty and Self Care Fashion and Accessories,330K,tiktok,saudi-arabia,False,2024,Beauty&Fashion,MAPPED,,Beauty and Self Care Fashion and Accessories
39,سعد السعيد @s5s5_3,1.1M,0.1%,Saudi Arabia,Life and Society,330K,tiktok,saudi-arabia,False,2024,Knowledge&Info,MAPPED,,Life and Society
40,العسافي @1xe_12,1.1M,-,Saudi Arabia,Funny,330K,tiktok,saudi-arabia,False,2024,Entertainment,MAPPED,,Funny
41,احمد الشراري📿 @509c_,1M,-,Saudi Arabia,,300K,tiktok,saudi-arabia,False,2024,NA,NA,,
42,Easy cooking @diasaid8,1M,-,Saudi Arabia,Food,300K,tiktok,saudi-arabia,False,2024,Lifestyle,MAPPED,,Food
43,عبدالرحمن طاشكندي | #طاشكو @tashku8,995K,-,Saudi Arabia,,298.5K,tiktok,saudi-arabia,False,2024,NA,NA,,
44,المهره 💎ملاك @malakmbm,994.4K,-,Saudi Arabia,,298.3K,tiktok,saudi-arabia,False,2024,NA,NA,,
45,سالم الشمري ✪ @t95,991.4K,-,Saudi Arabia,,297.4K,tiktok,saudi-arabia,False,2024,NA,NA,,
46,يوسف الفايز @_z20u,987.7K,-,Saudi Arabia,,296.3K,tiktok,saudi-arabia,False,2024,NA,NA,,
47,ابو يس 🎤 @y222.v,986.4K,0.1%,Saudi Arabia,Entertainment and Music,295.9K,tiktok,saudi-arabia,False,2024,Music,MAPPED,,Entertainment and Music
48,طلال جمال @talaljamal1,984.6K,-,Saudi Arabia,Education,295.4K,tiktok,saudi-arabia,False,2024,Knowledge&Info,MAPPED,,Education
49,FNAN @fnan2842,978.8K,2.8%,Saudi Arabia,,293.6K,tiktok,saudi-arabia,False,2024,NA,NA,,
50,Al Mamun @al_mamun877,977.1K,-,Saudi Arabia,,293.1K,tiktok,saudi-arabia,False,2024,NA,NA,,
51,Huda Adil @hudaadil1996,970.5K,-,Saudi Arabia,Beauty,291.2K,tiktok,saudi-arabia,False,2024,Beauty&Fashion,MAPPED,,Beauty
52,𝗛 𝗜 𝗠🫀. @ibrahimfarg21,970.2K,-,Saudi Arabia,,291.1K,tiktok,saudi-arabia,False,2024,NA,NA,,
53,ayaz kaya @ayaz_kaya.44,969.8K,0.1%,Saudi Arabia,,290.9K,tiktok,saudi-arabia,False,2024,NA,NA,,
54,خديجة بنت عبداللَّه @chef.khadejah,967.8K,-,Saudi Arabia,,290.3K,tiktok,saudi-arabia,False,2024,NA,NA,,
55,Rotana Classic @rotanaclassic,967.3K,-,Saudi Arabia,,290.2K,tiktok,saudi-arabia,False,2024,NA,NA,,
56,Un Muslim @1_muslim,962.9K,0.3%,Saudi Arabia,,288.9K,tiktok,saudi-arabia,False,2024,NA,NA,,
57,إذاعة صوت الغد @sawtelghad,962.4K,-,Saudi Arabia,,288.7K,tiktok,saudi-arabia,False,2024,NA,NA,,
58,Amy Roko ايمي روكو @amyroko,959.8K,-,Saudi Arabia,,287.9K,tiktok,saudi-arabia,False,2024,NA,NA,,
59,Cr7 @crxtiano,957.6K,0.2%,Saudi Arabia,,287.3K,tiktok,saudi-arabia,False,2024,NA,NA,,
60,بقش🦾⚡️|bugsh @55.955,954.5K,0.1%,Saudi Arabia,,286.4K,tiktok,saudi-arabia,False,2024,NA,NA,,
61,🤍 @abu.shahem1,954.2K,-,Saudi Arabia,,286.3K,tiktok,saudi-arabia,False,2024,NA,NA,,
62,Bo3omarEats @bo3omar22,954K,0.2%,Saudi Arabia,,286.2K,tiktok,saudi-arabia,False,2024,NA,NA,,
63,Sudki boss waleed❤️ @sudkibosswaleed,953.9K,-,Saudi Arabia,,286.2K,tiktok,saudi-arabia,False,2024,NA,NA,,
64,علمدار✪ @khaled_0_00,950.6K,-,Saudi Arabia,,285.2K,tiktok,saudi-arabia,False,2024,NA,NA,,
65,ميديا | Media @media__art18,950.5K,-,Saudi Arabia,,285.2K,tiktok,saudi-arabia,False,2024,NA,NA,,
66,طيور الجنة | Toyor Al Janah TV @toyoraljanah.ar,950.5K,-,Saudi Arabia,,285.2K,tiktok,saudi-arabia,False,2024,NA,NA,,
67,Latifhbb2 @latifooo_,949.7K,-,Saudi Arabia,,284.9K,tiktok,saudi-arabia,False,2024,NA,NA,,
68,كدكود KDKWD | Ϟ 🌪 @hm.c,948.3K,-,Saudi Arabia,,284.5K,tiktok,saudi-arabia,False,2024,NA,NA,,
69,BJ Bushra @bjbushra,943.9K,-,Saudi Arabia,,283.2K,tiktok,saudi-arabia,False,2024,NA,NA,,
70,ميجو مجاميجو 😂❤️🥺 @rawdarody07,943.2K,-,Saudi Arabia,,283K,tiktok,saudi-arabia,False,2024,NA,NA,,
71,نون 🦋 @en.68,941.5K,0.3%,Saudi Arabia,,282.5K,tiktok,saudi-arabia,False,2024,NA,NA,,
72,استوديو زمان 📺 @zaman_studio,935.3K,-,Saudi Arabia,,280.6K,tiktok,saudi-arabia,False,2024,NA,NA,,
73,گن مع الله @ahmed__nur,932.4K,0.2%,Saudi Arabia,,279.7K,tiktok,saudi-arabia,False,2024,NA,NA,,
74,dailyquran @dailyquran,927.1K,-,Saudi Arabia,,278.1K,tiktok,saudi-arabia,False,2024,NA,NA,,
75,Wafi alqadihi @english.wafi,926.9K,-,Saudi Arabia,,278.1K,tiktok,saudi-arabia,False,2024,NA,NA,,
76,عبدالله الشهراني🇸🇦. @abooody121,926.3K,0.1%,Saudi Arabia,,277.9K,tiktok,saudi-arabia,False,2024,NA,NA,,
77,⚜️ خالد بن الوليد ⚜️ @k1.bxx,925.9K,-,Saudi Arabia,Entertainment and Music,277.8K,tiktok,saudi-arabia,False,2024,Music,MAPPED,,Entertainment and Music
78,مصمم فهد الشمري🌹🌹🌹 @en_fahad,925.3K,-,Saudi Arabia,Home and Garden,277.6K,tiktok,saudi-arabia,False,2024,Lifestyle,MAPPED,,Home and Garden
79,زغلول @b5b.6,925.1K,-,Saudi Arabia,,277.5K,tiktok,saudi-arabia,False,2024,NA,NA,,
80,🖤🦅 @laji29,919.7K,1.2%,Saudi Arabia,,275.9K,tiktok,saudi-arabia,False,2024,NA,NA,,
81,Aldeevo @aldeevo,916.4K,-,Saudi Arabia,,274.9K,tiktok,saudi-arabia,False,2024,NA,NA,,
82,ItsMeRob @rob.game,916.4K,-,Saudi Arabia,,274.9K,tiktok,saudi-arabia,False,2024,NA,NA,,
83,Abdo Tayaf @abdotayaf,913.4K,-,Saudi Arabia,,274K,tiktok,saudi-arabia,False,2024,NA,NA,,
84,𓆩ᴜʙᴀʏᴅᴀ ᴀʟ ᴋᴜʀᴅʏ𓆪 @u.bayda_123,909.9K,-,Saudi Arabia,,273K,tiktok,saudi-arabia,False,2024,NA,NA,,
85,علي @a_yt.00,908K,-,Saudi Arabia,,272.4K,tiktok,saudi-arabia,False,2024,NA,NA,,
86,Akram @akramaqlan,906.3K,-,Saudi Arabia,,271.9K,tiktok,saudi-arabia,False,2024,NA,NA,,
87,دحومم♥️😍👋 @raq5096,903.7K,-,Saudi Arabia,Health and Medical Services,271.1K,tiktok,saudi-arabia,False,2024,Knowledge&Info,MAPPED,,Health and Medical Services
88,fatawa_amah @fatawa_amah,902.6K,-,Saudi Arabia,Education,270.8K,tiktok,saudi-arabia,False,2024,Knowledge&Info,MAPPED,,Education
89,ياسر السفير @yaser_alsafer8,899.9K,-,Saudi Arabia,,270K,tiktok,saudi-arabia,False,2024,NA,NA,,
90,عبدالرحمن اللحياني @allehani1,897.6K,-,Saudi Arabia,,269.3K,tiktok,saudi-arabia,False,2024,NA,NA,,
91,ريماس عبدالله @raa_a60,896.8K,0.5%,Saudi Arabia,,269K,tiktok,saudi-arabia,False,2024,NA,NA,,
92,Manal Alalem Chef منال العالم @manalalalemcooking,892.1K,-,Saudi Arabia,Food,267.6K,tiktok,saudi-arabia,False,2024,Lifestyle,MAPPED,,Food
93,Muzzamil Ak ⚜️ @mzml011,888.9K,-,Saudi Arabia,Entertainment and Music Product Education,266.7K,tiktok,saudi-arabia,False,2024,Knowledge&Info,MAPPED,,Entertainment and Music Product Education
94,HA.88 @selin9904,888.4K,-,Saudi Arabia,Beauty,266.5K,tiktok,saudi-arabia,False,2024,Beauty&Fashion,MAPPED,,Beauty
95,Ahmed Aljar @ahmed.jar,887.8K,-,Saudi Arabia,,266.3K,tiktok,saudi-arabia,False,2024,NA,NA,,
96,Shamli @shamlifaizal,887.6K,-,Saudi Arabia,,266.3K,tiktok,saudi-arabia,False,2024,NA,NA,,
97,🌹🌹 Jatti 🌹🌹 @jatti__official,887.1K,-,Saudi Arabia,,266.1K,tiktok,saudi-arabia,False,2024,NA,NA,,
98,Jooturbo&eman @eman_eltantawi,885.5K,-,Saudi Arabia,,265.7K,tiktok,saudi-arabia,False,2024,NA,NA,,
99,❤️😠RTحسوني @o_.xs,885.5K,-,Saudi Arabia,Food and Drink,265.7K,tiktok,saudi-arabia,False,2024,Lifestyle,MAPPED,,Food and Drink
100,بالقلب مكة 🕋✨ @heartmecca,884.4K,-,Saudi Arabia,,265.3K,tiktok,saudi-arabia,False,2024,NA,NA,,
1,Nas Daily @nasdaily,6.8M,2.8%,Singapore,Education,2M,tiktok,singapore,False,2024,Knowledge&Info,MAPPED,,Education
2,Kim Huat Ng🇵🇭/🇸🇬 @kim_huat1702,2.7M,-,Singapore,,810K,tiktok,singapore,False,2024,NA,NA,,
3,ONE Championship @onechampionship,2.3M,-,Singapore,Sports,690K,tiktok,singapore,False,2024,Sports,MAPPED,,Sports
4,Doctor Tristan Peh - Dentist @doctortristanpeh,2.2M,-,Singapore,Education Medical Health,660K,tiktok,singapore,False,2024,Knowledge&Info,MAPPED,,Education Medical Health
5,Heng Official @tostenhpremium168,2M,-,Singapore,,600K,tiktok,singapore,False,2024,NA,NA,,
6,Jianhao Li @cn_streetfashion,1.8M,-,Singapore,Entertainment and Music,540K,tiktok,singapore,False,2024,Music,MAPPED,,Entertainment and Music
7,gordonmoments @gordonmoments,956.2K,-,Singapore,,286.9K,tiktok,singapore,False,2024,NA,NA,,
8,Stephanie @sharemakeup,942.6K,0.1%,Singapore,Beauty,282.8K,tiktok,singapore,False,2024,Beauty&Fashion,MAPPED,,Beauty
9,Hoàng Minh Tuấn @hoangtuan_photo,839.5K,-,Singapore,Education Arts and Crafts Photography,251.9K,tiktok,singapore,False,2024,Knowledge&Info,MAPPED,,Education Arts and Crafts Photography
10,С ʀ ʏ ƨ т α в ɛ ℓ 🌻 @crystabel_,830.2K,1%,Singapore,Games,249.1K,tiktok,singapore,False,2024,Tech&Gaming,MAPPED,,Games
11,no588211 @makeuppp05,826.6K,0.8%,Singapore,Beauty,248K,tiktok,singapore,False,2024,Beauty&Fashion,MAPPED,,Beauty
12,The Health Bites @the_health_bites,822.4K,-,Singapore,Fitness and Health,246.7K,tiktok,singapore,False,2024,Sports,MAPPED,,Fitness and Health
13,Syimah Mac @macz3us,785.6K,0.1%,Singapore,,235.7K,tiktok,singapore,False,2024,NA,NA,,
14,jj @phawphaw414,757.9K,-,Singapore,,227.4K,tiktok,singapore,False,2024,NA,NA,,
15,Zhlowart_official @zhlowart_official,696.9K,2.7%,Singapore,Product Education Product Showcase,209.1K,tiktok,singapore,False,2024,Beauty&Fashion,MAPPED,,Product Education Product Showcase
16,Mamiko @mamiczka,685.1K,-,Singapore,Life and Society,205.5K,tiktok,singapore,False,2024,Knowledge&Info,MAPPED,,Life and Society
17,caydences @cayydences,614.5K,4.4%,Singapore,,184.4K,tiktok,singapore,False,2024,NA,NA,,
18,Joseph salameh @sg_diamonds,607.3K,-,Singapore,Fashion and Accessories Finance,182.2K,tiktok,singapore,False,2024,Beauty&Fashion,MAPPED,,Fashion and Accessories Finance
19,Titus Low @tituslow,586.9K,-,Singapore,Entertainment and Music Funny,176.1K,tiktok,singapore,False,2024,Music,MAPPED,,Entertainment and Music Funny
20,🍑Theingi💃🥂✂️✂️👗👗🇸🇬 @jessica1072,577.2K,-,Singapore,,173.2K,tiktok,singapore,False,2024,NA,NA,,
21,ꜱᴛᴀʀᴅᴜꜱᴛ.ꜱɪɴɢᴀᴘᴏʀᴇ🇸🇬 @stardust.singapore,572K,-,Singapore,,171.6K,tiktok,singapore,False,2024,NA,NA,,
22,新加坡小蛙 @xwshawn96,564.1K,-,Singapore,,169.2K,tiktok,singapore,False,2024,NA,NA,,
23,WahBanana @wahbananasg,563.2K,-,Singapore,,169K,tiktok,singapore,False,2024,NA,NA,,
24,TikTok Singapore @tiktoksg,560.8K,-,Singapore,,168.2K,tiktok,singapore,False,2024,NA,NA,,
25,updeals_beauty @beautyzzz,557.8K,-,Singapore,Fashion,167.3K,tiktok,singapore,False,2024,Beauty&Fashion,MAPPED,,Fashion
26,missbeibei @missbeibei,544K,-,Singapore,,163.2K,tiktok,singapore,False,2024,NA,NA,,
27,user7669386753441 @thae.thae55,538.5K,-,Singapore,,161.6K,tiktok,singapore,False,2024,NA,NA,,
28,izcreamz @izcreamz,509K,0.6%,Singapore,Entertainment and Music Upskilling,152.7K,tiktok,singapore,False,2024,Knowledge&Info,MAPPED,,Entertainment and Music Upskilling
29,Street snap @uwhit,496.2K,-,Singapore,,148.9K,tiktok,singapore,False,2024,NA,NA,,
30,SMAdnan @smadnan,491.3K,-,Singapore,,147.4K,tiktok,singapore,False,2024,NA,NA,,
31,honey nwe 🇸🇬&🇲🇲 @honeynwe7,489.2K,-,Singapore,,146.8K,tiktok,singapore,False,2024,NA,NA,,
32,Kenta @kenta_wang,474.3K,-,Singapore,,142.3K,tiktok,singapore,False,2024,NA,NA,,
33,William Seng @williamsengg,450.4K,-,Singapore,,135.1K,tiktok,singapore,False,2024,NA,NA,,
34,nice520177 @nice520177,446.5K,-,Singapore,,134K,tiktok,singapore,False,2024,NA,NA,,
35,may lwin oo @user061dmez499maylwinoo,446K,-,Singapore,,133.8K,tiktok,singapore,False,2024,NA,NA,,
36,431.8k!!! @blxss0m_tt,431.8K,0.8%,Singapore,,129.5K,tiktok,singapore,False,2024,NA,NA,,
37,Jenny G. Yeo ✨ @jennyyeo4,428K,-,Singapore,,128.4K,tiktok,singapore,False,2024,NA,NA,,
38,🌸白雪儿🌷Serene🌼400K✔️ @serenejsl94_oe,412.6K,-,Singapore,Beauty and Self Care,123.8K,tiktok,singapore,False,2024,Beauty&Fashion,MAPPED,,Beauty and Self Care
39,MTV Asia @mtvasia,411.5K,-,Singapore,,123.5K,tiktok,singapore,False,2024,NA,NA,,
40,Bjorn Alvarez @drifter_d,410.8K,3.4%,Singapore,Entertainment and Music Games,123.2K,tiktok,singapore,False,2024,Tech&Gaming,MAPPED,,Entertainment and Music Games
41,karen (ig : brigittatsai) @brigittatsai,394.7K,-,Singapore,,118.4K,tiktok,singapore,False,2024,NA,NA,,
42,ruru on crack @rurukirby,388.9K,-,Singapore,,116.7K,tiktok,singapore,False,2024,NA,NA,,
43,𝒎𝒃𝒐𝒏𝒊𝒕𝒂 @sindecirmarcas,383.8K,-,Singapore,,115.1K,tiktok,singapore,False,2024,NA,NA,,
44,Nadiyah Shahab @nadiyahshahab,356.8K,-,Singapore,,107K,tiktok,singapore,False,2024,NA,NA,,
45,Shinji The Corgi @shinjithecorgi,352.2K,-,Singapore,,105.7K,tiktok,singapore,False,2024,NA,NA,,
46,Crystal_hu @crystal_hu,344.7K,0.2%,Singapore,,103.4K,tiktok,singapore,False,2024,NA,NA,,
47,SGAG_SG @sgag_sg,344.3K,-,Singapore,Funny,103.3K,tiktok,singapore,False,2024,Entertainment,MAPPED,,Funny
48,ezonda.knife @ezonda.knife,331.5K,-,Singapore,,99.5K,tiktok,singapore,False,2024,NA,NA,,
49,Red Bull Singapore @redbullsg,328.3K,-,Singapore,Food Sports,98.5K,tiktok,singapore,False,2024,Sports,MAPPED,,Food Sports
50,kazueeee @johnstankazue,324.9K,-,Singapore,Beauty and Self Care,97.5K,tiktok,singapore,False,2024,Beauty&Fashion,MAPPED,,Beauty and Self Care
51,Oliver Browns @oliverbrowns,317.1K,5.7%,Singapore,Life and Society,95.1K,tiktok,singapore,False,2024,Knowledge&Info,MAPPED,,Life and Society
52,Clea @cleapsg3,306.9K,0.3%,Singapore,Beauty and Self Care,92.1K,tiktok,singapore,False,2024,Beauty&Fashion,MAPPED,,Beauty and Self Care
53,🧚‍♀️SMILEYSBYMAI🧚‍♀️ @smileysbymai,296.7K,-,Singapore,Arts and Crafts,89K,tiktok,singapore,False,2024,Lifestyle,MAPPED,,Arts and Crafts
54,Dee ✨ @denisealexis,293.7K,-,Singapore,,88.1K,tiktok,singapore,False,2024,NA,NA,,
55,A.y.e N.a.n.d.a.r🇲🇲🇸🇬 @feelpost4,290.1K,-,Singapore,,87K,tiktok,singapore,False,2024,NA,NA,,
56,jj @drifterjjlin,288.6K,0.3%,Singapore,,86.6K,tiktok,singapore,False,2024,NA,NA,,
57,Pomelo Fashion @pomelofashion,285K,-,Singapore,Fashion and Accessories,85.5K,tiktok,singapore,False,2024,Beauty&Fashion,MAPPED,,Fashion and Accessories
58,Magic knife @magicknifey,281.8K,-,Singapore,,84.5K,tiktok,singapore,False,2024,NA,NA,,
59,♡ 𝔸𝕝𝕠𝕠𝕠 ♡ @thanhphuong_2,281.1K,-,Singapore,,84.3K,tiktok,singapore,False,2024,NA,NA,,
60,Nasreen @nasreentime,280.2K,1.4%,Singapore,,84.1K,tiktok,singapore,False,2024,NA,NA,,
61,yeoshi @yeoshinoya,277.9K,-,Singapore,Entertainment and Music,83.4K,tiktok,singapore,False,2024,Music,MAPPED,,Entertainment and Music
62,🖍 YAN YAN 🖍 @yanyan.tattoo,277.6K,0.1%,Singapore,,83.3K,tiktok,singapore,False,2024,NA,NA,,
63,Neter @netersg,275.5K,-,Singapore,,82.7K,tiktok,singapore,False,2024,NA,NA,,
64,abbie 🕷 @a.abbieee_,274.2K,-,Singapore,,82.3K,tiktok,singapore,False,2024,NA,NA,,
65,gyoza🥟 @gyoza.dd,273.4K,0.2%,Singapore,,82K,tiktok,singapore,False,2024,NA,NA,,
66,мιиιмι_нαgтт @missladdeki_,270.4K,-,Singapore,Fitness and Health,81.1K,tiktok,singapore,False,2024,Sports,MAPPED,,Fitness and Health
67,Shei @ckshei,267.6K,-,Singapore,,80.3K,tiktok,singapore,False,2024,NA,NA,,
68,🥺👊 @doreamon808...28,263.5K,-,Singapore,,79.1K,tiktok,singapore,False,2024,NA,NA,,
69,Jamie Chua @iamjamiechua,262.1K,-,Singapore,,78.6K,tiktok,singapore,False,2024,NA,NA,,
70,Rus @redrinox,262K,0.2%,Singapore,,78.6K,tiktok,singapore,False,2024,NA,NA,,
71,aliciasannn ✨ @aliciasannn,261.4K,-,Singapore,Travel,78.4K,tiktok,singapore,False,2024,Lifestyle,MAPPED,,Travel
72,kueylapis jewellery 🇸🇬 @kueylapisjewellery,261.3K,-,Singapore,Beauty,78.4K,tiktok,singapore,False,2024,Beauty&Fashion,MAPPED,,Beauty
73,Agricultural tractor ship @tractorship,261.1K,-,Singapore,,78.3K,tiktok,singapore,False,2024,NA,NA,,
74,olderinjune🇹🇭 @olderinjune,254.4K,-,Singapore,,76.3K,tiktok,singapore,False,2024,NA,NA,,
75,Melvin Tseng @melvin.tseng,250.3K,0.4%,Singapore,Beauty and Self Care Arts and Crafts,75.1K,tiktok,singapore,False,2024,Beauty&Fashion,MAPPED,,Beauty and Self Care Arts and Crafts
76,Ahmad @cuzimahmad,249.8K,0.1%,Singapore,Travel,74.9K,tiktok,singapore,False,2024,Lifestyle,MAPPED,,Travel
77,Allison Wolf @wolvesandwaterfalls,249.5K,-,Singapore,Travel Education,74.9K,tiktok,singapore,False,2024,Knowledge&Info,MAPPED,,Travel Education
78,Devika Panicker @devikapanicker,247.1K,0.1%,Singapore,,74.1K,tiktok,singapore,False,2024,NA,NA,,
79,Gym Tan @californiaistoocasual,245.9K,0.4%,Singapore,Fitness and Health,73.8K,tiktok,singapore,False,2024,Sports,MAPPED,,Fitness and Health
80,Shakshi Harendran @shakshiharendran,242.4K,-,Singapore,,72.7K,tiktok,singapore,False,2024,NA,NA,,
81,🖤MAHISRI MAHI🖤 @mahisrimahi,239.1K,-,Singapore,Fashion and Accessories,71.7K,tiktok,singapore,False,2024,Beauty&Fashion,MAPPED,,Fashion and Accessories
82,sleepyy🐉💤 @sleepyydragon,238.2K,-,Singapore,,71.5K,tiktok,singapore,False,2024,NA,NA,,
83,Tan Jia Song @jia_songg,236.8K,-,Singapore,Entertainment and Music,71K,tiktok,singapore,False,2024,Music,MAPPED,,Entertainment and Music
84,Funny Cartoon @cutclick,236.4K,-,Singapore,,70.9K,tiktok,singapore,False,2024,NA,NA,,
85,Wizairul @wizairulrosalessidek,232.7K,-,Singapore,,69.8K,tiktok,singapore,False,2024,NA,NA,,
86,난 너를 좋아해 @rio5201314,230.2K,-,Singapore,,69.1K,tiktok,singapore,False,2024,NA,NA,,
87,ten22 @babyface0001,229.2K,-,Singapore,Pets Education Parenting,68.8K,tiktok,singapore,False,2024,Knowledge&Info,MAPPED,,Pets Education Parenting
88,ADITYA 穆伟 @byadtmy,228.1K,0.4%,Singapore,,68.4K,tiktok,singapore,False,2024,NA,NA,,
89,Keith.inks @keith.inks,224.7K,0.4%,Singapore,Arts and Crafts Animation and Cosplay,67.4K,tiktok,singapore,False,2024,Tech&Gaming,MAPPED,,Arts and Crafts Animation and Cosplay
90,Father and daughter @estaiyt,222.5K,-,Singapore,,66.8K,tiktok,singapore,False,2024,NA,NA,,
91,Annette Lee @annetteandafish,221.7K,2.9%,Singapore,,66.5K,tiktok,singapore,False,2024,NA,NA,,
92,🇸🇬🇲🇾虎牙妹子💄【230k】 @ytsherine1010,219.3K,-,Singapore,Beauty and Self Care,65.8K,tiktok,singapore,False,2024,Beauty&Fashion,MAPPED,,Beauty and Self Care
93,Insurgent Clothing on Shopee @insurgentclothing,216.6K,-,Singapore,Fashion and Accessories,65K,tiktok,singapore,False,2024,Beauty&Fashion,MAPPED,,Fashion and Accessories
94,Lost @sg_tiktoks,214.6K,0.3%,Singapore,,64.4K,tiktok,singapore,False,2024,NA,NA,,
95,💞SmilexRastaRani🔥 @rastaloisvirgo23,214.6K,-,Singapore,,64.4K,tiktok,singapore,False,2024,NA,NA,,
96,Chef Bob @chefbob.sg,212.8K,-,Singapore,Food,63.8K,tiktok,singapore,False,2024,Lifestyle,MAPPED,,Food
97,Nao Mie @j6991sg8,212.8K,-,Singapore,,63.8K,tiktok,singapore,False,2024,NA,NA,,
98,AFC @theafchub,207.5K,0.2%,Singapore,Sports,62.3K,tiktok,singapore,False,2024,Sports,MAPPED,,Sports
99,HebeosOfficial @hebeosofficial,207.2K,-,Singapore,,62.2K,tiktok,singapore,False,2024,NA,NA,,
100,Ⓢⓞⓜⓢⓡⓘ @27_kanittha,206.7K,-,Singapore,,62K,tiktok,singapore,False,2024,NA,NA,,
1,KOPACKOVO ⚽️ @kopackovo,1.1M,-,Slovakia,,330K,tiktok,slovakia,False,2024,NA,NA,,
2,ANGRY EARTH @angryearth,767.9K,-,Slovakia,,230.4K,tiktok,slovakia,False,2024,NA,NA,,
3,Matej Zrebný @matejzrebny,672.9K,0.1%,Slovakia,Animation and Cosplay,201.9K,tiktok,slovakia,False,2024,Tech&Gaming,MAPPED,,Animation and Cosplay
4,SVKHO @svkho,551.1K,0.2%,Slovakia,Entertainment and Music,165.3K,tiktok,slovakia,False,2024,Music,MAPPED,,Entertainment and Music
5,rastopauliny @rastopauliny,511.8K,-,Slovakia,Entertainment and Music,153.5K,tiktok,slovakia,False,2024,Music,MAPPED,,Entertainment and Music
6,tomas.coach @tomas.coach,483.7K,0.2%,Slovakia,Fitness and Health,145.1K,tiktok,slovakia,False,2024,Sports,MAPPED,,Fitness and Health
7,Mirek 👊 @rawk1ng,466.7K,-,Slovakia,Fitness and Health,140K,tiktok,slovakia,False,2024,Sports,MAPPED,,Fitness and Health
8,FREDERICK @frederik.official,319.4K,0.3%,Slovakia,Entertainment and Music Music,95.8K,tiktok,slovakia,False,2024,Music,MAPPED,,Entertainment and Music Music
9,Samuel Procházka @graciosoooo,305.3K,0.1%,Slovakia,,91.6K,tiktok,slovakia,False,2024,NA,NA,,
10,Chhay Heang Lysang @chhayheanglysang,301.7K,-,Slovakia,,90.5K,tiktok,slovakia,False,2024,NA,NA,,
11,cikindeles @cikindeles,267.8K,-,Slovakia,,80.3K,tiktok,slovakia,False,2024,NA,NA,,
12,_COBRA_11_ @cobra_11_,264.6K,-,Slovakia,,79.4K,tiktok,slovakia,False,2024,NA,NA,,
13,Happy_adriana @adriana_lup,261.2K,-,Slovakia,,78.4K,tiktok,slovakia,False,2024,NA,NA,,
14,ChristopherBucika ✔︎ @christopherbucika,249.9K,0.2%,Slovakia,,75K,tiktok,slovakia,False,2024,NA,NA,,
15,miska_hrinka @miska_hrinka7,237.2K,-,Slovakia,Entertainment and Music Funny,71.2K,tiktok,slovakia,False,2024,Music,MAPPED,,Entertainment and Music Funny
16,Veronika Danajová @pivospenou,232.5K,-,Slovakia,Entertainment and Music Funny,69.8K,tiktok,slovakia,False,2024,Music,MAPPED,,Entertainment and Music Funny
17,Michal Totka @michaltotka,229.3K,-,Slovakia,Entertainment and Music Business and Finance,68.8K,tiktok,slovakia,False,2024,Knowledge&Info,MAPPED,,Entertainment and Music Business and Finance
18,DeDe 🦋 @denisa.vysnovska,229K,0.2%,Slovakia,,68.7K,tiktok,slovakia,False,2024,NA,NA,,
19,jakjan272 @jakjan272,223.9K,-,Slovakia,,67.2K,tiktok,slovakia,False,2024,NA,NA,,
20,nikola olahova @nikolaolahova6,222.2K,-,Slovakia,,66.7K,tiktok,slovakia,False,2024,NA,NA,,
21,mars @d_a_n_i_e_l_a12345678910,203.7K,0.1%,Slovakia,,61.1K,tiktok,slovakia,False,2024,NA,NA,,
22,Janka 🌸 @jancucik,199.2K,-,Slovakia,Entertainment and Music,59.8K,tiktok,slovakia,False,2024,Music,MAPPED,,Entertainment and Music
23,KARLA @karla.matej,195.4K,-,Slovakia,,58.6K,tiktok,slovakia,False,2024,NA,NA,,
24,karinkaqayumova @karinkaqayum,193.6K,-,Slovakia,,58.1K,tiktok,slovakia,False,2024,NA,NA,,
25,Jojo Kozik @jojo_kozik,189.8K,-,Slovakia,Fitness and Health Food Finance,56.9K,tiktok,slovakia,False,2024,Sports,MAPPED,,Fitness and Health Food Finance
26,Sẽ thành công @fan.monsieur.tuna,184.5K,0.7%,Slovakia,,55.4K,tiktok,slovakia,False,2024,NA,NA,,
27,Radkolf @_radkolf,176.1K,-,Slovakia,Entertainment and Music,52.8K,tiktok,slovakia,False,2024,Music,MAPPED,,Entertainment and Music
28,Klarisa @klarisaaaaaaaaaaaaaaa,175.9K,0.3%,Slovakia,Entertainment and Music,52.8K,tiktok,slovakia,False,2024,Music,MAPPED,,Entertainment and Music
29,Balázs Viktória @_balazsviktoria_,164.7K,0.1%,Slovakia,Entertainment and Music,49.4K,tiktok,slovakia,False,2024,Music,MAPPED,,Entertainment and Music
30,TikTok princess @susan.pocket,154.5K,-,Slovakia,,46.4K,tiktok,slovakia,False,2024,NA,NA,,
31,Pietro @p.ie.t.ro,150.1K,0.4%,Slovakia,Entertainment and Music,45K,tiktok,slovakia,False,2024,Music,MAPPED,,Entertainment and Music
32,Sonička Slávička @sonicka.slavicka,147.2K,-,Slovakia,,44.2K,tiktok,slovakia,False,2024,NA,NA,,
33,Nandy @nandykudry,145.8K,-,Slovakia,,43.7K,tiktok,slovakia,False,2024,NA,NA,,
34,Heisenberg @gotsniped1,137.8K,-,Slovakia,Video Gaming,41.3K,tiktok,slovakia,False,2024,Tech&Gaming,MAPPED,,Video Gaming
35,JohnSlovy @john.slovy,137.2K,-,Slovakia,,41.2K,tiktok,slovakia,False,2024,NA,NA,,
36,Televízia JOJ @tvjoj_official,136.1K,-,Slovakia,,40.8K,tiktok,slovakia,False,2024,NA,NA,,
37,Matej Mišiak @matthew_kinggg,136K,0.2%,Slovakia,,40.8K,tiktok,slovakia,False,2024,NA,NA,,
38,Jimin<3 @babymochi_chimmy,134.5K,-,Slovakia,,40.4K,tiktok,slovakia,False,2024,NA,NA,,
39,Green Eyed Mom @greeneyedmombo,127.4K,-,Slovakia,family,38.2K,tiktok,slovakia,False,2024,Lifestyle,MAPPED,,family
40,StudioMoonTV @studiomooontv,127.2K,1.2%,Slovakia,,38.2K,tiktok,slovakia,False,2024,NA,NA,,
41,Magdalena Zatko @magdalena_zatko,121.3K,-,Slovakia,Fashion and Accessories,36.4K,tiktok,slovakia,False,2024,Beauty&Fashion,MAPPED,,Fashion and Accessories
42,Zupart @zupart_3d,114.3K,5.7%,Slovakia,,34.3K,tiktok,slovakia,False,2024,NA,NA,,
43,Martin Markos @martinmarkos,113.9K,-,Slovakia,,34.2K,tiktok,slovakia,False,2024,NA,NA,,
44,Janinka @janinka_mil,106.7K,0.1%,Slovakia,,32K,tiktok,slovakia,False,2024,NA,NA,,
45,Gabo Žifčák @gabozifcak,104.8K,-,Slovakia,Entertainment and Music,31.4K,tiktok,slovakia,False,2024,Music,MAPPED,,Entertainment and Music
46,Csölle Florián @csolleflorian,103K,0.3%,Slovakia,,30.9K,tiktok,slovakia,False,2024,NA,NA,,
47,Dedoles @dedoles,99.4K,-,Slovakia,,29.8K,tiktok,slovakia,False,2024,NA,NA,,
48,Nynynutt @nikolka79,97.6K,-,Slovakia,,29.3K,tiktok,slovakia,False,2024,NA,NA,,
49,myhoepworld @hopeworldwide,94.4K,0.1%,Slovakia,,28.3K,tiktok,slovakia,False,2024,NA,NA,,
50,domi_stasova @domi_stasova,77K,0.1%,Slovakia,,23.1K,tiktok,slovakia,False,2024,NA,NA,,
51,Maca🐷 @fortunapipl,68.6K,0.2%,Slovakia,,20.6K,tiktok,slovakia,False,2024,NA,NA,,
52,🇸🇰🕺🏻💗MARTINKO💗🕺🏻🇸🇰 @majtinko25,66.6K,0.3%,Slovakia,Beauty and Self Care,20K,tiktok,slovakia,False,2024,Beauty&Fashion,MAPPED,,Beauty and Self Care
53,Yasbys @yasbys,64.4K,0.1%,Slovakia,Entertainment and Music,19.3K,tiktok,slovakia,False,2024,Music,MAPPED,,Entertainment and Music
54,Pavel.Kickboxing @pavel.kickboxing,56.4K,-,Slovakia,,16.9K,tiktok,slovakia,False,2024,NA,NA,,
55,Martin Spano @martinspa.no,41K,0.1%,Slovakia,Education Upskilling,12.3K,tiktok,slovakia,False,2024,Knowledge&Info,MAPPED,,Education Upskilling
56,KikaaMišalkováOfficiall👑 @officiall.kika3,40.3K,-,Slovakia,Fashion and Accessories,12.1K,tiktok,slovakia,False,2024,Beauty&Fashion,MAPPED,,Fashion and Accessories
57,DragonkoSK @mrdragonkosk,39.7K,0.4%,Slovakia,Games,11.9K,tiktok,slovakia,False,2024,Tech&Gaming,MAPPED,,Games
58,Aicha🌸 @viktorianiang,39.4K,0.3%,Slovakia,Travel,11.8K,tiktok,slovakia,False,2024,Lifestyle,MAPPED,,Travel
59,Barbora Schwartz @barbieschwartz,36.5K,0.1%,Slovakia,,11K,tiktok,slovakia,False,2024,NA,NA,,
60,foryouacapella @foryouacapella,31K,0.1%,Slovakia,Entertainment and Music,9.3K,tiktok,slovakia,False,2024,Music,MAPPED,,Entertainment and Music
61,𝐍 𝐈 𝐊 𝐎 𝐋 @nicole.107,27K,-,Slovakia,Beauty and Self Care,8.1K,tiktok,slovakia,False,2024,Beauty&Fashion,MAPPED,,Beauty and Self Care
62,Zas si tu ? @simonminarik8,26K,-,Slovakia,,7.8K,tiktok,slovakia,False,2024,NA,NA,,
63,Simon Snopek @simonsnopek,19.4K,0.5%,Slovakia,Travel,5.8K,tiktok,slovakia,False,2024,Lifestyle,MAPPED,,Travel
64,Nicole @benczenikoleta,18.3K,-,Slovakia,,5.5K,tiktok,slovakia,False,2024,NA,NA,,
65,O2 Slovakia @o2slovakia,17.8K,0.3%,Slovakia,Product Education Entertainment and Music,5.3K,tiktok,slovakia,False,2024,Knowledge&Info,MAPPED,,Product Education Entertainment and Music
66,Vanessa Kardošová @_vannie__,16.8K,0.4%,Slovakia,,5K,tiktok,slovakia,False,2024,NA,NA,,
67,Nikol Kissova @nikolkissova,16.5K,-,Slovakia,Fashion and Accessories,5K,tiktok,slovakia,False,2024,Beauty&Fashion,MAPPED,,Fashion and Accessories
68,Ema🤍 @emakubenakova,15.4K,0.1%,Slovakia,,4.6K,tiktok,slovakia,False,2024,NA,NA,,
69,Marek Grundza @marekgrundza2,14.7K,-,Slovakia,,4.4K,tiktok,slovakia,False,2024,NA,NA,,
70,Peter Gaman @petergaman,14.5K,0.3%,Slovakia,Photography,4.4K,tiktok,slovakia,False,2024,Lifestyle,MAPPED,,Photography
71,Jozef Revúcky @jozefko_revucky,12.6K,0.6%,Slovakia,Animals Home and Garden,3.8K,tiktok,slovakia,False,2024,Lifestyle,MAPPED,,Animals Home and Garden
72,krisivanova05 @_kristinka_053,12.4K,-,Slovakia,,3.7K,tiktok,slovakia,False,2024,NA,NA,,
73,SimmyŠandorová @simy20040,12.2K,-,Slovakia,Arts and Crafts,3.7K,tiktok,slovakia,False,2024,Lifestyle,MAPPED,,Arts and Crafts
74,Eggie46 🇸🇰 @eggieschon,12.1K,0.2%,Slovakia,,3.6K,tiktok,slovakia,False,2024,NA,NA,,
75,Vanessa Bratkovičová @nessabratkovicova,12K,0.1%,Slovakia,,3.6K,tiktok,slovakia,False,2024,NA,NA,,
76,STYKO @stykolife,11.7K,0.4%,Slovakia,Entertainment and Music Games,3.5K,tiktok,slovakia,False,2024,Tech&Gaming,MAPPED,,Entertainment and Music Games
77,Lia ❤️ @golferlia,10.8K,0.2%,Slovakia,Beauty and Self Care,3.2K,tiktok,slovakia,False,2024,Beauty&Fashion,MAPPED,,Beauty and Self Care
78,Andrej Švolík @_svolo00,10.6K,1%,Slovakia,,3.2K,tiktok,slovakia,False,2024,NA,NA,,
79,🔱Morská víla Perla Mareena 🔱 @perla.mareena,9.9K,-,Slovakia,Outdoor Activity,3K,tiktok,slovakia,False,2024,Sports,MAPPED,,Outdoor Activity
80,Patrik Berec @patrikberec0,9.5K,-,Slovakia,Fitness and Health,2.9K,tiktok,slovakia,False,2024,Sports,MAPPED,,Fitness and Health
81,éda @edittriskova,9.5K,0.3%,Slovakia,,2.8K,tiktok,slovakia,False,2024,NA,NA,,
82,Šaban Ristemovič @sabanristemovic,8K,0.5%,Slovakia,,2.4K,tiktok,slovakia,False,2024,NA,NA,,
83,Aďka🇸🇰 @pristyakovaaaa,6K,3.4%,Slovakia,Entertainment and Music,1.8K,tiktok,slovakia,False,2024,Music,MAPPED,,Entertainment and Music
84,🖤😈❤️Démonka❤️😈🖤 @ivana0330,4.8K,0.7%,Slovakia,,1.4K,tiktok,slovakia,False,2024,NA,NA,,
85,Alexander Prelec @prelo_4,4.7K,0.2%,Slovakia,,1.4K,tiktok,slovakia,False,2024,NA,NA,,
86,cestujzamenej @cestujzamenej,4.1K,3.2%,Slovakia,Travel,1.2K,tiktok,slovakia,False,2024,Lifestyle,MAPPED,,Travel
87,MŠK Žilina @mskzilina1908,3.4K,0.1%,Slovakia,Sports,1K,tiktok,slovakia,False,2024,Sports,MAPPED,,Sports
88,Vörös Dévid @v_david,3.2K,0.3%,Slovakia,,963,tiktok,slovakia,False,2024,NA,NA,,
89,Emma_pr_a @emma_pr_a,2.2K,-,Slovakia,Beauty and Self Care,669,tiktok,slovakia,False,2024,Beauty&Fashion,MAPPED,,Beauty and Self Care
90,Iryna Kornieva @irynakornieva,1.8K,6.2%,Slovakia,Education,546,tiktok,slovakia,False,2024,Knowledge&Info,MAPPED,,Education
91,martin.k @k0stysak,1.4K,1.8%,Slovakia,,432,tiktok,slovakia,False,2024,NA,NA,,
92,mihicare.sk.cz @mihicare.sk.cz,1.1K,-,Slovakia,Beauty and Self Care,321,tiktok,slovakia,False,2024,Beauty&Fashion,MAPPED,,Beauty and Self Care
1,Noel Deyzel🇿🇦 @noeldeyzel_bodybuilder,5.8M,-,South Africa,Fitness and Health,1.7M,tiktok,south-africa,False,2024,Sports,MAPPED,,Fitness and Health
2,Sphokuhle.n @sphokuhle.n,3.8M,-,South Africa,,1.1M,tiktok,south-africa,False,2024,NA,NA,,
3,Daniel Braun @danieltbraun,3.4M,-,South Africa,,1M,tiktok,south-africa,False,2024,NA,NA,,
4,Dr. Siyamak Saleh @doctor.siya,2.5M,-,South Africa,Education Entertainment and Music,750K,tiktok,south-africa,False,2024,Knowledge&Info,MAPPED,,Education Entertainment and Music
5,Ndlovu Youth Choir @ndlovuyouthchoir,1.9M,12.6%,South Africa,Entertainment and Music Education,570K,tiktok,south-africa,False,2024,Knowledge&Info,MAPPED,,Entertainment and Music Education
6,Nathan @nathanmolefe,1.5M,-,South Africa,Entertainment and Music,450K,tiktok,south-africa,False,2024,Music,MAPPED,,Entertainment and Music
7,Nombuso Masondo @nombuso_98,1.5M,-,South Africa,Beauty and Self Care Entertainment and Music,450K,tiktok,south-africa,False,2024,Beauty&Fashion,MAPPED,,Beauty and Self Care Entertainment and Music
8,Chad Jones @chadjones957,1.4M,-,South Africa,Entertainment and Music Funny,420K,tiktok,south-africa,False,2024,Music,MAPPED,,Entertainment and Music Funny
9,Mandisi Tshingana @mxndisi,1.4M,1.3%,South Africa,Entertainment and Music Funny,420K,tiktok,south-africa,False,2024,Music,MAPPED,,Entertainment and Music Funny
10,Semone Skosan @semoneskosan,1.2M,-,South Africa,,360K,tiktok,south-africa,False,2024,NA,NA,,
11,BI Phakathi @biphakathi1,1.1M,0.4%,South Africa,Education Life and Society,330K,tiktok,south-africa,False,2024,Knowledge&Info,MAPPED,,Education Life and Society
12,R.M Phoolo @casspernyovest,1M,-,South Africa,Entertainment and Music,300K,tiktok,south-africa,False,2024,Music,MAPPED,,Entertainment and Music
13,Royal Family @harryandmeghan_,963.2K,-,South Africa,,289K,tiktok,south-africa,False,2024,NA,NA,,
14,AFRIKA IS ALKEBULAN @swiry_nyar_kano,913K,0.6%,South Africa,,273.9K,tiktok,south-africa,False,2024,NA,NA,,
15,Tallie Dar @talliedar,891.7K,0.7%,South Africa,Fashion and Accessories,267.5K,tiktok,south-africa,False,2024,Beauty&Fashion,MAPPED,,Fashion and Accessories
16,muser @supercrazyanimals,883.6K,0.2%,South Africa,,265.1K,tiktok,south-africa,False,2024,NA,NA,,
17,Danyal @danyalllx,878.7K,-,South Africa,Beauty and Self Care,263.6K,tiktok,south-africa,False,2024,Beauty&Fashion,MAPPED,,Beauty and Self Care
18,lxndi @_lxndi,875.2K,-,South Africa,Entertainment and Music,262.6K,tiktok,south-africa,False,2024,Music,MAPPED,,Entertainment and Music
19,Bontle Modiselle @bontle_ba_afrika,831.7K,0.1%,South Africa,,249.5K,tiktok,south-africa,False,2024,NA,NA,,
20,brianna @briannakaylynn,831.1K,-,South Africa,Sports Fitness,249.3K,tiktok,south-africa,False,2024,Sports,MAPPED,,Sports Fitness
21,Makhadzi Music @makhadzimusic,818.3K,0.1%,South Africa,,245.5K,tiktok,south-africa,False,2024,NA,NA,,
22,Pastor Peniel🇿🇦 @mispenny,801.5K,0.2%,South Africa,,240.5K,tiktok,south-africa,False,2024,NA,NA,,
23,Mehlo @mehlomakhulu,783.4K,0.1%,South Africa,,235K,tiktok,south-africa,False,2024,NA,NA,,
24,Quincy Jones @quinxxysworld,782.3K,-,South Africa,Fashion and Accessories,234.7K,tiktok,south-africa,False,2024,Beauty&Fashion,MAPPED,,Fashion and Accessories
25,Matthew J Power @matthew_j_power,764K,-,South Africa,Entertainment and Music Sports,229.2K,tiktok,south-africa,False,2024,Sports,MAPPED,,Entertainment and Music Sports
26,DJ 🎧Wami @owami_mafokate,746.9K,-,South Africa,,224.1K,tiktok,south-africa,False,2024,NA,NA,,
27,BenlyGaming @benlygaming1,740.3K,-,South Africa,,222.1K,tiktok,south-africa,False,2024,NA,NA,,
28,wildnoutedits @wildnoutedits_,732K,-,South Africa,,219.6K,tiktok,south-africa,False,2024,NA,NA,,
29,S.eemah_ @s.eemah_,682.2K,-,South Africa,,204.7K,tiktok,south-africa,False,2024,NA,NA,,
30,Mudau Rotondwa @the_real_divar,674.5K,0.4%,South Africa,Fashion and Accessories,202.4K,tiktok,south-africa,False,2024,Beauty&Fashion,MAPPED,,Fashion and Accessories
31,Costa Titch @costatitch,666.8K,0.2%,South Africa,Entertainment and Music,200K,tiktok,south-africa,False,2024,Music,MAPPED,,Entertainment and Music
32,gilberthoyf @gilberthoy,664.7K,-,South Africa,,199.4K,tiktok,south-africa,False,2024,NA,NA,,
33,Sneziey Msomi @snezieymsomi,656.4K,3.1%,South Africa,Entertainment and Music Music,196.9K,tiktok,south-africa,False,2024,Music,MAPPED,,Entertainment and Music Music
34,Prince Dube @pd_jokes,651.1K,-,South Africa,Entertainment and Music,195.3K,tiktok,south-africa,False,2024,Music,MAPPED,,Entertainment and Music
35,Mthobisi Skhosana @mthobisiskhosana,645.3K,-,South Africa,,193.6K,tiktok,south-africa,False,2024,NA,NA,,
36,Noko Mashaba 💀 @nokomashabax,642.2K,0.8%,South Africa,,192.7K,tiktok,south-africa,False,2024,NA,NA,,
37,Makgantlela @makgantlela,638.4K,-,South Africa,Entertainment and Music,191.5K,tiktok,south-africa,False,2024,Music,MAPPED,,Entertainment and Music
38,Mabore Masipa @pretty.pree4,637.6K,-,South Africa,,191.3K,tiktok,south-africa,False,2024,NA,NA,,
39,Wian West @wianwest,636.7K,-,South Africa,,191K,tiktok,south-africa,False,2024,NA,NA,,
40,Kwetla Tersia Lesekane @sphalaphalasagamarothi,629.5K,-,South Africa,,188.9K,tiktok,south-africa,False,2024,NA,NA,,
41,Razaan Meyer @majestic_mey,628.3K,-,South Africa,Home and Garden,188.5K,tiktok,south-africa,False,2024,Lifestyle,MAPPED,,Home and Garden
42,Moonchild Sanelly @moonchildsa,621.3K,-,South Africa,,186.4K,tiktok,south-africa,False,2024,NA,NA,,
43,Siphesihle ndlovu. @sphe._ndlovu,617K,0.2%,South Africa,Fitness and Health Entertainment and Music,185.1K,tiktok,south-africa,False,2024,Sports,MAPPED,,Fitness and Health Entertainment and Music
44,Shauwn Mkhize @kwa_mammkhize,606.2K,-,South Africa,,181.9K,tiktok,south-africa,False,2024,NA,NA,,
45,nomcebo Zikode @nomcebozikode,577.6K,0.1%,South Africa,,173.3K,tiktok,south-africa,False,2024,NA,NA,,
46,DJ Phaphane @djphaphane,564.9K,-,South Africa,Entertainment and Music,169.5K,tiktok,south-africa,False,2024,Music,MAPPED,,Entertainment and Music
47,Food jhb @christian_campolo35,563.9K,-,South Africa,Food,169.2K,tiktok,south-africa,False,2024,Lifestyle,MAPPED,,Food
48,Syd @sydneyseethal,554.7K,-,South Africa,,166.4K,tiktok,south-africa,False,2024,NA,NA,,
49,Ziaan Meyer @ziaan.meyer,539.4K,-,South Africa,Entertainment and Music,161.8K,tiktok,south-africa,False,2024,Music,MAPPED,,Entertainment and Music
50,SamupertyOfficial @samupertyzuluofficial,537.9K,-,South Africa,Entertainment and Music,161.4K,tiktok,south-africa,False,2024,Music,MAPPED,,Entertainment and Music
51,Phindile Gwala @phindilegwala_,521.5K,0.1%,South Africa,Acting and Drama,156.5K,tiktok,south-africa,False,2024,Entertainment,MAPPED,,Acting and Drama
52,Stefan de Klerk @stefandeklerk3,509.5K,-,South Africa,,152.9K,tiktok,south-africa,False,2024,NA,NA,,
53,DOPESTCHIQQ @therealdopest,507.9K,-,South Africa,Entertainment and Music,152.4K,tiktok,south-africa,False,2024,Music,MAPPED,,Entertainment and Music
54,Anime_Domain @anime_domain,503.7K,-,South Africa,,151.1K,tiktok,south-africa,False,2024,NA,NA,,
55,Eugene Zeelie🇿🇦 @eugene.zeelie,493.2K,-,South Africa,,148K,tiktok,south-africa,False,2024,NA,NA,,
56,Sha_ki_ra @sha_ki_ra,490.5K,-,South Africa,Pets,147.2K,tiktok,south-africa,False,2024,Lifestyle,MAPPED,,Pets
57,Perseverance Maremeni @madam___speaker,487.3K,-,South Africa,Fashion and Accessories,146.2K,tiktok,south-africa,False,2024,Beauty&Fashion,MAPPED,,Fashion and Accessories
58,DE ORIGINAL CARELESS @de_original_careless,484.5K,0.3%,South Africa,,145.4K,tiktok,south-africa,False,2024,NA,NA,,
59,Pearl Thusi @pearl_thusi,479.9K,-,South Africa,,144K,tiktok,south-africa,False,2024,NA,NA,,
60,SHIV @shiv_sewlal,470K,-,South Africa,Fitness and Health,141K,tiktok,south-africa,False,2024,Sports,MAPPED,,Fitness and Health
61,Luyanda Ngalonkulu🎭 @sis.stay.hot,464.8K,-,South Africa,Entertainment and Music,139.4K,tiktok,south-africa,False,2024,Music,MAPPED,,Entertainment and Music
62,Siphesihle Ndaba @ceecee_ndaba,463.7K,0.3%,South Africa,Acting and Drama Celebrity,139.1K,tiktok,south-africa,False,2024,Entertainment,MAPPED,,Acting and Drama Celebrity
63,Lelwar Aiyana Smith @lelwarsmith,463.3K,-,South Africa,,139K,tiktok,south-africa,False,2024,NA,NA,,
64,Justin de Nobrega @justindenobregaa,462K,-,South Africa,,138.6K,tiktok,south-africa,False,2024,NA,NA,,
65,Nangamso Puwani @thereal_soso,458K,-,South Africa,,137.4K,tiktok,south-africa,False,2024,NA,NA,,
66,Bagobe_Sgobe @bagobe_sgobe,448.2K,-,South Africa,Entertainment and Music Funny,134.5K,tiktok,south-africa,False,2024,Music,MAPPED,,Entertainment and Music Funny
67,Nomvelo Makhanya @_mvelomakhanya,446.9K,0.1%,South Africa,,134.1K,tiktok,south-africa,False,2024,NA,NA,,
68,Thozi @thozimusic,443.8K,-,South Africa,Entertainment and Music,133.1K,tiktok,south-africa,False,2024,Music,MAPPED,,Entertainment and Music
69,Thinus Beneke @thinus_beneke,442.4K,0.8%,South Africa,,132.7K,tiktok,south-africa,False,2024,NA,NA,,
70,Ridge Mphaphuli @dr_ridge,439.2K,0.2%,South Africa,Education,131.8K,tiktok,south-africa,False,2024,Knowledge&Info,MAPPED,,Education
71,DingaanK @dingaank,436.9K,-,South Africa,Celebrity,131.1K,tiktok,south-africa,False,2024,Entertainment,MAPPED,,Celebrity
72,Khanyi Sigz @khanyisigz,436.6K,-,South Africa,Romance and Wedding,131K,tiktok,south-africa,False,2024,Beauty&Fashion,MAPPED,,Romance and Wedding
73,Warren Kitching @warren.kitching,434K,-,South Africa,,130.2K,tiktok,south-africa,False,2024,NA,NA,,
74,Mr Sizwe Sir! @mrsizwe_sir,432.5K,-,South Africa,Entertainment and Music Funny Celebrity,129.8K,tiktok,south-africa,False,2024,Music,MAPPED,,Entertainment and Music Funny Celebrity
75,57Bottles @57bottles,431.8K,-,South Africa,Food,129.5K,tiktok,south-africa,False,2024,Lifestyle,MAPPED,,Food
76,GWILDLIFE @gwildlife,426.1K,-,South Africa,Nature Animals,127.8K,tiktok,south-africa,False,2024,Lifestyle,MAPPED,,Nature Animals
77,Bobo Mbhele @bobombele,422.7K,0.1%,South Africa,,126.8K,tiktok,south-africa,False,2024,NA,NA,,
78,beggankjxxgef @beggankk,421.3K,0.5%,South Africa,,126.4K,tiktok,south-africa,False,2024,NA,NA,,
79,Tristan Sonnekus @tristansonnekus,417.8K,0.1%,South Africa,,125.3K,tiktok,south-africa,False,2024,NA,NA,,
80,cat 🍃 @caitlinnjayde,417.6K,-,South Africa,Fashion and Accessories,125.3K,tiktok,south-africa,False,2024,Beauty&Fashion,MAPPED,,Fashion and Accessories
81,☹︎ goal 500k @ohsadtext,412.4K,-,South Africa,Entertainment and Music,123.7K,tiktok,south-africa,False,2024,Music,MAPPED,,Entertainment and Music
82,A Rare Anemone👑 @mukondelelianemone,404K,-,South Africa,,121.2K,tiktok,south-africa,False,2024,NA,NA,,
83,C H R I S 🇿🇦 @chris.macdonald,402.2K,-,South Africa,,120.7K,tiktok,south-africa,False,2024,NA,NA,,
84,WoNi @ngoduyenn,399.8K,-,South Africa,,119.9K,tiktok,south-africa,False,2024,NA,NA,,
85,mehlemamba ngidi @mehlemamba.ngidi,399K,0.1%,South Africa,,119.7K,tiktok,south-africa,False,2024,NA,NA,,
86,aluncedo_nana @aluncedo_nana,398.5K,-,South Africa,Entertainment and Music,119.6K,tiktok,south-africa,False,2024,Music,MAPPED,,Entertainment and Music
87,DeESy @des_y01,396.7K,-,South Africa,,119K,tiktok,south-africa,False,2024,NA,NA,,
88,lesego_lethoko @lesego_lethoko,395K,0.5%,South Africa,,118.5K,tiktok,south-africa,False,2024,NA,NA,,
89,Ankelpatriz ✨ @ankelpatriz420,391.3K,-,South Africa,,117.4K,tiktok,south-africa,False,2024,NA,NA,,
90,Kajal Maharaj @kajalmaharajshria,389.3K,-,South Africa,,116.8K,tiktok,south-africa,False,2024,NA,NA,,
91,Masego Charlotte 🇿🇦 @charlotte_set,384.7K,-,South Africa,,115.4K,tiktok,south-africa,False,2024,NA,NA,,
92,Marco Samuely Lund Hansen @marco_slh,383.8K,-,South Africa,Entertainment and Music,115.1K,tiktok,south-africa,False,2024,Music,MAPPED,,Entertainment and Music
93,Khaya Dladla @khayadladla,383.7K,0.2%,South Africa,Acting and Drama Celebrity,115.1K,tiktok,south-africa,False,2024,Entertainment,MAPPED,,Acting and Drama Celebrity
94,Lonerr @busi.ie,381K,-,South Africa,,114.3K,tiktok,south-africa,False,2024,NA,NA,,
95,Musan Raza @musanraza16,380.3K,-,South Africa,,114.1K,tiktok,south-africa,False,2024,NA,NA,,
96,Ofentse Mwase @ofentsemwase,379.2K,0.2%,South Africa,,113.8K,tiktok,south-africa,False,2024,NA,NA,,
97,Qhawekazi _mcetywa @qhawekazi_mcetywa,376.4K,-,South Africa,,112.9K,tiktok,south-africa,False,2024,NA,NA,,
98,Britney De Villiers @britneydevilliers,376.2K,-,South Africa,Fashion and Accessories Travel,112.9K,tiktok,south-africa,False,2024,Beauty&Fashion,MAPPED,,Fashion and Accessories Travel
99,Riaan Barnard @iamriaanbarnard,357.1K,0.2%,South Africa,,107.1K,tiktok,south-africa,False,2024,NA,NA,,
100,Tricia Thee Angel @triciampisi,354.3K,0.3%,South Africa,Celebrity Parenting,106.3K,tiktok,south-africa,False,2024,Entertainment,MAPPED,,Celebrity Parenting
1,시아지우 sia_jiwoo @sia_jiwoo,27.5M,0.2%,South Korea,,8.3M,tiktok,south-korea,False,2024,NA,NA,,
2,신사마 SHINSAMA @shinsama422,17.2M,0.9%,South Korea,Entertainment and Music,5.2M,tiktok,south-korea,False,2024,Music,MAPPED,,Entertainment and Music
3,옐언니 SISTERYELL @sisteryell,14.2M,0.1%,South Korea,Beauty and Self Care,4.3M,tiktok,south-korea,False,2024,Beauty&Fashion,MAPPED,,Beauty and Self Care
4,J-COP @beatboxjcop,13.9M,-,South Korea,Entertainment and Music,4.2M,tiktok,south-korea,False,2024,Music,MAPPED,,Entertainment and Music
5,Stray Kids @jypestraykids,12.4M,0.4%,South Korea,Entertainment and Music,3.7M,tiktok,south-korea,False,2024,Music,MAPPED,,Entertainment and Music
6,신사장 SHIN SAJANG @shin_sajang93,12.4M,0.2%,South Korea,Entertainment and Music,3.7M,tiktok,south-korea,False,2024,Music,MAPPED,,Entertainment and Music
7,지원패밀리 @jiwon_family,11.9M,-,South Korea,family,3.6M,tiktok,south-korea,False,2024,Lifestyle,MAPPED,,family
8,YUN @yun_bao,7.8M,0.1%,South Korea,Entertainment and Music,2.3M,tiktok,south-korea,False,2024,Music,MAPPED,,Entertainment and Music
9,โจเซฟมาเยือน @josephmayuen,6.5M,-,South Korea,,2M,tiktok,south-korea,False,2024,NA,NA,,
10,유빈 Kelly @kellykimkim7,5.3M,-,South Korea,Fashion and Accessories,1.6M,tiktok,south-korea,False,2024,Beauty&Fashion,MAPPED,,Fashion and Accessories
11,가람(karam) @karam_0628,4.6M,-,South Korea,,1.4M,tiktok,south-korea,False,2024,NA,NA,,
12,또솔 DDO_SOL @ddo.sol,4.5M,-,South Korea,Entertainment and Music Funny,1.4M,tiktok,south-korea,False,2024,Music,MAPPED,,Entertainment and Music Funny
13,ASTRO 아스트로 @astro_official,4.4M,-,South Korea,,1.3M,tiktok,south-korea,False,2024,NA,NA,,
14,Avira Nisha @aviranisha,4.2M,-,South Korea,Food Travel Food and Drink,1.3M,tiktok,south-korea,False,2024,Lifestyle,MAPPED,,Food Travel Food and Drink
15,인사이트 @insight_official,4.1M,-,South Korea,,1.2M,tiktok,south-korea,False,2024,NA,NA,,
16,Dewsisters @dewsisters,4M,-,South Korea,,1.2M,tiktok,south-korea,False,2024,NA,NA,,
17,주한띠 @juhan5310,3.8M,-,South Korea,Entertainment and Music,1.1M,tiktok,south-korea,False,2024,Music,MAPPED,,Entertainment and Music
18,마티랜드🐰마티🐰 @matiland_mati,3.8M,0.5%,South Korea,,1.1M,tiktok,south-korea,False,2024,NA,NA,,
19,Heyoon Jeong @heyoonjeong,3.2M,-,South Korea,,960K,tiktok,south-korea,False,2024,NA,NA,,
20,아너브레이커즈 @hnbkz,3M,-,South Korea,,900K,tiktok,south-korea,False,2024,NA,NA,,
21,김쏘야 @iamsongjour,2.9M,0.1%,South Korea,,870K,tiktok,south-korea,False,2024,NA,NA,,
22,B-TOM🇰🇷 បងធំ🇰🇭 @dalove3121,2.8M,-,South Korea,,840K,tiktok,south-korea,False,2024,NA,NA,,
23,짱타쿠 @jjangtaku,2.8M,1.6%,South Korea,Product Education,840K,tiktok,south-korea,False,2024,Knowledge&Info,MAPPED,,Product Education
24,강남허준 박용환 dr.harang @drharang,2.7M,-,South Korea,Education,810K,tiktok,south-korea,False,2024,Knowledge&Info,MAPPED,,Education
25,TikTok Korea @tiktok_kr,2.6M,-,South Korea,,780K,tiktok,south-korea,False,2024,NA,NA,,
26,쏘영 Ssoyoung @ssoyoungmukbang,2.6M,-,South Korea,Food,780K,tiktok,south-korea,False,2024,Lifestyle,MAPPED,,Food
27,[RealMouth] 주멍이 @real_mouth,2.5M,-,South Korea,,750K,tiktok,south-korea,False,2024,NA,NA,,
28,파이하우스 PI HOUSE @pihouse_kr,2.3M,-,South Korea,,690K,tiktok,south-korea,False,2024,NA,NA,,
29,이승재 @leesjae96,2.2M,1.4%,South Korea,Entertainment and Music,660K,tiktok,south-korea,False,2024,Music,MAPPED,,Entertainment and Music
30,k.hwijae @k.hwijae,2.2M,-,South Korea,,660K,tiktok,south-korea,False,2024,NA,NA,,
31,인션 InSean @insean0208,2.1M,-,South Korea,,630K,tiktok,south-korea,False,2024,NA,NA,,
32,미르메 신민철 @shinmincheol,2.1M,-,South Korea,Sports,630K,tiktok,south-korea,False,2024,Sports,MAPPED,,Sports
33,Min Mặn Mồi @minoppa92,2.1M,-,South Korea,Food,630K,tiktok,south-korea,False,2024,Lifestyle,MAPPED,,Food
34,Priscilla Lee 이예은 @pris.danie,2.1M,-,South Korea,,630K,tiktok,south-korea,False,2024,NA,NA,,
35,ZOEY ASMR 조이 @zoey_asmr,2.1M,-,South Korea,Entertainment and Music,630K,tiktok,south-korea,False,2024,Music,MAPPED,,Entertainment and Music
36,Netflix Korea @netflixkr,1.9M,-,South Korea,,570K,tiktok,south-korea,False,2024,NA,NA,,
37,주성 JUSUNG @ju_sung,1.8M,2.9%,South Korea,Entertainment and Music,540K,tiktok,south-korea,False,2024,Music,MAPPED,,Entertainment and Music
38,TEAM1LLUSION 노성율 @team1llusion,1.8M,-,South Korea,Entertainment and Music Animation and Cosplay,540K,tiktok,south-korea,False,2024,Tech&Gaming,MAPPED,,Entertainment and Music Animation and Cosplay
39,San AE @sanae33359,1.8M,-,South Korea,,540K,tiktok,south-korea,False,2024,NA,NA,,
40,Kim Chung Phan @kimchungphan20,1.8M,-,South Korea,,540K,tiktok,south-korea,False,2024,NA,NA,,
41,자곰 JAGOM ASMR @zenoworld,1.8M,-,South Korea,Food,540K,tiktok,south-korea,False,2024,Lifestyle,MAPPED,,Food
42,에버글로우 (EVERGLOW) @everglowofficial,1.7M,0.1%,South Korea,Entertainment and Music,510K,tiktok,south-korea,False,2024,Music,MAPPED,,Entertainment and Music
43,Blanc 블랑🤍 @blanc_s2,1.7M,-,South Korea,Beauty and Self Care,510K,tiktok,south-korea,False,2024,Beauty&Fashion,MAPPED,,Beauty and Self Care
44,Tamagoi @tamagoi,1.6M,-,South Korea,,480K,tiktok,south-korea,False,2024,NA,NA,,
45,𝐂𝐚𝐲𝐚𝐚델리아🐰 @cayacarr0t,1.6M,-,South Korea,Pets,480K,tiktok,south-korea,False,2024,Lifestyle,MAPPED,,Pets
46,@seejal~sking @seejal143,1.6M,-,South Korea,,480K,tiktok,south-korea,False,2024,NA,NA,,
47,JKartsoccer @jkartsoccer_tiktok,1.6M,0.1%,South Korea,Education Sports,480K,tiktok,south-korea,False,2024,Sports,MAPPED,,Education Sports
48,Marysengmunmai @marysengmunmai1,1.6M,2.8%,South Korea,,480K,tiktok,south-korea,False,2024,NA,NA,,
49,𝐖𝐞𝐧𝐣𝐢 지민✨ @juwen10,1.6M,-,South Korea,,480K,tiktok,south-korea,False,2024,NA,NA,,
50,Haiyoe @haiyoe,1.6M,0.1%,South Korea,Entertainment and Music,480K,tiktok,south-korea,False,2024,Music,MAPPED,,Entertainment and Music
51,YOU JI @you_jiseok,1.5M,-,South Korea,,450K,tiktok,south-korea,False,2024,NA,NA,,
52,쥬니Juney @juney4u2,1.5M,-,South Korea,Fashion and Accessories,450K,tiktok,south-korea,False,2024,Beauty&Fashion,MAPPED,,Fashion and Accessories
53,Tanya @t.volkova7,1.5M,-,South Korea,,450K,tiktok,south-korea,False,2024,NA,NA,,
54,위아이(WEi) @wei__official,1.4M,0.1%,South Korea,Entertainment and Music,420K,tiktok,south-korea,False,2024,Music,MAPPED,,Entertainment and Music
55,СЭДЖУ @sejuming,1.4M,0.3%,South Korea,,420K,tiktok,south-korea,False,2024,NA,NA,,
56,건리버 @kunho1216,1.4M,-,South Korea,Entertainment and Music,420K,tiktok,south-korea,False,2024,Music,MAPPED,,Entertainment and Music
57,Hanna Coreana @hannacoreana,1.3M,-,South Korea,,390K,tiktok,south-korea,False,2024,NA,NA,,
58,진사범님🥋 @masterjin,1.3M,-,South Korea,Entertainment and Music,390K,tiktok,south-korea,False,2024,Music,MAPPED,,Entertainment and Music
59,KVIBES @officialkvibes,1.3M,-,South Korea,,390K,tiktok,south-korea,False,2024,NA,NA,,
60,Weeekly (위클리) @weeekly,1.3M,-,South Korea,Entertainment and Music,390K,tiktok,south-korea,False,2024,Music,MAPPED,,Entertainment and Music
61,Johvely 🐰 @johvely,1.3M,-,South Korea,Entertainment and Music,390K,tiktok,south-korea,False,2024,Music,MAPPED,,Entertainment and Music
62,ゆうな♊️👯유나 @unaunayuuna,1.3M,2.3%,South Korea,,390K,tiktok,south-korea,False,2024,NA,NA,,
63,Chuu Chuu 💋 @chuu.0810,1.3M,-,South Korea,,390K,tiktok,south-korea,False,2024,NA,NA,,
64,M!SO | 미소 @_oomisoo_,1.2M,3.4%,South Korea,Beauty and Self Care,360K,tiktok,south-korea,False,2024,Beauty&Fashion,MAPPED,,Beauty and Self Care
65,Eden @edenchoi1020,1.2M,-,South Korea,Entertainment and Music,360K,tiktok,south-korea,False,2024,Music,MAPPED,,Entertainment and Music
66,Dreamcatcher(드림캐쳐) @official_dreamcatcher,1.2M,0.1%,South Korea,Entertainment and Music,360K,tiktok,south-korea,False,2024,Music,MAPPED,,Entertainment and Music
67,ᴋᴘᴏᴘ ఌ @namkimi,1.2M,0.1%,South Korea,Entertainment and Music,360K,tiktok,south-korea,False,2024,Music,MAPPED,,Entertainment and Music
68,이영지 @youngji_02,1.2M,0.1%,South Korea,,360K,tiktok,south-korea,False,2024,NA,NA,,
69,✨Taew🍎🍂 @fan_dara_thai3taew,1.2M,-,South Korea,Entertainment and Music Fashion and Accessories,360K,tiktok,south-korea,False,2024,Beauty&Fashion,MAPPED,,Entertainment and Music Fashion and Accessories
70,Gvan @gvan981,1.1M,-,South Korea,Entertainment and Music Funny,330K,tiktok,south-korea,False,2024,Music,MAPPED,,Entertainment and Music Funny
71,Ringo @ringodanyan,1.1M,0.3%,South Korea,Pets,330K,tiktok,south-korea,False,2024,Lifestyle,MAPPED,,Pets
72,송송한일상💜S daily @thddl7214,1.1M,-,South Korea,Entertainment and Music,330K,tiktok,south-korea,False,2024,Music,MAPPED,,Entertainment and Music
73,♡Park jimin♡ @army.tea_,1.1M,0.1%,South Korea,Entertainment and Music,330K,tiktok,south-korea,False,2024,Music,MAPPED,,Entertainment and Music
74,liryonni @liryonni,1.1M,0.1%,South Korea,,330K,tiktok,south-korea,False,2024,NA,NA,,
75,인사이트 패션 @insight_fashion,1M,-,South Korea,Fashion and Accessories,300K,tiktok,south-korea,False,2024,Beauty&Fashion,MAPPED,,Fashion and Accessories
76,키뜨(keith) @keith06230,1M,7.2%,South Korea,Entertainment and Music Education Product Education,300K,tiktok,south-korea,False,2024,Knowledge&Info,MAPPED,,Entertainment and Music Education Product Education
77,베니패밀리 Benny Family @benny_cat_family,997.2K,0.1%,South Korea,Pets,299.2K,tiktok,south-korea,False,2024,Lifestyle,MAPPED,,Pets
78,Hyundai Worldwide @hyundai_worldwide,993.6K,1.6%,South Korea,Auto and Vehicles,298.1K,tiktok,south-korea,False,2024,Tech&Gaming,MAPPED,,Auto and Vehicles
79,쿠키런 Cookierun @cookierun_dev,991.8K,0.1%,South Korea,,297.5K,tiktok,south-korea,False,2024,NA,NA,,
80,김준형 @k_jhyung,989.9K,0.1%,South Korea,,297K,tiktok,south-korea,False,2024,NA,NA,,
81,도열(Rodo) @rea.lllr,989.3K,-,South Korea,,296.8K,tiktok,south-korea,False,2024,NA,NA,,
82,기섭 KI SEOP @kiseop91,985.4K,-,South Korea,,295.6K,tiktok,south-korea,False,2024,NA,NA,,
83,ROADTOWN(로드타운) @roadtown_cover,979.5K,-,South Korea,Entertainment and Music,293.9K,tiktok,south-korea,False,2024,Music,MAPPED,,Entertainment and Music
84,vivikim @hapi2gether,978.2K,-,South Korea,,293.5K,tiktok,south-korea,False,2024,NA,NA,,
85,น้ะพิม&จูนโฮตาสวด🇰🇷🇹🇭💕 @100619jun.na,978.2K,-,South Korea,,293.5K,tiktok,south-korea,False,2024,NA,NA,,
86,by aokgiem @by.aokgiem,973.7K,0.6%,South Korea,,292.1K,tiktok,south-korea,False,2024,NA,NA,,
87,𝐌𝐢𝐧𝐢 👑 @mini_xxrld,961.5K,1.2%,South Korea,,288.5K,tiktok,south-korea,False,2024,NA,NA,,
88,GFRIEND @official_gfriend,958.5K,0.2%,South Korea,,287.6K,tiktok,south-korea,False,2024,NA,NA,,
89,에이삐💕 @i_am_ab_,954K,-,South Korea,,286.2K,tiktok,south-korea,False,2024,NA,NA,,
90,ALiEN Dance Studio @alienz.official,949.3K,-,South Korea,,284.8K,tiktok,south-korea,False,2024,NA,NA,,
91,김프로 KIMPRO @jkim9999,948.2K,0.1%,South Korea,,284.5K,tiktok,south-korea,False,2024,NA,NA,,
92,심야 Simya😋 @simya_midnight,947.8K,-,South Korea,Entertainment and Music Food and Drink,284.3K,tiktok,south-korea,False,2024,Music,MAPPED,,Entertainment and Music Food and Drink
93,V @pin._.s,944K,-,South Korea,,283.2K,tiktok,south-korea,False,2024,NA,NA,,
94,Mẹ Cà Phê @buithinhuy91,936.7K,-,South Korea,,281K,tiktok,south-korea,False,2024,NA,NA,,
95,Edward So @edwardkso,935.7K,0.2%,South Korea,,280.7K,tiktok,south-korea,False,2024,NA,NA,,
96,태호 t.ae_ho🌊 @ccl5012,935.1K,-,South Korea,,280.5K,tiktok,south-korea,False,2024,NA,NA,,
97,윤태섭 @ta2subottlegod,930K,-,South Korea,,279K,tiktok,south-korea,False,2024,NA,NA,,
98,J.Y. Park @jypark_official,928.2K,0.5%,South Korea,Beauty,278.5K,tiktok,south-korea,False,2024,Beauty&Fashion,MAPPED,,Beauty
99,Luisa García ♡ @luisagarciask,924.7K,3.2%,South Korea,Entertainment and Music,277.4K,tiktok,south-korea,False,2024,Music,MAPPED,,Entertainment and Music
100,벨트맨_beltman @belt_man,924.7K,-,South Korea,Product Education Auto and Vehicles,277.4K,tiktok,south-korea,False,2024,Knowledge&Info,MAPPED,,Product Education Auto and Vehicles
1,La Rosalia @rosalia,30.9M,-,Spain,,9.3M,tiktok,spain,False,2024,NA,NA,,
2,Twin Melody @twinmelody,17.9M,-,Spain,,5.4M,tiktok,spain,False,2024,NA,NA,,
3,animalize21🔥 @animalize21,11.1M,-,Spain,Animals Pets,3.3M,tiktok,spain,False,2024,Lifestyle,MAPPED,,Animals Pets
4,🌟SWEETYBOY🌟 @mateosarc,10.6M,-,Spain,Entertainment and Music,3.2M,tiktok,spain,False,2024,Music,MAPPED,,Entertainment and Music
5,Nasser Ferreiro @nasserferreiroo,10.6M,-,Spain,Entertainment and Music,3.2M,tiktok,spain,False,2024,Music,MAPPED,,Entertainment and Music
6,Nacho Gil Conesa @nachter,10.4M,-,Spain,,3.1M,tiktok,spain,False,2024,NA,NA,,
7,Fran Callejon @francallejon,9.4M,-,Spain,Entertainment and Music Acting and Drama,2.8M,tiktok,spain,False,2024,Music,MAPPED,,Entertainment and Music Acting and Drama
8,Lola loliitaa🌸 @lolaloliitaaa,8.9M,-,Spain,Fashion and Accessories,2.7M,tiktok,spain,False,2024,Beauty&Fashion,MAPPED,,Fashion and Accessories
9,M A G N O S C A V O @magno_scavo,8.2M,-,Spain,,2.5M,tiktok,spain,False,2024,NA,NA,,
10,Mike from Chameleon Theatre @mikethechameleon,7.4M,-,Spain,Education,2.2M,tiktok,spain,False,2024,Knowledge&Info,MAPPED,,Education
11,Annie Vega @annemoda14,6.6M,-,Spain,,2M,tiktok,spain,False,2024,NA,NA,,
12,Àngela Mármol @amarmolmc,5.5M,-,Spain,Entertainment and Music,1.7M,tiktok,spain,False,2024,Music,MAPPED,,Entertainment and Music
13,SoyBanaz @soybanaz,5.1M,-,Spain,Entertainment and Music,1.5M,tiktok,spain,False,2024,Music,MAPPED,,Entertainment and Music
14,Eduardo Camavinga @camavinga,4.7M,13.8%,Spain,Sports,1.4M,tiktok,spain,False,2024,Sports,MAPPED,,Sports
15,Maria_rm @maria_rm,4.3M,-,Spain,Entertainment and Music,1.3M,tiktok,spain,False,2024,Music,MAPPED,,Entertainment and Music
16,Anita Groowe @anitagroowe,3.9M,-,Spain,,1.2M,tiktok,spain,False,2024,NA,NA,,
17,Atletico de Madrid @atleticodemadrid,3.8M,-,Spain,Sports,1.1M,tiktok,spain,False,2024,Sports,MAPPED,,Sports
18,🎬IVIS🎬 @mrivis,3.7M,-,Spain,Entertainment and Music,1.1M,tiktok,spain,False,2024,Music,MAPPED,,Entertainment and Music
19,sofia espanha @sofiaespanha,3.7M,0.2%,Spain,,1.1M,tiktok,spain,False,2024,NA,NA,,
20,Adexe y Nau @aynoficial,3.6M,-,Spain,Entertainment and Music,1.1M,tiktok,spain,False,2024,Music,MAPPED,,Entertainment and Music
21,Mr. Azaga Wong @mrazagawong,3.5M,-,Spain,Photography,1.1M,tiktok,spain,False,2024,Lifestyle,MAPPED,,Photography
22,Mohamed ( Zizi ) @el_zizi_93,3.3M,-,Spain,Beauty and Self Care Fashion and Accessories,990K,tiktok,spain,False,2024,Beauty&Fashion,MAPPED,,Beauty and Self Care Fashion and Accessories
23,Carlos_Eduardo_Espina @carlos_eduardo_espina,3.3M,-,Spain,Life and Society,990K,tiktok,spain,False,2024,Knowledge&Info,MAPPED,,Life and Society
24,Julieta Martell @ju_martell,3.2M,-,Spain,,960K,tiktok,spain,False,2024,NA,NA,,
25,Isa @kindecisa,3.1M,-,Spain,Fashion and Accessories Beauty and Self Care,930K,tiktok,spain,False,2024,Beauty&Fashion,MAPPED,,Fashion and Accessories Beauty and Self Care
26,Netflix España @netflixes,2.7M,-,Spain,,810K,tiktok,spain,False,2024,NA,NA,,
27,Mar @mariaa_mml,2.7M,-,Spain,Fashion and Accessories Beauty and Self Care,810K,tiktok,spain,False,2024,Beauty&Fashion,MAPPED,,Fashion and Accessories Beauty and Self Care
28,Marta Deza @marta_deza,2.7M,-,Spain,Entertainment and Music,810K,tiktok,spain,False,2024,Music,MAPPED,,Entertainment and Music
29,Ariana Michelle @arianafeygin,2.6M,-,Spain,Food,780K,tiktok,spain,False,2024,Lifestyle,MAPPED,,Food
30,Claudia De Los Toyos Boj @claudiadelostoyos,2.6M,-,Spain,Entertainment and Music,780K,tiktok,spain,False,2024,Music,MAPPED,,Entertainment and Music
31,Orlando Domínguez @casosconorlando,2.5M,-,Spain,,750K,tiktok,spain,False,2024,NA,NA,,
32,Adrian Lopez @adrianlt7,2.4M,-,Spain,,720K,tiktok,spain,False,2024,NA,NA,,
33,ALCALA @alcala.creativo,2.3M,0.1%,Spain,DIY and Life Hacks,690K,tiktok,spain,False,2024,Lifestyle,MAPPED,,DIY and Life Hacks
34,Andrés en Inglés @andreseningles,2.3M,-,Spain,Education,690K,tiktok,spain,False,2024,Knowledge&Info,MAPPED,,Education
35,Aida Martorell @aidamartorell,2.2M,-,Spain,Beauty and Self Care,660K,tiktok,spain,False,2024,Beauty&Fashion,MAPPED,,Beauty and Self Care
36,El profesor TikTok @elprofesordetiktok,2.2M,-,Spain,Education Entertainment and Music,660K,tiktok,spain,False,2024,Knowledge&Info,MAPPED,,Education Entertainment and Music
37,Antonio Betancourt @antonio_betancourt,2.1M,-,Spain,Travel,630K,tiktok,spain,False,2024,Lifestyle,MAPPED,,Travel
38,malu paris crf @niishiimiya,2M,2.8%,Spain,Entertainment and Music,600K,tiktok,spain,False,2024,Music,MAPPED,,Entertainment and Music
39,Archie Ted🐲 @archieted0,2M,-,Spain,Entertainment and Music,600K,tiktok,spain,False,2024,Music,MAPPED,,Entertainment and Music
40,Jackwise @jackwise_clown,2M,-,Spain,,600K,tiktok,spain,False,2024,NA,NA,,
41,Adrián @anexo3d_oficial,2M,-,Spain,,600K,tiktok,spain,False,2024,NA,NA,,
42,PrimeVideoES @primevideoes,1.9M,-,Spain,Entertainment and Music,570K,tiktok,spain,False,2024,Music,MAPPED,,Entertainment and Music
43,Lorena Fernández💖 @lorenafernandezb,1.9M,-,Spain,Fashion and Accessories,570K,tiktok,spain,False,2024,Beauty&Fashion,MAPPED,,Fashion and Accessories
44,Becs Martinez @becsmartinez,1.9M,-,Spain,,570K,tiktok,spain,False,2024,NA,NA,,
45,ADELINA🌸 @adelinafominykh,1.8M,-,Spain,Entertainment and Music,540K,tiktok,spain,False,2024,Music,MAPPED,,Entertainment and Music
46,Valeria @valeriaxxargu,1.8M,-,Spain,,540K,tiktok,spain,False,2024,NA,NA,,
47,Marc Olivares @markkk_oc,1.8M,-,Spain,Fashion and Accessories Entertainment and Music,540K,tiktok,spain,False,2024,Beauty&Fashion,MAPPED,,Fashion and Accessories Entertainment and Music
48,Sebastian Sánchez @sebassanchezg,1.8M,-,Spain,,540K,tiktok,spain,False,2024,NA,NA,,
49,Paquillocastroo 🥴 @paquillocastroo,1.8M,-,Spain,Food Travel,540K,tiktok,spain,False,2024,Lifestyle,MAPPED,,Food Travel
50,Drawingtok @drawingtok1.2,1.7M,-,Spain,Arts and Crafts,510K,tiktok,spain,False,2024,Lifestyle,MAPPED,,Arts and Crafts
51,Yosoyjosema @yosoyjosema,1.6M,-,Spain,Entertainment and Music,480K,tiktok,spain,False,2024,Music,MAPPED,,Entertainment and Music
52,Sergio Reguilon @sergioregui,1.6M,0.2%,Spain,,480K,tiktok,spain,False,2024,NA,NA,,
53,"Anto, Pía y Emma @antonellapupo",1.6M,-,Spain,family,480K,tiktok,spain,False,2024,Lifestyle,MAPPED,,family
54,Ephylone College @guillembarbeta02,1.6M,-,Spain,Sports Auto and Vehicles,480K,tiktok,spain,False,2024,Sports,MAPPED,,Sports Auto and Vehicles
55,Alex @aleexgm8,1.6M,-,Spain,Entertainment and Music,480K,tiktok,spain,False,2024,Music,MAPPED,,Entertainment and Music
56,Esther Martinez 💋🌸 @estheermartinez_,1.5M,-,Spain,,450K,tiktok,spain,False,2024,NA,NA,,
57,🖤 Yiren Lopez 🖤 @yiireenn.grl,1.5M,-,Spain,Fashion and Accessories,450K,tiktok,spain,False,2024,Beauty&Fashion,MAPPED,,Fashion and Accessories
58,Lucia Fernandez @luciafernandez_,1.5M,-,Spain,Entertainment and Music,450K,tiktok,spain,False,2024,Music,MAPPED,,Entertainment and Music
59,Gabriel Ángel @gabrielceramics,1.5M,-,Spain,,450K,tiktok,spain,False,2024,NA,NA,,
60,Emejotisa @emejotisa,1.5M,-,Spain,Funny,450K,tiktok,spain,False,2024,Entertainment,MAPPED,,Funny
61,El Hormiguero @el_hormiguero,1.5M,-,Spain,Entertainment and Music,450K,tiktok,spain,False,2024,Music,MAPPED,,Entertainment and Music
62,Adrián Romero🍍 @adriianromero_,1.4M,-,Spain,Entertainment and Music Romance and Wedding Acting and Drama,420K,tiktok,spain,False,2024,Beauty&Fashion,MAPPED,,Entertainment and Music Romance and Wedding Acting and Drama
63,Xataka @xataka,1.4M,-,Spain,Product Education,420K,tiktok,spain,False,2024,Knowledge&Info,MAPPED,,Product Education
64,Javi Freestyle @javifreestyle,1.4M,0.1%,Spain,,420K,tiktok,spain,False,2024,NA,NA,,
65,Jordi ENP @jordienpo,1.4M,0.8%,Spain,Entertainment and Music,420K,tiktok,spain,False,2024,Music,MAPPED,,Entertainment and Music
66,Key Zara @keyzaraofficial,1.4M,-,Spain,,420K,tiktok,spain,False,2024,NA,NA,,
67,Ainoa García @aiinoagarciia,1.4M,2.1%,Spain,Arts and Crafts,420K,tiktok,spain,False,2024,Lifestyle,MAPPED,,Arts and Crafts
68,Marina González @marinago_02,1.4M,-,Spain,Sports,420K,tiktok,spain,False,2024,Sports,MAPPED,,Sports
69,Gemelos Viajeros 🌍✈️ @gemelosviajeros,1.4M,-,Spain,Travel,420K,tiktok,spain,False,2024,Lifestyle,MAPPED,,Travel
70,Guille 🌹 @robiiioo,1.3M,-,Spain,,390K,tiktok,spain,False,2024,NA,NA,,
71,DANIEL PALACIO🇪🇸 @daniipkr,1.3M,-,Spain,Funny,390K,tiktok,spain,False,2024,Entertainment,MAPPED,,Funny
72,Jan Cutillas 👽 @jancutillas,1.3M,-,Spain,Travel,390K,tiktok,spain,False,2024,Lifestyle,MAPPED,,Travel
73,Korayma @kora.ymaa,1.3M,-,Spain,,390K,tiktok,spain,False,2024,NA,NA,,
74,gaberga😎 @gaberga,1.3M,-,Spain,Entertainment and Music,390K,tiktok,spain,False,2024,Music,MAPPED,,Entertainment and Music
75,🌜Aquí Sandra✨ @aquisandrax,1.3M,-,Spain,Travel,390K,tiktok,spain,False,2024,Lifestyle,MAPPED,,Travel
76,ASMR para dormir 😴💤 @lescousinsasmr,1.3M,-,Spain,,390K,tiktok,spain,False,2024,NA,NA,,
77,tamara_gorro @tamara_gorro,1.3M,-,Spain,Entertainment and Music Acting and Drama,390K,tiktok,spain,False,2024,Music,MAPPED,,Entertainment and Music Acting and Drama
78,aloe vera @alvaro.romero,1.3M,1.3%,Spain,Entertainment and Music,390K,tiktok,spain,False,2024,Music,MAPPED,,Entertainment and Music
79,TheMigui_ @themigui_,1.3M,3.5%,Spain,Funny,390K,tiktok,spain,False,2024,Entertainment,MAPPED,,Funny
80,Pablo Alborán @pabloalboran,1.2M,-,Spain,Entertainment and Music,360K,tiktok,spain,False,2024,Music,MAPPED,,Entertainment and Music
81,Sr._Chan @sr.chan,1.2M,-,Spain,,360K,tiktok,spain,False,2024,NA,NA,,
82,LOS_PANAS @four_panas,1.2M,-,Spain,Fashion and Accessories,360K,tiktok,spain,False,2024,Beauty&Fashion,MAPPED,,Fashion and Accessories
83,Bea Ruiz @btriixx,1.2M,-,Spain,Entertainment and Music,360K,tiktok,spain,False,2024,Music,MAPPED,,Entertainment and Music
84,donkoglo @donkoglo,1.1M,0.1%,Spain,Sports,330K,tiktok,spain,False,2024,Sports,MAPPED,,Sports
85,Noemí Pérez @om_makeup_artist,1.1M,-,Spain,Arts and Crafts,330K,tiktok,spain,False,2024,Lifestyle,MAPPED,,Arts and Crafts
86,⭕️ Iván Cobos 🔴 @ivan_cobos,1.1M,-,Spain,,330K,tiktok,spain,False,2024,NA,NA,,
87,🧿EZTHER🧿 @ezther__,1.1M,-,Spain,Beauty and Self Care Entertainment and Music,330K,tiktok,spain,False,2024,Beauty&Fashion,MAPPED,,Beauty and Self Care Entertainment and Music
88,Rebeca Jimenez @rebejimenez28,1.1M,-,Spain,,330K,tiktok,spain,False,2024,NA,NA,,
89,didactilam @didactilam,1.1M,-,Spain,,330K,tiktok,spain,False,2024,NA,NA,,
90,Carlos Churches @elchurchesoficial,1M,-,Spain,,300K,tiktok,spain,False,2024,NA,NA,,
91,Nuria Castelló @lokyfamylytoy,1M,-,Spain,family,300K,tiktok,spain,False,2024,Lifestyle,MAPPED,,family
92,Estels @__estels,999.8K,-,Spain,,299.9K,tiktok,spain,False,2024,NA,NA,,
93,Quincy @quincyazzario,987.5K,-,Spain,,296.3K,tiktok,spain,False,2024,NA,NA,,
94,hugedo @hugedo,986.1K,-,Spain,,295.8K,tiktok,spain,False,2024,NA,NA,,
95,Trappeal @trappeal,985.7K,0.1%,Spain,,295.7K,tiktok,spain,False,2024,NA,NA,,
96,Ismael Rodriguez @ism_rodri_,984.6K,-,Spain,,295.4K,tiktok,spain,False,2024,NA,NA,,
97,Y 𐌡 Ξ L @dm_yael,979.3K,0.1%,Spain,,293.8K,tiktok,spain,False,2024,NA,NA,,
98,Llobeti4 @llobeti4_,977K,-,Spain,,293.1K,tiktok,spain,False,2024,NA,NA,,
99,Arantza N @arantzanvm,976.3K,0.2%,Spain,,292.9K,tiktok,spain,False,2024,NA,NA,,
100,Davide Morana @davide_morana,972.5K,0.7%,Spain,,291.8K,tiktok,spain,False,2024,NA,NA,,
1,Nattid® @nattid,2.3M,-,Sverige,Underhållning och musik,690K,tiktok,sweden,False,2024,Music,MAPPED,,Entertainment and music
2,olivernordin @olivernordin1,2.2M,-,Sverige,,660K,tiktok,sweden,False,2024,NA,NA,,
3,INGRID AND RECE 💘 @ingridandrece0,2.1M,0.2%,Sverige,,630K,tiktok,sweden,False,2024,NA,NA,,
4,Alma Persson @almaperssons,1.2M,-,Sverige,Mode och accessoarer,360K,tiktok,sweden,False,2024,Beauty&Fashion,MAPPED,,Fashion and accessories
5,Kim Diaz Holm @denungeherrholm,1M,-,Sverige,Underhållning och musik,300K,tiktok,sweden,False,2024,Music,MAPPED,,Entertainment and music
6,Zara Larsson @zaralarsson,992.4K,0.1%,Sverige,,297.7K,tiktok,sweden,False,2024,NA,NA,,
7,shaymaa Gahdhbah - أشكي ناز @ms_ashki,975K,-,Sverige,,292.5K,tiktok,sweden,False,2024,NA,NA,,
8,Netflix Sverige @netflixsverige,914.8K,-,Sverige,,274.4K,tiktok,sweden,False,2024,NA,NA,,
9,Matt Mitchell @mattmitchell4,815.5K,-,Sverige,,244.7K,tiktok,sweden,False,2024,NA,NA,,
10,Marysia @marysiasiczek,805.8K,0.1%,Sverige,,241.7K,tiktok,sweden,False,2024,NA,NA,,
11,Iris Rados @irisrados,800.3K,-,Sverige,,240.1K,tiktok,sweden,False,2024,NA,NA,,
12,Koenigsegg @koenigsegg,799.2K,0.4%,Sverige,,239.8K,tiktok,sweden,False,2024,NA,NA,,
13,Bella Lupascu® @bellalupascu,789.7K,-,Sverige,Skönhet och personlig vård,236.9K,tiktok,sweden,False,2024,Beauty&Fashion,MAPPED,,Beauty and personal care
14,sweLogan @swelogan,788.4K,-,Sverige,,236.5K,tiktok,sweden,False,2024,NA,NA,,
15,Patrik Widell @patrikwidell,750.2K,-,Sverige,,225.1K,tiktok,sweden,False,2024,NA,NA,,
16,Ludde Blomqvist @ohwoah__,735.6K,0.1%,Sverige,Underhållning och musik,220.7K,tiktok,sweden,False,2024,Music,MAPPED,,Entertainment and music
17,Joy center sweden @joycenter2008,652.1K,-,Sverige,Skönhet och personlig vård,195.6K,tiktok,sweden,False,2024,Beauty&Fashion,MAPPED,,Beauty and personal care
18,🀄🧡 @ayloul_khanou_officiel,648K,-,Sverige,Romantik och bröllop,194.4K,tiktok,sweden,False,2024,Lifestyle,MAPPED,,Romance and weddings
19,Alesso @alesso,634.9K,-,Sverige,Underhållning och musik,190.5K,tiktok,sweden,False,2024,Music,MAPPED,,Entertainment and music
20,DeBilalo @debilalo,605.6K,0.1%,Sverige,Roligt,181.7K,tiktok,sweden,False,2024,Entertainment,MAPPED,,Funny
21,LION ليون @lion_pm,594.5K,-,Sverige,Datorspel,178.4K,tiktok,sweden,False,2024,Tech&Gaming,MAPPED,,Computer games
22,Red Bull Sweden @redbullsweden,559K,-,Sverige,,167.7K,tiktok,sweden,False,2024,NA,NA,,
23,⭐️Linnea&Viola⭐️ @linneaandviola,557.5K,-,Sverige,Underhållning och musik,167.3K,tiktok,sweden,False,2024,Music,MAPPED,,Entertainment and music
24,coral.500k @coral.500k,522.5K,-,Sverige,Djur Datorspel,156.8K,tiktok,sweden,False,2024,Tech&Gaming,MAPPED,,Animals Computer Games
25,Amandaedin @amandaedins,516.9K,-,Sverige,Underhållning och musik,155.1K,tiktok,sweden,False,2024,Music,MAPPED,,Entertainment and music
26,GoatSimulator @goatsimulatorgame,513.7K,0.2%,Sverige,,154.1K,tiktok,sweden,False,2024,NA,NA,,
27,Ashraf Ali @ashraf_swe,480K,0.1%,Sverige,,144K,tiktok,sweden,False,2024,NA,NA,,
28,Waleescamelo @waleescamelo,475.1K,-,Sverige,Mode och accessoarer Fitness och hälsa,142.5K,tiktok,sweden,False,2024,Sports,MAPPED,,Fashion and accessories Fitness and health
29,Du får tur om du följer @cobrakai_boy_,474.4K,-,Sverige,,142.3K,tiktok,sweden,False,2024,NA,NA,,
30,Ballonger Västerås @ballonger_vasteras,471.6K,-,Sverige,Konst och hantverk Hem och trädgård,141.5K,tiktok,sweden,False,2024,Lifestyle,MAPPED,,Arts and Crafts Home and Garden
31,Emilhenrohn @emilhenrohn,460.1K,0.2%,Sverige,Underhållning och musik,138K,tiktok,sweden,False,2024,Music,MAPPED,,Entertainment and music
32,Maher Zain @maherzainofficial,457.9K,0.4%,Sverige,,137.4K,tiktok,sweden,False,2024,NA,NA,,
33,Stories @kiwi...5,436.8K,0.3%,Sverige,,131K,tiktok,sweden,False,2024,NA,NA,,
34,Perla @perla1perla,426.2K,-,Sverige,,127.9K,tiktok,sweden,False,2024,NA,NA,,
35,Liana @_xoxoliana_,406K,0.1%,Sverige,,121.8K,tiktok,sweden,False,2024,NA,NA,,
36,Fadi&Hiba| فادي&هبه🇸🇪🇸🇾 @fadi.hiba.96,405.8K,-,Sverige,,121.7K,tiktok,sweden,False,2024,NA,NA,,
37,🧸Official Romantic Lover🧸 @romantic_lover73,404.2K,0.1%,Sverige,Romantik och bröllop,121.3K,tiktok,sweden,False,2024,Lifestyle,MAPPED,,Romance and weddings
38,الكاتب__المغترب @z_x..x_z,401.5K,-,Sverige,,120.5K,tiktok,sweden,False,2024,NA,NA,,
39,Tik Toker @ghoussoun1,401.1K,0.1%,Sverige,,120.3K,tiktok,sweden,False,2024,NA,NA,,
40,Sherin @sheriiinb,397.7K,0.3%,Sverige,,119.3K,tiktok,sweden,False,2024,NA,NA,,
41,ViSam Official @visam.official,392.6K,0.3%,Sverige,,117.8K,tiktok,sweden,False,2024,NA,NA,,
42,👸🏾African Queen👸🏾 @africanqueen1111,366.2K,-,Sverige,Underhållning och musik Mode och accessoarer,109.9K,tiktok,sweden,False,2024,Beauty&Fashion,MAPPED,,Entertainment and Music Fashion and Accessories
43,Tove Lo @tovelo,364.1K,-,Sverige,,109.2K,tiktok,sweden,False,2024,NA,NA,,
44,✨🪷toca boca🤍🌴 @toca.word.maja,356.2K,-,Sverige,,106.9K,tiktok,sweden,False,2024,NA,NA,,
45,Winsent Thunholm Wikman @winsentw,351K,0.1%,Sverige,Roligt,105.3K,tiktok,sweden,False,2024,Entertainment,MAPPED,,Funny
46,Mais Alkrad🦋 @mais.alkrad,343.9K,-,Sverige,,103.2K,tiktok,sweden,False,2024,NA,NA,,
47,🎥Familjen Arcombe🎥 @familjenarcombe,341.8K,-,Sverige,,102.5K,tiktok,sweden,False,2024,NA,NA,,
48,𝓟𝓾𝓵𝔃𝓮. 𝓢𝓽𝔂𝔁 @styxretake,340.9K,-,Sverige,,102.3K,tiktok,sweden,False,2024,NA,NA,,
49,Manfred Erlandsson @manfrederlandsson,338.6K,0.1%,Sverige,,101.6K,tiktok,sweden,False,2024,NA,NA,,
50,《♧Rayan♧》 @rayanzepeto,338.4K,-,Sverige,,101.5K,tiktok,sweden,False,2024,NA,NA,,
51,Misslisibell @officialmisslisibell,330.5K,-,Sverige,,99.2K,tiktok,sweden,False,2024,NA,NA,,
52,Beauty by Aisha Sweden @aishacamara38,329.9K,-,Sverige,Skönhet och personlig vård Mode och accessoarer,99K,tiktok,sweden,False,2024,Beauty&Fashion,MAPPED,,Beauty and personal care Fashion and accessories
53,Memetix_swe @memetix_swe,326.8K,0.1%,Sverige,,98K,tiktok,sweden,False,2024,NA,NA,,
54,Frida Jernspets @tiktokfrida,326.6K,-,Sverige,Animation och cosplay,98K,tiktok,sweden,False,2024,Tech&Gaming,MAPPED,,Animation and cosplay
55,Joakim Lundell @javligtrik,323.8K,2%,Sverige,,97.1K,tiktok,sweden,False,2024,NA,NA,,
56,LakiDoris @lovisakarlsson2,314.2K,-,Sverige,Underhållning och musik,94.3K,tiktok,sweden,False,2024,Music,MAPPED,,Entertainment and music
57,Tone Sekelius @tonesekelius,310.5K,0.3%,Sverige,,93.2K,tiktok,sweden,False,2024,NA,NA,,
58,Pontus Rasmusson @pontusofficial,306.4K,0.2%,Sverige,,91.9K,tiktok,sweden,False,2024,NA,NA,,
59,🦋 𝐉𝐮𝐥𝐢𝐞 / جولي 🦋 @julie__38,306.3K,-,Sverige,,91.9K,tiktok,sweden,False,2024,NA,NA,,
60,⚡️Felicia Lindkvist⚡️ @lindkvistfeliciaa,302.3K,-,Sverige,Fitness och hälsa,90.7K,tiktok,sweden,False,2024,Sports,MAPPED,,Fitness and health
61,Super cool 09 @supercool050929,300.1K,-,Sverige,Sport,90K,tiktok,sweden,False,2024,Sports,MAPPED,,Sport
62,maria 😏 @maria.mars0,292.6K,-,Sverige,Skönhet,87.8K,tiktok,sweden,False,2024,Beauty&Fashion,MAPPED,,Beauty
63,Arabic Tiktok @arabic.tiktok,289K,-,Sverige,,86.7K,tiktok,sweden,False,2024,NA,NA,,
64,꒰ 𝐵𝑒𝑎𝑟 𝑠𝑞𝑢𝑎𝑑 ꒱ @random.account.things,287.1K,-,Sverige,,86.1K,tiktok,sweden,False,2024,NA,NA,,
65,🇸🇪R.O.Y🇸🇪 @roy_____ns,281.2K,-,Sverige,,84.4K,tiktok,sweden,False,2024,NA,NA,,
66,AmandaLundgren @amandalundgren,280.2K,0.1%,Sverige,,84.1K,tiktok,sweden,False,2024,NA,NA,,
67,Emil Borroms @emilborroms,271.6K,-,Sverige,,81.5K,tiktok,sweden,False,2024,NA,NA,,
68,Magister Nordström @magisternordstrom,270.1K,-,Sverige,Familj,81K,tiktok,sweden,False,2024,Lifestyle,MAPPED,,Family
69,Bashar & Ritta @bashar_and_ritta,267.3K,-,Sverige,Skönhet och personlig vård,80.2K,tiktok,sweden,False,2024,Beauty&Fashion,MAPPED,,Beauty and personal care
70,Amanda Strand @amandastrands,265.5K,-,Sverige,,79.7K,tiktok,sweden,False,2024,NA,NA,,
71,Sam Pettersson @samthemans,261.1K,0.1%,Sverige,Underhållning och musik Roligt,78.3K,tiktok,sweden,False,2024,Music,MAPPED,,Entertainment and music Fun
72,marykiwi @swedishmommy,258.5K,-,Sverige,Familj,77.6K,tiktok,sweden,False,2024,Lifestyle,MAPPED,,Family
73,Sebastian Tadros @sebastiantadros,257.7K,-,Sverige,,77.3K,tiktok,sweden,False,2024,NA,NA,,
74,HORSE TRAINER 🐴😘 @evelynbanffy,254.1K,-,Sverige,Husdjur,76.2K,tiktok,sweden,False,2024,Lifestyle,MAPPED,,Pets
75,tv4idol @tv4idol,253.8K,-,Sverige,,76.1K,tiktok,sweden,False,2024,NA,NA,,
76,Mohammed Ibrahim @officialdrmoe,250K,0.1%,Sverige,Utbildning Uppgradering av färdigheter,75K,tiktok,sweden,False,2024,Knowledge&Info,MAPPED,,Education Upgrading skills
77,JOSE @josefson,247.3K,-,Sverige,,74.2K,tiktok,sweden,False,2024,NA,NA,,
78,Nadir Benkahla @nadirbenkahla,246.1K,-,Sverige,,73.8K,tiktok,sweden,False,2024,NA,NA,,
79,kevin @marvel_videoos,246.1K,-,Sverige,,73.8K,tiktok,sweden,False,2024,NA,NA,,
80,Aya samarit @aya.samarit,243.7K,0.2%,Sverige,,73.1K,tiktok,sweden,False,2024,NA,NA,,
81,Lina @linalindau,237.8K,-,Sverige,Mode och accessoarer Skönhet och personlig vård,71.3K,tiktok,sweden,False,2024,Beauty&Fashion,MAPPED,,Fashion and accessories Beauty and personal care
82,Fk stories @fakestoriesbey,233.5K,-,Sverige,,70.1K,tiktok,sweden,False,2024,NA,NA,,
83,🦋 @tmmy_fidgets,232K,-,Sverige,,69.6K,tiktok,sweden,False,2024,NA,NA,,
84,lucypiggott6 @lucypiggott6,231.9K,-,Sverige,Natur,69.6K,tiktok,sweden,False,2024,Lifestyle,MAPPED,,Nature
85,Jessica Mithanja Ekström @mithanja,230.4K,-,Sverige,Resor,69.1K,tiktok,sweden,False,2024,Lifestyle,MAPPED,,Travels
86,Mattias mirk @mattiasmirk,229.6K,-,Sverige,,68.9K,tiktok,sweden,False,2024,NA,NA,,
87,Almaaa @fatalma,229.3K,0.1%,Sverige,Fitness och hälsa,68.8K,tiktok,sweden,False,2024,Sports,MAPPED,,Fitness and health
88,⚪️🔵🟠 @football..for..life,225.6K,-,Sverige,,67.7K,tiktok,sweden,False,2024,NA,NA,,
89,erikhedenfalk @erikhedenfalk,224.8K,1.3%,Sverige,Fotografering,67.4K,tiktok,sweden,False,2024,Lifestyle,MAPPED,,Photography
90,Hampus Hammargren @hampushammargren,222K,-,Sverige,,66.6K,tiktok,sweden,False,2024,NA,NA,,
91,🇮🇶 Mary Al-mhana🇸🇪 @maryalmhanamm,221.3K,-,Sverige,,66.4K,tiktok,sweden,False,2024,NA,NA,,
92,Philip Benjaminsson @philipbenjaminsson,219.8K,-,Sverige,,65.9K,tiktok,sweden,False,2024,NA,NA,,
93,Kadra idil🦋 @kadra_idil,219.6K,-,Sverige,,65.9K,tiktok,sweden,False,2024,NA,NA,,
94,Me @tt_funnymemes,218.6K,-,Sverige,,65.6K,tiktok,sweden,False,2024,NA,NA,,
95,Veronica Maggio @veronicamaggioofficial,216.7K,0.2%,Sverige,,65K,tiktok,sweden,False,2024,NA,NA,,
96,Dolly Style🇸🇪 @dollystylesweden,214.3K,-,Sverige,,64.3K,tiktok,sweden,False,2024,NA,NA,,
97,COCONUT HEN - Official 🥥🇸🇪 @coconut_hen,207.4K,0.8%,Sverige,,62.2K,tiktok,sweden,False,2024,NA,NA,,
98,lailakvl @lailakvl,206.9K,1.1%,Sverige,,62.1K,tiktok,sweden,False,2024,NA,NA,,
99,🇵🇸Loco🇵🇸 @locogbg,205.6K,-,Sverige,,61.7K,tiktok,sweden,False,2024,NA,NA,,
100,Albert Dyrlund Soap @albertsoap,205.1K,0.9%,Sverige,,61.5K,tiktok,sweden,False,2024,NA,NA,,
1,ales2ndro @ales2ndro,2.7M,-,Switzerland,,810K,tiktok,switzerland,False,2024,NA,NA,,
2,chiaracastelli @chiaracastelli,1.8M,-,Switzerland,Entertainment and Music Music,540K,tiktok,switzerland,False,2024,Music,MAPPED,,Entertainment and Music Music
3,World Economic Forum @worldeconomicforum,1.7M,-,Switzerland,Education,510K,tiktok,switzerland,False,2024,Knowledge&Info,MAPPED,,Education
4,Red Bull Switzerland @redbullswitzerland,1.1M,-,Switzerland,Entertainment and Music Outdoor Activity,330K,tiktok,switzerland,False,2024,Sports,MAPPED,,Entertainment and Music Outdoor Activity
5,Sami Loft @samiloft,1.1M,-,Switzerland,DIY and Life Hacks Home and Garden,330K,tiktok,switzerland,False,2024,Lifestyle,MAPPED,,DIY and Life Hacks Home and Garden
6,TP @drpronto,1.1M,-,Switzerland,Travel,330K,tiktok,switzerland,False,2024,Lifestyle,MAPPED,,Travel
7,heartbeatfood @heartbeatfood,1.1M,-,Switzerland,,330K,tiktok,switzerland,False,2024,NA,NA,,
8,asaniamir @asaniamir,998.6K,-,Switzerland,Travel,299.6K,tiktok,switzerland,False,2024,Lifestyle,MAPPED,,Travel
9,Yazi Cole @yazicole,899.6K,-,Switzerland,Beauty and Self Care,269.9K,tiktok,switzerland,False,2024,Beauty&Fashion,MAPPED,,Beauty and Self Care
10,Pranks from CH @selfcheckarea,891.5K,0.1%,Switzerland,,267.5K,tiktok,switzerland,False,2024,NA,NA,,
11,Hublot @hublot,859.4K,-,Switzerland,,257.8K,tiktok,switzerland,False,2024,NA,NA,,
12,TATAKI @tatakiii,833.5K,0.1%,Switzerland,,250.1K,tiktok,switzerland,False,2024,NA,NA,,
13,Zeki @zekisworld,822.4K,0.3%,Switzerland,,246.7K,tiktok,switzerland,False,2024,NA,NA,,
14,Master Money @mastermoneymanagement,801.1K,-,Switzerland,Finance,240.3K,tiktok,switzerland,False,2024,Knowledge&Info,MAPPED,,Finance
15,Gripmode Goalkeeping @gripmode,791.4K,-,Switzerland,,237.4K,tiktok,switzerland,False,2024,NA,NA,,
16,Maya Leinenbach @fitgreenmind,782.1K,0.1%,Switzerland,Food,234.6K,tiktok,switzerland,False,2024,Lifestyle,MAPPED,,Food
17,🦋 Désiré 🦋 @desireajavon,771.8K,-,Switzerland,,231.5K,tiktok,switzerland,False,2024,NA,NA,,
18,Maelo Romani @maeloromani,771.4K,-,Switzerland,,231.4K,tiktok,switzerland,False,2024,NA,NA,,
19,João Azambuja🦋🇨🇭 @jvbuja,739.6K,-,Switzerland,,221.9K,tiktok,switzerland,False,2024,NA,NA,,
20,Home of Hoops @fiba,735.3K,-,Switzerland,,220.6K,tiktok,switzerland,False,2024,NA,NA,,
21,Muhammad Akram ✅ @akooo786,700.9K,0.2%,Switzerland,,210.3K,tiktok,switzerland,False,2024,NA,NA,,
22,joshtyrell @josh_tyrell,672.1K,0.1%,Switzerland,,201.6K,tiktok,switzerland,False,2024,NA,NA,,
23,Lenny Izaguire ✨ @lenny_iza,670.1K,-,Switzerland,,201K,tiktok,switzerland,False,2024,NA,NA,,
24,rock_sharan @rock_sharan,660.9K,-,Switzerland,,198.3K,tiktok,switzerland,False,2024,NA,NA,,
25,ℍ 𝔼 𝕃 𝕃 𝔹 𝕆 𝕐 @nathanberno,632.5K,-,Switzerland,,189.8K,tiktok,switzerland,False,2024,NA,NA,,
26,Senna Relax @sennarelax,577.7K,-,Switzerland,Travel,173.3K,tiktok,switzerland,False,2024,Lifestyle,MAPPED,,Travel
27,Ch_soccer @ch_soccer_,565.9K,-,Switzerland,Sports Entertainment and Music,169.8K,tiktok,switzerland,False,2024,Sports,MAPPED,,Sports Entertainment and Music
28,Maya Eigenmann @maya_eigenmann,562.9K,-,Switzerland,,168.9K,tiktok,switzerland,False,2024,NA,NA,,
29,Kevinlutolf @kevinlutolf,536.8K,-,Switzerland,,161K,tiktok,switzerland,False,2024,NA,NA,,
30,Marvel love @marvel_love12,505.7K,-,Switzerland,,151.7K,tiktok,switzerland,False,2024,NA,NA,,
31,669 SWIIZEN @swiizen_levrai,501.3K,-,Switzerland,,150.4K,tiktok,switzerland,False,2024,NA,NA,,
32,Lahori jutti😘 @aira512,498.6K,-,Switzerland,,149.6K,tiktok,switzerland,False,2024,NA,NA,,
33,Света Мужжухина @sm.otri,480.9K,-,Switzerland,Art,144.3K,tiktok,switzerland,False,2024,Lifestyle,MAPPED,,Art
34,🦋⃟✮͢🇨ɧųʑı🐣ơყɛɛ🙊 @chuzi_oyee_786,457.8K,-,Switzerland,,137.3K,tiktok,switzerland,False,2024,NA,NA,,
35,simomo @simomo2,446.4K,-,Switzerland,,133.9K,tiktok,switzerland,False,2024,NA,NA,,
36,Basel @baselato,431.3K,-,Switzerland,,129.4K,tiktok,switzerland,False,2024,NA,NA,,
37,Sam Jorden @thesamjorden,430.3K,0.1%,Switzerland,,129.1K,tiktok,switzerland,False,2024,NA,NA,,
38,Kaorydesole @kaorydesole,425.6K,-,Switzerland,Beauty and Self Care,127.7K,tiktok,switzerland,False,2024,Beauty&Fashion,MAPPED,,Beauty and Self Care
39,Carly @reveil.carly,422.5K,-,Switzerland,Entertainment and Music,126.8K,tiktok,switzerland,False,2024,Music,MAPPED,,Entertainment and Music
40,Xherdan Shaqiri @shaqirixs23,421.2K,-,Switzerland,Sports,126.4K,tiktok,switzerland,False,2024,Sports,MAPPED,,Sports
41,rastawhiteshepherd @rastawhiteshepherd,419.1K,-,Switzerland,Animals,125.7K,tiktok,switzerland,False,2024,Lifestyle,MAPPED,,Animals
42,be.a.man3 @be.a.man3,412.5K,-,Switzerland,,123.8K,tiktok,switzerland,False,2024,NA,NA,,
43,How To Switzerland 🇨🇭 @howtoswitzerland,401.3K,0.7%,Switzerland,Travel,120.4K,tiktok,switzerland,False,2024,Lifestyle,MAPPED,,Travel
44,🕊Queen__کوچۍ🕊 @arzo481,397.8K,-,Switzerland,,119.3K,tiktok,switzerland,False,2024,NA,NA,,
45,James Beacham @jbbeacham,395.6K,0.4%,Switzerland,Education,118.7K,tiktok,switzerland,False,2024,Knowledge&Info,MAPPED,,Education
46,🍼zara🎀 @iiamzara,392.9K,-,Switzerland,Fashion and Accessories Games,117.9K,tiktok,switzerland,False,2024,Beauty&Fashion,MAPPED,,Fashion and Accessories Games
47,vladi @abeelxo,391.6K,-,Switzerland,Funny,117.5K,tiktok,switzerland,False,2024,Entertainment,MAPPED,,Funny
48,Michi_stuntrider @michi_stuntrider,386K,-,Switzerland,Automotive,115.8K,tiktok,switzerland,False,2024,Tech&Gaming,MAPPED,,Automotive
49,Fannyasfresh @fannyasfresh,385.8K,-,Switzerland,Animals Pets,115.7K,tiktok,switzerland,False,2024,Lifestyle,MAPPED,,Animals Pets
50,greeshx @greeshx,384.6K,-,Switzerland,,115.4K,tiktok,switzerland,False,2024,NA,NA,,
51,luxury.habits @luxury.habits,380.4K,0.2%,Switzerland,,114.1K,tiktok,switzerland,False,2024,NA,NA,,
52,Topdeck @topdeck_le_plug,378K,-,Switzerland,Fashion and Accessories,113.4K,tiktok,switzerland,False,2024,Beauty&Fashion,MAPPED,,Fashion and Accessories
53,mash.beffa @mash.beffa,367.8K,-,Switzerland,Fashion and Accessories Beauty and Self Care,110.3K,tiktok,switzerland,False,2024,Beauty&Fashion,MAPPED,,Fashion and Accessories Beauty and Self Care
54,aurélie @holycracks,366.7K,-,Switzerland,,110K,tiktok,switzerland,False,2024,NA,NA,,
55,Gloria Gilbert @gloria.gilbert.fg,366.7K,-,Switzerland,,110K,tiktok,switzerland,False,2024,NA,NA,,
56,swissmeme @swissmeme,364.3K,0.4%,Switzerland,,109.3K,tiktok,switzerland,False,2024,NA,NA,,
57,𝓢𝔀𝓲𝓽𝔃𝓮𝓻𝓵𝓪𝓷𝓭🇨🇭 @sisiswiss,363.9K,-,Switzerland,Nature,109.2K,tiktok,switzerland,False,2024,Lifestyle,MAPPED,,Nature
58,Ivan Spataro @ivan_spataro,359.3K,0.2%,Switzerland,,107.8K,tiktok,switzerland,False,2024,NA,NA,,
59,Udeyfa @udeyfa_officiel,350.7K,0.7%,Switzerland,,105.2K,tiktok,switzerland,False,2024,NA,NA,,
60,</3 brocken @kikimikitikitoki,350.4K,-,Switzerland,,105.1K,tiktok,switzerland,False,2024,NA,NA,,
61,Romain Jacques @romainjacques,332.9K,-,Switzerland,Entertainment and Music,99.9K,tiktok,switzerland,False,2024,Music,MAPPED,,Entertainment and Music
62,Lina Senn @linasophiasenn,331.6K,-,Switzerland,Beauty and Self Care,99.5K,tiktok,switzerland,False,2024,Beauty&Fashion,MAPPED,,Beauty and Self Care
63,🇨 🇭 🇦 🇦 🇳 🇩 👑 @aslichaand,329.7K,-,Switzerland,,98.9K,tiktok,switzerland,False,2024,NA,NA,,
64,Oppi @boy_herm,323.2K,-,Switzerland,,97K,tiktok,switzerland,False,2024,NA,NA,,
65,Beniii <3 @thatbeniii,318.3K,-,Switzerland,,95.5K,tiktok,switzerland,False,2024,NA,NA,,
66,Marco_Swiss_ @marco_schweizer_,317.6K,0.5%,Switzerland,,95.3K,tiktok,switzerland,False,2024,NA,NA,,
67,Monsterking77 @monster.k.7,314.6K,-,Switzerland,Entertainment and Music,94.4K,tiktok,switzerland,False,2024,Music,MAPPED,,Entertainment and Music
68,luzpalokaj @luzpalokaj,313.4K,-,Switzerland,Photography,94K,tiktok,switzerland,False,2024,Lifestyle,MAPPED,,Photography
69,Jarry🤷‍♀️ @larry.gacha.xd,311.7K,-,Switzerland,,93.5K,tiktok,switzerland,False,2024,NA,NA,,
70,huda @huda_swisstravel,307.7K,-,Switzerland,Travel,92.3K,tiktok,switzerland,False,2024,Lifestyle,MAPPED,,Travel
71,NEOH @neohworld,300.2K,0.1%,Switzerland,,90.1K,tiktok,switzerland,False,2024,NA,NA,,
72,Matteo_gnv😈 @matteo.gnve,298.3K,-,Switzerland,,89.5K,tiktok,switzerland,False,2024,NA,NA,,
73,Yiedot @yiedot,292.2K,-,Switzerland,Entertainment and Music,87.7K,tiktok,switzerland,False,2024,Music,MAPPED,,Entertainment and Music
74,TOP BOY 🥷🏾 @lteeddy,288.9K,-,Switzerland,,86.7K,tiktok,switzerland,False,2024,NA,NA,,
75,ᥫ᭡ @blabla_carla,283.9K,-,Switzerland,,85.2K,tiktok,switzerland,False,2024,NA,NA,,
76,emmitaaa:) @emma.ruegg,274.7K,-,Switzerland,,82.4K,tiktok,switzerland,False,2024,NA,NA,,
77,a.f.i.f.s @a.f.i.f.s,267.8K,-,Switzerland,,80.3K,tiktok,switzerland,False,2024,NA,NA,,
78,SuicideSquad @suicidesquad1,266K,-,Switzerland,,79.8K,tiktok,switzerland,False,2024,NA,NA,,
79,Anthony @dreamyxeno,265.5K,0.2%,Switzerland,,79.7K,tiktok,switzerland,False,2024,NA,NA,,
80,Marina Josy @marinajosy,265.2K,-,Switzerland,Beauty and Self Care,79.6K,tiktok,switzerland,False,2024,Beauty&Fashion,MAPPED,,Beauty and Self Care
81,Younes Saggara @younessaggara,265.2K,-,Switzerland,Education Upskilling Entertainment and Music,79.6K,tiktok,switzerland,False,2024,Knowledge&Info,MAPPED,,Education Upskilling Entertainment and Music
82,BSC YOUNG BOYS @bscyb_offiziell,263.8K,-,Switzerland,,79.1K,tiktok,switzerland,False,2024,NA,NA,,
83,Fadia NA @fadia..na2,262K,-,Switzerland,,78.6K,tiktok,switzerland,False,2024,NA,NA,,
84,wadih elcheikh king @wadihelcheikh.king,261.1K,-,Switzerland,,78.3K,tiktok,switzerland,False,2024,NA,NA,,
85,Mae Gomez @maegomeztorices,260.9K,0.1%,Switzerland,,78.3K,tiktok,switzerland,False,2024,NA,NA,,
86,แขพาเที่ยว🇨🇭 @khaekhaitravel,260.3K,-,Switzerland,Travel,78.1K,tiktok,switzerland,False,2024,Lifestyle,MAPPED,,Travel
87,blue Sport @blue.sport,260.2K,-,Switzerland,Sports,78.1K,tiktok,switzerland,False,2024,Sports,MAPPED,,Sports
88,🌸𝕭𝖑𝖔𝖓𝖉𝖎𝖊🌸 @blondiegyal,254K,-,Switzerland,,76.2K,tiktok,switzerland,False,2024,NA,NA,,
89,TikTok @wei5566888,249.6K,1.1%,Switzerland,,74.9K,tiktok,switzerland,False,2024,NA,NA,,
90,Livio:) @stupidx_._fox_._,249.6K,-,Switzerland,,74.9K,tiktok,switzerland,False,2024,NA,NA,,
91,Mr.R @beautif_switzerland,248.9K,0.1%,Switzerland,,74.7K,tiktok,switzerland,False,2024,NA,NA,,
92,V I N C E N Z Ø @vincenzo_le_tiktokeur,246.7K,-,Switzerland,,74K,tiktok,switzerland,False,2024,NA,NA,,
93,Leonard Khalifa @leonard.khalifa,245.6K,-,Switzerland,Entertainment and Music,73.7K,tiktok,switzerland,False,2024,Music,MAPPED,,Entertainment and Music
94,👑💇🏻‍♀️Mamo💇🏻‍♀️👑 @coiffeur_mamo,244.4K,0.1%,Switzerland,,73.3K,tiktok,switzerland,False,2024,NA,NA,,
95,Trung Kê @trungke.ontiktok,243.8K,0.1%,Switzerland,Entertainment and Music,73.1K,tiktok,switzerland,False,2024,Music,MAPPED,,Entertainment and Music
96,✨ 🩸 ArpiMacs 🩸✨ @arpimacs,241.3K,-,Switzerland,,72.4K,tiktok,switzerland,False,2024,NA,NA,,
97,Coii__x1 @coii__x1,240.9K,-,Switzerland,Product Showcase Video Gaming,72.3K,tiktok,switzerland,False,2024,Beauty&Fashion,MAPPED,,Product Showcase Video Gaming
98,Nathii⚡️ @nathistyle,240.1K,-,Switzerland,Food and Drink,72K,tiktok,switzerland,False,2024,Lifestyle,MAPPED,,Food and Drink
99,Gherardo Agnoloni @esgheroooooo,239.6K,-,Switzerland,,71.9K,tiktok,switzerland,False,2024,NA,NA,,
100,Dr. Liv Kraemer @drliv,235.6K,-,Switzerland,Beauty,70.7K,tiktok,switzerland,False,2024,Beauty&Fashion,MAPPED,,Beauty
1,Khabane lame @khaby.lame,161.9M,0.2%,Italy,Funny Entertainment and Music,48.6M,tiktok,thailand,False,2024,Music,MAPPED,,Funny Entertainment and Music
2,Bella Poarch @bellapoarch,92.6M,0.8%,United States,,27.8M,tiktok,thailand,False,2024,NA,NA,,
3,Addison Rae @addisonre,88.5M,1%,United States,Beauty and Self Care,26.6M,tiktok,thailand,False,2024,Beauty&Fashion,MAPPED,,Beauty and Self Care
4,MrBeast @mrbeast,85.4M,4%,,Entertainment and Music,25.6M,tiktok,thailand,False,2024,Music,MAPPED,,Entertainment and Music
5,Zach King @zachking,78.1M,2.9%,United States,Entertainment and Music,23.4M,tiktok,thailand,False,2024,Music,MAPPED,,Entertainment and Music
6,Kimberly Loaiza @kimberly.loaiza,76.1M,1.6%,Mexico,,22.8M,tiktok,thailand,False,2024,NA,NA,,
7,The Rock @therock,74.2M,0.9%,United States,Entertainment and Music Fitness and Health Business and Finance,22.3M,tiktok,thailand,False,2024,Sports,MAPPED,,Entertainment and Music Fitness and Health Business and Finance
8,Will Smith @willsmith,74.1M,0.7%,United States,,22.2M,tiktok,thailand,False,2024,NA,NA,,
9,cznburak @cznburak,72M,0.2%,,,21.6M,tiktok,thailand,False,2024,NA,NA,,
10,Jason Derulo @jasonderulo,58.9M,0.4%,United States,Entertainment and Music,17.7M,tiktok,thailand,False,2024,Music,MAPPED,,Entertainment and Music
11,Kylie Jenner @kyliejenner,56M,3.2%,United States,Beauty and Self Care Fashion and Accessories,16.8M,tiktok,thailand,False,2024,Beauty&Fashion,MAPPED,,Beauty and Self Care Fashion and Accessories
12,Karol G @karolg,51.9M,3.8%,Colombia,Entertainment and Music,15.6M,tiktok,thailand,False,2024,Music,MAPPED,,Entertainment and Music
13,Michael Le @justmaiko,51.4M,-,Vietnam,,15.4M,tiktok,thailand,False,2024,NA,NA,,
14,BTS @bts_official_bighit,51M,1%,,Entertainment and Music,15.3M,tiktok,thailand,False,2024,Music,MAPPED,,Entertainment and Music
15,BILLIE EILISH @billieeilish,51M,-,,,15.3M,tiktok,thailand,False,2024,NA,NA,,
16,JoJo Siwa @itsjojosiwa,45.6M,0.3%,United States,Entertainment and Music,13.7M,tiktok,thailand,False,2024,Music,MAPPED,,Entertainment and Music
17,ESPN @espn,44M,-,,Entertainment and Music,13.2M,tiktok,thailand,False,2024,Music,MAPPED,,Entertainment and Music
18,Junya/じゅんや @junya1gou,42.8M,-,,,12.8M,tiktok,thailand,False,2024,NA,NA,,
19,ХОМЯК @homm9k,42.1M,-,,Fashion and Accessories,12.6M,tiktok,thailand,False,2024,Beauty&Fashion,MAPPED,,Fashion and Accessories
20,XO Team @xoteam,41.4M,-,,Entertainment and Music,12.4M,tiktok,thailand,False,2024,Music,MAPPED,,Entertainment and Music
21,ROD🫠 @elrodcontreras,41.1M,-,,Entertainment and Music,12.3M,tiktok,thailand,False,2024,Music,MAPPED,,Entertainment and Music
22,Joe @joealbanese,40.8M,-,,family Entertainment and Music,12.2M,tiktok,thailand,False,2024,Music,MAPPED,,family Entertainment and Music
23,Gordon Ramsay @gordonramsayofficial,40M,1.1%,United Kingdom,Food,12M,tiktok,thailand,False,2024,Lifestyle,MAPPED,,Food
24,Carlos Feria @carlosferiag,39.2M,-,,,11.8M,tiktok,thailand,False,2024,NA,NA,,
25,ondy mikula @ondymikula,38.8M,-,,,11.6M,tiktok,thailand,False,2024,NA,NA,,
26,Scott 🔥 @scottsreality,38.4M,0.2%,,Entertainment and Music,11.5M,tiktok,thailand,False,2024,Music,MAPPED,,Entertainment and Music
27,Shakira @shakira,38.2M,2%,,,11.5M,tiktok,thailand,False,2024,NA,NA,,
28,Barstool Sports @barstoolsports,36.9M,0.1%,United States,Entertainment and Music Sports,11.1M,tiktok,thailand,False,2024,Sports,MAPPED,,Entertainment and Music Sports
29,James Charles @jamescharles,36.2M,-,United States,Beauty and Self Care Arts and Crafts,10.9M,tiktok,thailand,False,2024,Beauty&Fashion,MAPPED,,Beauty and Self Care Arts and Crafts
30,kyle thomas 🌿 @kylethomas,35.4M,0.1%,,,10.6M,tiktok,thailand,False,2024,NA,NA,,
31,Q Park @qpark,35.2M,-,,,10.6M,tiktok,thailand,False,2024,NA,NA,,
32,GIL CROES @gilmhercroes,35.1M,-,,Entertainment and Music,10.5M,tiktok,thailand,False,2024,Music,MAPPED,,Entertainment and Music
33,Kevin Hart @imkevinhart,34.8M,1.7%,United States,Entertainment and Music,10.4M,tiktok,thailand,False,2024,Music,MAPPED,,Entertainment and Music
34,Kirya Kolesnikov @thekiryalife,34.7M,-,,Entertainment and Music Funny,10.4M,tiktok,thailand,False,2024,Music,MAPPED,,Entertainment and Music Funny
35,arianagrande @arianagrande,34.4M,-,,Entertainment and Music,10.3M,tiktok,thailand,False,2024,Music,MAPPED,,Entertainment and Music
36,Pongámoslo a Prueba @pongamoslo_a_prueba,34.2M,-,,,10.3M,tiktok,thailand,False,2024,NA,NA,,
37,ThatLittlePuff @thatlittlepuff,33.5M,0.6%,,Pets,10.1M,tiktok,thailand,False,2024,Lifestyle,MAPPED,,Pets
38,Montpantoja @montpantoja,33.3M,-,,,10M,tiktok,thailand,False,2024,NA,NA,,
39,Devon Rodriguez @devonrodriguezart,32.1M,0.2%,United States,Arts and Crafts Education Upskilling,9.6M,tiktok,thailand,False,2024,Knowledge&Info,MAPPED,,Arts and Crafts Education Upskilling
40,Bad Bunny @badbunny,31.8M,18.4%,Puerto Rico,,9.5M,tiktok,thailand,False,2024,NA,NA,,
41,Brooke Monk @brookemonk_,31.7M,2.1%,United States,Entertainment and Music Funny,9.5M,tiktok,thailand,False,2024,Music,MAPPED,,Entertainment and Music Funny
42,Indi skovar @indiskovar3.0,31.6M,0.4%,,Entertainment and Music,9.5M,tiktok,thailand,False,2024,Music,MAPPED,,Entertainment and Music
43,Lele Pons @lelepons,31.5M,0.9%,United States,,9.5M,tiktok,thailand,False,2024,NA,NA,,
44,Stokes Twins @stokestwins,31.2M,-,United States,Entertainment and Music,9.4M,tiktok,thailand,False,2024,Music,MAPPED,,Entertainment and Music
45,Kira Kosarin @kirakosarin,31.1M,0.7%,,Entertainment and Music,9.3M,tiktok,thailand,False,2024,Music,MAPPED,,Entertainment and Music
46,La Rosalia @rosalia,30.9M,-,Spain,,9.3M,tiktok,thailand,False,2024,NA,NA,,
47,Alejandro Nieto @soybans,30.4M,-,Colombia,,9.1M,tiktok,thailand,False,2024,NA,NA,,
48,Michel Chavez @its.michhh,30.2M,-,Mexico,,9.1M,tiktok,thailand,False,2024,NA,NA,,
49,Liza Koshy @lizzza,30.2M,-,United States,,9.1M,tiktok,thailand,False,2024,NA,NA,,
50,beca @beca,29.2M,1%,Brazil,Travel,8.8M,tiktok,thailand,False,2024,Lifestyle,MAPPED,,Travel
51,Topper Guild @topperguild,29M,-,United States,Entertainment and Music Celebrity,8.7M,tiktok,thailand,False,2024,Music,MAPPED,,Entertainment and Music Celebrity
52,Ignacia Antonia👑 @ignaciaa_antonia,28.2M,-,Chile,Beauty and Self Care,8.5M,tiktok,thailand,False,2024,Beauty&Fashion,MAPPED,,Beauty and Self Care
53,Camilo @camilo,28M,-,,Entertainment and Music,8.4M,tiktok,thailand,False,2024,Music,MAPPED,,Entertainment and Music
54,Daniel Ibarra @juandaniel.ibarra,27.6M,-,,Entertainment and Music,8.3M,tiktok,thailand,False,2024,Music,MAPPED,,Entertainment and Music
55,시아지우 sia_jiwoo @sia_jiwoo,27.5M,0.2%,South Korea,,8.3M,tiktok,thailand,False,2024,NA,NA,,
56,Lexi Rivera @lexibrookerivera,27.1M,4.5%,,,8.1M,tiktok,thailand,False,2024,NA,NA,,
57,KEEMOKAZI @keemokazi,27M,-,,Entertainment and Music,8.1M,tiktok,thailand,False,2024,Music,MAPPED,,Entertainment and Music
58,psg @psg,26.7M,-,,Sports,8M,tiktok,thailand,False,2024,Sports,MAPPED,,Sports
59,JeisonGiraldo @jeison_giraldo,26.3M,-,,family Romance and Wedding,7.9M,tiktok,thailand,False,2024,Beauty&Fashion,MAPPED,,family Romance and Wedding
60,JeanCarlo Leon @jashlem,26.3M,-,,,7.9M,tiktok,thailand,False,2024,NA,NA,,
61,Jimena @jimena.jimenezr,26.1M,1.2%,,Funny,7.8M,tiktok,thailand,False,2024,Entertainment,MAPPED,,Funny
62,Doja Cat @dojacat,26M,0.1%,United States,Entertainment and Music,7.8M,tiktok,thailand,False,2024,Music,MAPPED,,Entertainment and Music
63,Bader Al Safar @baderalsafar,26M,-,Kuwait,Fashion and Accessories,7.8M,tiktok,thailand,False,2024,Beauty&Fashion,MAPPED,,Fashion and Accessories
64,DAVID DOBRIK @daviddobrik,26M,-,United States,Entertainment and Music Funny,7.8M,tiktok,thailand,False,2024,Music,MAPPED,,Entertainment and Music Funny
65,LARRAY @larrayeeee,25.9M,-,,Entertainment and Music,7.8M,tiktok,thailand,False,2024,Music,MAPPED,,Entertainment and Music
66,Era Ays @era_ays,25.9M,-,,,7.8M,tiktok,thailand,False,2024,NA,NA,,
67,Karla Bustillos ❤️ @karla.bustillos,25.7M,0.1%,,,7.7M,tiktok,thailand,False,2024,NA,NA,,
68,BORREGO @lagranjadelborrego,25.7M,4.6%,,,7.7M,tiktok,thailand,False,2024,NA,NA,,
69,Arnaldo Mangini @arnaldomangini,25.4M,-,,Beauty and Self Care Funny,7.6M,tiktok,thailand,False,2024,Beauty&Fashion,MAPPED,,Beauty and Self Care Funny
70,Jaykindafunny @jaykindafunny8,25.4M,-,,Funny,7.6M,tiktok,thailand,False,2024,Entertainment,MAPPED,,Funny
71,Malu Trevejo @malutrevejo,25.2M,-,,,7.6M,tiktok,thailand,False,2024,NA,NA,,
72,AriGameplays @arigameplays,25.1M,1%,,Games,7.5M,tiktok,thailand,False,2024,Tech&Gaming,MAPPED,,Games
73,Dina @dina,24.9M,0.6%,,,7.5M,tiktok,thailand,False,2024,NA,NA,,
74,DonaldDucc 🦆 @donaldducc,24.7M,-,,Animals,7.4M,tiktok,thailand,False,2024,Lifestyle,MAPPED,,Animals
75,adrilatinatv @adrilatinatv,24.5M,-,,,7.4M,tiktok,thailand,False,2024,NA,NA,,
76,Victor Melo @victormelo,24.5M,-,,,7.4M,tiktok,thailand,False,2024,NA,NA,,
77,Chingu Amiga @chinguamiga,24.1M,-,,Food Beauty and Self Care,7.2M,tiktok,thailand,False,2024,Beauty&Fashion,MAPPED,,Food Beauty and Self Care
78,Terry Crews @terrycrews,24.1M,0.4%,United States,Entertainment and Music Celebrity,7.2M,tiktok,thailand,False,2024,Music,MAPPED,,Entertainment and Music Celebrity
79,The Mannii Show @the_mannii,24M,0.8%,,Entertainment and Music Funny,7.2M,tiktok,thailand,False,2024,Music,MAPPED,,Entertainment and Music Funny
80,Jacob Sartorius @jacobsartorius,23.7M,-,United States,Entertainment and Music,7.1M,tiktok,thailand,False,2024,Music,MAPPED,,Entertainment and Music
81,Luara @luara,23.6M,0.6%,,,7.1M,tiktok,thailand,False,2024,NA,NA,,
82,Nicolle Figueroa @nicollefigueroaa,23.4M,5.1%,,,7M,tiktok,thailand,False,2024,NA,NA,,
83,Ryan Reynolds @vancityreynolds,22.9M,8.5%,Canada,,6.9M,tiktok,thailand,False,2024,NA,NA,,
84,Lauren Godwin @laurengodwin,22.6M,0.3%,United States,Entertainment and Music family,6.8M,tiktok,thailand,False,2024,Music,MAPPED,,Entertainment and Music family
85,mingweirocks @mingweirocks,22.5M,-,,,6.8M,tiktok,thailand,False,2024,NA,NA,,
86,Cardi B @iamcardib,22.4M,8%,,,6.7M,tiktok,thailand,False,2024,NA,NA,,
87,Latiktokeuse869 @latiktokeuse869,22.2M,-,,Funny Entertainment and Music,6.7M,tiktok,thailand,False,2024,Music,MAPPED,,Funny Entertainment and Music
88,Mackenzie Ziegler @mackenzieziegler,22.1M,-,,,6.6M,tiktok,thailand,False,2024,NA,NA,,
89,Lance Stewart @lance210,22.1M,-,United States,Entertainment and Music,6.6M,tiktok,thailand,False,2024,Music,MAPPED,,Entertainment and Music
90,Anitta @anitta,22.1M,0.8%,,,6.6M,tiktok,thailand,False,2024,NA,NA,,
91,Marrkadams @marrkadams,22.1M,-,,,6.6M,tiktok,thailand,False,2024,NA,NA,,
92,ROMINA @rominagafur,22M,0.2%,United States,Entertainment and Music,6.6M,tiktok,thailand,False,2024,Music,MAPPED,,Entertainment and Music
93,창하CHANGHA @chang._.a,22M,-,,,6.6M,tiktok,thailand,False,2024,NA,NA,,
94,josi @jmartineze_,21.9M,-,,Funny,6.6M,tiktok,thailand,False,2024,Entertainment,MAPPED,,Funny
95,Caín Guzmán @cainguzman,21.9M,-,,Entertainment and Music,6.6M,tiktok,thailand,False,2024,Music,MAPPED,,Entertainment and Music
96,Bryce Hall @brycehall,21.5M,-,United States,Entertainment and Music,6.5M,tiktok,thailand,False,2024,Music,MAPPED,,Entertainment and Music
97,온오빠 On Oppa @korea.on,21.5M,-,,Entertainment and Music,6.5M,tiktok,thailand,False,2024,Music,MAPPED,,Entertainment and Music
98,Seany @seandoesmagic,21.3M,-,,,6.4M,tiktok,thailand,False,2024,NA,NA,,
99,Pk @pkllipe,21.3M,2.6%,,,6.4M,tiktok,thailand,False,2024,NA,NA,,
100,The Hype House @thehypehouse,21.1M,-,,Entertainment and Music,6.3M,tiktok,thailand,False,2024,Music,MAPPED,,Entertainment and Music
1,Semiraminta @semiraminta,12.7M,0.4%,Turkey,,3.8M,tiktok,turkey,False,2024,NA,NA,,
2,Çağla Şimşek @caglassimsek,6M,-,Turkey,,1.8M,tiktok,turkey,False,2024,NA,NA,,
3,Tugce Demir @tugcedmr61,5.6M,-,Turkey,Beauty and Self Care,1.7M,tiktok,turkey,False,2024,Beauty&Fashion,MAPPED,,Beauty and Self Care
4,Şırdancı Mehmet @sirdancimehmet,5.6M,-,Turkey,Home and Garden,1.7M,tiktok,turkey,False,2024,Lifestyle,MAPPED,,Home and Garden
5,EDA KÖK @edakok59,5M,2.9%,Turkey,,1.5M,tiktok,turkey,False,2024,NA,NA,,
6,Ece Mumay @ecemumay,3.9M,-,Turkey,Entertainment and Music,1.2M,tiktok,turkey,False,2024,Music,MAPPED,,Entertainment and Music
7,Ahmet Can Dündar @heypoper,3.7M,-,Turkey,,1.1M,tiktok,turkey,False,2024,NA,NA,,
8,AYDA KUTAY @aydakutay,3.6M,-,Turkey,Education Entertainment and Music,1.1M,tiktok,turkey,False,2024,Knowledge&Info,MAPPED,,Education Entertainment and Music
9,Faruk Cheff @faruk_cheff,3.6M,-,Turkey,Food,1.1M,tiktok,turkey,False,2024,Lifestyle,MAPPED,,Food
10,👑 bebetoyildirim 👑 @bebeto.yildirim,3.4M,-,Turkey,,1M,tiktok,turkey,False,2024,NA,NA,,
11,Aslı Güler @asliguler,2.6M,-,Turkey,Entertainment and Music,780K,tiktok,turkey,False,2024,Music,MAPPED,,Entertainment and Music
12,İsmail YK @ismailyk,2.5M,3.6%,Turkey,,750K,tiktok,turkey,False,2024,NA,NA,,
13,Tuğba Güvenir @tugbarones,2.5M,-,Turkey,,750K,tiktok,turkey,False,2024,NA,NA,,
14,𝔢𝔪𝔯𝔞𝔫 𝔡𝔢𝔩i @emomen1_,2.5M,0.3%,Turkey,,750K,tiktok,turkey,False,2024,NA,NA,,
15,DERDO @derdo.00,2.4M,-,Turkey,,720K,tiktok,turkey,False,2024,NA,NA,,
16,TUBA GEÇKİL @redrosecake_tubageckil,2.3M,-,Turkey,Food Arts and Crafts,690K,tiktok,turkey,False,2024,Lifestyle,MAPPED,,Food Arts and Crafts
17,emelrsho @emelrsho20,2.3M,-,Turkey,,690K,tiktok,turkey,False,2024,NA,NA,,
18,Kubra.dagli @kubra.dagli,2.2M,-,Turkey,Sports,660K,tiktok,turkey,False,2024,Sports,MAPPED,,Sports
19,👑 Anıl Diricanlı 👑 @anildiricanli,2.1M,-,Turkey,Entertainment and Music,630K,tiktok,turkey,False,2024,Music,MAPPED,,Entertainment and Music
20,Thịnh Sếu Daily @thinhseu.daily,2M,-,Turkey,Entertainment and Music,600K,tiktok,turkey,False,2024,Music,MAPPED,,Entertainment and Music
21,TARIK YILDIRIM ☑️ @tarik.yldrm21,1.9M,0.1%,Turkey,,570K,tiktok,turkey,False,2024,NA,NA,,
22,ПАПИНА ДОЧКА❤️ @angel_petrova,1.8M,-,Turkey,,540K,tiktok,turkey,False,2024,NA,NA,,
23,🦁 Can Yıldırım 🦁 @_canalf,1.8M,-,Turkey,,540K,tiktok,turkey,False,2024,NA,NA,,
24,Nazan tutal @nazobellm,1.8M,-,Turkey,,540K,tiktok,turkey,False,2024,NA,NA,,
25,Turk Tk @turk_tk,1.8M,-,Turkey,,540K,tiktok,turkey,False,2024,NA,NA,,
26,Yemekneredeyenircom @yemekneredeyenir,1.8M,-,Turkey,,540K,tiktok,turkey,False,2024,NA,NA,,
27,Ayhan Genç @ayhangenc_,1.7M,-,Turkey,,510K,tiktok,turkey,False,2024,NA,NA,,
28,Red Bull Türkiye @redbulltr,1.5M,-,Turkey,,450K,tiktok,turkey,False,2024,NA,NA,,
29,🐾kül_kedisi🐾 @berivan_kara_3478,1.5M,-,Turkey,,450K,tiktok,turkey,False,2024,NA,NA,,
30,Lina Ruess @lina_ruess,1.5M,0.3%,Turkey,Outdoor Activity Sports,450K,tiktok,turkey,False,2024,Sports,MAPPED,,Outdoor Activity Sports
31,✂️ لؤي...الحلاق ✂️ @luay....berber,1.5M,-,Turkey,,450K,tiktok,turkey,False,2024,NA,NA,,
32,KARADENİZLİ MACERACI @karadenizli.maceraci,1.4M,0.1%,Turkey,Outdoor Activity,420K,tiktok,turkey,False,2024,Sports,MAPPED,,Outdoor Activity
33,Nikol YERTUTAN🇹🇷 @nikolyertutann,1.4M,-,Turkey,,420K,tiktok,turkey,False,2024,NA,NA,,
34,يوسف ANSARE @xansarex,1.4M,-,Turkey,,420K,tiktok,turkey,False,2024,NA,NA,,
35,ACAR AİLESİ👨‍👩‍👧‍👧 @aytachalideacar,1.4M,-,Turkey,,420K,tiktok,turkey,False,2024,NA,NA,,
36,YAZI YOLCUSU @yaziyolcusu,1.4M,-,Turkey,,420K,tiktok,turkey,False,2024,NA,NA,,
37,TikTok Türkiye @tiktok_turkey,1.3M,-,Turkey,Entertainment and Music,390K,tiktok,turkey,False,2024,Music,MAPPED,,Entertainment and Music
38,Halil & Hilal @halil10hilal,1.3M,-,Turkey,family,390K,tiktok,turkey,False,2024,Lifestyle,MAPPED,,family
39,YUNUS EMRE @yunusjre,1.3M,-,Turkey,,390K,tiktok,turkey,False,2024,NA,NA,,
40,KENAN ESENBOĞA @kenan.esenboga,1.3M,-,Turkey,Life and Society,390K,tiktok,turkey,False,2024,Knowledge&Info,MAPPED,,Life and Society
41,Elisa @elisadurulayy,1.2M,-,Turkey,,360K,tiktok,turkey,False,2024,NA,NA,,
42,Reşit Zeynelabidin @resit.zn,1.2M,-,Turkey,,360K,tiktok,turkey,False,2024,NA,NA,,
43,mackolik @mackolik,1.2M,0.2%,Turkey,Entertainment and Music Sports,360K,tiktok,turkey,False,2024,Sports,MAPPED,,Entertainment and Music Sports
44,Kemal Çelik @kemalokko.03,1.2M,0.1%,Turkey,,360K,tiktok,turkey,False,2024,NA,NA,,
45,Ömer Çetin @relaxi,1.2M,-,Turkey,,360K,tiktok,turkey,False,2024,NA,NA,,
46,Fatma Sari Zar @fatmasariz,1.2M,0.4%,Turkey,Beauty and Self Care,360K,tiktok,turkey,False,2024,Beauty&Fashion,MAPPED,,Beauty and Self Care
47,muratsungurtekin01 @muratsungurtekin0,1.1M,0.1%,Turkey,Entertainment and Music,330K,tiktok,turkey,False,2024,Music,MAPPED,,Entertainment and Music
48,Istanbuly @istanbuly,1.1M,-,Turkey,,330K,tiktok,turkey,False,2024,NA,NA,,
49,K I R Λ F I N @kirafin_,1.1M,-,Turkey,,330K,tiktok,turkey,False,2024,NA,NA,,
50,Serkan @serkanhk,1.1M,-,Turkey,Entertainment and Music,330K,tiktok,turkey,False,2024,Music,MAPPED,,Entertainment and Music
51,AZAT KIZILTEPE @azatkzltp,1.1M,0.1%,Turkey,,330K,tiktok,turkey,False,2024,NA,NA,,
52,Ayna Jumayeva @aynasofficial,1.1M,-,Turkey,Beauty and Self Care,330K,tiktok,turkey,False,2024,Beauty&Fashion,MAPPED,,Beauty and Self Care
53,Eda Göçmen @edagocmennn1,1.1M,-,Turkey,Education Upskilling,330K,tiktok,turkey,False,2024,Knowledge&Info,MAPPED,,Education Upskilling
54,YT: ARUUU @deputyaruuu,1.1M,-,Turkey,Auto and Vehicles,330K,tiktok,turkey,False,2024,Tech&Gaming,MAPPED,,Auto and Vehicles
55,Bıyıklı Reis @biyiklireis_,1.1M,-,Turkey,,330K,tiktok,turkey,False,2024,NA,NA,,
56,sarem @saremuysal,1.1M,-,Turkey,,330K,tiktok,turkey,False,2024,NA,NA,,
57,İpekdorukoglu @ipekdorukoglu,1M,-,Turkey,,300K,tiktok,turkey,False,2024,NA,NA,,
58,Hasan Yalçuva @hasanyalcuva,999.9K,-,Turkey,,300K,tiktok,turkey,False,2024,NA,NA,,
59,👑zühtü can dağlar👑 @esmeer.x,992.2K,-,Turkey,,297.7K,tiktok,turkey,False,2024,NA,NA,,
60,نبأ شمسي @nabo98,986K,-,Turkey,Beauty,295.8K,tiktok,turkey,False,2024,Beauty&Fashion,MAPPED,,Beauty
61,merveuyanik @merveuyanikonline,980.5K,-,Turkey,,294.2K,tiktok,turkey,False,2024,NA,NA,,
62,🕊️𝐍𝐀𝐃İ𝐑 𝐇𝐀𝐒𝐀𝐍🕊️ @nadir_hasan,978.6K,-,Turkey,,293.6K,tiktok,turkey,False,2024,NA,NA,,
63,Vuk&Aleksandra @vukaleksandra,976.9K,-,Turkey,Fashion and Accessories,293.1K,tiktok,turkey,False,2024,Beauty&Fashion,MAPPED,,Fashion and Accessories
64,muhnad kh @muhnad.kh,975.5K,-,Turkey,,292.7K,tiktok,turkey,False,2024,NA,NA,,
65,Thatsmarwaa @thatsmarwaa,974.3K,-,Turkey,,292.3K,tiktok,turkey,False,2024,NA,NA,,
66,ATESBEY @atesbeyresmi,973K,-,Turkey,,291.9K,tiktok,turkey,False,2024,NA,NA,,
67,Ömer Karakeçi @omerkarakeci,972.8K,-,Turkey,,291.8K,tiktok,turkey,False,2024,NA,NA,,
68,Ecenaz Üçer @ecenazucer,971.3K,-,Turkey,,291.4K,tiktok,turkey,False,2024,NA,NA,,
69,🌸 @skinbyelik,970.1K,-,Turkey,,291K,tiktok,turkey,False,2024,NA,NA,,
70,İrem Pekür @irempkrr,968.4K,-,Turkey,,290.5K,tiktok,turkey,False,2024,NA,NA,,
71,ℍ𝕖𝕝𝕚𝕩𝕠 @toxic_helixo,968K,-,Turkey,,290.4K,tiktok,turkey,False,2024,NA,NA,,
72,Taha ERDOĞAN @tahaerdogaan,965.7K,0.2%,Turkey,,289.7K,tiktok,turkey,False,2024,NA,NA,,
73,leylaa_gunay @leylaa_gunay,965K,-,Turkey,,289.5K,tiktok,turkey,False,2024,NA,NA,,
74,özge @piisicik,963.1K,-,Turkey,,288.9K,tiktok,turkey,False,2024,NA,NA,,
75,Mahmoudkaya @kaysokayas,960.1K,-,Turkey,,288K,tiktok,turkey,False,2024,NA,NA,,
76,🥀 @pupilla2,954.8K,-,Turkey,,286.4K,tiktok,turkey,False,2024,NA,NA,,
77,🦄ELIF BAYRAK🦄 @eliifbayrak,953.8K,-,Turkey,Acting and Drama,286.1K,tiktok,turkey,False,2024,Entertainment,MAPPED,,Acting and Drama
78,Aziza @mynameisaziza,953.8K,-,Turkey,,286.1K,tiktok,turkey,False,2024,NA,NA,,
79,Mini Atölyem @mini.atolyemm,949.8K,0.1%,Turkey,,284.9K,tiktok,turkey,False,2024,NA,NA,,
80,ÇAPANOĞLU @turker_capanoglu,946.7K,-,Turkey,,284K,tiktok,turkey,False,2024,NA,NA,,
81,ABDULKADIR_FETTAL @kikakiim_k2,942.7K,-,Turkey,,282.8K,tiktok,turkey,False,2024,NA,NA,,
82,ASHLY🦋 @pubg.ashly,941.9K,0.1%,Turkey,,282.6K,tiktok,turkey,False,2024,NA,NA,,
83,ALEYNA & EMİRHAN @alynemrhn,937.4K,0.3%,Turkey,Entertainment and Music,281.2K,tiktok,turkey,False,2024,Music,MAPPED,,Entertainment and Music
84,Aydın Erol @erol_emlak_,934.2K,-,Turkey,Home and Garden,280.3K,tiktok,turkey,False,2024,Lifestyle,MAPPED,,Home and Garden
85,Sefa Kındır @sefakindirtr,934.2K,0.1%,Turkey,,280.3K,tiktok,turkey,False,2024,NA,NA,,
86,Petrocetin @petrocetin,931.6K,-,Turkey,,279.5K,tiktok,turkey,False,2024,NA,NA,,
87,Onur Topuzlar @future_onur,930.8K,-,Turkey,,279.2K,tiktok,turkey,False,2024,NA,NA,,
88,aslikaya @aslikaya,929.6K,-,Turkey,,278.9K,tiktok,turkey,False,2024,NA,NA,,
89,DERYA KIYMAZ @deryakymz14,928.9K,-,Turkey,Beauty,278.7K,tiktok,turkey,False,2024,Beauty&Fashion,MAPPED,,Beauty
90,Hüseyn İsmayılov 🇦🇿 @dt_ismayilov_,927K,-,Turkey,,278.1K,tiktok,turkey,False,2024,NA,NA,,
91,ghofran riad @foofamarka,926.6K,0.1%,Turkey,,278K,tiktok,turkey,False,2024,NA,NA,,
92,Sevilay algül @sevilayalgull,926.5K,-,Turkey,,278K,tiktok,turkey,False,2024,NA,NA,,
93,عبدالله الأزهر👑✅ @abdullahalazhr,925.9K,-,Turkey,,277.8K,tiktok,turkey,False,2024,NA,NA,,
94,Bora Cenk @boracenk01,923.6K,-,Turkey,,277.1K,tiktok,turkey,False,2024,NA,NA,,
95,Berke Abraş @berkeabras,917.6K,-,Turkey,Entertainment and Music,275.3K,tiktok,turkey,False,2024,Music,MAPPED,,Entertainment and Music
96,MinnieMouse_toota @shirin_bahman,914.4K,-,Turkey,Fashion Beauty,274.3K,tiktok,turkey,False,2024,Beauty&Fashion,MAPPED,,Fashion Beauty
97,Baran Özbay @baranjre,913K,0.1%,Turkey,,273.9K,tiktok,turkey,False,2024,NA,NA,,
98,SİLAA @silagnay,910.2K,-,Turkey,Entertainment and Music,273.1K,tiktok,turkey,False,2024,Music,MAPPED,,Entertainment and Music
99,TalhaB @talhabatdal,909.5K,0.2%,Turkey,,272.9K,tiktok,turkey,False,2024,NA,NA,,
100,Muhammed & Malika @muhammedmalika,903.3K,-,Turkey,Entertainment and Music,271K,tiktok,turkey,False,2024,Music,MAPPED,,Entertainment and Music
1,❣️Sky & Tami❣️ @skyandtami,14.8M,-,Ukraine,,4.4M,tiktok,ukraine,False,2024,NA,NA,,
2,nnotochka @nnotochka,6.3M,-,Ukraine,Beauty and Self Care,1.9M,tiktok,ukraine,False,2024,Beauty&Fashion,MAPPED,,Beauty and Self Care
3,Elis Stone @elis.stone,4.6M,-,Ukraine,Entertainment and Music,1.4M,tiktok,ukraine,False,2024,Music,MAPPED,,Entertainment and Music
4,RepNickTV @repnicktv,4.5M,-,Ukraine,,1.4M,tiktok,ukraine,False,2024,NA,NA,,
5,😇EGOR🧲 @malibash,4.4M,-,Ukraine,,1.3M,tiktok,ukraine,False,2024,NA,NA,,
6,milomanheim @milomanheim,3.9M,0.1%,Ukraine,,1.2M,tiktok,ukraine,False,2024,NA,NA,,
7,Миша Городецкий @mishayoung,3.8M,0.3%,Ukraine,,1.1M,tiktok,ukraine,False,2024,NA,NA,,
8,Sasha @hava.off,3.7M,-,Ukraine,,1.1M,tiktok,ukraine,False,2024,NA,NA,,
9,HUSMUT @husmut,3.6M,-,Ukraine,,1.1M,tiktok,ukraine,False,2024,NA,NA,,
10,ДЮХА?!🧬 @dux.a_,3.2M,-,Ukraine,,960K,tiktok,ukraine,False,2024,NA,NA,,
11,Лера @le_peshka,2.9M,-,Ukraine,,870K,tiktok,ukraine,False,2024,NA,NA,,
12,ASMR💓 FUN 💓UKRAINE💓 @likapikka,2.9M,-,Ukraine,,870K,tiktok,ukraine,False,2024,NA,NA,,
13,Mv Ryhan @mvryhan,2.9M,-,Ukraine,,870K,tiktok,ukraine,False,2024,NA,NA,,
14,WINNI🇺🇦 @winnidesigns,2.7M,-,Ukraine,Romance and Wedding,810K,tiktok,ukraine,False,2024,Beauty&Fashion,MAPPED,,Romance and Wedding
15,Анна Тринчер @annatrincher,2.4M,-,Ukraine,Entertainment and Music,720K,tiktok,ukraine,False,2024,Music,MAPPED,,Entertainment and Music
16,BabyBunny @babybunny22,2.3M,0.1%,Ukraine,Pets,690K,tiktok,ukraine,False,2024,Lifestyle,MAPPED,,Pets
17,Волошин Александр @voloshyn_97,2.1M,-,Ukraine,,630K,tiktok,ukraine,False,2024,NA,NA,,
18,Yan Luiko @llluiko,2M,0.1%,Ukraine,Games,600K,tiktok,ukraine,False,2024,Tech&Gaming,MAPPED,,Games
19,Ваня Дмитриенко @vanya_dmitrienkoo,1.9M,-,Ukraine,Entertainment and Music,570K,tiktok,ukraine,False,2024,Music,MAPPED,,Entertainment and Music
20,Demian Volkov 🇺🇦 @demianvolkov,1.9M,-,Ukraine,,570K,tiktok,ukraine,False,2024,NA,NA,,
21,ЛиЗкА ШуЛьГа🤪 @lizaa.meli,1.6M,-,Ukraine,,480K,tiktok,ukraine,False,2024,NA,NA,,
22,SLAVA UKRAINI @useyourfingerss,1.5M,-,Ukraine,,450K,tiktok,ukraine,False,2024,NA,NA,,
23,Игорь Моряк @rybakov_igor,1.4M,-,Ukraine,Finance,420K,tiktok,ukraine,False,2024,Knowledge&Info,MAPPED,,Finance
24,Андрій Кулик @galin.andriy,1.2M,-,Ukraine,,360K,tiktok,ukraine,False,2024,NA,NA,,
25,Марина Дорн @marina.dorn,1.1M,0.7%,Ukraine,,330K,tiktok,ukraine,False,2024,NA,NA,,
26,Денис Turbik @turbik_,1.1M,-,Ukraine,,330K,tiktok,ukraine,False,2024,NA,NA,,
27,Снежана Винниченко @snegga_vinni,1.1M,-,Ukraine,,330K,tiktok,ukraine,False,2024,NA,NA,,
28,eva @evadubovitskayaa,1.1M,-,Ukraine,,330K,tiktok,ukraine,False,2024,NA,NA,,
29,YarikPaw @theyarikpaw,1.1M,5%,Ukraine,,330K,tiktok,ukraine,False,2024,NA,NA,,
30,a.samarcev @a.samarcev,1.1M,0.1%,Ukraine,,330K,tiktok,ukraine,False,2024,NA,NA,,
31,Кристина Рожкова 🇺🇦 @chrismee_ro,1.1M,-,Ukraine,,330K,tiktok,ukraine,False,2024,NA,NA,,
32,🦩IKSTINA🦩 @ikstina,1.1M,-,Ukraine,,330K,tiktok,ukraine,False,2024,NA,NA,,
33,olya_pobigailo @olya_pobigailo,1M,-,Ukraine,,300K,tiktok,ukraine,False,2024,NA,NA,,
34,Daria Mayorova @dashatm19_,1M,-,Ukraine,Fashion and Accessories,300K,tiktok,ukraine,False,2024,Beauty&Fashion,MAPPED,,Fashion and Accessories
35,Даша @makogon.dasha,985.8K,-,Ukraine,,295.7K,tiktok,ukraine,False,2024,NA,NA,,
36,Tary @taras_povoroznyk,985.4K,-,Ukraine,Education,295.6K,tiktok,ukraine,False,2024,Knowledge&Info,MAPPED,,Education
37,NAZARKA_18➕ @nazivin00,977.5K,-,Ukraine,,293.3K,tiktok,ukraine,False,2024,NA,NA,,
38,Просто Шурик @teran1t,968.7K,-,Ukraine,,290.6K,tiktok,ukraine,False,2024,NA,NA,,
39,ОЛИНКА @alinoises,964.1K,-,Ukraine,,289.2K,tiktok,ukraine,False,2024,NA,NA,,
40,Кристина @tinchik__,958.6K,-,Ukraine,Art,287.6K,tiktok,ukraine,False,2024,Lifestyle,MAPPED,,Art
41,Presidentniki curve model @presidentniki,948.7K,-,Ukraine,Fashion and Accessories,284.6K,tiktok,ukraine,False,2024,Beauty&Fashion,MAPPED,,Fashion and Accessories
42,Anatoliy Dobrovolskiy @dobrovolskiy_hchef,946K,0.4%,Ukraine,,283.8K,tiktok,ukraine,False,2024,NA,NA,,
43,J @nicolee.aep,940.5K,0.2%,Ukraine,,282.2K,tiktok,ukraine,False,2024,NA,NA,,
44,Ivanna @yosoy_ivanna,939.7K,-,Ukraine,,281.9K,tiktok,ukraine,False,2024,NA,NA,,
45,Abrekc @abreck_official,935.7K,-,Ukraine,,280.7K,tiktok,ukraine,False,2024,NA,NA,,
46,МАРИК @marikbey,925.2K,-,Ukraine,,277.6K,tiktok,ukraine,False,2024,NA,NA,,
47,Nikolas🎅🏻 @malchyn_27,898.3K,-,Ukraine,,269.5K,tiktok,ukraine,False,2024,NA,NA,,
48,luna & glebbb @glebiluna,896.5K,-,Ukraine,,269K,tiktok,ukraine,False,2024,NA,NA,,
49,Трафареты.Антон DFA.Stencils @anton_dfa_decor_for_all,895K,-,Ukraine,Arts and Crafts,268.5K,tiktok,ukraine,False,2024,Lifestyle,MAPPED,,Arts and Crafts
50,Kakashi Hatake @shinobi_cosplay,887.4K,-,Ukraine,,266.2K,tiktok,ukraine,False,2024,NA,NA,,
51,❤️ТОШЕЧКА❤️ @top4uuuk,881.8K,-,Ukraine,,264.5K,tiktok,ukraine,False,2024,NA,NA,,
52,Candy Superstar @candy.superstar,879.1K,-,Ukraine,,263.7K,tiktok,ukraine,False,2024,NA,NA,,
53,Нова Мрія🇺🇦 @karlos.tramble,876.7K,-,Ukraine,Education Funny,263K,tiktok,ukraine,False,2024,Knowledge&Info,MAPPED,,Education Funny
54,Tetiana Skalozub @tsminibears,868.4K,-,Ukraine,,260.5K,tiktok,ukraine,False,2024,NA,NA,,
55,Anastasia-Maria 👼🏼 @anasteiji,867.8K,-,Ukraine,,260.3K,tiktok,ukraine,False,2024,NA,NA,,
56,Netflixclips🔥 @ubiiinetflix,849.8K,-,Ukraine,,254.9K,tiktok,ukraine,False,2024,NA,NA,,
57,Илюшка Ilushka @ilushkav2,845.9K,-,Ukraine,,253.8K,tiktok,ukraine,False,2024,NA,NA,,
58,Zaitcev_Artem @zaitcev_artem,840.3K,-,Ukraine,,252.1K,tiktok,ukraine,False,2024,NA,NA,,
59,kate musmova @kate.musmova,839.7K,-,Ukraine,Beauty and Self Care,251.9K,tiktok,ukraine,False,2024,Beauty&Fashion,MAPPED,,Beauty and Self Care
60,BUSYA😸 @igor_kvas1,834.6K,-,Ukraine,Pets,250.4K,tiktok,ukraine,False,2024,Lifestyle,MAPPED,,Pets
61,💗your wallpaper💘 @wallpaesthetic,829.8K,-,Ukraine,,248.9K,tiktok,ukraine,False,2024,NA,NA,,
62,юля ёпт🗿🤍 @snowy_girll,829.6K,-,Ukraine,,248.9K,tiktok,ukraine,False,2024,NA,NA,,
63,Адвокат Соловьёв @lawyersolo,826.8K,-,Ukraine,,248K,tiktok,ukraine,False,2024,NA,NA,,
64,825.7k @lllove.smaile,826.2K,-,Ukraine,,247.9K,tiktok,ukraine,False,2024,NA,NA,,
65,Пчела 🐝 @pchelaman,821.6K,-,Ukraine,Entertainment and Music,246.5K,tiktok,ukraine,False,2024,Music,MAPPED,,Entertainment and Music
66,evanormous @evanormous,820.8K,-,Ukraine,,246.2K,tiktok,ukraine,False,2024,NA,NA,,
67,💕ASMR💕 @asmr_kto,819.5K,-,Ukraine,,245.9K,tiktok,ukraine,False,2024,NA,NA,,
68,KAREENA @kareenamusic,812.2K,-,Ukraine,Entertainment and Music,243.7K,tiktok,ukraine,False,2024,Music,MAPPED,,Entertainment and Music
69,SASHA @barbara_streyzand,812K,-,Ukraine,,243.6K,tiktok,ukraine,False,2024,NA,NA,,
70,SAFARI @safari_the_real_one,811.3K,-,Ukraine,,243.4K,tiktok,ukraine,False,2024,NA,NA,,
71,BUTS @butsandrey,809.2K,-,Ukraine,,242.8K,tiktok,ukraine,False,2024,NA,NA,,
72,👽ВоробушеК👾 @sditsa,804.5K,-,Ukraine,,241.4K,tiktok,ukraine,False,2024,NA,NA,,
73,stella @aeqshvt,798.2K,0.2%,Ukraine,,239.5K,tiktok,ukraine,False,2024,NA,NA,,
74,Sussy Baka @justhatsussybaka,789.4K,-,Ukraine,,236.8K,tiktok,ukraine,False,2024,NA,NA,,
75,Dima Koah @dimakoah,789K,-,Ukraine,,236.7K,tiktok,ukraine,False,2024,NA,NA,,
76,Vibing with 786k penguins @penguin.....vibes,786.3K,-,Ukraine,,235.9K,tiktok,ukraine,False,2024,NA,NA,,
77,🅾🅻🅻🅸🅽🅸🅲🅷 @ollinich,785K,-,Ukraine,,235.5K,tiktok,ukraine,False,2024,NA,NA,,
78,Elizabeth Anorue @llleasy,783.1K,-,Ukraine,,234.9K,tiktok,ukraine,False,2024,NA,NA,,
79,FruFruASMR @frufruasmr,782.2K,-,Ukraine,,234.7K,tiktok,ukraine,False,2024,NA,NA,,
80,💜🥰 Костичка 🥰💜 @kievskyyy,779.8K,-,Ukraine,,233.9K,tiktok,ukraine,False,2024,NA,NA,,
81,Виктор @_lilvi__,776.9K,-,Ukraine,Entertainment and Music,233.1K,tiktok,ukraine,False,2024,Music,MAPPED,,Entertainment and Music
82,Айли @aili7143,772.9K,-,Ukraine,,231.9K,tiktok,ukraine,False,2024,NA,NA,,
83,Joey @joey.bailey,771.8K,0.1%,Ukraine,Education,231.5K,tiktok,ukraine,False,2024,Knowledge&Info,MAPPED,,Education
84,Алло @allo.official,771.2K,-,Ukraine,,231.4K,tiktok,ukraine,False,2024,NA,NA,,
85,🇺🇦 @sweetser,770.4K,-,Ukraine,,231.1K,tiktok,ukraine,False,2024,NA,NA,,
86,МАША И ЕЁ МАМАША @zolotareva_tt,762.2K,-,Ukraine,,228.7K,tiktok,ukraine,False,2024,NA,NA,,
87,RonnyRait @ronnyrait,758.4K,-,Ukraine,,227.5K,tiktok,ukraine,False,2024,NA,NA,,
88,🍀 АНДРЮШЕЧКА 🍀 @ostapyuk_andriy,751.6K,-,Ukraine,,225.5K,tiktok,ukraine,False,2024,NA,NA,,
89,Daniella✌️ @s.k.daniella,750.8K,-,Ukraine,,225.2K,tiktok,ukraine,False,2024,NA,NA,,
90,Mik✅ @mik___kor,748.2K,-,Ukraine,,224.5K,tiktok,ukraine,False,2024,NA,NA,,
91,mary.lvk_ @mary.lvk_,740.7K,-,Ukraine,Entertainment and Music,222.2K,tiktok,ukraine,False,2024,Music,MAPPED,,Entertainment and Music
92,B🐝 @brooklynpaigeflamm,740.6K,-,Ukraine,,222.2K,tiktok,ukraine,False,2024,NA,NA,,
93,Александр Дрёмов @dremow70,739.1K,-,Ukraine,,221.7K,tiktok,ukraine,False,2024,NA,NA,,
94,Карманный Лев 🦁💣☝️ @serg0_kenny,730K,-,Ukraine,,219K,tiktok,ukraine,False,2024,NA,NA,,
95,Юля Жежера @yulia_zhezhera,723.2K,-,Ukraine,,217K,tiktok,ukraine,False,2024,NA,NA,,
96,SC @soniachrn,709.9K,-,Ukraine,,213K,tiktok,ukraine,False,2024,NA,NA,,
97,Англійська 🇺🇸Катя Іммортал @immortal_kate,707.4K,-,Ukraine,,212.2K,tiktok,ukraine,False,2024,NA,NA,,
98,GAVADZINHO @gavadzinho,704.9K,0.2%,Ukraine,,211.5K,tiktok,ukraine,False,2024,NA,NA,,
99,Dr Radion @dr_radion,701.5K,0.5%,Ukraine,,210.5K,tiktok,ukraine,False,2024,NA,NA,,
100,Ярик Кент @yarik_kent_yt,699.7K,0.1%,Ukraine,,209.9K,tiktok,ukraine,False,2024,NA,NA,,
1,nourmar5 @nourmar5,14.5M,0.2%,United Arab Emirates,,4.4M,tiktok,united-arab-emirates,False,2024,NA,NA,,
2,INSTASAMKA @samkamusic,13.2M,-,United Arab Emirates,Entertainment and Music,4M,tiktok,united-arab-emirates,False,2024,Music,MAPPED,,Entertainment and Music
3,ميتو الشامسي @iimeeto,12.6M,-,United Arab Emirates,,3.8M,tiktok,united-arab-emirates,False,2024,NA,NA,,
4,sunny kalra @sunny_kalra55,12.3M,-,United Arab Emirates,,3.7M,tiktok,united-arab-emirates,False,2024,NA,NA,,
5,Faryal 🧚🏻♀️ @faryal_fairyyy,9.8M,-,United Arab Emirates,,2.9M,tiktok,united-arab-emirates,False,2024,NA,NA,,
6,Milaadk @milaadkmagic,6.1M,-,United Arab Emirates,,1.8M,tiktok,united-arab-emirates,False,2024,NA,NA,,
7,Amar&Rim @amar.rim,4.5M,-,United Arab Emirates,,1.4M,tiktok,united-arab-emirates,False,2024,NA,NA,,
8,Elena elSabbagh @elenaelsabbagh,4.5M,-,United Arab Emirates,,1.4M,tiktok,united-arab-emirates,False,2024,NA,NA,,
9,MBC1 @mbc1,3.6M,-,United Arab Emirates,Entertainment and Music,1.1M,tiktok,united-arab-emirates,False,2024,Music,MAPPED,,Entertainment and Music
10,Elena Akbik @akbikelena,3.6M,-,United Arab Emirates,Fashion and Accessories Product Showcase,1.1M,tiktok,united-arab-emirates,False,2024,Beauty&Fashion,MAPPED,,Fashion and Accessories Product Showcase
11,كوتش بيان 💪🏼 @bayan.dxb,3.4M,-,United Arab Emirates,,1M,tiktok,united-arab-emirates,False,2024,NA,NA,,
12,niginaa1__❤️ @niginn_,3.1M,-,United Arab Emirates,,930K,tiktok,united-arab-emirates,False,2024,NA,NA,,
13,MiMo مريم جورج @mimogeorge,3M,-,United Arab Emirates,,900K,tiktok,united-arab-emirates,False,2024,NA,NA,,
14,الأب الفرفوش @khaledelcapitano0,3M,-,United Arab Emirates,,900K,tiktok,united-arab-emirates,False,2024,NA,NA,,
15,OSHA SALAH @sherifeldahshoury,2.7M,-,United Arab Emirates,,810K,tiktok,united-arab-emirates,False,2024,NA,NA,,
16,محمد جواني @mohamad_gwani,2.6M,-,United Arab Emirates,,780K,tiktok,united-arab-emirates,False,2024,NA,NA,,
17,Rumi Munawar @rumiuae,2.5M,-,United Arab Emirates,Education,750K,tiktok,united-arab-emirates,False,2024,Knowledge&Info,MAPPED,,Education
18,Lana Rose @lana.rose786,2.2M,-,United Arab Emirates,Fashion and Accessories Entertainment and Music,660K,tiktok,united-arab-emirates,False,2024,Beauty&Fashion,MAPPED,,Fashion and Accessories Entertainment and Music
19,Mustafa kamal @mustafa_kamal13,2.1M,-,United Arab Emirates,Photography,630K,tiktok,united-arab-emirates,False,2024,Lifestyle,MAPPED,,Photography
20,Shemsou-bnb @shemsou_bnb,2M,-,United Arab Emirates,Travel Outdoor Activity,600K,tiktok,united-arab-emirates,False,2024,Sports,MAPPED,,Travel Outdoor Activity
21,Hamza Aly @hamzaalyofficial,2M,-,United Arab Emirates,,600K,tiktok,united-arab-emirates,False,2024,NA,NA,,
22,Saima H Rajput @saima.uae,2M,-,United Arab Emirates,Funny,600K,tiktok,united-arab-emirates,False,2024,Entertainment,MAPPED,,Funny
23,Hadia Ghaleb @hadiaghaleb,1.8M,-,United Arab Emirates,Fashion and Accessories Travel,540K,tiktok,united-arab-emirates,False,2024,Beauty&Fashion,MAPPED,,Fashion and Accessories Travel
24,Abdulla 🇦🇪 @hh_abdullah,1.8M,-,United Arab Emirates,,540K,tiktok,united-arab-emirates,False,2024,NA,NA,,
25,Mohamad_hayat @mohamad_hayat,1.6M,-,United Arab Emirates,,480K,tiktok,united-arab-emirates,False,2024,NA,NA,,
26,Alba Dubai✌️ @albadubai,1.5M,-,United Arab Emirates,Entertainment and Music Funny,450K,tiktok,united-arab-emirates,False,2024,Music,MAPPED,,Entertainment and Music Funny
27,VIP Motors @vipmotorsuae,1.5M,-,United Arab Emirates,,450K,tiktok,united-arab-emirates,False,2024,NA,NA,,
28,Nidhi Kumar @nidhikumardance,1.3M,-,United Arab Emirates,Entertainment and Music,390K,tiktok,united-arab-emirates,False,2024,Music,MAPPED,,Entertainment and Music
29,remiesalloum @remiesalloum,1.2M,-,United Arab Emirates,Entertainment and Music,360K,tiktok,united-arab-emirates,False,2024,Music,MAPPED,,Entertainment and Music
30,MBC Drama @mbcdrama,1.2M,-,United Arab Emirates,Acting and Drama,360K,tiktok,united-arab-emirates,False,2024,Entertainment,MAPPED,,Acting and Drama
31,خـــــــــــــ130ــــــــلدون @khaldoun130,1.2M,-,United Arab Emirates,,360K,tiktok,united-arab-emirates,False,2024,NA,NA,,
32,Andreas @mynameisandreas,1.1M,-,United Arab Emirates,Travel Entertainment and Music,330K,tiktok,united-arab-emirates,False,2024,Music,MAPPED,,Travel Entertainment and Music
33,د.أشرف العسال | Ashraf Elassal @dr.ashrafelassal,1.1M,-,United Arab Emirates,,330K,tiktok,united-arab-emirates,False,2024,NA,NA,,
34,Zayn.shahh @zayn.shahh,1.1M,-,United Arab Emirates,Fashion and Accessories,330K,tiktok,united-arab-emirates,False,2024,Beauty&Fashion,MAPPED,,Fashion and Accessories
35,Kareem_afghani @mr_kareem,1M,-,United Arab Emirates,Arts and Crafts,300K,tiktok,united-arab-emirates,False,2024,Lifestyle,MAPPED,,Arts and Crafts
36,توماس شيلبي @tooms7,1M,-,United Arab Emirates,,300K,tiktok,united-arab-emirates,False,2024,NA,NA,,
37,Czn Burak Dubai @cznburakdubai,983.9K,0.1%,United Arab Emirates,,295.2K,tiktok,united-arab-emirates,False,2024,NA,NA,,
38,Beki’s world @beki_ksri,978.9K,-,United Arab Emirates,,293.7K,tiktok,united-arab-emirates,False,2024,NA,NA,,
39,Dhanya S Rajesh💫 @helen_of_sparta,978.2K,-,United Arab Emirates,,293.5K,tiktok,united-arab-emirates,False,2024,NA,NA,,
40,Shd.208 @shd.208,963.5K,-,United Arab Emirates,,289.1K,tiktok,united-arab-emirates,False,2024,NA,NA,,
41,Bin.salayem alketbi @dubai.a,961.6K,-,United Arab Emirates,,288.5K,tiktok,united-arab-emirates,False,2024,NA,NA,,
42,Saim Shah @cutiesaim,920.3K,-,United Arab Emirates,,276.1K,tiktok,united-arab-emirates,False,2024,NA,NA,,
43,محمد حراجلي @mohammad.harajli,918.7K,0.2%,United Arab Emirates,Health and Medical Services,275.6K,tiktok,united-arab-emirates,False,2024,Knowledge&Info,MAPPED,,Health and Medical Services
44,It's Oza @its_oza,917.2K,0.1%,United Arab Emirates,,275.2K,tiktok,united-arab-emirates,False,2024,NA,NA,,
45,Maanu Malik @maanumalikofficial,897.4K,-,United Arab Emirates,,269.2K,tiktok,united-arab-emirates,False,2024,NA,NA,,
46,THICK FIBER @thick.fiber,895.9K,-,United Arab Emirates,Beauty and Self Care Product Education,268.8K,tiktok,united-arab-emirates,False,2024,Beauty&Fashion,MAPPED,,Beauty and Self Care Product Education
47,Shaikh Annie @shaikh_annie,874.1K,-,United Arab Emirates,,262.2K,tiktok,united-arab-emirates,False,2024,NA,NA,,
48,Naseem El Ramlawy @learnarabic_with_naseem,868.2K,-,United Arab Emirates,Education,260.5K,tiktok,united-arab-emirates,False,2024,Knowledge&Info,MAPPED,,Education
49,Tokyo Phone @tokyo_phone,867.3K,-,United Arab Emirates,,260.2K,tiktok,united-arab-emirates,False,2024,NA,NA,,
50,Khalid HussainAnfar @khalidanfar_,863.6K,-,United Arab Emirates,Beauty and Self Care,259.1K,tiktok,united-arab-emirates,False,2024,Beauty&Fashion,MAPPED,,Beauty and Self Care
51,𝑵𝑼𝑺𝑨𝑺𝑨𝑵𝑼 @nusasanu,862.7K,0.2%,United Arab Emirates,,258.8K,tiktok,united-arab-emirates,False,2024,NA,NA,,
52,🌚🇦🇪 @a_0_11,857.6K,0.3%,United Arab Emirates,,257.3K,tiktok,united-arab-emirates,False,2024,NA,NA,,
53,Museum Of Illusions Dubai @museumofillusionsdubai,849.4K,-,United Arab Emirates,,254.8K,tiktok,united-arab-emirates,False,2024,NA,NA,,
54,Guddu & Papa @guddu_and_papa,846.9K,0.1%,United Arab Emirates,Entertainment and Music family,254.1K,tiktok,united-arab-emirates,False,2024,Music,MAPPED,,Entertainment and Music family
55,وصفات لونا 💓 @luna.recipes,845.8K,-,United Arab Emirates,,253.7K,tiktok,united-arab-emirates,False,2024,NA,NA,,
56,RaniaAli @raniaalitv,838.3K,-,United Arab Emirates,Entertainment and Music Fashion and Accessories,251.5K,tiktok,united-arab-emirates,False,2024,Beauty&Fashion,MAPPED,,Entertainment and Music Fashion and Accessories
57,Lusan Khan @lusankhan,833.3K,-,United Arab Emirates,Fitness,250K,tiktok,united-arab-emirates,False,2024,Sports,MAPPED,,Fitness
58,اليوتيوبر بارمنه GAMING @56.h5,832.4K,-,United Arab Emirates,,249.7K,tiktok,united-arab-emirates,False,2024,NA,NA,,
59,الزعيم 🇦🇪 @naif__63,830.8K,-,United Arab Emirates,,249.2K,tiktok,united-arab-emirates,False,2024,NA,NA,,
60,BAZ @bazstation,829K,-,United Arab Emirates,,248.7K,tiktok,united-arab-emirates,False,2024,NA,NA,,
61,Khaled @200zzz,828.5K,0.2%,United Arab Emirates,,248.6K,tiktok,united-arab-emirates,False,2024,NA,NA,,
62,Mohamed Samir Dubaiمحمد سمير @mohamedsamirdubai,826.9K,-,United Arab Emirates,Health and Medical Services,248.1K,tiktok,united-arab-emirates,False,2024,Knowledge&Info,MAPPED,,Health and Medical Services
63,AboFalah_أبو فله @aboflah______1,826.5K,-,United Arab Emirates,,248K,tiktok,united-arab-emirates,False,2024,NA,NA,,
64,swathi1997🥀 @swathie_,826.5K,-,United Arab Emirates,Travel,248K,tiktok,united-arab-emirates,False,2024,Lifestyle,MAPPED,,Travel
65,anakrantau255 @anakrantau255,822.9K,-,United Arab Emirates,,246.9K,tiktok,united-arab-emirates,False,2024,NA,NA,,
66,محبوبة اليمن سفيرة الرحمة💕 @mahbubatalyaman.uae,820.7K,-,United Arab Emirates,,246.2K,tiktok,united-arab-emirates,False,2024,NA,NA,,
67,R and A @indhay_14,813.9K,-,United Arab Emirates,,244.2K,tiktok,united-arab-emirates,False,2024,NA,NA,,
68,HaDen CH @haden_ch,811.2K,-,United Arab Emirates,Entertainment and Music,243.4K,tiktok,united-arab-emirates,False,2024,Music,MAPPED,,Entertainment and Music
69,Saif Belhasa @sb_belhasa,810.1K,-,United Arab Emirates,,243K,tiktok,united-arab-emirates,False,2024,NA,NA,,
70,𝙎𝘼𝙃𝙄𝙇𝙎𝙃𝘼𝙃 ♥️ @isahilshahh,808.6K,-,United Arab Emirates,,242.6K,tiktok,united-arab-emirates,False,2024,NA,NA,,
71,Mohtawa - محتوى @mohtawaae,804.9K,-,United Arab Emirates,,241.5K,tiktok,united-arab-emirates,False,2024,NA,NA,,
72,مِـنٌهِ آلَلَهِ حًـسًـيّنٌ @mennahussien90,794.7K,0.1%,United Arab Emirates,,238.4K,tiktok,united-arab-emirates,False,2024,NA,NA,,
73,🇦🇪Dubai ki Loundiya👸🏻🔥 @dil_lakmali,793K,-,United Arab Emirates,,237.9K,tiktok,united-arab-emirates,False,2024,NA,NA,,
74,Shiraz.dubai369 @shiraz.dubai369,788.1K,-,United Arab Emirates,Beauty,236.4K,tiktok,united-arab-emirates,False,2024,Beauty&Fashion,MAPPED,,Beauty
75,shadi jamal @shadijamal,785.4K,-,United Arab Emirates,Entertainment and Music,235.6K,tiktok,united-arab-emirates,False,2024,Music,MAPPED,,Entertainment and Music
76,Mrs_Alhussein @megi_alhussein,782.9K,-,United Arab Emirates,,234.9K,tiktok,united-arab-emirates,False,2024,NA,NA,,
77,بن صويلح @b9w.e,780.3K,4.3%,United Arab Emirates,,234.1K,tiktok,united-arab-emirates,False,2024,NA,NA,,
78,Achraf_haddoumi @achraf.haddoumi,768.2K,-,United Arab Emirates,Entertainment and Music,230.5K,tiktok,united-arab-emirates,False,2024,Music,MAPPED,,Entertainment and Music
79,JamaL @imjjamal,766.2K,0.6%,United Arab Emirates,,229.9K,tiktok,united-arab-emirates,False,2024,NA,NA,,
80,الاخ المثالي 🇦🇪 @thanosxcia,759.2K,-,United Arab Emirates,,227.8K,tiktok,united-arab-emirates,False,2024,NA,NA,,
81,Salwa Mustafa Kamal @salwa_mustafakamal,753.6K,-,United Arab Emirates,,226.1K,tiktok,united-arab-emirates,False,2024,NA,NA,,
82,MURAD 🤍 @mradmrad95,745K,-,United Arab Emirates,,223.5K,tiktok,united-arab-emirates,False,2024,NA,NA,,
83,🧕🏼ثورية @omgsuraiya,744.9K,-,United Arab Emirates,Entertainment and Music,223.5K,tiktok,united-arab-emirates,False,2024,Music,MAPPED,,Entertainment and Music
84,علاءالدين @alaajehad16,740.4K,-,United Arab Emirates,Arts and Crafts,222.1K,tiktok,united-arab-emirates,False,2024,Lifestyle,MAPPED,,Arts and Crafts
85,Dubaitiktokgirlx5 @leezabindra5,734K,-,United Arab Emirates,,220.2K,tiktok,united-arab-emirates,False,2024,NA,NA,,
86,𝙅𝙞𝙖𝙣𝙣𝙚 @j98772,732K,-,United Arab Emirates,,219.6K,tiktok,united-arab-emirates,False,2024,NA,NA,,
87,Aljurdi Twins @aljurditwins,727.4K,-,United Arab Emirates,,218.2K,tiktok,united-arab-emirates,False,2024,NA,NA,,
88,emarati_nation @emarati_nation,718.5K,-,United Arab Emirates,,215.6K,tiktok,united-arab-emirates,False,2024,NA,NA,,
89,Yusuf @yusuftruth,706.9K,-,United Arab Emirates,Life and Society,212.1K,tiktok,united-arab-emirates,False,2024,Knowledge&Info,MAPPED,,Life and Society
90,🤴ABDELMOUMENE📍🇦🇪🍕💪 @pizzariomoumene,692.1K,-,United Arab Emirates,,207.6K,tiktok,united-arab-emirates,False,2024,NA,NA,,
91,Shona❤ @daudshona1,687.8K,-,United Arab Emirates,,206.3K,tiktok,united-arab-emirates,False,2024,NA,NA,,
92,حمزة حافظ @96k96,685K,-,United Arab Emirates,,205.5K,tiktok,united-arab-emirates,False,2024,NA,NA,,
93,Henna & Tattoo in Dubai @hennatattoodubai,679.9K,-,United Arab Emirates,Beauty and Self Care Arts and Crafts Fashion and Accessories,204K,tiktok,united-arab-emirates,False,2024,Beauty&Fashion,MAPPED,,Beauty and Self Care Arts and Crafts Fashion and Accessories
94,Катя | тачки | Дубай 🇦🇪 @komukota,679.7K,0.1%,United Arab Emirates,,203.9K,tiktok,united-arab-emirates,False,2024,NA,NA,,
95,Isha Rana @isha_ranaa,677.3K,0.1%,United Arab Emirates,,203.2K,tiktok,united-arab-emirates,False,2024,NA,NA,,
96,توينز هضبان @twinshadban,676K,-,United Arab Emirates,,202.8K,tiktok,united-arab-emirates,False,2024,NA,NA,,
97,Tresorfie @tresorfie,675.1K,-,United Arab Emirates,,202.5K,tiktok,united-arab-emirates,False,2024,NA,NA,,
98,Josh McCartney @memorycoach,666.7K,-,United Arab Emirates,,200K,tiktok,united-arab-emirates,False,2024,NA,NA,,
99,abudhabitv @abudhabitv,666.4K,-,United Arab Emirates,,199.9K,tiktok,united-arab-emirates,False,2024,NA,NA,,
100,VVIP @vvip,665.2K,-,United Arab Emirates,Entertainment and Music,199.6K,tiktok,united-arab-emirates,False,2024,Music,MAPPED,,Entertainment and Music
1,Gordon Ramsay @gordonramsayofficial,40M,1.1%,United Kingdom,Food,12M,tiktok,united-kingdom,False,2024,Lifestyle,MAPPED,,Food
2,mks @mks.vision,20.6M,-,United Kingdom,,6.2M,tiktok,united-kingdom,False,2024,NA,NA,,
3,Spice King @spicyycam_,19.1M,-,United Kingdom,Food,5.7M,tiktok,united-kingdom,False,2024,Lifestyle,MAPPED,,Food
4,Ed Sheeran @edsheeran,15.2M,0.9%,United Kingdom,Entertainment and Music,4.6M,tiktok,united-kingdom,False,2024,Music,MAPPED,,Entertainment and Music
5,Queen Star 🧚🏼‍♀️ @queenstaralien,11.6M,0.3%,United Kingdom,Fashion and Accessories Entertainment and Music Music,3.5M,tiktok,united-kingdom,False,2024,Beauty&Fashion,MAPPED,,Fashion and Accessories Entertainment and Music Music
6,BashTheEntertainer @bashtheentertainer,10M,-,United Kingdom,,3M,tiktok,united-kingdom,False,2024,NA,NA,,
7,Tom Felton @t22felton,9.8M,0.3%,United Kingdom,Acting and Drama,2.9M,tiktok,united-kingdom,False,2024,Entertainment,MAPPED,,Acting and Drama
8,F.ukuro / Tea @f.ukuro,9.3M,1.1%,United Kingdom,Entertainment and Music Games Video Gaming,2.8M,tiktok,united-kingdom,False,2024,Tech&Gaming,MAPPED,,Entertainment and Music Games Video Gaming
9,Queen Daro @thequeendaro,8.1M,-,United Kingdom,Beauty and Self Care Business and Finance,2.4M,tiktok,united-kingdom,False,2024,Beauty&Fashion,MAPPED,,Beauty and Self Care Business and Finance
10,Roligore @theroligore,6.1M,-,United Kingdom,Entertainment and Music,1.8M,tiktok,united-kingdom,False,2024,Music,MAPPED,,Entertainment and Music
11,Georgia Daniels @gdresin,5.5M,-,United Kingdom,Arts and Crafts Home and Garden,1.7M,tiktok,united-kingdom,False,2024,Lifestyle,MAPPED,,Arts and Crafts Home and Garden
12,Liam Payne @liampayne,5.3M,0.2%,United Kingdom,,1.6M,tiktok,united-kingdom,False,2024,NA,NA,,
13,Mia & Jerrie @mmeowmmia,4.9M,1.1%,United Kingdom,Pets,1.5M,tiktok,united-kingdom,False,2024,Lifestyle,MAPPED,,Pets
14,Lola clark @scoobiezoobie,4.6M,0.7%,United Kingdom,Entertainment and Music,1.4M,tiktok,united-kingdom,False,2024,Music,MAPPED,,Entertainment and Music
15,eva violet @evaaviolett,4.6M,-,United Kingdom,Beauty and Self Care Entertainment and Music,1.4M,tiktok,united-kingdom,False,2024,Beauty&Fashion,MAPPED,,Beauty and Self Care Entertainment and Music
16,Liv Cooke @livcookefs,4.6M,-,United Kingdom,Sports,1.4M,tiktok,united-kingdom,False,2024,Sports,MAPPED,,Sports
17,AiSh @aishofficial22,4.2M,-,United Kingdom,Music,1.3M,tiktok,united-kingdom,False,2024,Music,MAPPED,,Music
18,TikTok UK @tiktok_uk,4.2M,-,United Kingdom,,1.3M,tiktok,united-kingdom,False,2024,NA,NA,,
19,Adam Blythe @thrdfloor,3.8M,-,United Kingdom,Fashion and Accessories,1.1M,tiktok,united-kingdom,False,2024,Beauty&Fashion,MAPPED,,Fashion and Accessories
20,chartel @charlotte__martel,3.6M,-,United Kingdom,Arts and Crafts,1.1M,tiktok,united-kingdom,False,2024,Lifestyle,MAPPED,,Arts and Crafts
21,NickelodeonUK @nickelodeonuk,3.4M,-,United Kingdom,Entertainment and Music Animation and Cosplay,1M,tiktok,united-kingdom,False,2024,Tech&Gaming,MAPPED,,Entertainment and Music Animation and Cosplay
22,Adam :) @_adammcg,3M,13.3%,United Kingdom,Entertainment and Music,900K,tiktok,united-kingdom,False,2024,Music,MAPPED,,Entertainment and Music
23,Jaydecandance @jaydecandance,3M,-,United Kingdom,,900K,tiktok,united-kingdom,False,2024,NA,NA,,
24,Instant English @instantenglish,2.9M,-,United Kingdom,Education,870K,tiktok,united-kingdom,False,2024,Knowledge&Info,MAPPED,,Education
25,Ember Wolf 🐺 @ember.w0lf,2.9M,-,United Kingdom,Animation and Cosplay,870K,tiktok,united-kingdom,False,2024,Tech&Gaming,MAPPED,,Animation and Cosplay
26,Britain’s Got Talent @bgt,2.8M,0.2%,United Kingdom,Entertainment and Music,840K,tiktok,united-kingdom,False,2024,Music,MAPPED,,Entertainment and Music
27,Anthony Hopkins @anthonyhopkins,2.8M,0.4%,United Kingdom,Arts and Crafts Entertainment and Music Acting and Drama Celebrity,840K,tiktok,united-kingdom,False,2024,Music,MAPPED,,Arts and Crafts Entertainment and Music Acting and Drama Celebrity
28,Esther @astar4real,2.5M,0.2%,United Kingdom,Education,750K,tiktok,united-kingdom,False,2024,Knowledge&Info,MAPPED,,Education
29,Craig Jones @craigjones221,2.5M,-,United Kingdom,Business and Finance,750K,tiktok,united-kingdom,False,2024,Knowledge&Info,MAPPED,,Business and Finance
30,Ryley Isaac @ryley,2.4M,-,United Kingdom,,720K,tiktok,united-kingdom,False,2024,NA,NA,,
31,Red Bull UK @redbulluk,2.3M,-,United Kingdom,Entertainment and Music,690K,tiktok,united-kingdom,False,2024,Music,MAPPED,,Entertainment and Music
32,Mehwish Official @mehwishshah06,2.3M,-,United Kingdom,,690K,tiktok,united-kingdom,False,2024,NA,NA,,
33,Marina @marinaswrld,2.3M,-,United Kingdom,Entertainment and Music Funny,690K,tiktok,united-kingdom,False,2024,Music,MAPPED,,Entertainment and Music Funny
34,Juicy Boy 🌹 @juicyboytv,2.2M,0.6%,United Kingdom,Beauty and Self Care,660K,tiktok,united-kingdom,False,2024,Beauty&Fashion,MAPPED,,Beauty and Self Care
35,Sky Brown @skybrown,2.1M,-,United Kingdom,Sports,630K,tiktok,united-kingdom,False,2024,Sports,MAPPED,,Sports
36,j breezy @janelthebear,2M,-,United Kingdom,Entertainment and Music,600K,tiktok,united-kingdom,False,2024,Music,MAPPED,,Entertainment and Music
37,Connorckern @connorckern,2M,-,United Kingdom,family,600K,tiktok,united-kingdom,False,2024,Lifestyle,MAPPED,,family
38,James Corden @jamescordenclips,2M,-,United Kingdom,Entertainment and Music Funny,600K,tiktok,united-kingdom,False,2024,Music,MAPPED,,Entertainment and Music Funny
39,Magic Singh @magicsingh,2M,-,United Kingdom,Entertainment and Music,600K,tiktok,united-kingdom,False,2024,Music,MAPPED,,Entertainment and Music
40,mia challiner @miachalliner,2M,2.7%,United Kingdom,Entertainment and Music,600K,tiktok,united-kingdom,False,2024,Music,MAPPED,,Entertainment and Music
41,Nikkita XIII @scaredy_cat_cosplays,1.9M,-,United Kingdom,Animation and Cosplay,570K,tiktok,united-kingdom,False,2024,Tech&Gaming,MAPPED,,Animation and Cosplay
42,Luna Di @lunadimusic,1.9M,-,United Kingdom,Entertainment and Music,570K,tiktok,united-kingdom,False,2024,Music,MAPPED,,Entertainment and Music
43,𝑊𝑎𝑠𝑖 @wasishah0077,1.9M,-,United Kingdom,,570K,tiktok,united-kingdom,False,2024,NA,NA,,
44,Abdurahman Afia @abdurahmanafia,1.9M,0.2%,United Kingdom,,570K,tiktok,united-kingdom,False,2024,NA,NA,,
45,Aiden London @aiden_london,1.8M,-,United Kingdom,Funny Celebrity,540K,tiktok,united-kingdom,False,2024,Entertainment,MAPPED,,Funny Celebrity
46,Carine & Frances @thegilberttwins,1.8M,-,United Kingdom,Entertainment and Music,540K,tiktok,united-kingdom,False,2024,Music,MAPPED,,Entertainment and Music
47,Lily-Rose 🌹 @itslilyrose,1.8M,-,United Kingdom,Fashion and Accessories,540K,tiktok,united-kingdom,False,2024,Beauty&Fashion,MAPPED,,Fashion and Accessories
48,Idris Elba @idriselba,1.8M,0.3%,United Kingdom,,540K,tiktok,united-kingdom,False,2024,NA,NA,,
49,Renee @rxneexx,1.7M,-,United Kingdom,,510K,tiktok,united-kingdom,False,2024,NA,NA,,
50,Flo @glambyflo,1.7M,-,United Kingdom,,510K,tiktok,united-kingdom,False,2024,NA,NA,,
51,steveharveyfunnymoments @steveharveyfunnymoments,1.7M,-,United Kingdom,,510K,tiktok,united-kingdom,False,2024,NA,NA,,
52,Gorillaz @gorillaz,1.7M,0.1%,United Kingdom,,510K,tiktok,united-kingdom,False,2024,NA,NA,,
53,greatbritishmemes @greatbritishmemes,1.7M,-,United Kingdom,Entertainment and Music Funny Life and Society,510K,tiktok,united-kingdom,False,2024,Knowledge&Info,MAPPED,,Entertainment and Music Funny Life and Society
54,British blind girl 👁🦮👩‍🦯 @lucyedwards,1.7M,-,United Kingdom,Beauty and Self Care Entertainment and Music,510K,tiktok,united-kingdom,False,2024,Beauty&Fashion,MAPPED,,Beauty and Self Care Entertainment and Music
55,Danzy @its_danzy,1.6M,0.1%,United Kingdom,Entertainment and Music,480K,tiktok,united-kingdom,False,2024,Music,MAPPED,,Entertainment and Music
56,Helen Christie @helen_christie,1.6M,19.6%,United Kingdom,Entertainment and Music,480K,tiktok,united-kingdom,False,2024,Music,MAPPED,,Entertainment and Music
57,Jordan Rabjohn @jordanrabjohn,1.6M,-,United Kingdom,Entertainment and Music Music,480K,tiktok,united-kingdom,False,2024,Music,MAPPED,,Entertainment and Music Music
58,⭐ Tommy TikTok ⭐ @tommytiktok88,1.6M,-,United Kingdom,Funny Entertainment and Music,480K,tiktok,united-kingdom,False,2024,Music,MAPPED,,Funny Entertainment and Music
59,Charli XCX @charlixcx,1.6M,-,United Kingdom,Entertainment and Music,480K,tiktok,united-kingdom,False,2024,Music,MAPPED,,Entertainment and Music
60,JESSICA BALLINGER @theonlymissballinger,1.5M,-,United Kingdom,,450K,tiktok,united-kingdom,False,2024,NA,NA,,
61,William Harvey @williamharvey92,1.5M,2.6%,United Kingdom,Entertainment and Music,450K,tiktok,united-kingdom,False,2024,Music,MAPPED,,Entertainment and Music
62,SebastianCroft @sebastiancroft,1.5M,0.8%,United Kingdom,Entertainment and Music,450K,tiktok,united-kingdom,False,2024,Music,MAPPED,,Entertainment and Music
63,Adeib @adeibb,1.5M,0.2%,United Kingdom,Photography,450K,tiktok,united-kingdom,False,2024,Lifestyle,MAPPED,,Photography
64,wolves @wolves,1.5M,-,United Kingdom,Sports,450K,tiktok,united-kingdom,False,2024,Sports,MAPPED,,Sports
65,Twist and Pulse @twistandpulse,1.4M,-,United Kingdom,Entertainment and Music,420K,tiktok,united-kingdom,False,2024,Music,MAPPED,,Entertainment and Music
66,The 🇬🇧 Voodoo God (Simon) @fallenspiritofficial,1.4M,-,United Kingdom,,420K,tiktok,united-kingdom,False,2024,NA,NA,,
67,my name is tea ☕️ @hajimesah0ge,1.4M,-,United Kingdom,Animation and Cosplay,420K,tiktok,united-kingdom,False,2024,Tech&Gaming,MAPPED,,Animation and Cosplay
68,Posh posh @poshposh82,1.4M,-,United Kingdom,,420K,tiktok,united-kingdom,False,2024,NA,NA,,
69,Chloe Adams @chloeadamsmusic,1.4M,-,United Kingdom,Entertainment and Music,420K,tiktok,united-kingdom,False,2024,Music,MAPPED,,Entertainment and Music
70,𝖡𝖤𝖳𝖧𝖠𝖭𝖨𝖤𝖳𝖠𝖸𝖫𝖮𝖱 @officialbeth,1.4M,0.1%,United Kingdom,Entertainment and Music Fashion and Accessories,420K,tiktok,united-kingdom,False,2024,Beauty&Fashion,MAPPED,,Entertainment and Music Fashion and Accessories
71,✨Georgia Fawcett✨ @georgiafawcett,1.4M,-,United Kingdom,Acting and Drama Celebrity,420K,tiktok,united-kingdom,False,2024,Entertainment,MAPPED,,Acting and Drama Celebrity
72,Lady Leshurr @ladyleshurr,1.4M,-,United Kingdom,Entertainment and Music,420K,tiktok,united-kingdom,False,2024,Music,MAPPED,,Entertainment and Music
73,Alto Key | Indie Artist @altokeymusic,1.4M,-,United Kingdom,Music,420K,tiktok,united-kingdom,False,2024,Music,MAPPED,,Music
74,Hail Ozzy @hailozzy,1.4M,-,United Kingdom,Entertainment and Music,420K,tiktok,united-kingdom,False,2024,Music,MAPPED,,Entertainment and Music
75,TRH•Lord Xin. @jmrprdo69,1.4M,-,United Kingdom,Games Entertainment and Music,420K,tiktok,united-kingdom,False,2024,Tech&Gaming,MAPPED,,Games Entertainment and Music
76,simba 🦁 @almost.cesca,1.4M,-,United Kingdom,Fashion and Accessories Arts and Crafts,420K,tiktok,united-kingdom,False,2024,Beauty&Fashion,MAPPED,,Fashion and Accessories Arts and Crafts
77,Daniel Simmons @imdanielsimmons,1.3M,0.1%,United Kingdom,Fashion and Accessories,390K,tiktok,united-kingdom,False,2024,Beauty&Fashion,MAPPED,,Fashion and Accessories
78,Prince John @prince_jayyyy,1.3M,-,United Kingdom,Food,390K,tiktok,united-kingdom,False,2024,Lifestyle,MAPPED,,Food
79,avfcofficial @avfcofficial,1.3M,0.2%,United Kingdom,Sports,390K,tiktok,united-kingdom,False,2024,Sports,MAPPED,,Sports
80,mythicaliity @mythicaliity,1.3M,-,United Kingdom,,390K,tiktok,united-kingdom,False,2024,NA,NA,,
81,twettyfall @twettyfall,1.3M,-,United Kingdom,Fashion and Accessories,390K,tiktok,united-kingdom,False,2024,Beauty&Fashion,MAPPED,,Fashion and Accessories
82,CHAPLIN CHARLIE @blessrichard,1.3M,-,United Kingdom,,390K,tiktok,united-kingdom,False,2024,NA,NA,,
83,UK REALEST @realesthiphop,1.3M,-,United Kingdom,,390K,tiktok,united-kingdom,False,2024,NA,NA,,
84,Katie Price @katieprice,1.2M,0.1%,United Kingdom,Entertainment and Music,360K,tiktok,united-kingdom,False,2024,Music,MAPPED,,Entertainment and Music
85,GVE London @gvelondon,1.2M,-,United Kingdom,,360K,tiktok,united-kingdom,False,2024,NA,NA,,
86,New Rules @newrulesband,1.2M,-,United Kingdom,,360K,tiktok,united-kingdom,False,2024,NA,NA,,
87,Callum Grant @callum.grant7,1.2M,-,United Kingdom,Entertainment and Music,360K,tiktok,united-kingdom,False,2024,Music,MAPPED,,Entertainment and Music
88,On The Tools @onthetoolstv,1.2M,-,United Kingdom,DIY and Life Hacks Home and Garden,360K,tiktok,united-kingdom,False,2024,Lifestyle,MAPPED,,DIY and Life Hacks Home and Garden
89,lauralouise @lauralouise20,1.2M,-,United Kingdom,Fashion and Accessories,360K,tiktok,united-kingdom,False,2024,Beauty&Fashion,MAPPED,,Fashion and Accessories
90,Victoria Rose @torierobot,1.2M,-,United Kingdom,Travel Arts and Crafts Entertainment and Music,360K,tiktok,united-kingdom,False,2024,Music,MAPPED,,Travel Arts and Crafts Entertainment and Music
91,Dad V Girls @dadvgirls,1.2M,0.1%,United Kingdom,family Entertainment and Music,360K,tiktok,united-kingdom,False,2024,Music,MAPPED,,family Entertainment and Music
92,Rosie Mcclelland 💗🦋 @rosie_rgm,1.2M,-,United Kingdom,Entertainment and Music,360K,tiktok,united-kingdom,False,2024,Music,MAPPED,,Entertainment and Music
93,Caring Whispers ASMR @caringwhispers_asmr,1.2M,-,United Kingdom,Entertainment and Music,360K,tiktok,united-kingdom,False,2024,Music,MAPPED,,Entertainment and Music
94,Paul Lee Hiley @paulleehiley,1.2M,-,United Kingdom,Beauty and Self Care,360K,tiktok,united-kingdom,False,2024,Beauty&Fashion,MAPPED,,Beauty and Self Care
95,Joe Sugg @joe_sugg,1.2M,-,United Kingdom,Entertainment and Music,360K,tiktok,united-kingdom,False,2024,Music,MAPPED,,Entertainment and Music
96,Adam Kajumi 🇨🇿 @adamkajumi,1.2M,0.8%,United Kingdom,Entertainment and Music Funny,360K,tiktok,united-kingdom,False,2024,Music,MAPPED,,Entertainment and Music Funny
97,iskra lawrence @iskra,1.2M,-,United Kingdom,Fitness and Health,360K,tiktok,united-kingdom,False,2024,Sports,MAPPED,,Fitness and Health
98,Cat Burns @catburnss,1.2M,-,United Kingdom,Pets,360K,tiktok,united-kingdom,False,2024,Lifestyle,MAPPED,,Pets
99,Ruben Chorlton-Owen “SAVAGE” @savage,1.2M,-,United Kingdom,,360K,tiktok,united-kingdom,False,2024,NA,NA,,
100,Yorkshire Peach @yorkshirepeach,1.1M,-,United Kingdom,Entertainment and Music,330K,tiktok,united-kingdom,False,2024,Music,MAPPED,,Entertainment and Music
1,Bella Poarch @bellapoarch,92.6M,0.8%,United States,,27.8M,tiktok,united-states,False,2024,NA,NA,,
2,Addison Rae @addisonre,88.5M,1%,United States,Beauty and Self Care,26.6M,tiktok,united-states,False,2024,Beauty&Fashion,MAPPED,,Beauty and Self Care
3,Zach King @zachking,78.1M,2.9%,United States,Entertainment and Music,23.4M,tiktok,united-states,False,2024,Music,MAPPED,,Entertainment and Music
4,The Rock @therock,74.2M,0.9%,United States,Entertainment and Music Fitness and Health Business and Finance,22.3M,tiktok,united-states,False,2024,Sports,MAPPED,,Entertainment and Music Fitness and Health Business and Finance
5,Will Smith @willsmith,74.1M,0.7%,United States,,22.2M,tiktok,united-states,False,2024,NA,NA,,
6,Jason Derulo @jasonderulo,58.9M,0.4%,United States,Entertainment and Music,17.7M,tiktok,united-states,False,2024,Music,MAPPED,,Entertainment and Music
7,Kylie Jenner @kyliejenner,56M,3.2%,United States,Beauty and Self Care Fashion and Accessories,16.8M,tiktok,united-states,False,2024,Beauty&Fashion,MAPPED,,Beauty and Self Care Fashion and Accessories
8,JoJo Siwa @itsjojosiwa,45.6M,0.3%,United States,Entertainment and Music,13.7M,tiktok,united-states,False,2024,Music,MAPPED,,Entertainment and Music
9,Barstool Sports @barstoolsports,36.9M,0.1%,United States,Entertainment and Music Sports,11.1M,tiktok,united-states,False,2024,Sports,MAPPED,,Entertainment and Music Sports
10,James Charles @jamescharles,36.2M,-,United States,Beauty and Self Care Arts and Crafts,10.9M,tiktok,united-states,False,2024,Beauty&Fashion,MAPPED,,Beauty and Self Care Arts and Crafts
11,Kevin Hart @imkevinhart,34.8M,1.7%,United States,Entertainment and Music,10.4M,tiktok,united-states,False,2024,Music,MAPPED,,Entertainment and Music
12,Devon Rodriguez @devonrodriguezart,32.1M,0.2%,United States,Arts and Crafts Education Upskilling,9.6M,tiktok,united-states,False,2024,Knowledge&Info,MAPPED,,Arts and Crafts Education Upskilling
13,Brooke Monk @brookemonk_,31.7M,2.1%,United States,Entertainment and Music Funny,9.5M,tiktok,united-states,False,2024,Music,MAPPED,,Entertainment and Music Funny
14,Lele Pons @lelepons,31.5M,0.9%,United States,,9.5M,tiktok,united-states,False,2024,NA,NA,,
15,Stokes Twins @stokestwins,31.2M,-,United States,Entertainment and Music,9.4M,tiktok,united-states,False,2024,Music,MAPPED,,Entertainment and Music
16,Liza Koshy @lizzza,30.2M,-,United States,,9.1M,tiktok,united-states,False,2024,NA,NA,,
17,Topper Guild @topperguild,29M,-,United States,Entertainment and Music Celebrity,8.7M,tiktok,united-states,False,2024,Music,MAPPED,,Entertainment and Music Celebrity
18,Doja Cat @dojacat,26M,0.1%,United States,Entertainment and Music,7.8M,tiktok,united-states,False,2024,Music,MAPPED,,Entertainment and Music
19,DAVID DOBRIK @daviddobrik,26M,-,United States,Entertainment and Music Funny,7.8M,tiktok,united-states,False,2024,Music,MAPPED,,Entertainment and Music Funny
20,Terry Crews @terrycrews,24.1M,0.4%,United States,Entertainment and Music Celebrity,7.2M,tiktok,united-states,False,2024,Music,MAPPED,,Entertainment and Music Celebrity
21,Jacob Sartorius @jacobsartorius,23.7M,-,United States,Entertainment and Music,7.1M,tiktok,united-states,False,2024,Music,MAPPED,,Entertainment and Music
22,Lauren Godwin @laurengodwin,22.6M,0.3%,United States,Entertainment and Music family,6.8M,tiktok,united-states,False,2024,Music,MAPPED,,Entertainment and Music family
23,Lance Stewart @lance210,22.1M,-,United States,Entertainment and Music,6.6M,tiktok,united-states,False,2024,Music,MAPPED,,Entertainment and Music
24,ROMINA @rominagafur,22M,0.2%,United States,Entertainment and Music,6.6M,tiktok,united-states,False,2024,Music,MAPPED,,Entertainment and Music
25,Bryce Hall @brycehall,21.5M,-,United States,Entertainment and Music,6.5M,tiktok,united-states,False,2024,Music,MAPPED,,Entertainment and Music
26,Duke Depp @willywonkatiktok,20.8M,-,United States,,6.2M,tiktok,united-states,False,2024,NA,NA,,
27,Nicki Minaj @nickiminaj,20.3M,1.4%,United States,Entertainment and Music,6.1M,tiktok,united-states,False,2024,Music,MAPPED,,Entertainment and Music
28,Tayler Holder @itstaylerholder,20.2M,-,United States,Entertainment and Music,6.1M,tiktok,united-states,False,2024,Music,MAPPED,,Entertainment and Music
29,Olivia Rodrigo @livbedumb,20M,9%,United States,Entertainment and Music,6M,tiktok,united-states,False,2024,Music,MAPPED,,Entertainment and Music
30,Miley Cyrus @mileycyrus,18.8M,1.2%,United States,Entertainment and Music,5.6M,tiktok,united-states,False,2024,Music,MAPPED,,Entertainment and Music
31,Joe Bartolozzi @joe.bartolozzi,18.5M,-,United States,Entertainment and Music,5.6M,tiktok,united-states,False,2024,Music,MAPPED,,Entertainment and Music
32,Madison Beer @madisonbeer,18.4M,4.7%,United States,Entertainment and Music Beauty and Self Care,5.5M,tiktok,united-states,False,2024,Beauty&Fashion,MAPPED,,Entertainment and Music Beauty and Self Care
33,LeendaDong @yoleendadong,17.6M,1.3%,United States,Entertainment and Music Funny,5.3M,tiktok,united-states,False,2024,Music,MAPPED,,Entertainment and Music Funny
34,MADI MONROE @madi,17.5M,-,United States,Fashion and Accessories,5.3M,tiktok,united-states,False,2024,Beauty&Fashion,MAPPED,,Fashion and Accessories
35,Camila Cabello @camilacabello,17.3M,3.1%,United States,Entertainment and Music,5.2M,tiktok,united-states,False,2024,Music,MAPPED,,Entertainment and Music
36,Austin @austinsprinz,16.9M,-,United States,Entertainment and Music,5.1M,tiktok,united-states,False,2024,Music,MAPPED,,Entertainment and Music
37,Charlie Puth @charlieputh,16.6M,-,United States,,5M,tiktok,united-states,False,2024,NA,NA,,
38,Post Malone @postmalone,16.3M,1.5%,United States,Entertainment and Music,4.9M,tiktok,united-states,False,2024,Music,MAPPED,,Entertainment and Music
39,Savage 😈 @itsavage,16.2M,-,United States,Business and Finance,4.9M,tiktok,united-states,False,2024,Knowledge&Info,MAPPED,,Business and Finance
40,"Sandra Lee, MD @drpimplepopper",15.6M,-,United States,Beauty and Self Care Education,4.7M,tiktok,united-states,False,2024,Beauty&Fashion,MAPPED,,Beauty and Self Care Education
41,IdeaTime⭐Everywhere😎 @ideatimes,15.3M,-,United States,Education,4.6M,tiktok,united-states,False,2024,Knowledge&Info,MAPPED,,Education
42,The D’Amelio Family @dameliofamilyofficial,15.1M,-,United States,Entertainment and Music family,4.5M,tiktok,united-states,False,2024,Music,MAPPED,,Entertainment and Music family
43,Bad Barbie 🙎🏼‍♀️🍼✨🕊 @badbaarbie,14.6M,-,United States,Beauty and Self Care Entertainment and Music,4.4M,tiktok,united-states,False,2024,Beauty&Fashion,MAPPED,,Beauty and Self Care Entertainment and Music
44,Nikita Dragun @nikitadragun,14.4M,4.3%,United States,Beauty and Self Care,4.3M,tiktok,united-states,False,2024,Beauty&Fashion,MAPPED,,Beauty and Self Care
45,Gary Vaynerchuk @garyvee,13.8M,-,United States,Education,4.1M,tiktok,united-states,False,2024,Knowledge&Info,MAPPED,,Education
46,Audrey Hopkins @auditydraws,13.6M,-,United States,Animation and Cosplay Arts and Crafts,4.1M,tiktok,united-states,False,2024,Tech&Gaming,MAPPED,,Animation and Cosplay Arts and Crafts
47,Tabs @tabithaswatosh,13.5M,2.3%,United States,,4.1M,tiktok,united-states,False,2024,NA,NA,,
48,MisterMainer @mistermainer,13.3M,-,United States,Nature,4M,tiktok,united-states,False,2024,Lifestyle,MAPPED,,Nature
49,Jacob Colvin @jake.pnw,13M,-,United States,Fitness and Health,3.9M,tiktok,united-states,False,2024,Sports,MAPPED,,Fitness and Health
50,Cowbelly’s Memes @memes,13M,-,United States,Funny,3.9M,tiktok,united-states,False,2024,Entertainment,MAPPED,,Funny
51,Maverick Baker @maverickbaker,13M,-,United States,Entertainment and Music,3.9M,tiktok,united-states,False,2024,Music,MAPPED,,Entertainment and Music
52,Nickelodeon @nickelodeon,12.9M,-,United States,,3.9M,tiktok,united-states,False,2024,NA,NA,,
53,House of Highlights @houseofhighlights,12.7M,-,United States,Sports Entertainment and Music,3.8M,tiktok,united-states,False,2024,Sports,MAPPED,,Sports Entertainment and Music
54,Emily Mariko @emilymariko,12.7M,2.9%,United States,Fashion and Accessories Food Food and Drink,3.8M,tiktok,united-states,False,2024,Beauty&Fashion,MAPPED,,Fashion and Accessories Food Food and Drink
55,King Science @king.science,12.7M,0.1%,United States,Education,3.8M,tiktok,united-states,False,2024,Knowledge&Info,MAPPED,,Education
56,Steve Harvey @steveharvey,12.7M,1%,United States,Entertainment and Music,3.8M,tiktok,united-states,False,2024,Music,MAPPED,,Entertainment and Music
57,sebastianbails @sebastianbails,12.6M,-,United States,Entertainment and Music,3.8M,tiktok,united-states,False,2024,Music,MAPPED,,Entertainment and Music
58,EHIZ @_ehiz,12.6M,-,United States,Acting and Drama Entertainment and Music Funny Celebrity,3.8M,tiktok,united-states,False,2024,Music,MAPPED,,Acting and Drama Entertainment and Music Funny Celebrity
59,NLE choppa @nlechoppamusic,12.3M,-,United States,,3.7M,tiktok,united-states,False,2024,NA,NA,,
60,Dhar Mann @dhar.mann,12.2M,-,United States,Life and Society,3.7M,tiktok,united-states,False,2024,Knowledge&Info,MAPPED,,Life and Society
61,BABY J @jostasy,12M,-,United States,,3.6M,tiktok,united-states,False,2024,NA,NA,,
62,Sofie Dossi @sofiedossi,12M,0.7%,United States,Fitness and Health Entertainment and Music,3.6M,tiktok,united-states,False,2024,Sports,MAPPED,,Fitness and Health Entertainment and Music
63,anna x @annaxsitar,12M,1.3%,United States,Fashion and Accessories,3.6M,tiktok,united-states,False,2024,Beauty&Fashion,MAPPED,,Fashion and Accessories
64,Pinup pixie @pinuppixie,11.9M,1%,United States,Fashion and Accessories,3.6M,tiktok,united-states,False,2024,Beauty&Fashion,MAPPED,,Fashion and Accessories
65,Megan Thee Stallion @theestallion,11.8M,0.1%,United States,Entertainment and Music,3.5M,tiktok,united-states,False,2024,Music,MAPPED,,Entertainment and Music
66,Liane V @lianev,11.7M,0.2%,United States,Fashion and Accessories,3.5M,tiktok,united-states,False,2024,Beauty&Fashion,MAPPED,,Fashion and Accessories
67,The Plastique Tiara @plastique_tiara,11.6M,0.3%,United States,Beauty and Self Care Entertainment and Music,3.5M,tiktok,united-states,False,2024,Beauty&Fashion,MAPPED,,Beauty and Self Care Entertainment and Music
68,Anxiety couple @anxietycouple,11.2M,-,United States,family Entertainment and Music,3.4M,tiktok,united-states,False,2024,Music,MAPPED,,family Entertainment and Music
69,Ellie Zeiler @elliezeiler,10.8M,-,United States,Beauty and Self Care,3.2M,tiktok,united-states,False,2024,Beauty&Fashion,MAPPED,,Beauty and Self Care
70,Caleb Coffee @calebcoffee,10.5M,-,United States,,3.2M,tiktok,united-states,False,2024,NA,NA,,
71,💗 DIANA ASTER 💗 @diana_aster,10.4M,-,United States,Beauty and Self Care,3.1M,tiktok,united-states,False,2024,Beauty&Fashion,MAPPED,,Beauty and Self Care
72,Justina Valentine @justinavalentine,10.3M,-,United States,Music,3.1M,tiktok,united-states,False,2024,Music,MAPPED,,Music
73,Hope Schwing @hope_schwing,10M,-,United States,Acting and Drama,3M,tiktok,united-states,False,2024,Entertainment,MAPPED,,Acting and Drama
74,Bill Nye @billnye,9.9M,4.5%,United States,,3M,tiktok,united-states,False,2024,NA,NA,,
75,CHIKYBOMBOMREAL @chikybombomreal,9.9M,-,United States,Entertainment and Music Funny,3M,tiktok,united-states,False,2024,Music,MAPPED,,Entertainment and Music Funny
76,Bruno Mars @brunomars,9.7M,7.2%,United States,Entertainment and Music Arts and Crafts,2.9M,tiktok,united-states,False,2024,Music,MAPPED,,Entertainment and Music Arts and Crafts
77,🌻Ruthbell @ruthbellpan,9.6M,0.1%,United States,Games Entertainment and Music Video Gaming,2.9M,tiktok,united-states,False,2024,Tech&Gaming,MAPPED,,Games Entertainment and Music Video Gaming
78,IOHA @instituteofhumananatomy,9.5M,-,United States,Education,2.9M,tiktok,united-states,False,2024,Knowledge&Info,MAPPED,,Education
79,Mariah Carey @mariahcarey,9.4M,9.8%,United States,Entertainment and Music,2.8M,tiktok,united-states,False,2024,Music,MAPPED,,Entertainment and Music
80,Montana Tucker @montanatucker,9.2M,0.5%,United States,Entertainment and Music Celebrity Music,2.8M,tiktok,united-states,False,2024,Music,MAPPED,,Entertainment and Music Celebrity Music
81,Kylie King @kylielagringa,9.2M,0.1%,United States,,2.8M,tiktok,united-states,False,2024,NA,NA,,
82,Simba Jones @baby_simba47,9.2M,-,United States,Entertainment and Music,2.8M,tiktok,united-states,False,2024,Music,MAPPED,,Entertainment and Music
83,kat.vs.damfworld on IG @katkatmanimtim123,9.1M,-,United States,Entertainment and Music,2.7M,tiktok,united-states,False,2024,Music,MAPPED,,Entertainment and Music
84,Casey Simpson✨ @caseysimpson,9M,-,United States,Entertainment and Music,2.7M,tiktok,united-states,False,2024,Music,MAPPED,,Entertainment and Music
85,ThomasSanders @thomassanders,8.9M,-,United States,Entertainment and Music,2.7M,tiktok,united-states,False,2024,Music,MAPPED,,Entertainment and Music
86,Money Lawyer Erika @erikakullberg,8.4M,0.1%,United States,Finance,2.5M,tiktok,united-states,False,2024,Knowledge&Info,MAPPED,,Finance
87,Lyna Perez @lynaperezxo,8.3M,3.1%,United States,Beauty and Self Care,2.5M,tiktok,united-states,False,2024,Beauty&Fashion,MAPPED,,Beauty and Self Care
88,Xóchitl Gómez @_xochitl.gomez,8.3M,-,United States,,2.5M,tiktok,united-states,False,2024,NA,NA,,
89,Now United @nowunited,8.2M,-,United States,Entertainment and Music,2.5M,tiktok,united-states,False,2024,Music,MAPPED,,Entertainment and Music
90,Samuel Grubbs @samuelgrubbs,8.1M,10.7%,United States,Entertainment and Music,2.4M,tiktok,united-states,False,2024,Music,MAPPED,,Entertainment and Music
91,noor @noordabashh,7.9M,0.3%,United States,Entertainment and Music,2.4M,tiktok,united-states,False,2024,Music,MAPPED,,Entertainment and Music
92,Mark Anastasio @markanastasio,7.7M,-,United States,Entertainment and Music,2.3M,tiktok,united-states,False,2024,Music,MAPPED,,Entertainment and Music
93,Josh Peck @joshpeck,7.6M,-,United States,,2.3M,tiktok,united-states,False,2024,NA,NA,,
94,Michelle Kennelly @kennelly_michelle,7.6M,-,United States,Fashion and Accessories Entertainment and Music Romance and Wedding,2.3M,tiktok,united-states,False,2024,Beauty&Fashion,MAPPED,,Fashion and Accessories Entertainment and Music Romance and Wedding
95,Brandon Conner @brandonspam_,7.5M,-,United States,,2.3M,tiktok,united-states,False,2024,NA,NA,,
96,Mason Adams (Glasco) @maseplace,7.5M,-,United States,Travel,2.3M,tiktok,united-states,False,2024,Lifestyle,MAPPED,,Travel
97,SWAGGY WOLFDOG ™️💰 @swagrman,7.5M,-,United States,,2.3M,tiktok,united-states,False,2024,NA,NA,,
98,Tracy Joseph @tracy.oj,7.4M,-,United States,Entertainment and Music,2.2M,tiktok,united-states,False,2024,Music,MAPPED,,Entertainment and Music
99,CAROLINA GUERRERO @carolatv_,7.3M,-,United States,Entertainment and Music Funny,2.2M,tiktok,united-states,False,2024,Music,MAPPED,,Entertainment and Music Funny
100,Asher Angel @asherangel,7.2M,-,United States,Acting and Drama,2.2M,tiktok,united-states,False,2024,Entertainment,MAPPED,,Acting and Drama
1,Leana Deeb @leanadeeb,12.1M,1.5%,Uruguay,,3.6M,tiktok,uruguay,False,2024,NA,NA,,
2,El Pepe @elpepeskrt,4.9M,-,Uruguay,Entertainment and Music,1.5M,tiktok,uruguay,False,2024,Music,MAPPED,,Entertainment and Music
3,_VECINITA_ @moralees_mel,1.7M,-,Uruguay,,510K,tiktok,uruguay,False,2024,NA,NA,,
4,TRIPPIA @_romi.ff,1.7M,0.2%,Uruguay,,510K,tiktok,uruguay,False,2024,NA,NA,,
5,Claudinioh ⚡️ @claudinio,1.4M,-,Uruguay,Entertainment and Music,420K,tiktok,uruguay,False,2024,Music,MAPPED,,Entertainment and Music
6,Alaska🇺🇾 @alaskkag,1.4M,0.1%,Uruguay,,420K,tiktok,uruguay,False,2024,NA,NA,,
7,Monteritooo🤪 @montero.okk._,1.2M,-,Uruguay,,360K,tiktok,uruguay,False,2024,NA,NA,,
8,Sheii Fernandez @sheikfernandez,1.1M,-,Uruguay,,330K,tiktok,uruguay,False,2024,NA,NA,,
9,rafatn30 @rafatn30,985.3K,0.3%,Uruguay,Acting and Drama Celebrity,295.6K,tiktok,uruguay,False,2024,Entertainment,MAPPED,,Acting and Drama Celebrity
10,Joaquín @joacoouru,917K,-,Uruguay,,275.1K,tiktok,uruguay,False,2024,NA,NA,,
11,sabrina_basualdoo @sabrina_basualdoo,909.3K,-,Uruguay,,272.8K,tiktok,uruguay,False,2024,NA,NA,,
12,S E B A S 🥷 @sebasilencio,883.1K,-,Uruguay,,264.9K,tiktok,uruguay,False,2024,NA,NA,,
13,Nathael Melo💕 @nathayfamilia,867.5K,-,Uruguay,,260.3K,tiktok,uruguay,False,2024,NA,NA,,
14,JM22OFFICIAL Ⓜ️ @jm22official,867.1K,-,Uruguay,Travel,260.1K,tiktok,uruguay,False,2024,Lifestyle,MAPPED,,Travel
15,Sergio_hagopian @sershyhagop,836.5K,-,Uruguay,,251K,tiktok,uruguay,False,2024,NA,NA,,
16,DiegoMartins🇺🇾 @diego_martins25,803.8K,-,Uruguay,,241.1K,tiktok,uruguay,False,2024,NA,NA,,
17,Seba González @sebastandup,779K,0.1%,Uruguay,,233.7K,tiktok,uruguay,False,2024,NA,NA,,
18,Santi Ibarbourou @santi_ibarbourou,776.6K,-,Uruguay,,233K,tiktok,uruguay,False,2024,NA,NA,,
19,•𝔸𝕟𝕥𝕠𝕟𝕖𝕝𝕝𝕒• @aanto.contreras,758.4K,-,Uruguay,,227.5K,tiktok,uruguay,False,2024,NA,NA,,
20,Lil_farra23 @lil_farra,722.6K,-,Uruguay,,216.8K,tiktok,uruguay,False,2024,NA,NA,,
21,KinoRules @kinorules,711.6K,0.3%,Uruguay,,213.5K,tiktok,uruguay,False,2024,NA,NA,,
22,Diego Ugarte @_diego_tm,660.8K,-,Uruguay,,198.2K,tiktok,uruguay,False,2024,NA,NA,,
23,𝐀𝐧𝐧𝐝𝐲 @annviera44,625.4K,0.2%,Uruguay,Fashion and Accessories,187.6K,tiktok,uruguay,False,2024,Beauty&Fashion,MAPPED,,Fashion and Accessories
24,Rusa @r4luz,595.9K,0.1%,Uruguay,,178.8K,tiktok,uruguay,False,2024,NA,NA,,
25,Fabi Morales @fabi.moralees,594.9K,-,Uruguay,,178.5K,tiktok,uruguay,False,2024,NA,NA,,
26,Fefo Alegre @felialegrev,593K,-,Uruguay,,177.9K,tiktok,uruguay,False,2024,NA,NA,,
27,francomoreeira @francomoreeira,585.8K,-,Uruguay,,175.7K,tiktok,uruguay,False,2024,NA,NA,,
28,Harryh @iharryh,576.7K,-,Uruguay,,173K,tiktok,uruguay,False,2024,NA,NA,,
29,Mathias Crosa @mathiascrosa,565.9K,-,Uruguay,,169.8K,tiktok,uruguay,False,2024,NA,NA,,
30,Tabaré Alonso @tabarealonso,537.2K,-,Uruguay,Travel,161.2K,tiktok,uruguay,False,2024,Lifestyle,MAPPED,,Travel
31,Luciana @luucolombo,534.4K,-,Uruguay,,160.3K,tiktok,uruguay,False,2024,NA,NA,,
32,Javo Machado @javomachado,531.8K,-,Uruguay,,159.5K,tiktok,uruguay,False,2024,NA,NA,,
33,Vicenzo Anza @vicenzoanza.vb,504.8K,0.9%,Uruguay,,151.4K,tiktok,uruguay,False,2024,NA,NA,,
34,PABLITOㅤSBㅤぞ @pablo.a30,484.1K,0.1%,Uruguay,,145.2K,tiktok,uruguay,False,2024,NA,NA,,
35,Matt👑 @matt_k9,482.1K,-,Uruguay,,144.6K,tiktok,uruguay,False,2024,NA,NA,,
36,Valentino @vlazzz,475.7K,0.1%,Uruguay,,142.7K,tiktok,uruguay,False,2024,NA,NA,,
37,Florencia Romero @florenciaromerosk,474.6K,-,Uruguay,,142.4K,tiktok,uruguay,False,2024,NA,NA,,
38,Los intocables @uncanalsinfiltro,458.5K,0.5%,Uruguay,Entertainment and Music,137.6K,tiktok,uruguay,False,2024,Music,MAPPED,,Entertainment and Music
39,✨FACU FUEN✨ @facufuen,443.4K,-,Uruguay,,133K,tiktok,uruguay,False,2024,NA,NA,,
40,Tisi @tisiicarballoo,437.8K,-,Uruguay,,131.3K,tiktok,uruguay,False,2024,NA,NA,,
41,Umi @uminaoh,433.4K,0.1%,Uruguay,,130K,tiktok,uruguay,False,2024,NA,NA,,
42,Luchito Cairo @luchitocairo,430.2K,-,Uruguay,,129.1K,tiktok,uruguay,False,2024,NA,NA,,
43,Ange✨ @angelabermudez20,423.2K,-,Uruguay,,127K,tiktok,uruguay,False,2024,NA,NA,,
44,Selva Perez @selvaperez,407.3K,-,Uruguay,Acting and Drama,122.2K,tiktok,uruguay,False,2024,Entertainment,MAPPED,,Acting and Drama
45,fonserga2 @fonserga2,394.9K,0.1%,Uruguay,,118.5K,tiktok,uruguay,False,2024,NA,NA,,
46,aguirrealvarez.f @aguirrealvarez.f,394.1K,1.5%,Uruguay,,118.2K,tiktok,uruguay,False,2024,NA,NA,,
47,Agus Burgueño @agusburgueo,393.7K,0.5%,Uruguay,,118.1K,tiktok,uruguay,False,2024,NA,NA,,
48,Emiliano Medina @emimedina.13,389.5K,-,Uruguay,,116.9K,tiktok,uruguay,False,2024,NA,NA,,
49,Vanesa Britos @vanesabritos,389.4K,-,Uruguay,,116.8K,tiktok,uruguay,False,2024,NA,NA,,
50,Rg4 poeta❤️ @rg4.poeta_ff,370K,0.1%,Uruguay,,111K,tiktok,uruguay,False,2024,NA,NA,,
51,Monica Farro @moni.farro,368.1K,-,Uruguay,,110.4K,tiktok,uruguay,False,2024,NA,NA,,
52,GTA @lamar.street,364.8K,-,Uruguay,,109.4K,tiktok,uruguay,False,2024,NA,NA,,
53,💣💥MiriamPintosOfficial🙌 @miritokofficial,352.1K,-,Uruguay,,105.6K,tiktok,uruguay,False,2024,NA,NA,,
54,Constanza Hartman @connie_hartman,333.4K,-,Uruguay,,100K,tiktok,uruguay,False,2024,NA,NA,,
55,🖇 @strangerferv,327.7K,0.2%,Uruguay,,98.3K,tiktok,uruguay,False,2024,NA,NA,,
56,Joha Lefebre @johalefebre,322.8K,-,Uruguay,,96.8K,tiktok,uruguay,False,2024,NA,NA,,
57,SASHA BODY JEWELRY @sashajewelry_,310.9K,-,Uruguay,,93.3K,tiktok,uruguay,False,2024,NA,NA,,
58,R a K 0 0 n @mapaking,309.1K,0.1%,Uruguay,,92.7K,tiktok,uruguay,False,2024,NA,NA,,
59,Emilio Meneses Costa @emiliomenesescosta,296K,-,Uruguay,Acting and Drama,88.8K,tiktok,uruguay,False,2024,Entertainment,MAPPED,,Acting and Drama
60,Erisandra Viera @nurse_eri,288.4K,-,Uruguay,,86.5K,tiktok,uruguay,False,2024,NA,NA,,
61,@karinBarreiro @karinbarreiro,288.1K,-,Uruguay,,86.4K,tiktok,uruguay,False,2024,NA,NA,,
62,abogada.cristinamelo @abogada.cristinamelo,286.8K,0.2%,Uruguay,Education,86K,tiktok,uruguay,False,2024,Knowledge&Info,MAPPED,,Education
63,Agus Díaz @diazzz_agus,284.8K,-,Uruguay,,85.4K,tiktok,uruguay,False,2024,NA,NA,,
64,DAMI @daamiiiii,282.5K,0.1%,Uruguay,,84.8K,tiktok,uruguay,False,2024,NA,NA,,
65,Carlos Cruz López @ycarloscruz,279.7K,-,Uruguay,,83.9K,tiktok,uruguay,False,2024,NA,NA,,
66,daku @dakuboi2.0,277.7K,-,Uruguay,,83.3K,tiktok,uruguay,False,2024,NA,NA,,
67,Kevin Castro @kevcastro77,276.4K,-,Uruguay,,82.9K,tiktok,uruguay,False,2024,NA,NA,,
68,andresmartucho07 @andresmartucho07,275.3K,0.1%,Uruguay,Travel,82.6K,tiktok,uruguay,False,2024,Lifestyle,MAPPED,,Travel
69,RØJĘL @eze.rojel,275K,-,Uruguay,,82.5K,tiktok,uruguay,False,2024,NA,NA,,
70,belugomez.18 @belugomez.18,271.8K,-,Uruguay,,81.5K,tiktok,uruguay,False,2024,NA,NA,,
71,Kil @killuaaa1219,267.4K,11.7%,Uruguay,,80.2K,tiktok,uruguay,False,2024,NA,NA,,
72,Leandro Sosa @leandrososa_uy_fit,266.9K,-,Uruguay,Food Travel,80.1K,tiktok,uruguay,False,2024,Lifestyle,MAPPED,,Food Travel
73,Valee Lopez @valee.lf,266.6K,-,Uruguay,,80K,tiktok,uruguay,False,2024,NA,NA,,
74,seba biker23 @seba_biker23,259.7K,-,Uruguay,,77.9K,tiktok,uruguay,False,2024,NA,NA,,
75,Toto Lima😜 @totoouy,257.9K,-,Uruguay,,77.4K,tiktok,uruguay,False,2024,NA,NA,,
76,Santiago Vieira @vieira.santiago_,256.4K,0.2%,Uruguay,,76.9K,tiktok,uruguay,False,2024,NA,NA,,
77,Delfina @delchirigliano,256.4K,-,Uruguay,Entertainment and Music Funny,76.9K,tiktok,uruguay,False,2024,Music,MAPPED,,Entertainment and Music Funny
78,✨Chiquita y veloz✨ @laliiii_ecenas_,256.1K,3.3%,Uruguay,,76.8K,tiktok,uruguay,False,2024,NA,NA,,
79,Renata_la_tiktoker_influencer @renata_tiktoker1..3,255.4K,0.3%,Uruguay,,76.6K,tiktok,uruguay,False,2024,NA,NA,,
80,Maicol pacheco @_maicc,241.3K,-,Uruguay,,72.4K,tiktok,uruguay,False,2024,NA,NA,,
81,Pirii @zoe_tuloka12,240.1K,0.9%,Uruguay,,72K,tiktok,uruguay,False,2024,NA,NA,,
82,Camilo.balseiro @camilo.balseiro,239.6K,-,Uruguay,,71.9K,tiktok,uruguay,False,2024,NA,NA,,
83,Milda @camilda_,236.7K,-,Uruguay,Animation and Cosplay Entertainment and Music Funny Life and Society,71K,tiktok,uruguay,False,2024,Knowledge&Info,MAPPED,,Animation and Cosplay Entertainment and Music Funny Life and Society
84,Federico_dobleaa🔥 @federico_dobleaaa,236K,-,Uruguay,,70.8K,tiktok,uruguay,False,2024,NA,NA,,
85,UyBroo @uybroo,232K,-,Uruguay,,69.6K,tiktok,uruguay,False,2024,NA,NA,,
86,Md_pepeee2 @pepeee22,231.3K,-,Uruguay,,69.4K,tiktok,uruguay,False,2024,NA,NA,,
87,Mi Cocina Express @micocina.express,228.5K,-,Uruguay,Food and Drink,68.6K,tiktok,uruguay,False,2024,Lifestyle,MAPPED,,Food and Drink
88,las estrellas escenas 🌟 @lasestrellas_escenas,220.8K,-,Uruguay,,66.2K,tiktok,uruguay,False,2024,NA,NA,,
89,Franco Lombardo @francolombardo,219.7K,0.1%,Uruguay,,65.9K,tiktok,uruguay,False,2024,NA,NA,,
90,Valentina Molinari @valentinamolinar0,218.1K,-,Uruguay,family,65.4K,tiktok,uruguay,False,2024,Lifestyle,MAPPED,,family
91,El_Benja_ @el_benja..2,215.6K,21.4%,Uruguay,,64.7K,tiktok,uruguay,False,2024,NA,NA,,
92,Gustavo Braida @izkgustavo,214.5K,0.1%,Uruguay,,64.4K,tiktok,uruguay,False,2024,NA,NA,,
93,Sol Caprario ❤️ @solcaprari0,213.5K,-,Uruguay,,64.1K,tiktok,uruguay,False,2024,NA,NA,,
94,Fede Anto Puñales 🏳️‍⚧️ @fedepunales_,212.4K,0.4%,Uruguay,Entertainment and Music,63.7K,tiktok,uruguay,False,2024,Music,MAPPED,,Entertainment and Music
95,Bruno y Lalo @lalooybruno,210.7K,0.1%,Uruguay,,63.2K,tiktok,uruguay,False,2024,NA,NA,,
96,Juan Carlos Valls. @juancarlosvalls,209.4K,-,Uruguay,,62.8K,tiktok,uruguay,False,2024,NA,NA,,
97,Silvi@ 🏳️‍🌈 @silvia_camachoo,202K,-,Uruguay,,60.6K,tiktok,uruguay,False,2024,NA,NA,,
98,Alex Rivero @alex_rivero_08,201.2K,-,Uruguay,,60.4K,tiktok,uruguay,False,2024,NA,NA,,
99,SOYTINCA @soytinca,200.3K,0.1%,Uruguay,,60.1K,tiktok,uruguay,False,2024,NA,NA,,
100,Titi🌸 @by.titi,199.7K,-,Uruguay,,59.9K,tiktok,uruguay,False,2024,NA,NA,,
