rank,handle_instagram,name_instagram,category_1,followers,audience_country,engagement_auth,engagement_avg,category_2,category_unified,category_status,_platform,_month,_year
1,cristiano,Cristiano Ronaldo,Sports with a ball,483100000.0,India,4500000.0,5600000.0,,Sports,MAPPED,instagram,november,2022
2,kyliejenner,Kylie 🤍,Fashion,370000000.0,United States,2800000.0,4400000.0,Modeling,Beauty&Fashion,MAPPED,instagram,november,2022
3,leomessi,Leo Messi,Sports with a ball,357800000.0,Indonesia,3200000.0,4099999.9999999995,Family,Sports,MAPPED,instagram,november,2022
4,arianagrande,Ariana Grande,Music,331600000.0,United States,2900000.0,4000000.0,,Music,MAPPED,instagram,november,2022
5,zendaya,Zendaya,Cinema & Actors/actresses,152200000.0,United States,4800000.0,6500000.0,Fashion,Entertainment,MAPPED,instagram,november,2022
6,virat.kohli,Virat Kohli,Sports with a ball,215000000.0,India,3600000.0,4099999.9999999995,,Sports,MAPPED,instagram,november,2022
7,selenagomez,Selena Gomez,Music,347600000.0,United States,1800000.0,2300000.0,Lifestyle,Music,MAPPED,instagram,november,2022
8,thv,V,Music,51300000.0,South Korea,13100000.0,13100000.0,,Music,MAPPED,instagram,november,2022
9,lalalalisa_m,LISA,Music,82500000.0,Indonesia,6700000.0,7800000.0,,Music,MAPPED,instagram,november,2022
10,taylorswift,Taylor Swift,Music,224900000.0,Brazil,2100000.0,2800000.0,,Music,MAPPED,instagram,november,2022
11,beyonce,Beyoncé,Music,275700000.0,United States,1500000.0,2200000.0,Fashion,Music,MAPPED,instagram,november,2022
12,billieeilish,BILLIE EILISH,Music,106300000.0,United States,3800000.0,5000000.0,,Music,MAPPED,instagram,november,2022
13,justinbieber,Justin Bieber,Music,258200000.0,Brazil,1400000.0,1900000.0,,Music,MAPPED,instagram,november,2022
14,neymarjr,NJ 🇧🇷,Sports with a ball,178700000.0,Brazil,1500000.0,2200000.0,,Sports,MAPPED,instagram,november,2022
15,kendalljenner,Kendall,Modeling,258200000.0,United States,926400.0,1500000.0,Fashion,Beauty&Fashion,MAPPED,instagram,november,2022
16,jin,Jin of BTS,Music,40000000.0,United States,8900000.0,8900000.0,,Music,MAPPED,instagram,november,2022
17,agustd,SUGA of BTS 민윤기,Lifestyle,38700000.0,South Korea,9200000.0,9200000.0,Music,Lifestyle,MAPPED,instagram,november,2022
18,jennierubyjane,J,Music,70100000.0,Indonesia,4200000.0,5000000.0,,Music,MAPPED,instagram,november,2022
19,karolg,KAROL G,Music,56200000.0,Mexico,5000000.0,6100000.0,,Music,MAPPED,instagram,november,2022
20,sooyaaa__,JISOO🤍,Music,64500000.0,Indonesia,4600000.0,5300000.0,Beauty,Music,MAPPED,instagram,november,2022
21,uarmyhope,jhope,Art/Artists,39600000.0,South Korea,7900000.0,7900000.0,Music,Lifestyle,MAPPED,instagram,november,2022
22,khaby00,Khaby Lame,Sports with a ball,79800000.0,India,2700000.0,3700000.0,,Sports,MAPPED,instagram,november,2022
23,iamcardib,Cardi B,Music,140800000.0,United States,1300000.0,1900000.0,Fashion,Music,MAPPED,instagram,november,2022
24,kimkardashian,Kim Kardashian,Fashion,330300000.0,United States,573100.0,807000.0,Beauty,Beauty&Fashion,MAPPED,instagram,november,2022
25,milliebobbybrown,Millie Bobby Brown,Cinema & Actors/actresses,58500000.0,Brazil,3400000.0,4300000.0,,Entertainment,MAPPED,instagram,november,2022
26,roses_are_rosie,ROSÉ,Music,63200000.0,Indonesia,3300000.0,3800000.0,,Music,MAPPED,instagram,november,2022
27,badbunnypr,,Music,43100000.0,United States,3600000.0,5600000.0,,Music,MAPPED,instagram,november,2022
28,rkive,RM,Lifestyle,38200000.0,,6100000.0,6100000.0,Music,Lifestyle,MAPPED,instagram,november,2022
29,jlo,Jennifer Lopez,Music,221600000.0,United States,796100.0,1000000.0,Cinema & Actors/actresses,Music,MAPPED,instagram,november,2022
30,zayn,Zayn Malik,Music,46900000.0,India,2800000.0,4400000.0,,Music,MAPPED,instagram,november,2022
31,jungkook.97,전 정국 이올시다,Music,46500000.0,,4200000.0,4200000.0,,Music,MAPPED,instagram,november,2022
32,instagram,Instagram,Photography,549300000.0,India,288500.0,360400.0,,Lifestyle,MAPPED,instagram,november,2022
33,bts.bighitofficial,BTS official,Music,67800000.0,Indonesia,2500000.0,2800000.0,,Music,MAPPED,instagram,november,2022
34,kourtneykardash,Kourtney Kardashian Barker,Lifestyle,197600000.0,United States,668300.0,958100.0,,Lifestyle,MAPPED,instagram,november,2022
35,champagnepapi,champagnepapi,Music,121100000.0,United States,854200.0,1400000.0,,Music,MAPPED,instagram,november,2022
36,therock,Dwayne Johnson,Cinema & Actors/actresses,338100000.0,India,360200.0,462400.0,Fitness & Gym,Entertainment,MAPPED,instagram,november,2022
37,kingjames,👑,Sports with a ball,133000000.0,United States,623600.0,1100000.0,,Sports,MAPPED,instagram,november,2022
38,narendramodi,Narendra Modi,Finance & Economics,69900000.0,India,1800000.0,2000000.0,Business & Careers,Knowledge&Info,MAPPED,instagram,november,2022
39,khloekardashian,Khloé Kardashian,Clothing & Outfits,272000000.0,United States,394800.0,489700.0,Lifestyle,Beauty&Fashion,MAPPED,instagram,november,2022
40,shawnmendes,Shawn Mendes,Music,70000000.0,Brazil,1200000.0,1800000.0,,Music,MAPPED,instagram,november,2022
41,dualipa,DUA LIPA,Music,87000000.0,United States,1100000.0,1400000.0,,Music,MAPPED,instagram,november,2022
42,dlwlrma,이지금 IU,Art/Artists,27800000.0,South Korea,3700000.0,4400000.0,,Lifestyle,MAPPED,instagram,november,2022
43,eunwo.o_c,차은우,Music,30500000.0,Indonesia,3100000.0,3900000.0,Lifestyle,Music,MAPPED,instagram,november,2022
44,harrystyles,,Music,47400000.0,United States,1800000.0,2400000.0,Fashion,Music,MAPPED,instagram,november,2022
45,katrinakaif,Katrina Kaif,Beauty,67300000.0,India,1400000.0,1600000.0,,Beauty&Fashion,MAPPED,instagram,november,2022
46,nasa,NASA,Science,82900000.0,India,1100000.0,1300000.0,Photography,Tech&Gaming,MAPPED,instagram,november,2022
47,k.mbappe,Kylian Mbappé,Sports with a ball,72600000.0,France,975000.0,1400000.0,,Sports,MAPPED,instagram,november,2022
48,adele,Adele,Music,50900000.0,United States,1400000.0,2000000.0,,Music,MAPPED,instagram,november,2022
49,actorleeminho,이민호 leeminho,Cinema & Actors/actresses,30800000.0,Indonesia,2500000.0,3200000.0,,Entertainment,MAPPED,instagram,november,2022
50,shraddhakapoor,Shraddha ✶,Cinema & Actors/actresses,74900000.0,India,1100000.0,1300000.0,,Entertainment,MAPPED,instagram,november,2022
51,shraddhakapoor,Shraddha ✶,Cinema & Actors/actresses,74900000.0,India,1100000.0,1300000.0,,Entertainment,MAPPED,instagram,november,2022
52,anushkasharma,AnushkaSharma1588,Cinema & Actors/actresses,59800000.0,India,1400000.0,1600000.0,,Entertainment,MAPPED,instagram,november,2022
53,realmadrid,Real Madrid C.F.,Sports with a ball,125200000.0,Spain,518700.00000000006,720800.0,,Sports,MAPPED,instagram,november,2022
54,oliviarodrigo,Olivia Rodrigo,Music,27900000.0,India,2500000.0,3100000.0,Cinema & Actors/actresses,Music,MAPPED,instagram,november,2022
55,blakelively,Blake Lively,Cinema & Actors/actresses,35200000.0,United States,1500000.0,2300000.0,,Entertainment,MAPPED,instagram,november,2022
56,nickiminaj,Barbie,Music,200900000.0,United States,252500.0,398800.0,,Music,MAPPED,instagram,november,2022
57,handemiyy,Hande Erçel,Cinema & Actors/actresses,28900000.0,Turkey,2100000.0,2700000.0,,Entertainment,MAPPED,instagram,november,2022
58,georginagio,Georgina Rodríguez,Lifestyle,39200000.0,India,1400000.0,2000000.0,Fashion,Lifestyle,MAPPED,instagram,november,2022
59,haileybieber,Hailey Rhode Baldwin Bieber,Lifestyle,48000000.0,United States,1200000.0,1600000.0,Modeling,Lifestyle,MAPPED,instagram,november,2022
60,sadiesink_,Sadie Sink,Modeling,24800000.0,Brazil,2100000.0,3000000.0,Lifestyle,Beauty&Fashion,MAPPED,instagram,november,2022
61,ester_exposito,Ester 🌙,Cinema & Actors/actresses,29200000.0,Mexico,1700000.0,2500000.0,,Entertainment,MAPPED,instagram,november,2022
62,fcbarcelona,FC Barcelona,Sports with a ball,112300000.0,Indonesia,417500.0,636600.0,,Sports,MAPPED,instagram,november,2022
63,willsmith,Will Smith,Cinema & Actors/actresses,63500000.0,United States,926600.0,1100000.0,Music,Entertainment,MAPPED,instagram,november,2022
64,johnnydepp,Johnny Depp,Cinema & Actors/actresses,27700000.0,India,1900000.0,2500000.0,Music,Entertainment,MAPPED,instagram,november,2022
65,jongsuk0206,이종석,Cinema & Actors/actresses,23800000.0,Indonesia,2200000.0,2900000.0,,Entertainment,MAPPED,instagram,november,2022
66,kimberly.loaiza,KIM LOAIZA 🖤,Clothing & Outfits,36000000.0,Mexico,1500000.0,1800000.0,Lifestyle,Beauty&Fashion,MAPPED,instagram,november,2022
67,dovecameron,DOVE,Cinema & Actors/actresses,48300000.0,United States,1000000.0,1300000.0,,Entertainment,MAPPED,instagram,november,2022
68,beingsalmankhan,Salman Khan,Cinema & Actors/actresses,54300000.0,India,899100.0,1200000.0,Art/Artists,Entertainment,MAPPED,instagram,november,2022
69,bellahadid,Bella 🦋,Modeling,54700000.0,United States,700700.0,1100000.0,,Beauty&Fashion,MAPPED,instagram,november,2022
70,karimbenzema,Karim Benzema,Sports with a ball,57900000.0,France,729700.0,1100000.0,,Sports,MAPPED,instagram,november,2022
71,gigihadid,Gigi Hadid,Modeling,75700000.0,United States,544900.0,800400.0,Lifestyle,Beauty&Fashion,MAPPED,instagram,november,2022
72,bn_sj2013,박서준,Cinema & Actors/actresses,22800000.0,Indonesia,2200000.0,2600000.0,Modeling,Entertainment,MAPPED,instagram,november,2022
73,lelepons,Lele Pons,Music,49400000.0,Mexico,759900.0,1200000.0,,Music,MAPPED,instagram,november,2022
74,gal_gadot,Gal Gadot,Cinema & Actors/actresses,86700000.0,United States,520700.00000000006,673100.0,,Entertainment,MAPPED,instagram,november,2022
75,aliaabhatt,Alia Bhatt 🤍☀️,Cinema & Actors/actresses,70000000.0,India,662300.0,820100.0,,Entertainment,MAPPED,instagram,november,2022
76,ddlovato,Demi Lovato,Music,139500000.0,United States,318000.0,411900.0,,Music,MAPPED,instagram,november,2022
77,blackpinkofficial,BLΛƆKPIИK,Music,49700000.0,Indonesia,917700.0,1100000.0,,Music,MAPPED,instagram,november,2022
78,maluma,MALUMA,Music,62900000.0,Italy,577900.0,890400.0,,Music,MAPPED,instagram,november,2022
79,charlidamelio,charli,Lifestyle,49200000.0,United States,963100.0,1100000.0,Shows,Lifestyle,MAPPED,instagram,november,2022
80,niallhoran,Niall Horan,Music,30500000.0,United States,1200000.0,1700000.0,,Music,MAPPED,instagram,november,2022
81,zacefron,Zac Efron,Cinema & Actors/actresses,54700000.0,United States,639500.0,926600.0,,Entertainment,MAPPED,instagram,november,2022
82,virginia,Virginia Fonseca Costa,Shows,39400000.0,Brazil,819800.0,1300000.0,Lifestyle,Entertainment,MAPPED,instagram,november,2022
83,theweeknd,The Weeknd,Music,43400000.0,United States,843300.0,1100000.0,,Music,MAPPED,instagram,november,2022
84,madisonbeer,Madison Beer,Music,32600000.0,United States,1000000.0,1500000.0,,Music,MAPPED,instagram,november,2022
85,chrishemsworth,Chris Hemsworth,Cinema & Actors/actresses,56000000.0,India,667100.0,859700.0,,Entertainment,MAPPED,instagram,november,2022
86,camila_cabello,camila,Music,65300000.0,Brazil,538900.0,732700.0,,Music,MAPPED,instagram,november,2022
87,realstraykids,Stray Kids,Music,22800000.0,Indonesia,1700000.0,2000000.0,,Music,MAPPED,instagram,november,2022
88,paulodybala,Paulo Dybala,Sports with a ball,48600000.0,Argentina,588900.0,942700.0,,Sports,MAPPED,instagram,november,2022
89,dojacat,Doja Cat,Music,24400000.0,United States,1400000.0,1900000.0,,Music,MAPPED,instagram,november,2022
90,lilireinhart,Lili Reinhart,Cinema & Actors/actresses,28700000.0,Brazil,1100000.0,1600000.0,,Entertainment,MAPPED,instagram,november,2022
91,robertdowneyjr,Robert Downey Jr. Official,Cinema & Actors/actresses,53200000.0,India,630800.0,789500.0,,Entertainment,MAPPED,instagram,november,2022
92,oohsehun,SEHUN,Music,23200000.0,Indonesia,1500000.0,1800000.0,,Music,MAPPED,instagram,november,2022
93,natgeo,National Geographic,Nature & landscapes,239500000.0,United States,135800.0,172900.0,Science,Lifestyle,MAPPED,instagram,november,2022
94,whinderssonnunes,Whindersson Nunes,Humor & Fun & Happiness,58800000.0,Brazil,457200.0,704200.0,,Entertainment,MAPPED,instagram,november,2022
95,priyankachopra,Priyanka,Cinema & Actors/actresses,82300000.0,India,409100.0,497300.0,,Entertainment,MAPPED,instagram,november,2022
96,songkang_b,송강,,14800000.0,Mexico,2000000.0,2700000.0,,,,instagram,november,2022
97,chrisevans,Chris Evans,Cinema & Actors/actresses,17800000.0,United States,1900000.0,2300000.0,,Entertainment,MAPPED,instagram,november,2022
98,vindiesel,Vin Diesel,Cinema & Actors/actresses,82900000.0,Brazil,377100.0,488200.0,,Entertainment,MAPPED,instagram,november,2022
99,marcelotwelve,Marcelo Vieira,Sports with a ball,58700000.0,Spain,458100.0,680300.0,,Sports,MAPPED,instagram,november,2022
100,tchalamet,Timothée Chalamet,Cinema & Actors/actresses,18000000.0,United States,1300000.0,2200000.0,,Entertainment,MAPPED,instagram,november,2022
101,nehakakkar,Neha Kakkar (Mrs. Singh),Music,71100000.0,India,460200.0,536900.0,,Music,MAPPED,instagram,november,2022
102,iamsrk,Shah Rukh Khan,Cinema & Actors/actresses,30600000.0,India,976100.0,1200000.0,,Entertainment,MAPPED,instagram,november,2022
103,samantharuthprabhuoffl,Samantha,Beauty,24300000.0,India,1200000.0,1500000.0,Modeling,Beauty&Fashion,MAPPED,instagram,november,2022
104,championsleague,UEFA Champions League,Sports with a ball,98300000.0,Brazil,267000.0,363700.0,,Sports,MAPPED,instagram,november,2022
105,twicetagram,TWICE,Music,26700000.0,Indonesia,1100000.0,1300000.0,Modeling,Music,MAPPED,instagram,november,2022
106,kritisanon,Kriti,Modeling,50800000.0,India,600100.0,699000.0,,Beauty&Fashion,MAPPED,instagram,november,2022
107,rashmika_mandanna,Rashmika Mandanna,Beauty,33600000.0,India,915200.0,1100000.0,Art/Artists,Beauty&Fashion,MAPPED,instagram,november,2022
108,iamzlatanibrahimovic,Zlatan Ibrahimović,Sports with a ball,55700000.0,Italy,410700.0,632500.0,,Sports,MAPPED,instagram,november,2022
109,ursulolita,Úrsula Corberó ✨,Cinema & Actors/actresses,23600000.0,Brazil,1000000.0,1500000.0,Modeling,Entertainment,MAPPED,instagram,november,2022
110,hoooooyeony,Hoyeon,Lifestyle,22900000.0,South Korea,1200000.0,1500000.0,Music,Lifestyle,MAPPED,instagram,november,2022
111,433,433,Sports with a ball,51800000.0,Spain,402800.0,668700.0,,Sports,MAPPED,instagram,november,2022
112,zefelipecantor,Zé,Music,25000000.0,Brazil,786000.0,1400000.0,,Music,MAPPED,instagram,november,2022
113,mosalah,Mohamed Salah,Sports with a ball,52800000.0,Egypt,461500.0,653900.0,,Sports,MAPPED,instagram,november,2022
114,antonelaroccuzzo,Antonela Roccuzzo,Modeling,20200000.0,Argentina,1000000.0,1700000.0,Family,Beauty&Fashion,MAPPED,instagram,november,2022
115,tyga,T-Raww,Music,36800000.0,United States,619300.0,925900.0,,Music,MAPPED,instagram,november,2022
116,lucas_xx444,LUCAS,Art/Artists,11500000.0,Indonesia,2400000.0,3000000.0,,Lifestyle,MAPPED,instagram,november,2022
117,nike,Nike,Fitness & Gym,238500000.0,United States,109500.0,142200.0,Shopping & Retail,Sports,MAPPED,instagram,november,2022
118,addisonraee,Addison Rae,Beauty,39800000.0,United States,538900.0,831600.0,,Beauty&Fashion,MAPPED,instagram,november,2022
119,jacksonwang852g7,Jackson Wang,Music,30100000.0,China,920900.0,1100000.0,,Music,MAPPED,instagram,november,2022
120,madelame,Madelaine Petsch,Cinema & Actors/actresses,25200000.0,Russia,901700.0,1300000.0,,Entertainment,MAPPED,instagram,november,2022
121,vinijr,Vinicius Jr. ⚡️🇧🇷,Sports with a ball,23000000.0,Brazil,758900.0,1400000.0,Lifestyle,Sports,MAPPED,instagram,november,2022
122,jenniferaniston,Jennifer Aniston,Cinema & Actors/actresses,40800000.0,Brazil,529800.0,768900.0,,Entertainment,MAPPED,instagram,november,2022
123,_rl9,Robert Lewandowski,Sports with a ball,29900000.0,Poland,819900.0,1000000.0,,Sports,MAPPED,instagram,november,2022
124,alluarjunonline,Allu Arjun,Cinema & Actors/actresses,19300000.0,India,1300000.0,1600000.0,,Entertainment,MAPPED,instagram,november,2022
125,hi_high_hiy,황인엽,Cinema & Actors/actresses,14800000.0,South Korea,1800000.0,2100000.0,,Entertainment,MAPPED,instagram,november,2022
126,_jeongjaehyun,Jaehyun,,12500000.0,Indonesia,2000000.0,2500000.0,,,,instagram,november,2022
127,vancityreynolds,Ryan Reynolds,Cinema & Actors/actresses,45300000.0,United States,514000.0,676700.0,,Entertainment,MAPPED,instagram,november,2022
128,pewdiepie,PewDiePie,Computers & Gadgets,21800000.0,United States,1200000.0,1400000.0,,Tech&Gaming,MAPPED,instagram,november,2022
129,mrbeast,MrBeast,Shows,20000000.0,United States,1100000.0,1500000.0,Humor & Fun & Happiness,Entertainment,MAPPED,instagram,november,2022
130,dishapatani,disha patani (paatni) 🦋,Cinema & Actors/actresses,53700000.0,India,454500.0,559600.0,Lifestyle,Entertainment,MAPPED,instagram,november,2022
131,kartikaaryan,KARTIK AARYAN,Cinema & Actors/actresses,26100000.0,India,915000.0,1100000.0,,Entertainment,MAPPED,instagram,november,2022
132,henrycavill,Henry Cavill,Cinema & Actors/actresses,21800000.0,Brazil,1100000.0,1400000.0,,Entertainment,MAPPED,instagram,november,2022
133,rosalia.vt,LA ROSALÍA,Music,22200000.0,Spain,981900.0,1300000.0,,Music,MAPPED,instagram,november,2022
134,hardikpandya93,Hardik Himanshu Pandya,Sports with a ball,23200000.0,India,980300.0,1200000.0,,Sports,MAPPED,instagram,november,2022
135,ronaldinho,Ronaldo de Assis Moreira,Sports with a ball,68000000.0,Brazil,236900.0,412100.0,,Sports,MAPPED,instagram,november,2022
136,davidbeckham,David Beckham,Family,75300000.0,India,281400.0,361200.0,Sports with a ball,Lifestyle,MAPPED,instagram,november,2022
137,sydney_sweeney,Sydney Sweeney,Lifestyle,14300000.0,United States,994800.0,1900000.0,Cinema & Actors/actresses,Lifestyle,MAPPED,instagram,november,2022
138,sergioramos,Sergio Ramos,Sports with a ball,53300000.0,Spain,325300.0,498600.0,,Sports,MAPPED,instagram,november,2022
139,alexademie,,Music,11500000.0,United States,1300000.0,2300000.0,,Music,MAPPED,instagram,november,2022
140,hi_songjoongki,송중기 songjoongki official,Cinema & Actors/actresses,9700000.0,Indonesia,2000000.0,2800000.0,,Entertainment,MAPPED,instagram,november,2022
141,thenameisyash,Yash,Cinema & Actors/actresses,11300000.0,India,2000000.0,2300000.0,,Entertainment,MAPPED,instagram,november,2022
142,thedeverakonda,Vijay Deverakonda,Cinema & Actors/actresses,17500000.0,India,1300000.0,1500000.0,,Entertainment,MAPPED,instagram,november,2022
143,jamesrodriguez10,James Rodríguez,Sports with a ball,50000000.0,Colombia,346200.0,526400.0,,Sports,MAPPED,instagram,november,2022
144,shakira,Shakira,Music,76200000.0,India,250800.0,343300.0,,Music,MAPPED,instagram,november,2022
145,deepikapadukone,Deepika Padukone,Cinema & Actors/actresses,69100000.0,India,285700.0,372700.0,,Entertainment,MAPPED,instagram,november,2022
146,hegdepooja,Pooja Hegde,Cinema & Actors/actresses,21400000.0,India,1000000.0,1200000.0,,Entertainment,MAPPED,instagram,november,2022
147,rohittt_09_,𝐑𝐨𝐡𝐢𝐭 𝐙𝐢𝐧𝐣𝐮𝐫𝐤𝐞 ~ 𝐫𝐞𝐚𝐜𝐭𝐢𝐨𝐧𝐛𝐨𝐢 💫,Shows,24100000.0,India,738400.0,1000000.0,Lifestyle,Entertainment,MAPPED,instagram,november,2022
148,bizarrap,BZRP,Music,15100000.0,Argentina,1300000.0,1600000.0,,Music,MAPPED,instagram,november,2022
149,norafatehi,Nora Fatehi,Cinema & Actors/actresses,42200000.0,India,473500.0,582700.0,Music,Entertainment,MAPPED,instagram,november,2022
150,manchesterunited,Manchester United,Sports with a ball,60700000.0,United Kingdom,251400.0,402200.0,,Sports,MAPPED,instagram,november,2022
151,sabrinacarpenter,Sabrina Carpenter,Music,27700000.0,Brazil,710000.0,871400.0,,Music,MAPPED,instagram,november,2022
152,hazardeden_10,Eden Hazard,Sports with a ball,27200000.0,Spain,550300.0,887100.0,,Sports,MAPPED,instagram,november,2022
153,lewishamilton,Lewis Hamilton,Racing Sports,29800000.0,Brazil,557400.0,799600.0,,Sports,MAPPED,instagram,november,2022
154,urvashirautela,Urvashi Rautela,Cinema & Actors/actresses,56500000.0,India,356000.0,420500.0,,Entertainment,MAPPED,instagram,november,2022
155,emmachamberlain,emma chamberlain,Lifestyle,16100000.000000002,United States,948900.0,1500000.0,Shows,Lifestyle,MAPPED,instagram,november,2022
156,katyperry,KATY PERRY,Music,172700000.0,Brazil,106500.0,137700.0,,Music,MAPPED,instagram,november,2022
157,sidhu_moosewala,Sidhu Moosewala (ਮੂਸੇ ਆਲਾ),Lifestyle,11200000.0,India,1800000.0,2200000.0,,Lifestyle,MAPPED,instagram,november,2022
158,saraalikhan95,Sara Ali Khan,Cinema & Actors/actresses,41100000.0,India,465400.0,567900.0,,Entertainment,MAPPED,instagram,november,2022
159,luisitocomunica,Luisillo El Pillo,Humor & Fun & Happiness,32500000.0,Mexico,543000.0,717500.0,Clothing & Outfits,Entertainment,MAPPED,instagram,november,2022
160,shahidkapoor,Shahid Kapoor,Cinema & Actors/actresses,35700000.0,India,572300.0,648300.0,,Entertainment,MAPPED,instagram,november,2022
161,paulpogba,Paul Labile Pogba,Sports with a ball,55400000.0,Brazil,231400.0,412400.0,,Sports,MAPPED,instagram,november,2022
162,casemiro,Casemiro,Sports with a ball,17500000.0,Brazil,870700.0,1300000.0,,Sports,MAPPED,instagram,november,2022
163,emrata,Emily Ratajkowski,Modeling,29400000.0,United States,482200.0,769700.0,,Beauty&Fashion,MAPPED,instagram,november,2022
164,imhyoseop,안효섭,Lifestyle,9000000.0,Indonesia,2200000.0,2500000.0,,Lifestyle,MAPPED,instagram,november,2022
165,hrithikroshan,Hrithik Roshan,Cinema & Actors/actresses,43900000.0,India,406600.0,514900.0,,Entertainment,MAPPED,instagram,november,2022
166,jichangwook,지창욱,Cinema & Actors/actresses,21400000.0,Indonesia,828300.0,1100000.0,,Entertainment,MAPPED,instagram,november,2022
167,camimendes,camila mendes,Cinema & Actors/actresses,26900000.0,Brazil,594800.0,824300.0,,Entertainment,MAPPED,instagram,november,2022
168,na.jaemin0813,JAEMIN,,10100000.0,Indonesia,1800000.0,2200000.0,,,,instagram,november,2022
169,seonho__kim,김선호,,8199999.999999999,Indonesia,2200000.0,2800000.0,,,,instagram,november,2022
170,zkdlin,KAI,Music,14200000.0,Indonesia,1300000.0,1600000.0,,Music,MAPPED,instagram,november,2022
171,lanarhoades,Lana Rhoades,Lifestyle,16600000.000000002,United States,802800.0,1300000.0,Modeling,Lifestyle,MAPPED,instagram,november,2022
172,iambeckyg,Becky G,Music,33600000.0,Mexico,530100.0,638900.0,,Music,MAPPED,instagram,november,2022
173,kiaraaliaadvani,KIARA,Cinema & Actors/actresses,25100000.0,India,754000.0,855500.0,,Entertainment,MAPPED,instagram,november,2022
174,varundvn,VarunDhawan,Cinema & Actors/actresses,44300000.0,India,395400.0,481700.0,,Entertainment,MAPPED,instagram,november,2022
175,akshaykumar,Akshay Kumar,Cinema & Actors/actresses,63300000.0,India,281500.0,334600.0,,Entertainment,MAPPED,instagram,november,2022
176,leedongwook_official,이동욱 (Official_Instagram),Cinema & Actors/actresses,14800000.0,Indonesia,1100000.0,1400000.0,,Entertainment,MAPPED,instagram,november,2022
177,anitta,Anitta 🎤,Music,63300000.0,Brazil,173300.0,324600.0,,Music,MAPPED,instagram,november,2022
178,strangerthingstv,Stranger Things Netflix,Cinema & Actors/actresses,22600000.0,Brazil,662500.0,886600.0,Shows,Entertainment,MAPPED,instagram,november,2022
179,loganpaul,Logan Paul,Fitness & Gym,23900000.0,United States,625000.0,833400.0,,Sports,MAPPED,instagram,november,2022
180,jannatzubair29,Jannat Zubair Rahmani,Cinema & Actors/actresses,44500000.0,India,361300.0,440200.0,,Entertainment,MAPPED,instagram,november,2022
181,domelipa,domelipa,Lifestyle,19900000.0,Mexico,800000.0,974600.0,,Lifestyle,MAPPED,instagram,november,2022
182,bambam1a,BamBam,Music,16800000.0,Brazil,925800.0,1200000.0,,Music,MAPPED,instagram,november,2022
183,daddyyankee,Daddy Yankee,Music,45900000.0,Argentina,303300.0,423400.0,,Music,MAPPED,instagram,november,2022
184,erling.haaland,Erling Braut Haaland,Lifestyle,18300000.0,Brazil,701000.0,1000000.0,Sports with a ball,Lifestyle,MAPPED,instagram,november,2022
185,cznburak,Burak Özdemir,Food & Cooking,41000000.0,Turkey,341300.0,462900.0,,Lifestyle,MAPPED,instagram,november,2022
186,miakhalifa,Mia K.,Fitness & Gym,27700000.0,India,416900.0,666800.0,Lifestyle,Sports,MAPPED,instagram,november,2022
187,onyourm__ark,Mark,Lifestyle,9400000.0,Indonesia,1600000.0,2000000.0,,Lifestyle,MAPPED,instagram,november,2022
188,lilbaby,,Music,20400000.0,United States,485900.0,896600.0,,Music,MAPPED,instagram,november,2022
189,anuel,“REAL HASTA LA MUERTE”,Music,29600000.0,Spain,404200.0,615800.0,,Music,MAPPED,instagram,november,2022
190,enhypen,ENHYPEN,Lifestyle,11000000.0,Indonesia,1200000.0,1600000.0,,Lifestyle,MAPPED,instagram,november,2022
191,iamhalsey,halsey,Music,30600000.0,United States,440900.0,580300.0,,Music,MAPPED,instagram,november,2022
192,momo,모모 (MOMO),Lifestyle,8100000.0,Turkey,1500000.0,2200000.0,,Lifestyle,MAPPED,instagram,november,2022
193,do0_nct,Doyoung,Lifestyle,10500000.0,Indonesia,1300000.0,1700000.0,,Lifestyle,MAPPED,instagram,november,2022
194,zachking,Zach King,Shows,24400000.0,Indonesia,463200.0,713400.0,Humor & Fun & Happiness,Entertainment,MAPPED,instagram,november,2022
195,sunnyleone,Sunny Leone,Beauty,54000000.0,India,236100.0,320000.0,Cinema & Actors/actresses,Beauty&Fashion,MAPPED,instagram,november,2022
196,bbrightvc,bright,Cinema & Actors/actresses,16100000.000000002,Indonesia,887500.0,1100000.0,,Entertainment,MAPPED,instagram,november,2022
197,lukamodric10,Luka Modric,Sports with a ball,25000000.0,Spain,468100.0,686200.0,,Sports,MAPPED,instagram,november,2022
198,gatenm123,Gaten Matarazzo,Music,18800000.0,Brazil,684000.0,903400.0,Cinema & Actors/actresses,Music,MAPPED,instagram,november,2022
199,jamescharles,James Charles,Beauty,22600000.0,United States,510000.0,747600.0,,Beauty&Fashion,MAPPED,instagram,november,2022
200,kapilsharma,Kapil Sharma,Cinema & Actors/actresses,42900000.0,India,346500.0,394700.0,Shows,Entertainment,MAPPED,instagram,november,2022
201,serna_amini,Serna Amini,,9800000.0,Iran,1300000.0,1800000.0,,,,instagram,november,2022
202,josephquinn,Joseph Quinn,Cinema & Actors/actresses,8600000.0,Brazil,1700000.0,2000000.0,,Entertainment,MAPPED,instagram,november,2022
203,kajalaggarwalofficial,Kajal A Kitchlu,Cinema & Actors/actresses,23600000.0,India,589900.0,712900.0,,Entertainment,MAPPED,instagram,november,2022
204,louist91,Louis Tomlinson,Music,18500000.0,Brazil,665300.0,908800.0,,Music,MAPPED,instagram,november,2022
205,madelyncline,Maddie,Cinema & Actors/actresses,12600000.0,United States,913400.0,1300000.0,,Entertainment,MAPPED,instagram,november,2022
206,haileesteinfeld,hailee steinfeld,Cinema & Actors/actresses,19700000.0,United States,657500.0,834800.0,,Entertainment,MAPPED,instagram,november,2022
207,ladygaga,Lady Gaga,Music,53200000.0,United States,220700.0,309100.0,Cinema & Actors/actresses,Music,MAPPED,instagram,november,2022
208,zidane,zidane,Sports with a ball,33900000.0,Spain,355300.0,484500.0,,Sports,MAPPED,instagram,november,2022
209,chrisbrownofficial,BREEZY,Music,118800000.0,United States,88500.0,137900.0,,Music,MAPPED,instagram,november,2022
210,emmawatson,Emma Watson,Literature & Journalism,67300000.0,United States,177200.0,241800.0,Cinema & Actors/actresses,Knowledge&Info,MAPPED,instagram,november,2022
211,nina,Nina Dobrev,Cinema & Actors/actresses,25800000.0,Brazil,432300.0,619700.0,,Entertainment,MAPPED,instagram,november,2022
212,brentrivera,Brent Rivera,Music,22300000.0,United States,558100.0,724300.0,Cinema & Actors/actresses,Music,MAPPED,instagram,november,2022
213,anushkasen0408,Anushka Sen,Cinema & Actors/actresses,38600000.0,India,355600.0,415100.0,,Entertainment,MAPPED,instagram,november,2022
214,juandediospantoja,JD PANTOJA 🇲🇽,Music,22700000.0,Mexico,617700.0,704800.0,Art/Artists,Music,MAPPED,instagram,november,2022
215,emilia_clarke,,Cinema & Actors/actresses,27000000.0,India,468700.0,589900.0,,Entertainment,MAPPED,instagram,november,2022
216,itzy.all.in.us,ITZY,Music,18000000.0,Indonesia,720100.0,880100.0,,Music,MAPPED,instagram,november,2022
217,carryminati,𝑨𝒋𝒆𝒚 𝑵𝒂𝒈𝒂𝒓,Computers & Gadgets,16100000.000000002,India,830300.0,976800.0,Machinery & Technologies,Tech&Gaming,MAPPED,instagram,november,2022
218,nayeonyny,나연 (NAYEON),Lifestyle,8500000.0,Brazil,1600000.0,1900000.0,,Lifestyle,MAPPED,instagram,november,2022
219,riaricis1795,RICIS,Lifestyle,32000000.0,Indonesia,395900.0,484500.0,,Lifestyle,MAPPED,instagram,november,2022
220,sidmalhotra,Sidharth Malhotra,Cinema & Actors/actresses,20800000.0,India,598500.0,744300.0,Modeling,Entertainment,MAPPED,instagram,november,2022
221,taeyeon_ss,TaeYeon,Music,18800000.0,South Korea,672600.0,817800.0,,Music,MAPPED,instagram,november,2022
222,liluzivert,Lil Uzi Vert,Music,16500000.0,United States,511100.0,939400.0,,Music,MAPPED,instagram,november,2022
223,annehathaway,Anne Hathaway,Cinema & Actors/actresses,24900000.0,United States,466600.0,614800.0,,Entertainment,MAPPED,instagram,november,2022
224,nct,NCT Official Instagram,Music,14700000.0,Indonesia,837500.0,1000000.0,,Music,MAPPED,instagram,november,2022
225,ananyapanday,Ananya 💛💫,Cinema & Actors/actresses,23800000.0,India,544600.0,636100.0,,Entertainment,MAPPED,instagram,november,2022
226,thinkaboutzu,쯔위 (TZUYU),,8100000.0,India,1600000.0,1900000.0,,,,instagram,november,2022
227,tinistoessel,LaTripleT,Music,18700000.0,Argentina,604200.0,808800.0,,Music,MAPPED,instagram,november,2022
228,m.by__sana,사나 (SANA),Lifestyle,7600000.0,Yemen,1700000.0,2000000.0,,Lifestyle,MAPPED,instagram,november,2022
229,sachintendulkar,Sachin Tendulkar,Sports with a ball,35800000.0,India,343600.0,411900.0,Lifestyle,Sports,MAPPED,instagram,november,2022
230,janhvikapoor,Janhvi Kapoor,Lifestyle,18600000.0,India,664400.0,792600.0,Cinema & Actors/actresses,Lifestyle,MAPPED,instagram,november,2022
231,tatawerneck,Tata Werneck,Cinema & Actors/actresses,54300000.0,Brazil,174800.0,271300.0,Family,Entertainment,MAPPED,instagram,november,2022
232,tigerjackieshroff,Tiger Shroff,Cinema & Actors/actresses,35900000.0,India,337300.0,411000.0,,Entertainment,MAPPED,instagram,november,2022
233,therealcalebmclaughlin,Caleb McLaughlin,Cinema & Actors/actresses,15400000.0,United States,644200.0,946000.0,Lifestyle,Entertainment,MAPPED,instagram,november,2022
234,jessicah_o,Jessi / 제시,Music,12700000.0,United States,901300.0,1200000.0,,Music,MAPPED,instagram,november,2022
235,skuukzky,숮이  💄💅👡👠🎀👙🌂👗🌂🎀💋💌,Clothing & Outfits,18000000.0,Indonesia,656400.0,810000.0,Music,Beauty&Fashion,MAPPED,instagram,november,2022
236,jbalvin,J Balvin,Music,52900000.0,Mexico,210700.0,276600.0,,Music,MAPPED,instagram,november,2022
237,bretmanrock,Bretman (Da Baddest) Rock,Art/Artists,18500000.0,United States,466600.0,785600.0,Beauty,Lifestyle,MAPPED,instagram,november,2022
238,iamferv,fer,Lifestyle,10700000.0,Mexico,922800.0,1400000.0,Art/Artists,Lifestyle,MAPPED,instagram,november,2022
239,awez_darbar,Awez Darbar,Shows,23800000.0,India,503200.0,602900.0,Cinema & Actors/actresses,Entertainment,MAPPED,instagram,november,2022
240,paulolondra,Paulo londra,Music,13700000.0,Argentina,669600.0,1000000.0,,Music,MAPPED,instagram,november,2022
241,somsomi0309,ENNIK 전소미,Music,15700000.0,Indonesia,751600.0,908900.0,,Music,MAPPED,instagram,november,2022
242,angelrai07,Angel Rai :),Cinema & Actors/actresses,23200000.0,India,512799.99999999994,618100.0,Art/Artists,Entertainment,MAPPED,instagram,november,2022
243,theestallion,Megan Thee Stallion,Music,29800000.0,United States,274600.0,479600.0,,Music,MAPPED,instagram,november,2022
244,lilyjcollins,Lily Collins,Cinema & Actors/actresses,26800000.0,United States,350900.0,522500.0,,Entertainment,MAPPED,instagram,november,2022
245,brunomars,Bruno Mars,Music,26100000.0,Brazil,356800.0,541200.0,,Music,MAPPED,instagram,november,2022
246,keerthysureshofficial,Keerthy Suresh,Beauty,13600000.0,India,894400.0,1000000.0,Cinema & Actors/actresses,Beauty&Fashion,MAPPED,instagram,november,2022
247,justintimberlake,Justin Timberlake,Music,65800000.0,United States,158700.0,212100.0,Art/Artists,Music,MAPPED,instagram,november,2022
248,_imyour_joy,Joy,Lifestyle,14300000.0,Indonesia,809100.0,967200.0,,Lifestyle,MAPPED,instagram,november,2022
249,michaelbjordan,Michael B. Jordan,Cinema & Actors/actresses,18700000.0,United States,442700.0,733800.0,,Entertainment,MAPPED,instagram,november,2022
250,riyaz.14,Riyaz Aly,Lifestyle,27400000.0,India,389400.0,507100.0,Art/Artists,Lifestyle,MAPPED,instagram,november,2022
251,lizgillz,Elizabeth Gillies,Music,14000000.0,Mexico,666100.0,964400.0,Cinema & Actors/actresses,Music,MAPPED,instagram,november,2022
252,greeicy,Greeicy,Shows,21400000.0,Colombia,471100.0,632300.0,Cinema & Actors/actresses,Entertainment,MAPPED,instagram,november,2022
253,carlinhosmaiaof,Carlinhos Maia🌻,Lifestyle,26100000.0,Brazil,287600.0,527700.0,,Lifestyle,MAPPED,instagram,november,2022
254,iansomerhalder,iansomerhalder,Cinema & Actors/actresses,23400000.0,United States,378700.0,566300.0,,Entertainment,MAPPED,instagram,november,2022
255,marshmello,marshmello,Music,29600000.0,United States,308200.0,445200.0,,Music,MAPPED,instagram,november,2022
256,kevinhart4real,Kevin Hart,Cinema & Actors/actresses,152500000.0,United States,68900.0,87300.0,,Entertainment,MAPPED,instagram,november,2022
257,dixiedamelio,dixie,Music,24700000.0,United States,362600.0,531000.0,Clothing & Outfits,Music,MAPPED,instagram,november,2022
258,min9yu_k,김민규,Music,7700000.0,Indonesia,1400000.0,1700000.0,,Music,MAPPED,instagram,november,2022
259,chaeyo.0,채영 (CHAEYOUNG),Lifestyle,7100000.0,Philippines,1700000.0,1900000.0,,Lifestyle,MAPPED,instagram,november,2022
260,aron.piper,ARON🌜🌞,Music,13600000.0,Brazil,508500.0,957900.0,Lifestyle,Music,MAPPED,instagram,november,2022
261,ranveersingh,Ranveer Singh,Cinema & Actors/actresses,41100000.0,India,242900.0,316200.0,Modeling,Entertainment,MAPPED,instagram,november,2022
262,luissuarez9,Luis Suárez,Sports with a ball,44400000.0,Brazil,195000.0,292100.0,,Sports,MAPPED,instagram,november,2022
263,postmalone,,Music,22900000.0,United States,366400.0,560100.0,,Music,MAPPED,instagram,november,2022
264,katherinelangford,KATHERINE LANGFORD,Cinema & Actors/actresses,29700000.0,India,301000.0,429200.0,,Entertainment,MAPPED,instagram,november,2022
265,kehlani,Kehlani,Music,14200000.0,United States,573500.0,892700.0,Family,Music,MAPPED,instagram,november,2022
266,coldplay,Coldplay,Music,18600000.0,Brazil,489500.0,682400.0,,Music,MAPPED,instagram,november,2022
267,samoylovaoxana,Samoylova Oxana,Family,15300000.0,Russia,605000.0,820400.0,Lifestyle,Lifestyle,MAPPED,instagram,november,2022
268,lestykejora,Lestikejora,Music,26000000.0,Indonesia,370800.0,479900.0,,Music,MAPPED,instagram,november,2022
269,xxxibgdrgn,권지용(權志龍),Photography,21300000.0,Indonesia,453600.0,574900.0,Fashion,Lifestyle,MAPPED,instagram,november,2022
270,garethbale11,Gareth Bale,Sports with a ball,48100000.0,Spain,161500.0,253100.0,,Sports,MAPPED,instagram,november,2022
271,yellow_3to3,REN JUN,Lifestyle,6300000.0,Indonesia,1600000.0,2000000.0,Music,Lifestyle,MAPPED,instagram,november,2022
272,yoona__lim,,Cinema & Actors/actresses,14100000.0,Indonesia,724000.0,866100.0,,Entertainment,MAPPED,instagram,november,2022
273,sophiet,S O P H I E T U R N E R,Cinema & Actors/actresses,14700000.0,United States,608800.0,818500.0,,Entertainment,MAPPED,instagram,november,2022
274,_zyozyo,JIHYO,Lifestyle,6800000.0,Indonesia,1400000.0,1800000.0,,Lifestyle,MAPPED,instagram,november,2022
275,holyhaein,정해인,Lifestyle,10300000.0,Indonesia,946500.0,1200000.0,Music,Lifestyle,MAPPED,instagram,november,2022
276,heybiblee,이성경,Modeling,14500000.0,Indonesia,604900.0,816600.0,,Beauty&Fashion,MAPPED,instagram,november,2022
277,klrahul,KL Rahul👑,Sports with a ball,13100000.0,India,709600.0,906100.0,,Sports,MAPPED,instagram,november,2022
278,e_xiu_o,XIUMIN,Music,8199999.999999999,Indonesia,1300000.0,1500000.0,,Music,MAPPED,instagram,november,2022
279,brunamarquezine,Bruna Marquezine,Cinema & Actors/actresses,43200000.0,Brazil,159600.0,276500.0,,Entertainment,MAPPED,instagram,november,2022
280,manurios,Manu Rios,Shows,11000000.0,Mexico,637600.0,1100000.0,,Entertainment,MAPPED,instagram,november,2022
281,m10_official,Mesut Özil,Sports with a ball,24100000.0,Turkey,346500.0,486000.0,,Sports,MAPPED,instagram,november,2022
282,ashishchanchlani,Ashish Chanchlani,Cinema & Actors/actresses,14600000.0,India,651200.0,796200.0,,Entertainment,MAPPED,instagram,november,2022
283,realbarbarapalvin,Barbara Palvin,Modeling,18300000.0,Russia,471800.0,636700.0,Fashion,Beauty&Fashion,MAPPED,instagram,november,2022
284,juliette,Juliette,Cinema & Actors/actresses,33299999.999999996,Brazil,223400.0,355100.0,,Entertainment,MAPPED,instagram,november,2022
285,bhuvan.bam22,Bhuvan Bam,Cinema & Actors/actresses,14800000.0,India,629000.0,778600.0,,Entertainment,MAPPED,instagram,november,2022
286,kunaguero,Sergio Leonel Agüero,Sports with a ball,23900000.0,Argentina,278500.0,481600.0,,Sports,MAPPED,instagram,november,2022
287,wizkhalifa,Wiz Khalifa,Music,39000000.0,India,209000.0,292600.0,Art/Artists,Music,MAPPED,instagram,november,2022
288,perrieedwards,Perrie Edwards 🖤,Modeling,15900000.0,Brazil,457200.0,713600.0,,Beauty&Fashion,MAPPED,instagram,november,2022
289,burakozcivit,Burak Özçivit,Cinema & Actors/actresses,22100000.0,Turkey,426400.0,517500.0,,Entertainment,MAPPED,instagram,november,2022
290,kimjuncotton,SUHO,Lifestyle,10400000.0,Indonesia,920800.0,1100000.0,Music,Lifestyle,MAPPED,instagram,november,2022
291,psg,Paris Saint-Germain,Sports with a ball,62700000.0,Brazil,107500.0,179500.0,,Sports,MAPPED,instagram,november,2022
292,evaluna,Evaluna Montaner de Echeverry,Family,20700000.0,Argentina,392100.0,540300.0,Music,Lifestyle,MAPPED,instagram,november,2022
293,iammichelemorroneofficial,Michele Morrone,Lifestyle,15400000.0,Brazil,508900.0,730400.0,Cinema & Actors/actresses,Lifestyle,MAPPED,instagram,november,2022
294,asaprocky,GRIM,Music,15000000.0,United States,444500.0,742700.0,,Music,MAPPED,instagram,november,2022
295,trippieredd,555,Music,13100000.0,United States,436000.0,854100.0,,Music,MAPPED,instagram,november,2022
296,thenotoriousmma,Conor McGregor Official,Fitness & Gym,45800000.0,United States,166500.0,241300.0,,Sports,MAPPED,instagram,november,2022
297,mina_sr_my,미나 (MINA),,6700000.0,Indonesia,1400000.0,1700000.0,,,,instagram,november,2022
298,nicki.nicole,,Music,12500000.0,Argentina,590800.0,873500.0,,Music,MAPPED,instagram,november,2022
299,cbum,Chris Bumstead,Fitness & Gym,10300000.0,United States,635700.0,1100000.0,,Sports,MAPPED,instagram,november,2022
300,johnnyjsuh,Johnny Suh,Lifestyle,8800000.0,Indonesia,955100.0,1200000.0,Music,Lifestyle,MAPPED,instagram,november,2022
301,kevindebruyne,Kevin De Bruyne,Sports with a ball,19100000.0,United Kingdom,361500.0,559400.0,,Sports,MAPPED,instagram,november,2022
302,hi_sseulgi,슬기 Seulgi,Modeling,12700000.0,Indonesia,667700.0,836900.0,,Beauty&Fashion,MAPPED,instagram,november,2022
303,rauwalejandro,RAULEETO,Music,15100000.0,Spain,487800.0,708000.0,,Music,MAPPED,instagram,november,2022
304,louispartridge_,Louis💐,Cinema & Actors/actresses,7500000.0,United States,957600.0,1400000.0,,Entertainment,MAPPED,instagram,november,2022
305,larasilva,Lara Silva ⚠️,Shows,17400000.0,Brazil,394500.0,608400.0,Adult content,Entertainment,MAPPED,instagram,november,2022
306,eminem,Marshall Mathers,Cinema & Actors/actresses,36600000.0,Iran,221200.0,285600.0,Music,Entertainment,MAPPED,instagram,november,2022
307,keniaos,Kenia Os,Music,13900000.0,Mexico,576300.0,749100.0,,Music,MAPPED,instagram,november,2022
308,bellathorne,BELLA,Music,25400000.0,United States,244400.0,410000.0,Art/Artists,Music,MAPPED,instagram,november,2022
309,ross_lynch,Ross Shor Lynch,Music,10900000.0,United States,472000.0,942500.0,Cinema & Actors/actresses,Music,MAPPED,instagram,november,2022
310,arigameplays,ARIGAMEPLAYS,Lifestyle,11600000.0,Mexico,732700.0,879700.0,Gaming,Lifestyle,MAPPED,instagram,november,2022
311,fedez,FEDEZ,Music,14400000.0,Italy,513600.0,710100.0,,Music,MAPPED,instagram,november,2022
312,txt_bighit,TOMORROW X TOGETHER OFFICIAL,,12900000.0,Indonesia,624500.0,788200.0,,,,instagram,november,2022
313,nattyiceofficial,natalia dyer,Cinema & Actors/actresses,9000000.0,United States,768200.0,1100000.0,Modeling,Entertainment,MAPPED,instagram,november,2022
314,attahalilintar,Atta Halilintar - PAPATA,Art/Artists,24100000.0,Indonesia,307700.0,420500.0,Shows,Lifestyle,MAPPED,instagram,november,2022
315,neslihanatagul,Neslihan Atagül Doğulu,Cinema & Actors/actresses,13500000.0,Turkey,607100.0,775600.0,Modeling,Entertainment,MAPPED,instagram,november,2022
316,wizkidayo,BIG WIZ🦅,Music,15200000.0,Nigeria,351900.0,681600.0,,Music,MAPPED,instagram,november,2022
317,c.syresmith,Jaden Smith,Cinema & Actors/actresses,19200000.0,United States,337100.0,521900.0,Lifestyle,Entertainment,MAPPED,instagram,november,2022
318,xeesoxee,한소희,Lifestyle,9700000.0,Indonesia,793700.0,1000000.0,,Lifestyle,MAPPED,instagram,november,2022
319,sofiacarson,Sofia Carson,Music,20400000.0,Brazil,360600.0,488900.0,Cinema & Actors/actresses,Music,MAPPED,instagram,november,2022
320,duki,Ya Supiste,Music,10700000.0,Argentina,601900.0,926100.0,,Music,MAPPED,instagram,november,2022
321,mr_faisu_07,FAISAL SHAIKH,Modeling,28300000.0,India,278300.0,354700.0,Cinema & Actors/actresses,Beauty&Fashion,MAPPED,instagram,november,2022
322,taeoxo_nct,TAEYONG,Lifestyle,9700000.0,Indonesia,786400.0,1000000.0,Music,Lifestyle,MAPPED,instagram,november,2022
323,sureshraina3,Suresh Raina,Modeling,21200000.0,India,414400.0,467400.0,,Beauty&Fashion,MAPPED,instagram,november,2022
324,nct_dream,NCT DREAM OFFICIAL,Music,10500000.0,Indonesia,843800.0,942800.0,Modeling,Music,MAPPED,instagram,november,2022
325,raphaelvarane,Raphael Varane,Sports with a ball,19600000.0,Spain,332300.0,498700.0,,Sports,MAPPED,instagram,november,2022
326,tenlee_1001,TEN_+•10,Music,10000000.0,Indonesia,781000.0,1000000.0,,Music,MAPPED,instagram,november,2022
327,alexandradaddario,alexandra daddario,Cinema & Actors/actresses,22600000.0,India,353900.0,432400.0,,Entertainment,MAPPED,instagram,november,2022
328,winmetawin,Win Metawin O.,Lifestyle,14100000.0,Philippines,617500.0,698900.0,,Lifestyle,MAPPED,instagram,november,2022
329,chiaraferragni,Chiara Ferragni ✨,Beauty,27900000.0,Italy,210300.0,349000.0,,Beauty&Fashion,MAPPED,instagram,november,2022
330,maya_hawke,Maya Hawke,Cinema & Actors/actresses,10300000.0,United States,683500.0,946200.0,,Entertainment,MAPPED,instagram,november,2022
331,sza,SZA,Music,12600000.0,United States,458000.0,774200.0,,Music,MAPPED,instagram,november,2022
332,wwiinn_7,WINWIN,,7500000.0,Indonesia,1100000.0,1300000.0,,,,instagram,november,2022
333,chadwickboseman,Chadwick Boseman,Cinema & Actors/actresses,11400000.0,Brazil,602300.0,844600.0,Literature & Journalism,Entertainment,MAPPED,instagram,november,2022
334,jadepicon,JADE 🌪,Modeling,21000000.0,Brazil,212600.0,466400.0,Fashion,Beauty&Fashion,MAPPED,instagram,november,2022
335,jy_piece,유정연,,5500000.0,Brazil,1400000.0,1800000.0,,,,instagram,november,2022
336,mont.pantoja,MONT,,12400000.0,Mexico,640300.0,761600.0,,,,instagram,november,2022
337,madhuridixitnene,Madhuri Dixit,Music,33000000.0,India,247500.0,286300.0,Cinema & Actors/actresses,Music,MAPPED,instagram,november,2022
338,ibaillanos,Ibai,Art/Artists,8199999.999999999,Spain,806800.0,1200000.0,,Lifestyle,MAPPED,instagram,november,2022
339,marvelstudios,Marvel Studios,Cinema & Actors/actresses,38300000.0,India,217600.0,244000.0,Comics & sketches,Entertainment,MAPPED,instagram,november,2022
340,haechanahceah,HAECHAN,,4700000.0,Indonesia,1800000.0,2000000.0,,,,instagram,november,2022
341,khabib_nurmagomedov,Хабиб Нурмагомедов,Fitness & Gym,33600000.0,Russia,196800.0,276100.0,,Sports,MAPPED,instagram,november,2022
342,luisasonza,LUÍSA SONZA,Music,30400000.0,Brazil,193000.0,305800.0,Lifestyle,Music,MAPPED,instagram,november,2022
343,hyunah_aa,Hyun Ah,Music,18200000.0,South Korea,415600.0,492700.0,,Music,MAPPED,instagram,november,2022
344,aespa_official,aespa 에스파,Music,9500000.0,Indonesia,662900.0,953200.0,,Music,MAPPED,instagram,november,2022
345,juventus,Juventus,Sports with a ball,55000000.0,India,112300.0,164900.0,,Sports,MAPPED,instagram,november,2022
346,dahhyunnee,다현 (DAHYUN),Music,6400000.0,Brazil,1200000.0,1400000.0,,Music,MAPPED,instagram,november,2022
347,michelleobama,Michelle Obama,Finance & Economics,51000000.0,United States,155000.0,173100.0,Business & Careers,Knowledge&Info,MAPPED,instagram,november,2022
348,houseofhighlights,House of Highlights,Sports with a ball,36100000.0,United States,130000.0,238100.0,,Sports,MAPPED,instagram,november,2022
349,stephencurry30,Wardell Curry,Sports with a ball,46200000.0,United States,138500.0,185300.0,Family,Sports,MAPPED,instagram,november,2022
350,teddysphotos,Ed Sheeran,Music,40500000.0,United States,155700.0,211800.0,,Music,MAPPED,instagram,november,2022
351,premierleague,Premier League,Sports with a ball,59500000.0,United Kingdom,97900.0,142500.0,,Sports,MAPPED,instagram,november,2022
352,avneetkaur_13,Avneet Kaur Official,Cinema & Actors/actresses,32600000.0,India,213800.0,260500.0,,Entertainment,MAPPED,instagram,november,2022
353,joeyking,Joey King,Music,19100000.0,Brazil,308400.0,441400.0,Cinema & Actors/actresses,Music,MAPPED,instagram,november,2022
354,mingue.k,김민규,Lifestyle,6300000.0,Indonesia,1100000.0,1400000.0,Music,Lifestyle,MAPPED,instagram,november,2022
355,bighit_ent,BigHit Music Updates,Music,12800000.0,Indonesia,531300.0,654700.0,,Music,MAPPED,instagram,november,2022
356,jairmessiasbolsonaro,Jair M. Bolsonaro,Finance & Economics,21500000.0,Brazil,288000.0,397500.0,Business & Careers,Knowledge&Info,MAPPED,instagram,november,2022
357,demetozdemir,Demet Özdemir,Cinema & Actors/actresses,15600000.0,India,420300.0,536000.0,,Entertainment,MAPPED,instagram,november,2022
358,sommerray,Sommer Ray,Modeling,26200000.0,United States,202700.0,318100.0,,Beauty&Fashion,MAPPED,instagram,november,2022
359,auba,Pierre-Emerick Aubameyang,Sports with a ball,13300000.0,United Kingdom,393000.0,625000.0,,Sports,MAPPED,instagram,november,2022
360,bronny,,Sports with a ball,6600000.0,United States,689400.0,1300000.0,Winter sports,Sports,MAPPED,instagram,november,2022
361,belindapop,Beli,Music,15600000.0,Mexico,369300.0,529100.0,,Music,MAPPED,instagram,november,2022
362,m_kayoung,MUN KA YOUNG,Cinema & Actors/actresses,8600000.0,Indonesia,730400.0,972000.0,,Entertainment,MAPPED,instagram,november,2022
363,prattprattpratt,Chris Pratt,Cinema & Actors/actresses,38900000.0,United States,161100.0,210900.0,,Entertainment,MAPPED,instagram,november,2022
364,pubity,Pubity,Humor & Fun & Happiness,31800000.0,United States,175900.0,257200.0,,Entertainment,MAPPED,instagram,november,2022
365,yuyacst,𝓨𝒖𝒚𝒂,Modeling,17100000.0,Mexico,309400.0,474900.0,,Beauty&Fashion,MAPPED,instagram,november,2022
366,anguscloud,Angus Cloud,Music,7900000.0,United States,631300.0,1000000.0,,Music,MAPPED,instagram,november,2022
367,liltjay,TJAYYYY 🖤,Lifestyle,7600000.0,United States,590700.0,1100000.0,Music,Lifestyle,MAPPED,instagram,november,2022
368,taina,Tainá Costa,Music,16200000.0,Brazil,239500.0,500100.0,,Music,MAPPED,instagram,november,2022
369,alwaysramcharan,Ram Charan,Cinema & Actors/actresses,8400000.0,India,866500.0,970400.0,,Entertainment,MAPPED,instagram,november,2022
370,joaogomescantor,ACREDITE 🧡,Music,13800000.0,Brazil,214200.0,586200.0,Cinema & Actors/actresses,Music,MAPPED,instagram,november,2022
371,_mariahwasa,HWASA,Music,8300000.000000001,Brazil,756300.0,975900.0,,Music,MAPPED,instagram,november,2022
372,9gag,9GAG: Go Fun The World,Humor & Fun & Happiness,58000000.0,Indonesia,107800.0,138100.0,,Entertainment,MAPPED,instagram,november,2022
373,abdevilliers17,AB de Villiers,Sports with a ball,19000000.0,India,360800.0,416300.0,Lifestyle,Sports,MAPPED,instagram,november,2022
374,davido,Davido,Music,25200000.0,Nigeria,231200.0,323000.0,Lifestyle,Music,MAPPED,instagram,november,2022
375,colesprouse,Cole Sprouse,Modeling,35800000.0,United States,168700.0,220300.0,,Beauty&Fashion,MAPPED,instagram,november,2022
376,adamweitsman,Adam Weitsman,Business & Careers,18500000.0,Russia,313600.0,427600.0,,Knowledge&Info,MAPPED,instagram,november,2022
377,conangray,Conan Gray,Music,6900000.0,Brazil,781300.0,1200000.0,,Music,MAPPED,instagram,november,2022
378,anyataylorjoy,Anya Taylor-Joy,Modeling,9100000.0,United States,610600.0,880000.0,Cinema & Actors/actresses,Beauty&Fashion,MAPPED,instagram,november,2022
379,markruffalo,Mark Ruffalo,Cinema & Actors/actresses,20900000.0,Brazil,298700.0,375900.0,,Entertainment,MAPPED,instagram,november,2022
380,raffinagita1717,Raffi Ahmad and Nagita Slavina,Shows,64300000.0,Indonesia,83600.0,122100.0,,Entertainment,MAPPED,instagram,november,2022
381,lildurk,DURKIOOO,Music,14200000.0,United States,197600.0,556700.0,Art/Artists,Music,MAPPED,instagram,november,2022
382,rohitsharma45,Rohit Sharma,Sports with a ball,25000000.0,India,276800.0,312600.0,Lifestyle,Sports,MAPPED,instagram,november,2022
383,easportsfifa,EA SPORTS FIFA,Sports with a ball,27400000.0,Spain,169700.0,284800.0,,Sports,MAPPED,instagram,november,2022
384,hshq,Harry Styles HQ,Music,6700000.0,United States,670600.0,1200000.0,Cinema & Actors/actresses,Music,MAPPED,instagram,november,2022
385,andressasuita,Andressa Suita,Modeling,15800000.0,Brazil,300400.0,498400.0,,Beauty&Fashion,MAPPED,instagram,november,2022
386,clean_0828,김세정,Lifestyle,8400000.0,Indonesia,756600.0,943500.0,,Lifestyle,MAPPED,instagram,november,2022
387,geneliad,Genelia Deshmukh,Cinema & Actors/actresses,10500000.0,India,595100.0,737200.0,,Entertainment,MAPPED,instagram,november,2022
388,hassan_reyvandi,hasan reyvandi حسن ریوندی,Cinema & Actors/actresses,19800000.0,Iran,285700.0,395000.0,Humor & Fun & Happiness,Entertainment,MAPPED,instagram,november,2022
389,hannahstocking,Hannah Stocking,Modeling,22800000.0,United States,238700.0,339300.0,,Beauty&Fashion,MAPPED,instagram,november,2022
390,yuu_taa_1026,中本悠太　YUTA,,8600000.0,Indonesia,697200.0,913200.0,,,,instagram,november,2022
391,nba_youngboy,PAIN REAL.🩸,Art/Artists,10600000.0,United States,387500.0,749800.0,Music,Lifestyle,MAPPED,instagram,november,2022
392,miguel.g.herran,Miguel Herrán,Cinema & Actors/actresses,13700000.0,Brazil,369700.0,556300.0,,Entertainment,MAPPED,instagram,november,2022
393,anupamaparameswaran96,Anupama Parameswaran,Cinema & Actors/actresses,12500000.0,India,531800.0,608400.0,,Entertainment,MAPPED,instagram,november,2022
394,dntlrdl,CHOIWOOSHIK,Lifestyle,6900000.0,Indonesia,852400.0,1100000.0,,Lifestyle,MAPPED,instagram,november,2022
395,gianlucavacchi,Gianluca Vacchi,Lifestyle,22500000.0,Brazil,217900.0,335200.0,,Lifestyle,MAPPED,instagram,november,2022
396,antogriezmann,Antoine Griezmann,Sports with a ball,36600000.0,Spain,127400.0,205400.0,,Sports,MAPPED,instagram,november,2022
397,fabriziorom,Fabrizio Romano,Literature & Journalism,11000000.0,Italy,395700.0,684500.0,Shows,Knowledge&Info,MAPPED,instagram,november,2022
398,britneyspears,Channel 8,Music,42100000.0,United States,130300.00000000001,182100.0,,Music,MAPPED,instagram,november,2022
399,jheneaiko,Jhené Aiko Efuru Chilombo 🔮,Music,15100000.0,United States,282000.0,494600.0,,Music,MAPPED,instagram,november,2022
400,alfinetei,Alfinetadas Dos Famosos 📌,Humor & Fun & Happiness,21900000.0,Brazil,154600.0,347800.0,,Entertainment,MAPPED,instagram,november,2022
401,prillylatuconsina96,Prilly Latuconsina,Cinema & Actors/actresses,49200000.0,Indonesia,107800.0,151700.0,Music,Entertainment,MAPPED,instagram,november,2022
402,kjapa,KJ Apa,Cinema & Actors/actresses,18500000.0,United States,281600.0,402200.0,,Entertainment,MAPPED,instagram,november,2022
403,juanpazurita,Juanpa Zurita,Cinema & Actors/actresses,30500000.0,Mexico,171000.0,243400.0,,Entertainment,MAPPED,instagram,november,2022
404,pugachevmark,Mark Pugachev,Cars & Motorbikes,15100000.0,Russia,334700.0,491700.0,Luxury,Other,MAPPED,instagram,november,2022
405,layzhang,Lay Zhang,Music,14200000.0,Indonesia,499000.0,528900.0,,Music,MAPPED,instagram,november,2022
406,maisa,+A,Music,45000000.0,Brazil,121200.0,165100.0,,Music,MAPPED,instagram,november,2022
407,hunterschafer,Hunter,Lifestyle,7200000.0,United States,633400.0,1000000.0,Music,Lifestyle,MAPPED,instagram,november,2022
408,amandacerny,Amanda 𝕮𝖊𝖗𝖓𝖞,Humor & Fun & Happiness,23700000.0,India,194000.0,311000.0,,Entertainment,MAPPED,instagram,november,2022
409,alissaviolet,Alissa Violet,Modeling,11800000.0,United States,387500.0,623400.0,,Beauty&Fashion,MAPPED,instagram,november,2022
410,dindahw,Dinda Hauw,Cinema & Actors/actresses,14600000.0,Indonesia,336200.0,503600.0,,Entertainment,MAPPED,instagram,november,2022
411,lilyachty,C.V T,Humor & Fun & Happiness,10400000.0,United States,349600.0,712300.0,Lifestyle,Entertainment,MAPPED,instagram,november,2022
412,peytonlist,Peyton List,Cinema & Actors/actresses,20300000.0,United States,238700.0,358700.0,,Entertainment,MAPPED,instagram,november,2022
413,florencepugh,Florence Pugh,Humor & Fun & Happiness,8100000.0,United States,594700.0,909500.0,Cinema & Actors/actresses,Entertainment,MAPPED,instagram,november,2022
414,evcenf,Fahriye Evcen Özçivit,Lifestyle,13100000.0,Turkey,440900.0,556400.0,Beauty,Lifestyle,MAPPED,instagram,november,2022
415,aliiiiiiiikarimi8,Ali Karimi,Sports with a ball,10000000.0,Iran,496400.0,752500.0,,Sports,MAPPED,instagram,november,2022
416,bellapoarch,Bella Poarch,Lifestyle,13900000.0,United States,384400.0,520000.0,Music,Lifestyle,MAPPED,instagram,november,2022
417,o.dembele7,Ousmane Dembélé,Sports with a ball,11600000.0,Spain,361600.0,618600.0,,Sports,MAPPED,instagram,november,2022
418,jinyoung_0922jy,박진영,Music,10000000.0,Indonesia,553500.0,732000.0,,Music,MAPPED,instagram,november,2022
419,nba,NBA,Sports with a ball,70900000.0,United States,62200.0,100900.0,,Sports,MAPPED,instagram,november,2022
420,dannapaola,Danna Paola,Music,34800000.0,Mexico,141500.0,205400.0,,Music,MAPPED,instagram,november,2022
421,simonemendes,Simone Mendes,Music,35600000.0,Brazil,159600.0,201400.0,,Music,MAPPED,instagram,november,2022
422,hakkiakdenizz,hakki akdeniz,Business & Careers,26600000.0,Russia,183800.0,266400.0,,Knowledge&Info,MAPPED,instagram,november,2022
423,ksi,KSI,Music,12100000.0,United Kingdom,418400.0,587500.0,,Music,MAPPED,instagram,november,2022
424,melo,LaMelo Ball,Lifestyle,9200000.0,United States,383600.0,779800.0,Music,Lifestyle,MAPPED,instagram,november,2022
425,saweetie,,Cinema & Actors/actresses,13100000.0,United States,232400.0,540000.0,,Entertainment,MAPPED,instagram,november,2022
426,daquan,Daquan,Humor & Fun & Happiness,16700000.0,United States,274700.0,423700.0,,Entertainment,MAPPED,instagram,november,2022
427,deiveleonardo,Deive Leonardo,Literature & Journalism,12300000.0,Brazil,313400.0,576300.0,Trainers & Coaches,Knowledge&Info,MAPPED,instagram,november,2022
428,_seorina,설인아 sᴇᴏʀɪɴᴀ,Lifestyle,6800000.0,South Korea,843000.0,1000000.0,Cinema & Actors/actresses,Lifestyle,MAPPED,instagram,november,2022
429,ssinz7,박신혜/Shin Hye Park,Music,13800000.0,Indonesia,413800.0,508500.0,Cinema & Actors/actresses,Music,MAPPED,instagram,november,2022
430,yasmine_sabri,Yasmine Sabri,Cinema & Actors/actresses,19600000.0,Egypt,256800.0,360200.0,Lifestyle,Entertainment,MAPPED,instagram,november,2022
431,krisjenner,Kris Jenner,Shows,49900000.0,United States,92100.0,140000.0,Beauty,Entertainment,MAPPED,instagram,november,2022
432,marktuan,Mark Tuan,Music,13000000.0,Indonesia,427600.0,539600.0,Cinema & Actors/actresses,Music,MAPPED,instagram,november,2022
433,rezagolzar,Mohammad Reza Golzar,Cinema & Actors/actresses,12300000.0,Iran,398600.0,575900.0,,Entertainment,MAPPED,instagram,november,2022
434,ana_d_armas,A N A   D E   A R M A S,Cinema & Actors/actresses,8199999.999999999,United States,636500.0,861100.0,,Entertainment,MAPPED,instagram,november,2022
435,frenchmontana,French Montana,Music,30700000.0,United States,139400.0,229800.0,,Music,MAPPED,instagram,november,2022
436,shehnaazgill,Shehnaaz Gill,Cinema & Actors/actresses,12300000.0,India,483000.0,606500.0,Music,Entertainment,MAPPED,instagram,november,2022
437,wi__wi__wi,위하준 Wi Ha Jun,Lifestyle,10000000.0,South Korea,568000.0,683500.0,Music,Lifestyle,MAPPED,instagram,november,2022
438,jennaortega,Jenna Ortega,Cinema & Actors/actresses,8600000.0,United States,561400.0,799600.0,Lifestyle,Entertainment,MAPPED,instagram,november,2022
439,jasonderulo,Jason Derulo,Music,12800000.0,United States,370000.0,529500.0,,Music,MAPPED,instagram,november,2022
440,barbieferreira,barbie ferreira,Music,6200000.0,United States,610800.0,1100000.0,Cinema & Actors/actresses,Music,MAPPED,instagram,november,2022
441,yaocabrera,Yao Cabrera,Crypto,16900000.0,Argentina,185200.0,402000.0,NFT,Tech&Gaming,MAPPED,instagram,november,2022
442,mclomaofficial,Paloma Santos 🐟,Music,8800000.0,Brazil,451800.0,773600.0,,Music,MAPPED,instagram,november,2022
443,for_everyoung10,장원영 WONYOUNG,Lifestyle,5900000.0,Indonesia,917300.0,1200000.0,,Lifestyle,MAPPED,instagram,november,2022
444,frenkiedejong,Frenkie de Jong,Sports with a ball,10800000.0,Spain,411600.0,618300.0,,Sports,MAPPED,instagram,november,2022
445,paulwesley,Paul Wesley,Cinema & Actors/actresses,12400000.0,Brazil,358400.0,535900.0,,Entertainment,MAPPED,instagram,november,2022
446,canelo,Saul Alvarez,Fitness & Gym,13700000.0,Mexico,343900.0,478800.0,,Sports,MAPPED,instagram,november,2022
447,i_m_hendery,Hi👉🏻im Hendery👈🏻,,6400000.0,United States,800500.0,1000000.0,,,,instagram,november,2022
448,polo.capalot,Polo.G🐐,Music,10500000.0,United States,375200.0,617100.0,,Music,MAPPED,instagram,november,2022
449,iscoalarcon,Isco Alarcon Suarez,Sports with a ball,25500000.0,Spain,177100.0,256200.0,,Sports,MAPPED,instagram,november,2022
450,parineetichopra,𝙿𝚊𝚛𝚒𝚗𝚎𝚎𝚝𝚒 𝙲𝚑𝚘𝚙𝚛𝚊 🫧,Cinema & Actors/actresses,37700000.0,India,148600.0,171700.0,,Entertainment,MAPPED,instagram,november,2022
451,maudyayunda,Maudy Ayunda,Music,17300000.0,Indonesia,251900.0,371400.0,,Music,MAPPED,instagram,november,2022
452,princessyahrini,SYAHRINI,Music,40200000.0,Indonesia,122100.0,159800.0,,Music,MAPPED,instagram,november,2022
453,romeosantos,Romeo Santos,Music,19300000.0,United States,273300.0,338100.0,,Music,MAPPED,instagram,november,2022
454,soohyun_k216,김수현 Kim Soo Hyun 金秀賢,,13900000.0,Indonesia,378400.0,460900.0,,,,instagram,november,2022
455,vanessahudgens,🔮Vanessa Hudgens🔮,Cinema & Actors/actresses,47300000.0,United States,82300.0,135200.0,,Entertainment,MAPPED,instagram,november,2022
456,marvel,Marvel Entertainment,Cinema & Actors/actresses,66500000.0,United States,80900.0,96000.0,Comics & sketches,Entertainment,MAPPED,instagram,november,2022
457,susana.dxoxo,Susane Damouni,,13700000.0,India,298600.0,481300.0,,,,instagram,november,2022
458,leonardodicaprio,Leonardo DiCaprio,Cinema & Actors/actresses,54700000.0,United States,94100.0,117500.0,,Entertainment,MAPPED,instagram,november,2022
459,pablogavi,GAVI,Sports with a ball,6300000.0,Spain,701900.0,1000000.0,,Sports,MAPPED,instagram,november,2022
460,yejinhand,손예진,Cinema & Actors/actresses,7100000.0,Indonesia,699600.0,910700.0,,Entertainment,MAPPED,instagram,november,2022
461,skaijackson,S K A I,Lifestyle,8000000.0,United States,455100.0,803000.0,,Lifestyle,MAPPED,instagram,november,2022
462,sadiomaneofficiel,Sadio Mane,Sports with a ball,12300000.0,United Kingdom,363000.0,517500.0,,Sports,MAPPED,instagram,november,2022
463,liverpoolfc,Liverpool Football Club,Sports with a ball,40500000.0,United Kingdom,112000.0,156200.0,,Sports,MAPPED,instagram,november,2022
464,toni.kr8s,Toni Kroos,Sports with a ball,35500000.0,Germany,131400.0,178600.0,,Sports,MAPPED,instagram,november,2022
465,indiancricketteam,Team India,Sports with a ball,25800000.0,India,209600.0,244400.0,,Sports,MAPPED,instagram,november,2022
466,yerimiese,Yeri,Lifestyle,10700000.0,Indonesia,464700.0,575600.0,,Lifestyle,MAPPED,instagram,november,2022
467,mo.on_air,TAEIL,,5100000.0,Indonesia,1100000.0,1200000.0,,,,instagram,november,2022
468,joshu_acoustic,Joshua Hong,Music,5100000.0,India,1000000.0,1200000.0,,Music,MAPPED,instagram,november,2022
469,xuminghao_o,The8 디에잇,Music,5500000.0,Indonesia,913000.0,1200000.0,,Music,MAPPED,instagram,november,2022
470,alok,Alok Petrillo,Music,27900000.0,Brazil,172900.0,221300.0,Art/Artists,Music,MAPPED,instagram,november,2022
471,jessnolimit,Jess No Limit,Shows,7300000.0,Indonesia,717700.0,859900.0,,Entertainment,MAPPED,instagram,november,2022
472,nianaguerrero,Niana,Music,14200000.0,Indonesia,342100.0,429300.0,Kids & Toys,Music,MAPPED,instagram,november,2022
473,mathildtantot,Mathilde,Lifestyle,10000000.0,United States,401300.0,607400.0,Modeling,Lifestyle,MAPPED,instagram,november,2022
474,leaelui,Lea Elui G,Modeling,11400000.0,India,320500.0,538800.0,Lifestyle,Beauty&Fashion,MAPPED,instagram,november,2022
475,nattinatasha,NATTI NATASHA,Music,36000000.0,Mexico,141600.0,170000.0,Cinema & Actors/actresses,Music,MAPPED,instagram,november,2022
476,lilpeep,lil peep,Music,7600000.0,United States,477500.0,802100.0,,Music,MAPPED,instagram,november,2022
477,kyo1122,Song hyekyo,Cinema & Actors/actresses,13400000.0,Indonesia,350100.0,445800.0,,Entertainment,MAPPED,instagram,november,2022
478,vinniehacker,†,Lifestyle,5900000.0,United States,495000.0,1000000.0,,Lifestyle,MAPPED,instagram,november,2022
479,navidmohammadzadeh,navid mohammadzadeh,Cinema & Actors/actresses,8600000.0,Iran,499800.0,705600.0,,Entertainment,MAPPED,instagram,november,2022
480,netflix,Netflix US,Cinema & Actors/actresses,31300000.0,Brazil,116100.0,190400.0,Shows,Entertainment,MAPPED,instagram,november,2022
481,charles_leclerc,Charles Leclerc,Racing Sports,8800000.0,Italy,512500.0,680600.0,,Sports,MAPPED,instagram,november,2022
482,jakepaul,Jake Paul,Cinema & Actors/actresses,20700000.0,United States,172300.0,288900.0,,Entertainment,MAPPED,instagram,november,2022
483,djxiao_888,XIAOJUN,Music,7000000.0,Indonesia,687100.0,859400.0,,Music,MAPPED,instagram,november,2022
484,cazzu,♡ 𝖓𝖊𝖓𝖆 ᴛʀᴀᴍᴘᴀ,Music,10500000.0,Argentina,437900.0,561200.0,,Music,MAPPED,instagram,november,2022
485,jokowi,Joko Widodo,Finance & Economics,48100000.0,Indonesia,98800.0,124700.0,,Knowledge&Info,MAPPED,instagram,november,2022
486,memphisdepay,Memphis Depay,Sports with a ball,15500000.0,France,212500.0,376600.0,,Sports,MAPPED,instagram,november,2022
487,obj,Odell Beckham Jr,Sports with a ball,16500000.0,United States,185900.0,354000.0,,Sports,MAPPED,instagram,november,2022
488,caviarmagnat,Anton Tregubov,Lifestyle,15200000.0,Russia,267800.0,386900.0,,Lifestyle,MAPPED,instagram,november,2022
489,davikah,davikah,Modeling,17100000.0,Thailand,260500.0,337500.0,,Beauty&Fashion,MAPPED,instagram,november,2022
490,jailyneojeda,Jailyne Ojeda Ochoa,Modeling,14100000.0,United States,297300.0,411400.0,Lifestyle,Beauty&Fashion,MAPPED,instagram,november,2022
491,bramastavrl,Verrell Bramasta,Cinema & Actors/actresses,25100000.0,Indonesia,182900.0,231400.0,Lifestyle,Entertainment,MAPPED,instagram,november,2022
492,rafaelnadal,Rafa Nadal,Sports with a ball,16399999.999999998,Spain,282200.0,352900.0,,Sports,MAPPED,instagram,november,2022
493,rogerfederer,Roger Federer,Sports with a ball,10200000.0,Spain,437200.0,566000.0,,Sports,MAPPED,instagram,november,2022
494,dra.deolanebezerra,Deolane Bezerra ⚖️,Beauty,15200000.0,Brazil,178700.0,384000.0,Lifestyle,Beauty&Fashion,MAPPED,instagram,november,2022
495,phil.coutinho,Philippe Coutinho,Sports with a ball,24900000.0,Brazil,141700.0,230300.0,,Sports,MAPPED,instagram,november,2022
496,jensenackles,Jensen Ackles,Cinema & Actors/actresses,10000000.0,United States,451700.0,586900.0,,Entertainment,MAPPED,instagram,november,2022
497,gisele,Gisele Bündchen,Modeling,19800000.0,Brazil,196900.0,292600.0,Fashion,Beauty&Fashion,MAPPED,instagram,november,2022
498,dababy,BILLION DOLLAR BABY 👶🏾,Music,21300000.0,United States,166700.0,271100.0,,Music,MAPPED,instagram,november,2022
499,d_degeaofficial,David De Gea,Sports with a ball,13800000.0,United Kingdom,293100.0,414800.0,,Sports,MAPPED,instagram,november,2022
500,d_a___m_i,KIM DA MI,,4600000.0,Indonesia,1000000.0,1200000.0,,,,instagram,november,2022
501,reesewitherspoon,Reese Witherspoon,Cinema & Actors/actresses,28400000.0,United States,168100.0,201400.0,,Entertainment,MAPPED,instagram,november,2022
502,imouniroy,mon,Cinema & Actors/actresses,24600000.0,India,190000.0,231100.0,,Entertainment,MAPPED,instagram,november,2022
503,mariabecerra,Maria Becerra,Music,10500000.0,Argentina,229000.0,541200.0,,Music,MAPPED,instagram,november,2022
504,charlieputh,Charlie Puth,Music,16700000.0,United States,238600.0,339200.0,,Music,MAPPED,instagram,november,2022
505,netflixbrasil,Netflix Brasil,Shows,32799999.999999996,Brazil,101000.0,172400.0,Cinema & Actors/actresses,Entertainment,MAPPED,instagram,november,2022
506,vickykaushal09,Vicky Kaushal,Lifestyle,14200000.0,India,337700.0,396300.0,Cinema & Actors/actresses,Lifestyle,MAPPED,instagram,november,2022
507,amauryguichon,Amaury Guichon,Food & Cooking,9700000.0,United States,484600.0,590400.0,,Lifestyle,MAPPED,instagram,november,2022
508,rachel_mypark,박민영 Minyoung Park,Cinema & Actors/actresses,10300000.0,Indonesia,437300.0,544700.0,,Entertainment,MAPPED,instagram,november,2022
509,sportscenter,SportsCenter,Sports with a ball,31800000.0,United States,98400.0,176600.0,Shows,Sports,MAPPED,instagram,november,2022
510,srinidhi_shetty,Srinidhi Shetty 🌸,Beauty,4500000.0,India,941200.0,1300000.0,Cinema & Actors/actresses,Beauty&Fashion,MAPPED,instagram,november,2022
511,gusttavolima,🏛 Gusttavo Lima 🏛,Music,44100000.0,Brazil,77300.0,128600.0,,Music,MAPPED,instagram,november,2022
512,yangyang_x2,YangYang 양양,Music,6500000.0,Indonesia,688000.0,873800.0,,Music,MAPPED,instagram,november,2022
513,golfarahani,Golshifteh Farahani,Cinema & Actors/actresses,13800000.0,Iran,314800.0,405800.0,,Entertainment,MAPPED,instagram,november,2022
514,goar_avetisyan,Goar Avetisyan,Beauty,11600000.0,Russia,345000.0,477800.0,,Beauty&Fashion,MAPPED,instagram,november,2022
515,earthpix,🌎  EarthPix  🌎,Nature & landscapes,23300000.0,United States,183600.0,238200.0,Photography,Lifestyle,MAPPED,instagram,november,2022
516,jungkook_bighitentertainment,JUNGKOOK (전정국) Updates,Management & Marketing,9300000.0,Brazil,531700.0,603300.0,Music,Knowledge&Info,MAPPED,instagram,november,2022
517,lilnasx,MONTERO,Music,12400000.0,United States,264900.0,443300.0,,Music,MAPPED,instagram,november,2022
518,tiffanyyoungofficial,tiffany young,Modeling,12900000.0,Indonesia,340400.0,425800.0,Fashion,Beauty&Fashion,MAPPED,instagram,november,2022
519,kit.connor,Kit Connor,Cinema & Actors/actresses,4500000.0,United States,739500.0,1200000.0,Humor & Fun & Happiness,Entertainment,MAPPED,instagram,november,2022
520,sound_of_coups,COUPS,,4500000.0,Indonesia,955900.0,1200000.0,,,,instagram,november,2022
521,nickjonas,Nick Jonas,Music,33200000.000000004,United States,115000.0,163500.0,Art/Artists,Music,MAPPED,instagram,november,2022
522,pozevidalouca,Poze Do Rodo 🤑,Lifestyle,8300000.000000001,Brazil,259899.99999999997,652800.0,,Lifestyle,MAPPED,instagram,november,2022
523,__youngbae__,TAEYANG,Music,13800000.0,Indonesia,340200.0,384300.0,,Music,MAPPED,instagram,november,2022
524,nazriyafahadh,Nazriya Nazim Fahadh,Lifestyle,6500000.0,India,616200.0,825300.0,Cinema & Actors/actresses,Lifestyle,MAPPED,instagram,november,2022
525,kingbach,King Bach,Music,23100000.0,United States,114400.0,229300.0,Art/Artists,Music,MAPPED,instagram,november,2022
526,channingtatum,Channing Tatum,Cinema & Actors/actresses,17000000.0,United States,215000.0,309900.0,,Entertainment,MAPPED,instagram,november,2022
527,lexibrookerivera,Lexi Rivera,Shows,8500000.0,United States,514799.99999999994,643900.0,Humor & Fun & Happiness,Entertainment,MAPPED,instagram,november,2022
528,klaythompson,Klay Thompson,Sports with a ball,13500000.0,United States,267900.0,389400.0,Lifestyle,Sports,MAPPED,instagram,november,2022
529,angelinajolie,Angelina Jolie,,13600000.0,Brazil,234100.0,388600.0,,,,instagram,november,2022
530,k.kbeom,김범 kimbum,,5500000.0,Indonesia,796300.0,973900.0,,,,instagram,november,2022
531,loud_victor,Victor Augusto,Lifestyle,10700000.0,Brazil,380700.0,485000.0,Sports with a ball,Lifestyle,MAPPED,instagram,november,2022
532,araujovivianne,Viviane Araujo,Cinema & Actors/actresses,13800000.0,Brazil,289900.0,380900.0,,Entertainment,MAPPED,instagram,november,2022
533,urstrulymahesh,Mahesh Babu,Cinema & Actors/actresses,8800000.0,India,538500.0,592800.0,,Entertainment,MAPPED,instagram,november,2022
534,barackobama,Barack Obama,Finance & Economics,35400000.0,United States,125900.0,149300.0,Business & Careers,Knowledge&Info,MAPPED,instagram,november,2022
535,larissamanoela,Larissa Manoela,Cinema & Actors/actresses,47100000.0,Brazil,65800.0,109200.0,,Entertainment,MAPPED,instagram,november,2022
536,centralcee,📲,Lifestyle,4700000.0,United Kingdom,449500.0,1100000.0,Music,Lifestyle,MAPPED,instagram,november,2022
537,araikgalstyanmoscowschool,ＡＲＡＩＫ  ＧＡＬＳＴＹＡＮ®️🇦🇲,Beauty,17100000.0,Turkey,232200.0,300100.0,,Beauty&Fashion,MAPPED,instagram,november,2022
538,mirella,BAD MI ⚡️ MIRELLA,Music,26900000.0,Brazil,90400.0,190600.0,,Music,MAPPED,instagram,november,2022
539,julesleblanc,julianna,Music,9800000.0,United States,364700.0,527600.0,Shows,Music,MAPPED,instagram,november,2022
540,lucasranngel,LUCAS RANGEL,Lifestyle,20100000.0,Brazil,115100.0,254800.0,,Lifestyle,MAPPED,instagram,november,2022
541,7_luhan_m,鹿 Han,Music,12700000.0,Indonesia,332800.0,404200.0,,Music,MAPPED,instagram,november,2022
542,aboflah,AboFlah,Humor & Fun & Happiness,7400000.0,Iraq,593300.0,708400.0,,Entertainment,MAPPED,instagram,november,2022
543,gururandhawa,Guru Randhawa,Music,33000000.0,India,126300.0,155200.0,,Music,MAPPED,instagram,november,2022
544,superstar_dewasi99,SUPERSTARDEWASI 99,Music,13500000.0,India,238600.0,376900.0,Cinema & Actors/actresses,Music,MAPPED,instagram,november,2022
545,cvillaloboss,CARMEN VILLALOBOS,Shows,20600000.0,Colombia,197700.0,243500.0,Cinema & Actors/actresses,Entertainment,MAPPED,instagram,november,2022
546,faz3,Fazza,Lifestyle,14700000.0,United Arab Emirates,263800.0,345400.0,,Lifestyle,MAPPED,instagram,november,2022
547,markiplier,Markiplier,Shows,10600000.0,United States,411900.0,469200.0,,Entertainment,MAPPED,instagram,november,2022
548,dylansprouse,Dylan Sprouse,Cinema & Actors/actresses,9100000.0,United States,353300.0,554700.0,,Entertainment,MAPPED,instagram,november,2022
549,melissamelmaia,MEL MAIA 🍯,Music,13500000.0,Brazil,204400.0,370200.0,,Music,MAPPED,instagram,november,2022
550,theellenshow,Ellen DeGeneres,Shows,124400000.0,United States,33400.0,40200.0,Cinema & Actors/actresses,Entertainment,MAPPED,instagram,november,2022
551,fuji_an,Fujianti Utami Putri,Lifestyle,11800000.0,Indonesia,177300.0,421800.0,,Lifestyle,MAPPED,instagram,november,2022
552,avrillavigne,Avril Lavigne,Music,11700000.0,Brazil,341700.0,425400.0,Cinema & Actors/actresses,Music,MAPPED,instagram,november,2022
553,sav.labrant,Savannah Rose LaBrant,Family,7200000.0,United States,521900.0,697800.0,Lifestyle,Lifestyle,MAPPED,instagram,november,2022
554,donya,Donya,Lifestyle,15300000.0,Iran,215600.0,341300.0,,Lifestyle,MAPPED,instagram,november,2022
555,avengers,Avengers,Cinema & Actors/actresses,13600000.0,India,289200.0,362000.0,,Entertainment,MAPPED,instagram,november,2022
556,briandadeyanara,BRIANDA 💖,Lifestyle,13500000.0,Mexico,309000.0,362800.0,,Lifestyle,MAPPED,instagram,november,2022
557,shaymitchell,Shay Mitchell,Beauty,34400000.0,United States,100200.0,140500.0,Family,Beauty&Fashion,MAPPED,instagram,november,2022
558,gabigol,( Lil ) Gabi,Sports with a ball,10200000.0,Brazil,316100.0,478800.0,,Sports,MAPPED,instagram,november,2022
559,camilo,C A M I L O,Music,27600000.0,Argentina,109900.0,174200.0,,Music,MAPPED,instagram,november,2022
560,ncentineo,Noah,Cinema & Actors/actresses,16399999.999999998,Brazil,174100.0,289400.0,,Entertainment,MAPPED,instagram,november,2022
561,chloegmoretz,Chloë Grace Moretz,Cinema & Actors/actresses,21500000.0,United States,164900.0,220600.0,,Entertainment,MAPPED,instagram,november,2022
562,agnezmo,AGNEZ MO,Music,29200000.0,Indonesia,97600.0,162200.0,,Music,MAPPED,instagram,november,2022
563,39saku_chan,Sakura Miyawaki,Lifestyle,4300000.0,Indonesia,894800.0,1100000.0,Cinema & Actors/actresses,Lifestyle,MAPPED,instagram,november,2022
564,dqsalmaan,Dulquer Salmaan,Cinema & Actors/actresses,11300000.0,India,308200.0,416900.0,,Entertainment,MAPPED,instagram,november,2022
565,nusr_et,Nusr_et#Saltbae,Food & Cooking,48000000.0,Turkey,67200.0,99100.0,,Lifestyle,MAPPED,instagram,november,2022
566,f1,FORMULA 1®,Racing Sports,20900000.0,Italy,178100.0,225100.0,,Sports,MAPPED,instagram,november,2022
567,juansguarnizo,Juan Sebastián Guarnizo,Lifestyle,6300000.0,Mexico,685600.0,750800.0,,Lifestyle,MAPPED,instagram,november,2022
568,victoriajustice,Victoria Justice,Music,23000000.0,United States,149800.0,205000.0,Cinema & Actors/actresses,Music,MAPPED,instagram,november,2022
569,apple,apple,Computers & Gadgets,28400000.0,India,122000.0,164400.0,Photography,Tech&Gaming,MAPPED,instagram,november,2022
570,dejesusoficial,Gabriel Jesus,Sports with a ball,18700000.0,Brazil,161200.0,249500.0,,Sports,MAPPED,instagram,november,2022
571,thehughjackman,Hugh Jackman,Cinema & Actors/actresses,30500000.0,United States,134900.0,153400.0,,Entertainment,MAPPED,instagram,november,2022
572,otabek_muhammadalievich,Otabek Umarov,,20200000.0,Russia,171800.0,231100.0,,,,instagram,november,2022
573,beautifuldestinations,BEAUTIFUL DESTINATIONS,Photography,24700000.0,United States,139600.0,187100.0,Travel,Lifestyle,MAPPED,instagram,november,2022
574,natashawilona12,Natasha Wilona,Beauty,39400000.0,Indonesia,98300.0,117200.0,,Beauty&Fashion,MAPPED,instagram,november,2022
575,jackharlow,,Lifestyle,6900000.0,United States,362400.0,676900.0,Humor & Fun & Happiness,Lifestyle,MAPPED,instagram,november,2022
576,anjimaxuofficially,Anjali Arora,Lifestyle,11900000.0,India,302800.0,387500.0,Cinema & Actors/actresses,Lifestyle,MAPPED,instagram,november,2022
577,kaylanicolejones,,Family,7400000.0,United States,295900.0,626800.0,Beauty,Lifestyle,MAPPED,instagram,november,2022
578,simaria,Simaria,Music,28300000.0,Brazil,111600.0,162300.0,,Music,MAPPED,instagram,november,2022
579,kun11xd,KUN,Lifestyle,6900000.0,Indonesia,536100.0,669100.0,Music,Lifestyle,MAPPED,instagram,november,2022
580,quackity,quackity,,4099999.9999999995,United States,925100.0,1100000.0,,,,instagram,november,2022
581,ludmilla,LUDMILLA,Music,27900000.0,Brazil,110300.0,164600.0,,Music,MAPPED,instagram,november,2022
582,yooncy1,윤찬영 Chan-young Yoon,Lifestyle,4800000.0,South Korea,788800.0,949100.0,,Lifestyle,MAPPED,instagram,november,2022
583,everyone_woo,Wonwoo,Music,3600000.0,Indonesia,999600.0,1300000.0,,Music,MAPPED,instagram,november,2022
584,itsmarziapie,Marzia Kjellberg,Beauty,8300000.000000001,United States,450700.0,550700.0,Lifestyle,Beauty&Fashion,MAPPED,instagram,november,2022
585,egupta,Esha Gupta,Lifestyle,11700000.0,India,309500.0,387500.0,Cinema & Actors/actresses,Lifestyle,MAPPED,instagram,november,2022
586,antony00,Antony Santos,Sports with a ball,4800000.0,Brazil,519700.00000000006,960100.0,,Sports,MAPPED,instagram,november,2022
587,nickyjam,NICKY JAM,Music,43400000.0,Spain,75400.0,104400.0,,Music,MAPPED,instagram,november,2022
588,danialves,Daniel Alves,Sports with a ball,37300000.0,Brazil,77800.0,120700.0,,Sports,MAPPED,instagram,november,2022
589,nessabarrett,ness,Lifestyle,7300000.0,United States,461800.0,625900.0,Music,Lifestyle,MAPPED,instagram,november,2022
590,sushitrash,JOJI,Music,6500000.0,United States,572600.0,700600.0,,Music,MAPPED,instagram,november,2022
591,sugaringcandy,JUNGWOO,,3500000.0,South Korea,1100000.0,1300000.0,,,,instagram,november,2022
592,parishilton,Paris Hilton,Modeling,20300000.0,United States,133000.0,219700.0,,Beauty&Fashion,MAPPED,instagram,november,2022
593,lakers,Los Angeles Lakers,Sports with a ball,20300000.0,United States,142200.0,217800.0,,Sports,MAPPED,instagram,november,2022
594,matue,,Lifestyle,8300000.000000001,Brazil,297600.0,546600.0,Sports with a ball,Lifestyle,MAPPED,instagram,november,2022
595,chelseafc,Chelsea FC,Sports with a ball,35800000.0,Indonesia,82500.0,123300.0,,Sports,MAPPED,instagram,november,2022
596,bernardokath,Kathryn Bernardo 🐘,Beauty,17400000.0,Philippines,208700.0,251500.0,Cinema & Actors/actresses,Beauty&Fashion,MAPPED,instagram,november,2022
597,rizkybillar,Muhammad Rizky Billar,Shows,12900000.0,Indonesia,265400.0,342600.0,Beauty,Entertainment,MAPPED,instagram,november,2022
598,aurelie.hermansyah,Aurelie Hermansyah Atta,Beauty,27300000.0,Indonesia,126900.0,160600.0,,Beauty&Fashion,MAPPED,instagram,november,2022
599,elmarianaa,El Mariana,,4700000.0,Mexico,833100.0,946300.0,,,,instagram,november,2022
600,fuckjerry,FUCKJERRY,Humor & Fun & Happiness,16700000.0,United States,203400.0,263900.0,,Entertainment,MAPPED,instagram,november,2022
601,alexadellanos,Alexa Dellanos,Lifestyle,10000000.0,United States,283500.0,443500.0,,Lifestyle,MAPPED,instagram,november,2022
602,saharghoreyshiofficialpage,سحر قريشى Sahar Ghoreyshi,,11700000.0,Iran,258100.00000000003,378000.0,,,,instagram,november,2022
603,ozuna,@ozutochi 🔜,Music,22500000.0,Spain,143100.0,192000.0,,Music,MAPPED,instagram,november,2022
604,jeonghaniyoo_n,윤정한,Lifestyle,3700000.0,Iran,939900.0,1200000.0,,Lifestyle,MAPPED,instagram,november,2022
605,salmahayek,Salma Hayek Pinault,Cinema & Actors/actresses,21800000.0,United States,161400.0,199500.0,,Entertainment,MAPPED,instagram,november,2022
606,leejen_o_423,LEE JENO,,2200000.0,,0.0,2300000.0,,,,instagram,november,2022
607,pledis_boos,승관 SEUNGKWAN,Music,4600000.0,Indonesia,780800.0,947800.0,,Music,MAPPED,instagram,november,2022
608,naileadevora,nai,Lifestyle,5300000.0,United States,557500.0,823800.0,Music,Lifestyle,MAPPED,instagram,november,2022
609,ederbez,Eugenio Derbez,Cinema & Actors/actresses,18700000.0,Mexico,204700.0,229900.0,Lifestyle,Entertainment,MAPPED,instagram,november,2022
610,choquei,CHOQUEI,Literature & Journalism,17600000.0,Brazil,79100.0,245600.0,,Knowledge&Info,MAPPED,instagram,november,2022
611,_shotaroo_,SHOTARO ショウタロウ,Lifestyle,5600000.0,Indonesia,602200.0,780000.0,Music,Lifestyle,MAPPED,instagram,november,2022
612,vousmevoyez,KRYSTAL,Music,10400000.0,Indonesia,318300.0,412900.0,Cinema & Actors/actresses,Music,MAPPED,instagram,november,2022
613,emiliamernes,Emilia Mernes,Music,6200000.0,Argentina,370500.0,697100.0,,Music,MAPPED,instagram,november,2022
614,sebastianyatra,Sebastian Yatra,Music,29900000.0,Argentina,102900.0,143700.0,Art/Artists,Music,MAPPED,instagram,november,2022
615,pedri,Pedri González,Sports with a ball,7300000.0,Spain,0.0,586800.0,,Sports,MAPPED,instagram,november,2022
616,karelyruiz,Karely Ruiz,Lifestyle,7100000.0,Mexico,482700.0,605700.0,,Lifestyle,MAPPED,instagram,november,2022
617,fortnite,Fortnite,Gaming,25600000.0,United States,139500.0,164600.0,Computers & Gadgets,Tech&Gaming,MAPPED,instagram,november,2022
618,memezar,MEMEZAR • Comedy and Culture,Cinema & Actors/actresses,22900000.0,United States,123000.0,183200.0,,Entertainment,MAPPED,instagram,november,2022
619,theshilpashetty,Shilpa Shetty Kundra,Cinema & Actors/actresses,26600000.0,India,136000.0,158000.0,,Entertainment,MAPPED,instagram,november,2022
620,quavohuncho,QuavoHuncho,Music,21700000.0,United States,117200.0,192500.0,,Music,MAPPED,instagram,november,2022
621,gessicakayane,GKAY,Shows,20100000.0,Brazil,101700.0,211800.0,Humor & Fun & Happiness,Entertainment,MAPPED,instagram,november,2022
622,yugyeom,KYUM,Music,11500000.0,Brazil,297800.0,357500.0,Art/Artists,Music,MAPPED,instagram,november,2022
623,catherinemcbroom,Catherine Paiz,Family,7300000.0,United States,331500.0,569700.0,,Lifestyle,MAPPED,instagram,november,2022
624,shreyaghoshal,shreyaghoshal,Music,24800000.0,India,147600.0,165000.0,,Music,MAPPED,instagram,november,2022
625,annakendrick47,Anna Kendrick,Cinema & Actors/actresses,22200000.0,United States,140900.0,184500.0,,Entertainment,MAPPED,instagram,november,2022
626,iqbaal.e,Piko - The Forger,Cinema & Actors/actresses,13700000.0,Indonesia,172300.0,295500.0,,Entertainment,MAPPED,instagram,november,2022
627,machinegunkelly,the Blonde Don,Music,9700000.0,United States,265300.0,426600.0,,Music,MAPPED,instagram,november,2022
628,nikkietutorials,NikkieTutorials,Beauty,16600000.000000002,United States,179900.0,244700.0,,Beauty&Fashion,MAPPED,instagram,november,2022
629,francinyehlke,Franciny Ehlke,Beauty,15600000.0,Brazil,118400.0,258899.99999999997,,Beauty&Fashion,MAPPED,instagram,november,2022
630,yihyun_1208,조이현 cho yihyun,Lifestyle,5200000.0,South Korea,620400.0,785200.0,,Lifestyle,MAPPED,instagram,november,2022
631,dbook,Devin,Lifestyle,5400000.0,United States,383700.0,754400.0,Sports with a ball,Lifestyle,MAPPED,instagram,november,2022
632,adinross,,,3600000.0,United States,630400.0,1300000.0,,,,instagram,november,2022
633,sivakarthikeyan,Sivakarthikeyan Doss,,5300000.0,India,650700.0,766400.0,,,,instagram,november,2022
634,tiagopzk,GOTTI A,Music,5500000.0,Argentina,319900.0,730500.0,,Music,MAPPED,instagram,november,2022
635,soueunavida,Sou Eu Na Vida,Humor & Fun & Happiness,18100000.0,Brazil,116500.0,221100.0,,Entertainment,MAPPED,instagram,november,2022
636,felipeneto,Felipe Neto 🦉,Lifestyle,16300000.0,Brazil,173200.0,244700.0,,Lifestyle,MAPPED,instagram,november,2022
637,simonettalein,Simonetta Lein,Beauty,13000000.0,India,221100.0,304600.0,Cinema & Actors/actresses,Beauty&Fashion,MAPPED,instagram,november,2022
638,raashiikhanna,Raashii Khanna,Cinema & Actors/actresses,8700000.0,India,387400.0,461700.0,Music,Entertainment,MAPPED,instagram,november,2022
639,dkharbour,David Harbour,Cinema & Actors/actresses,9800000.0,United States,310800.0,407000.0,,Entertainment,MAPPED,instagram,november,2022
640,angeldimariajm,Ángel Di María,Sports with a ball,18500000.0,Argentina,144100.0,212500.0,,Sports,MAPPED,instagram,november,2022
641,nehasharmaofficial,Neha Sharma 💫,Cinema & Actors/actresses,14800000.0,India,229600.0,263800.0,,Entertainment,MAPPED,instagram,november,2022
642,fedevalverde,Fede Valverde,Sports with a ball,6800000.0,Spain,408200.0,579400.0,,Sports,MAPPED,instagram,november,2022
643,tannerbuchananofficial,Tanner Buchanan Official,Cinema & Actors/actresses,4099999.9999999995,United States,595700.0,965400.0,,Entertainment,MAPPED,instagram,november,2022
644,hadise,Hadise,Music,13900000.0,Turkey,239700.0,279500.0,Shows,Music,MAPPED,instagram,november,2022
645,smriti_mandhana,Smriti Mandhana,Sports with a ball,6500000.0,India,521700.00000000006,604400.0,,Sports,MAPPED,instagram,november,2022
646,kingarturo23oficial,Arturo Vidal,Sports with a ball,18600000.0,Italy,129600.0,209100.0,,Sports,MAPPED,instagram,november,2022
647,urassayas,Urassaya Sperbund,Cinema & Actors/actresses,12000000.0,Thailand,264400.0,321900.0,Modeling,Entertainment,MAPPED,instagram,november,2022
648,kenzie,kenzie ♡,Art/Artists,14800000.0,United States,171500.0,260899.99999999997,,Lifestyle,MAPPED,instagram,november,2022
649,mattyperry4,Matthew Perry,Cinema & Actors/actresses,7800000.0,Brazil,369200.0,503800.0,,Entertainment,MAPPED,instagram,november,2022
650,ozgecangurelofficial,Özge Gürel,Cinema & Actors/actresses,5800000.0,Turkey,553200.0,679900.0,,Entertainment,MAPPED,instagram,november,2022
651,ho5hi_kwon,HOSHI,Lifestyle,3800000.0,Indonesia,785400.0,1000000.0,,Lifestyle,MAPPED,instagram,november,2022
652,ferrari,Ferrari,Luxury,23100000.0,United States,126800.0,166500.0,Cars & Motorbikes,Beauty&Fashion,MAPPED,instagram,november,2022
653,malutrevejo,Malú 🦋 222🎤,Music,11500000.0,United States,185900.0,333500.0,,Music,MAPPED,instagram,november,2022
654,sonu_sood,Sonu Sood,Cinema & Actors/actresses,17600000.0,India,191100.0,218500.0,,Entertainment,MAPPED,instagram,november,2022
655,achrafhakimi,Achraf Hakimi,Sports with a ball,10200000.0,Morocco,256399.99999999997,376700.0,,Sports,MAPPED,instagram,november,2022
656,lamborghini,Lamborghini,Luxury,32100000.0,India,86200.0,118800.0,Cars & Motorbikes,Beauty&Fashion,MAPPED,instagram,november,2022
657,djsnake,djsnake,Music,9800000.0,India,334100.0,396600.0,,Music,MAPPED,instagram,november,2022
658,sooyoungchoi,Sooyoung Choi,Beauty,7400000.0,Indonesia,429900.0,518799.99999999994,Lifestyle,Beauty&Fashion,MAPPED,instagram,november,2022
659,rupertgrint,Rupert Grint,Cinema & Actors/actresses,4600000.0,Brazil,590100.0,837300.0,Music,Entertainment,MAPPED,instagram,november,2022
660,romanreigns,Joe Anoai aka “Roman Reigns”,Lifestyle,6600000.0,India,449100.0,583100.0,,Lifestyle,MAPPED,instagram,november,2022
661,saipallavi.senthamarai,Sai Pallavi,Cinema & Actors/actresses,6200000.0,India,537100.0,615800.0,,Entertainment,MAPPED,instagram,november,2022
662,amybethmcnulty,Amybeth,Lifestyle,7800000.0,Brazil,354800.0,487400.0,Cinema & Actors/actresses,Lifestyle,MAPPED,instagram,november,2022
663,davidalaba,David Alaba,Sports with a ball,10700000.0,Spain,247500.0,350300.0,,Sports,MAPPED,instagram,november,2022
664,drewstarkey,Drew Starkey,Cinema & Actors/actresses,3100000.0,United States,623600.0,1200000.0,,Entertainment,MAPPED,instagram,november,2022
665,pokimanelol,pokimane 🤍,Lifestyle,6200000.0,United States,468500.0,617000.0,Shows,Lifestyle,MAPPED,instagram,november,2022
666,residente,René Pérez Joglar,Art/Artists,8900000.0,Colombia,281200.0,436100.0,Music,Lifestyle,MAPPED,instagram,november,2022
667,virgilvandijk,Virgil van Dijk,Sports with a ball,12600000.0,United Kingdom,209500.0,296900.0,,Sports,MAPPED,instagram,november,2022
668,geewonii,김지원,,7800000.0,Indonesia,370500.0,487800.0,,,,instagram,november,2022
669,youngdae0302,김영대,Music,4500000.0,Indonesia,630600.0,832500.0,,Music,MAPPED,instagram,november,2022
670,sanchooo10,Jadon Sancho,Sports with a ball,8900000.0,United Kingdom,242500.0,423800.0,,Sports,MAPPED,instagram,november,2022
671,candiceking,Candice King,Family,10100000.0,Brazil,264000.0,367900.0,Lifestyle,Lifestyle,MAPPED,instagram,november,2022
672,playstation,PlayStation,Gaming,28900000.0,United States,104900.0,128300.00000000001,Computers & Gadgets,Tech&Gaming,MAPPED,instagram,november,2022
673,phoebejtonkin,Phoebe Tonkin,Beauty,8400000.0,United States,312200.0,445600.0,Cinema & Actors/actresses,Beauty&Fashion,MAPPED,instagram,november,2022
674,kareenakapoorkhan,Kareena Kapoor Khan,Family,9600000.0,India,311300.0,388500.0,Cinema & Actors/actresses,Lifestyle,MAPPED,instagram,november,2022
675,eilirjani,Elton ILIRJANI,Adult content,10600000.0,Albania,241600.0,349000.0,,Other,MAPPED,instagram,november,2022
676,fcbayern,FC Bayern,Sports with a ball,34200000.0,Germany,73300.0,107500.0,,Sports,MAPPED,instagram,november,2022
677,bleacherreport,Bleacher Report,Sports with a ball,19600000.0,United States,95400.0,188400.0,,Sports,MAPPED,instagram,november,2022
678,nita_shilimkar,Nita Shilimkar,Lifestyle,11500000.0,India,240500.0,318000.0,Fashion,Lifestyle,MAPPED,instagram,november,2022
679,euphoria,euphoria,Photography,7800000.0,United States,295100.0,476300.0,Cinema & Actors/actresses,Lifestyle,MAPPED,instagram,november,2022
680,theslumpgod,Stokeley,Music,5400000.0,United States,399000.0,694500.0,,Music,MAPPED,instagram,november,2022
681,sincerooficial,Sincero Oficial,Humor & Fun & Happiness,21700000.0,Brazil,87100.0,168600.0,,Entertainment,MAPPED,instagram,november,2022
682,elliotpage,,Cinema & Actors/actresses,6200000.0,United States,416000.0,599000.0,,Entertainment,MAPPED,instagram,november,2022
683,marcusrashford,Marcus Rashford MBE,Sports with a ball,12800000.0,United Kingdom,179900.0,284700.0,,Sports,MAPPED,instagram,november,2022
684,alvxaro,ALVARO,Lifestyle,9900000.0,Brazil,149900.0,374900.0,,Lifestyle,MAPPED,instagram,november,2022
685,andreavaldirisos,ANDREA VALDIRI 🇨🇴,Lifestyle,8700000.0,Colombia,299800.0,426600.0,Beauty,Lifestyle,MAPPED,instagram,november,2022
686,vanessalopesr_,Vanessa Lopes,Lifestyle,12400000.0,Brazil,89800.0,292600.0,Music,Lifestyle,MAPPED,instagram,november,2022
687,myketowers,MICHAEL,Music,9500000.0,Spain,216200.0,390100.0,,Music,MAPPED,instagram,november,2022
688,grantgust,Grant Gustin,Cinema & Actors/actresses,7800000.0,Brazil,334200.0,473600.0,Fashion,Entertainment,MAPPED,instagram,november,2022
689,lacasadepapel,La Casa de Papel,Cinema & Actors/actresses,12400000.0,Brazil,193800.0,291100.0,Shows,Entertainment,MAPPED,instagram,november,2022
690,5.min.crafts,5-Minute Crafts,DIY & Design,46200000.0,Brazil,56300.0,78400.0,,Lifestyle,MAPPED,instagram,november,2022
691,demirose,Demi 🌹,Modeling,19900000.0,United States,140500.0,183100.0,Lifestyle,Beauty&Fashion,MAPPED,instagram,november,2022
692,oprah,Oprah,Art/Artists,21500000.0,United States,144900.0,171300.0,Cinema & Actors/actresses,Lifestyle,MAPPED,instagram,november,2022
693,aliandooo,Aliando Syarief,Music,17100000.0,Indonesia,136400.0,217400.0,Cinema & Actors/actresses,Music,MAPPED,instagram,november,2022
694,dylanminnette,Dylan Minnette,Music,7300000.0,United States,307200.0,499500.0,Cinema & Actors/actresses,Music,MAPPED,instagram,november,2022
695,adidasfootball,adidas Football,Sports with a ball,31700000.0,Brazil,82900.0,113100.0,,Sports,MAPPED,instagram,november,2022
696,choi_seung_hyun_tttop,TOP,,14600000.0,Indonesia,208300.0,246400.0,,,,instagram,november,2022
697,porsche,Porsche,Cars & Motorbikes,26800000.0,United States,104300.0,133300.0,,Other,MAPPED,instagram,november,2022
698,asabopp,Asa Butterfield,Cinema & Actors/actresses,5700000.0,Brazil,433900.0,634500.0,,Entertainment,MAPPED,instagram,november,2022
699,bumkeyk,SHINee KEY,Music,9400000.0,Indonesia,323000.0,387000.0,,Music,MAPPED,instagram,november,2022
700,irinashayk,irina shayk,Modeling,19700000.0,Russia,130500.0,180700.0,,Beauty&Fashion,MAPPED,instagram,november,2022
701,irinashayk,irina shayk,Modeling,19700000.0,Russia,130500.0,180700.0,,Beauty&Fashion,MAPPED,instagram,november,2022
702,amitabhbachchan,Amitabh Bachchan,Cinema & Actors/actresses,31200000.0,India,98900.0,114400.0,,Entertainment,MAPPED,instagram,november,2022
703,angeliqueboyer,Angelique Boyer,Shows,14300000.0,Brazil,198400.0,249100.0,Cinema & Actors/actresses,Entertainment,MAPPED,instagram,november,2022
704,onwardwanna,"Javon ""Wanna"" Walton",Lifestyle,6000000.0,United States,358300.0,597900.0,Cinema & Actors/actresses,Lifestyle,MAPPED,instagram,november,2022
705,bigsean,BIGSEAN,Music,15400000.0,United States,126000.0,229800.0,Art/Artists,Music,MAPPED,instagram,november,2022
706,willevy,William  Levy / Actor Producer,Shows,10900000.0,Brazil,243700.0,328200.0,Cinema & Actors/actresses,Entertainment,MAPPED,instagram,november,2022
707,jamorant,12 🥷🏽🖤,Winter sports,7700000.0,United States,286600.0,463100.0,Sports with a ball,Sports,MAPPED,instagram,november,2022
708,_schwim_,David Schwimmer,Cinema & Actors/actresses,6800000.0,India,352300.0,527300.0,,Entertainment,MAPPED,instagram,november,2022
709,filiperet,Retchê,Lifestyle,7800000.0,Brazil,181000.0,463500.0,Photography,Lifestyle,MAPPED,instagram,november,2022
710,subo_m,Subhan Mamedov,Shows,10400000.0,Russia,278300.0,340100.0,,Entertainment,MAPPED,instagram,november,2022
711,brfootball,Bleacher Report Football,Sports with a ball,12600000.0,United States,172100.0,278100.0,,Sports,MAPPED,instagram,november,2022
712,narins_beauty,••Narins Beauty••,Lifestyle,9300000.0,Syria,318900.0,391900.0,,Lifestyle,MAPPED,instagram,november,2022
713,nikefootball,Nike Football (Soccer),Sports with a ball,45400000.0,Brazil,50200.0,77500.0,Clothing & Outfits,Sports,MAPPED,instagram,november,2022
714,eduincaz,Eduin Caz,Lifestyle,7400000.0,Mexico,373300.0,477400.0,,Lifestyle,MAPPED,instagram,november,2022
715,maneskinofficial,Måneskin,Modeling,6300000.0,Italy,398200.0,562000.0,Music,Beauty&Fashion,MAPPED,instagram,november,2022
716,ayushmannk,Ayushmann Khurrana,Cinema & Actors/actresses,16700000.0,India,172400.0,208100.0,,Entertainment,MAPPED,instagram,november,2022
717,perspolis,Persepolis,Sports with a ball,8300000.000000001,Iran,300800.0,428200.0,,Sports,MAPPED,instagram,november,2022
718,hichasestokes,,Humor & Fun & Happiness,7300000.0,United States,318300.0,476900.0,Lifestyle,Entertainment,MAPPED,instagram,november,2022
719,darshanravaldz,Darshan Raval #DholBajaa,Music,15400000.0,India,188000.0,226800.0,,Music,MAPPED,instagram,november,2022
720,paulwalker,Paul Walker,Cinema & Actors/actresses,15200000.0,India,165900.0,227300.0,,Entertainment,MAPPED,instagram,november,2022
721,aleoliveiracm,Alê Oliveira,Humor & Fun & Happiness,8500000.0,Brazil,169500.0,433600.0,,Entertainment,MAPPED,instagram,november,2022
722,realhinakhan,HK,Cinema & Actors/actresses,17400000.0,India,161800.0,199100.0,,Entertainment,MAPPED,instagram,november,2022
723,karljacobs,Karl Jacobs,,4300000.0,United States,622000.0,810000.0,,,,instagram,november,2022
724,jxxvvxxk,이재욱,,4000000.0,Indonesia,703600.0,884600.0,,,,instagram,november,2022
725,pooorblack,Pooorblack,,5000000.0,Iran,548900.0,710400.0,,,,instagram,november,2022
726,staceysolomon,Stacey Solomon,Family,5400000.0,United Kingdom,536700.0,646400.0,,Lifestyle,MAPPED,instagram,november,2022
727,amadorat,N I C O L E   A M A D O 🐉,Fashion,8300000.000000001,Mexico,372100.0,415800.0,Lifestyle,Beauty&Fashion,MAPPED,instagram,november,2022
728,21savage,,Music,13600000.0,United States,143000.0,251300.0,,Music,MAPPED,instagram,november,2022
729,adrianalima,Adriana Lima,Modeling,15000000.0,United States,155300.0,228400.0,Fashion,Beauty&Fashion,MAPPED,instagram,november,2022
730,yuvisofficial,Yuvraj Singh,Sports with a ball,15100000.0,India,189000.0,225400.0,,Sports,MAPPED,instagram,november,2022
731,dew_jsu,2000,Beauty,6400000.0,Indonesia,399900.0,537800.0,Lifestyle,Beauty&Fashion,MAPPED,instagram,november,2022
732,jaspritb1,jasprit bumrah,Lifestyle,9900000.0,India,302200.0,347300.0,Sports with a ball,Lifestyle,MAPPED,instagram,november,2022
733,wos.ds3,Valentín Oliva,Music,6600000.0,Argentina,342700.0,524300.0,,Music,MAPPED,instagram,november,2022
734,ansufati,Ansu Fati,Sports with a ball,9100000.0,Spain,250200.0,379400.0,Winter sports,Sports,MAPPED,instagram,november,2022
735,troyesivan,troye sivan,Art/Artists,13500000.0,United States,175000.0,251300.0,Fashion,Lifestyle,MAPPED,instagram,november,2022
736,haifawehbe,Haifa Wehbe,Music,10700000.0,Iraq,217900.0,318700.0,,Music,MAPPED,instagram,november,2022
737,burcuozberk,Burcu Özberk,Cinema & Actors/actresses,9300000.0,Turkey,286100.0,370500.0,,Entertainment,MAPPED,instagram,november,2022
738,danielricciardo,Daniel Ricciardo,Racing Sports,7400000.0,United States,355000.0,461000.0,,Sports,MAPPED,instagram,november,2022
739,alishalehmann7,Alisha Lehmann,Sports with a ball,8199999.999999999,Brazil,220200.0,415700.0,,Sports,MAPPED,instagram,november,2022
740,vivi,Vivi Wanderley,Beauty,13900000.0,Brazil,147100.0,242000.0,Lifestyle,Beauty&Fashion,MAPPED,instagram,november,2022
741,realcoleworld,Cole World,Music,7800000.0,United States,231500.0,439900.0,Art/Artists,Music,MAPPED,instagram,november,2022
742,nicholasgalitzine,Nicholas Galitzine,Cinema & Actors/actresses,4300000.0,Brazil,480000.0,795000.0,,Entertainment,MAPPED,instagram,november,2022
743,wanda_nara,Wanda nara,Lifestyle,14700000.0,Argentina,161400.0,228500.0,,Lifestyle,MAPPED,instagram,november,2022
744,umutisler,Umut İşler,Food & Cooking,11000000.0,India,188000.0,302200.0,,Lifestyle,MAPPED,instagram,november,2022
745,diljitdosanjh,DILJIT DOSANJH,Cinema & Actors/actresses,14000000.0,India,197700.0,238200.0,,Entertainment,MAPPED,instagram,november,2022
746,mchariel,MC Hariel,Music,9300000.0,Brazil,182400.0,363500.0,,Music,MAPPED,instagram,november,2022
747,valentinazenere,Valentina Zenere,Modeling,10200000.0,Brazil,269000.0,327600.0,Lifestyle,Beauty&Fashion,MAPPED,instagram,november,2022
748,imcryansp,TUBARAO GIGANTE 🦈,Lifestyle,5000000.0,Brazil,285600.0,679800.0,,Lifestyle,MAPPED,instagram,november,2022
749,richarlison,Richarlison,Sports with a ball,6200000.0,Brazil,286800.0,539100.0,Lifestyle,Sports,MAPPED,instagram,november,2022
750,yefersoncossio,Yef,Lifestyle,9800000.0,Colombia,234500.0,342000.0,,Lifestyle,MAPPED,instagram,november,2022
751,dk_is_dokyeom,도겸,Lifestyle,3600000.0,Iran,770100.0,927400.0,Music,Lifestyle,MAPPED,instagram,november,2022
752,pefabiodemelo,Fábio de Melo,Lifestyle,25800000.0,Brazil,85700.0,129300.00000000001,,Lifestyle,MAPPED,instagram,november,2022
753,rishabpant,Rishabh Pant,Lifestyle,7000000.0,India,404100.0,480200.0,Sports with a ball,Lifestyle,MAPPED,instagram,november,2022
754,litkillah,MAWZ💬,Music,8100000.0,Argentina,311100.0,409900.0,,Music,MAPPED,instagram,november,2022
755,emmaroberts,Emma Roberts,Cinema & Actors/actresses,18400000.0,United States,121000.0,178700.0,,Entertainment,MAPPED,instagram,november,2022
756,kittychicha,🖤KITTY CHICHA🐱,Music,4300000.0,Philippines,637600.0,773100.0,,Music,MAPPED,instagram,november,2022
757,madonna,Madonna,Music,18500000.0,Italy,120700.0,180100.0,,Music,MAPPED,instagram,november,2022
758,adamsandler,Adam Sandler,Cinema & Actors/actresses,13600000.0,United States,189000.0,240700.0,,Entertainment,MAPPED,instagram,november,2022
759,miketyson,Mike Tyson,Fitness & Gym,19400000.0,United States,131200.0,168900.0,,Sports,MAPPED,instagram,november,2022
760,sandrinna_11,Drinna 🖤,Lifestyle,10700000.0,Indonesia,237300.0,302700.0,,Lifestyle,MAPPED,instagram,november,2022
761,spacex,SpaceX,Science,16100000.000000002,United States,166500.0,202500.0,Machinery & Technologies,Tech&Gaming,MAPPED,instagram,november,2022
762,davidluiz23,David Luiz,Sports with a ball,22400000.0,Brazil,66200.0,145600.0,,Sports,MAPPED,instagram,november,2022
763,ivan_buhaje,spreen,,3100000.0,Argentina,843600.0,1000000.0,,,,instagram,november,2022
764,jackblack,Jack Black,Cinema & Actors/actresses,8900000.0,United States,282000.0,368200.0,,Entertainment,MAPPED,instagram,november,2022
765,yasminabdelaziz_,Yasmin Abdelaziz,Cinema & Actors/actresses,16200000.0,Egypt,170000.0,201000.0,,Entertainment,MAPPED,instagram,november,2022
766,tohi,𝐓𝐎𝐇𝐈,Lifestyle,12200000.0,Iran,190600.0,282000.0,Music,Lifestyle,MAPPED,instagram,november,2022
767,schwarzenegger,Arnold Schwarzenegger,Cinema & Actors/actresses,22600000.0,United States,121800.0,143100.0,Fitness & Gym,Entertainment,MAPPED,instagram,november,2022
768,ms_puiyi,Siew Pui Yi 🤍,Adult content,19600000.0,United States,128500.0,164600.0,,Other,MAPPED,instagram,november,2022
769,moneybaggyo,Certified Speaker💜,Lifestyle,8400000.0,United States,163000.0,389200.0,NFT,Lifestyle,MAPPED,instagram,november,2022
770,deolaneb_,DEOLANE BEZERRA ⚖️,,6300000.0,Brazil,206100.0,512500.0,,,,instagram,november,2022
771,madisonbaileybabe,Maddie Baby,Lifestyle,6600000.0,United States,259500.0,485900.0,Cinema & Actors/actresses,Lifestyle,MAPPED,instagram,november,2022
772,neeraj____chopra,Neeraj Chopra,Shows,6200000.0,India,389200.0,510100.0,Winter sports,Entertainment,MAPPED,instagram,november,2022
773,mrunalthakur,Mrunal Thakur,Beauty,6400000.0,India,352600.0,491300.0,Cinema & Actors/actresses,Beauty&Fashion,MAPPED,instagram,november,2022
774,lacikaysomers,Laci Kay Somers,Music,12200000.0,United States,152300.0,260399.99999999997,Modeling,Music,MAPPED,instagram,november,2022
775,jaybnow.hr,LIM JAE BEOM,Music,6900000.0,United States,347900.0,456600.0,,Music,MAPPED,instagram,november,2022
776,yamigautam,Yami Gautam Dhar,Cinema & Actors/actresses,16500000.0,India,162100.0,188100.0,,Entertainment,MAPPED,instagram,november,2022
777,gioewbank,Giovanna Ewbank,Cinema & Actors/actresses,29400000.0,Brazil,66200.0,105700.0,Modeling,Entertainment,MAPPED,instagram,november,2022
778,avani,avani,Beauty,18700000.0,United States,123000.0,165300.0,Lifestyle,Beauty&Fashion,MAPPED,instagram,november,2022
779,roddyricch,,Music,7000000.0,United States,234800.0,450700.0,,Music,MAPPED,instagram,november,2022
780,mauroicardi,𝕄𝔸𝕌ℝ𝕆 𝕀ℂ𝔸ℝ𝔻𝕀,Sports with a ball,8199999.999999999,Italy,236800.0,379300.0,,Sports,MAPPED,instagram,november,2022
781,jenniferwinget1,Jennifer Winget,Cinema & Actors/actresses,13600000.0,India,187800.0,228400.0,,Entertainment,MAPPED,instagram,november,2022
782,sarahhyland,Sarah Hyland,Cinema & Actors/actresses,10000000.0,United States,250700.0,313400.0,Lifestyle,Entertainment,MAPPED,instagram,november,2022
783,wayvofficial,WayV,Music,7500000.0,Indonesia,351800.0,418900.0,,Music,MAPPED,instagram,november,2022
784,meekmill,Meek Mill,Music,22700000.0,United States,71500.0,137600.0,,Music,MAPPED,instagram,november,2022
785,nodal,Christian Nodal 🇲🇽 🌵💚,Music,9400000.0,Mexico,229100.0,336800.0,,Music,MAPPED,instagram,november,2022
786,indiaroyale,India Royale,,4600000.0,United States,233300.0,691700.0,,,,instagram,november,2022
787,chrissyteigen,chrissy teigen,Shows,39300000.0,United States,59800.0,78000.0,Modeling,Entertainment,MAPPED,instagram,november,2022
788,kyrieirving,Hélà,Sports with a ball,17300000.0,United States,117200.0,177000.0,,Sports,MAPPED,instagram,november,2022
789,ahmedabohashima,Ahmed Abouhashima,Business & Careers,17300000.0,Egypt,130300.00000000001,175900.0,Finance & Economics,Knowledge&Info,MAPPED,instagram,november,2022
790,l7nnon,L7,Lifestyle,8900000.0,Brazil,146400.0,347600.0,Art/Artists,Lifestyle,MAPPED,instagram,november,2022
791,fadiljaidi,Fadil Jaidi,Lifestyle,8000000.0,Indonesia,257800.0,387300.0,,Lifestyle,MAPPED,instagram,november,2022
792,jessicajane99,Jessica Jane,Shows,5900000.0,Indonesia,392800.0,517799.99999999994,Modeling,Entertainment,MAPPED,instagram,november,2022
793,giannis_an34,Giannis Ugo Antetokounmpo,Sports with a ball,13500000.0,United States,142500.0,225500.0,,Sports,MAPPED,instagram,november,2022
794,egorkreed,Егор Крид | #HeartBreakKid,Music,14700000.0,Russia,168600.0,206700.0,,Music,MAPPED,instagram,november,2022
795,joerogan,Joe Rogan,Humor & Fun & Happiness,15700000.0,United States,139800.0,195000.0,Cinema & Actors/actresses,Entertainment,MAPPED,instagram,november,2022
796,nancyajram,Nancy Ajram,Music,33200000.000000004,Iraq,72000.0,92100.0,,Music,MAPPED,instagram,november,2022
797,woozi_universefactory,WOOZI,,4099999.9999999995,Indonesia,635800.0,756500.0,,,,instagram,november,2022
798,enriqueiglesias,Enrique Iglesias,Music,17100000.0,India,125900.0,177800.0,Art/Artists,Music,MAPPED,instagram,november,2022
799,cocielo,Júlio Cocielo Estaniecki,Cinema & Actors/actresses,19300000.0,Brazil,99400.0,155600.0,,Entertainment,MAPPED,instagram,november,2022
800,junhui_moon,JUN 文俊辉,Lifestyle,3000000.0,Indonesia,836800.0,1000000.0,Music,Lifestyle,MAPPED,instagram,november,2022
801,vernonline,Vernon 버논,,4700000.0,Japan,490200.0,648600.0,,,,instagram,november,2022
802,miamalkova,Mia Malkova,Cinema & Actors/actresses,11100000.0,India,200100.0,271200.0,,Entertainment,MAPPED,instagram,november,2022
803,rafakalimann,Rafa Kalimann,Modeling,23100000.0,Brazil,75100.0,134900.0,,Beauty&Fashion,MAPPED,instagram,november,2022
804,yailinlamasviralreal,Yailin la Mas Viral ♋️🧿,Lifestyle,5700000.0,United States,382100.0,547700.0,,Lifestyle,MAPPED,instagram,november,2022
805,warriors,Golden State Warriors,Lifestyle,25600000.0,United States,83900.0,116300.0,Sports with a ball,Lifestyle,MAPPED,instagram,november,2022
806,supercarblondie,Alex - that girl with the Cars,Cars & Motorbikes,10900000.0,India,173400.0,274800.0,,Other,MAPPED,instagram,november,2022
807,hm_son7,Son HeungMin(손흥민)🇰🇷,Sports with a ball,7700000.0,Brazil,241900.0,393500.0,,Sports,MAPPED,instagram,november,2022
808,tarkan,Tarkan,Music,6000000.0,Turkey,449700.0,509400.0,,Music,MAPPED,instagram,november,2022
809,thiagosilva,Thiago Silva,Sports with a ball,19800000.0,Brazil,88600.0,149200.0,,Sports,MAPPED,instagram,november,2022
810,dhanushkraja,Dhanush,Cinema & Actors/actresses,5000000.0,India,465600.0,602500.0,,Entertainment,MAPPED,instagram,november,2022
811,chaelincl,CL,Art/Artists,10300000.0,Brazil,215000.0,284400.0,Fashion,Lifestyle,MAPPED,instagram,november,2022
812,willyrex,Willyrex,Shows,8800000.0,Spain,285700.0,338700.0,,Entertainment,MAPPED,instagram,november,2022
813,harshasai_,Harsha sai,Shows,3200000.0,India,820900.0,935200.0,,Entertainment,MAPPED,instagram,november,2022
814,anastasiya_kvitko,AK,Lifestyle,12400000.0,United States,192800.0,235900.0,Modeling,Lifestyle,MAPPED,instagram,november,2022
815,marimaria,Mari Maria,Beauty,20200000.0,Brazil,74900.0,144100.0,,Beauty&Fashion,MAPPED,instagram,november,2022
816,yg_treasure_official,TREASURE (트레저),Music,5700000.0,Indonesia,409200.0,523000.0,,Music,MAPPED,instagram,november,2022
817,jaydacheaves,JAYDA,Clothing & Outfits,7700000.0,United States,129199.99999999999,383100.0,,Beauty&Fashion,MAPPED,instagram,november,2022
818,trueno,TR1 ⛈,Music,6900000.0,Argentina,275500.0,428800.0,,Music,MAPPED,instagram,november,2022
819,courteneycoxofficial,Courteney Cox,Cinema & Actors/actresses,12200000.0,India,180000.0,237900.0,,Entertainment,MAPPED,instagram,november,2022
820,jennifer.garner,Jennifer Garner,Cinema & Actors/actresses,13600000.0,United States,187700.0,213100.0,,Entertainment,MAPPED,instagram,november,2022
821,sophiedee,Sophie Dee,Adult content,12400000.0,United States,176300.0,234900.0,,Other,MAPPED,instagram,november,2022
822,kaliuchis,,Music,4000000.0,United States,419000.0,723400.0,,Music,MAPPED,instagram,november,2022
823,violets.tv,Violet Summers,Adult content,13800000.0,Italy,153900.0,211100.0,,Other,MAPPED,instagram,november,2022
824,juliopfernandez,J U L I O   P E Ñ A   F. D E Z,Art/Artists,3400000.0,Brazil,667700.0,848600.0,,Lifestyle,MAPPED,instagram,november,2022
825,lilpump,Lil Pump,Music,14900000.0,United States,121900.0,190800.0,,Music,MAPPED,instagram,november,2022
826,lizzobeeating,Lizzo,Music,13000000.0,United States,157200.0,220200.0,Lifestyle,Music,MAPPED,instagram,november,2022
827,jordynwoods,HEIR JORDYN,Modeling,12600000.0,United States,118400.0,224300.0,Lifestyle,Beauty&Fashion,MAPPED,instagram,november,2022
828,armaanmalik,ARMAAN MALIK 🧿,Music,13200000.0,India,186600.0,216100.0,,Music,MAPPED,instagram,november,2022
829,shaq,DR. SHAQUILLE O'NEAL Ed.D.,Humor & Fun & Happiness,26900000.0,United States,80700.0,105900.0,Sports with a ball,Entertainment,MAPPED,instagram,november,2022
830,tarajiphenson,taraji p henson,Music,19800000.0,United States,103300.0,144600.0,Cinema & Actors/actresses,Music,MAPPED,instagram,november,2022
831,shxxbi131,B.I,Lifestyle,4099999.9999999995,Indonesia,605100.0,708700.0,,Lifestyle,MAPPED,instagram,november,2022
832,espn,ESPN,Sports with a ball,23800000.0,United States,65600.0,119300.0,,Sports,MAPPED,instagram,november,2022
833,riteishd,Riteish Deshmukh,Art/Artists,15500000.0,India,155900.0,182100.0,Cinema & Actors/actresses,Lifestyle,MAPPED,instagram,november,2022
834,theroyalfamily,The Royal Family,Family,13000000.0,Italy,176400.0,217600.0,Shows,Lifestyle,MAPPED,instagram,november,2022
835,klarafgcastanho,Klåra Cåstanho,Cinema & Actors/actresses,7400000.0,Brazil,200100.0,388100.0,,Entertainment,MAPPED,instagram,november,2022
836,mohamedramadanws,Mohamed Ramadan,Music,20500000.0,Egypt,100800.0,139200.0,,Music,MAPPED,instagram,november,2022
837,valeyellow46,Valentino Rossi,Racing Sports,14100000.0,Indonesia,152300.0,198900.0,,Sports,MAPPED,instagram,november,2022
838,sthefanematos,STHE ⚓️,Lifestyle,10000000.0,Brazil,124700.0,289500.0,,Lifestyle,MAPPED,instagram,november,2022
839,kashikakapoor09,Kashika Kapoor,Beauty,9900000.0,Indonesia,266700.0,285300.0,Lifestyle,Beauty&Fashion,MAPPED,instagram,november,2022
840,lance210,Lance Stewart,Cinema & Actors/actresses,6600000.0,United States,259800.0,431100.0,Humor & Fun & Happiness,Entertainment,MAPPED,instagram,november,2022
841,chieffkeeffsossa,Chief Keef,Music,7800000.0,United States,197100.0,364600.0,,Music,MAPPED,instagram,november,2022
842,alexis_officia1,Sanchez Alexis,Sports with a ball,14600000.0,Chile,117300.0,193600.0,,Sports,MAPPED,instagram,november,2022
843,anyageraldine,anya geraldine,Music,11200000.0,Indonesia,147800.0,247300.0,,Music,MAPPED,instagram,november,2022
844,flay,FLAY 🎙,Lifestyle,7700000.0,Brazil,177000.0,369500.0,Music,Lifestyle,MAPPED,instagram,november,2022
845,sofia9__official,SOFIA ANSARI,Lifestyle,9100000.0,India,225500.0,314000.0,Cinema & Actors/actresses,Lifestyle,MAPPED,instagram,november,2022
846,jenna_chew,JENNA 周甄娜,Fitness & Gym,8199999.999999999,United States,279800.0,341800.0,,Sports,MAPPED,instagram,november,2022
847,arishfakhan138,Sayyed Arishfa Khan 💎,Cinema & Actors/actresses,29500000.0,India,77500.0,94000.0,,Entertainment,MAPPED,instagram,november,2022
848,mohanshakti,Shakti Mohan,Art/Artists,16500000.0,India,138300.0,166100.0,Cinema & Actors/actresses,Lifestyle,MAPPED,instagram,november,2022
849,jimmyfallon,Jimmy Fallon,Shows,23100000.0,United States,94900.0,118800.0,Humor & Fun & Happiness,Entertainment,MAPPED,instagram,november,2022
850,iampauloandre,Paulo André 🏁,Photography,9900000.0,Brazil,102600.0,290500.0,Lifestyle,Lifestyle,MAPPED,instagram,november,2022
851,ewsbdi,로운,,4700000.0,Indonesia,395900.0,591800.0,,,,instagram,november,2022
852,borodylia,Ксения Бородина,Shows,19200000.0,Russia,115000.0,141800.0,Family,Entertainment,MAPPED,instagram,november,2022
853,natalee.007,Natalie Lee,Modeling,7000000.0,United States,310800.0,397200.0,Music,Beauty&Fashion,MAPPED,instagram,november,2022
854,mterstegen1,Marc ter Stegen,Sports with a ball,13600000.0,Spain,132400.0,199500.0,,Sports,MAPPED,instagram,november,2022
855,albafloresoficial,Alba Flores,Cinema & Actors/actresses,11500000.0,Spain,175300.0,236200.0,,Entertainment,MAPPED,instagram,november,2022
856,snejanaonopka15,Snejana Onopka,Modeling,9600000.0,Brazil,221400.0,295500.0,,Beauty&Fashion,MAPPED,instagram,november,2022
857,saythename_17,SEVENTEEN,Music,10200000.0,Indonesia,234300.0,262900.0,,Music,MAPPED,instagram,november,2022
858,anas,Anas,Family,5800000.0,Iraq,367100.0,476800.0,Shows,Lifestyle,MAPPED,instagram,november,2022
859,ab,Antonio Brown,Sports with a ball,11300000.0,United States,118000.0,241100.0,,Sports,MAPPED,instagram,november,2022
860,wdohwan,우도환,Cinema & Actors/actresses,4500000.0,Indonesia,459300.0,608800.0,,Entertainment,MAPPED,instagram,november,2022
861,actor_jg,배우 이준기 李準基,Cinema & Actors/actresses,6500000.0,Indonesia,363100.0,426700.0,,Entertainment,MAPPED,instagram,november,2022
862,ashleybenson,Ashley Benson,Modeling,23300000.0,Brazil,81200.0,115400.0,,Beauty&Fashion,MAPPED,instagram,november,2022
863,letthelordbewithyou,Scott Disick,Lifestyle,27500000.0,United States,64599.99999999999,97600.0,Family,Lifestyle,MAPPED,instagram,november,2022
864,iiqraaziz,IQRA AZIZ HUSSAIN🇵🇰,Beauty,9000000.0,India,266500.0,303800.0,Modeling,Beauty&Fashion,MAPPED,instagram,november,2022
865,icc,ICC,Sports with a ball,24300000.0,India,91700.0,109700.0,,Sports,MAPPED,instagram,november,2022
866,nimratkhairaofficial,NIMRAT KHAIRA,Music,8100000.0,India,271200.0,336500.0,,Music,MAPPED,instagram,november,2022
867,snoopdogg,snoopdogg,Lifestyle,76400000.0,United States,24900.0,35500.0,Music,Lifestyle,MAPPED,instagram,november,2022
868,zo,Lonzo Ball,Sports with a ball,14700000.0,United States,101100.0,182100.0,,Sports,MAPPED,instagram,november,2022
869,cnn,CNN,Shows,18100000.0,United States,107700.0,148800.0,Literature & Journalism,Entertainment,MAPPED,instagram,november,2022
870,realshadmehr,Shadmehr Aghili,Music,8199999.999999999,Iran,242700.0,338600.0,,Music,MAPPED,instagram,november,2022
871,arcticmonkeys,Arctic Monkeys,Music,4099999.9999999995,United States,465000.0,653900.0,,Music,MAPPED,instagram,november,2022
872,priyankaamohanofficial,Priyanka Mohan,Photography,3500000.0,India,660000.0,757300.0,Lifestyle,Lifestyle,MAPPED,instagram,november,2022
873,dacremontgomery,Dacre Montgomery,Cinema & Actors/actresses,8900000.0,United States,224400.0,299900.0,,Entertainment,MAPPED,instagram,november,2022
874,iamyanetgarcia,Yanet Garcia 🇲🇽,Cinema & Actors/actresses,14900000.0,Mexico,139600.0,178200.0,Modeling,Entertainment,MAPPED,instagram,november,2022
875,streetartglobe,StreetArtGlobe ™ 😱,Art/Artists,16600000.000000002,United States,117700.0,159900.0,,Lifestyle,MAPPED,instagram,november,2022
876,maddieziegler,maddie,Cinema & Actors/actresses,13800000.0,United States,126500.0,189800.0,Modeling,Entertainment,MAPPED,instagram,november,2022
877,_abu_saalim_,ABU SAALIM,Photography,3000000.0,India,372600.0,881400.0,Cinema & Actors/actresses,Lifestyle,MAPPED,instagram,november,2022
878,hannahelzahed,Hannah El-Zahed,Cinema & Actors/actresses,18200000.0,Egypt,117200.0,145000.0,,Entertainment,MAPPED,instagram,november,2022
879,djokernole,Novak Djokovic,Sports with a ball,11400000.0,Serbia,187700.0,230900.0,,Sports,MAPPED,instagram,november,2022
880,weareone.exo,EXO Official,Music,10000000.0,Indonesia,212000.0,265800.0,,Music,MAPPED,instagram,november,2022
881,paollaoliveirareal,Paolla Oliveira,Cinema & Actors/actresses,34900000.0,Brazil,56700.0,75100.0,Lifestyle,Entertainment,MAPPED,instagram,november,2022
882,trentarnold66,Trent Alexander-Arnold,Lifestyle,7800000.0,United Kingdom,230400.0,337500.0,Sports with a ball,Lifestyle,MAPPED,instagram,november,2022
883,i_nivethathomas,Nivetha Thomas,Cinema & Actors/actresses,6200000.0,India,379500.0,429200.0,,Entertainment,MAPPED,instagram,november,2022
884,jeromepolin,Jerome Polin Sijabat ジェローム,Education,7000000.0,Indonesia,257700.0,378200.0,Humor & Fun & Happiness,Knowledge&Info,MAPPED,instagram,november,2022
885,sinavaliollah,Sina Valiollah,Shows,7500000.0,Iran,282900.0,356800.0,,Entertainment,MAPPED,instagram,november,2022
886,dilettaleotta,🌸Diletta Leotta🌸,Shows,8600000.0,Italy,206200.0,307500.0,,Entertainment,MAPPED,instagram,november,2022
887,marcoasensio10,Marco Asensio,Sports with a ball,14600000.0,Spain,115900.0,177700.0,,Sports,MAPPED,instagram,november,2022
888,nidhhiagerwal,Nidhhi Agerwal 🌟,Gaming,25700000.0,India,84300.0,101000.0,Cinema & Actors/actresses,Tech&Gaming,MAPPED,instagram,november,2022
889,ms.sethii,Shilpa Sethi,Modeling,6600000.0,United States,267800.0,405100.0,,Beauty&Fashion,MAPPED,instagram,november,2022
890,michelle_lewin,Michelle Lewin,Fitness & Gym,15100000.0,United States,122600.0,173100.0,,Sports,MAPPED,instagram,november,2022
891,galatasaray,Galatasaray,Sports with a ball,11700000.0,Turkey,183000.0,221400.0,,Sports,MAPPED,instagram,november,2022
892,maxverstappen1,Max Verstappen,Racing Sports,9300000.0,United States,214400.0,281900.0,,Sports,MAPPED,instagram,november,2022
893,anggayunandareal16,Ucup - The Hacker,Modeling,10500000.0,Indonesia,169100.0,244700.0,,Beauty&Fashion,MAPPED,instagram,november,2022
894,guaynaa,Guaynaa 🧿,Music,6200000.0,Mexico,269000.0,414800.0,,Music,MAPPED,instagram,november,2022
895,burnaboygram,Burna Boy,Art/Artists,11500000.0,Nigeria,121600.0,223400.0,Music,Lifestyle,MAPPED,instagram,november,2022
896,sergiroberto,Sergi Roberto,Sports with a ball,7600000.0,Spain,215600.0,339700.0,,Sports,MAPPED,instagram,november,2022
897,rakulpreet,Rakul Singh,Cinema & Actors/actresses,22400000.0,India,96200.0,113100.0,Modeling,Entertainment,MAPPED,instagram,november,2022
898,lalioficial,LALI❤️‍🔥,Music,11100000.0,Argentina,160600.0,229500.0,,Music,MAPPED,instagram,november,2022
899,aslisona,Sonakshi Sinha,Cinema & Actors/actresses,23300000.0,India,90200.0,109100.0,Lifestyle,Entertainment,MAPPED,instagram,november,2022
900,dear.zia,𝑓𝑟𝑒𝑒𝑧𝑖𝑎 .🌼,,3700000.0,South Korea,612500.0,688400.0,,,,instagram,november,2022
901,dominicfike,,Music,3400000.0,United States,391000.0,743600.0,,Music,MAPPED,instagram,november,2022
902,tamannaahspeaks,Tamannaah Bhatia,Music,17800000.0,India,121300.0,141600.0,Cinema & Actors/actresses,Music,MAPPED,instagram,november,2022
903,kikakim,Kristina Kim,Lifestyle,7100000.0,Kazakhstan,273600.0,362100.0,Music,Lifestyle,MAPPED,instagram,november,2022
904,rubyrose,Ruby Rose,Modeling,20300000.0,United States,93900.0,124000.0,,Beauty&Fashion,MAPPED,instagram,november,2022
905,thegirljt,JT😸,Music,5800000.0,United States,161000.0,441100.0,,Music,MAPPED,instagram,november,2022
906,huddy,Chase Hudson,Lifestyle,11500000.0,United States,157500.0,217200.0,Art/Artists,Lifestyle,MAPPED,instagram,november,2022
907,prideofgypsies,Jason Momoa,Cinema & Actors/actresses,17200000.0,United States,114200.0,146800.0,,Entertainment,MAPPED,instagram,november,2022
908,jscmila,Jessica Mila Agnesia,Beauty,22300000.0,Indonesia,84100.0,111600.0,Modeling,Beauty&Fashion,MAPPED,instagram,november,2022
909,normani,Normani,Music,7300000.0,United States,223200.0,349000.0,,Music,MAPPED,instagram,november,2022
910,t22felton,Tom Felton,Music,11900000.0,United States,162600.0,210600.0,Cinema & Actors/actresses,Music,MAPPED,instagram,november,2022
911,rey_mbayang,REY MBAYANG,Music,5100000.0,Indonesia,303200.0,493000.0,,Music,MAPPED,instagram,november,2022
912,kh1000le,CHENLE ZHONG,Music,1900000.0,,0.0,1300000.0,,Music,MAPPED,instagram,november,2022
913,qk20,عبدالكريم الهندال الهاشمي - مجلة وضحة,Family,11100000.0,India,212300.0,223800.0,Business & Careers,Lifestyle,MAPPED,instagram,november,2022
914,aoc,Alexandria Ocasio-Cortez,Finance & Economics,8700000.0,United States,235400.0,294400.0,,Knowledge&Info,MAPPED,instagram,november,2022
915,mirandacosgrove,Miranda Cosgrove,Music,9800000.0,Brazil,164400.0,256899.99999999997,Cinema & Actors/actresses,Music,MAPPED,instagram,november,2022
916,debbyryan,Debby Ryan,Music,16600000.000000002,United States,102800.0,149600.0,Cinema & Actors/actresses,Music,MAPPED,instagram,november,2022
917,thiago6,Thiago Alcantara,Sports with a ball,9900000.0,United Kingdom,147800.0,253500.0,,Sports,MAPPED,instagram,november,2022
918,theamitbhadana,Amit Bhadana ( अमित भड़ाना ),Shows,8500000.0,India,241300.0,296500.0,,Entertainment,MAPPED,instagram,november,2022
919,jacksepticeye,Jacksepticeye,Computers & Gadgets,7900000.0,United States,274200.0,318200.0,Machinery & Technologies,Tech&Gaming,MAPPED,instagram,november,2022
920,dagelan,Dagelan,Humor & Fun & Happiness,21100000.0,Indonesia,70000.0,118100.0,,Entertainment,MAPPED,instagram,november,2022
921,alvaromorata,Álvaro Morata,Sports with a ball,18000000.0,Italy,88500.0,136900.0,Literature & Journalism,Sports,MAPPED,instagram,november,2022
922,laurenjauregui,Lauren Jauregui,Music,10800000.0,United States,155500.0,229700.0,,Music,MAPPED,instagram,november,2022
923,rondarousey,Ronda Rousey,Cinema & Actors/actresses,15900000.0,United States,115600.0,154900.0,,Entertainment,MAPPED,instagram,november,2022
924,bypamella,BY PAMELLA ✨🧿,Shows,9900000.0,Brazil,147900.0,253500.0,,Entertainment,MAPPED,instagram,november,2022
925,riyadmahrez26.7,RM26,Sports with a ball,9200000.0,Algeria,210100.0,270600.0,,Sports,MAPPED,instagram,november,2022
926,bowerjamie,ᴊᴀᴍɪᴇ ᴄᴀᴍᴘʙᴇʟʟ ʙᴏᴡᴇʀ,Cinema & Actors/actresses,5500000.0,Italy,337900.0,450400.0,,Entertainment,MAPPED,instagram,november,2022
927,dearra,De'arra Taylor,,6300000.0,United States,159500.0,397400.0,,,,instagram,november,2022
928,hustlemantherapper,Hustleman 💫,Lifestyle,10100000.0,United States,219000.0,241400.0,,Lifestyle,MAPPED,instagram,november,2022
929,yuzi_chahal23,Yuzvendra Chahal,Lifestyle,8199999.999999999,India,247900.0,301900.0,Sports with a ball,Lifestyle,MAPPED,instagram,november,2022
930,fifaworldcup,FIFA World Cup,Sports with a ball,29100000.0,India,55700.0,84100.0,,Sports,MAPPED,instagram,november,2022
931,rjkarishma,RJ Karishma,Humor & Fun & Happiness,3700000.0,India,529900.0,676500.0,Cinema & Actors/actresses,Entertainment,MAPPED,instagram,november,2022
932,ricky_martin,Ricky Martin,Music,17300000.0,Argentina,105500.0,141600.0,,Music,MAPPED,instagram,november,2022
933,nabilla,Nabilla Vergara ✨,Beauty,8000000.0,France,223900.0,308100.0,,Beauty&Fashion,MAPPED,instagram,november,2022
934,isaias,Isaías,Lifestyle,9000000.0,Brazil,155600.0,272600.0,,Lifestyle,MAPPED,instagram,november,2022
935,karolsevillaofc,KAROL SEVILLA,Cinema & Actors/actresses,15100000.0,Brazil,127100.0,160700.0,,Entertainment,MAPPED,instagram,november,2022
936,gucci,,Accessories & Jewellery,49000000.0,United States,37200.0,49300.0,Clothing & Outfits,Beauty&Fashion,MAPPED,instagram,november,2022
937,sabinahidalgo,Sabina Hidalgo,Lifestyle,4800000.0,Brazil,432900.0,519299.99999999994,Music,Lifestyle,MAPPED,instagram,november,2022
938,_chaechae_1,김채원 (CHAEWON),Lifestyle,2900000.0,South Korea,699300.0,841000.0,,Lifestyle,MAPPED,instagram,november,2022
939,hyeri_0609,혜리,Music,7300000.0,South Korea,277700.0,334500.0,,Music,MAPPED,instagram,november,2022
940,nadin_serovski,Nadin Serovski,Family,9400000.0,Russia,189300.0,259300.0,Lifestyle,Lifestyle,MAPPED,instagram,november,2022
941,lynaritaa,Lyna Perez,Lifestyle,9100000.0,United States,205500.0,271300.0,,Lifestyle,MAPPED,instagram,november,2022
942,maudeapatow,Maude Apatow,Lifestyle,4800000.0,United States,304700.0,504300.0,Cinema & Actors/actresses,Lifestyle,MAPPED,instagram,november,2022
943,gongyoo_official,공유 gongyoo official,Lifestyle,3600000.0,Indonesia,537900.0,675700.0,,Lifestyle,MAPPED,instagram,november,2022
944,christian_fig,Christian Figueiredo,Cinema & Actors/actresses,10800000.0,Brazil,142400.0,221800.0,Lifestyle,Entertainment,MAPPED,instagram,november,2022
945,arashi_5_official,ARASHI,,4400000.0,Japan,542500.0,565200.0,,,,instagram,november,2022
946,soyturkrabia,Rabia,,2800000.0,Turkey,615400.0,864300.0,,,,instagram,november,2022
947,disney,Disney,Shows,34400000.0,United States,57500.0,69300.0,,Entertainment,MAPPED,instagram,november,2022
948,333cyj333,Ars 🎗,Music,6700000.0,Thailand,304200.0,362400.0,,Music,MAPPED,instagram,november,2022
949,soycintiacossio,Cintia Cossio,Modeling,5800000.0,Colombia,337400.0,421100.0,Adult content,Beauty&Fashion,MAPPED,instagram,november,2022
950,anthonyjoshua,,Fitness & Gym,14400000.0,United Kingdom,123000.0,167300.0,,Sports,MAPPED,instagram,november,2022
951,reynmen,reyn,Music,7100000.0,Turkey,266600.0,339600.0,Cinema & Actors/actresses,Music,MAPPED,instagram,november,2022
952,ykaaar,Damiano David/Måneskin,Art/Artists,5200000.0,Italy,336700.0,462000.0,Cinema & Actors/actresses,Lifestyle,MAPPED,instagram,november,2022
953,jessica.syj,Jessica Jung,Modeling,10900000.0,Indonesia,178400.0,218900.0,Beauty,Beauty&Fashion,MAPPED,instagram,november,2022
954,landonorris,Lando Norris,Racing Sports,5800000.0,Italy,328300.0,413700.0,Cars & Motorbikes,Sports,MAPPED,instagram,november,2022
955,ashleygraham,A S H L E Y  G R A H A M,Modeling,19100000.0,United States,93200.0,123200.0,,Beauty&Fashion,MAPPED,instagram,november,2022
956,ler_chek,Валерия Чекалина,Lifestyle,10500000.0,Russia,174600.0,225100.0,Beauty,Lifestyle,MAPPED,instagram,november,2022
957,bmw,BMW,Cars & Motorbikes,33800000.0,Iran,53200.0,69500.0,,Other,MAPPED,instagram,november,2022
958,joesthetics,Jo Lindner,Fitness & Gym,7800000.0,India,200900.0,306000.0,,Sports,MAPPED,instagram,november,2022
959,maitreyiramakrishnan,Maitreyi Ramakrishnan,Photography,3900000.0,Brazil,413200.0,604300.0,Cinema & Actors/actresses,Lifestyle,MAPPED,instagram,november,2022
960,ateez_official_,ATEEZ(에이티즈),,7000000.0,United States,294400.0,337700.0,,,,instagram,november,2022
961,myriamfares,Myriam Fares,Music,20900000.0,Iraq,82100.0,111100.0,,Music,MAPPED,instagram,november,2022
962,saaihalilintar,SAAIH HALILINTAR,Business & Careers,5000000.0,Indonesia,377500.0,468400.0,Shows,Knowledge&Info,MAPPED,instagram,november,2022
963,salshabillaadr,Salshabilla adriani,Music,14400000.0,Indonesia,100200.0,160200.0,Cinema & Actors/actresses,Music,MAPPED,instagram,november,2022
964,cemrebaysel,Cemre,Lifestyle,3600000.0,Turkey,489400.0,658300.0,,Lifestyle,MAPPED,instagram,november,2022
965,hasnaink07,Hasnain khan,Gaming,13100000.0,India,143300.0,179300.0,,Tech&Gaming,MAPPED,instagram,november,2022
966,arsenal,Arsenal,Sports with a ball,22900000.0,United Kingdom,66800.0,100800.0,,Sports,MAPPED,instagram,november,2022
967,piawurtzbach,Pia Wurtzbach,Beauty,13900000.0,Philippines,137100.0,165300.0,Modeling,Beauty&Fashion,MAPPED,instagram,november,2022
968,tamaaev,Тамаев Асхаб,Fitness & Gym,5100000.0,Russia,324800.0,457600.0,,Sports,MAPPED,instagram,november,2022
969,eunbining0904,박은빈,Music,2900000.0,South Korea,690100.0,814700.0,,Music,MAPPED,instagram,november,2022
970,tarasutaria,TARA💫,Cinema & Actors/actresses,8199999.999999999,India,226900.0,285800.0,,Entertainment,MAPPED,instagram,november,2022
971,viking.barbie,Viking Barbie⚔,Adult content,11500000.0,United States,131500.0,200900.0,,Other,MAPPED,instagram,november,2022
972,brycehall,Bryce Hall,Music,7200000.0,United States,252300.0,324000.0,,Music,MAPPED,instagram,november,2022
973,illusomina,Shinmina,Cinema & Actors/actresses,4500000.0,Indonesia,412700.0,514799.99999999994,,Entertainment,MAPPED,instagram,november,2022
974,sahilkhan,India’s Youth & Fitness IC⭕️N®,Fitness & Gym,10900000.0,India,154800.0,210000.0,,Sports,MAPPED,instagram,november,2022
975,julienco_,! Julian,Lifestyle,6400000.0,Germany,294600.0,362900.0,Family,Lifestyle,MAPPED,instagram,november,2022
976,____kimwoobin,김우빈,Lifestyle,3900000.0,Indonesia,452800.0,597300.0,,Lifestyle,MAPPED,instagram,november,2022
977,aidanrgallagher,Aidan R Gallagher,Music,7700000.0,Mexico,250400.0,301300.0,,Music,MAPPED,instagram,november,2022
978,mccabelinho,LITTLE HAIR,Lifestyle,5400000.0,Brazil,218900.0,431900.0,Music,Lifestyle,MAPPED,instagram,november,2022
979,stebinben,Stebin Ben,Music,11900000.0,India,155000.0,190200.0,Lifestyle,Music,MAPPED,instagram,november,2022
980,optimushwang,황민현,Lifestyle,4400000.0,South Korea,444000.0,529200.0,,Lifestyle,MAPPED,instagram,november,2022
981,divyankatripathidahiya,Divyanka Tripathi Dahiya,Shows,21100000.0,India,93300.0,107800.0,Cinema & Actors/actresses,Entertainment,MAPPED,instagram,november,2022
982,aycaaysinturan,Ayça Ayşin Turan,Cinema & Actors/actresses,6000000.0,Turkey,289800.0,387600.0,,Entertainment,MAPPED,instagram,november,2022
983,officialslystallone,Sly Stallone,Art/Artists,15200000.0,United States,118100.0,149100.0,Cinema & Actors/actresses,Lifestyle,MAPPED,instagram,november,2022
984,haifa_hassony,هيفاء حسوني Haifa Hassony,Modeling,15100000.0,Iraq,112700.0,150400.0,Fitness & Gym,Beauty&Fashion,MAPPED,instagram,november,2022
985,feid,FERXXO,Music,5000000.0,Colombia,220800.0,457200.0,,Music,MAPPED,instagram,november,2022
986,03_hu,박지후,Lifestyle,4200000.0,South Korea,441600.0,541600.0,,Lifestyle,MAPPED,instagram,november,2022
987,nameisnani,Nani,Humor & Fun & Happiness,5300000.0,India,396400.0,427900.0,Cinema & Actors/actresses,Entertainment,MAPPED,instagram,november,2022
988,_hakkencoser_,Hakken 八犬,Gaming,3700000.0,United States,500200.0,611300.0,Photography,Tech&Gaming,MAPPED,instagram,november,2022
989,kyliecosmetics,Kylie Cosmetics,Beauty,26000000.0,United States,59800.0,86100.0,Shopping & Retail,Beauty&Fashion,MAPPED,instagram,november,2022
990,kawtarbamo,KAWTAR BA-MOHAMED كوثر بامو,Cinema & Actors/actresses,7600000.0,Morocco,220600.0,298900.0,,Entertainment,MAPPED,instagram,november,2022
991,jimena.jimenezr,Jimena,,5900000.0,Mexico,265600.0,383400.0,,,,instagram,november,2022
992,hank_says_hank,Hank 행크,,3300000.0,South Korea,576700.0,676800.0,,,,instagram,november,2022
993,taylor_hill,Taylor Hill,Art/Artists,20800000.0,United States,71600.0,106900.0,Fashion,Lifestyle,MAPPED,instagram,november,2022
994,epa_colombia,EPA COLOMBIA,,5100000.0,Colombia,322200.0,443200.0,,,,instagram,november,2022
995,beberexha,Bebe Rexha,Music,10700000.0,India,139500.0,206300.0,Lifestyle,Music,MAPPED,instagram,november,2022
996,thenewclassic,Iggy Azalea,Music,16700000.0,United States,82100.0,132800.0,,Music,MAPPED,instagram,november,2022
997,min.nicha,MINNIE,Lifestyle,4200000.0,Thailand,385500.0,526600.0,Music,Lifestyle,MAPPED,instagram,november,2022
998,francety,Francia James,Adult content,11400000.0,India,149900.0,196600.0,,Other,MAPPED,instagram,november,2022
999,silambarasantrofficial,Silambarasan TR,Shows,10200000.0,India,169600.0,216600.0,Lifestyle,Entertainment,MAPPED,instagram,november,2022
1000,lalala_lfamily,Lfamily,Music,2500000.0,Thailand,752900.0,900400.0,,Music,MAPPED,instagram,november,2022
