handle_instagram,name_instagram,category_1,category_2,followers,audience_country,engagement_auth,engagement_avg,category_1_unified,category_2_unified,category_primary,if_exist
433,433,Sports with a ball,,48500000,Spain,383100,637000,Sports,,Sports,1
__youngbae__,TAEYANG,Music,,12700000,Indonesia,478000,542300,Music,,Music,1
_agentgirl_,НАСТЯ ИВЛЕЕВА,Shows,,18800000,Russia,310800,377900,Entertainment,,Entertainment,1
_imyour_joy,Joy,Lifestyle,,13500000,Indonesia,1100000,1400000,Lifestyle,,Lifestyle,1
_jeongjaehyun,Jaehyun,,,11100000,Indonesia,2500000,3100000,,,,0
_mariahwasa,HWASA,,,7900000,Brazil,915100,1200000,,,,0
_rl9,Robert Lewandowski,Sports with a ball,,25000000,Poland,588600,749000,Sports,,Sports,1
_seorina,설인아 sᴇᴏʀɪɴᴀ,Lifestyle,Cinema & Actors/actresses,3000000,South Korea,803900,997800,Lifestyle,Entertainment,Lifestyle,1
_shotaroo_,SHOTARO ショウタロウ,,,4900000,Indonesia,860100,1100000,,,,0
03_hu,박지후,,,4100000,South Korea,711000,872600,,,,0
21savage,,Music,,13200000,United States,263500,462000,Music,,Music,1
333cyj333,Ars 🎗,Music,,6500000,Thailand,359300,427700,Music,,Music,1
3gerardpique,Gerard Piqué,Sports with a ball,,19800000,Spain,446100,658800,Sports,,Sports,1
50cent,50 Cent,Music,,27900000,United States,177500,283200,Music,,Music,1
9gag,9GAG: Go Fun The World,Humor & Fun & Happiness,,58300000,Indonesia,214700,276900,Entertainment,,Entertainment,1
abdevilliers17,AB de Villiers,Sports with a ball,Lifestyle,17200000,India,534000,615900,Sports,Lifestyle,Sports,1
aboflah,AboFlah,Humor & Fun & Happiness,,7200000,Iraq,793400,949400,Entertainment,,Entertainment,1
achrafhakimi,Achraf Hakimi,Sports with a ball,,8800000,Morocco,520000,764500,Sports,,Sports,1
actorleeminho,이민호 leeminho,Cinema & Actors/actresses,,28900000,Indonesia,2800000,3700000,Entertainment,,Entertainment,1
actorprabhas,Prabhas,,,8200000,India,482200,540200,,,,0
actorsuriya,Suriya Sivakumar,,,4100000,India,491300,637700,,,,0
acunilicali,Acun Ilıcalı,Cinema & Actors/actresses,,13600000,Turkey,233800,286300,Entertainment,,Entertainment,1
adamsandler,Adam Sandler,Cinema & Actors/actresses,,12700000,United States,395900,503900,Entertainment,,Entertainment,1
addisonraee,,Beauty,,40500000,United States,1100000,1600000,Beauty/Fashion,,Beauty/Fashion,1
adele,Adele,Music,,49700000,United States,2600000,3600000,Music,,Music,1
adidasoriginals,adidas Originals,Clothing & Outfits,Shopping & Retail,34200000,United States,52400,71800,Beauty/Fashion,Beauty/Fashion,Beauty/Fashion,1
adinross,,,,2600000,United States,551100,1100000,,,,0
aespa_official,aespa 에스파,,,8300000,Indonesia,1100000,1600000,,,,0
agustd,SUGA of BTS 민윤기,,,31500000,,10900000,10900000,,,,0
aishwaryaraibachchan_arb,AishwaryaRaiBachchan,Cinema & Actors/actresses,,10000000,India,247600,316500,Entertainment,,Entertainment,1
aislinnderbez,𝔸 𝕀 𝕊 𝕃 𝕀 ℕ ℕ  𝕕 𝕖 𝕣 𝕓 𝕖 𝕫,Cinema & Actors/actresses,,12000000,Mexico,235700,295400,Entertainment,,Entertainment,1
akshaykumar,Akshay Kumar,Cinema & Actors/actresses,,61100000,India,815300,971000,Entertainment,,Entertainment,1
alejandrospeitzer,Alejandro Speitzer,Lifestyle,,5100000,Mexico,313300,488600,Lifestyle,,Lifestyle,1
aleoliveiracm,Alê Oliveira,Humor & Fun & Happiness,,8300000,Brazil,235800,598400,Entertainment,,Entertainment,1
alexademie,,,,10800000,United States,1200000,2100000,,,,0
alexandradaddario,alexandra daddario,Cinema & Actors/actresses,,22400000,India,487900,596600,Entertainment,,Entertainment,1
alexis_officia1,Sanchez Alexis,Sports with a ball,,13400000,Chile,185200,304800,Sports,,Sports,1
alexisren,Alexis Ren,Lifestyle,,15800000,United States,102000,158100,Lifestyle,,Lifestyle,1
alfinetei,Alfinetadas Dos Famosos 📌,Humor & Fun & Happiness,,21100000,Brazil,99500,223600,Entertainment,,Entertainment,1
aliaabhatt,Alia Bhatt 🤍☀️,Cinema & Actors/actresses,,61800000,India,1200000,1500000,Entertainment,,Entertainment,1
alidaei,Ali Daei,Sports with a ball,,8000000,Iran,555800,937000,Sports,,Sports,1
aliiiiiiiikarimi8,Ali Karimi,Sports with a ball,,9100000,Iran,328700,495100,Sports,,Sports,1
alishalehmann7,Alisha Lehmann,Sports with a ball,,6800000,Brazil,373800,705300,Sports,,Sports,1
alluarjunonline,Allu Arjun,Cinema & Actors/actresses,,17600000,India,1600000,2000000,Entertainment,,Entertainment,1
alok,Alok,Music,Art/Artists,27000000,Brazil,249600,319900,Music,Lifestyle,Music,1
alvaromorata,Álvaro Morata,Sports with a ball,Literature & Journalism,16200000,Italy,113100,175200,Sports,Info/Business,Sports,1
alvaromorte,Álvaro Morte,Cinema & Actors/actresses,,12400000,India,244500,334700,Entertainment,,Entertainment,1
alvxaro,ALVARO,Lifestyle,,9200000,Brazil,169600,424700,Lifestyle,,Lifestyle,1
alwaysramcharan,Ram Charan,Lifestyle,Cinema & Actors/actresses,5600000,India,596800,668300,Lifestyle,Entertainment,Lifestyle,1
amadorat,N I C O L E   A M A D O 🐉,Fashion,Lifestyle,8100000,Mexico,505000,564400,Beauty/Fashion,Lifestyle,Beauty/Fashion,1
amandacerny,Amanda 𝕮𝖊𝖗𝖓𝖞,Humor & Fun & Happiness,,24100000,India,112900,180600,Entertainment,,Entertainment,1
amandamanopo,,Modeling,Beauty,15200000,Indonesia,189600,250500,Beauty/Fashion,Beauty/Fashion,Beauty/Fashion,1
amarantavp,A M A 🤍,,,4900000,Mexico,483800,605600,,,,0
amauryguichon,Amaury Guichon,Food & Cooking,,6700000,United States,357300,435700,Lifestyle,,Lifestyle,1
amitabhbachchan,Amitabh Bachchan,Cinema & Actors/actresses,,30000000,India,88500,103600,Entertainment,,Entertainment,1
amybethmcnulty,AB Mcn,Lifestyle,Cinema & Actors/actresses,6300000,Brazil,561400,771300,Lifestyle,Entertainment,Lifestyle,1
ana_d_armas,A N A   D E   A R M A S,Cinema & Actors/actresses,Lifestyle,6100000,United States,543400,735300,Entertainment,Lifestyle,Entertainment,1
ananyapanday,Ananya 💛💫,Cinema & Actors/actresses,,21900000,India,318200,371800,Entertainment,,Entertainment,1
anasmarwah,Anas Marwah,Family,Shows,5500000,Iraq,431800,557500,Lifestyle,Entertainment,Lifestyle,1
andreavaldirisos,ANDREA VALDIRI 🇨🇴,Lifestyle,Beauty,7700000,Colombia,411300,584300,Lifestyle,Beauty/Fashion,Lifestyle,1
andresiniesta8,Andres Iniesta,Sports with a ball,,39000000,Spain,91500,132300,Sports,,Sports,1
angela_aguilar_,Ángela Aguilar 🇲🇽,Lifestyle,,8200000,Mexico,285500,346000,Lifestyle,,Lifestyle,1
angeldimariajm,Ángel Di María,Sports with a ball,,16300000,Argentina,294600,434100,Sports,,Sports,1
angelinajolie,Angelina Jolie,,,12600000,Brazil,274600,456200,,,,0
angelinajolie,Angelina Jolie,Lifestyle,,12600000,Brazil,274600,456100,Lifestyle,,Lifestyle,1
angeliqueboyer,Angelique Boyer,Shows,Cinema & Actors/actresses,13900000,Brazil,247400,310600,Entertainment,Entertainment,Entertainment,1
angelrai07,Angel Rai :),Humor & Fun & Happiness,,14900000,India,462200,557400,Entertainment,,Entertainment,1
anguscloud,Angus Cloud,,,8300000,United States,1300000,2100000,,,,0
anitta,Anitta 🎤,Music,,61100000,Brazil,542800,1000000,Music,,Music,1
anjimaxuofficially,Anjali Arora,Lifestyle,,11100000,India,173300,221200,Lifestyle,,Lifestyle,1
annakendrick47,Anna Kendrick,Cinema & Actors/actresses,,20300000,United States,210000,274200,Entertainment,,Entertainment,1
annecurtissmith,Anne Curtis,Music,Cinema & Actors/actresses,17800000,Philippines,134700,152300,Music,Entertainment,Music,1
annehathaway,Anne Hathaway,Cinema & Actors/actresses,,22600000,United States,704300,928400,Entertainment,,Entertainment,1
annemarie,ANNE-MARIE,Shows,Music,9200000,India,242500,339600,Entertainment,Music,Entertainment,1
ansufati,Ansu Fati,Sports with a ball,,8000000,Spain,475200,721000,Sports,,Sports,1
anthonyjoshua,Throwback Fighter 🧠,Fitness & Gym,,13600000,United Kingdom,142000,192800,Sports,,Sports,1
antogriezmann,Antoine Griezmann,Sports with a ball,,35500000,Spain,205300,329600,Sports,,Sports,1
antonelaroccuzzo,Antonela Roccuzzo,Modeling,Family,19000000,Argentina,970700,1600000,Beauty/Fashion,Lifestyle,Beauty/Fashion,1
anuel,“REAL HASTA LA MUERTE”,Music,,27900000,Spain,586000,892100,Music,,Music,1
anupamaparameswaran96,Anupama Parameswaran,Cinema & Actors/actresses,,11400000,India,510400,583300,Entertainment,,Entertainment,1
anushkasen0408,Anushka Sen,Cinema & Actors/actresses,,34500000,India,379100,443800,Entertainment,,Entertainment,1
anushkasharma,AnushkaSharma1588,Cinema & Actors/actresses,,57500000,India,1100000,1300000,Entertainment,,Entertainment,1
anyageraldine,anya geraldine,Music,,10700000,Indonesia,182300,305200,Music,,Music,1
anyataylorjoy,Anya Taylor-Joy,,,8800000,United States,679600,979900,,,,0
aoc,Alexandria Ocasio-Cortez,,,8500000,United States,290100,363000,,,,0
apple,apple,Computers & Gadgets,Photography,27400000,India,83400,111200,Tech/Gaming,Lifestyle,Tech/Gaming,1
araikgalstyanmoscowschool,ＡＲＡＩＫ  ＧＡＬＳＴＹＡＮ®️,Beauty,,13000000,Turkey,323000,416700,Beauty/Fashion,,Beauty/Fashion,1
arianagrande,Ariana Grande,Music,,302300000,United States,2900000,4100000,Music,,Music,1
arigameplays,ARIGAMEPLAYS,,,9700000,Mexico,900600,1100000,,,,0
arishfakhan138,Sayyed Arishfa Khan 💎,Cinema & Actors/actresses,,28000000,India,183100,221400,Entertainment,,Entertainment,1
arminzareeiofficial,Armin Zareei,,,9500000,Iran,178500,286100,,,,0
aron.piper,ARON🌜🌞,Music,Lifestyle,13900000,Brazil,273100,515600,Music,Lifestyle,Music,1
arsenal,Arsenal Official,Sports with a ball,,21500000,United Kingdom,79900,120000,Sports,,Sports,1
arthuraguiar,Arthur Aguiar,Music,Cinema & Actors/actresses,12700000,Brazil,104100,236800,Music,Entertainment,Music,1
asalamaleh,Asala Maleh,Shows,,6600000,Iraq,415900,514500,Entertainment,,Entertainment,1
asaprocky,GRIM,Music,,14600000,United States,383600,641700,Music,,Music,1
ashishchanchlani,Ashish Chanchlani,Cinema & Actors/actresses,,13300000,India,832600,1000000,Entertainment,,Entertainment,1
ashleybenson,Ashley Benson,Modeling,,22400000,Brazil,101000,144300,Beauty/Fashion,,Beauty/Fashion,1
ashleygraham,A S H L E Y  G R A H A M,Modeling,,17200000,United States,392700,519500,Beauty/Fashion,,Beauty/Fashion,1
aslisona,Sonakshi Sinha,Cinema & Actors/actresses,Lifestyle,21400000,India,110200,134100,Entertainment,Lifestyle,Entertainment,1
ateez_official_,ATEEZ(에이티즈),Music,,6300000,United States,410900,472100,Music,,Music,1
attahalilintar,Atta Halilintar - PAPATA,Art/Artists,Shows,23100000,Indonesia,140200,192300,Lifestyle,Entertainment,Lifestyle,1
auba,Pierre-Emerick Aubameyang,Sports with a ball,,12000000,United Kingdom,379300,602100,Sports,,Sports,1
aum_patchrapa,Patchrapa Chai,Cinema & Actors/actresses,Lifestyle,14100000,Thailand,150300,179200,Entertainment,Lifestyle,Entertainment,1
aurelie.hermansyah,Aurelie Hermansyah Atta,Beauty,,25300000,Indonesia,475200,601100,Beauty/Fashion,,Beauty/Fashion,1
avani,avani,Beauty,Lifestyle,18800000,United States,337000,451900,Beauty/Fashion,Lifestyle,Beauty/Fashion,1
avneetkaur_13,Avneet Kaur Official,Cinema & Actors/actresses,,30500000,India,281300,341100,Entertainment,,Entertainment,1
avrillavigne,Avril Lavigne,Music,Cinema & Actors/actresses,10700000,Brazil,211200,263000,Music,Entertainment,Music,1
awez_darbar,Awez Darbar,Shows,Humor & Fun & Happiness,17800000,India,466000,558400,Entertainment,Entertainment,Entertainment,1
aykutelmas,Aykut Elmas,Cinema & Actors/actresses,Photography,6800000,Turkey,321000,376500,Entertainment,Lifestyle,Entertainment,1
badbunnypr,,Music,,38500000,United States,2500000,3900000,Music,,Music,1
badgalriri,badgalriri,Music,Beauty,125100000,United States,2800000,4600000,Music,Beauty/Fashion,Music,1
baifernbah,baifernbah,Lifestyle,,10400000,Indonesia,224500,284600,Lifestyle,,Lifestyle,1
bambam1a,BamBam,Music,,16000000,Brazil,684300,863000,Music,,Music,1
barackobama,Barack Obama,Finance & Economics,Business & Careers,35400000,United States,148300,174600,Info/Business,Info/Business,Info/Business,1
barbieferreira,barbie ferreira,,,6100000,United States,635500,1200000,,,,0
bbrightvc,bright,Cinema & Actors/actresses,,13500000,Indonesia,1700000,2000000,Entertainment,,Entertainment,1
bclsinclair,Bunga Citra Lestari,Music,,20200000,Indonesia,153500,242600,Music,,Music,1
beberexha,Bebe Rexha,Music,Lifestyle,10800000,India,221500,327000,Music,Lifestyle,Music,1
bebytsabina,Cut Beby Tshabina,Modeling,,7100000,Indonesia,243400,373900,Beauty/Fashion,,Beauty/Fashion,1
beingsalmankhan,Salman Khan,Cinema & Actors/actresses,Art/Artists,50700000,India,474600,604400,Entertainment,Lifestyle,Entertainment,1
belindapop,Beli,Music,,14900000,Mexico,136700,197000,Music,,Music,1
bellahadid,Bella 🦋,Modeling,,50600000,United States,566900,905300,Beauty/Fashion,,Beauty/Fashion,1
bellapoarch,Bella Poarch,,,14300000,United States,859500,1200000,,,,0
bellathorne,BELLA,Music,Art/Artists,25200000,United States,289500,485700,Music,Lifestyle,Music,1
bernardokath,Kathryn Bernardo 🐘,Beauty,Cinema & Actors/actresses,16800000,Philippines,452700,545400,Beauty/Fashion,Entertainment,Beauty/Fashion,1
beyonce,Beyoncé,Music,Fashion,246900000,United States,2600000,3700000,Music,Beauty/Fashion,Music,1
bhadbhabie,ℬ𝒽𝒶𝒷𝒾ℯ🦋,Music,,16400000,United States,143100,268000,Music,,Music,1
bhuvan.bam22,Bhuvan Bam,Cinema & Actors/actresses,,14200000,India,741000,915800,Entertainment,,Entertainment,1
bianca,BOCA ROSA,Beauty,,17700000,Brazil,73600,172200,Beauty/Fashion,,Beauty/Fashion,1
bibisbeautypalace,! Bibi,Family,Lifestyle,7800000,Germany,322700,369600,Lifestyle,Lifestyle,Lifestyle,1
bighit_ent,BigHit Music Updates,Music,,13000000,Indonesia,721300,888500,Music,,Music,1
bigsean,BIGSEAN,Music,Art/Artists,14600000,United States,169900,310300,Music,Lifestyle,Music,1
billieeilish,BILLIE EILISH,Music,,101700000,United States,2600000,3400000,Music,,Music,1
bizarrap,BZRP,Music,,11500000,Argentina,920800,1100000,Music,,Music,1
blackpinkofficial,BLΛƆKPIИK,Music,,46200000,Indonesia,1100000,1400000,Music,,Music,1
blakelively,Blake Lively,Cinema & Actors/actresses,,32000000,United States,827100,1300000,Entertainment,,Entertainment,1
bleacherreport,Bleacher Report,Sports with a ball,,18400000,United States,103800,204700,Sports,,Sports,1
blythe,Andrea Brillantes,Cinema & Actors/actresses,Modeling,13400000,Philippines,196900,224100,Entertainment,Beauty/Fashion,Entertainment,1
bmw,BMW,Cars & Motorbikes,,33100000,India,73100,97600,,,,0
bn_sj2013,박서준,Cinema & Actors/actresses,Modeling,21400000,Indonesia,2500000,2900000,Entertainment,Beauty/Fashion,Entertainment,1
bobbyindaeyo,💀,Music,,3400000,Indonesia,679100,791200,Music,,Music,1
borodylia,Ксения Бородина,Shows,Family,18200000,Russia,123000,153200,Entertainment,Lifestyle,Entertainment,1
bramastavrl,Verrell Bramasta,Cinema & Actors/actresses,Lifestyle,23700000,Indonesia,109100,138900,Entertainment,Lifestyle,Entertainment,1
brentrivera,Brent Rivera,Music,Cinema & Actors/actresses,22100000,United States,888300,1200000,Music,Entertainment,Music,1
bretmanrock,Bretman (Da Baddest) Rock,Art/Artists,Beauty,18300000,United States,551000,927900,Lifestyle,Beauty/Fashion,Lifestyle,1
brfootball,Bleacher Report Football,Sports with a ball,,11900000,United States,146000,236000,Sports,,Sports,1
briandadeyanara,BRIANDA 💖,,,12600000,Mexico,355200,417300,,,,0
brianmaps,Брайн Мапс (Макс Тарасенко),Photography,,5800000,Russia,608400,627900,Lifestyle,,Lifestyle,1
britneyspears,Britney Spears,Music,,40200000,United States,180500,251600,Music,,Music,1
brunamarquezine,Bruna Marquezine,Cinema & Actors/actresses,,42600000,Brazil,485200,837200,Entertainment,,Entertainment,1
brunomars,Bruno Mars,Music,,24900000,Brazil,328700,499000,Music,,Music,1
brycehall,Bryce Hall,Music,,7500000,United States,279200,358700,Music,,Music,1
bts.bighitofficial,BTS official,Music,,61700000,Indonesia,2400000,2600000,Music,,Music,1
bugatti,BUGATTI,Cars & Motorbikes,Luxury,16100000,United States,124100,168500,,Beauty/Fashion,Beauty/Fashion,1
bumkeyk,SHINee KEY,Music,,9000000,Indonesia,376300,451600,Music,,Music,1
burakozcivit,Burak Özçivit,Cinema & Actors/actresses,,20500000,Turkey,492800,597500,Entertainment,,Entertainment,1
burcuozberk,Burcu Özberk,Cinema & Actors/actresses,,9000000,Turkey,560900,725600,Entertainment,,Entertainment,1
bypamella,BY PAMELLA ✨🧿,Shows,,9400000,Brazil,237700,406800,Entertainment,,Entertainment,1
c.syresmith,Jaden Smith,Cinema & Actors/actresses,Lifestyle,18600000,United States,190100,294600,Entertainment,Lifestyle,Entertainment,1
camerondallas,Cameron Dallas,Cinema & Actors/actresses,,23000000,United States,104800,182600,Entertainment,,Entertainment,1
camila_cabello,camila,Music,,60900000,Brazil,305400,418100,Music,,Music,1
camilaloures,Camila Loures,Shows,,17600000,Brazil,131500,196300,Entertainment,,Entertainment,1
camilladelucas,Camilla de Lucas,Beauty,,10800000,Brazil,205200,376800,Beauty/Fashion,,Beauty/Fashion,1
camilo,C A M I L O,Music,,26400000,Argentina,252300,398900,Music,,Music,1
camimendes,camila mendes,Cinema & Actors/actresses,,26800000,Brazil,1100000,1600000,Entertainment,,Entertainment,1
canelo,Saul Alvarez,Fitness & Gym,,12800000,Mexico,203000,282200,Sports,,Sports,1
canyaman,Can Yaman,Cinema & Actors/actresses,Modeling,9300000,Italy,324400,402800,Entertainment,Beauty/Fashion,Entertainment,1
caradelevingne,Cara Delevingne,Modeling,Cinema & Actors/actresses,43300000,United States,130100,182800,Beauty/Fashion,Entertainment,Beauty/Fashion,1
carlinhosmaiaof,Carlinhos Maia🌻,Lifestyle,,24800000,Brazil,441900,810700,Lifestyle,,Lifestyle,1
carryminati,𝑨𝒋𝒆𝒚 𝑵𝒂𝒈𝒂𝒓,Computers & Gadgets,Machinery & Technologies,15000000,India,885800,1000000,Tech/Gaming,Tech/Gaming,Tech/Gaming,1
casemiro,Casemiro,Sports with a ball,,14000000,Spain,149800,224100,Sports,,Sports,1
caviarmagnat,by Tregubov,,,13300000,Russia,148600,214400,,,,0
cazzu,♡ 𝖓𝖊𝖓𝖆 ᴛʀᴀᴍᴘᴀ,Music,,9800000,Argentina,396200,508000,Music,,Music,1
cbum,Chris Bumstead,Fitness & Gym,,6600000,United States,248700,410600,Sports,,Sports,1
celestebarber,Celeste Barber,Humor & Fun & Happiness,,8900000,United States,364800,393200,Entertainment,,Entertainment,1
chaelincl,CL,Art/Artists,Fashion,9800000,Brazil,259000,342500,Lifestyle,Beauty/Fashion,Lifestyle,1
championsleague,UEFA Champions League,Sports with a ball,,91400000,Brazil,255300,344400,Sports,,Sports,1
channingtatum,Channing Tatum,Cinema & Actors/actresses,,17000000,United States,272100,393200,Entertainment,,Entertainment,1
charles_leclerc,Charles Leclerc,Racing Sports,,6600000,Italy,473900,629200,Sports,,Sports,1
charlidamelio,cd,Lifestyle,Shows,47700000,United States,1500000,1900000,Lifestyle,Entertainment,Lifestyle,1
charlieputh,Charlie Puth,Music,,15700000,United States,320500,456200,Music,,Music,1
chelseafc,Chelsea FC,Sports with a ball,,33200000,Indonesia,115700,172400,Sports,,Sports,1
chiaraferragni,Chiara Ferragni ✨,Beauty,,26700000,Italy,372000,616600,Beauty/Fashion,,Beauty/Fashion,1
chloegmoretz,Chloë Grace Moretz,Cinema & Actors/actresses,,20100000,United States,292900,392500,Entertainment,,Entertainment,1
choi_seung_hyun_tttop,T.O.P,,,13600000,Indonesia,337700,400700,,,,0
choquei,CHOQUEI - BBB22,Literature & Journalism,,17000000,Brazil,90100,279500,Info/Business,,Info/Business,1
chrisbrownofficial,BREEZY,Music,,106000000,United States,157100,241900,Music,,Music,1
chrisevans,Chris Evans,,,14800000,United States,2000000,2400000,,,,0
chrishemsworth,Chris Hemsworth,Cinema & Actors/actresses,,54000000,India,776600,998100,Entertainment,,Entertainment,1
chrissyteigen,chrissy teigen,Shows,Modeling,37400000,United States,158000,205500,Entertainment,Beauty/Fashion,Entertainment,1
ciara,Ciara,Music,Modeling,31300000,United States,199400,270600,Music,Beauty/Fashion,Music,1
claaragalle,Clara Galle🌀,,,3200000,Mexico,425200,771600,,,,0
claireholt,Claire Holt,Cinema & Actors/actresses,Lifestyle,7400000,United States,304100,415400,Entertainment,Lifestyle,Entertainment,1
claragnds,Maria Clara Garcia,,,6400000,Brazil,153400,386600,,,,0
clean_0828,김세정,Lifestyle,,5500000,Indonesia,1300000,1600000,Lifestyle,,Lifestyle,1
cocielo,Júlio Cocielo Estaniecki,Cinema & Actors/actresses,,17800000,Brazil,360600,564800,Entertainment,,Entertainment,1
coldplay,Coldplay,Music,,15400000,Brazil,274000,381300,Music,,Music,1
cole.labrant,Cole LaBrant,Lifestyle,Fashion,5000000,United States,412600,580800,Lifestyle,Beauty/Fashion,Lifestyle,1
colesprouse,Cole Sprouse,Modeling,,36000000,United States,352700,459300,Beauty/Fashion,,Beauty/Fashion,1
colleen,Colleen Ballinger,Family,Fashion,7500000,United States,368300,463600,Lifestyle,Beauty/Fashion,Lifestyle,1
conangray,Conan Gray,Music,,5700000,Brazil,785400,1200000,Music,,Music,1
courteneycoxofficial,Courteney Cox,Cinema & Actors/actresses,,12100000,India,319900,421900,Entertainment,,Entertainment,1
cristiano,Cristiano Ronaldo,Sports with a ball,,419600000,India,5700000,7000000,Sports,,Sports,1
cvillaloboss,CARMEN VILLALOBOS,Shows,Cinema & Actors/actresses,19200000,Colombia,247300,305100,Entertainment,Entertainment,Entertainment,1
cznburak,Burak Özdemir,Food & Cooking,,32900000,Turkey,615200,836000,Lifestyle,,Lifestyle,1
d_a___m_i,KIM DA MI,,,4300000,Indonesia,1100000,1400000,,,,0
d_degeaofficial,David De Gea,Sports with a ball,,12900000,United Kingdom,306800,434400,Sports,,Sports,1
daddyyankee,Daddy Yankee,Music,,44900000,Argentina,1300000,1800000,Music,,Music,1
dagelan,Dagelan,Humor & Fun & Happiness,,20600000,Indonesia,83400,140500,Entertainment,,Entertainment,1
danbilzerian,Dan Bilzerian,Cinema & Actors/actresses,,32800000,India,1300000,2100000,Entertainment,,Entertainment,1
danialves,Daniel Alves,Sports with a ball,,35700000,Brazil,170600,264900,Sports,,Sports,1
daniel.k.here,Daniel Kang,Lifestyle,,4800000,Indonesia,458900,577400,Lifestyle,,Lifestyle,1
danielricciardo,Daniel Ricciardo,Racing Sports,,6600000,United States,361100,469200,Sports,,Sports,1
dannapaola,Danna Paola,Music,,33500000,Mexico,931600,1300000,Music,,Music,1
daquan,Daquan,Humor & Fun & Happiness,,16800000,United States,364200,561900,Entertainment,,Entertainment,1
darshanravaldz,Darshan Raval #Goriye,Music,,14800000,India,205900,249100,Music,,Music,1
dava_m,Дава Ⓜ️ Всё будет хорошо🧸,Business & Careers,,13700000,Russia,166000,215900,Info/Business,,Info/Business,1
davidalaba,David Alaba,Sports with a ball,,8500000,Spain,301400,426700,Sports,,Sports,1
davidbeckham,David Beckham,Family,Sports with a ball,71900000,India,500400,641100,Lifestyle,Sports,Lifestyle,1
davidluiz23,David Luiz,Sports with a ball,,21200000,Brazil,69800,152400,Sports,,Sports,1
davido,Davido,Music,,23300000,Nigeria,184900,259300,Music,,Music,1
davidwarner31,David Warner,Sports with a ball,,9100000,India,238200,279700,Sports,,Sports,1
davikah,davikah,Modeling,,15900000,Thailand,355300,460800,Beauty/Fashion,,Beauty/Fashion,1
dbook,Devin,,,5100000,United States,248800,489000,,,,0
ddlovato,Demi Lovato,Music,,128700000,United States,319800,418400,Music,,Music,1
dean.schneider,Dean Schneider,Animals,,10100000,India,271500,348200,Lifestyle,,Lifestyle,1
dearra,De'arra Taylor,Lifestyle,,6000000,United States,236900,589900,Lifestyle,,Lifestyle,1
debbyryan,Debby Ryan,Music,Cinema & Actors/actresses,16700000,United States,169400,246400,Music,Entertainment,Music,1
deepikapadukone,Deepika Padukone,Cinema & Actors/actresses,,65500000,India,347200,450300,Entertainment,,Entertainment,1
deiveleonardo,Deive Leonardo,Literature & Journalism,Trainers & Coaches,10800000,Brazil,234300,431400,Info/Business,Sports,Info/Business,1
demetozdemir,Demet Özdemir,Cinema & Actors/actresses,,15000000,Turkey,335600,449000,Entertainment,,Entertainment,1
demirose,Demi 🌹,Modeling,Lifestyle,19200000,United States,395900,515000,Beauty/Fashion,Lifestyle,Beauty/Fashion,1
dew_jsu,2000,,,4500000,Indonesia,798400,1100000,,,,0
dhanushkraja,Dhanush,Cinema & Actors/actresses,,4200000,India,685100,886300,Entertainment,,Entertainment,1
diddy,LOVE,Music,Cinema & Actors/actresses,18400000,United States,109400,164500,Music,Entertainment,Music,1
diljitdosanjh,DILJIT DOSANJH,Cinema & Actors/actresses,,12900000,India,203300,244700,Entertainment,,Entertainment,1
dindahw,Dinda Hauw,Cinema & Actors/actresses,,13900000,Indonesia,288800,431500,Entertainment,,Entertainment,1
dishapatani,disha patani (paatni) 🦋,Cinema & Actors/actresses,Lifestyle,49600000,India,909300,1100000,Entertainment,Lifestyle,Entertainment,1
divyankatripathidahiya,Divyanka Tripathi Dahiya,Shows,Cinema & Actors/actresses,18900000,India,146500,168200,Entertainment,Entertainment,Entertainment,1
dixiedamelio,dixie,Music,Clothing & Outfits,25100000,United States,293000,430300,Music,Beauty/Fashion,Music,1
djokernole,Novak Djokovic,Sports with a ball,,10400000,Serbia,195700,240900,Sports,,Sports,1
djsnake,djsnake,Music,,9100000,India,362200,429600,Music,,Music,1
djxiao_888,XIAOJUN,,,6600000,Indonesia,1100000,1300000,,,,0
dkharbour,David Harbour,Cinema & Actors/actresses,,6200000,United States,352200,461500,Entertainment,,Entertainment,1
dlwlrma,이지금 IU,Art/Artists,,25800000,South Korea,2900000,3500000,Lifestyle,,Lifestyle,1
dntlrdl,CHOIWOOSHIK,Lifestyle,,5900000,Indonesia,1500000,2000000,Lifestyle,,Lifestyle,1
do0_nct,Doyoung,,,9800000,Indonesia,1400000,1900000,,,,0
dojacat,Doja Cat,Music,,22400000,United States,2800000,3900000,Music,,Music,1
domelipa,domelipa,Lifestyle,,17200000,Mexico,1100000,1300000,Lifestyle,,Lifestyle,1
dominicfike,,,,3700000,United States,419900,799000,,,,0
donya,Donya,Fashion,,14700000,Iran,379800,596700,Beauty/Fashion,,Beauty/Fashion,1
dovecameron,DOVE,Cinema & Actors/actresses,,46400000,United States,618500,807200,Entertainment,,Entertainment,1
dqsalmaan,Dulquer Salmaan,Cinema & Actors/actresses,,10200000,India,176800,239600,Entertainment,,Entertainment,1
dra.deolanebezerra,Deolane Bezerra,,,13200000,Brazil,352000,754100,,,,0
drewstarkey,Drew Starkey,,,3200000,United States,630200,1200000,,,,0
dualipa,DUA LIPA,Music,,81600000,Mexico,2200000,2700000,Music,,Music,1
dudewithsign,Seth,,,8100000,United States,400000,628500,,,,0
dukeandduchessofcambridge,Duke and Duchess of Cambridge,Family,Finance & Economics,13500000,,0,214200,Lifestyle,Info/Business,Lifestyle,1
dukissj,Ya Supiste,Music,,9000000,Argentina,607200,1100000,Music,,Music,1
dylanminnette,Dylan Minnette,Music,Cinema & Actors/actresses,7300000,United States,215700,350400,Music,Entertainment,Music,1
dylansprouse,Dylan Sprouse,Cinema & Actors/actresses,,9300000,United States,350300,549800,Entertainment,,Entertainment,1
e_milygarcia,Emily Garcia,Cinema & Actors/actresses,,11000000,Brazil,230100,380500,Entertainment,,Entertainment,1
earthpix,🌎  EarthPix  🌎,Nature & landscapes,Photography,22700000,United States,118700,145900,Lifestyle,Lifestyle,Lifestyle,1
easportsfifa,EA SPORTS FIFA,Sports with a ball,,25800000,Spain,70900,118300,Sports,,Sports,1
ebi,EBI,Music,,10300000,Iran,193600,260500,Music,,Music,1
ederbez,Eugenio Derbez,Cinema & Actors/actresses,Lifestyle,18100000,Mexico,248300,278900,Entertainment,Lifestyle,Entertainment,1
egorkreed,Егор Крид | #HeartBreakKid,Music,,14700000,Russia,322600,396900,Music,,Music,1
eilirjani,Elton ILIRJANI,Lifestyle,,9500000,Albania,423900,611600,Lifestyle,,Lifestyle,1
elcinsangu,Elçin Sangu,Cinema & Actors/actresses,Lifestyle,8300000,Turkey,284600,342800,Entertainment,Lifestyle,Entertainment,1
eliana,Eliana Michaelichen,Music,Shows,29600000,Brazil,119300,151500,Music,Entertainment,Music,1
ellenpompeo,Ellen Pompeo,Cinema & Actors/actresses,Lifestyle,10000000,Brazil,285800,495800,Entertainment,Lifestyle,Entertainment,1
elnazshakerdoost,Elnaz Shakerdoost🎬,Cinema & Actors/actresses,,9500000,Iran,219000,295700,Entertainment,,Entertainment,1
elrodrigocontreras,ROD🥴,Lifestyle,,12700000,Mexico,563100,620800,Lifestyle,,Lifestyle,1
elrubiuswtf,el rubius WTF,Computers & Gadgets,,16200000,Mexico,1400000,1500000,Tech/Gaming,,Tech/Gaming,1
emilia_clarke,,Cinema & Actors/actresses,,27000000,India,490500,617200,Entertainment,,Entertainment,1
emiliamernes,Emilia Mernes,Music,,4900000,Argentina,549500,1000000,Music,,Music,1
eminem,Marshall Mathers,Cinema & Actors/actresses,Music,35600000,Iran,771200,993500,Entertainment,Music,Entertainment,1
emmachamberlain,emma chamberlain,Lifestyle,Shows,15300000,United States,1100000,1700000,Lifestyle,Entertainment,Lifestyle,1
emmaroberts,Emma Roberts,Cinema & Actors/actresses,,17700000,United States,266400,392400,Entertainment,,Entertainment,1
emrata,Emily Ratajkowski,Modeling,,29000000,United States,475400,758700,Beauty/Fashion,,Beauty/Fashion,1
enhypen,ENHYPEN,,,9600000,Indonesia,1500000,2100000,,,,0
erling.haaland,Erling Braut Haaland,,,14800000,Brazil,541800,811000,,,,0
esbilgic,Esra Bilgic,Lifestyle,Modeling,6700000,India,319100,407100,Lifestyle,Beauty/Fashion,Lifestyle,1
ester_exposito,Ester 🌙,Cinema & Actors/actresses,,29000000,Russia,2900000,4300000,Entertainment,,Entertainment,1
eunwo.o_c,차은우,Music,Lifestyle,27400000,Indonesia,3600000,4500000,Music,Lifestyle,Music,1
euphoria,euphoria,,,7900000,United States,1100000,1800000,,,,0
evaluna,Evaluna Montaner de Echeverry,Family,Music,19800000,Argentina,812100,1100000,Lifestyle,Music,Lifestyle,1
evcenf,Fahriye Evcen Özçivit,Lifestyle,Beauty,12800000,Turkey,375600,473300,Lifestyle,Beauty/Fashion,Lifestyle,1
ewsbdi,로운,,,4200000,Indonesia,488600,730200,,,,0
f1,FORMULA 1®,Racing Sports,,18300000,Italy,266600,337700,Sports,,Sports,1
fabriziorom,Fabrizio Romano,Literature & Journalism,Shows,6400000,Italy,328900,570600,Info/Business,Entertainment,Info/Business,1
fadiljaidi,Fadil Jaidi,Lifestyle,,7000000,Indonesia,581500,873000,Lifestyle,,Lifestyle,1
faz3,Fazza,Lifestyle,,14000000,United Arab Emirates,257300,337900,Lifestyle,,Lifestyle,1
fcbarcelona,FC Barcelona,Sports with a ball,,107100000,Indonesia,450100,687900,Sports,,Sports,1
fcbayern,FC Bayern,Sports with a ball,,31800000,Germany,115000,167400,Sports,,Sports,1
fedez,FEDEZ,Music,,13700000,Italy,725500,1000000,Music,,Music,1
feliciathegoat,"Tyler, The Creator",Music,,12400000,United States,1000000,1700000,Music,,Music,1
felicyangelista_,Felicya Angelista,Family,,21000000,Indonesia,107000,147800,Lifestyle,,Lifestyle,1
felipeneto,Felipe Neto 🦉,Lifestyle,,15400000,Brazil,166100,236000,Lifestyle,,Lifestyle,1
fifaworldcup,FIFA World Cup,Sports with a ball,,25500000,India,71200,109100,Sports,,Sports,1
florencepugh,Florence Pugh,Humor & Fun & Happiness,Cinema & Actors/actresses,7200000,United States,926400,1400000,Entertainment,Entertainment,Entertainment,1
for_everyoung10,장원영 WONYOUNG,,,3600000,Indonesia,733900,926900,,,,0
fortnite,Fortnite,Computers & Gadgets,,26100000,United States,102100,120300,Tech/Gaming,,Tech/Gaming,1
francety,Francia James,Adult content,,10600000,India,250400,328300,,,,0
francinyehlke,FЯAN,Beauty,,15200000,Brazil,86400,188600,Beauty/Fashion,,Beauty/Fashion,1
frenchmontana,French Montana,Music,,24500000,United States,91500,151600,Music,,Music,1
frenkiedejong,Frenkie de Jong,Sports with a ball,,10000000,Spain,528600,792500,Sports,,Sports,1
fuckjerry,FUCKJERRY,Humor & Fun & Happiness,,16600000,United States,405300,523100,Entertainment,,Entertainment,1
fuji_an,Fujianti Utami Putri,,,10300000,Indonesia,531800,1300000,,,,0
gabigol,Gabi 🇧🇷 Lil Gabi,Sports with a ball,,9600000,Brazil,282000,427000,Sports,,Sports,1
gal_gadot,Gal Gadot,Cinema & Actors/actresses,,77000000,United States,597500,771600,Entertainment,,Entertainment,1
galatasaray,Galatasaray,Sports with a ball,,11100000,Turkey,254400,307800,Sports,,Sports,1
garethbale11,Gareth Bale,Sports with a ball,,46300000,Spain,402200,633900,Sports,,Sports,1
gatenm123,Gaten Matarazzo,Music,Cinema & Actors/actresses,13600000,Brazil,449500,594100,Music,Entertainment,Music,1
geneliad,Genelia Deshmukh,Cinema & Actors/actresses,,9600000,India,444400,550600,Entertainment,,Entertainment,1
georgenotfound,GeorgeNotFound,,,3100000,United States,997800,1100000,,,,0
georginagio,Georgina Rodríguez,Lifestyle,Fashion,36500000,India,2500000,3500000,Lifestyle,Beauty/Fashion,Lifestyle,1
gessicakayane,GKAY,Shows,Humor & Fun & Happiness,19300000,Brazil,173600,357900,Entertainment,Entertainment,Entertainment,1
ggonekim,,,,5100000,Indonesia,441600,542600,,,,0
gianlucavacchi,Gianluca Vacchi,Lifestyle,,22200000,Brazil,511400,787200,Lifestyle,,Lifestyle,1
giannis_an34,Giannis Antetokounmpo,Sports with a ball,,12300000,United States,217800,344600,Sports,,Sports,1
gigihadid,Gigi Hadid,Modeling,Lifestyle,73200000,United States,1900000,2800000,Beauty/Fashion,Lifestyle,Beauty/Fashion,1
gildovigor,GIL DO VIGOR,,,15000000,Brazil,442500,612200,,,,0
gima_ashi,Garima Chaurasia 💙,Lifestyle,,13900000,India,145100,197800,Lifestyle,,Lifestyle,1
gioewbank,Giovanna Ewbank,Cinema & Actors/actresses,Modeling,28000000,Brazil,181400,290600,Entertainment,Beauty/Fashion,Entertainment,1
gisele,Gisele Bündchen,Modeling,Fashion,18900000,Brazil,274600,408000,Beauty/Fashion,Beauty/Fashion,Beauty/Fashion,1
goar_avetisyan,Goar Avetisyan,Beauty,,11500000,Russia,510500,707900,Beauty/Fashion,,Beauty/Fashion,1
golfarahani,Golshifteh Farahani,Cinema & Actors/actresses,,12600000,Iran,307500,395700,Entertainment,,Entertainment,1
grantgust,Grant Gustin,Cinema & Actors/actresses,Fashion,7800000,Brazil,343400,487300,Entertainment,Beauty/Fashion,Entertainment,1
greeicy,Greeicy,Shows,Cinema & Actors/actresses,20400000,Colombia,201400,270900,Entertainment,Entertainment,Entertainment,1
grefg_official,TheGrefg,Computers & Gadgets,Machinery & Technologies,7100000,Spain,440100,546100,Tech/Gaming,Tech/Gaming,Tech/Gaming,1
gucci,Gucci Official,Accessories & Jewellery,Clothing & Outfits,47900000,United States,57900,74300,Beauty/Fashion,Beauty/Fashion,Beauty/Fashion,1
gururandhawa,Guru Randhawa,Music,,31500000,India,110800,135400,Music,,Music,1
gusein.gasanov,ГУСЕЙН ГАСАНОВ,Shows,,21000000,Russia,524500,786100,Entertainment,,Entertainment,1
gusttavolima,🏛 Gusttavo Lima 🏛,Music,,42900000,Brazil,46900,79800,Music,,Music,1
hadise,Hadise,Music,Shows,13700000,Turkey,220700,257200,Music,Entertainment,Music,1
haechanahceah,HAECHAN,,,2700000,,0,2100000,,,,0
haileesteinfeld,hailee steinfeld,Cinema & Actors/actresses,,18200000,United States,1500000,1900000,Entertainment,,Entertainment,1
haileybieber,Hailey Rhode Baldwin Bieber,Lifestyle,Modeling,42200000,United States,1800000,2400000,Lifestyle,Beauty/Fashion,Lifestyle,1
hakkiakdenizz,hakki akdeniz,Business & Careers,,17600000,Russia,120200,174400,Info/Business,,Info/Business,1
handemiyy,Hande Erçel,Cinema & Actors/actresses,,27300000,Turkey,2100000,2800000,Entertainment,,Entertainment,1
hannahstocking,Hannah Stocking,Modeling,,21000000,United States,237200,337800,Beauty/Fashion,,Beauty/Fashion,1
hardikpandya93,Hardik Himanshu Pandya,Sports with a ball,,20600000,India,860300,1100000,Sports,,Sports,1
harrykane,Harry Kane,Sports with a ball,,12300000,United Kingdom,148300,204400,Sports,,Sports,1
harrystyles,,Music,Fashion,43300000,Brazil,2900000,3900000,Music,Beauty/Fashion,Music,1
hassan_reyvandi,hasan reyvandi حسن ریوندی,Cinema & Actors/actresses,Humor & Fun & Happiness,18700000,Iran,330100,456500,Entertainment,Entertainment,Entertainment,1
hegdepooja,Pooja Hegde,Cinema & Actors/actresses,,18800000,India,831700,959300,Entertainment,,Entertainment,1
helen_yes1,Елена Сажина,Cinema & Actors/actresses,,10500000,Russia,342400,442600,Entertainment,,Entertainment,1
henrycavill,Henry Cavill,Cinema & Actors/actresses,,19700000,Brazil,795100,966500,Entertainment,,Entertainment,1
heybiblee,이성경,Modeling,,13500000,Indonesia,971100,1300000,Beauty/Fashion,,Beauty/Fashion,1
hi_high_hiy,황인엽,Cinema & Actors/actresses,,12900000,South Korea,2600000,3000000,Entertainment,,Entertainment,1
hi_songjoongki,송중기 songjoongki official,Cinema & Actors/actresses,,8800000,Indonesia,1700000,2400000,Entertainment,,Entertainment,1
hi_sseulgi,슬기 Seulgi,Modeling,,11900000,Indonesia,849600,1100000,Beauty/Fashion,,Beauty/Fashion,1
hichasestokes,,Lifestyle,,7400000,United States,640900,959800,Lifestyle,,Lifestyle,1
hilaryduff,Hilary Duff,Cinema & Actors/actresses,,20600000,United States,147300,188200,Entertainment,,Entertainment,1
hm_son7,Son HeungMin(손흥민)🇰🇷,,,6000000,Brazil,395900,644200,,,,0
holyhaein,정해인,,,9700000,Indonesia,2100000,2600000,,,,0
hoooooyeony,Hoyeon,Lifestyle,,23700000,South Korea,2000000,2700000,Lifestyle,,Lifestyle,1
houseofhighlights,House of Highlights,Sports with a ball,,32700000,United States,64600,117200,Sports,,Sports,1
hrithikroshan,Hrithik Roshan,Cinema & Actors/actresses,,41900000,India,638300,805300,Entertainment,,Entertainment,1
hshq,Harry Styles HQ,Music,Cinema & Actors/actresses,5500000,United States,488100,859100,Music,Entertainment,Music,1
huddy,Chase Hudson,Lifestyle,Art/Artists,11900000,Brazil,228400,317800,Lifestyle,Lifestyle,Lifestyle,1
humansofny,Humans of New York,Lifestyle,Photography,11800000,United States,181900,215400,Lifestyle,Lifestyle,Lifestyle,1
hunterschafer,Hunter,,,7100000,United States,957200,1600000,,,,0
hyeri_0609,혜리,Music,,7000000,South Korea,447600,539000,Music,,Music,1
hyunah_aa,Hyun Ah,Music,,17600000,South Korea,378100,448700,Music,,Music,1
hziyech,Hakim Ziyech,Sports with a ball,,6000000,Morocco,348400,476000,Sports,,Sports,1
hztttao,Z.TAO🔴黄子韬,Music,,11300000,Indonesia,253100,281300,Music,,Music,1
i_m_hendery,Hi👉🏻im Hendery👈🏻,,,6000000,United States,965500,1300000,,,,0
i_nivethathomas,Nivetha Thomas,Cinema & Actors/actresses,,5900000,India,395300,447000,Entertainment,,Entertainment,1
iambeckyg,Becky G,Music,,31200000,Mexico,679200,817400,Music,,Music,1
iamcardib,Cardi B,Music,Fashion,127200000,United States,2300000,3300000,Music,Beauty/Fashion,Music,1
iamferv,fer,Lifestyle,Art/Artists,8800000,Mexico,1000000,1500000,Lifestyle,Lifestyle,Lifestyle,1
iamhalsey,halsey,Music,,28900000,United States,793700,1000000,Music,,Music,1
iammichelemorroneofficial,Michele Morrone,Lifestyle,Cinema & Actors/actresses,12900000,Brazil,654100,938900,Lifestyle,Entertainment,Lifestyle,1
iampauloandre,Paulo André 🏁,Lifestyle,,6100000,Brazil,122200,424400,Lifestyle,,Lifestyle,1
iamsrk,Shah Rukh Khan,Cinema & Actors/actresses,,28600000,India,717000,909700,Entertainment,,Entertainment,1
iamzlatanibrahimovic,Zlatan Ibrahimović,Sports with a ball,,52900000,Italy,306700,473100,Sports,,Sports,1
iansomerhalder,iansomerhalder,Cinema & Actors/actresses,,22500000,United States,527600,788900,Entertainment,,Entertainment,1
ibaillanos,Ibai,Art/Artists,,6800000,Spain,859100,1200000,Lifestyle,,Lifestyle,1
ileana_official,Ileana D'Cruz,Cinema & Actors/actresses,,14100000,India,286000,347700,Entertainment,,Entertainment,1
imhyoseop,안효섭,Lifestyle,,6000000,Indonesia,1200000,1400000,Lifestyle,,Lifestyle,1
imouniroy,mon,Cinema & Actors/actresses,,22600000,India,238900,290700,Entertainment,,Entertainment,1
imsebastianstan,Sebastian Stan,Shows,Cinema & Actors/actresses,9000000,United States,566100,672900,Entertainment,Entertainment,Entertainment,1
indiancricketteam,Team India,Sports with a ball,,23900000,India,223200,260300,Sports,,Sports,1
indiaroyale,India,Lifestyle,,4000000,United States,384500,1100000,Lifestyle,,Lifestyle,1
inijedar,Jessica Iskandar Verhaag,Cinema & Actors/actresses,,29400000,Indonesia,74500,99700,Entertainment,,Entertainment,1
instagram,Instagram,Photography,,487200000,India,352300,467400,Lifestyle,,Lifestyle,1
iqbaal.e,iqbaal ramadhan,Cinema & Actors/actresses,,13400000,Indonesia,271400,465900,Entertainment,,Entertainment,1
irinashayk,irinashayk,Modeling,,17900000,Russia,121800,169000,Beauty/Fashion,,Beauty/Fashion,1
iscoalarcon,Isco Alarcon Suarez,Sports with a ball,,23300000,Spain,142700,206200,Sports,,Sports,1
isisvalverde,isis valverde,Cinema & Actors/actresses,Lifestyle,27800000,Brazil,79400,117200,Entertainment,Lifestyle,Entertainment,1
its.michhh,Michel Chavez,,,5300000,Mexico,605100,741200,,,,0
itsmarziapie,Marzia Kjellberg,Beauty,Lifestyle,8200000,United States,603200,705100,Beauty/Fashion,Lifestyle,Beauty/Fashion,1
itzy.all.in.us,ITZY,Music,,15800000,Indonesia,761500,930800,Music,,Music,1
j.m,JIMIN of BTS,,,32700000,,12700000,12700000,,,,0
jackharlow,Jack Harlow,Lifestyle,Music,5100000,United States,330800,618400,Lifestyle,Music,Lifestyle,1
jacksepticeye,Jacksepticeye,Computers & Gadgets,Machinery & Technologies,7700000,United States,277700,322300,Tech/Gaming,Tech/Gaming,Tech/Gaming,1
jacksonwang852g7,Jackson Wang,Music,,27300000,China,950100,1100000,Music,,Music,1
jacobelordi,Jacob Elordi,Cinema & Actors/actresses,,13200000,Brazil,997400,1600000,Entertainment,,Entertainment,1
jacquelinef143,Jacqueline Fernandez,Cinema & Actors/actresses,,59300000,India,322000,391800,Entertainment,,Entertainment,1
jadepicon,JADE 🌪,Modeling,Fashion,19400000,Brazil,375200,818400,Beauty/Fashion,Beauty/Fashion,Beauty/Fashion,1
jailyneojeda,Jailyne Ojeda Ochoa,Modeling,Lifestyle,14100000,United States,183100,253700,Beauty/Fashion,Lifestyle,Beauty/Fashion,1
jaimelorentelo,El chaval,Cinema & Actors/actresses,,14500000,Brazil,285100,381800,Entertainment,,Entertainment,1
jairmessiasbolsonaro,Jair M. Bolsonaro,Finance & Economics,Business & Careers,19500000,Brazil,150900,212600,Info/Business,Info/Business,Info/Business,1
jakepaul,Jake Paul,Cinema & Actors/actresses,,19200000,United States,278200,465100,Entertainment,,Entertainment,1
jamescharles,James Charles,Beauty,,23300000,United States,293900,432000,Beauty/Fashion,,Beauty/Fashion,1
jamesrodriguez10,James Rodríguez,Sports with a ball,,49100000,Colombia,506000,768300,Sports,,Sports,1
jamorant,12 🥷🏽🖤,Lifestyle,Sports with a ball,5900000,United States,332900,537800,Lifestyle,Sports,Lifestyle,1
janhvikapoor,Janhvi Kapoor,Lifestyle,Cinema & Actors/actresses,16100000,India,951300,1100000,Lifestyle,Entertainment,Lifestyle,1
jannatzubair29,Jannat Zubair Rahmani,Cinema & Actors/actresses,,41200000,India,614700,748600,Entertainment,,Entertainment,1
jaspritb1,jasprit bumrah,Lifestyle,,9500000,India,466500,536000,Lifestyle,,Lifestyle,1
jaybnow.hr,LIM JAE BEOM,Music,,6600000,Brazil,561300,731700,Music,,Music,1
jaydacheaves,JAYDA WAYDA,Clothing & Outfits,,7000000,United States,128500,381300,Beauty/Fashion,,Beauty/Fashion,1
jbalvin,J Balvin,Music,,51900000,Mexico,273600,363000,Music,,Music,1
jennaortega,Jenna Ortega,Cinema & Actors/actresses,Lifestyle,7400000,United States,257100,366100,Entertainment,Lifestyle,Entertainment,1
jennierubyjane,J,Music,,64800000,Indonesia,6200000,7400000,Music,,Music,1
jennifer.garner,Jennifer Garner,Cinema & Actors/actresses,,12500000,United States,255600,289400,Entertainment,,Entertainment,1
jenniferaniston,Jennifer Aniston,Cinema & Actors/actresses,,40100000,Brazil,1600000,2300000,Entertainment,,Entertainment,1
jenniferwinget1,Jennifer Winget,Cinema & Actors/actresses,,12300000,India,322300,391700,Entertainment,,Entertainment,1
jennmuriel,Jenn muriel,Lifestyle,Modeling,5500000,Colombia,451500,562600,Lifestyle,Beauty/Fashion,Lifestyle,1
jensenackles,Jensen Ackles,Cinema & Actors/actresses,,9100000,United States,504600,655900,Entertainment,,Entertainment,1
jeremyrenner,Jeremy Renner,Shows,Cinema & Actors/actresses,17200000,United States,192900,230800,Entertainment,Entertainment,Entertainment,1
jeromepolin,Jerome Polin Sijabat ジェローム,Education,Humor & Fun & Happiness,6500000,Indonesia,424200,622400,Info/Business,Entertainment,Info/Business,1
jesselingard,JLingz,Sports with a ball,,9500000,United Kingdom,192100,294500,Sports,,Sports,1
jessicah_o,Jessi / 제시,Music,,9700000,United States,874500,1100000,Music,,Music,1
jessicajane99,Jessica Jane,Lifestyle,,6000000,Indonesia,441400,582300,Lifestyle,,Lifestyle,1
jharden13,James Harden,Sports with a ball,,11700000,United States,137500,236500,Sports,,Sports,1
jheneaiko,Jhené Aiko Efuru Chilombo 🔮,Music,,14000000,United States,273800,481100,Music,,Music,1
jichangwook,지창욱,Cinema & Actors/actresses,,19200000,Indonesia,920200,1200000,Entertainment,,Entertainment,1
jimmyfallon,Jimmy Fallon,Shows,Humor & Fun & Happiness,21300000,United States,97200,120900,Entertainment,Entertainment,Entertainment,1
jin,Jin of BTS,,,32000000,United States,11100000,11100000,,,,0
jin_bighitentertainment,JIN (김석진),Lifestyle,,8500000,Indonesia,1200000,1400000,Lifestyle,,Lifestyle,1
jinyoung_0922jy,박진영,Music,,9300000,Indonesia,881400,1200000,Music,,Music,1
jlo,Jennifer Lopez,Music,Cinema & Actors/actresses,200800000,United States,429500,549900,Music,Entertainment,Music,1
joaogomescantor,João Gomes 🎙,,,10800000,Brazil,335800,917800,,,,0
joaoguilherme,J҉O҉T҉I҉N҉H҉A҉,Music,Cinema & Actors/actresses,15500000,Brazil,116800,227100,Music,Entertainment,Music,1
joeyking,Joey King,Music,Cinema & Actors/actresses,19100000,Brazil,541100,774100,Music,Entertainment,Music,1
johnnyjsuh,Johnny Suh,Lifestyle,Music,8100000,Indonesia,1300000,1600000,Lifestyle,Music,Lifestyle,1
jojotodynho,JoJo,Music,,21700000,Brazil,117300,190100,Music,,Music,1
jokowi,Joko Widodo,Finance & Economics,,45800000,Indonesia,158000,196000,Info/Business,,Info/Business,1
jongsuk0206,이종석,Cinema & Actors/actresses,,22200000,Indonesia,2200000,2900000,Entertainment,,Entertainment,1
jordialbaoficial,Jordi Alba,Sports with a ball,,14100000,Spain,135700,196300,Sports,,Sports,1
jorgelopez_as,Jorge Lopez,Cinema & Actors/actresses,,9700000,Brazil,211300,346300,Entertainment,,Entertainment,1
joshu_acoustic,Joshua Hong,Music,,4000000,,0,1000000,Music,,Music,1
joshuadun,jøsh dun,Music,,5800000,United States,540300,660000,Music,,Music,1
juandam___,JuanDa.,,,3500000,Colombia,772400,941200,,,,0
juandediospantoja,JD PANTOJA 🇲🇽,Music,Art/Artists,21500000,Mexico,519100,591800,Music,Lifestyle,Music,1
juanpazurita,Juanpa Zurita,Cinema & Actors/actresses,,28600000,Mexico,341700,485800,Entertainment,,Entertainment,1
juansguarnizo,Juan Sebastián Guarnizo,,,4700000,Mexico,659600,722900,,,,0
juicewrld999,Juice WRLD 9 9 9,,,12200000,United States,493900,833200,,,,0
juki_lop,JukiLop,Shows,Family,9100000,Mexico,493000,573300,Entertainment,Lifestyle,Entertainment,1
julesleblanc,julianna,Music,Shows,9700000,United States,409500,592100,Music,Entertainment,Music,1
julianapaes,Juliana Paes,Art/Artists,Cinema & Actors/actresses,30200000,Brazil,61400,95200,Lifestyle,Entertainment,Lifestyle,1
juliette,Juliette,Cinema & Actors/actresses,,33700000,Brazil,201200,319800,Entertainment,,Entertainment,1
jungkook_bighitentertainment,JUNGKOOK (전정국) Updates,Management & Marketing,Music,9900000,Brazil,1800000,2000000,Info/Business,Music,Info/Business,1
jungkook.97,Jungkook,,,35800000,,11400000,11400000,,,,0
justinbieber,Justin Bieber,Music,,227000000,India,439100,638200,Music,,Music,1
justinbieber,Justin Bieber,Music,,227400000,India,314200,445300,Music,,Music,1
justintimberlake,Justin Timberlake,Music,Art/Artists,64200000,United States,323300,432900,Music,Lifestyle,Music,1
juventus,Juventus,Sports with a ball,,52900000,India,61800,89400,Sports,,Sports,1
k.kbeom,김범 kimbum,,,5200000,Indonesia,1000000,1200000,,,,0
k.mbappe,Kylian Mbappé,Sports with a ball,,68900000,France,3000000,4300000,Sports,,Sports,1
kajalaggarwalofficial,Kajal A Kitchlu,Cinema & Actors/actresses,,21700000,India,527300,638000,Entertainment,,Entertainment,1
kaka,Kaká,Sports with a ball,,17900000,Brazil,83600,136100,Sports,,Sports,1
kaliuchis,,Music,,3700000,United States,399200,689700,Music,,Music,1
kapilsharma,Kapil Sharma,Cinema & Actors/actresses,Shows,39800000,India,690200,789300,Entertainment,Entertainment,Entertainment,1
kareenakapoorkhan,Kareena Kapoor Khan,Lifestyle,Cinema & Actors/actresses,8900000,India,367400,458300,Lifestyle,Entertainment,Lifestyle,1
karimbenzema,Karim Benzema,Sports with a ball,,47400000,France,981200,1400000,Sports,,Sports,1
karljacobs,Karl Jacobs,,,4000000,United States,722500,941700,,,,0
karolg,KAROL G,Music,,50800000,Mexico,4500000,5400000,Music,,Music,1
kartikaaryan,KARTIK AARYAN,Cinema & Actors/actresses,,23800000,India,472200,588200,Entertainment,,Entertainment,1
katherinelangford,KATHERINE LANGFORD,Cinema & Actors/actresses,,25700000,India,241900,346400,Entertainment,,Entertainment,1
katrinakaif,Katrina Kaif,Beauty,,62900000,India,1000000,1100000,Beauty/Fashion,,Beauty/Fashion,1
katyperry,KATY PERRY,Music,,156600000,Brazil,231800,302600,Music,,Music,1
kawtarbamo,KAWTAR BA-MOHAMED,Cinema & Actors/actresses,,7200000,Morocco,275900,374100,Entertainment,,Entertainment,1
kaylanicolejones,,Shows,,7300000,United States,166500,352700,Entertainment,,Entertainment,1
keerthysureshofficial,Keerthy Suresh,Fashion,Cinema & Actors/actresses,12500000,India,650700,743600,Beauty/Fashion,Entertainment,Beauty/Fashion,1
kehlani,Kehlani,Music,Family,13700000,United States,210500,328200,Music,Lifestyle,Music,1
kendalljenner,Kendall,Modeling,Fashion,227400000,United States,3400000,5500000,Beauty/Fashion,Beauty/Fashion,Beauty/Fashion,1
keniaos,Kenia Os,Music,,12600000,Mexico,545200,709000,Music,,Music,1
kentooyamazaki,山﨑賢人,Cinema & Actors/actresses,,4900000,Japan,583000,677100,Entertainment,,Entertainment,1
kenzie,kenzie ♡,Art/Artists,,14800000,United States,232400,353600,Lifestyle,,Lifestyle,1
kevindebruyne,Kevin De Bruyne,Sports with a ball,,16800000,United Kingdom,247500,382900,Sports,,Sports,1
kevinhart4real,Kevin Hart,Cinema & Actors/actresses,,140200000,United States,111300,141000,Entertainment,,Entertainment,1
kevinroldankr,KR ♛,Music,,10100000,Mexico,180200,291400,Music,,Music,1
khabib_nurmagomedov,Хабиб Нурмагомедов,Fitness & Gym,,33300000,Russia,252600,353300,Sports,,Sports,1
khaby00,Khaby Lame,,,73900000,Iran,4300000,6500000,,,,0
khloekardashian,Khloé Kardashian,Clothing & Outfits,Lifestyle,230200000,United States,991100,1200000,Beauty/Fashion,Lifestyle,Beauty/Fashion,1
kiaraaliaadvani,KIARA,Cinema & Actors/actresses,,22100000,India,828800,939300,Entertainment,,Entertainment,1
kiernanshipka,Kiernan Shipka,Cinema & Actors/actresses,,8100000,Brazil,207300,335800,Entertainment,,Entertainment,1
kimberly.loaiza,KIM LOAIZA 🖤,Clothing & Outfits,Lifestyle,33900000,Mexico,995000,1200000,Beauty/Fashion,Lifestyle,Beauty/Fashion,1
kimjuncotton,SUHO,Lifestyle,,9700000,Indonesia,1400000,1700000,Lifestyle,,Lifestyle,1
kimkardashian,Kim Kardashian,Fashion,Beauty,296400000,United States,2000000,2900000,Beauty/Fashion,Beauty/Fashion,Beauty/Fashion,1
kimshantal,Kim Shantal 🌹,Music,,11600000,Mexico,203300,237800,Music,,Music,1
kingarturo23oficial,Arturo Vidal,Sports with a ball,,16700000,Italy,120800,194800,Sports,,Sports,1
kingbach,King Bach,Music,Art/Artists,22100000,United States,120600,242000,Music,Lifestyle,Music,1
kingjames,👑,Sports with a ball,,116600000,United States,952900,1600000,Sports,,Sports,1
kingryan,Ryan Garcia,Fitness & Gym,,8700000,United States,209500,316600,Sports,,Sports,1
kittychicha,NANNO | KITTYCHICHA AMATAYAKUL,Lifestyle,,4200000,Philippines,678800,823400,Lifestyle,,Lifestyle,1
kjapa,KJ Apa,Cinema & Actors/actresses,,19000000,United States,1000000,1500000,Entertainment,,Entertainment,1
kkvsh,🇯🇲🦂🇸🇻,Lifestyle,,8200000,United States,198800,336600,Lifestyle,,Lifestyle,1
klaythompson,Klay Thompson,Sports with a ball,Lifestyle,11600000,United States,202300,294700,Sports,Lifestyle,Sports,1
kourtneykardash,Kourtney ❤️,Lifestyle,,166400000,United States,674500,961200,Lifestyle,,Lifestyle,1
krisjenner,Kris Jenner,Shows,Beauty,46600000,United States,119600,183400,Entertainment,Beauty/Fashion,Entertainment,1
kritisanon,Kriti,Modeling,,47300000,India,565500,658200,Beauty/Fashion,,Beauty/Fashion,1
ksi,KSI,Music,,11200000,United Kingdom,611700,857500,Music,,Music,1
kun11xd,KUN,Lifestyle,,6500000,Indonesia,802400,1000000,Lifestyle,,Lifestyle,1
kunaguero,Sergio Leonel Agüero,Sports with a ball,,22400000,Argentina,458400,794500,Sports,,Sports,1
kyliejenner,Kylie 🤍,Fashion,Modeling,323300000,United States,7600000,12300000,Beauty/Fashion,Beauty/Fashion,Beauty/Fashion,1
kyo1122,Song hyekyo,Cinema & Actors/actresses,,12900000,Indonesia,636200,810500,Entertainment,,Entertainment,1
kyrieirving,K.A.I Hélà,Sports with a ball,,16200000,United States,142700,216800,Sports,,Sports,1
l7nnon,L7,Lifestyle,Shows,6300000,Brazil,214000,507900,Lifestyle,Entertainment,Lifestyle,1
la_segura,LA SEGURA ♛ ♥,Cinema & Actors/actresses,,8200000,Colombia,335200,411300,Entertainment,,Entertainment,1
lacikaysomers,Laci Kay Somers,Music,Modeling,11800000,United States,147500,253700,Music,Beauty/Fashion,Music,1
ladivaza,✨LA DIVAZA✨,Music,Modeling,6800000,Mexico,388900,474500,Music,Beauty/Fashion,Music,1
ladygaga,Lady Gaga,Music,Cinema & Actors/actresses,51900000,United States,498300,700000,Music,Entertainment,Music,1
lakers,Los Angeles Lakers,Sports with a ball,,19300000,United States,85800,132400,Sports,,Sports,1
lalalalisa_m,LISA,Music,,75700000,Indonesia,7500000,8600000,Music,,Music,1
lamborghini,Lamborghini,Luxury,Cars & Motorbikes,31600000,India,174400,240500,Beauty/Fashion,,Beauty/Fashion,1
lanacondor,,Cinema & Actors/actresses,,10900000,Brazil,283000,385700,Entertainment,,Entertainment,1
larasilva,Lara Silva 💦,Shows,Adult content,16800000,Brazil,789000,1200000,Entertainment,,Entertainment,1
larissamanoela,Larissa Manoela,Cinema & Actors/actresses,,44800000,Brazil,192100,320400,Entertainment,,Entertainment,1
larray,larri,Lifestyle,Modeling,6700000,United States,357000,521500,Lifestyle,Beauty/Fashion,Lifestyle,1
laurenlondon,Lauren London,Cinema & Actors/actresses,Modeling,9700000,United States,217700,371600,Entertainment,Beauty/Fashion,Entertainment,1
ldh_sky,이도현,,,5500000,Indonesia,978400,1300000,,,,0
leaelui,Lea Elui G,Modeling,Lifestyle,11700000,India,428400,719500,Beauty/Fashion,Lifestyle,Beauty/Fashion,1
leedongwook_official,이동욱 (Official_Instagram),Cinema & Actors/actresses,,14100000,Indonesia,1000000,1400000,Entertainment,,Entertainment,1
leeyoum262,이유미,Photography,Humor & Fun & Happiness,8100000,South Korea,562700,688800,Lifestyle,Entertainment,Lifestyle,1
leighannepinnock,Leigh-Anne Pinnock,Music,,8500000,Brazil,279100,398000,Music,,Music,1
lelepons,Lele Pons,Music,,47700000,Mexico,724300,1100000,Music,,Music,1
leomessi,Leo Messi,Sports with a ball,Family,315400000,Argentina,4000000,5300000,Sports,Lifestyle,Sports,1
leonardodicaprio,Leonardo DiCaprio,Cinema & Actors/actresses,,52800000,United States,132000,166200,Entertainment,,Entertainment,1
ler_chek,Валерия Чекалина,Lifestyle,Beauty,10500000,Russia,713000,923300,Lifestyle,Beauty/Fashion,Lifestyle,1
lestykejora,Lestikejora,Music,,24900000,Indonesia,372900,484000,Music,,Music,1
letthelordbewithyou,Scott Disick,Lifestyle,Family,26500000,United States,61500,92200,Lifestyle,Lifestyle,Lifestyle,1
lewishamilton,Lewis Hamilton,Racing Sports,,27500000,Brazil,819900,1200000,Sports,,Sports,1
lexibrookerivera,Lexi Rivera,Shows,Humor & Fun & Happiness,8400000,United States,778000,975400,Entertainment,Entertainment,Entertainment,1
liampayne,Liam Payne,Music,,24100000,United States,420400,585500,Music,,Music,1
lilbaby,WHAM,Music,,18800000,United States,475400,876500,Music,,Music,1
lildurk,DURKIOOO,Music,Art/Artists,13000000,United States,162100,458200,Music,Lifestyle,Music,1
lilireinhart,Lili Reinhart,Cinema & Actors/actresses,,29000000,Brazil,1500000,2200000,Entertainment,,Entertainment,1
lilnasx,MONTERO,Music,,12200000,United States,815500,1400000,Music,,Music,1
liluzivert,,Music,,15800000,United States,1100000,2000000,Music,,Music,1
lilyjcollins,Lily Collins,Cinema & Actors/actresses,,26900000,United States,314300,467300,Entertainment,,Entertainment,1
linatejeiro,Lina Tejeiro.,Cinema & Actors/actresses,,9200000,Colombia,237700,287000,Entertainment,,Entertainment,1
lisakudrow,Lisa Kudrow,Cinema & Actors/actresses,,8500000,India,356600,475700,Entertainment,,Entertainment,1
litkillah,MAWZ💬,Music,,7200000,Argentina,438700,578400,Music,,Music,1
littlebodybigheart,Melanie Martinez,Music,,11100000,Brazil,913100,1200000,Music,,Music,1
littlemix,Little Mix,Music,,15400000,Brazil,172100,232000,Music,,Music,1
liverpoolfc,Liverpool Football Club,Sports with a ball,,36700000,United Kingdom,100200,138200,Sports,,Sports,1
lizakoshy,Liza Koshy,Cinema & Actors/actresses,,19600000,United States,156300,208800,Entertainment,,Entertainment,1
lizasoberano,Liza Soberano,Beauty,Cinema & Actors/actresses,16900000,Philippines,243100,289900,Beauty/Fashion,Entertainment,Beauty/Fashion,1
lizgillz,Elizabeth Gillies,Music,Cinema & Actors/actresses,13900000,Mexico,563000,816300,Music,Entertainment,Music,1
lizzobeeating,Lizzo,Music,Lifestyle,12100000,United States,213100,298300,Music,Lifestyle,Music,1
loganpaul,Logan Paul,Fitness & Gym,,22500000,United States,549400,733800,Sports,,Sports,1
lomon991111,Lomon 991111,,,5700000,,0,1700000,,,,0
loren,loren gray,Fashion,Modeling,22500000,United States,137300,227300,Beauty/Fashion,Beauty/Fashion,Beauty/Fashion,1
loud_babi,Bárbara Passos,Lifestyle,,9200000,Brazil,200100,323500,Lifestyle,,Lifestyle,1
loud_victor,Victor Augusto,Lifestyle,Sports with a ball,10400000,Brazil,511200,652300,Lifestyle,Sports,Lifestyle,1
louist91,Louis Tomlinson,Music,,18200000,Brazil,1100000,1500000,Music,,Music,1
louisvuitton,Louis Vuitton,Fashion,Clothing & Outfits,47700000,Brazil,46200,59700,Beauty/Fashion,Beauty/Fashion,Beauty/Fashion,1
lucas_lira,Lucas Lira,Humor & Fun & Happiness,Lifestyle,5800000,Brazil,296500,434300,Entertainment,Lifestyle,Entertainment,1
lucasranngel,LUCAS RANGEL,Lifestyle,,19200000,Brazil,186800,412300,Lifestyle,,Lifestyle,1
lucyhale,Lucy Hale,Cinema & Actors/actresses,,24300000,United States,183500,240400,Entertainment,,Entertainment,1
ludmilla,Ludmilla,Music,,26500000,Brazil,143500,212600,Music,,Music,1
luisafernandaw,Luisa Fernanda W,Lifestyle,Beauty,16900000,Colombia,106300,162100,Lifestyle,Beauty/Fashion,Lifestyle,1
luisasonza,LUÍSA SONZA,Music,Lifestyle,28200000,Brazil,125100,198900,Music,Lifestyle,Music,1
luisitocomunica,Luisillo El Pillo,Humor & Fun & Happiness,Clothing & Outfits,31700000,Mexico,939800,1200000,Entertainment,Beauty/Fashion,Entertainment,1
luissuarez9,Luis Suarez,Sports with a ball,,43000000,Brazil,238800,356500,Sports,,Sports,1
lukamodric10,Luka Modric,Sports with a ball,,21600000,Spain,419800,616300,Sports,,Sports,1
lunay,EL NIÑO 👶🏻,Music,,10300000,Mexico,202600,296600,Music,,Music,1
luvadepedreiro,Iran Ferreira,,,9500000,Brazil,910400,2100000,,,,0
lynaritaa,Lyna Perez,,,8600000,United States,227100,299400,,,,0
m_kayoung,MUN KA YOUNG,Cinema & Actors/actresses,,7900000,Indonesia,1100000,1500000,Entertainment,,Entertainment,1
m10_official,Mesut Özil,Sports with a ball,,24000000,Turkey,526600,738300,Sports,,Sports,1
machinegunkelly,the Blonde Don,Music,,9600000,United States,284000,457500,Music,,Music,1
maddieziegler,maddie,Cinema & Actors/actresses,Modeling,13900000,United States,533400,799900,Entertainment,Beauty/Fashion,Entertainment,1
madelame,Madelaine Petsch,Cinema & Actors/actresses,,25300000,Russia,1300000,1800000,Entertainment,,Entertainment,1
madelyncline,Maddie,,,12400000,United States,1600000,2300000,,,,0
madhuridixitnene,Madhuri Dixit,Music,Cinema & Actors/actresses,30600000,India,297200,343100,Music,Entertainment,Music,1
madisonbaileybabe,Maddie Baby,Lifestyle,,6700000,United States,416400,779300,Lifestyle,,Lifestyle,1
madisonbeer,Madison Beer,Music,,30600000,United States,630200,940900,Music,,Music,1
mahnaz_afshar,Mahe Man,Cinema & Actors/actresses,Lifestyle,15700000,Iran,154300,212900,Entertainment,Lifestyle,Entertainment,1
maisa,#NAME?,Music,,42000000,Brazil,343700,468000,Music,,Music,1
maluma,MALUMA,Music,,61600000,Italy,329200,507600,Music,,Music,1
malutrevejo,Malú 🦋 222🎤,Music,,11200000,United States,277200,496800,Music,,Music,1
manchesterunited,Manchester United,Sports with a ball,,56500000,United Kingdom,116600,188800,Sports,,Sports,1
manelyk_oficial,Manelyk Gonzalez,Music,,14100000,Mexico,179500,240400,Music,,Music,1
maneskinofficial,Måneskin,Lifestyle,,6000000,Italy,519400,733500,Lifestyle,,Lifestyle,1
manurios,manu rios,Shows,,9900000,Mexico,572700,966000,Entertainment,,Entertainment,1
marcelotwelve,Marcelo Vieira,Sports with a ball,,53000000,Spain,413500,622200,Sports,,Sports,1
marcmarquez93,Marc Márquez,Racing Sports,,6600000,Indonesia,478200,634500,Sports,,Sports,1
marcoasensio10,Marco Asensio,Sports with a ball,,13600000,Spain,194300,298300,Sports,,Sports,1
marcusrashford,Marcus Rashford MBE,Sports with a ball,,12700000,United Kingdom,401900,635500,Sports,,Sports,1
mariaalice,Maria Alice,,,6800000,Brazil,673400,1400000,,,,0
mariabecerra,Maria Becerra,Music,,8600000,Argentina,332300,785000,Music,,Music,1
mariapedraza_,María Pedraza,Cinema & Actors/actresses,,12000000,Spain,279600,369000,Entertainment,,Entertainment,1
marimaria,Mari Maria,Beauty,,19900000,Brazil,126600,242700,Beauty/Fashion,,Beauty/Fashion,1
marinaruybarbosa,Marina Ruy Barbosa,Cinema & Actors/actresses,,39800000,Brazil,86600,130100,Entertainment,,Entertainment,1
markiplier,Markiplier,Shows,,9800000,United States,406500,463300,Entertainment,,Entertainment,1
markruffalo,Mark Ruffalo,Cinema & Actors/actresses,,20500000,Brazil,194300,244200,Entertainment,,Entertainment,1
marktuan,Mark Tuan,Music,Cinema & Actors/actresses,12100000,Thailand,667100,877200,Music,Entertainment,Music,1
marshmellomusic,marshmello,Music,,29200000,India,345600,406600,Music,,Music,1
martingarrix,Martin Garrix,Music,,15600000,Mexico,152800,216300,Music,,Music,1
marvel,Marvel Entertainment,Cinema & Actors/actresses,Comics & sketches,62700000,United States,180100,212500,Entertainment,Entertainment,Entertainment,1
marvelstudios,Marvel Studios,Cinema & Actors/actresses,Comics & sketches,36100000,India,225500,252600,Entertainment,Entertainment,Entertainment,1
mathildtantot,Mathilde,Lifestyle,Modeling,10300000,United States,310200,470000,Lifestyle,Beauty/Fashion,Lifestyle,1
matue30,MATUÊ,Lifestyle,,6100000,Brazil,186000,408100,Lifestyle,,Lifestyle,1
maudeapatow,Maude Apatow,Lifestyle,Cinema & Actors/actresses,4800000,United States,577000,955100,Lifestyle,Entertainment,Lifestyle,1
maudyayunda,Maudy Ayunda,Music,,15400000,Indonesia,110900,163500,Music,,Music,1
maxverstappen1,Max Verstappen,Racing Sports,,8200000,United States,398700,524400,Sports,,Sports,1
meganfox,Megan Fox,Cinema & Actors/actresses,,19900000,United States,2100000,3400000,Entertainment,,Entertainment,1
mehraadjam,Mehraad Jam,Music,,4700000,Iran,385000,564100,Music,,Music,1
mejiwoo103,지우,,,11100000,Indonesia,432400,521900,,,,0
melissamelmaia,MEL MAIA 🍯,Music,,11500000,Brazil,245100,444100,Music,,Music,1
melo,LaMelo Ball,Sports with a ball,,8300000,United States,298100,605600,Sports,,Sports,1
memezar,Memezar • Comedy and Culture,Cinema & Actors/actresses,,23700000,United States,325600,484700,Entertainment,,Entertainment,1
memphisdepay,Memphis Depay,Sports with a ball,,14200000,France,191600,339100,Sports,,Sports,1
mercedesbenz,Mercedes-Benz,Cars & Motorbikes,Luxury,35300000,Iran,75000,106800,,Beauty/Fashion,Beauty/Fashion,1
miakhalifa,Mia K.,Fitness & Gym,Lifestyle,27700000,India,1500000,2300000,Sports,Lifestyle,Sports,1
michaelbjordan,Michael B. Jordan,Cinema & Actors/actresses,,18400000,United States,452900,751000,Entertainment,,Entertainment,1
michaelclifford,michael clifford,Music,,5800000,United States,291900,427900,Music,,Music,1
michelleobama,Michelle Obama,Finance & Economics,Business & Careers,49100000,United States,132300,150200,Info/Business,Info/Business,Info/Business,1
miguel_bernardeau,Miguel Bernardeau,Cinema & Actors/actresses,,7000000,Spain,260800,384500,Entertainment,,Entertainment,1
miguel.g.herran,Miguel Herrán,Cinema & Actors/actresses,,14200000,Brazil,998200,1500000,Entertainment,,Entertainment,1
miketyson,Mike Tyson,Fitness & Gym,,18100000,United States,122800,157300,Sports,,Sports,1
mikhail_litvin,Михаил Литвин,Shows,,14600000,Russia,972000,1200000,Entertainment,,Entertainment,1
milad_khahhh,Milad Ghasemikhah pargam,Lifestyle,,5600000,Iran,365100,512700,Lifestyle,,Lifestyle,1
mileycyrus,Miley Cyrus,Music,,163800000,United States,439700,594900,Music,,Music,1
milliebobbybrown,Millie Bobby Brown,Cinema & Actors/actresses,,48200000,Brazil,2100000,2700000,Entertainment,,Entertainment,1
mimikeene3,𝕄 𝕀 𝕄 𝕀  𝕂 𝔼 𝔼 ℕ 𝔼,Cinema & Actors/actresses,,4300000,United Kingdom,765800,1400000,Entertainment,,Entertainment,1
min9yu_k,김민규,Music,,6000000,Indonesia,1100000,1300000,Music,,Music,1
mingue.k,김민규,Shows,,3300000,Indonesia,893500,1100000,Entertainment,,Entertainment,1
mirandacosgrove,Miranda Cosgrove,Music,Cinema & Actors/actresses,9800000,Brazil,213500,333600,Music,Entertainment,Music,1
mirella,BAD MI ⚡️ MC MIRELLA,Music,,26600000,Brazil,230400,486700,Music,,Music,1
missasinfonia,MissaSinfonia,,,4600000,Mexico,656800,752900,,,,0
mo.on_air,TAEIL,,,4400000,Indonesia,1200000,1400000,,,,0
mohamedramadanws,Mohamed Ramadan,Music,,20100000,Egypt,93900,129900,Music,,Music,1
mohanshakti,Shakti Mohan,Art/Artists,Cinema & Actors/actresses,14900000,India,207000,248000,Lifestyle,Entertainment,Lifestyle,1
mont.pantoja,MONT,,,11400000,Mexico,498700,593700,,,,0
mosalah,Mohamed Salah,Sports with a ball,,49000000,Egypt,1200000,1700000,Sports,,Sports,1
mr_faisu_07,FAISAL SHAIKH,Modeling,Cinema & Actors/actresses,26900000,India,362000,462100,Beauty/Fashion,Entertainment,Beauty/Fashion,1
mrbeast,MrBeast,Shows,Humor & Fun & Happiness,18000000,United States,1400000,1800000,Entertainment,Entertainment,Entertainment,1
ms_puiyi,Siew Pui Yi 🤍,Adult content,,17200000,United States,384000,491900,,,,0
mterstegen1,Marc ter Stegen,Sports with a ball,,13300000,Spain,280000,422000,Sports,,Sports,1
myketowers,MICHAEL,Music,,9400000,Spain,207900,376100,Music,,Music,1
na.jaemin0813,JAEMIN,,,8800000,Indonesia,1900000,2400000,,,,0
nabilla,Nabilla Vergara ✨,Beauty,,7200000,France,266800,367400,Beauty/Fashion,,Beauty/Fashion,1
nadin_serovski,Nadin Serovski,Family,Lifestyle,9400000,Russia,515700,710100,Lifestyle,Lifestyle,Lifestyle,1
nadine,小宮希美 🤍,Music,Shows,11100000,Philippines,319900,354600,Music,Entertainment,Music,1
naileadevora,nai,Shows,,5000000,United States,482400,712700,Entertainment,,Entertainment,1
nameisnani,Nani,Sports with a ball,,4800000,India,517800,559000,Sports,,Sports,1
nancyajram,Nancy Ajram,Music,,32400000,Iraq,140300,179500,Music,,Music,1
narendramodi,Narendra Modi,Finance & Economics,Business & Careers,66500000,India,1500000,1700000,Info/Business,Info/Business,Info/Business,1
narins_beauty,••Narins Beauty••,Lifestyle,,8400000,Syria,351600,429000,Lifestyle,,Lifestyle,1
nasa,NASA,Science,Photography,75300000,India,564500,653200,Info/Business,Lifestyle,Info/Business,1
natalee.007,Natalie Lee,Modeling,Music,6900000,United States,286600,366100,Beauty/Fashion,Music,Beauty/Fashion,1
natashawilona12,Natasha Wilona,Beauty,,37500000,Indonesia,233300,278600,Beauty/Fashion,,Beauty/Fashion,1
natgeo,National Geographic,Nature & landscapes,Science,214600000,United States,124700,145500,Lifestyle,Info/Business,Lifestyle,1
natgeotravel,National Geographic Travel,Nature & landscapes,Photography,45400000,United States,50600,56900,Lifestyle,Lifestyle,Lifestyle,1
nattinatasha,NATTI NATASHA,Music,Cinema & Actors/actresses,35400000,Mexico,281100,338300,Music,Entertainment,Music,1
navidmohammadzadeh,navid mohammadzadeh,Cinema & Actors/actresses,,8200000,Iran,541400,764000,Entertainment,,Entertainment,1
nazriyafahadh,Nazriya Nazim Fahadh,Lifestyle,,5500000,India,371800,497800,Lifestyle,,Lifestyle,1
nba,NBA,Sports with a ball,,65800000,United States,40600,68200,Sports,,Sports,1
ncentineo,Noah,Cinema & Actors/actresses,,17000000,Brazil,200300,333600,Entertainment,,Entertainment,1
nct,NCT Official Instagram,Music,,13600000,Indonesia,624900,819900,Music,,Music,1
nct_dream,NCT DREAM OFFICIAL,,,9200000,Indonesia,576300,642900,,,,0
nct127,NCT 127 Official Instagram,Music,,13700000,Indonesia,787200,972300,Music,,Music,1
nehakakkar,Neha Kakkar (Mrs. Singh),Music,,68500000,India,664800,774400,Music,,Music,1
nehasharmaofficial,Neha Sharma 💫,Cinema & Actors/actresses,,13900000,India,232800,267600,Entertainment,,Entertainment,1
neslihanatagul,Neslihan Atagül Doğulu,Cinema & Actors/actresses,Modeling,13000000,Turkey,670600,842600,Entertainment,Beauty/Fashion,Entertainment,1
nessabarrett,ness,,,6600000,United States,340200,461300,,,,0
netflix,Netflix US,Cinema & Actors/actresses,Shows,29500000,Brazil,65000,105900,Entertainment,Entertainment,Entertainment,1
netflixbrasil,Netflix Brasil,Shows,Cinema & Actors/actresses,29900000,Brazil,103700,177500,Entertainment,Entertainment,Entertainment,1
neymarjr,NJ 🇧🇷,Sports with a ball,,172000000,Brazil,1600000,2300000,Sports,,Sports,1
niallhoran,Niall Horan,Music,,29400000,United States,1200000,1800000,Music,,Music,1
nianaguerrero,Niana,Music,Kids & Toys,14000000,Indonesia,410600,514800,Music,Lifestyle,Music,1
nicki.nicole,,Music,,11500000,Argentina,876200,1300000,Music,,Music,1
nickiminaj,Barbie,Music,,181600000,United States,393700,615200,Music,,Music,1
nickjonas,Nick Jonas,Music,Art/Artists,32300000,United States,164000,233000,Music,Lifestyle,Music,1
nickyjam,NICKY JAM,Music,,42700000,Colombia,290900,347000,Music,,Music,1
nicolegarcia,NICOLE,Lifestyle,,5300000,Mexico,384900,503400,Lifestyle,,Lifestyle,1
nike,Nike,Fitness & Gym,Shopping & Retail,208900000,United States,129500,175500,Sports,Beauty/Fashion,Sports,1
nikefootball,Nike Football (Soccer),Sports with a ball,Clothing & Outfits,44300000,Brazil,74800,117400,Sports,Beauty/Fashion,Sports,1
nikitadragun,Nikita,Beauty,Modeling,9100000,United States,368000,562100,Beauty/Fashion,Beauty/Fashion,Beauty/Fashion,1
nikkietutorials,NikkieTutorials,Beauty,,15600000,United States,353800,480500,Beauty/Fashion,,Beauty/Fashion,1
nina,Nina Dobrev,Cinema & Actors/actresses,,25500000,Brazil,778500,1100000,Entertainment,,Entertainment,1
nita_shilimkar,Nita Shilimkar,Fashion,Modeling,10300000,India,351100,464900,Beauty/Fashion,Beauty/Fashion,Beauty/Fashion,1
noahbeck,Noah Beck,Sports with a ball,,9000000,United States,317300,523000,Sports,,Sports,1
noahschnapp,Noah Schnapp,Cinema & Actors/actresses,,20100000,Brazil,1300000,1700000,Entertainment,,Entertainment,1
nobru,Bruno Goes 🎭,,,13200000,,0,350200,,,,0
nobru,Bruno Goes 🎭,Machinery & Technologies,Computers & Gadgets,13200000,,0,350100,Tech/Gaming,Tech/Gaming,Tech/Gaming,1
nodal,Christian Nodal 🇲🇽 🌵💚,Music,,8400000,Mexico,252400,415500,Music,,Music,1
nolimitherbo,G HERBO,Music,Art/Artists,7400000,United States,156200,374700,Music,Lifestyle,Music,1
noorstars,نور ستارز | Noor Stars,Shows,,12600000,Iraq,149500,199600,Entertainment,,Entertainment,1
norafatehi,Nora Fatehi,Cinema & Actors/actresses,Music,38600000,India,865800,1100000,Entertainment,Music,Entertainment,1
normani,Normani,Lifestyle,,7000000,United States,313800,490900,Lifestyle,,Lifestyle,1
nusr_et,Nusr_et#Saltbae,Food & Cooking,,43500000,Turkey,192900,285400,Lifestyle,,Lifestyle,1
o.dembele7,Believe,Sports with a ball,,10300000,Spain,468600,804000,Sports,,Sports,1
obj,Odell Beckham Jr,Sports with a ball,,15800000,United States,339500,645800,Sports,,Sports,1
obx,Outer Banks,,,5400000,United States,587300,1100000,,,,0
officialslystallone,Sly Stallone,Art/Artists,Cinema & Actors/actresses,14800000,United States,162900,206300,Lifestyle,Entertainment,Lifestyle,1
offsetyrn,OFFSET,Music,,19700000,United States,313300,559800,Music,,Music,1
oliviarodrigo,Olivia Rodrigo,Music,Cinema & Actors/actresses,22900000,India,2800000,3500000,Music,Entertainment,Music,1
onwardwanna,"Javon ""Wanna"" Walton",Lifestyle,Cinema & Actors/actresses,5100000,United States,1000000,1700000,Lifestyle,Entertainment,Lifestyle,1
onyourm__ark,Mark,,,8300000,Indonesia,1700000,2100000,,,,0
oohsehun,SEHUN,Music,,22900000,Indonesia,1900000,2400000,Music,,Music,1
ozuna,@ozutochi 🔜 #TemporadaDelOzo,Music,,22200000,Spain,167100,225300,Music,,Music,1
pablogavi,GAVI,,,3300000,,0,841600,,,,0
paollaoliveirareal,Paolla Oliveira,Cinema & Actors/actresses,Lifestyle,33600000,Brazil,127600,167400,Entertainment,Lifestyle,Entertainment,1
parineetichopra,Parineeti Chopra,Cinema & Actors/actresses,,35200000,India,357500,412100,Entertainment,,Entertainment,1
paulodybala,Paulo Dybala,Sports with a ball,,45800000,Argentina,662900,1100000,Sports,,Sports,1
paulolondra,Paulo londra,Music,,12600000,Argentina,1200000,1900000,Music,,Music,1
paulpogba,Paul Labile Pogba,Sports with a ball,,52800000,Brazil,353400,628500,Sports,,Sports,1
paulwalker,Paul Walker,Cinema & Actors/actresses,,14600000,India,217200,297800,Entertainment,,Entertainment,1
paulwesley,Paul Wesley,Cinema & Actors/actresses,,12200000,Brazil,640000,958000,Entertainment,,Entertainment,1
pefabiodemelo,Padre Fábio de Melo,Lifestyle,,25500000,Brazil,81600,122900,Lifestyle,,Lifestyle,1
perrieedwards,Perrie Edwards 🖤,Modeling,,14500000,Brazil,523100,816700,Beauty/Fashion,,Beauty/Fashion,1
perspolis,P e r s e p o l i s,Sports with a ball,,7600000,Iran,276500,393200,Sports,,Sports,1
pewdiepie,PewDiePie,Computers & Gadgets,,21900000,United States,1200000,1400000,Tech/Gaming,,Tech/Gaming,1
peytonlist,Peyton List,Cinema & Actors/actresses,,19700000,United States,360000,541500,Entertainment,,Entertainment,1
pharrell,𝐒𝐎𝐍 𝐎𝐅 𝐀 𝐏𝐇𝐀𝐑𝐀𝐎𝐇,Music,,13500000,United States,126400,181100,Music,,Music,1
phil.coutinho,Philippe Coutinho,Sports with a ball,,24500000,Brazil,456200,740900,Sports,,Sports,1
phoebejtonkin,Phoebe Tonkin,Beauty,Cinema & Actors/actresses,8200000,United States,236800,338600,Beauty/Fashion,Entertainment,Beauty/Fashion,1
phs1116,박형식 / PARKHYUNGSIK,Business & Careers,,9500000,Indonesia,2000000,2600000,Info/Business,,Info/Business,1
playboicarti,,Music,,8000000,United States,1200000,2100000,Music,,Music,1
playstation,PlayStation,Computers & Gadgets,Machinery & Technologies,28900000,United States,80500,99300,Tech/Gaming,Tech/Gaming,Tech/Gaming,1
pokimanelol,pokimane ❤,Lifestyle,Shows,6000000,United States,526700,694800,Lifestyle,Entertainment,Lifestyle,1
pokrov90,АНЯ ПОКРОВ - АНТИГРУСТИН🥑❤️,Shows,,7300000,Russia,350300,408100,Entertainment,,Entertainment,1
polo.capalot,Polo.G🐐,Music,Lifestyle,10200000,United States,416900,685700,Music,Lifestyle,Music,1
pooorblack,Pooorblack,,,4000000,Iran,530000,687400,,,,0
porsche,Porsche,Cars & Motorbikes,,26400000,United States,97100,124400,,,,0
postmalone,twelve carat toothache,Music,,22300000,United States,407300,623100,Music,,Music,1
prattprattpratt,Chris Pratt,Cinema & Actors/actresses,,35500000,United States,193000,250900,Entertainment,,Entertainment,1
premierleague,Premier League,Sports with a ball,,55400000,United Kingdom,49500,69500,Sports,,Sports,1
prideofgypsies,Jason Momoa,Cinema & Actors/actresses,,16800000,United States,141000,181300,Entertainment,,Entertainment,1
prillylatuconsina96,Prilly Latuconsina,Cinema & Actors/actresses,Music,46600000,Indonesia,56400,81600,Entertainment,Music,Entertainment,1
priyankachopra,Priyanka,Cinema & Actors/actresses,,75700000,India,643000,778200,Entertainment,,Entertainment,1
psg,Paris Saint-Germain,Sports with a ball,,58000000,Brazil,295800,495000,Sports,,Sports,1
pubity,Pubity,Humor & Fun & Happiness,,31600000,United States,214500,313300,Entertainment,,Entertainment,1
pugachevmark,Mark Pugachev,Cars & Motorbikes,Luxury,10000000,Russia,358100,525900,,Beauty/Fashion,Beauty/Fashion,1
quackity,quackity,,,3200000,United States,666400,819100,,,,0
quavohuncho,QuavoHuncho,Music,,20800000,United States,103000,170100,Music,,Music,1
raashiikhanna,Raashii Khanna,Cinema & Actors/actresses,Music,8100000,India,256600,305900,Entertainment,Music,Entertainment,1
rachel_mypark,박민영 Minyoung Park,Cinema & Actors/actresses,,9700000,Indonesia,784600,977100,Entertainment,,Entertainment,1
rachelvennya,Rachel Vennya Roland,Kids & Toys,Family,6700000,Indonesia,176400,372500,Lifestyle,Lifestyle,Lifestyle,1
rafaelnadal,Rafa Nadal,Sports with a ball,,14000000,Spain,228700,286300,Sports,,Sports,1
rafaeluccman,Rafael Uccman,Lifestyle,Modeling,8600000,Brazil,227100,472900,Lifestyle,Beauty/Fashion,Lifestyle,1
rafakalimann,RAFA KALIMANN,Modeling,,22800000,Brazil,90900,163300,Beauty/Fashion,,Beauty/Fashion,1
raffinagita1717,Raffi Ahmad and Nagita Slavina,Shows,,60600000,Indonesia,37400,52500,Entertainment,,Entertainment,1
rahulkl,KL Rahul👑,Sports with a ball,,11900000,India,676900,788500,Sports,,Sports,1
raisa6690,,Music,,30400000,Indonesia,60600,94000,Music,,Music,1
rakulpreet,Rakul Singh,Cinema & Actors/actresses,Modeling,19200000,India,334100,392500,Entertainment,Beauty/Fashion,Entertainment,1
ranveersingh,Ranveer Singh,Cinema & Actors/actresses,Modeling,38900000,India,314700,408400,Entertainment,Beauty/Fashion,Entertainment,1
raphaelvarane,Raphael Varane,Sports with a ball,,18400000,Spain,200800,301400,Sports,,Sports,1
rashmika_mandanna,Rashmika Mandanna,Beauty,Art/Artists,30000000,India,1700000,2000000,Beauty/Fashion,Lifestyle,Beauty/Fashion,1
ratantata,Ratan Tata,Business & Careers,,5900000,India,952200,1100000,Info/Business,,Info/Business,1
rauwalejandro,RA’ RAUW,Music,,13700000,Spain,382400,553000,Music,,Music,1
realbarbarapalvin,Barbara Palvin,Modeling,Fashion,17500000,Russia,480200,649000,Beauty/Fashion,Beauty/Fashion,Beauty/Fashion,1
realhinakhan,HK,Cinema & Actors/actresses,,16700000,India,189500,233600,Entertainment,,Entertainment,1
realmadrid,Real Madrid C.F.,Sports with a ball,,113000000,Spain,407200,563100,Sports,,Sports,1
realshadmehr,Shadmehr Aghili,Music,,7600000,Iran,330200,460800,Music,,Music,1
realstraykids,Stray Kids,Music,,20100000,Indonesia,1700000,2000000,Music,,Music,1
redvelvet.smtown,Red Velvet Official,Music,Beauty,11400000,Indonesia,327900,398900,Music,Beauty/Fashion,Music,1
reesewitherspoon,Reese Witherspoon,Cinema & Actors/actresses,,27600000,United States,152500,183700,Entertainment,,Entertainment,1
regejean,Regé-Jean Page,,,5500000,Brazil,473600,750300,,,,0
renebaebae,IRENE,Lifestyle,Modeling,9900000,Indonesia,1400000,1700000,Lifestyle,Beauty/Fashion,Lifestyle,1
residente,René Pérez Joglar,Music,,8700000,Colombia,480400,743900,Music,,Music,1
reynmen,reyn,Music,Cinema & Actors/actresses,7000000,Turkey,418000,531500,Music,Entertainment,Music,1
rezagolzar,Mohammad Reza Golzar,Cinema & Actors/actresses,,11700000,Iran,178500,263100,Entertainment,,Entertainment,1
riaricis1795,RICIS,Lifestyle,,30300000,Indonesia,868200,1100000,Lifestyle,,Lifestyle,1
ricky_martin,Ricky Martin,Music,,16700000,Argentina,141200,190400,Music,,Music,1
rishabpant,Rishabh Pant,Sports with a ball,,6100000,India,496500,589600,Sports,,Sports,1
riteishd,Riteish Deshmukh,Art/Artists,Cinema & Actors/actresses,13800000,India,282200,328900,Lifestyle,Entertainment,Lifestyle,1
riyadmahrez26.7,RM26,Sports with a ball,,8500000,Algeria,333900,429900,Sports,,Sports,1
riyaz.14,Riyaz Aly,Lifestyle,Art/Artists,26100000,India,399800,519500,Lifestyle,Lifestyle,Lifestyle,1
rizkybillar,Muhammad Rizky Billar,Shows,Beauty,12600000,Indonesia,322100,414800,Entertainment,Beauty/Fashion,Entertainment,1
rizkyfbian,Salah,,,12300000,Indonesia,133100,203600,,,,0
rkive,RM,,,31300000,,8600000,8600000,,,,0
robertdowneyjr,Robert Downey Jr. Official,Cinema & Actors/actresses,,51900000,India,1600000,2100000,Entertainment,,Entertainment,1
roberto_firmino,ROBERTO FIRMINO,Sports with a ball,,13200000,Brazil,144600,214900,Sports,,Sports,1
rockstargames,Rockstar Games,Computers & Gadgets,,22300000,United States,108500,135200,Tech/Gaming,,Tech/Gaming,1
rogerfederer,Roger Federer,Sports with a ball,,9200000,Spain,484700,627900,Sports,,Sports,1
rohitsharma45,Rohit Sharma,Sports with a ball,Lifestyle,23300000,India,1100000,1200000,Sports,Lifestyle,Sports,1
rohittt_09_,𝐑𝐨𝐡𝐢𝐭 𝐙𝐢𝐧𝐣𝐮𝐫𝐤𝐞 ~ 𝐫𝐞𝐚𝐜𝐭𝐢𝐨𝐧𝐛𝐨𝐢 💫,Shows,Lifestyle,21200000,India,788700,1100000,Entertainment,Lifestyle,Entertainment,1
romanreigns,Joe Anoai aka “Roman Reigns”,,,6000000,India,383100,497400,,,,0
romeosantos,Romeo Santos,Music,,19000000,United States,225000,277900,Music,,Music,1
ronaldinho,Ronaldo de Assis Moreira,Sports with a ball,,65100000,Brazil,183800,317000,Sports,,Sports,1
rosalia.vt,LA ROSALÍA,Music,,19500000,Spain,737000,967100,Music,,Music,1
roses_are_rosie,ROSÉ,Music,,57500000,Indonesia,4800000,5500000,Music,,Music,1
ross_lynch,Ross Shor Lynch,Music,Cinema & Actors/actresses,10000000,United States,348300,695500,Music,Entertainment,Music,1
ruben_onsu,Ruben Onsu,Cinema & Actors/actresses,Shows,37900000,Indonesia,64200,79500,Entertainment,Entertainment,Entertainment,1
rubyrose,Ruby Rose,Modeling,,18800000,United States,171300,225700,Beauty/Fashion,,Beauty/Fashion,1
rupertgrint,Rupert Grint,,,4700000,Brazil,579000,821500,,,,0
sabrinacarpenter,Sabrina Carpenter,Music,,27100000,Brazil,1100000,1300000,Music,,Music,1
sachintendulkar,Sachin Tendulkar,Sports with a ball,Lifestyle,33500000,India,333400,399900,Sports,Lifestyle,Sports,1
sadiesink_,Sadie Sink,Modeling,Lifestyle,15300000,Brazil,1200000,1700000,Beauty/Fashion,Lifestyle,Beauty/Fashion,1
sadiomaneofficiel,Sadio Mane,Sports with a ball,,10400000,United Kingdom,350700,500300,Sports,,Sports,1
saharghoreyshiofficialpage,سحر قريشى Sahar Ghoreyshi,Lifestyle,,10700000,Iran,193800,283900,Lifestyle,,Lifestyle,1
saipallavi.senthamarai,Sai Pallavi,,,5300000,India,819500,939300,,,,0
salmahayek,Salma Hayek Pinault,Cinema & Actors/actresses,,20900000,United States,212100,262500,Entertainment,,Entertainment,1
samantharuthprabhuoffl,Samantha,Beauty,Modeling,22900000,India,584900,701500,Beauty/Fashion,Beauty/Fashion,Beauty/Fashion,1
samoylovaoxana,Samoylova Oxana,Family,Lifestyle,15200000,Russia,897600,1200000,Lifestyle,Lifestyle,Lifestyle,1
samsmith,Sam Smith,Music,Fashion,14600000,United States,223900,328400,Music,Beauty/Fashion,Music,1
sanchooo10,Jadon Sancho,Sports with a ball,,8300000,United Kingdom,411400,719600,Sports,,Sports,1
sandrinna_11,Drinna,Lifestyle,,10400000,Indonesia,252200,321600,Lifestyle,,Lifestyle,1
saraalikhan95,Sara Ali Khan,Cinema & Actors/actresses,,39700000,India,247900,302000,Entertainment,,Entertainment,1
sarahhyland,Sarah Hyland,Cinema & Actors/actresses,Lifestyle,9100000,United States,223000,278900,Entertainment,Lifestyle,Entertainment,1
sarwendah29,Sarwendah29,Music,Lifestyle,30800000,Indonesia,75400,89200,Music,Lifestyle,Music,1
sav.labrant,Savannah Rose LaBrant,Family,Lifestyle,7000000,United States,597100,798400,Lifestyle,Lifestyle,Lifestyle,1
saweetie,icy bae 🌸✨🌱❄️,Cinema & Actors/actresses,,13100000,United States,144700,336200,Entertainment,,Entertainment,1
sebastianyatra,Sebastian Yatra,Music,Art/Artists,29300000,Argentina,219300,305600,Music,Lifestyle,Music,1
selenagomez,Selena Gomez,Music,Lifestyle,308200000,United States,3300000,4400000,Music,Lifestyle,Music,1
sergioramos,Sergio Ramos,Sports with a ball,,49700000,Spain,606900,930300,Sports,,Sports,1
serna_amini,Serna Amini,,,7600000,Iran,1300000,1800000,,,,0
shahidkapoor,Shahid Kapoor,Cinema & Actors/actresses,,33500000,India,506700,574100,Entertainment,,Entertainment,1
shakira,Shakira,Music,,71900000,India,691100,947200,Music,,Music,1
shawnmendes,Shawn Mendes,Music,,67400000,Brazil,809300,1200000,Music,,Music,1
shaymitchell,Shay Mitchell,Beauty,Family,32600000,United States,304800,426300,Beauty/Fashion,Lifestyle,Beauty/Fashion,1
shehnaazgill,Shehnaaz Gill,Cinema & Actors/actresses,Music,11300000,India,396800,496300,Entertainment,Music,Entertainment,1
shikhardofficial,Shikhar Dhawan,Sports with a ball,,10800000,India,261000,298400,Sports,,Sports,1
shraddhakapoor,Shraddha ✶,Cinema & Actors/actresses,,70500000,India,1100000,1300000,Entertainment,,Entertainment,1
shreyaghoshal,shreyaghoshal,Music,,23700000,India,127700,142500,Music,,Music,1
shreyas41,Shreyas Iyer,Sports with a ball,Lifestyle,5900000,India,461700,575700,Sports,Lifestyle,Sports,1
shxxbi131,B.I,,,3700000,Indonesia,585100,687300,,,,0
sidhu_moosewala,Sidhu Moosewala (ਮੂਸੇ ਆਲਾ),,,6900000,India,366600,445100,,,,0
sidmalhotra,Sidharth Malhotra,Cinema & Actors/actresses,Modeling,18700000,India,602400,750000,Entertainment,Beauty/Fashion,Entertainment,1
simaria,Simaria Mendes,Music,,27600000,Brazil,223500,326200,Music,,Music,1
simoneses,Simone Mendes,Music,,33700000,Brazil,327800,412200,Music,,Music,1
sinavaliollah,Sina Valiollah,Shows,,6800000,Iran,376400,474700,Entertainment,,Entertainment,1
sincerooficial,Sincero Oficial,Humor & Fun & Happiness,,21100000,Brazil,109500,212600,Entertainment,,Entertainment,1
sivakarthikeyan,Sivakarthikeyan Doss,,,4500000,India,470600,554600,,,,0
skawngur,남주혁,Cinema & Actors/actresses,,17800000,Indonesia,1800000,2500000,Entertainment,,Entertainment,1
skuukzky,숮이  💄💅👡👠🎀👙🌂👗🌂🎀💋💌,Clothing & Outfits,Music,17500000,Indonesia,871400,1100000,Beauty/Fashion,Music,Beauty/Fashion,1
smriti_mandhana,Smriti Mandhana,Sports with a ball,,5900000,India,550900,637700,Sports,,Sports,1
snoopdogg,snoopdogg,Lifestyle,Music,71800000,United States,60900,85500,Lifestyle,Music,Lifestyle,1
sofiaalcastro,♡sofia castro,Shows,Cinema & Actors/actresses,8500000,Colombia,427400,582700,Entertainment,Entertainment,Entertainment,1
sofiavergara,Sofia Vergara,Cinema & Actors/actresses,,24800000,United States,109000,143000,Entertainment,,Entertainment,1
sommerray,Sommer Ray,Modeling,,26700000,United States,242300,381300,Beauty/Fashion,,Beauty/Fashion,1
somsomi0309,ENNIK,Music,,13900000,Indonesia,894600,1100000,Music,,Music,1
sonamkapoor,Sonam Kapoor Ahuja,Fashion,Modeling,31900000,India,145800,173500,Beauty/Fashion,Beauty/Fashion,Beauty/Fashion,1
songkang_b,송강,,,13600000,Mexico,2000000,2800000,,,,0
sonu_sood,Sonu Sood,Cinema & Actors/actresses,,14100000,India,321300,367600,Entertainment,,Entertainment,1
soohyun_k216,김수현 Kim Soo Hyun 金秀賢,,,13300000,Indonesia,1300000,1600000,,,,0
sooyaaa__,JISOO🤍,Music,Beauty,58600000,Indonesia,4700000,5400000,Music,Beauty/Fashion,Music,1
sooyoungchoi,Sooyoung Choi,Beauty,Lifestyle,6900000,Indonesia,348900,420700,Beauty/Fashion,Lifestyle,Beauty/Fashion,1
sophiedee,Sophie Dee,Adult content,,11600000,United States,186300,248000,,,,0
sophiet,S O P H I E T U R N E R,Cinema & Actors/actresses,,14900000,United States,515900,693700,Entertainment,,Entertainment,1
soueunavida,Sou Eu Na Vida,Humor & Fun & Happiness,,17500000,Brazil,204600,389500,Entertainment,,Entertainment,1
sound_of_coups,COUPS,,,3300000,Indonesia,751600,964100,,,,0
soydannyalfaro,Danny Alfaro,Beauty,,8000000,Mexico,329400,377400,Beauty/Fashion,,Beauty/Fashion,1
soyneiva,Neiva Mara,Adult content,,11400000,Brazil,212900,285900,,,,0
spacex,SpaceX,Science,Machinery & Technologies,13300000,United States,201000,244900,Info/Business,Tech/Gaming,Info/Business,1
sportscenter,SportsCenter,Sports with a ball,Shows,30000000,United States,125800,224200,Sports,Entertainment,Sports,1
ssinz7,박신혜/Shin Hye Park,Music,Cinema & Actors/actresses,13500000,Indonesia,1300000,1600000,Music,Entertainment,Music,1
staceysolomon,Stacey Solomon,Family,,5100000,United Kingdom,409700,493600,Lifestyle,,Lifestyle,1
starwars,Star Wars,Cinema & Actors/actresses,,14900000,United States,182000,231400,Entertainment,,Entertainment,1
staskaranikolaou,Anastasia Karanikolaou,Lifestyle,,10800000,United States,179400,264100,Lifestyle,,Lifestyle,1
stephencurry30,Wardell Curry,Sports with a ball,Family,41100000,United States,565700,757600,Sports,Lifestyle,Sports,1
sthefanematos,STHE ⚓️,Lifestyle,,9700000,Brazil,256800,590200,Lifestyle,,Lifestyle,1
strangerthingstv,Stranger Things Netflix,Cinema & Actors/actresses,Shows,15600000,Brazil,433200,579500,Entertainment,Entertainment,Entertainment,1
subo_m,Subhan Mamedov,Shows,,9000000,Russia,294200,360400,Entertainment,,Entertainment,1
suga_bighitentertainment,SUGA (민윤기) Updates,Lifestyle,,7900000,Indonesia,1200000,1400000,Lifestyle,,Lifestyle,1
sunnyleone,Sunny Leone,Beauty,Cinema & Actors/actresses,51500000,India,312800,421700,Beauty/Fashion,Entertainment,Beauty/Fashion,1
superstar_dewasi99,SUPERSTARDEWASI 99,,,8700000,India,294700,466500,,,,0
sureshraina3,Suresh Raina,Modeling,,19100000,India,328700,371300,Beauty/Fashion,,Beauty/Fashion,1
sydney_sweeney,Sydney Sweeney,Lifestyle,Cinema & Actors/actresses,11800000,United States,1800000,3400000,Lifestyle,Entertainment,Lifestyle,1
syifahadjureal,Syifa Hadju,Modeling,,14900000,Indonesia,295700,365000,Beauty/Fashion,,Beauty/Fashion,1
sza,SZA,Music,,11600000,United States,748600,1300000,Music,,Music,1
t22felton,Tom Felton,Music,Cinema & Actors/actresses,11900000,United States,223400,289400,Music,Entertainment,Music,1
taehyung.bighitentertainment,TAEHYUNG (김태형) Updates,Management & Marketing,Music,10300000,Indonesia,2000000,2100000,Info/Business,Music,Info/Business,1
taeoxo_nct,TAEYONG 태용,,,8800000,Indonesia,1300000,1800000,,,,0
taeyeon_ss,TaeYeon,Music,,18300000,South Korea,762000,925800,Music,,Music,1
taina,Tainá Costa,Music,,15600000,Brazil,478300,998900,Music,,Music,1
tamannaahspeaks,Tamannaah Bhatia,Music,Cinema & Actors/actresses,15900000,India,344400,401900,Music,Entertainment,Music,1
tamerhosny,Tamer Hosny,Music,Cinema & Actors/actresses,22000000,Egypt,110500,134100,Music,Entertainment,Music,1
tatawerneck,Tata Werneck,Cinema & Actors/actresses,Family,52100000,Brazil,80800,123500,Entertainment,Lifestyle,Entertainment,1
taylor_hill,Taylor Hill,Art/Artists,Fashion,18900000,United States,115500,172900,Lifestyle,Beauty/Fashion,Lifestyle,1
taylorswift,Taylor Swift,Music,,204700000,Brazil,2300000,3100000,Music,,Music,1
tchalamet,Timothée Chalamet,Cinema & Actors/actresses,,17500000,United States,2300000,3800000,Entertainment,,Entertainment,1
teddysphotos,Ed Sheeran,Music,,37700000,United States,161000,219800,Music,,Music,1
tejasswiprakash,Tejasswi Prakash,Beauty,,5500000,India,424700,513400,Beauty/Fashion,,Beauty/Fashion,1
tenlee_1001,TEN_+•10,Music,,9400000,Indonesia,1100000,1400000,Music,,Music,1
teyanataylor,Jimmy Neutch- Shumpert,Music,,14600000,United States,153900,261200,Music,,Music,1
thariqhalilintar,thoriq halilintar,Shows,,6500000,Indonesia,476900,590200,Entertainment,,Entertainment,1
thebursin,Kerem Bürsin,Cinema & Actors/actresses,,10300000,Russia,891200,1200000,Entertainment,,Entertainment,1
thedeverakonda,Vijay Deverakonda,Cinema & Actors/actresses,,14800000,India,984900,1200000,Entertainment,,Entertainment,1
theellenshow,Ellen DeGeneres,Shows,Cinema & Actors/actresses,116800000,United States,29200,33300,Entertainment,Entertainment,Entertainment,1
theestallion,Megan Thee Stallion,Music,,28200000,United States,504000,879900,Music,,Music,1
thefatjewish,thefatjewish,Humor & Fun & Happiness,,10100000,United States,186900,244400,Entertainment,,Entertainment,1
thegirljt,JT🦋,Music,,5100000,United States,234400,641800,Music,,Music,1
thehughjackman,,Cinema & Actors/actresses,,30300000,United States,107100,122400,Entertainment,,Entertainment,1
thenameisyash,Yash,Cinema & Actors/actresses,,5900000,India,813100,964900,Entertainment,,Entertainment,1
thenewclassic,Iggy Azalea,Music,,15800000,United States,233600,378200,Music,,Music,1
thenotoriousmma,Conor McGregor Official,Fitness & Gym,,45000000,United States,435400,631500,Sports,,Sports,1
therealcalebmclaughlin,Caleb McLaughlin,Cinema & Actors/actresses,Lifestyle,11100000,Brazil,278700,398600,Entertainment,Lifestyle,Entertainment,1
therealjosephmorgan,Joseph Morgan,Cinema & Actors/actresses,Lifestyle,7800000,Brazil,411300,514100,Entertainment,Lifestyle,Entertainment,1
therock,therock,Cinema & Actors/actresses,Fitness & Gym,307000000,India,303400,396000,Entertainment,Sports,Entertainment,1
theshilpashetty,Shilpa Shetty Kundra,Cinema & Actors/actresses,,24800000,India,107100,124000,Entertainment,,Entertainment,1
theweeknd,The Weeknd,Music,,37500000,United States,725800,983900,Music,,Music,1
thiagosilva,Thiago Silva,Sports with a ball,,18900000,Brazil,122800,207200,Sports,,Sports,1
thv,V,,,38100000,,12200000,12200000,,,,0
tiagopzk,GOTTI A,Music,,4300000,Argentina,333400,761600,Music,,Music,1
tiffanyyoungofficial,tiffany young,Modeling,Fashion,11600000,Indonesia,240500,301200,Beauty/Fashion,Beauty/Fashion,Beauty/Fashion,1
tigerjackieshroff,Tiger Shroff,Cinema & Actors/actresses,,33800000,India,331600,405000,Entertainment,,Entertainment,1
timatiofficial,13,Music,Fitness & Gym,18000000,Russia,151200,202400,Music,Sports,Music,1
tinistoessel,tini,Music,,17400000,Argentina,631400,844700,Music,,Music,1
todayis_wendy,Wendy,,,6300000,Indonesia,1100000,1300000,,,,0
tombrady,Tom Brady,Sports with a ball,,11800000,United States,458600,847900,Sports,,Sports,1
tomcruise,Tom Cruise,Cinema & Actors/actresses,,6200000,India,465000,645700,Entertainment,,Entertainment,1
tommyinnit,TommyInnit,Lifestyle,,3600000,France,724800,817400,Lifestyle,,Lifestyle,1
toni.kr8s,Toni Kroos,Sports with a ball,,31900000,Germany,178800,244100,Sports,,Sports,1
travisscott,flame,Music,,44800000,United States,1400000,2100000,Music,,Music,1
trentarnold66,Trent Alexander-Arnold,Lifestyle,Sports with a ball,6600000,United Kingdom,298900,438300,Lifestyle,Sports,Lifestyle,1
trippieredd,555,Music,,12800000,United States,530700,1000000,Music,,Music,1
troyesivan,troye sivan,Art/Artists,Fashion,12600000,United States,157200,225600,Lifestyle,Beauty/Fashion,Lifestyle,1
trueno,TR1 ⛈,Music,,6700000,Argentina,479200,745700,Music,,Music,1
twicetagram,TWICE,Music,Modeling,24600000,Indonesia,1300000,1600000,Music,Beauty/Fashion,Music,1
txt_bighit,TOMORROW X TOGETHER OFFICIAL,,,11700000,Indonesia,637800,804900,,,,0
tyga,T-Raww,Music,,32400000,United States,689200,1000000,Music,,Music,1
tylerrjoseph,tyler jøseph,Music,Art/Artists,5500000,United States,628200,941300,Music,Lifestyle,Music,1
uarmyhope,jhope,,,32200000,South Korea,8000000,8000000,,,,0
urassayas,Urassaya Sperbund,Cinema & Actors/actresses,Modeling,11400000,Thailand,181600,220800,Entertainment,Beauty/Fashion,Entertainment,1
urstrulymahesh,Mahesh Babu,Cinema & Actors/actresses,,8100000,India,527500,580400,Entertainment,,Entertainment,1
ursulolita,Úrsula Corberó ✨,Cinema & Actors/actresses,Modeling,24600000,Brazil,2000000,2900000,Entertainment,Beauty/Fashion,Entertainment,1
urvashirautela,URVASHI RAUTELA 🇮🇳,Cinema & Actors/actresses,,46400000,India,193400,229900,Entertainment,,Entertainment,1
valentinazenere,Valentina Zenere,Modeling,Lifestyle,8500000,Brazil,259000,315400,Beauty/Fashion,Lifestyle,Beauty/Fashion,1
valeyellow46,Valentino Rossi,Racing Sports,,13300000,Indonesia,310500,405300,Sports,,Sports,1
vancityreynolds,Ryan Reynolds,Cinema & Actors/actresses,,42400000,United States,325200,422400,Entertainment,,Entertainment,1
vanessahudgens,🔮Vanessa Hudgens🔮,Cinema & Actors/actresses,,44800000,United States,161100,262300,Entertainment,,Entertainment,1
vanessalopesr_,Vanessa Lopes,Lifestyle,,10600000,Brazil,171900,559700,Lifestyle,,Lifestyle,1
vanessamorgan,Vanessa Morgan,Music,Cinema & Actors/actresses,9400000,United States,422300,600500,Music,Entertainment,Music,1
varundvn,VarunDhawan,Cinema & Actors/actresses,,40900000,India,403400,492300,Entertainment,,Entertainment,1
veradijkmans,DUTCH🇳🇱,Adult content,,5100000,United States,390300,548600,,,,0
vickykaushal09,Vicky Kaushal,Cinema & Actors/actresses,,13200000,India,1300000,1500000,Entertainment,,Entertainment,1
victoriajustice,Victoria Justice,Music,Cinema & Actors/actresses,21800000,United States,226200,309800,Music,Entertainment,Music,1
viihtube,Viih Tube,Cinema & Actors/actresses,,22900000,Brazil,148000,279900,Entertainment,,Entertainment,1
vindiesel,Vin Diesel,Cinema & Actors/actresses,,79000000,Brazil,440500,568500,Entertainment,,Entertainment,1
vinijr,Vinicius Jr. ⚡️🇧🇷,Sports with a ball,,15800000,Brazil,909400,1500000,Sports,,Sports,1
vinniehacker,†,Lifestyle,,5600000,United States,687000,1400000,Lifestyle,,Lifestyle,1
violets.tv,Violet Summers,Adult content,,13500000,Italy,221300,303500,,,,0
virat.kohli,Virat Kohli,Sports with a ball,,188100000,India,3100000,3400000,Sports,,Sports,1
virgilvandijk,Virgil van Dijk,Sports with a ball,,11500000,United Kingdom,235400,333600,Sports,,Sports,1
virginia,Virginia Fonseca Costa,Shows,Lifestyle,35800000,Brazil,1400000,2100000,Entertainment,Lifestyle,Entertainment,1
vivi,Vivi Wanderley,Beauty,Lifestyle,13100000,Brazil,200000,328400,Beauty/Fashion,Lifestyle,Beauty/Fashion,1
vousmevoyez,KRYSTAL,Music,Cinema & Actors/actresses,10100000,Indonesia,366600,475800,Music,Entertainment,Music,1
warriors,Golden State Warriors,Lifestyle,Sports with a ball,22200000,United States,81700,112800,Lifestyle,Sports,Lifestyle,1
watanabenaomi703,渡辺直美　Naomi watanabe,Cinema & Actors/actresses,Humor & Fun & Happiness,9700000,Japan,339000,361000,Entertainment,Entertainment,Entertainment,1
waynerooney,Wayne Rooney,Sports with a ball,Lifestyle,15500000,United Kingdom,139800,201400,Sports,Lifestyle,Sports,1
wdohwan,우도환,Cinema & Actors/actresses,,4400000,Indonesia,504800,669000,Entertainment,,Entertainment,1
whinderssonnunes,Whindersson Nunes,Humor & Fun & Happiness,,57900000,Brazil,988300,1500000,Entertainment,,Entertainment,1
wi__wi__wi,위하준 Wi Ha Jun,,,10200000,South Korea,1100000,1400000,,,,0
wilbursoot,Wilbur Soot,Music,,3200000,United States,687500,883100,Music,,Music,1
willevy,William  Levy / Actor Producer,Shows,Cinema & Actors/actresses,10200000,Brazil,382900,514400,Entertainment,Entertainment,Entertainment,1
willsmith,Will Smith,Cinema & Actors/actresses,Music,62400000,United States,1900000,2400000,Entertainment,Music,Entertainment,1
willyrex,Willyrex,Shows,,8600000,Spain,324100,385100,Entertainment,,Entertainment,1
winmetawin,Win Metawin O.,Lifestyle,,11700000,Philippines,1300000,1500000,Lifestyle,,Lifestyle,1
wizkidayo,BIG WIZ🦅,Music,,14200000,Nigeria,243300,473400,Music,,Music,1
wolfiecindy,Cindy Kimberly,Modeling,Lifestyle,6900000,United States,226500,376700,Beauty/Fashion,Lifestyle,Beauty/Fashion,1
wos.ds3,Valentín Oliva,Music,,6300000,Argentina,371200,567400,Music,,Music,1
wwiinn_7,WINWIN,,,7000000,Indonesia,1300000,1500000,,,,0
xavi,Xavi Hernández,Sports with a ball,,8100000,Spain,419400,629100,Sports,,Sports,1
xeesoxee,한소희,Lifestyle,,8900000,Indonesia,1300000,1700000,Lifestyle,,Lifestyle,1
xsqueezie,,Music,Lifestyle,7600000,France,519400,607300,Music,Lifestyle,Music,1
xuminghao_o,The8 디에잇,Music,,4300000,Indonesia,615900,776200,Music,,Music,1
xxxibgdrgn,권지용(權志龍),Photography,Fashion,20600000,Indonesia,785300,999100,Lifestyle,Beauty/Fashion,Lifestyle,1
xxxtentacion,MAKE OUT HILL,Music,,20200000,United States,11800000,20800000,Music,,Music,1
yailinlamasviralreal,Yailin la Mas Viral ♋️🧿,,,4300000,,0,859600,,,,0
yangyang_x2,YangYang 양양,,,6100000,Indonesia,863400,1100000,,,,0
yaocabrera,Yao Cabrera,,,12200000,Argentina,256000,556100,,,,0
yasminabdelaziz_,Yasmin Abdelaziz,Cinema & Actors/actresses,,15400000,Egypt,185700,219900,Entertainment,,Entertainment,1
yasmine_sabri,Yasmine Sabri,Cinema & Actors/actresses,Lifestyle,18400000,Egypt,158400,222800,Entertainment,Lifestyle,Entertainment,1
yastunes,YAS,Music,,8000000,Iran,644000,894000,Music,,Music,1
yawnzzn,YEONJUN,,,7400000,,0,4300000,,,,0
yefersoncossio,Yef,Lifestyle,,8800000,Colombia,257000,376600,Lifestyle,,Lifestyle,1
yejinhand,손예진,Cinema & Actors/actresses,,6000000,Indonesia,537100,699000,Entertainment,,Entertainment,1
yellow_3to3,REN JUN,,,5200000,Indonesia,1600000,2000000,,,,0
yerimiese,Yeri,Lifestyle,,10100000,Indonesia,620300,768100,Lifestyle,,Lifestyle,1
yihyun_1208,조이현 cho yihyun,,,5400000,South Korea,1300000,1600000,,,,0
ykaaar,Damiano David/Måneskin,,,5100000,Italy,968100,1300000,,,,0
yoona__lim,,Cinema & Actors/actresses,,13200000,Indonesia,571600,683200,Entertainment,,Entertainment,1
yooncy1,윤찬영 Yoon chanyoung,,,4900000,South Korea,1100000,1300000,,,,0
youngdae0302,김영대,Music,,3800000,Indonesia,561400,741400,Music,,Music,1
yugyeom,KYUM,Music,Art/Artists,10800000,Thailand,634200,821700,Music,Lifestyle,Music,1
yungmiami305,Caresha ..💗💋,Lifestyle,,5300000,United States,184600,547800,Lifestyle,,Lifestyle,1
yuu_taa_1026,YUTA 悠太,,,7900000,Indonesia,1000000,1300000,,,,0
yuyacst,𝓨𝒖𝒚𝒂,Modeling,,17100000,Mexico,389800,598200,Beauty/Fashion,,Beauty/Fashion,1
yuzi_chahal23,Yuzvendra Chahal,Lifestyle,Sports with a ball,7500000,India,311500,379500,Lifestyle,Sports,Lifestyle,1
zacefron,Zac Efron,Cinema & Actors/actresses,,52100000,United States,598700,869300,Entertainment,,Entertainment,1
zachking,Zach King,Shows,Humor & Fun & Happiness,24500000,Indonesia,413900,637700,Entertainment,Entertainment,Entertainment,1
zayn,Zayn Malik,Music,,44900000,India,3700000,5800000,Music,,Music,1
zefelipecantor,Zé,Music,,23100000,Brazil,278100,487800,Music,,Music,1
zelenskiy_official,Володимир Зеленський,Cinema & Actors/actresses,Business & Careers,16400000,Ukraine,174000,208100,Entertainment,Info/Business,Entertainment,1
zendaya,Zendaya,Cinema & Actors/actresses,Fashion,136100000,United States,6400000,8600000,Entertainment,Beauty/Fashion,Entertainment,1
zidane,zidane,Sports with a ball,,31200000,Spain,546000,744100,Sports,,Sports,1
zkdlin,KAI,Music,,13900000,Indonesia,1300000,1600000,Music,,Music,1
zoeisabellakravitz,Zoë Kravitz,Cinema & Actors/actresses,,8200000,United States,583000,885500,Entertainment,,Entertainment,1
zoesugg,Zoë Sugg,Lifestyle,Business & Careers,9400000,United Kingdom,208700,289300,Lifestyle,Info/Business,Lifestyle,1
